Accident_Index,Vehicle_Reference,Vehicle_Type,Towing_and_Articulation,Vehicle_Manoeuvre,Vehicle_Location-Restricted_Lane,Junction_Location,Skidding_and_Overturning,Hit_Object_in_Carriageway,Vehicle_Leaving_Carriageway,Hit_Object_off_Carriageway,1st_Point_of_Impact,Was_Vehicle_Left_Hand_Drive?,Journey_Purpose_of_Driver,Sex_of_Driver,Age_of_Driver,Age_Band_of_Driver,Engine_Capacity_(CC),Propulsion_Code,Age_of_Vehicle,Driver_IMD_Decile,Driver_Home_Area_Type,Vehicle_IMD_Decile
2015471503558,2,1,0,9,0,8,0,10,1,0,0,1,6,1,27,6,-1,-1,-1,-1,1,-1
2015471503559,1,9,0,18,0,4,0,0,0,0,1,1,6,1,89,11,1985,1,17,-1,1,-1
2015471503559,2,9,0,4,0,4,0,0,0,0,2,1,6,1,31,6,1397,1,12,-1,1,-1
2015471503559,3,9,0,4,0,4,0,0,0,0,2,1,6,1,33,6,-1,-1,-1,-1,1,-1
2015471503565,1,9,0,9,0,6,0,0,0,0,1,1,6,1,46,8,1998,1,9,-1,1,-1
2015471503565,2,1,0,18,0,8,0,0,0,0,1,1,6,1,35,6,-1,-1,-1,-1,1,-1
2015471503566,1,9,0,17,0,1,0,0,0,0,1,1,6,1,45,7,1596,1,3,-1,2,-1
2015471503566,2,8,0,17,0,1,0,0,0,0,2,1,6,2,37,7,1598,1,13,-1,1,-1
2015471503566,3,9,0,7,0,5,0,0,0,0,0,1,6,3,40,7,-1,-1,-1,-1,-1,-1
2015471503567,1,9,0,9,0,5,0,0,0,0,1,1,6,1,87,11,1490,1,10,-1,1,-1
2015471503570,1,9,0,5,0,6,0,0,0,0,1,1,6,2,36,7,-1,-1,-1,-1,3,-1
2015471503570,2,1,0,18,9,1,0,0,0,0,1,1,6,2,28,6,-1,-1,-1,-1,2,-1
2015471503571,1,3,0,10,0,1,0,10,1,0,1,1,6,1,16,4,-1,-1,-1,-1,1,-1
2015471503571,2,3,0,9,9,1,0,10,1,0,1,1,6,1,20,4,125,1,2,-1,1,-1
2015471503571,3,3,0,4,9,1,0,10,1,0,1,1,6,3,-1,-1,-1,-1,-1,-1,-1,-1
2015471503572,1,9,0,10,0,1,0,0,0,0,3,1,6,2,72,10,1108,1,13,-1,2,-1
2015471503572,2,9,0,13,0,1,0,0,0,0,1,1,6,2,43,7,1595,1,7,-1,2,-1
2015471503573,1,9,0,9,0,1,0,0,0,0,4,1,6,2,68,10,1991,2,7,-1,1,-1
2015471503573,2,1,0,18,0,1,0,0,0,0,1,1,6,1,54,8,-1,-1,-1,-1,1,-1
2015471503574,1,8,0,9,0,5,0,0,0,0,3,1,1,2,61,9,1560,2,3,-1,1,-1
2015471503574,2,9,0,8,0,6,0,0,0,0,3,1,6,1,31,6,1596,1,-1,-1,1,-1
2015471503575,1,9,0,18,0,0,1,0,2,7,1,1,6,1,55,8,1124,1,10,-1,1,-1
2015471503575,2,9,0,18,0,0,0,0,0,0,1,1,6,1,50,8,1798,1,10,-1,1,-1
2015471503575,3,9,0,18,0,0,0,0,0,0,2,1,6,2,43,7,1997,1,11,-1,1,-1
2015471503576,1,9,0,18,0,0,0,0,1,0,1,1,6,1,33,6,1600,1,16,-1,1,-1
2015471503576,2,9,0,18,0,0,0,0,2,4,1,1,6,2,70,10,1598,1,7,-1,2,-1
2015471503576,3,9,0,18,0,0,0,0,0,0,1,1,6,1,63,9,998,1,7,-1,3,-1
2015471503577,1,1,0,18,0,0,0,0,0,0,1,1,6,1,34,6,-1,-1,-1,-1,3,-1
2015471503578,1,9,0,7,0,3,0,0,4,2,1,1,6,1,23,5,1242,1,13,-1,1,-1
2015471503580,1,9,0,2,0,0,0,0,0,0,3,1,6,1,44,7,2435,1,14,-1,1,-1
2015471503580,2,1,0,18,0,0,0,8,0,0,1,1,6,2,34,6,-1,-1,-1,-1,1,-1
2015471503582,1,9,0,14,0,0,0,0,0,0,1,1,6,2,50,8,1199,1,-1,-1,1,-1
2015471503582,2,11,0,2,0,0,0,0,0,0,0,1,1,1,35,6,4500,2,3,-1,1,-1
2015471503585,1,19,0,4,0,0,0,0,0,0,1,1,1,1,30,6,1560,2,1,-1,1,-1
2015471503585,2,9,0,3,0,0,0,0,0,0,2,1,6,1,45,7,2993,2,-1,-1,2,-1
2015471503585,3,9,0,3,0,0,0,0,0,0,2,1,6,1,27,6,1686,2,6,-1,1,-1
2015471503585,4,9,0,3,0,0,0,0,0,0,2,1,6,1,38,7,1798,1,11,-1,1,-1
2015471503586,1,9,0,5,0,3,0,0,0,0,3,1,6,2,35,6,1560,2,1,-1,2,-1
2015471503586,2,1,0,7,0,3,0,0,0,0,4,1,6,1,43,7,-1,-1,-1,-1,2,-1
2015471503589,1,9,0,4,0,1,0,0,0,0,1,1,6,3,-1,-1,1364,1,1,-1,1,-1
2015471503589,2,9,0,3,0,1,0,0,0,0,2,1,6,2,39,7,1598,1,7,-1,1,-1
2015471503592,1,9,0,7,0,6,0,0,0,0,3,1,6,2,26,6,1360,1,4,-1,1,-1
2015471503592,2,9,4,18,0,1,1,0,0,0,1,1,1,1,20,4,1328,1,13,-1,1,-1
2015471503594,1,9,0,2,0,2,0,0,0,0,3,1,1,1,35,6,-1,-1,-1,-1,1,-1
2015471503594,2,1,0,18,0,2,0,4,0,0,1,1,6,1,41,7,-1,-1,-1,-1,1,-1
2015471503596,1,1,0,18,0,1,0,0,0,0,0,1,6,1,65,9,-1,-1,-1,-1,1,-1
2015471503597,1,9,0,18,0,8,0,0,0,0,1,1,6,3,-1,-1,1398,1,9,-1,-1,-1
2015471503597,2,9,0,2,0,8,0,0,0,0,3,1,3,2,30,6,1595,2,6,-1,1,-1
2015471503598,1,20,0,18,9,0,0,0,7,0,3,1,1,3,-1,-1,-1,-1,-1,-1,-1,-1
2015471503599,1,9,0,9,0,6,0,0,0,0,3,1,6,1,72,10,1796,1,8,-1,1,-1
2015471503599,2,9,0,18,0,8,0,0,0,0,1,1,6,1,39,7,1560,2,6,-1,1,-1
2015471503600,1,9,0,18,0,4,0,0,0,0,3,1,1,1,48,8,1200,1,2,-1,1,-1
2015471503600,2,1,0,18,0,4,0,0,0,0,1,1,6,1,33,6,-1,-1,-1,-1,1,-1
2015471503604,1,9,0,18,9,2,0,0,0,11,1,1,6,1,57,9,1998,1,18,-1,3,-1
2015471503605,1,9,0,14,0,1,0,0,0,0,4,1,1,2,44,7,1399,2,5,-1,1,-1
2015471503605,2,11,0,3,0,1,0,0,0,0,0,1,3,1,55,8,-1,-1,-1,-1,1,-1
2015471503606,1,5,0,13,0,0,0,0,1,0,3,1,6,1,35,6,1170,1,4,-1,1,-1
2015471503606,2,9,0,18,0,0,0,0,0,0,3,1,6,2,69,10,1560,2,9,-1,3,-1
2015471503608,1,9,0,7,0,1,0,0,0,0,1,1,6,1,50,8,1951,2,13,-1,1,-1
2015471503608,2,9,0,7,0,1,0,0,0,0,2,1,6,2,64,9,1390,1,4,-1,1,-1
2015471503608,3,9,0,18,0,1,0,0,0,0,0,1,1,1,48,8,1997,2,-1,-1,1,-1
2015471503609,1,9,0,18,0,1,0,0,0,0,1,1,6,2,79,11,1332,1,17,-1,3,-1
2015471503609,2,9,0,10,0,1,0,0,0,0,2,1,1,1,51,8,-1,-1,-1,-1,3,-1
2015471503611,1,9,0,18,0,7,0,0,0,0,1,1,6,1,40,7,1984,1,-1,-1,1,-1
2015471503611,2,9,0,18,0,1,0,0,0,0,2,1,1,2,25,5,1248,2,11,-1,2,-1
2015471503612,1,9,0,13,0,8,0,0,0,0,4,1,6,2,71,10,998,1,2,-1,1,-1
2015471503612,2,1,0,18,0,8,0,0,0,0,3,1,6,1,57,9,-1,-1,-1,-1,1,-1
2015471503613,1,19,0,4,0,1,0,0,0,0,1,1,6,1,25,5,1686,2,8,-1,1,-1
2015471503613,2,9,0,3,0,1,0,0,0,0,2,1,6,2,42,7,1588,1,11,-1,1,-1
2015471503614,1,11,0,5,0,0,0,0,0,0,0,1,1,1,46,8,3900,2,9,-1,1,-1
2015471503615,1,19,0,3,0,1,0,0,0,0,4,1,6,1,41,7,2460,2,10,-1,3,-1
2015471503615,2,1,0,18,0,1,0,0,0,0,1,1,6,1,38,7,-1,-1,-1,-1,1,-1
2015471503617,1,1,0,16,0,8,0,0,0,0,1,1,6,1,48,8,-1,-1,-1,-1,1,-1
2015471503617,2,9,0,17,0,8,0,0,0,0,1,1,6,2,44,7,1596,1,9,-1,1,-1
2015471503618,1,5,0,13,0,1,0,0,0,0,1,1,6,1,47,8,750,1,9,-1,1,-1
2015471503618,2,9,0,9,0,1,0,0,0,0,4,1,6,2,30,6,1870,2,8,-1,1,-1
2015471503618,3,9,0,17,0,1,0,0,0,0,0,1,1,3,-1,-1,-1,-1,-1,-1,-1,-1
2015471503621,1,9,0,18,0,1,1,0,1,1,1,1,6,1,23,5,-1,-1,-1,-1,1,-1
2015471503621,2,9,0,3,0,1,0,0,0,0,0,1,6,2,24,5,2993,2,5,-1,3,-1
2015471503622,1,9,0,18,0,1,0,0,0,0,1,1,6,2,29,6,1390,1,10,-1,1,-1
2015471503623,1,9,0,18,0,2,0,0,0,0,4,1,6,1,68,10,2720,2,8,-1,2,-1
2015471503623,2,9,0,2,0,2,0,0,0,0,3,1,6,3,-1,-1,1197,1,5,-1,-1,-1
2015471503626,1,1,0,18,4,0,0,0,0,4,1,1,6,1,35,6,-1,-1,-1,-1,1,-1
2015471503627,1,9,0,18,0,8,0,0,0,0,1,1,6,3,-1,-1,1991,2,7,-1,-1,-1
2015471503628,1,9,0,7,0,1,0,0,0,0,2,1,6,3,-1,-1,-1,-1,-1,-1,-1,-1
2015471503628,2,4,0,18,0,1,0,0,0,0,1,1,6,1,60,9,1850,1,5,-1,3,-1
2015471503630,1,9,0,13,0,1,0,0,0,0,1,1,6,1,19,4,1398,1,1,-1,1,-1
2015471503630,2,9,0,9,0,8,0,0,0,0,3,2,6,1,28,6,1796,1,15,-1,1,-1
2015471503631,1,5,0,13,0,1,0,0,0,0,1,1,6,1,61,9,885,1,14,-1,1,-1
2015471503631,2,9,0,9,7,1,0,0,0,0,3,1,6,1,53,8,1596,1,12,-1,1,-1
2015471503632,1,9,0,9,0,0,0,0,0,0,0,1,6,1,35,6,1391,1,19,-1,1,-1
2015471503633,1,8,0,18,0,4,0,0,0,0,1,1,1,1,63,9,1598,1,4,-1,1,-1
2015471503633,2,3,0,18,0,8,0,0,0,0,1,1,6,2,62,9,108,1,3,-1,1,-1
2015471503634,1,9,0,17,0,0,5,0,7,0,4,1,6,2,42,7,1896,2,14,-1,2,-1
2015471503634,2,9,0,2,0,0,0,0,0,0,4,1,6,3,-1,-1,1896,2,12,-1,-1,-1
2015471503635,1,9,0,4,0,0,0,0,0,0,1,1,6,2,39,7,1997,2,2,-1,1,-1
2015471503635,2,9,0,4,0,0,0,0,0,0,2,1,6,1,64,9,2179,2,1,-1,1,-1
2015471503635,3,9,0,4,0,0,0,0,0,0,0,1,6,1,50,8,1796,1,15,-1,1,-1
2015471503637,1,1,0,16,0,1,0,10,0,0,1,1,6,1,40,7,-1,-1,-1,-1,-1,-1
2015471503641,1,9,0,18,0,0,0,0,0,0,1,1,6,1,44,7,898,1,1,-1,1,-1
2015471503641,2,9,0,18,0,0,0,0,0,0,1,1,6,1,21,5,999,1,21,-1,3,-1
2015471503646,1,9,0,18,0,1,0,0,0,0,4,1,6,3,40,7,1388,1,7,-1,1,-1
2015471503647,1,9,0,5,0,4,0,0,0,0,1,1,6,1,73,10,1995,2,2,-1,1,-1
2015471503647,2,1,0,18,0,8,0,0,0,0,1,1,2,1,40,7,-1,-1,-1,-1,1,-1
2015471503648,1,9,0,17,0,0,2,0,1,0,1,1,6,2,65,9,1968,2,2,-1,2,-1
2015471503650,1,9,0,9,0,8,0,0,0,0,1,1,1,2,45,7,1896,2,8,-1,3,-1
2015471503650,2,3,0,18,0,8,0,0,0,0,1,1,1,1,17,4,124,1,-1,-1,3,-1
2015471503652,1,9,0,18,0,8,0,0,0,0,1,1,2,1,30,6,1798,8,-1,-1,1,-1
2015471503653,1,9,0,4,0,1,0,0,1,0,1,1,1,1,19,4,1598,1,13,-1,3,-1
2015471503653,2,19,0,4,0,1,0,0,0,0,2,1,1,1,56,9,2402,2,6,-1,3,-1
2015471503654,1,19,0,18,0,0,0,0,0,0,1,1,1,1,37,7,2463,2,9,-1,2,-1
2015471503654,2,9,0,3,0,0,0,0,0,0,2,1,6,2,56,9,1794,1,12,-1,3,-1
2015471503654,3,9,0,3,0,0,0,0,0,0,2,1,6,2,47,8,1997,1,-1,-1,1,-1
2015471503654,4,9,0,9,0,0,0,0,0,0,0,1,6,3,30,6,-1,-1,-1,-1,-1,-1
2015471503657,1,9,0,4,0,1,0,0,0,0,4,1,6,1,65,9,-1,-1,-1,-1,1,-1
2015471503658,1,19,0,18,0,1,0,0,0,0,1,1,1,1,39,7,2143,2,6,-1,1,-1
2015471503658,2,9,0,18,0,5,5,0,1,0,2,1,6,1,44,7,998,1,1,-1,1,-1
2015471503660,1,9,0,17,0,0,0,0,0,0,0,1,6,3,-1,-1,-1,-1,-1,-1,-1,-1
2015471503665,1,5,0,13,0,3,0,0,0,0,4,1,6,1,51,8,649,1,6,-1,1,-1
2015471503665,2,9,0,11,0,5,0,0,0,0,2,1,6,1,30,6,1329,1,2,-1,3,-1
2015471503666,1,9,0,9,0,8,0,0,0,0,4,1,6,2,41,7,1498,1,7,-1,1,-1
2015471503666,2,9,0,18,0,8,0,0,0,0,1,1,6,1,66,10,1997,1,2,-1,3,-1
2015471503668,1,9,0,17,0,0,0,0,2,4,1,1,6,1,33,6,2993,2,2,-1,1,-1
2015471503669,1,9,0,18,0,0,0,0,4,6,1,1,6,1,52,8,1870,2,9,-1,1,-1
2015471503669,2,21,0,18,0,0,0,0,0,0,2,1,1,1,49,8,12777,2,4,-1,3,-1
2015471503671,1,11,0,18,0,3,1,0,0,0,1,1,1,1,53,8,6700,2,5,-1,1,-1
2015471503672,1,8,0,9,0,8,0,0,0,0,1,1,6,1,42,7,1685,2,2,-1,1,-1
2015471503672,2,9,0,18,0,8,0,0,0,0,1,2,6,1,45,7,-1,-1,-1,-1,1,-1
2015471503674,1,9,0,18,0,0,0,0,0,0,1,1,6,1,82,11,-1,-1,-1,-1,1,-1
2015471503674,2,9,0,3,0,0,0,0,0,0,1,1,6,2,55,8,1998,1,18,-1,1,-1
2015471503675,1,9,0,18,0,0,0,0,0,0,2,1,6,2,73,10,698,1,10,-1,1,-1
2015471503675,2,9,0,18,0,0,0,0,0,0,1,1,1,2,39,7,1984,1,11,-1,1,-1
2015471503676,1,20,0,18,0,8,0,0,0,0,3,1,1,1,59,9,4462,2,2,-1,1,-1
2015471503676,2,1,0,18,4,8,1,0,0,0,1,1,6,1,19,4,-1,-1,-1,-1,1,-1
2015471503678,1,11,0,2,2,1,0,0,0,0,0,1,6,1,35,6,9360,2,3,-1,1,-1
2015471503679,1,9,0,18,0,1,0,0,0,0,1,1,1,1,28,6,2191,2,1,-1,1,-1
2015471503679,2,8,0,18,0,1,0,0,0,0,2,1,1,1,32,6,1598,2,1,-1,1,-1
2015471503681,1,9,0,18,0,1,0,0,0,0,1,1,1,2,35,6,-1,-1,-1,-1,1,-1
2015471503681,2,9,0,18,0,1,0,0,0,0,0,1,1,1,48,8,2198,2,1,-1,3,-1
2015471503684,1,9,0,18,0,2,0,0,0,0,1,1,6,1,25,5,1398,1,4,-1,1,-1
2015471503684,2,9,0,9,0,5,0,0,0,0,1,1,6,2,35,6,1329,1,3,-1,1,-1
2015471503685,1,8,0,7,0,5,0,0,0,0,0,1,6,1,59,9,2204,2,6,-1,1,-1
2015471503685,2,1,0,18,4,1,0,0,0,0,0,1,1,1,29,6,-1,-1,-1,-1,1,-1
2015471503688,1,9,0,5,0,1,0,0,0,0,0,1,6,1,40,7,1248,2,7,-1,-1,-1
2015471503691,1,9,0,18,0,0,0,0,0,0,3,1,6,2,18,4,1229,1,3,-1,1,-1
2015471503691,2,9,0,18,0,0,0,0,0,0,3,1,6,2,40,7,1956,2,3,-1,1,-1
2015471503692,1,19,0,18,0,0,0,0,0,0,2,1,1,1,34,6,2143,2,2,-1,1,-1
2015471503692,2,9,0,18,0,0,0,0,1,4,2,1,6,2,56,9,1360,1,10,-1,3,-1
2015471503694,1,9,0,18,0,4,0,0,0,0,1,1,6,1,-1,-1,-1,-1,-1,-1,-1,-1
2015471503694,2,9,0,18,0,4,0,0,0,0,4,1,2,2,41,7,1242,1,5,-1,1,-1
2015471503696,1,9,0,18,0,0,0,4,0,0,4,1,6,2,17,4,1388,1,7,-1,2,-1
2015471503696,2,9,0,2,0,0,0,0,0,0,3,1,6,3,-1,-1,1360,1,11,-1,-1,-1
2015471503696,3,9,0,2,0,0,0,4,0,0,2,1,6,3,-1,-1,1870,2,10,-1,-1,-1
2015471503696,4,9,0,2,0,0,0,4,0,0,2,1,6,3,-1,-1,999,1,16,-1,-1,-1
2015471503696,5,9,0,2,0,0,0,4,0,0,2,1,6,3,-1,-1,1560,2,4,-1,-1,-1
2015471503697,1,3,0,18,0,0,0,0,0,0,3,1,6,1,54,8,124,1,1,-1,1,-1
2015471503698,1,9,0,18,0,0,0,0,0,0,1,1,6,2,25,5,1240,1,10,-1,1,-1
2015471503698,2,1,0,10,0,0,0,0,0,0,2,1,6,2,26,6,-1,-1,-1,-1,1,-1
2015471503699,1,9,0,9,0,6,0,0,0,0,1,1,6,1,19,4,1242,1,7,-1,3,-1
2015471503699,2,9,0,17,0,1,0,0,0,0,1,1,6,1,19,4,1968,2,5,-1,1,-1
2015471503701,1,9,0,5,0,0,0,0,1,0,3,1,6,2,80,11,1339,1,3,-1,1,-1
2015471503701,2,9,0,18,0,0,0,0,0,0,1,1,6,3,-1,-1,-1,-1,-1,-1,-1,-1
2015471503701,3,19,0,2,0,0,0,0,0,0,3,1,6,3,-1,-1,1997,2,12,-1,-1,-1
2015471503701,4,9,0,2,0,0,0,0,0,0,4,1,6,3,-1,-1,-1,-1,-1,-1,-1,-1
2015471503701,5,90,0,2,0,0,0,0,0,0,3,1,1,3,-1,-1,-1,-1,-1,-1,-1,-1
2015471503702,1,9,0,4,0,0,0,0,0,0,1,1,6,1,86,11,1149,1,17,-1,1,-1
2015471503702,2,19,0,4,0,0,0,0,0,0,0,1,6,1,45,7,1870,2,9,-1,1,-1
2015471503703,1,9,0,18,0,1,0,0,0,0,2,1,6,3,-1,-1,-1,-1,-1,-1,-1,-1
2015471503703,2,1,0,18,0,1,0,0,0,0,0,1,1,2,15,3,-1,-1,-1,-1,1,-1
2015471503706,1,9,0,18,0,0,0,10,0,0,1,1,6,3,-1,-1,-1,-1,-1,-1,-1,-1
2015471503708,1,1,0,7,0,1,0,0,0,0,2,1,6,1,30,6,-1,-1,-1,-1,1,-1
2015471503708,2,9,0,7,0,1,0,0,0,0,0,1,6,1,50,8,1910,2,9,-1,2,-1
2015471503709,1,9,0,18,0,1,0,0,1,0,1,1,1,1,45,7,-1,-1,-1,-1,-1,-1
2015471503709,2,9,0,9,0,8,0,0,0,0,2,1,6,1,25,5,1905,2,17,-1,3,-1
2015471503710,1,9,0,18,0,3,0,0,7,0,1,1,6,2,19,4,1197,1,2,-1,2,-1
2015471503710,2,9,0,3,0,4,0,0,0,0,1,1,6,1,84,11,1398,2,7,-1,3,-1
2015471503711,1,9,0,18,0,6,0,0,0,0,0,1,6,3,-1,-1,-1,-1,-1,-1,-1,-1
2015471503711,2,5,0,5,0,8,0,0,7,6,3,1,2,1,43,7,998,1,11,-1,1,-1
2015471503713,1,9,0,18,0,1,0,0,0,0,3,1,2,1,52,8,1329,1,2,-1,1,-1
2015471503713,2,1,5,18,0,8,0,0,0,0,1,1,6,1,29,6,-1,-1,-1,-1,1,-1
2015471503714,1,9,0,5,0,6,1,10,7,0,3,1,2,2,19,4,1229,1,8,-1,3,-1
2015471503714,2,9,4,18,0,1,0,0,0,0,1,1,1,1,68,10,-1,-1,-1,-1,3,-1
2015471503717,1,9,0,18,0,1,0,0,0,0,1,1,2,1,27,6,-1,-1,-1,-1,1,-1
2015471503717,2,9,0,7,0,5,0,10,1,4,2,1,6,2,37,7,1388,1,7,-1,1,-1
2015471503719,1,9,0,18,0,0,0,0,0,0,1,1,6,1,45,7,1968,2,-1,-1,-1,-1
2015471503719,2,9,0,18,0,0,0,0,0,0,1,1,6,2,67,10,1769,1,13,-1,1,-1
2015471503720,1,9,0,9,0,6,0,0,0,0,3,1,6,2,56,9,1597,2,1,-1,3,-1
2015471503720,2,19,0,18,0,1,1,7,0,1,1,1,6,1,52,8,1896,2,11,-1,1,-1
2015471503721,1,9,0,18,0,1,0,0,0,0,1,1,6,2,23,5,999,1,5,-1,1,-1
2015471503721,2,1,0,18,0,1,0,0,0,0,2,1,6,1,11,3,-1,-1,-1,-1,1,-1
2015471503722,1,9,0,18,0,2,0,0,0,0,1,1,6,2,37,7,1596,1,10,-1,1,-1
2015471503723,1,9,0,18,0,3,0,0,0,0,1,1,6,2,28,6,1242,1,11,-1,1,-1
2015471503723,2,9,0,18,0,3,0,0,0,0,2,1,6,2,27,6,2148,2,10,-1,1,-1
2015471503724,1,9,0,7,0,5,0,0,0,0,0,1,6,1,44,7,1500,1,36,-1,1,-1
2015471503724,2,1,0,18,0,1,1,0,0,0,0,1,6,2,50,8,-1,-1,-1,-1,1,-1
2015471503725,1,9,0,18,0,0,0,0,0,0,1,1,2,2,35,6,1956,2,5,-1,2,-1
2015471503725,2,9,0,4,0,0,0,0,0,0,2,1,2,2,58,9,1795,1,17,-1,1,-1
2015471503725,3,9,0,18,0,0,0,0,0,0,0,1,6,3,-1,-1,-1,-1,-1,-1,-1,-1
2015471503727,1,5,0,13,0,1,0,0,0,0,1,1,6,1,57,9,749,1,26,-1,1,-1
2015471503727,2,9,0,9,0,1,0,0,0,0,3,1,6,2,33,6,2987,2,5,-1,1,-1
2015471503728,1,9,0,9,0,6,0,0,0,0,3,1,6,2,31,6,998,1,2,-1,3,-1
2015471503728,2,9,0,18,0,1,1,0,0,0,1,1,6,1,54,8,1117,1,-1,-1,1,-1
2015471503729,1,9,0,9,0,6,0,0,0,0,1,1,6,1,21,5,1390,1,16,-1,1,-1
2015471503729,2,9,0,18,0,1,0,0,0,0,1,1,2,2,55,8,1587,1,13,-1,1,-1
2015471503731,1,9,0,18,0,1,0,0,0,0,1,1,6,1,77,11,1461,2,1,-1,1,-1
2015471503731,2,20,0,4,0,1,1,0,0,0,2,1,1,1,64,9,-1,2,13,-1,1,-1
2015471503732,1,9,0,16,0,0,1,0,2,1,1,1,6,1,26,6,1994,1,12,-1,1,-1
2015471503732,2,9,0,17,0,0,0,0,0,0,3,1,6,1,32,6,1968,2,2,-1,2,-1
2015471503733,1,9,0,9,0,6,0,0,0,0,1,1,6,1,17,4,1368,1,6,-1,1,-1
2015471503733,2,9,0,18,0,8,0,0,0,0,1,1,6,2,46,8,1388,1,7,-1,1,-1
2015471503736,1,9,0,5,0,4,0,0,0,0,0,1,6,1,50,8,1598,1,13,-1,-1,-1
2015471503736,2,3,0,9,0,8,1,0,0,0,0,1,1,1,57,9,125,1,-1,-1,1,-1
2015471503738,1,9,0,7,0,1,0,0,0,0,1,1,6,1,58,9,1796,1,16,-1,2,-1
2015471503738,2,9,0,18,0,1,0,0,0,0,1,1,3,1,43,7,1997,2,7,-1,2,-1
2015471503739,1,11,0,5,0,1,0,0,0,0,1,1,6,1,68,10,9000,2,6,-1,1,-1
2015471503741,1,9,0,18,0,1,0,0,0,0,1,1,6,1,40,7,-1,-1,-1,-1,1,-1
2015471503741,2,9,0,3,0,1,0,0,0,0,2,1,6,2,23,5,1395,1,5,-1,1,-1
2015471503747,1,9,0,4,0,1,0,0,0,0,1,1,6,3,-1,-1,-1,-1,-1,-1,-1,-1
2015471503747,2,4,0,8,0,1,0,0,0,0,2,1,6,1,43,7,124,1,13,-1,1,-1
2015471503749,1,9,0,13,0,0,0,0,0,0,3,1,6,1,78,11,1395,1,2,-1,3,-1
2015471503749,2,9,0,18,0,0,0,0,0,0,0,1,6,2,65,9,1348,1,14,-1,-1,-1
2015471503750,1,2,0,18,0,2,0,7,0,0,1,1,2,1,26,6,49,1,11,-1,1,-1
2015471503751,1,9,0,18,0,1,0,0,0,0,3,1,6,1,19,4,1400,1,9,-1,1,-1
2015471503751,2,9,0,18,0,2,0,0,0,0,3,1,6,1,29,6,2902,2,12,-1,1,-1
2015471503754,1,9,0,18,0,0,0,0,1,0,4,1,6,1,20,4,1242,1,9,-1,1,-1
2015471503754,2,9,0,2,6,0,0,0,0,0,4,1,6,3,-1,-1,2720,2,9,-1,-1,-1
2015471503757,1,21,0,18,0,1,0,0,0,0,1,1,6,1,45,7,-1,-1,-1,-1,-1,-1
2015471503757,2,19,0,9,0,1,0,0,0,0,2,1,1,1,74,10,2402,2,14,-1,3,-1
2015471503758,1,9,0,10,0,1,0,0,0,0,1,1,6,2,56,9,999,1,10,-1,1,-1
2015471503758,2,1,0,18,0,1,0,0,0,0,1,1,6,1,36,7,-1,-1,-1,-1,1,-1
2015471503760,1,8,0,9,0,5,0,0,0,0,1,1,1,1,62,9,1753,2,7,-1,2,-1
2015471503760,2,5,0,10,0,2,0,0,0,0,4,1,2,1,45,7,645,1,16,-1,3,-1
2015471503761,1,9,0,7,0,8,0,0,0,0,4,2,6,1,25,5,-1,-1,-1,-1,1,-1
2015471503761,2,1,0,18,4,8,0,0,1,1,1,1,6,1,36,7,-1,-1,-1,-1,1,-1
2015471503764,1,1,0,18,4,0,0,0,1,0,3,1,2,2,19,4,-1,-1,-1,-1,1,-1
2015471503764,2,9,0,18,0,0,0,0,0,0,4,1,6,1,71,10,1298,1,10,-1,1,-1
2015471503766,1,9,0,15,0,0,0,0,0,0,4,1,6,1,70,10,1597,2,-1,-1,1,-1
2015471503766,2,21,0,18,0,0,0,0,0,0,1,1,1,1,40,7,-1,-1,-1,-1,1,-1
2015471503766,3,21,0,18,0,0,1,0,0,0,0,1,1,1,68,10,12740,2,4,-1,3,-1
2015471503769,1,9,0,9,0,2,0,0,0,0,1,1,2,1,45,7,1968,2,5,-1,1,-1
2015471503770,1,9,0,18,0,1,0,0,0,0,1,1,2,2,20,4,1248,1,-1,-1,1,-1
2015471503770,2,9,0,3,0,1,0,0,0,0,2,1,2,2,24,5,1598,1,7,-1,1,-1
2015471503770,3,19,0,5,8,1,0,0,0,0,0,1,1,1,58,9,2446,2,15,-1,3,-1
2015471503774,1,9,0,11,0,1,0,0,0,0,3,2,6,1,29,6,-1,-1,-1,-1,3,-1
2015471503774,2,3,0,18,0,1,0,0,0,0,3,1,6,1,21,5,125,1,11,-1,1,-1
2015471503775,1,21,0,18,0,0,0,0,0,0,4,1,1,1,48,8,12777,2,7,-1,1,-1
2015471503775,2,9,0,18,0,0,0,0,0,0,3,1,6,2,31,6,1896,2,12,-1,1,-1
2015471503777,1,9,0,2,0,0,0,0,0,0,0,1,6,2,30,6,1598,1,12,-1,1,-1
2015471503777,2,9,0,18,0,0,0,0,0,0,4,1,6,1,45,7,1796,1,8,-1,1,-1
2015471503779,1,19,0,5,0,3,0,0,0,0,3,1,2,1,47,8,2402,2,10,-1,1,-1
2015471503779,2,3,0,9,0,3,0,0,0,0,3,1,6,1,22,5,124,1,3,-1,1,-1
2015471503781,1,9,0,18,0,1,0,0,0,0,1,1,6,2,49,8,2438,1,19,-1,2,-1
2015471503781,2,3,0,3,0,1,0,0,0,0,2,1,6,1,19,4,125,1,7,-1,2,-1