Accident_Index,Vehicle_Reference,Vehicle_Type,Towing_and_Articulation,Vehicle_Manoeuvre,Vehicle_Location-Restricted_Lane,Junction_Location,Skidding_and_Overturning,Hit_Object_in_Carriageway,Vehicle_Leaving_Carriageway,Hit_Object_off_Carriageway,1st_Point_of_Impact,Was_Vehicle_Left_Hand_Drive?,Journey_Purpose_of_Driver,Sex_of_Driver,Age_of_Driver,Age_Band_of_Driver,Engine_Capacity_(CC),Propulsion_Code,Age_of_Vehicle,Driver_IMD_Decile,Driver_Home_Area_Type,Vehicle_IMD_Decile
2015471503781,3,9,0,3,0,1,0,0,0,0,2,1,1,1,35,6,998,1,6,-1,1,-1
2015471503782,1,9,0,10,0,8,0,0,0,0,1,1,6,2,35,6,1988,1,14,-1,1,-1
2015471503782,2,9,0,18,0,1,0,10,2,2,1,1,6,2,23,5,1499,1,-1,-1,1,-1
2015471503783,1,9,0,9,0,8,0,0,0,0,4,1,6,2,23,5,1598,1,4,-1,1,-1
2015471503783,2,1,0,18,0,1,0,0,0,0,1,1,2,1,27,6,-1,-1,-1,-1,1,-1
2015471503784,1,9,0,9,0,6,0,0,0,0,1,1,6,1,42,7,1968,2,5,-1,1,-1
2015471503784,2,9,0,18,0,8,0,0,1,0,4,1,2,2,51,8,1124,1,10,-1,1,-1
2015471503785,1,9,0,9,0,8,0,0,0,0,1,1,6,2,30,6,-1,-1,-1,-1,1,-1
2015471503785,2,2,0,18,0,8,0,0,0,0,4,1,6,1,40,7,125,1,3,-1,1,-1
2015471503786,1,9,0,9,0,1,0,0,0,0,0,1,6,2,72,10,1598,1,3,-1,2,-1
2015471503786,2,1,0,18,0,1,0,0,0,0,1,1,6,1,34,6,-1,-1,-1,-1,1,-1
2015471503787,1,9,0,18,0,0,0,0,0,0,1,1,2,1,38,7,-1,-1,-1,-1,1,-1
2015471503787,2,9,0,18,0,0,0,0,0,0,2,1,1,1,25,5,1998,1,10,-1,1,-1
2015471503787,3,9,0,18,0,0,0,0,0,0,2,1,6,2,52,8,1390,1,12,-1,2,-1
2015471503788,1,19,0,18,0,0,0,0,1,4,1,1,1,1,21,5,1753,2,8,-1,1,-1
2015471503792,1,9,0,18,0,0,0,0,0,0,1,1,6,3,50,8,-1,-1,-1,-1,-1,-1
2015471503793,1,9,0,18,0,0,0,0,0,0,0,1,6,1,-1,-1,-1,-1,-1,-1,-1,-1
2015471503793,2,11,0,18,0,0,0,0,0,0,0,1,1,1,63,9,9000,2,6,-1,1,-1
2015471503797,1,9,0,6,0,0,0,0,0,0,1,1,6,2,34,6,1598,1,8,-1,1,-1
2015471503797,2,5,0,16,0,0,0,0,0,0,1,1,6,1,51,8,999,1,-1,-1,1,-1
2015471503798,1,5,0,16,0,0,1,0,5,6,3,1,6,1,46,8,865,1,-1,-1,1,-1
2015471503799,1,9,0,9,0,2,0,0,0,0,1,1,2,2,52,8,1598,1,8,-1,1,-1
2015471503799,2,9,0,18,0,1,0,0,0,0,4,1,6,1,45,7,1968,2,4,-1,3,-1
2015471503799,3,19,0,2,0,1,0,0,0,0,0,1,6,3,-1,-1,-1,-1,-1,-1,-1,-1
2015471503802,1,9,0,1,0,0,0,0,0,0,0,1,1,1,41,7,-1,-1,-1,-1,2,-1
2015471503802,2,3,0,3,0,0,0,0,0,0,1,1,2,1,26,6,124,1,1,-1,1,-1
2015471503803,1,19,0,12,0,0,0,0,0,0,3,1,2,1,38,7,1461,2,-1,-1,1,-1
2015471503803,2,5,0,13,0,0,0,0,0,0,4,1,6,1,24,5,749,1,4,-1,1,-1
2015471503804,1,9,0,1,0,6,0,0,0,0,2,1,6,2,67,10,2179,2,5,-1,2,-1
2015471503805,1,11,0,5,0,0,0,0,0,0,3,1,1,1,43,7,9360,2,3,-1,1,-1
2015471503806,1,9,0,3,0,2,0,0,0,0,4,1,6,1,21,5,1998,1,15,-1,1,-1
2015471503806,2,9,0,18,0,1,0,0,0,0,1,1,6,1,33,6,1124,1,15,-1,1,-1
2015471503807,1,90,0,18,0,3,0,0,0,0,1,1,6,3,-1,-1,-1,-1,-1,-1,-1,-1
2015471503810,1,9,0,18,0,1,0,0,0,0,1,1,6,1,39,7,-1,-1,-1,-1,1,-1
2015471503810,2,9,0,3,0,8,0,0,0,0,2,1,1,1,40,7,999,1,2,-1,1,-1
2015471503810,3,9,0,3,0,8,0,0,0,0,2,1,1,2,50,8,1598,1,8,-1,1,-1
2015471503811,1,1,0,18,0,8,0,0,0,0,3,1,1,1,19,4,-1,-1,-1,-1,1,-1
2015471503813,1,9,0,18,0,0,0,0,5,6,3,1,6,1,29,6,2544,1,15,-1,1,-1
2015471503815,1,9,0,18,0,0,5,4,0,0,4,1,6,1,76,11,1686,2,11,-1,1,-1
2015471503815,2,9,0,2,0,0,0,0,0,0,3,1,6,3,-1,-1,1242,1,10,-1,-1,-1
2015471503815,3,9,0,2,0,0,0,0,0,0,1,1,6,3,-1,-1,1560,2,1,-1,-1,-1
2015471503816,1,3,0,17,0,8,1,0,0,0,3,1,6,1,17,4,123,1,1,-1,1,-1
2015471503817,1,9,0,18,0,3,1,0,0,0,1,1,6,2,28,6,-1,-1,-1,-1,1,-1
2015471503819,1,1,0,9,0,8,0,0,0,0,1,1,2,1,44,7,-1,-1,-1,-1,1,-1
2015471503819,2,9,0,6,0,8,0,0,0,0,3,1,6,2,52,8,1984,1,5,-1,1,-1
2015471503820,1,9,0,18,0,1,1,0,0,0,1,1,6,2,31,6,1598,1,17,-1,-1,-1
2015471503820,2,8,0,18,0,1,0,0,0,0,2,1,1,1,58,9,1968,2,3,-1,1,-1
2015471503821,1,9,0,5,0,6,0,0,1,0,3,1,6,2,68,10,1398,1,1,-1,3,-1
2015471503821,2,20,0,18,0,1,0,0,0,0,1,1,1,1,-1,-1,4461,2,3,-1,1,-1
2015471503823,1,1,0,18,0,0,0,0,0,0,1,1,1,2,19,4,-1,-1,-1,-1,3,-1
2015471503823,2,9,0,3,0,0,0,0,0,0,1,1,6,2,55,8,1598,1,9,-1,3,-1
2015471503823,3,19,0,7,0,0,0,0,0,0,0,1,6,2,22,5,-1,-1,-1,-1,-1,-1
2015471503824,1,9,0,7,0,8,0,0,0,0,4,1,6,1,22,5,1596,1,11,-1,3,-1
2015471503824,2,1,0,18,0,8,0,0,0,0,1,1,6,1,36,7,-1,-1,-1,-1,1,-1
2015471503825,1,9,0,7,0,8,0,0,7,11,1,1,6,1,19,4,1242,1,10,-1,2,-1
2015471503827,1,9,0,18,0,0,2,4,0,0,1,1,6,1,64,9,1396,1,11,-1,1,-1
2015471503827,2,9,0,2,0,0,0,0,7,0,1,1,6,3,-1,-1,1493,2,9,-1,-1,-1
2015471503827,3,9,0,2,0,0,0,0,0,0,3,1,6,3,-1,-1,1587,1,10,-1,-1,-1
2015471503828,1,9,0,17,0,0,0,0,0,0,1,1,6,2,23,5,1600,2,3,-1,1,-1
2015471503828,2,9,0,16,0,0,1,0,0,0,3,1,6,1,62,9,2495,2,12,-1,1,-1
2015471503828,3,9,0,17,0,0,0,0,0,0,1,1,6,1,60,9,1582,2,5,-1,3,-1
2015471503829,1,9,0,18,0,1,0,0,0,0,1,1,2,1,40,7,1870,2,11,-1,1,-1
2015471503829,2,9,0,4,0,1,0,0,0,0,2,1,1,1,58,9,1339,1,10,-1,1,-1
2015471503829,3,9,0,7,0,1,0,0,0,0,0,1,6,3,30,6,-1,-1,-1,-1,-1,-1
2015471503833,1,9,0,18,0,0,0,0,0,0,1,1,6,1,42,7,1896,2,15,-1,1,-1
2015471503833,2,9,0,16,0,0,0,0,0,0,1,1,6,1,67,10,2179,2,12,-1,1,-1
2015471503834,1,9,0,18,0,1,0,0,0,0,1,1,6,1,68,10,1598,1,3,-1,1,-1
2015471503834,2,11,0,18,0,1,0,0,0,0,2,1,6,1,41,7,10800,2,-1,-1,1,-1
2015471503836,1,11,0,18,0,1,0,0,0,0,1,1,1,1,52,8,9360,2,2,-1,1,-1
2015471503836,2,11,0,3,0,2,0,0,0,0,2,1,6,1,48,8,9000,2,6,-1,1,-1
2015471503836,3,1,0,3,0,1,0,0,0,0,2,1,6,1,44,7,-1,-1,-1,-1,1,-1
2015471503838,1,9,0,18,0,1,1,0,0,0,1,1,6,2,35,6,2179,2,6,-1,2,-1
2015471503838,2,19,0,18,0,1,0,0,0,0,2,1,1,1,23,5,1560,2,1,-1,1,-1
2015471503838,3,9,0,7,0,1,0,0,0,0,0,1,6,1,-1,-1,-1,-1,-1,-1,-1,-1
2015471503840,1,9,0,5,0,6,0,0,0,0,4,1,6,1,78,11,1951,2,10,-1,-1,-1
2015471503840,2,1,0,5,0,6,0,0,0,0,3,1,6,1,52,8,-1,-1,-1,-1,1,-1
2015471503841,1,19,0,18,0,0,0,0,0,0,4,1,1,2,44,7,2198,2,3,-1,1,-1
2015471503842,1,9,0,12,0,7,0,0,0,0,3,1,6,1,30,6,-1,-1,-1,-1,1,-1
2015471503842,2,3,0,18,0,7,0,0,0,0,4,1,6,1,59,9,124,1,15,-1,1,-1
2015471503843,1,9,0,9,0,5,0,0,0,0,1,1,2,1,65,9,2179,2,4,-1,3,-1
2015471503843,2,1,0,10,0,2,0,0,0,0,1,1,6,1,69,10,-1,-1,-1,-1,1,-1
2015471503845,1,9,0,9,0,6,0,0,0,0,2,1,6,1,20,4,-1,-1,-1,-1,1,-1
2015471503845,2,11,0,18,0,1,0,0,0,0,1,1,6,1,31,6,4500,2,3,-1,1,-1
2015471503847,1,9,0,18,0,1,0,0,0,0,1,1,6,2,25,5,1197,1,3,-1,2,-1
2015471503847,2,9,0,3,0,1,0,0,0,0,2,1,6,1,61,9,1896,1,14,-1,1,-1
2015471503847,3,19,0,9,0,1,0,0,0,0,0,1,6,1,-1,-1,-1,-1,-1,-1,-1,-1
2015471503848,1,9,0,5,0,0,0,0,0,0,1,1,6,2,38,7,2198,2,2,-1,1,-1
2015471503848,2,9,0,4,0,0,0,0,0,0,1,1,6,1,72,10,1388,1,8,-1,1,-1
2015471503848,3,9,0,4,0,0,0,0,0,0,0,1,6,1,38,7,1560,2,5,-1,1,-1
2015471503851,1,9,0,18,0,2,0,0,0,0,2,1,1,2,27,6,1242,1,13,-1,1,-1
2015471503851,2,9,0,18,0,2,0,0,0,0,1,1,6,1,37,7,1242,1,15,-1,1,-1
2015471503851,3,1,0,18,0,6,0,0,0,0,0,1,6,1,-1,-1,-1,-1,-1,-1,-1,-1
2015471503852,1,9,0,14,0,0,0,0,0,0,1,1,6,2,18,4,1397,1,8,-1,3,-1
2015471503852,2,9,0,9,0,0,0,0,0,0,2,1,6,1,63,9,1870,2,12,-1,1,-1
2015471503853,1,9,0,18,0,0,1,0,0,0,1,1,6,2,80,11,1590,1,15,-1,3,-1
2015471503853,2,9,0,18,0,0,0,0,0,0,2,1,6,2,55,8,998,1,1,-1,1,-1
2015471503853,3,9,0,18,0,0,0,0,0,0,2,1,6,2,56,9,998,1,13,-1,1,-1
2015471503853,4,9,0,18,0,0,0,0,0,0,2,1,6,1,31,6,1794,1,13,-1,1,-1
2015471503855,1,9,0,9,0,6,0,0,0,0,3,1,3,2,36,7,2664,2,19,-1,3,-1
2015471503855,2,9,0,18,0,8,0,0,0,0,1,1,3,2,44,7,1242,1,1,-1,3,-1
2015471503856,1,90,0,14,0,2,0,0,0,0,0,2,1,1,31,6,2970,2,5,-1,3,-1
2015471503856,2,3,0,4,0,2,1,0,0,0,0,1,2,2,19,4,124,1,6,-1,1,-1
2015471503861,1,9,0,5,5,6,0,0,0,0,0,1,6,1,47,8,4197,1,10,-1,1,-1
2015471503861,2,1,0,18,5,2,0,0,0,0,0,1,6,1,48,8,-1,-1,-1,-1,1,-1
2015471503862,1,9,0,9,0,6,0,0,0,0,3,1,6,1,44,7,3200,2,13,-1,1,-1
2015471503862,2,1,0,18,0,8,0,0,0,0,3,1,6,1,49,8,-1,-1,-1,-1,1,-1
2015471503864,1,9,0,18,0,1,0,0,0,0,1,1,6,3,-1,-1,-1,-1,-1,-1,-1,-1
2015471503864,2,9,0,4,0,1,0,0,0,0,3,1,6,1,48,8,1398,2,6,-1,1,-1
2015471503864,3,9,0,3,0,1,0,0,0,0,2,1,6,2,56,9,998,1,14,-1,1,-1
2015471503865,1,4,0,18,0,8,0,0,0,0,1,1,6,1,53,8,278,1,1,-1,1,-1
2015471503868,1,9,0,18,0,0,1,0,0,0,1,1,6,1,49,8,1497,8,2,-1,2,-1
2015471503868,2,9,0,18,0,0,0,0,0,0,2,1,6,2,57,9,2179,2,3,-1,2,-1
2015471503870,1,9,0,18,0,8,0,0,0,0,1,1,1,2,54,8,1497,8,6,-1,1,-1
2015471503870,2,9,0,18,0,8,0,0,0,0,1,1,6,1,62,9,-1,-1,-1,-1,1,-1
2015471503872,1,9,0,9,0,5,0,0,0,0,3,1,6,2,52,8,1199,1,15,-1,1,-1
2015471503872,2,5,0,13,0,1,0,0,0,0,1,1,2,1,28,6,599,1,15,-1,3,-1
2015471503873,1,3,0,18,0,1,0,0,0,0,1,1,6,1,18,4,124,1,23,-1,1,-1
2015471503873,2,3,0,4,0,1,0,0,0,0,2,1,6,1,18,4,125,1,15,-1,1,-1
2015471503873,3,3,0,4,0,1,0,0,0,0,2,1,6,1,20,4,124,1,15,-1,1,-1
2015471503876,1,9,0,5,0,2,0,0,0,0,1,1,6,1,28,6,2171,1,11,-1,1,-1
2015471503876,2,1,0,18,0,1,0,0,0,0,3,1,2,1,52,8,-1,-1,-1,-1,1,-1
2015471503876,3,9,0,3,0,1,0,0,0,0,1,1,6,2,50,8,1242,1,2,-1,1,-1
2015471503877,1,5,0,16,0,0,0,0,0,0,4,1,6,1,23,5,1300,1,4,-1,1,-1
2015471503879,1,9,0,5,0,6,0,0,0,0,1,1,6,2,25,5,1360,1,14,-1,1,-1
2015471503879,2,9,0,5,0,6,0,0,0,0,2,1,6,1,43,7,-1,-1,-1,-1,1,-1
2015471503880,1,9,0,1,0,1,0,11,0,0,2,1,1,1,50,8,1686,2,9,-1,1,-1
2015471503881,1,9,0,18,0,0,0,0,0,0,1,1,2,1,37,7,1587,1,17,-1,1,-1
2015471503881,2,9,0,2,0,0,0,0,0,0,2,1,6,3,-1,-1,998,1,3,-1,-1,-1
2015471503881,3,9,0,2,0,0,0,0,0,0,2,1,6,3,-1,-1,1598,1,11,-1,-1,-1
2015471503881,4,19,0,2,0,0,0,0,0,0,2,1,6,3,-1,-1,2198,2,7,-1,-1,-1
2015471503881,5,9,0,2,0,0,0,0,0,0,2,1,6,3,-1,-1,1397,1,8,-1,-1,-1
2015471503887,1,9,0,18,0,1,0,0,0,0,1,1,6,2,35,6,1461,2,5,-1,1,-1
2015471503887,2,9,0,3,0,1,0,0,0,0,2,1,6,2,64,9,1331,1,21,-1,1,-1
2015471503888,1,9,0,7,0,5,0,0,0,0,2,1,6,2,26,6,995,1,10,-1,1,-1
2015471503888,2,1,0,18,0,1,0,0,7,0,1,1,6,1,38,7,-1,-1,-1,-1,1,-1
2015471503889,1,9,0,7,0,5,0,0,0,0,0,1,6,2,43,7,1598,2,2,-1,1,-1
2015471503889,2,1,0,18,0,1,0,0,0,0,0,1,6,2,25,5,-1,-1,-1,-1,1,-1
2015471503891,1,1,0,7,0,2,0,0,0,0,1,1,4,2,14,3,-1,-1,-1,-1,1,-1
2015471503891,2,9,0,18,0,1,0,0,0,0,1,1,1,2,59,9,1360,1,14,-1,1,-1
2015471503892,1,9,0,9,0,6,0,0,0,0,1,1,6,1,88,11,1598,1,15,-1,3,-1
2015471503892,2,3,0,18,0,1,0,0,0,0,1,1,6,1,18,4,124,1,2,-1,1,-1
2015471503894,1,9,0,18,0,1,0,0,0,0,1,1,6,1,39,7,2000,1,15,-1,1,-1
2015471503894,2,9,0,5,0,8,0,0,0,0,3,1,6,2,45,7,1781,1,14,-1,1,-1
2015471503894,3,9,0,5,0,8,0,0,0,0,3,1,6,2,26,6,1598,2,5,-1,1,-1
2015471503895,1,1,0,18,5,0,0,0,0,0,1,1,6,1,22,5,-1,-1,-1,-1,1,-1
2015471503895,2,1,0,18,5,0,0,0,0,0,1,1,1,1,35,6,-1,-1,-1,-1,1,-1
2015471503897,1,9,0,18,0,8,0,0,0,0,4,1,1,1,56,9,1598,2,5,-1,1,-1
2015471503899,1,19,0,4,0,1,0,0,0,0,1,2,6,1,25,5,-1,-1,-1,-1,-1,-1
2015471503899,2,9,0,7,0,1,0,0,0,0,1,1,6,2,64,9,1360,1,10,-1,2,-1
2015471503900,1,9,0,10,0,1,0,0,0,0,2,2,6,1,30,6,2996,1,25,-1,1,-1
2015471503900,2,9,0,4,0,1,0,0,0,0,1,2,6,2,49,8,999,1,3,-1,1,-1
2015471503901,1,9,0,17,0,0,5,0,1,0,4,1,6,2,34,6,2402,2,4,-1,3,-1
2015471503902,1,9,0,18,0,0,0,0,1,0,1,1,6,1,24,5,2521,1,8,-1,2,-1
2015471503902,2,9,0,18,0,0,0,0,1,0,1,1,6,1,23,5,-1,-1,-1,-1,1,-1
2015471503905,1,9,0,18,0,0,0,0,0,0,1,1,6,1,38,7,1796,1,15,-1,1,-1
2015471503907,1,9,0,1,0,0,0,4,1,0,2,1,6,1,48,8,2435,1,15,-1,1,-1
2015471503907,2,9,0,2,0,0,0,4,0,0,1,1,6,3,-1,-1,1390,1,11,-1,-1,-1
2015471503907,3,9,0,2,0,0,0,0,0,0,1,1,6,3,-1,-1,1198,1,2,-1,-1,-1
2015471503908,1,8,0,9,0,8,0,0,0,0,1,1,6,3,-1,-1,-1,-1,-1,-1,-1,-1
2015471503908,2,9,0,18,0,8,0,0,0,0,2,1,6,2,21,5,-1,-1,-1,-1,1,-1
2015471503909,1,9,0,18,0,1,0,0,0,0,1,1,6,1,24,5,1242,1,7,-1,1,-1
2015471503909,2,9,0,4,0,1,0,0,0,0,2,1,6,1,38,7,3168,1,8,-1,1,-1
2015471503912,1,9,0,4,0,0,0,0,0,0,0,1,6,1,39,7,-1,-1,-1,-1,3,-1
2015471503912,2,19,0,4,0,0,0,0,0,0,2,1,1,1,42,7,-1,-1,-1,-1,3,-1
2015471503914,1,9,0,18,0,0,0,0,0,0,4,1,6,1,26,6,1339,1,7,-1,2,-1
2015471503914,2,1,0,18,0,0,0,0,0,0,3,1,6,1,42,7,-1,-1,-1,-1,3,-1
2015471503915,1,9,0,18,0,2,0,0,0,0,0,1,6,3,-1,-1,-1,-1,-1,-1,-1,-1
2015471503915,2,9,0,2,0,1,0,0,0,0,0,1,6,3,-1,-1,-1,-1,-1,-1,-1,-1
2015471503916,1,9,0,18,0,1,0,0,0,0,1,1,6,1,51,8,2000,1,9,-1,1,-1
2015471503916,2,9,0,8,0,1,0,0,0,4,2,1,6,2,40,7,1596,1,12,-1,1,-1
2015471503921,1,9,0,18,0,0,0,0,0,0,0,1,6,3,-1,-1,-1,-1,-1,-1,-1,-1
2015471503921,2,9,0,18,0,0,0,0,1,0,0,1,6,2,24,5,1124,1,17,-1,1,-1
2015471503921,3,9,0,18,0,0,2,0,0,0,1,1,6,1,28,6,1560,2,-1,-1,1,-1
2015471503921,4,9,0,18,0,0,0,0,0,0,0,1,6,1,43,7,1995,2,3,-1,3,-1
2015471503924,1,9,0,18,0,1,0,0,1,2,1,1,2,1,40,7,1781,1,18,-1,1,-1
2015471503924,2,9,0,3,0,1,0,0,0,0,2,1,6,2,42,7,1598,1,1,-1,1,-1
2015471503924,3,9,0,10,0,2,0,0,0,0,0,1,6,2,48,8,-1,-1,-1,-1,1,-1
2015471503926,1,4,0,18,0,0,0,0,0,0,1,1,1,1,18,4,124,1,-1,-1,1,-1
2015471503926,2,9,0,4,0,0,0,0,0,0,2,1,6,2,58,9,998,1,2,-1,1,-1
2015471503929,1,9,0,16,0,2,0,0,0,0,3,1,2,2,36,7,1896,2,13,-1,1,-1
2015471503929,2,9,0,18,0,1,0,0,1,10,3,1,2,1,31,6,1910,2,10,-1,1,-1
2015471503933,1,9,0,9,0,6,0,0,0,0,1,1,6,1,37,7,1784,1,9,-1,1,-1
2015471503933,2,19,0,18,0,1,1,0,0,0,1,1,6,1,41,7,1753,2,14,-1,1,-1
2015471503935,1,3,0,18,0,0,1,0,1,0,3,1,2,2,22,5,124,1,4,-1,2,-1
2015471503937,1,9,0,18,0,0,0,0,0,0,1,1,6,1,64,9,3200,1,12,-1,1,-1
2015471503937,2,17,4,18,0,0,0,0,0,0,3,1,1,1,25,5,-1,-1,-1,-1,3,-1
2015471503938,1,9,0,5,0,6,0,0,0,0,1,1,1,1,42,7,-1,-1,-1,-1,2,-1
2015471503938,2,9,0,18,0,8,0,0,0,0,1,1,6,1,73,10,1490,1,6,-1,1,-1
2015471503940,1,9,0,9,0,8,0,0,0,0,1,1,2,1,33,6,2500,1,15,-1,1,-1
2015471503940,2,1,0,10,0,1,0,0,0,0,1,1,2,1,46,8,-1,-1,-1,-1,1,-1
2015471503941,1,9,0,18,0,1,0,0,0,0,1,2,6,1,40,7,-1,-1,-1,-1,-1,-1
2015471503941,2,9,0,18,0,1,0,0,0,0,2,1,2,2,19,4,1299,1,16,-1,1,-1
2015471503943,1,19,0,18,0,0,0,0,0,0,1,1,6,1,67,10,1870,2,16,-1,1,-1
2015471503943,2,9,0,3,0,0,0,0,0,0,2,1,2,2,57,9,1390,1,11,-1,3,-1
2015471503943,3,9,0,3,0,0,0,0,0,0,2,1,6,1,35,6,-1,-1,-1,-1,-1,-1
2015471503945,1,9,0,9,0,0,0,0,0,0,3,1,3,2,35,6,1560,2,4,-1,2,-1
2015471503945,2,5,0,14,0,0,1,0,0,0,1,1,2,1,55,8,1157,1,12,-1,3,-1
2015471503946,1,9,0,4,0,4,0,0,0,0,1,1,6,2,37,7,996,1,5,-1,1,-1
2015471503946,2,9,0,4,0,4,0,0,0,0,2,1,6,2,42,7,1587,1,9,-1,1,-1
2015471503947,1,9,0,18,9,0,0,0,1,2,1,1,6,1,34,6,1968,2,6,-1,1,-1
2015471503948,1,9,0,9,0,6,0,0,0,0,2,1,6,1,28,6,1985,1,15,-1,1,-1
2015471503948,2,9,0,18,0,8,0,0,0,0,1,1,6,1,38,7,2099,1,13,-1,1,-1
2015471503948,3,9,0,18,0,8,0,0,0,0,1,1,6,1,43,7,1598,1,9,-1,1,-1
2015471503949,1,19,0,10,0,8,0,0,0,0,3,1,1,1,45,7,2143,2,5,-1,3,-1
2015471503949,2,5,0,14,0,8,0,0,0,0,0,1,6,1,39,7,998,1,8,-1,1,-1
2015471503950,1,1,0,7,0,1,0,0,0,0,0,1,1,1,52,8,-1,-1,-1,-1,2,-1
2015471503951,1,9,0,18,0,0,1,0,7,2,4,1,6,1,19,4,1995,1,7,-1,1,-1
2015471503953,1,3,0,16,0,0,0,0,0,0,3,1,2,2,22,5,114,1,2,-1,1,-1
2015471503953,2,9,0,17,0,0,0,0,0,0,3,1,6,1,37,7,1200,1,1,-1,1,-1
2015471503956,1,1,0,18,0,0,0,0,0,0,1,1,6,1,25,5,-1,-1,-1,-1,1,-1
2015471503956,2,9,0,18,0,0,0,0,0,0,3,1,6,1,48,8,3996,1,14,-1,1,-1
2015471503957,1,9,0,1,0,8,0,0,0,0,2,1,6,2,30,6,2401,2,11,-1,1,-1
2015471503957,2,22,0,18,0,1,0,0,0,0,4,1,6,2,60,9,-1,-1,-1,-1,1,-1
2015471503959,1,1,0,15,5,0,0,0,0,0,0,1,6,2,30,6,-1,-1,-1,-1,-1,-1
2015471503959,2,1,0,18,5,0,0,0,0,0,0,1,6,1,30,6,-1,-1,-1,-1,1,-1
2015471503960,1,9,0,9,0,8,0,0,0,0,1,1,6,2,25,5,1596,1,15,-1,3,-1
2015471503960,2,9,0,18,0,1,0,0,0,0,4,1,2,2,50,8,1360,1,6,-1,3,-1
2015471503961,1,9,0,18,0,2,0,0,0,0,1,1,1,2,19,4,-1,-1,-1,-1,2,-1
2015471503961,2,9,0,3,0,2,0,0,0,0,2,1,6,1,72,10,2997,1,19,-1,1,-1
2015471503963,1,1,0,4,0,2,0,0,0,0,1,1,6,1,18,4,-1,-1,-1,-1,1,-1
2015471503963,2,1,0,4,0,2,0,0,0,0,1,1,6,1,17,4,-1,-1,-1,-1,1,-1
2015471503963,3,5,0,16,0,1,0,0,0,0,1,1,6,1,50,8,800,1,2,-1,1,-1
2015471503964,1,5,0,18,0,1,0,0,0,0,1,1,6,1,48,8,1043,1,1,-1,1,-1
2015471503964,2,9,0,4,0,1,0,0,0,0,3,1,6,1,38,7,1598,1,12,-1,1,-1
2015471503965,1,9,0,18,0,2,0,10,0,0,4,1,1,1,49,8,1582,2,1,-1,1,-1
2015471503967,1,1,0,18,9,1,0,0,0,0,1,1,6,1,15,3,-1,-1,-1,-1,1,-1
2015471503967,2,9,0,3,0,1,0,0,0,0,3,1,6,1,80,11,-1,-1,-1,-1,1,-1
2015471503968,1,5,0,18,0,8,0,0,0,0,1,1,6,1,43,7,1157,1,10,-1,1,-1
2015471503968,2,9,0,9,0,8,0,0,0,0,2,1,6,2,21,5,1198,1,12,-1,1,-1
2015471503969,1,9,0,18,0,0,1,0,0,0,1,1,6,1,24,5,1598,1,25,-1,1,-1
2015471503969,2,9,0,18,0,0,0,0,0,0,0,1,6,1,30,6,-1,-1,-1,-1,-1,-1
2015471503969,3,9,0,18,0,0,1,0,1,4,2,1,6,1,83,11,989,1,17,-1,1,-1
2015471503971,1,9,0,9,0,8,0,0,0,0,0,1,6,1,34,6,1149,1,11,-1,1,-1
2015471503971,2,1,0,18,0,8,0,10,0,10,3,1,6,2,35,6,-1,-1,-1,-1,1,-1
2015471503972,1,9,0,18,0,0,1,11,0,4,1,1,6,1,20,4,1396,1,26,-1,1,-1
2015471503973,1,9,0,9,0,6,0,0,0,0,3,1,6,1,44,7,1997,2,5,-1,1,-1
2015471503973,2,5,0,16,0,8,1,0,0,0,1,1,6,1,25,5,749,1,24,-1,1,-1
2015471503974,1,11,0,2,0,0,0,0,0,0,0,1,6,1,62,9,9000,2,6,-1,1,-1
2015471503977,1,9,0,18,0,2,0,0,0,0,1,1,6,1,45,7,1781,1,16,-1,1,-1
2015471503978,1,9,0,18,0,0,0,0,0,0,4,1,6,2,21,5,1242,1,4,-1,3,-1
2015471503979,1,9,0,18,0,0,2,0,1,3,4,1,6,1,35,6,-1,-1,-1,-1,-1,-1
2015471503980,1,9,0,18,0,1,0,0,0,0,1,1,6,2,78,11,1796,1,9,-1,2,-1
2015471503980,2,9,0,4,0,1,0,0,0,0,2,1,6,1,60,9,1798,1,8,-1,1,-1
2015471503980,3,9,0,18,0,1,0,0,0,0,3,1,6,1,32,6,-1,-1,-1,-1,1,-1
2015471503985,1,9,0,9,0,2,0,0,0,0,1,1,6,1,34,6,1995,2,10,-1,1,-1
2015471503985,2,3,0,4,0,1,0,0,0,0,1,1,6,2,35,6,125,1,-1,-1,1,-1
2015471503987,1,9,0,18,0,0,0,0,0,0,1,1,6,1,66,10,1560,2,7,-1,1,-1
2015471503988,1,9,0,18,0,0,0,0,1,4,1,1,6,1,79,11,1686,2,17,-1,1,-1
2015471503989,1,9,0,18,0,0,0,0,0,0,1,1,6,2,23,5,1598,1,8,-1,1,-1
2015471503989,2,9,0,18,0,0,0,0,0,0,2,1,6,1,77,11,2429,1,10,-1,1,-1
2015471503989,3,21,4,18,0,0,0,0,0,0,0,1,6,3,-1,-1,-1,-1,-1,-1,-1,-1
2015471503990,1,9,0,18,0,0,0,0,0,0,2,1,2,1,55,8,-1,-1,-1,-1,2,-1
2015471503990,2,9,0,18,0,0,0,0,0,0,1,1,6,1,51,8,-1,-1,-1,-1,1,-1