Accident_Index,Vehicle_Reference,Vehicle_Type,Towing_and_Articulation,Vehicle_Manoeuvre,Vehicle_Location-Restricted_Lane,Junction_Location,Skidding_and_Overturning,Hit_Object_in_Carriageway,Vehicle_Leaving_Carriageway,Hit_Object_off_Carriageway,1st_Point_of_Impact,Was_Vehicle_Left_Hand_Drive?,Journey_Purpose_of_Driver,Sex_of_Driver,Age_of_Driver,Age_Band_of_Driver,Engine_Capacity_(CC),Propulsion_Code,Age_of_Vehicle,Driver_IMD_Decile,Driver_Home_Area_Type,Vehicle_IMD_Decile
2015471503993,1,9,0,18,0,1,0,0,0,0,1,1,6,1,32,6,2995,1,5,-1,3,-1
2015471503993,2,9,0,10,0,5,0,0,0,0,2,1,6,1,73,10,1799,1,17,-1,1,-1
2015471503995,1,1,0,4,0,1,1,0,0,0,0,1,6,1,65,9,-1,-1,-1,-1,1,-1
2015471503997,1,9,0,5,0,6,0,0,0,0,1,1,6,3,45,7,-1,-1,-1,-1,-1,-1
2015471503997,2,1,0,18,0,1,0,0,0,0,4,1,6,2,50,8,-1,-1,-1,-1,1,-1
2015471503998,1,9,0,5,0,3,0,0,0,0,1,1,6,1,60,9,1560,2,7,-1,1,-1
2015471503998,2,1,0,9,0,8,0,0,0,0,4,1,6,1,30,6,-1,-1,-1,-1,1,-1
2015471503999,1,3,0,18,0,0,1,0,0,0,3,1,2,2,20,4,125,1,8,-1,3,-1
2015471504002,1,9,0,18,0,0,0,0,0,0,4,1,6,2,86,11,1339,1,8,-1,3,-1
2015471504003,1,19,0,1,0,0,0,0,0,0,2,1,1,1,42,7,2198,2,1,-1,1,-1
2015471504003,2,2,0,4,0,0,0,0,0,0,1,1,6,2,16,4,49,1,-1,-1,1,-1
2015471504007,1,9,0,9,0,2,0,0,0,0,1,1,3,2,47,8,1910,2,7,-1,1,-1
2015471504007,2,9,0,18,0,1,0,0,0,0,4,1,3,2,68,10,1248,1,6,-1,1,-1
2015471504008,1,9,0,18,0,0,0,0,0,0,1,1,3,2,59,9,1150,1,8,-1,3,-1
2015471504008,2,9,0,18,0,0,0,0,0,0,1,1,6,2,27,6,-1,-1,-1,-1,2,-1
2015471504008,3,9,0,2,0,0,0,0,0,0,3,1,6,3,-1,-1,1339,1,5,-1,-1,-1
2015471504009,1,9,0,17,0,0,5,0,2,4,4,1,2,2,17,4,1242,1,1,-1,3,-1
2015471504010,1,19,0,9,0,8,0,0,0,0,1,1,1,1,25,5,1995,2,6,-1,1,-1
2015471504010,2,9,0,18,0,1,0,0,0,0,4,1,6,2,66,10,1997,1,13,-1,1,-1
2015471504010,3,9,0,8,0,1,0,0,0,0,1,1,6,1,68,10,2993,2,9,-1,1,-1
2015471504011,1,9,0,7,0,5,0,0,0,0,1,1,6,2,26,6,-1,-1,-1,-1,1,-1
2015471504011,2,1,0,18,4,2,1,10,1,2,2,1,6,1,35,6,-1,-1,-1,-1,1,-1
2015471504012,1,19,0,18,0,1,0,0,0,0,3,1,6,1,44,7,2461,2,12,-1,1,-1
2015471504012,2,9,0,18,0,1,0,0,0,0,3,1,6,2,27,6,1991,1,21,-1,1,-1
2015471504012,3,11,0,2,0,2,0,0,0,0,0,1,1,1,30,6,4500,2,3,-1,1,-1
2015471504013,1,9,0,13,0,1,0,0,7,0,4,1,3,2,41,7,1461,2,5,-1,2,-1
2015471504013,2,20,0,9,0,1,0,0,0,0,3,1,1,1,52,8,4461,2,6,-1,1,-1
2015471504019,1,5,0,18,0,3,0,0,1,0,1,1,2,1,51,8,998,1,12,-1,1,-1
2015471504021,1,9,0,4,0,1,0,0,0,0,1,1,6,2,20,4,1968,2,-1,-1,1,-1
2015471504021,2,9,0,3,0,1,0,0,0,0,2,1,6,1,18,4,1229,1,9,-1,1,-1
2015471504021,3,9,0,10,0,1,0,0,0,0,2,1,6,1,20,4,1685,2,4,-1,2,-1
2015471504022,1,1,0,18,0,2,0,0,0,0,4,1,1,1,45,7,-1,-1,-1,-1,-1,-1
2015471504023,1,9,0,16,0,0,1,0,1,9,3,1,2,2,32,6,-1,-1,-1,-1,1,-1
2015471504026,1,10,0,18,0,0,0,0,7,4,1,1,1,1,62,9,2463,2,9,-1,1,-1
2015471504028,1,22,0,18,9,1,0,0,0,0,0,1,6,1,94,11,-1,-1,-1,-1,1,-1
2015471504031,1,9,0,4,0,2,0,0,0,0,1,1,6,2,40,7,1229,1,7,-1,1,-1
2015471504031,2,9,0,3,0,2,0,0,0,0,2,1,6,1,40,7,-1,-1,-1,-1,-1,-1
2015471504031,3,9,0,3,0,1,0,0,0,0,2,1,6,1,50,8,1598,1,13,-1,1,-1
2015471504032,1,9,0,18,0,0,0,4,0,0,1,1,6,1,27,6,-1,-1,-1,-1,1,-1
2015471504032,2,9,0,2,0,0,0,0,0,0,2,1,6,3,-1,-1,1598,1,11,-1,-1,-1
2015471504033,1,9,0,11,0,3,0,0,0,0,4,1,6,1,48,8,5998,1,9,-1,1,-1
2015471504033,2,3,0,18,0,8,0,0,0,0,3,1,6,1,17,4,125,1,1,-1,3,-1
2015471504034,1,9,0,7,0,6,0,0,8,11,3,1,6,1,85,11,1896,2,9,-1,1,-1
2015471504034,2,9,0,18,0,8,0,0,0,0,1,1,6,2,20,4,1124,1,12,-1,1,-1
2015471504034,3,19,0,18,0,1,0,0,0,0,1,1,2,1,34,6,2461,2,10,-1,1,-1
2015471504035,1,9,0,7,0,1,0,0,0,0,4,1,6,1,40,7,998,1,-1,-1,1,-1
2015471504035,2,1,0,18,0,1,0,0,0,0,1,1,6,2,24,5,-1,-1,-1,-1,1,-1
2015471504036,1,9,0,18,0,0,5,0,0,0,4,1,6,1,26,6,1250,1,13,-1,1,-1
2015471504037,1,9,0,4,0,1,0,0,0,0,1,1,2,2,43,7,1598,1,3,-1,1,-1
2015471504037,2,9,0,10,0,1,0,0,0,0,0,1,2,1,44,7,1461,2,1,-1,3,-1
2015471504037,3,9,0,4,0,1,0,0,0,0,1,1,2,2,59,9,1299,1,11,-1,1,-1
2015471504037,4,9,0,4,0,1,0,0,0,0,1,1,2,2,50,8,1299,1,14,-1,1,-1
2015471504037,5,9,0,4,0,1,0,0,0,0,1,1,2,1,27,6,1896,2,16,-1,1,-1
2015471504038,1,9,0,18,0,0,0,0,0,0,1,1,6,2,52,8,1275,1,17,-1,3,-1
2015471504038,2,9,0,2,0,0,0,0,0,0,2,1,6,3,-1,-1,1896,2,13,-1,-1,-1
2015471504038,3,9,0,2,0,0,0,0,0,0,2,1,6,3,-1,-1,998,1,3,-1,-1,-1
2015471504039,1,9,0,18,0,0,0,0,0,0,1,1,6,1,70,10,1560,2,9,-1,1,-1
2015471504039,2,9,0,18,0,0,0,0,1,0,1,1,6,1,73,10,1598,1,9,-1,1,-1
2015471504039,3,9,0,18,0,0,0,0,0,0,0,1,6,1,46,8,-1,-1,-1,-1,1,-1
2015471504044,1,19,0,4,0,4,0,0,0,0,1,1,6,1,23,5,1248,2,2,-1,1,-1
2015471504044,2,9,0,3,0,1,0,0,0,0,2,1,6,2,60,9,1397,6,15,-1,3,-1
2015471504045,1,22,0,5,0,4,0,0,0,0,3,1,6,1,82,11,-1,-1,-1,-1,1,-1
2015471504045,2,11,0,5,0,4,0,0,0,0,1,1,1,1,57,9,4500,2,1,-1,1,-1
2015471504050,1,1,0,9,0,4,0,0,0,0,1,1,6,1,18,4,-1,-1,-1,-1,1,-1
2015471504050,2,9,0,4,0,4,0,0,0,0,2,1,6,2,59,9,1343,1,15,-1,1,-1
2015471504052,1,4,0,4,0,1,1,0,0,0,4,1,6,2,21,5,125,1,3,-1,1,-1
2015471504054,1,9,0,18,0,1,0,0,0,0,1,1,6,1,30,6,1399,2,3,-1,1,-1
2015471504054,2,9,0,4,0,1,0,0,0,0,2,1,6,1,25,5,1198,1,13,-1,1,-1
2015471504055,1,9,0,18,0,0,5,0,0,0,4,1,6,2,43,7,1598,1,12,-1,2,-1
2015471504056,1,9,0,18,0,0,5,0,1,9,4,1,6,2,19,4,1397,1,7,-1,1,-1
2015471504059,1,9,0,5,0,1,0,0,0,0,3,1,6,2,19,4,1242,1,6,-1,1,-1
2015471504061,1,9,0,13,0,5,0,0,0,0,0,1,6,1,30,6,-1,-1,-1,-1,-1,-1
2015471504061,2,11,0,5,0,1,0,0,0,0,0,1,1,1,53,8,9000,2,11,-1,1,-1
2015471504062,1,1,0,18,0,1,0,0,0,0,1,1,2,2,29,6,-1,-1,-1,-1,1,-1
2015471504062,2,1,0,18,0,1,0,0,0,0,2,1,2,2,40,7,-1,-1,-1,-1,1,-1
2015471504063,1,9,0,16,0,2,0,0,7,4,1,1,6,1,17,4,1229,1,7,-1,1,-1
2015471504064,1,9,0,18,0,0,1,0,7,0,4,1,6,1,18,4,1248,1,5,-1,1,-1
2015471504064,2,5,0,18,0,0,0,0,1,0,1,1,6,1,66,10,865,1,1,-1,1,-1
2015471504068,1,9,0,16,0,0,5,0,7,0,0,1,6,2,38,7,1968,2,3,-1,1,-1
2015471504069,1,9,0,9,0,5,0,0,0,0,1,1,6,1,45,7,1124,1,10,-1,2,-1
2015471504075,1,9,0,18,0,1,0,4,0,0,1,1,6,1,28,6,1296,1,8,-1,1,-1
2015471504075,2,9,0,3,0,1,0,4,0,0,2,1,6,2,33,6,1461,2,1,-1,2,-1
2015471504075,3,9,0,3,0,1,0,4,0,0,2,1,6,1,75,10,1590,1,14,-1,1,-1
2015471504075,4,19,0,3,0,2,0,0,0,0,2,1,6,1,32,6,1896,2,16,-1,1,-1
2015471504079,1,9,0,9,0,1,0,0,0,0,1,1,6,1,21,5,1108,1,6,-1,3,-1
2015471504079,2,9,0,18,0,1,0,0,0,0,4,1,6,1,22,5,1598,2,5,-1,1,-1
2015471504085,1,9,0,18,0,1,0,0,0,0,3,1,2,2,71,10,1753,2,13,-1,1,-1
2015471504086,1,19,0,17,0,0,1,0,7,3,1,1,1,1,22,5,1461,2,1,-1,1,-1
2015471504087,1,20,0,9,0,8,0,0,7,11,4,1,1,1,29,6,2143,2,2,-1,1,-1
2015471504087,2,9,0,18,0,8,0,0,0,0,1,1,2,2,30,6,1388,1,11,-1,1,-1
2015471504092,1,9,0,16,0,8,0,0,0,0,1,1,6,3,35,6,-1,-1,-1,-1,-1,-1
2015471504093,1,9,0,5,0,4,0,0,0,0,1,1,6,1,59,9,1360,1,6,-1,1,-1
2015471504093,2,3,0,18,0,1,0,0,0,0,4,1,6,2,73,10,124,1,9,-1,1,-1
2015471504097,1,2,0,18,0,0,0,0,0,0,1,1,1,1,51,8,125,1,1,-1,1,-1
2015471504097,2,9,0,18,0,0,0,0,0,0,2,1,6,1,27,6,1242,1,12,-1,-1,-1
2015471504098,1,9,0,18,0,0,0,4,0,0,1,1,6,1,50,8,1995,1,2,-1,1,-1
2015471504098,2,9,0,2,0,0,0,0,0,0,3,1,6,3,-1,-1,-1,-1,-1,-1,-1,-1
2015471504098,3,9,0,2,0,0,0,0,0,0,0,1,6,3,-1,-1,1596,1,2,-1,-1,-1
2015471504098,4,9,0,2,0,0,0,0,0,0,0,1,6,3,-1,-1,1149,1,11,-1,-1,-1
2015471504099,1,9,0,9,0,4,0,0,0,0,1,1,6,2,47,8,998,1,12,-1,1,-1
2015471504099,2,1,0,18,0,3,0,0,0,0,0,1,2,1,40,7,-1,-1,-1,-1,1,-1
2015471504101,1,9,0,9,0,5,0,0,0,0,1,1,6,2,75,10,1197,1,2,-1,2,-1
2015471504101,2,9,0,18,0,8,0,0,0,0,1,1,6,2,42,7,1596,1,4,-1,1,-1
2015471504102,1,9,0,4,0,0,0,0,0,0,1,1,6,1,48,8,1998,2,9,-1,1,-1
2015471504102,2,9,0,4,0,0,0,0,0,0,2,1,6,1,41,7,1499,2,-1,-1,1,-1
2015471504103,1,9,0,13,0,0,0,0,7,4,1,1,6,1,38,7,2967,2,7,-1,1,-1
2015471504103,2,9,0,18,0,0,0,0,0,0,4,1,6,2,65,9,1198,1,5,-1,1,-1
2015471504103,3,19,0,18,0,0,0,0,0,0,0,1,1,1,27,6,1753,2,4,-1,1,-1
2015471504104,1,9,0,9,0,8,0,0,0,0,3,1,6,2,60,9,1560,2,1,-1,2,-1
2015471504104,2,9,0,18,0,8,0,0,0,0,4,1,6,1,18,4,998,1,8,-1,3,-1
2015471504105,1,9,0,4,0,1,0,0,0,0,1,1,6,2,66,10,2179,2,5,-1,3,-1
2015471504105,2,9,0,9,0,5,0,0,0,0,2,1,6,2,25,5,1360,1,3,-1,1,-1
2015471504105,3,9,0,9,0,5,0,0,0,0,2,1,6,2,47,8,1598,1,3,-1,3,-1
2015471504108,1,9,0,18,0,1,0,0,0,0,1,1,6,2,40,7,1896,2,12,-1,1,-1
2015471504108,2,9,0,7,0,8,0,0,0,0,4,1,6,2,24,5,1364,1,8,-1,1,-1
2015471504110,1,5,0,18,0,2,0,0,0,0,0,1,6,1,66,10,656,1,6,-1,1,-1
2015471504112,1,9,0,18,0,1,1,0,0,0,1,1,6,2,76,11,1598,1,2,-1,1,-1
2015471504112,2,1,0,18,0,8,0,0,0,0,4,1,4,2,15,3,-1,-1,-1,-1,1,-1
2015471504113,1,9,0,7,0,6,0,0,0,0,4,1,6,1,34,6,1598,1,10,-1,1,-1
2015471504113,2,1,0,15,0,1,0,0,0,0,3,1,6,1,32,6,-1,-1,-1,-1,1,-1
2015471504116,1,3,0,18,0,1,1,0,0,3,1,1,6,1,27,6,125,1,12,-1,1,-1
2015471504117,1,9,0,18,0,0,0,0,2,3,4,1,6,1,61,9,-1,-1,-1,-1,1,-1
2015471504118,1,5,0,18,0,0,1,0,0,0,3,1,6,1,25,5,599,1,19,-1,3,-1
2015471504119,1,9,0,18,0,1,0,0,0,0,1,1,6,2,34,6,1753,2,11,-1,1,-1
2015471504119,2,9,0,18,0,1,0,0,0,0,2,1,6,1,56,9,1991,1,17,-1,1,-1
2015471504119,3,9,0,3,0,1,0,0,0,0,2,1,6,1,63,9,1910,2,8,-1,1,-1
2015471504120,1,9,0,17,0,5,1,10,7,11,4,1,6,1,20,4,1390,1,14,-1,1,-1
2015471504121,1,9,0,5,0,8,0,0,0,0,1,1,6,3,-1,-1,-1,-1,-1,-1,-1,-1
2015471504121,2,2,0,5,0,8,0,0,0,0,3,1,2,2,24,5,49,1,2,-1,2,-1
2015471504122,1,3,0,16,0,1,0,0,0,0,1,1,6,3,30,6,-1,-1,-1,-1,-1,-1
2015471504123,1,9,0,8,0,6,0,0,0,0,3,1,6,1,32,6,1896,2,10,-1,1,-1
2015471504123,2,1,0,18,0,1,0,0,0,0,1,1,6,1,51,8,-1,-1,-1,-1,1,-1
2015471504124,1,9,0,18,0,0,0,0,0,0,1,1,6,1,37,7,1339,1,9,-1,1,-1
2015471504124,2,9,0,4,0,0,0,0,0,0,2,1,6,1,54,8,1796,1,12,-1,1,-1
2015471504125,1,5,0,17,0,8,1,0,0,0,1,1,6,1,41,7,999,1,5,-1,1,-1
2015471504125,2,9,0,7,0,5,0,0,0,0,2,1,6,1,25,5,1598,2,2,-1,2,-1
2015471504125,3,5,0,17,0,8,1,0,0,0,0,1,6,1,49,8,998,1,7,-1,1,-1
2015471504126,1,9,0,4,0,3,0,0,0,0,1,1,6,1,26,6,1998,1,11,-1,1,-1
2015471504126,2,9,0,3,0,3,0,0,0,0,2,1,6,2,54,8,1598,1,11,-1,1,-1
2015471504129,1,9,0,18,0,0,0,0,0,0,1,1,6,1,76,11,1388,1,7,-1,3,-1
2015471504129,2,9,0,18,0,0,1,0,1,0,1,1,2,1,33,6,1364,2,3,-1,2,-1
2015471504135,1,1,0,18,9,1,0,0,0,0,1,1,6,1,16,4,-1,-1,-1,-1,3,-1
2015471504135,2,9,0,7,0,8,0,0,0,0,4,1,6,2,66,10,1397,1,2,-1,3,-1
2015471504136,1,9,0,18,0,0,0,0,0,0,1,1,6,1,30,6,998,1,17,-1,1,-1
2015471504136,2,9,0,4,0,0,0,0,0,0,2,1,6,1,44,7,1380,1,13,-1,1,-1
2015471504137,1,9,0,18,0,0,0,0,0,0,1,1,2,2,39,7,1968,2,1,-1,1,-1
2015471504137,2,9,0,2,0,0,0,0,0,0,2,1,6,2,54,8,1299,1,9,-1,1,-1
2015471504139,1,19,0,5,6,6,0,0,0,0,0,1,1,1,50,8,1896,2,11,-1,1,-1
2015471504139,2,11,0,18,0,1,1,0,0,0,0,1,1,1,31,6,3900,2,9,-1,1,-1
2015471504140,1,9,0,9,0,8,0,0,0,0,1,1,6,2,30,6,1388,1,11,-1,-1,-1
2015471504140,2,3,0,18,0,8,0,0,0,0,3,1,6,1,29,6,599,1,14,-1,1,-1
2015471504141,1,9,0,9,0,8,0,0,0,0,3,1,2,1,40,7,1560,2,10,-1,1,-1
2015471504141,2,9,0,18,0,8,0,0,0,0,1,1,6,1,76,11,1198,1,5,-1,1,-1
2015471504143,1,9,0,9,0,8,0,0,0,0,4,1,6,1,69,10,1560,2,3,-1,3,-1
2015471504143,2,3,0,18,0,1,0,0,0,0,1,1,6,2,26,6,124,1,3,-1,1,-1
2015471504147,1,9,0,16,0,0,0,0,7,0,3,1,6,1,33,6,1596,1,11,-1,1,-1
2015471504147,2,9,0,17,0,0,0,0,0,0,3,1,6,1,76,11,1590,1,11,-1,2,-1
2015471504147,3,8,0,16,0,0,0,0,0,0,1,1,1,1,29,6,2198,2,2,-1,1,-1
2015471504150,1,9,0,5,0,8,0,0,0,0,4,1,6,1,52,8,1398,1,5,-1,1,-1
2015471504150,2,1,0,18,0,8,0,0,0,0,1,1,6,1,28,6,-1,-1,-1,-1,1,-1
2015471504151,1,1,0,18,9,8,0,0,0,0,1,1,1,1,14,3,-1,-1,-1,-1,1,-1
2015471504151,2,8,0,7,0,5,0,0,0,0,1,1,1,1,55,8,1997,2,11,-1,1,-1
2015471504152,1,9,0,17,0,0,0,0,7,4,1,1,6,2,34,6,1560,2,2,-1,1,-1
2015471504153,1,9,0,16,0,0,2,10,8,4,3,1,6,1,21,5,1199,1,14,-1,1,-1
2015471504154,1,3,0,18,0,1,0,0,0,0,1,1,6,1,35,6,124,1,6,-1,2,-1
2015471504154,2,9,0,18,0,1,0,0,0,0,2,1,6,1,39,7,1997,2,5,-1,2,-1
2015471504154,3,19,0,10,0,1,0,0,0,0,0,1,1,1,35,6,1248,2,5,-1,1,-1
2015471504155,1,21,1,18,0,1,0,0,0,0,1,2,1,1,21,5,-1,-1,-1,-1,-1,-1
2015471504155,2,9,0,18,0,1,1,0,1,1,2,1,6,1,74,10,1968,2,1,-1,1,-1
2015471504156,1,5,0,9,0,6,0,0,0,0,3,1,2,1,42,7,-1,-1,-1,-1,1,-1
2015471504156,2,9,0,18,0,1,0,0,0,0,1,1,6,2,20,4,1598,1,9,-1,1,-1
2015471504157,1,9,0,18,0,1,0,0,0,0,1,1,6,1,33,6,2497,2,10,-1,1,-1
2015471504157,2,9,0,16,0,1,0,0,0,0,4,1,6,1,26,6,2993,2,9,-1,1,-1
2015471504159,1,1,0,18,0,0,0,11,0,0,1,1,2,1,28,6,-1,-1,-1,-1,2,-1
2015471504163,1,9,0,4,0,1,0,0,0,0,1,1,6,1,80,11,1796,1,4,-1,1,-1
2015471504163,2,9,0,8,0,4,0,0,0,0,2,1,6,2,45,7,1349,1,1,-1,1,-1
2015471504165,1,9,0,18,0,0,0,0,0,0,1,1,6,2,56,9,1560,2,2,-1,3,-1
2015471504165,2,9,0,3,0,0,0,0,0,0,2,1,2,2,24,5,1598,2,1,-1,1,-1
2015471504165,3,9,0,18,0,0,0,0,0,0,1,1,2,1,41,7,1560,2,-1,-1,3,-1
2015471504165,4,9,0,3,0,0,0,0,0,0,2,1,2,2,24,5,1149,1,12,-1,3,-1
2015471504165,5,9,0,3,0,0,0,0,0,0,2,1,6,1,44,7,1390,1,1,-1,1,-1
2015471504166,1,9,0,7,0,8,0,0,0,0,1,1,6,1,30,6,1397,1,13,-1,1,-1
2015471504166,2,1,0,18,0,8,0,0,0,0,2,1,6,2,47,8,-1,-1,-1,-1,1,-1
2015471504168,1,9,0,9,0,8,0,0,0,0,1,1,2,1,58,9,1560,2,4,-1,1,-1
2015471504168,2,9,0,18,0,8,0,0,0,0,1,1,2,1,52,8,1798,1,15,-1,1,-1
2015471504169,1,9,0,16,0,0,5,0,1,0,1,1,6,1,79,11,1298,1,14,-1,1,-1
2015471504170,1,9,0,18,0,1,0,0,0,0,1,1,1,2,56,9,1995,2,1,-1,3,-1
2015471504170,2,8,0,3,0,1,0,0,0,0,2,1,1,1,28,6,1896,2,8,-1,1,-1
2015471504170,3,9,0,10,0,1,0,0,0,0,2,1,1,1,33,6,998,1,2,-1,1,-1
2015471504171,1,11,0,9,0,8,0,0,0,0,1,1,1,1,45,7,9000,2,10,-1,1,-1
2015471504171,2,9,0,4,0,8,0,0,0,0,2,1,6,1,40,7,2143,2,1,-1,-1,-1
2015471504173,1,19,0,18,0,1,1,0,0,0,1,1,6,1,61,9,2499,2,3,-1,3,-1
2015471504173,2,9,0,18,0,2,0,0,0,0,1,1,6,2,49,8,2982,2,10,-1,3,-1
2015471504174,1,9,0,5,0,8,0,0,0,0,3,1,6,1,65,9,1240,1,6,-1,1,-1
2015471504174,2,11,0,5,2,8,0,0,0,0,1,1,1,1,63,9,7300,2,1,-1,1,-1
2015471504175,1,9,0,6,0,0,0,0,0,0,0,1,6,1,77,11,2400,2,7,-1,1,-1
2015471504175,2,1,0,18,0,0,0,0,0,0,0,1,6,1,55,8,-1,-1,-1,-1,1,-1
2015471504176,1,9,0,18,0,4,0,0,0,0,1,1,6,1,30,6,1598,1,9,-1,1,-1
2015471504176,2,1,0,18,0,3,0,0,0,0,4,1,6,2,17,4,-1,-1,-1,-1,3,-1
2015471504177,1,9,0,18,0,0,0,0,0,0,1,1,6,1,81,11,796,1,14,-1,2,-1
2015471504177,2,1,0,18,0,0,0,0,0,0,2,1,6,1,80,11,-1,-1,-1,-1,-1,-1
2015471504178,1,9,0,5,0,1,0,0,0,0,1,1,2,1,34,6,2184,2,6,-1,1,-1
2015471504178,2,1,0,17,0,8,0,0,0,0,2,1,2,1,27,6,-1,-1,-1,-1,1,-1
2015471504179,1,9,0,16,0,0,1,0,7,11,1,1,6,1,32,6,1299,1,13,-1,1,-1
2015471504180,1,5,0,18,0,1,0,0,0,0,1,1,6,1,21,5,750,1,7,-1,1,-1
2015471504180,2,11,0,18,0,1,0,0,0,0,2,1,1,1,33,6,9600,2,17,-1,1,-1
2015471504182,1,9,0,18,0,8,0,0,0,0,1,1,6,2,21,5,1596,1,4,-1,1,-1
2015471504182,2,9,0,10,0,1,0,0,0,0,2,1,6,2,47,8,1984,1,21,-1,1,-1
2015471504183,1,9,0,13,0,0,2,0,2,7,1,1,6,1,42,7,1997,1,15,-1,1,-1
2015471504184,1,9,0,9,0,6,0,0,0,0,1,1,6,2,49,8,1998,2,5,-1,1,-1
2015471504184,2,9,0,9,0,1,0,0,0,0,3,1,6,1,31,6,1397,1,8,-1,1,-1
2015471504188,1,9,0,18,0,0,1,0,0,0,1,1,6,1,36,7,1910,2,8,-1,1,-1
2015471504188,2,9,0,18,0,0,0,0,0,0,2,1,6,1,73,10,1599,1,8,-1,1,-1
2015471504188,3,19,0,18,0,0,0,0,0,0,2,1,1,1,45,7,1753,2,6,-1,1,-1
2015471504189,1,19,0,18,0,8,0,0,0,0,1,1,1,1,53,8,1598,2,1,-1,1,-1
2015471504189,2,9,0,7,0,8,0,0,0,0,2,1,6,2,51,8,1951,2,14,-1,1,-1
2015471504190,1,9,0,9,0,1,0,0,0,0,4,1,6,2,63,9,1386,1,11,-1,1,-1
2015471504190,2,9,0,18,0,1,0,0,0,0,1,1,6,1,26,6,1999,1,7,-1,1,-1
2015471504191,1,21,0,18,0,0,0,0,0,0,1,1,1,1,69,10,4500,2,8,-1,3,-1
2015471504191,2,9,0,4,0,0,0,0,0,0,2,1,1,1,39,7,1686,2,4,-1,1,-1
2015471504191,3,9,0,4,0,0,0,0,0,0,2,1,2,1,58,9,1796,1,1,-1,3,-1
2015471504191,4,9,0,4,0,0,0,0,0,0,2,1,2,2,22,5,1796,1,1,-1,1,-1
2015471504192,1,21,1,18,0,2,0,0,0,0,0,1,6,1,43,7,11705,2,8,-1,1,-1
2015471504192,2,9,0,18,0,1,0,0,0,0,0,1,6,2,40,7,2776,2,8,-1,1,-1
2015471504193,1,9,0,18,0,6,0,0,7,1,4,1,6,2,35,6,1799,1,8,-1,3,-1
2015471504193,2,9,0,18,0,8,0,0,0,0,1,1,6,2,74,10,1995,1,12,-1,3,-1
2015471504194,1,11,0,2,0,1,0,0,0,0,0,1,1,1,63,9,5132,2,-1,-1,1,-1
2015471504196,1,3,0,14,0,1,0,0,0,0,1,1,2,1,27,6,125,1,1,-1,1,-1
2015471504196,2,9,0,10,0,1,0,0,0,0,1,1,6,1,73,10,2199,2,3,-1,3,-1
2015471504197,1,9,0,18,0,0,0,0,0,0,1,1,6,2,21,5,1461,2,11,-1,3,-1
2015471504197,2,9,0,18,0,0,0,0,0,0,1,1,6,2,87,11,1598,1,8,-1,3,-1
2015471504197,3,9,0,18,0,0,0,0,0,0,1,1,6,2,83,11,1348,1,13,-1,3,-1
2015471504199,1,9,0,18,0,1,0,0,0,0,1,1,1,1,19,4,1299,1,13,-1,1,-1
2015471504199,2,9,0,10,0,1,0,0,0,0,2,1,6,1,42,7,1968,2,7,-1,1,-1
2015471504200,1,9,0,18,0,0,0,0,0,0,1,1,6,2,31,6,1497,1,9,-1,2,-1
2015471504200,2,9,0,18,0,0,0,0,0,0,2,1,6,1,49,8,1896,2,6,-1,1,-1
2015471504200,3,19,0,18,0,0,0,0,0,0,0,1,6,1,30,6,-1,-1,-1,-1,-1,-1
2015471504201,1,9,3,13,0,0,0,0,0,0,4,1,6,3,30,6,-1,-1,-1,-1,-1,-1
2015471504201,2,1,0,18,0,0,0,0,0,0,3,1,6,1,61,9,-1,-1,-1,-1,1,-1
2015471504203,1,9,0,7,5,8,0,0,0,0,3,1,6,1,50,8,1798,1,12,-1,1,-1
2015471504203,2,1,0,18,5,8,0,0,0,0,1,1,2,1,50,8,-1,-1,-1,-1,1,-1
2015471504205,1,5,0,16,0,0,0,0,1,0,4,1,6,1,66,10,999,1,9,-1,2,-1
2015471504207,1,9,0,18,0,1,0,0,0,0,1,1,6,1,25,5,2495,2,19,-1,1,-1
2015471504207,2,9,0,18,0,1,0,0,1,0,2,1,2,1,64,9,1689,2,13,-1,1,-1
2015471504209,1,1,0,18,0,1,0,0,0,0,1,1,6,1,24,5,-1,-1,-1,-1,-1,-1
2015471504209,2,19,0,7,0,5,0,0,0,0,4,1,1,1,30,6,1968,2,-1,-1,1,-1
2015471504212,1,9,0,5,0,8,0,0,0,0,1,1,6,2,77,11,-1,-1,-1,-1,1,-1
2015471504212,2,2,0,18,0,1,0,0,0,0,1,1,6,2,21,5,49,1,10,-1,1,-1
2015471504213,1,9,0,9,0,6,0,0,0,0,1,1,6,2,31,6,1997,2,7,-1,1,-1
2015471504213,2,9,0,18,0,8,0,0,0,0,3,1,6,2,67,10,1749,1,14,-1,1,-1
2015471504214,1,9,0,9,0,8,0,0,0,0,4,1,6,1,71,10,1968,2,-1,-1,-1,-1
2015471504214,2,9,0,18,0,8,0,0,0,0,1,1,6,2,29,6,1596,1,7,-1,1,-1
2015471504214,3,9,0,9,0,2,0,0,0,0,0,1,6,3,-1,-1,-1,-1,-1,-1,-1,-1