Accident_Index,Vehicle_Reference,Vehicle_Type,Towing_and_Articulation,Vehicle_Manoeuvre,Vehicle_Location-Restricted_Lane,Junction_Location,Skidding_and_Overturning,Hit_Object_in_Carriageway,Vehicle_Leaving_Carriageway,Hit_Object_off_Carriageway,1st_Point_of_Impact,Was_Vehicle_Left_Hand_Drive?,Journey_Purpose_of_Driver,Sex_of_Driver,Age_of_Driver,Age_Band_of_Driver,Engine_Capacity_(CC),Propulsion_Code,Age_of_Vehicle,Driver_IMD_Decile,Driver_Home_Area_Type,Vehicle_IMD_Decile
2015471504215,1,1,0,18,0,1,0,0,0,0,1,1,6,1,23,5,-1,-1,-1,-1,1,-1
2015471504215,2,9,0,2,0,1,0,0,0,0,2,1,6,3,-1,-1,1598,1,17,-1,-1,-1
2015471504216,1,9,0,9,0,6,0,0,0,0,3,1,6,1,75,10,1968,2,3,-1,1,-1
2015471504216,2,9,0,18,0,1,0,0,0,1,1,1,6,2,47,8,1560,2,4,-1,1,-1
2015471504217,1,19,0,18,0,8,0,0,0,0,3,1,2,1,25,5,2402,2,14,-1,1,-1
2015471504217,2,9,0,18,0,1,0,0,0,0,1,1,6,2,38,7,1796,1,4,-1,1,-1
2015471504221,1,9,0,18,0,1,0,0,0,0,1,1,6,1,35,6,1895,1,13,-1,1,-1
2015471504221,2,9,0,10,0,1,0,0,0,0,2,1,6,1,26,6,1587,1,15,-1,1,-1
2015471504223,1,9,0,18,0,6,0,0,0,0,1,1,6,3,-1,-1,-1,-1,-1,-1,-1,-1
2015471504225,1,9,0,4,0,1,0,0,0,0,1,1,6,1,48,8,2400,2,3,-1,3,-1
2015471504226,1,9,0,18,0,0,5,0,8,10,3,1,6,1,68,10,2987,2,-1,-1,1,-1
2015471504226,2,9,0,18,0,0,0,0,0,0,3,1,6,3,-1,-1,-1,-1,-1,-1,-1,-1
2015471504226,3,9,0,18,0,0,0,0,0,0,3,1,6,1,32,6,1753,2,13,-1,3,-1
2015471504227,1,9,0,7,0,8,0,0,7,10,1,1,6,2,46,8,1769,1,14,-1,1,-1
2015471504229,1,9,0,6,0,8,5,10,1,1,1,1,6,1,31,6,2979,1,15,-1,1,-1
2015471504229,2,9,0,18,0,8,0,0,0,0,0,1,6,1,30,6,3246,1,12,-1,3,-1
2015471504229,3,9,0,18,0,1,0,0,0,0,0,1,6,1,30,6,-1,-1,-1,-1,-1,-1
2015471504231,1,9,0,5,0,8,0,0,0,0,3,1,6,1,83,11,1796,1,14,-1,1,-1
2015471504231,2,4,0,18,0,8,0,0,0,0,3,1,6,1,23,5,-1,-1,-1,-1,3,-1
2015471504233,1,2,0,18,0,0,0,0,0,0,4,1,6,1,17,4,49,1,4,-1,-1,-1
2015471504235,1,9,0,15,0,0,0,0,0,0,1,1,6,1,62,9,2946,1,11,-1,-1,-1
2015471504235,2,9,0,4,0,0,0,0,0,0,2,1,6,2,38,7,1598,1,9,-1,1,-1
2015471504235,3,9,0,4,0,0,0,0,0,0,2,1,1,1,47,8,1598,1,6,-1,-1,-1
2015471504237,1,9,0,18,0,0,0,10,0,0,3,1,6,2,22,5,998,1,1,-1,1,-1
2015471504237,2,9,0,2,0,0,0,0,0,0,3,1,6,3,-1,-1,1995,2,4,-1,-1,-1
2015471504237,3,9,0,2,0,0,0,0,0,0,2,1,6,3,-1,-1,1999,1,9,-1,-1,-1
2015471504237,4,9,0,2,0,0,0,0,0,0,2,1,6,3,-1,-1,1998,2,9,-1,-1,-1
2015471504238,1,19,0,18,0,8,0,0,2,10,4,1,6,1,25,5,2198,2,2,-1,1,-1
2015471504239,1,9,0,5,0,0,0,0,0,0,0,1,6,1,83,11,1587,1,9,-1,-1,-1
2015471504239,2,9,0,4,0,0,0,0,0,0,0,1,1,1,47,8,-1,-1,-1,-1,1,-1
2015471504240,1,19,0,5,0,6,0,0,0,0,1,1,1,1,38,7,1968,2,3,-1,3,-1
2015471504240,2,8,0,18,0,1,0,0,1,5,3,1,1,1,59,9,1560,2,5,-1,3,-1
2015471504240,3,9,0,18,0,1,0,0,0,0,0,1,6,1,56,9,2993,2,5,-1,-1,-1
2015471504241,1,5,0,16,0,0,0,0,0,0,1,1,6,1,26,6,645,1,8,-1,1,-1
2015471504241,2,9,0,3,0,0,0,0,0,0,2,1,6,1,61,9,3199,1,12,-1,3,-1
2015471504243,1,19,0,3,0,3,0,0,0,0,3,1,6,1,30,6,2283,2,15,-1,-1,-1
2015471504243,2,3,0,14,0,3,0,0,0,0,4,1,2,1,26,6,124,1,1,-1,1,-1
2015471504244,1,9,0,5,0,8,0,0,0,0,1,1,6,3,-1,-1,1998,1,13,-1,-1,-1
2015471504244,2,1,0,18,0,8,0,0,0,0,1,1,6,2,17,4,-1,-1,-1,-1,1,-1
2015471504247,1,9,0,18,0,4,0,0,0,0,1,1,6,2,47,8,1339,1,6,-1,1,-1
2015471504247,2,1,0,9,0,3,0,0,0,0,2,1,6,1,37,7,-1,-1,-1,-1,1,-1
2015471504248,1,9,0,17,0,1,0,0,1,0,1,1,6,1,29,6,1248,2,7,-1,1,-1
2015471504248,2,9,0,16,0,1,0,0,1,0,1,1,6,1,81,11,1200,1,-1,-1,3,-1
2015471504249,1,9,0,18,0,2,2,0,1,0,3,2,6,1,37,7,-1,-1,-1,-1,-1,-1
2015471504249,2,9,0,18,0,2,1,0,1,0,1,1,6,1,42,7,2495,2,12,-1,1,-1
2015471504253,1,9,0,16,0,1,1,0,0,0,1,1,6,2,21,5,-1,-1,-1,-1,1,-1
2015471504253,2,9,0,10,0,1,0,0,0,0,2,1,6,1,44,7,1995,2,15,-1,1,-1
2015471504254,1,9,0,18,0,0,0,0,0,0,1,1,6,1,19,4,-1,-1,-1,-1,1,-1
2015471504255,1,9,0,18,0,0,1,0,1,4,4,1,6,2,51,8,1296,1,8,-1,2,-1
2015471504255,2,21,0,18,0,0,0,0,0,0,1,1,1,1,48,8,9200,2,10,-1,2,-1
2015471504256,1,9,0,9,0,6,0,0,0,0,4,1,6,1,65,9,1968,2,2,-1,1,-1
2015471504256,2,9,0,18,0,8,0,0,0,0,1,1,6,2,52,8,-1,-1,-1,-1,1,-1
2015471504260,1,9,0,18,0,2,0,0,0,0,2,1,6,3,50,8,1998,1,12,-1,-1,-1
2015471504260,2,8,0,18,0,1,0,0,0,0,1,1,6,1,44,7,1560,2,6,-1,1,-1
2015471504261,1,9,0,17,0,0,5,0,7,11,1,1,6,1,17,4,1198,1,7,-1,3,-1
2015471504262,1,9,0,16,0,0,2,0,1,0,4,1,2,1,26,6,1998,1,21,-1,1,-1
2015471504263,1,9,0,18,0,8,0,0,0,0,4,1,6,1,79,11,1086,1,10,-1,2,-1
2015471504263,2,1,0,18,4,1,0,0,0,0,1,1,6,1,50,8,-1,-1,-1,-1,3,-1
2015471504266,1,9,0,16,0,3,1,0,1,2,3,1,2,2,29,6,1560,2,8,-1,1,-1
2015471504267,1,9,0,17,0,0,1,0,2,4,3,1,6,2,28,6,1995,1,13,-1,1,-1
2015471504268,1,9,0,17,0,0,2,0,2,10,1,1,6,1,54,8,3596,1,11,-1,1,-1
2015471504269,1,1,0,18,5,6,0,0,0,0,3,1,6,1,14,3,-1,-1,-1,-1,2,-1
2015471504269,2,9,0,18,0,6,0,0,0,0,1,1,6,2,54,8,1581,1,16,-1,2,-1
2015471504271,1,1,0,7,0,6,0,0,0,0,2,1,6,1,19,4,-1,-1,-1,-1,1,-1
2015471504271,2,9,0,4,0,2,0,0,0,0,2,1,6,2,40,7,1498,1,3,-1,-1,-1
2015471504272,1,9,0,1,0,8,0,0,0,0,0,1,6,1,76,11,1396,1,13,-1,2,-1
2015471504272,2,1,0,4,0,1,0,0,0,0,0,1,6,1,42,7,-1,-1,-1,-1,1,-1
2015471504274,1,20,0,16,0,0,0,0,0,0,0,1,6,3,-1,-1,-1,-1,-1,-1,-1,-1
2015471504274,2,9,0,17,0,0,1,0,1,3,1,1,2,1,22,5,1991,1,19,-1,3,-1
2015471504275,1,9,0,12,0,0,0,0,0,0,1,1,6,2,22,5,1399,2,13,-1,1,-1
2015471504275,2,11,0,18,0,0,0,0,0,0,4,1,6,1,56,9,5900,2,12,-1,1,-1
2015471504275,3,8,0,2,0,0,0,0,0,0,3,1,1,2,41,7,1956,2,4,-1,1,-1
2015471504276,1,9,0,18,0,0,1,0,1,1,2,1,6,1,36,7,-1,-1,-1,-1,1,-1
2015471504279,1,1,0,18,0,0,0,0,0,0,1,1,6,2,27,6,-1,-1,-1,-1,1,-1
2015471504282,1,9,0,17,0,0,0,0,1,4,0,1,6,2,21,5,1956,2,1,-1,1,-1
2015471504284,1,9,0,9,0,6,0,0,0,0,3,1,6,1,56,9,1968,2,9,-1,3,-1
2015471504284,2,9,0,18,0,8,0,0,0,0,1,1,6,2,37,7,1997,2,6,-1,3,-1
2015471504285,1,9,0,18,0,0,1,0,7,4,1,1,6,1,32,6,998,1,3,-1,1,-1
2015471504285,2,9,0,18,0,0,1,0,1,0,1,1,6,1,55,8,1461,2,9,-1,1,-1
2015471504286,1,9,4,18,0,1,0,0,0,0,1,1,6,2,30,6,1242,1,2,-1,1,-1
2015471504286,2,9,0,9,0,1,0,0,0,0,2,1,6,2,49,8,1461,2,1,-1,1,-1
2015471504287,1,19,0,18,0,0,5,0,0,6,1,1,1,1,47,8,1300,1,6,-1,1,-1
2015471504291,1,9,0,18,0,0,0,0,0,0,1,1,6,1,40,7,-1,-1,-1,-1,-1,-1
2015471504292,1,9,0,10,0,1,0,0,0,0,1,1,6,1,77,11,2993,2,3,-1,2,-1
2015471504292,2,9,0,18,0,1,0,0,0,0,1,1,1,2,85,11,1339,1,3,-1,2,-1
2015471504295,1,9,0,16,0,0,0,0,0,0,1,1,6,1,40,7,1896,2,12,-1,2,-1
2015471504295,2,9,0,17,0,0,0,0,0,0,1,1,6,2,20,4,1242,1,8,-1,2,-1
2015471504296,1,9,0,18,0,5,0,0,7,11,1,1,6,2,27,6,1360,1,13,-1,1,-1
2015471504297,1,9,0,4,0,0,1,0,0,0,1,1,6,3,50,8,1796,1,13,-1,-1,-1
2015471504297,2,9,0,4,0,0,0,0,0,0,2,1,2,2,39,7,1497,8,-1,-1,1,-1
2015471504298,1,9,0,16,0,0,0,0,1,4,3,1,6,1,21,5,1400,1,15,-1,3,-1
2015471504300,1,3,0,17,0,0,1,0,1,0,4,1,6,1,21,5,124,1,2,-1,1,-1
2015471504301,1,9,0,16,0,0,2,10,1,11,1,1,1,1,22,5,1198,1,12,-1,1,-1
2015471504302,1,9,2,13,0,3,0,0,0,0,4,1,6,1,20,4,-1,-1,-1,-1,3,-1
2015471504302,2,1,0,18,0,2,1,0,0,0,3,1,6,2,71,10,-1,-1,-1,-1,1,-1
2015471504306,1,9,0,9,0,8,0,0,0,0,4,1,6,2,66,10,1386,1,2,-1,1,-1
2015471504306,2,5,0,18,0,1,0,0,0,0,1,1,6,1,54,8,1150,1,13,-1,1,-1
2015471504308,1,9,0,16,0,5,0,0,0,0,0,1,6,3,-1,-1,-1,-1,-1,-1,-1,-1
2015471504308,2,9,0,16,0,5,0,0,2,7,1,1,2,1,32,6,999,1,8,-1,1,-1
2015471504311,1,9,0,9,0,6,0,0,0,0,1,1,6,1,59,9,1242,1,5,-1,1,-1
2015471504313,1,9,0,18,0,4,0,0,0,0,1,1,6,1,82,11,1587,1,13,-1,3,-1
2015471504313,2,9,0,10,0,4,0,0,0,0,2,1,6,2,57,9,1368,1,5,-1,1,-1
2015471504314,1,19,0,7,4,5,0,0,0,0,1,1,6,3,30,6,-1,-1,-1,-1,1,-1
2015471504314,2,1,0,18,4,8,0,0,0,0,1,1,6,1,35,6,-1,-1,-1,-1,1,-1
2015471504316,1,9,0,9,0,8,0,0,0,0,1,1,6,2,47,8,1686,2,4,-1,2,-1
2015471504316,2,9,0,18,0,8,0,10,7,1,1,1,2,1,35,6,1900,2,11,-1,1,-1
2015471504317,1,5,0,18,0,0,0,0,0,0,3,1,6,1,55,8,-1,-1,-1,-1,1,-1
2015471504317,2,9,0,18,0,0,0,0,0,0,1,2,6,1,25,5,1598,1,2,-1,1,-1
2015471504318,1,19,0,18,0,1,0,0,0,0,4,1,1,1,46,8,2287,2,2,-1,1,-1
2015471504319,1,9,0,7,0,8,1,0,1,9,1,1,2,1,48,8,1598,1,13,-1,1,-1
2015471504319,2,21,1,8,0,1,0,0,0,0,1,1,1,1,26,6,8867,2,7,-1,2,-1
2015471504320,1,9,0,16,0,8,1,10,7,0,1,1,6,1,26,6,1229,1,10,-1,2,-1
2015471504320,2,21,4,17,0,8,0,0,0,0,3,1,1,1,40,7,4500,2,8,-1,3,-1
2015471504321,1,9,0,16,0,0,0,0,0,0,0,1,6,3,-1,-1,-1,-1,-1,-1,-1,-1
2015471504321,2,9,0,17,0,0,2,0,2,10,1,1,1,1,24,5,2402,2,6,-1,3,-1
2015471504325,1,9,0,7,0,8,0,0,0,0,1,1,6,3,-1,-1,1796,1,8,-1,-1,-1
2015471504325,2,9,0,18,0,1,0,0,0,0,1,1,6,2,35,6,1242,1,13,-1,1,-1
2015471504328,1,9,0,1,0,0,0,0,0,0,2,1,6,1,26,6,1995,1,13,-1,1,-1
2015471504328,2,9,0,2,0,0,0,0,0,0,2,1,6,2,27,6,998,1,2,-1,1,-1
2015471504330,1,9,0,18,0,1,0,0,0,0,1,1,6,2,50,8,1596,1,9,-1,-1,-1
2015471504330,2,9,0,18,0,1,0,0,0,0,3,1,6,1,56,9,1783,1,14,-1,1,-1
2015471504331,1,1,0,18,0,2,0,0,0,0,4,1,6,1,27,6,-1,-1,-1,-1,3,-1
2015471504331,2,9,0,18,0,8,0,0,0,0,1,1,2,2,22,5,999,1,-1,-1,1,-1
2015471504332,1,11,0,4,0,1,0,0,0,0,4,1,1,1,42,7,9360,2,3,-1,1,-1
2015471504333,1,9,0,18,0,8,0,0,0,0,3,1,6,2,53,8,1598,1,8,-1,1,-1
2015471504333,2,9,0,18,0,8,0,0,0,0,1,1,2,1,28,6,-1,-1,-1,-1,1,-1
2015471504335,1,9,0,17,0,0,5,4,7,0,1,1,6,1,85,11,1598,1,4,-1,1,-1
2015471504335,2,9,0,2,0,0,0,4,0,0,2,1,6,3,-1,-1,1360,1,12,-1,-1,-1
2015471504335,3,9,0,2,0,0,0,4,0,0,1,1,6,3,-1,-1,1796,1,19,-1,-1,-1
2015471504342,1,9,0,13,0,0,0,0,0,0,0,1,6,3,-1,-1,-1,-1,-1,-1,-1,-1
2015471504342,2,1,0,18,0,0,0,0,1,9,4,1,6,2,49,8,-1,-1,-1,-1,1,-1
2015471504344,1,19,0,18,0,0,0,0,0,0,1,1,1,1,21,5,1896,2,8,-1,1,-1
2015471504344,2,9,0,4,0,0,0,0,0,0,2,1,6,2,42,7,1956,2,1,-1,1,-1
2015471504344,3,9,0,18,0,0,0,0,0,0,2,1,6,1,50,8,1598,1,10,-1,1,-1
2015471504345,1,9,0,18,0,8,0,0,0,0,1,1,6,2,25,5,1398,1,-1,-1,1,-1
2015471504345,2,9,0,18,0,8,0,0,0,0,2,1,6,1,39,7,1242,1,6,-1,3,-1
2015471504346,1,9,0,7,0,6,0,0,0,0,1,1,6,1,48,8,-1,-1,-1,-1,1,-1
2015471504346,2,9,0,18,0,8,1,0,0,0,3,1,6,2,32,6,1598,1,14,-1,1,-1
2015471504346,3,9,0,2,0,8,0,0,0,0,1,1,6,3,-1,-1,1200,1,24,-1,-1,-1
2015471504347,1,9,0,18,0,1,0,0,0,0,1,1,6,1,26,6,1499,2,-1,-1,1,-1
2015471504347,2,9,0,18,0,1,0,0,0,0,1,1,6,1,21,5,1968,2,-1,-1,1,-1
2015471504347,3,9,0,18,0,1,0,0,0,0,2,1,6,1,21,5,1968,2,1,-1,1,-1
2015471504349,1,9,0,9,0,6,0,0,0,0,3,1,2,1,26,6,1242,1,3,-1,1,-1
2015471504349,2,9,0,18,0,1,0,0,0,0,1,1,2,2,40,7,-1,-1,-1,-1,3,-1
2015471504350,1,9,0,4,0,1,0,0,0,0,4,1,6,3,-1,-1,1999,1,3,-1,-1,-1
2015471504350,2,1,0,18,0,1,0,0,0,0,1,1,2,1,55,8,-1,-1,-1,-1,1,-1
2015471504351,1,9,0,5,9,0,0,0,0,0,3,1,2,2,33,6,1596,1,13,-1,1,-1
2015471504353,1,9,0,9,0,4,0,0,0,0,1,1,1,1,52,8,1995,2,9,-1,1,-1
2015471504353,2,1,0,18,0,4,0,0,0,0,1,1,1,2,54,8,-1,-1,-1,-1,1,-1
2015471504354,1,3,0,5,0,1,0,0,0,0,1,1,6,2,36,7,125,1,2,-1,1,-1
2015471504354,2,9,0,18,0,1,0,0,0,0,4,1,6,2,33,6,1598,1,11,-1,1,-1
2015471504355,1,9,0,18,0,1,0,0,0,0,1,1,6,1,22,5,1390,1,14,-1,3,-1
2015471504355,2,9,0,3,0,1,0,0,0,0,2,1,6,2,41,7,1968,2,4,-1,1,-1
2015471504355,3,9,0,3,0,1,0,0,0,0,2,1,6,1,29,6,1461,2,11,-1,1,-1
2015471504355,4,19,0,18,0,8,0,0,0,0,3,1,6,1,63,9,-1,-1,-1,-1,1,-1
2015471504356,1,9,0,18,0,8,0,0,0,0,1,1,6,2,62,9,998,1,8,-1,1,-1
2015471504356,2,9,0,18,0,8,0,0,0,0,2,1,6,1,38,7,1598,1,7,-1,3,-1
2015471504357,1,21,1,18,0,1,2,10,7,2,1,1,1,1,56,9,12902,2,2,-1,1,-1
2015471504357,2,21,4,1,0,6,0,0,0,0,0,2,1,1,28,6,-1,-1,-1,-1,-1,-1
2015471504358,1,9,0,9,0,8,0,0,0,0,1,1,6,1,86,11,1296,1,7,-1,1,-1
2015471504358,2,1,0,18,0,8,0,0,0,0,1,1,2,1,32,6,-1,-1,-1,-1,1,-1
2015471504364,1,9,0,1,0,8,0,0,0,0,2,1,1,1,40,7,2967,2,2,-1,1,-1
2015471504367,1,19,0,10,0,1,0,0,0,0,4,1,1,1,26,6,2198,2,3,-1,1,-1
2015471504367,2,1,0,15,0,1,0,0,0,0,4,1,6,2,28,6,-1,-1,-1,-1,-1,-1
2015471504370,1,9,0,17,0,0,2,0,1,4,2,1,6,2,30,6,1598,1,11,-1,1,-1
2015471504371,1,9,0,9,0,8,1,0,1,0,4,1,1,1,18,4,2000,1,6,-1,1,-1
2015471504372,1,9,0,18,0,1,1,0,1,4,2,1,6,1,66,10,6000,1,42,-1,3,-1
2015471504372,2,19,0,10,0,1,0,0,0,0,0,1,6,1,32,6,2402,2,4,-1,-1,-1
2015471504372,3,19,0,18,0,1,0,0,0,0,4,1,6,1,50,8,2151,2,12,-1,1,-1
2015471504373,1,9,0,16,0,0,0,0,0,0,1,1,6,1,30,6,1781,1,16,-1,3,-1
2015471504373,2,9,0,17,0,0,0,0,1,9,1,1,6,1,62,9,1910,2,11,-1,3,-1
2015471504374,1,9,0,18,0,6,0,0,0,0,1,1,6,1,66,10,2316,1,19,-1,3,-1
2015471504374,2,5,0,18,0,1,0,0,0,0,1,1,6,1,40,7,999,1,6,-1,1,-1
2015471504375,1,9,0,18,0,0,5,0,1,9,1,1,6,1,27,6,2793,1,16,-1,3,-1
2015471504376,1,19,0,7,0,8,0,0,0,0,1,1,6,2,26,6,1753,2,12,-1,1,-1
2015471504376,2,1,0,18,0,8,0,0,0,0,3,1,6,1,42,7,-1,-1,-1,-1,1,-1
2015471504377,1,9,0,5,0,8,0,0,0,0,1,1,1,1,55,8,4921,2,8,-1,3,-1
2015471504377,2,5,0,10,0,1,0,0,0,0,3,1,2,1,45,7,599,1,6,-1,1,-1
2015471504378,1,21,0,18,0,0,0,0,0,0,1,1,1,1,47,8,6692,2,7,-1,1,-1
2015471504378,2,9,0,18,0,0,0,0,0,0,2,1,6,1,65,9,-1,-1,-1,-1,3,-1
2015471504378,3,9,0,18,0,0,0,0,0,0,2,1,6,2,25,5,2204,2,8,-1,1,-1
2015471504378,4,20,0,18,0,0,0,0,0,0,2,1,1,1,25,5,2148,2,10,-1,1,-1
2015471504382,1,10,0,9,0,0,0,0,0,0,3,1,1,1,72,10,-1,-1,-1,-1,3,-1
2015471504382,2,9,0,18,0,0,0,0,0,0,1,1,6,2,32,6,1995,2,13,-1,3,-1
2015471504385,1,8,0,18,0,0,0,0,0,0,4,1,6,3,-1,-1,-1,-1,-1,-1,-1,-1
2015471504387,1,9,0,18,0,0,0,0,2,1,1,1,6,1,83,11,1199,1,12,-1,1,-1
2015471504390,1,5,0,16,0,0,0,0,5,1,1,1,6,1,31,6,1092,1,22,-1,2,-1
2015471504393,1,21,0,1,0,8,0,0,0,0,0,1,1,1,49,8,-1,-1,-1,-1,1,-1
2015471504394,1,9,0,10,0,8,0,0,0,0,1,1,6,1,59,9,2401,2,8,-1,1,-1
2015471504394,2,9,0,18,0,1,5,0,0,0,1,1,6,1,54,8,1390,1,2,-1,2,-1
2015471504394,3,17,0,10,0,1,0,0,0,0,1,1,1,1,19,4,-1,-1,-1,-1,3,-1
2015471504395,1,9,0,6,0,2,0,0,0,0,1,1,6,2,80,11,1988,1,13,-1,3,-1
2015471504395,2,5,0,18,0,1,0,0,0,0,3,1,6,1,40,7,1340,1,17,-1,1,-1
2015471504396,1,90,0,7,0,8,0,0,0,0,4,1,6,3,-1,-1,-1,-1,-1,-1,-1,-1
2015471504397,1,21,0,18,0,0,0,0,0,0,0,1,1,3,-1,-1,-1,-1,-1,-1,-1,-1
2015471504397,2,9,0,18,0,0,2,0,1,10,4,1,6,1,26,6,1999,1,10,-1,1,-1
2015471504397,3,9,0,18,0,0,0,0,0,0,2,1,6,1,34,6,1968,2,1,-1,1,-1
2015471504399,1,9,0,18,0,0,0,0,1,0,1,1,6,1,20,4,1364,1,9,-1,1,-1
2015471504399,2,8,0,4,0,0,0,0,0,0,2,1,1,1,49,8,1896,2,6,-1,1,-1
2015471504402,1,9,0,9,0,8,0,0,0,0,0,1,6,2,23,5,1299,1,14,-1,2,-1
2015471504402,2,9,0,18,0,1,0,0,1,4,1,1,6,1,23,5,2494,1,15,-1,1,-1
2015471504403,1,5,0,18,0,8,0,0,0,0,1,1,6,1,40,7,1002,1,19,-1,1,-1
2015471504403,2,9,0,9,0,5,0,0,0,0,2,1,1,2,37,7,1587,1,13,-1,1,-1
2015471504404,1,5,0,18,0,0,0,0,0,0,0,1,6,1,56,9,598,1,18,-1,1,-1
2015471504406,1,9,0,9,0,4,0,0,0,0,1,1,6,2,31,6,1798,1,11,-1,1,-1
2015471504406,2,9,0,18,0,3,5,0,0,0,4,1,2,1,25,5,1339,8,2,-1,1,-1
2015471504407,1,9,0,18,0,8,0,0,0,0,1,1,6,1,30,6,1242,1,9,-1,1,-1
2015471504408,1,9,0,5,0,6,0,0,0,0,1,1,6,3,-1,-1,-1,-1,-1,-1,-1,-1
2015471504409,1,9,0,16,0,0,1,0,2,11,1,1,2,1,23,5,1794,1,15,-1,1,-1
2015471504411,1,9,0,18,0,8,1,0,1,0,4,1,6,1,21,5,1998,1,5,-1,1,-1
2015471504411,2,9,0,18,0,8,0,0,0,0,0,1,1,2,30,6,2993,2,1,-1,-1,-1
2015471504412,1,3,0,18,0,0,1,10,1,4,1,1,1,1,21,5,124,1,1,-1,3,-1
2015471504413,1,9,0,18,0,0,0,0,0,0,1,1,6,1,49,8,999,1,-1,-1,-1,-1
2015471504413,2,9,0,18,0,0,0,0,0,0,2,1,6,2,36,7,1360,1,12,-1,1,-1
2015471504415,1,19,0,4,0,0,1,0,0,0,1,1,1,1,19,4,2287,2,4,-1,1,-1
2015471504415,2,9,0,4,0,0,0,0,0,0,1,1,6,1,61,9,1396,2,6,-1,1,-1
2015471504415,3,9,0,4,0,0,0,0,0,0,2,1,6,2,34,6,3059,2,17,-1,1,-1
2015471504416,1,9,0,9,0,8,0,0,0,0,4,1,6,1,75,10,1951,2,11,-1,1,-1
2015471504416,2,5,0,18,0,8,1,0,0,0,1,1,6,1,68,10,883,1,7,-1,1,-1
2015471504417,1,9,0,12,0,1,1,0,1,1,1,1,2,1,52,8,1299,1,15,-1,1,-1
2015471504419,1,9,0,18,0,0,0,0,0,0,1,1,6,1,33,6,1598,1,16,-1,1,-1
2015471504419,2,9,0,18,0,0,0,0,0,0,2,1,6,1,72,10,1596,1,6,-1,1,-1
2015471504419,3,9,0,18,0,0,0,0,0,0,4,1,6,1,51,8,2993,2,7,-1,2,-1
2015471504420,1,9,0,5,0,8,0,0,1,10,1,1,6,1,93,11,2496,1,13,-1,1,-1
2015471504421,1,9,0,18,0,0,1,11,0,0,1,1,6,1,53,8,1598,1,8,-1,1,-1
2015471504422,1,9,0,18,0,6,0,0,0,0,4,1,6,1,35,6,1910,2,11,-1,1,-1
2015471504424,1,9,0,18,0,0,1,0,0,0,1,1,6,1,22,5,1587,1,14,-1,1,-1
2015471504424,2,9,0,2,0,0,0,0,0,0,1,1,6,3,-1,-1,1998,1,9,-1,-1,-1
2015471504425,1,9,0,18,0,1,0,0,1,4,1,1,6,1,19,4,1124,1,12,-1,1,-1
2015471504435,1,1,0,14,0,1,0,0,0,0,1,1,6,1,20,4,-1,-1,-1,-1,1,-1
2015471504435,2,19,0,18,0,2,1,0,0,0,1,1,6,1,64,9,1686,2,12,-1,1,-1
2015471504437,1,9,0,4,0,1,0,0,0,0,1,1,6,2,30,6,1898,1,13,-1,1,-1
2015471504437,2,9,0,3,0,1,0,0,0,0,2,1,6,2,22,5,1560,2,3,-1,1,-1
2015471504439,1,9,0,9,0,8,0,0,0,0,1,1,6,2,55,8,1597,1,19,-1,1,-1
2015471504439,2,9,0,2,0,8,0,0,0,0,2,1,6,2,75,10,1596,1,2,-1,1,-1
2015471504442,1,9,0,18,0,0,0,0,0,0,4,1,6,1,40,7,2993,2,6,-1,1,-1
2015471504444,1,9,0,18,0,1,0,0,0,0,1,1,1,2,40,7,1242,1,5,-1,1,-1
2015471504444,2,9,0,9,0,8,0,0,0,0,3,1,6,1,63,9,1586,1,7,-1,1,-1
2015471504445,1,5,0,18,0,8,0,0,0,0,1,1,6,1,47,8,645,1,2,-1,1,-1
2015471504445,2,9,0,9,0,8,0,0,0,0,3,1,6,1,34,6,-1,-1,-1,-1,1,-1
2015471504446,1,9,0,18,0,8,1,0,0,0,1,1,6,1,25,5,-1,-1,-1,-1,1,-1
2015471504446,2,9,0,9,0,8,0,0,0,0,3,1,6,2,31,6,1596,1,4,-1,1,-1
2015471504450,1,9,0,18,0,1,0,0,0,0,1,2,6,1,25,5,-1,-1,-1,-1,1,-1
2015471504450,2,9,0,4,0,1,0,0,0,0,2,1,6,2,75,10,1242,1,15,-1,3,-1
2015471504452,1,19,0,17,0,0,0,0,7,0,1,1,1,1,34,6,2402,2,12,-1,1,-1
2015471504452,2,9,0,17,0,0,0,0,0,0,1,1,6,1,23,5,1560,2,4,-1,1,-1
2015471504455,1,9,0,18,0,0,0,0,0,0,1,1,6,1,79,11,1868,2,15,-1,1,-1
2015471504455,2,9,0,3,0,0,0,0,0,0,2,1,6,2,48,8,1399,2,12,-1,1,-1
2015471504455,3,9,0,3,0,0,0,0,0,0,2,1,1,2,28,6,996,1,5,-1,1,-1
2015471504456,1,9,0,9,0,1,0,0,0,0,4,1,6,1,46,8,1584,1,14,-1,1,-1
2015471504456,2,9,0,18,0,1,0,0,0,0,1,1,6,1,19,4,2793,1,19,-1,3,-1
2015471504456,3,9,0,18,0,1,0,0,0,0,1,1,6,2,45,7,1598,1,9,-1,3,-1