Accident_Index,Vehicle_Reference,Vehicle_Type,Towing_and_Articulation,Vehicle_Manoeuvre,Vehicle_Location-Restricted_Lane,Junction_Location,Skidding_and_Overturning,Hit_Object_in_Carriageway,Vehicle_Leaving_Carriageway,Hit_Object_off_Carriageway,1st_Point_of_Impact,Was_Vehicle_Left_Hand_Drive?,Journey_Purpose_of_Driver,Sex_of_Driver,Age_of_Driver,Age_Band_of_Driver,Engine_Capacity_(CC),Propulsion_Code,Age_of_Vehicle,Driver_IMD_Decile,Driver_Home_Area_Type,Vehicle_IMD_Decile
2015471504456,4,9,0,3,0,1,0,0,0,0,1,1,6,1,55,8,2494,2,10,-1,1,-1
2015471504457,1,9,0,18,0,8,0,0,0,0,1,1,6,1,29,6,2967,2,5,-1,1,-1
2015471504457,2,9,0,3,0,8,0,0,0,0,2,1,6,2,38,7,1596,1,14,-1,1,-1
2015471504457,3,9,0,3,0,8,0,0,0,0,2,1,6,1,75,10,2987,2,4,-1,1,-1
2015471504458,1,9,0,9,0,6,0,0,0,0,1,1,2,1,25,5,1997,1,13,-1,1,-1
2015471504458,2,1,0,18,0,8,0,0,0,0,1,1,2,1,50,8,-1,-1,-1,-1,1,-1
2015471504461,1,9,0,5,0,0,0,0,0,0,0,1,6,2,20,4,1248,1,7,-1,1,-1
2015471504461,2,3,0,18,0,0,1,0,0,0,0,1,6,1,21,5,125,1,1,-1,1,-1
2015471504462,1,9,0,3,0,1,0,0,0,0,0,1,6,1,45,7,1596,1,7,-1,1,-1
2015471504462,2,8,0,3,0,1,0,0,0,0,0,1,1,1,44,7,1797,8,1,-1,1,-1
2015471504465,1,9,0,9,0,8,0,0,0,0,3,1,6,1,50,8,1997,2,3,-1,1,-1
2015471504465,2,3,0,13,0,8,0,0,0,0,4,1,2,1,32,6,125,1,1,-1,1,-1
2015471504466,1,9,0,9,0,6,0,0,0,0,1,1,6,1,30,6,1390,1,15,-1,1,-1
2015471504466,2,8,0,18,0,8,0,0,0,0,3,1,1,1,35,6,1995,2,2,-1,1,-1
2015471504471,1,9,0,18,0,0,0,0,0,0,1,1,6,1,54,8,998,1,5,-1,1,-1
2015471504471,2,5,0,3,0,0,0,0,0,0,2,1,6,1,45,7,750,1,5,-1,1,-1
2015471504471,3,5,0,3,0,0,0,0,0,0,2,1,6,1,46,8,1198,1,2,-1,1,-1
2015471504471,4,9,0,18,0,0,0,0,0,0,4,1,6,1,74,10,1339,1,4,-1,3,-1
2015471504473,1,9,0,18,0,1,0,0,0,0,1,1,6,2,46,8,1248,1,6,-1,1,-1
2015471504474,1,4,0,18,0,3,0,10,0,0,0,1,6,1,34,6,649,1,4,-1,1,-1
2015471504476,1,9,0,18,0,0,1,0,4,6,3,1,6,1,21,5,1124,1,12,-1,1,-1
2015471504478,1,9,0,18,0,1,0,0,0,0,4,1,6,1,40,7,-1,-1,-1,-1,-1,-1
2015471504479,1,9,0,4,0,0,0,0,5,6,1,1,1,1,67,10,1200,1,2,-1,1,-1
2015471504479,2,9,0,4,0,0,0,0,0,0,2,1,6,1,61,9,1397,1,3,-1,1,-1
2015471504479,3,9,0,4,0,0,0,11,0,0,1,1,6,2,47,8,1896,2,10,-1,1,-1
2015471504481,1,9,0,1,0,2,0,0,0,0,2,2,6,1,30,6,1896,2,12,-1,3,-1
2015471504481,2,9,0,18,0,1,0,0,0,0,1,2,6,2,25,5,1242,1,8,-1,1,-1
2015471504484,1,9,0,7,0,8,0,0,0,0,4,1,6,1,40,7,1599,1,10,-1,1,-1
2015471504484,2,1,0,18,0,8,0,0,0,0,1,1,2,1,41,7,-1,-1,-1,-1,1,-1
2015471504485,1,9,0,18,0,3,0,10,1,7,1,1,6,1,82,11,1587,1,6,-1,2,-1
2015471504487,1,9,0,9,0,8,0,0,1,0,1,1,6,2,51,8,1242,1,3,-1,2,-1
2015471504487,2,19,0,18,0,8,0,0,0,0,1,1,1,2,56,9,1598,2,1,-1,1,-1
2015471504489,1,9,0,17,0,0,0,0,0,0,3,1,6,2,52,8,1968,2,4,-1,3,-1
2015471504489,2,9,0,16,0,0,0,0,0,0,3,1,6,1,32,6,1598,1,5,-1,1,-1
2015471504494,1,3,0,18,0,8,0,0,0,0,3,1,6,1,17,4,124,1,-1,-1,3,-1
2015471504494,2,9,0,9,0,8,0,0,0,0,3,1,6,1,36,7,1975,2,17,-1,1,-1
2015471504495,1,8,0,9,0,1,0,0,0,0,1,1,1,1,49,8,1956,2,4,-1,1,-1
2015471504504,1,9,0,18,0,0,0,0,1,0,1,1,2,1,22,5,998,1,16,-1,3,-1
2015471504504,2,90,0,18,0,0,0,0,0,0,2,1,2,2,57,9,-1,-1,-1,-1,3,-1
2015471504505,1,21,0,18,0,0,0,0,0,0,1,1,1,3,52,8,-1,-1,-1,-1,1,-1
2015471504505,2,9,0,2,0,0,0,0,0,0,3,1,6,3,-1,-1,1199,1,11,-1,-1,-1
2015471504506,1,9,0,4,0,2,0,0,0,0,1,1,2,2,31,6,1390,1,2,-1,1,-1
2015471504506,2,9,0,4,0,2,0,0,0,0,2,1,6,1,19,4,1242,1,5,-1,3,-1
2015471504506,3,9,0,4,0,2,0,0,0,0,0,1,6,1,57,9,1896,2,7,-1,1,-1
2015471504506,4,-1,0,-1,-1,-1,-1,-1,-1,-1,-1,-1,-1,-1,-1,-1,-1,-1,-1,-1,-1,-1
2015471504507,1,5,0,18,0,0,1,0,0,0,1,1,6,1,39,7,249,1,-1,-1,1,-1
2015471504507,2,9,0,13,0,0,0,0,0,0,2,1,6,2,21,5,1598,1,3,-1,3,-1
2015471504507,3,9,0,18,0,0,0,0,0,0,3,1,6,2,29,6,1598,2,-1,-1,1,-1
2015471504507,4,9,0,18,0,0,0,0,0,0,0,1,6,1,-1,-1,-1,-1,-1,-1,-1,-1
2015471504508,1,9,0,9,0,1,0,0,0,0,1,1,6,2,32,6,1968,2,3,-1,3,-1
2015471504508,2,19,0,16,0,1,0,0,0,0,1,1,2,1,30,6,2198,2,5,-1,1,-1
2015471504509,1,5,0,18,0,1,0,0,0,0,1,1,6,1,31,6,806,1,1,-1,1,-1
2015471504509,2,17,4,9,0,8,0,0,0,0,4,1,1,1,20,4,4400,2,2,-1,3,-1
2015471504510,1,9,0,9,0,6,0,0,0,0,1,1,6,2,55,8,1498,1,8,-1,1,-1
2015471504510,2,19,0,18,0,1,0,0,0,0,1,1,1,2,52,8,2198,2,4,-1,1,-1
2015471504510,3,9,0,3,0,1,0,0,0,0,0,1,6,1,35,6,-1,-1,-1,-1,-1,-1
2015471504511,1,11,0,18,0,0,0,0,0,0,4,1,1,1,50,8,7300,2,1,-1,1,-1
2015471504512,1,9,0,17,0,0,0,0,2,4,1,1,6,1,17,4,2495,2,26,-1,3,-1
2015471504513,1,9,0,11,0,0,1,0,2,7,2,1,6,1,26,6,1560,2,10,-1,1,-1
2015471504513,2,9,0,12,0,0,0,0,0,0,1,1,6,1,20,4,1596,1,11,-1,2,-1
2015471504514,1,8,0,4,0,1,0,0,0,0,0,1,1,1,34,6,1997,2,8,-1,1,-1
2015471504515,1,9,0,3,0,4,0,0,0,0,1,1,6,2,28,6,1360,1,8,-1,1,-1
2015471504515,2,9,0,10,0,4,0,0,0,0,2,1,6,1,66,10,2835,2,18,-1,1,-1
2015471504517,1,9,0,9,0,6,0,0,0,0,3,1,6,2,62,9,1968,2,5,-1,1,-1
2015471504517,2,9,0,18,0,8,0,0,0,0,1,1,2,2,28,6,1900,2,13,-1,3,-1
2015471504519,1,9,0,18,0,0,0,0,0,0,1,1,6,1,30,6,1798,2,-1,-1,-1,-1
2015471504519,2,9,0,18,0,0,0,0,0,0,2,1,1,2,23,5,1242,1,2,-1,1,-1
2015471504520,1,19,0,12,0,0,0,0,0,0,2,1,6,1,51,8,1998,2,12,-1,1,-1
2015471504520,2,9,0,18,0,0,0,0,0,0,1,1,6,1,71,10,1995,2,2,-1,1,-1
2015471504521,1,9,0,18,0,8,0,0,0,0,4,1,6,1,92,11,1197,1,2,-1,1,-1
2015471504521,2,5,0,18,0,8,0,0,0,0,1,1,6,1,59,9,1261,1,7,-1,1,-1
2015471504527,1,9,0,9,0,6,0,0,0,0,4,1,6,1,88,11,1197,1,1,-1,1,-1
2015471504527,2,9,0,18,0,8,0,0,1,0,4,1,6,1,72,10,1984,1,20,-1,3,-1
2015471504528,1,9,0,17,0,0,0,0,2,11,1,1,6,2,59,9,1998,2,7,-1,3,-1
2015471504531,1,9,0,9,0,8,0,0,0,0,4,1,6,1,40,7,1794,1,11,-1,2,-1
2015471504531,2,9,0,18,0,8,0,0,0,0,1,1,6,2,48,8,1798,8,2,-1,3,-1
2015471504532,1,9,0,18,0,2,0,0,0,0,1,1,6,1,38,7,1468,1,8,-1,1,-1
2015471504533,1,9,0,9,0,8,0,0,0,0,1,1,6,1,79,11,1988,1,10,-1,1,-1
2015471504533,2,1,0,18,0,8,0,0,0,0,1,1,6,1,22,5,-1,-1,-1,-1,1,-1
2015471504534,1,9,0,18,0,4,0,0,0,0,3,1,2,1,36,7,1995,2,8,-1,1,-1
2015471504534,2,1,0,18,0,8,0,0,0,0,4,1,2,2,50,8,-1,-1,-1,-1,1,-1
2015471504535,1,5,0,16,0,8,0,0,8,7,1,1,6,1,23,5,690,1,-1,-1,1,-1
2015471504538,1,9,0,18,0,1,1,0,0,0,2,1,1,1,24,5,-1,-1,-1,-1,1,-1
2015471504538,2,9,0,18,0,1,0,0,0,0,0,1,6,1,29,6,2720,2,10,-1,3,-1
2015471504539,1,9,0,17,0,0,1,0,1,4,1,1,6,1,28,6,1493,2,10,-1,1,-1
2015471504541,1,9,0,1,0,1,0,0,1,10,4,2,6,2,72,10,-1,-1,-1,-1,-1,-1
2015471504541,2,9,0,2,0,1,0,0,0,0,3,1,6,2,41,7,1598,1,2,-1,3,-1
2015471504543,1,9,0,5,0,0,0,0,0,0,1,1,6,1,23,5,1598,1,12,-1,3,-1
2015471504543,2,9,0,5,0,0,0,0,0,0,2,1,6,1,58,9,1364,1,1,-1,3,-1
2015471504547,1,9,0,3,0,0,0,0,0,0,1,1,6,1,50,8,-1,-1,-1,-1,1,-1
2015471504548,1,11,0,18,0,0,0,0,0,0,4,1,1,1,31,6,6700,2,5,-1,1,-1
2015471504549,1,4,0,13,0,1,0,0,0,0,1,1,6,1,25,5,645,1,14,-1,1,-1
2015471504549,2,9,0,9,0,1,0,0,0,0,1,1,6,1,25,5,1840,1,16,-1,3,-1
2015471504551,1,8,0,5,0,2,0,0,0,0,4,1,1,1,45,7,1560,2,1,-1,1,-1
2015471504552,1,9,0,18,0,0,5,0,0,0,1,1,6,1,46,8,-1,-1,-1,-1,1,-1
2015471504552,2,9,0,18,0,0,0,0,0,0,1,1,6,1,28,6,1229,1,1,-1,1,-1
2015471504553,1,1,0,16,0,0,0,0,7,1,0,1,6,2,44,7,-1,-1,-1,-1,1,-1
2015471504554,1,9,0,18,0,4,0,0,0,0,3,1,6,2,48,8,2000,1,10,-1,1,-1
2015471504554,2,9,0,9,0,5,0,0,0,0,1,1,6,1,66,10,1796,1,12,-1,1,-1
2015471504555,1,5,0,16,0,0,1,0,7,6,1,1,6,1,25,5,599,1,9,-1,1,-1
2015471504556,1,5,0,16,0,8,1,0,7,4,1,1,6,1,46,8,599,1,8,-1,1,-1
2015471504556,2,9,0,17,0,8,0,0,0,0,2,1,6,1,63,9,1968,2,7,-1,3,-1
2015471504558,1,9,0,7,0,6,0,0,0,0,1,1,6,1,73,10,1498,1,15,-1,1,-1
2015471504558,2,3,0,18,0,8,0,0,7,0,4,1,6,1,17,4,124,1,6,-1,3,-1
2015471504559,1,8,0,18,0,0,0,0,0,0,4,1,1,1,37,7,1769,1,13,-1,1,-1
2015471504559,2,1,0,18,0,0,0,0,0,0,3,1,6,1,26,6,-1,-1,-1,-1,1,-1
2015471504560,1,9,0,8,0,6,0,0,0,0,1,1,6,2,45,7,1199,1,1,-1,1,-1
2015471504560,2,2,0,18,0,1,0,0,0,0,1,1,1,1,41,7,49,1,9,-1,1,-1
2015471504561,1,9,0,18,0,8,0,0,0,0,1,1,6,1,44,7,1995,2,-1,-1,1,-1
2015471504561,2,19,0,2,0,8,0,0,0,0,4,1,6,3,-1,-1,-1,-1,-1,-1,-1,-1
2015471504561,3,9,0,2,0,8,0,0,0,0,3,1,6,3,-1,-1,1590,1,13,-1,-1,-1
2015471504561,4,19,0,2,0,8,0,0,0,0,2,1,6,3,-1,-1,2461,2,4,-1,-1,-1
2015471504562,1,90,0,18,0,0,0,0,0,0,4,1,6,2,73,10,1997,2,12,-1,1,-1
2015471504562,2,1,0,18,0,0,0,0,1,0,3,1,6,1,77,11,-1,-1,-1,-1,1,-1
2015471504565,1,9,0,18,0,1,0,0,0,0,1,1,6,1,41,7,2204,2,9,-1,1,-1
2015471504569,1,9,0,7,0,3,0,0,0,0,1,1,6,1,50,8,-1,-1,-1,-1,1,-1
2015471504569,2,1,0,18,0,8,0,0,0,0,4,1,6,1,16,4,-1,-1,-1,-1,1,-1
2015471504570,1,5,0,18,0,0,0,0,7,10,1,1,6,1,44,7,883,1,3,-1,3,-1
2015471504570,2,19,0,10,0,0,0,0,0,0,3,1,1,1,46,8,2800,2,11,-1,2,-1
2015471504574,1,9,0,18,0,1,1,0,0,0,1,1,6,3,-1,-1,1242,1,14,-1,-1,-1
2015471504574,2,9,0,10,0,1,0,0,1,0,2,1,6,1,53,8,1896,2,13,-1,1,-1
2015471504580,1,19,0,18,0,0,0,0,0,0,1,1,1,1,24,5,2148,2,7,-1,1,-1
2015471504580,2,9,0,3,0,0,0,0,0,0,2,1,6,1,78,11,1798,8,2,-1,-1,-1
2015471504580,3,9,0,3,0,0,0,0,0,0,2,1,1,2,28,6,1242,1,-1,-1,-1,-1
2015471504581,1,20,1,18,0,0,0,0,0,0,3,1,6,1,30,6,-1,-1,-1,-1,-1,-1
2015471504581,2,11,0,18,0,0,0,0,0,0,3,1,1,1,61,9,5883,2,13,-1,1,-1
2015471504582,1,9,0,17,0,1,0,10,4,4,1,1,6,1,68,10,998,1,11,-1,1,-1
2015471504585,1,9,0,17,0,0,0,0,1,4,1,1,6,2,35,6,1398,2,12,-1,3,-1
2015471504586,1,9,0,9,0,8,0,0,0,0,1,1,6,2,52,8,1749,1,13,-1,2,-1
2015471504586,2,9,0,18,0,8,0,7,0,0,1,1,6,2,44,7,1198,1,3,-1,1,-1
2015471504587,1,5,0,18,0,0,1,0,0,0,1,1,6,1,41,7,-1,-1,-1,-1,1,-1
2015471504587,2,9,0,18,0,0,0,0,0,0,2,1,6,1,43,7,-1,-1,-1,-1,1,-1
2015471504587,3,9,0,3,0,0,0,0,0,0,2,1,1,1,67,10,2184,2,1,-1,1,-1
2015471504588,1,9,0,18,0,8,0,0,0,0,1,1,6,1,20,4,1368,1,4,-1,3,-1
2015471504588,2,9,0,18,0,8,0,0,0,0,2,1,6,1,57,9,1341,1,13,-1,1,-1
2015471504589,1,9,0,18,0,8,0,0,0,0,1,1,6,2,53,8,1956,2,1,-1,3,-1
2015471504589,2,9,0,18,0,3,5,0,0,0,2,1,6,2,32,6,1124,1,13,-1,1,-1
2015471504591,1,9,0,2,0,0,0,0,0,0,4,1,6,1,27,6,1229,1,11,-1,1,-1
2015471504591,2,1,0,15,0,0,0,0,0,0,1,1,6,2,44,7,-1,-1,-1,-1,3,-1
2015471504592,1,9,0,18,0,6,0,0,0,0,1,1,6,1,55,8,1596,1,14,-1,1,-1
2015471504592,2,9,0,18,0,6,0,0,0,0,2,1,6,2,29,6,1582,2,6,-1,1,-1
2015471504593,1,9,0,18,0,0,1,0,1,4,1,1,2,2,45,7,1599,1,10,-1,1,-1
2015471504595,1,9,0,18,0,0,0,0,0,0,3,1,6,1,23,5,-1,-1,-1,-1,3,-1
2015471504595,2,9,0,13,0,0,0,0,0,0,4,1,6,1,45,7,1596,1,9,-1,1,-1
2015471504598,1,9,0,16,0,0,1,0,7,9,1,1,2,1,24,5,-1,-1,-1,-1,1,-1
2015471504601,1,9,0,18,0,0,1,0,0,0,1,1,2,2,29,6,1299,1,14,-1,3,-1
2015471504601,2,9,0,18,0,0,0,0,0,0,2,1,2,1,27,6,3246,1,10,-1,1,-1
2015471504603,1,9,0,18,0,0,0,0,1,4,1,1,2,2,58,9,1598,1,6,-1,3,-1
2015471504603,2,19,0,18,0,0,0,0,0,0,1,1,1,1,52,8,2402,2,8,-1,1,-1
2015471504605,1,9,0,9,0,8,0,0,0,0,3,1,6,2,74,10,1242,1,19,-1,1,-1
2015471504605,2,9,0,18,0,1,0,0,0,0,1,1,6,2,47,8,2179,2,3,-1,1,-1
2015471504606,1,9,0,4,0,1,0,0,0,0,1,1,2,1,58,9,1560,2,3,-1,1,-1
2015471504606,2,9,0,4,0,1,0,0,0,0,1,1,6,1,37,7,-1,-1,-1,-1,1,-1
2015471504606,3,9,0,4,0,1,0,0,0,0,2,1,6,1,41,7,1975,1,12,-1,1,-1
2015471504606,4,9,0,4,0,1,0,0,0,0,3,1,6,1,41,7,1248,2,4,-1,1,-1
2015471504610,1,9,0,5,0,6,0,0,0,0,0,1,6,3,-1,-1,1390,1,2,-1,-1,-1
2015471504610,2,11,0,18,0,8,0,0,0,0,0,1,1,1,40,7,9000,2,6,-1,1,-1
2015471504611,1,9,0,18,0,0,0,0,1,3,1,1,6,1,19,4,1149,1,10,-1,3,-1
2015471504612,1,9,0,18,0,0,1,0,1,1,3,1,1,1,34,6,-1,-1,-1,-1,1,-1
2015471504613,1,9,0,9,0,6,0,0,0,0,3,1,1,1,68,10,1339,1,10,-1,1,-1
2015471504613,2,4,0,18,0,8,0,0,0,0,1,1,6,1,77,11,250,1,6,-1,1,-1
2015471504614,1,5,0,13,0,4,1,0,1,0,1,1,6,1,34,6,999,1,3,-1,3,-1
2015471504614,2,9,0,18,0,4,0,0,0,0,1,1,6,2,31,6,1560,2,3,-1,2,-1
2015471504616,1,9,0,13,0,1,1,0,5,6,1,1,6,2,42,7,1000,1,15,-1,1,-1
2015471504616,2,21,1,18,0,1,0,0,0,0,3,1,1,1,37,7,-1,-1,-1,-1,1,-1
2015471504617,1,8,0,16,0,0,0,0,2,4,1,1,2,2,27,6,-1,-1,-1,-1,1,-1
2015471504620,1,1,0,18,9,1,0,0,0,0,1,1,6,1,31,6,-1,-1,-1,-1,1,-1
2015471504620,2,9,0,9,0,5,0,0,0,0,1,1,6,1,43,7,1197,1,1,-1,1,-1
2015471504626,1,9,0,12,0,0,0,0,0,0,3,1,6,2,41,7,999,1,3,-1,1,-1
2015471504626,2,9,0,18,0,0,0,0,0,0,4,1,6,1,32,6,1968,2,8,-1,1,-1
2015471504629,1,9,0,18,0,6,0,0,0,0,1,1,6,2,68,10,1360,1,12,-1,3,-1
2015471504629,2,1,0,18,0,1,0,0,0,0,1,1,6,1,48,8,-1,-1,-1,-1,3,-1
2015471504629,3,1,0,18,0,1,0,0,0,0,1,1,6,1,62,9,-1,-1,-1,-1,2,-1
2015471504631,1,9,0,18,0,2,0,0,3,11,1,1,6,1,70,10,1984,1,10,-1,1,-1
2015471504631,2,9,0,2,0,1,0,0,0,0,2,1,6,3,-1,-1,1248,2,1,-1,-1,-1
2015471504632,1,9,0,17,0,8,0,0,0,0,1,1,2,2,23,5,1328,1,8,-1,3,-1
2015471504632,2,9,0,16,0,8,0,0,0,0,1,1,6,1,66,10,3528,1,41,-1,3,-1
2015471504633,1,11,0,10,0,4,0,0,0,0,0,1,1,1,37,7,4760,2,3,-1,1,-1
2015471504635,1,9,0,18,0,0,0,0,1,3,1,1,6,1,83,11,1998,1,10,-1,1,-1
2015471504636,1,9,0,18,0,4,0,0,0,0,3,1,1,1,28,6,1598,2,5,-1,1,-1
2015471504636,2,1,0,18,0,8,0,0,0,0,1,1,6,1,50,8,-1,-1,-1,-1,1,-1
2015471504637,1,9,0,18,0,1,0,0,0,0,1,1,6,1,28,6,1968,2,3,-1,1,-1
2015471504637,2,9,0,18,0,1,0,0,0,0,2,1,6,1,45,7,1895,1,14,-1,1,-1
2015471504638,1,9,0,18,0,1,5,0,0,0,1,1,6,2,45,7,1968,2,1,-1,1,-1
2015471504638,2,9,0,2,0,1,0,0,0,0,2,1,6,3,-1,-1,1560,2,5,-1,-1,-1
2015471504638,3,9,0,2,0,1,0,0,0,0,2,1,6,3,-1,-1,1560,2,7,-1,-1,-1
2015471504640,1,9,0,18,0,1,0,0,0,0,1,1,6,1,45,7,2497,2,3,-1,1,-1
2015471504641,1,2,0,9,0,8,0,0,0,0,1,1,6,1,84,11,49,1,11,-1,1,-1
2015471504641,2,9,0,18,0,8,0,0,0,0,3,1,6,2,31,6,2438,1,16,-1,1,-1
2015471504644,1,19,0,13,0,0,1,6,7,11,1,1,2,1,35,6,2143,2,2,-1,2,-1
2015471504644,2,21,0,18,0,0,0,0,0,0,3,1,1,1,48,8,12900,2,7,-1,2,-1
2015471504645,1,9,0,6,0,0,0,0,0,0,2,1,2,1,35,6,-1,-1,-1,-1,2,-1
2015471504645,2,19,0,16,0,0,0,0,0,0,1,1,1,2,53,8,-1,-1,-1,-1,2,-1
2015471504648,1,9,0,14,0,0,1,0,0,0,3,1,6,1,26,6,1997,2,14,-1,1,-1
2015471504648,2,11,0,18,0,0,0,0,0,0,3,1,1,1,38,7,8300,2,8,-1,1,-1
2015471504653,1,9,0,9,0,8,0,0,0,0,1,1,6,1,18,4,1229,1,10,-1,1,-1
2015471504653,2,9,0,18,0,8,0,0,0,0,1,1,6,1,44,7,1398,1,2,-1,1,-1
2015471504655,1,19,0,5,0,1,0,0,0,0,4,1,1,1,49,8,1870,2,9,-1,1,-1
2015471504655,2,19,0,18,0,1,0,0,0,0,3,1,1,1,30,6,1560,2,8,-1,3,-1
2015471504657,1,9,0,17,0,8,0,0,1,0,1,1,6,1,58,9,2496,1,13,-1,3,-1
2015471504657,2,9,0,16,0,8,0,0,1,0,1,1,6,1,69,10,3471,1,8,-1,2,-1
2015471504658,1,9,0,16,0,0,1,0,1,0,1,1,6,2,34,6,1397,1,14,-1,3,-1
2015471504658,2,9,0,18,0,0,0,0,1,9,1,1,6,1,26,6,1198,1,-1,-1,1,-1
2015471504659,1,20,0,18,0,0,0,0,0,0,1,1,6,1,29,6,-1,-1,-1,-1,1,-1
2015471504659,2,9,0,18,0,0,0,0,0,0,2,1,6,1,38,7,1956,2,-1,-1,2,-1
2015471504659,3,9,0,18,0,0,0,0,0,0,2,1,6,1,32,6,1598,1,8,-1,1,-1
2015471504661,1,9,0,4,0,1,0,0,0,0,3,1,6,1,37,7,2776,2,12,-1,1,-1
2015471504661,2,9,0,18,0,1,0,0,0,0,3,1,6,2,28,6,1560,2,8,-1,1,-1
2015471504662,1,9,0,18,0,8,0,0,1,7,1,1,6,2,59,9,1360,1,11,-1,1,-1
2015471504662,2,9,0,18,0,8,0,0,7,11,4,1,6,1,70,10,1591,1,6,-1,1,-1
2015471504663,1,9,0,18,0,2,0,4,0,0,1,1,6,1,-1,-1,1397,1,6,-1,-1,-1
2015471504663,2,9,0,2,0,2,0,0,1,0,1,1,6,3,-1,-1,1753,2,14,-1,-1,-1
2015471504664,1,9,0,18,0,8,0,0,0,0,1,1,6,2,80,11,1198,1,-1,-1,1,-1
2015471504665,1,9,0,18,0,1,0,0,0,0,1,1,6,1,60,9,998,1,13,-1,1,-1
2015471504666,1,9,0,5,0,4,0,0,0,0,3,1,6,1,41,7,1596,1,6,-1,2,-1
2015471504666,2,3,0,18,0,8,0,0,0,0,4,1,6,1,47,8,124,1,7,-1,1,-1
2015471504668,1,9,0,18,0,0,1,4,0,0,3,1,6,1,31,6,-1,-1,-1,-1,-1,-1
2015471504668,2,9,0,18,0,0,1,4,0,0,3,1,6,2,23,5,1984,1,8,-1,1,-1
2015471504668,3,9,0,2,0,0,0,0,0,0,3,1,6,3,-1,-1,1985,1,14,-1,-1,-1
2015471504668,4,9,0,2,0,0,0,0,0,0,3,1,6,3,-1,-1,-1,-1,-1,-1,-1,-1
2015471504669,1,9,0,16,0,0,1,0,7,4,1,1,6,1,18,4,1390,1,8,-1,1,-1
2015471504671,1,9,0,5,0,4,0,0,0,0,1,1,6,1,55,8,2179,2,3,-1,2,-1
2015471504671,2,9,0,3,0,4,0,0,0,0,2,1,6,1,24,5,1896,2,11,-1,1,-1
2015471504673,1,9,0,9,0,6,0,0,0,0,1,1,6,2,28,6,1910,2,8,-1,1,-1
2015471504673,2,9,0,17,0,1,0,0,0,0,4,1,6,1,22,5,1198,1,13,-1,2,-1
2015471504680,1,9,0,18,0,8,0,0,0,0,1,1,6,1,17,4,1388,1,13,-1,1,-1
2015471504680,2,9,0,18,0,8,0,0,0,0,1,1,6,2,19,4,1149,1,12,-1,1,-1
2015471504683,1,9,0,13,0,0,1,0,7,0,3,1,6,2,22,5,1400,2,8,-1,1,-1
2015471504683,2,21,0,2,6,0,0,0,0,0,2,1,1,1,44,7,9186,2,2,-1,1,-1
2015471504689,1,9,0,15,0,0,1,0,5,7,1,1,6,1,56,9,2998,1,22,-1,1,-1
2015471504689,2,9,0,18,0,0,0,0,0,0,0,1,6,3,-1,-1,-1,-1,-1,-1,-1,-1
2015471504690,1,1,0,18,0,0,0,0,0,0,4,1,6,1,14,3,-1,-1,-1,-1,1,-1
2015471504690,2,9,0,18,0,0,0,0,0,0,1,1,6,2,63,9,1339,1,3,-1,1,-1
2015471504694,1,1,0,7,0,8,0,0,0,0,1,1,6,1,31,6,-1,-1,-1,-1,1,-1
2015471504694,2,9,0,3,0,1,0,0,0,0,1,1,6,1,80,11,1398,2,7,-1,1,-1
2015471504698,1,9,0,6,0,0,0,0,0,0,3,1,6,1,25,5,1798,1,-1,-1,1,-1
2015471504698,2,5,0,18,0,0,0,0,0,0,1,1,1,1,53,8,865,1,3,-1,1,-1
2015471504700,1,9,0,18,0,0,0,4,0,0,4,1,6,2,36,7,1794,1,12,-1,1,-1
2015471504700,2,9,0,2,0,0,0,0,0,0,3,1,6,3,-1,-1,999,1,1,-1,-1,-1
2015471504700,3,9,0,18,0,0,0,0,0,0,3,1,1,1,26,6,1598,2,2,-1,1,-1
2015471504700,4,9,0,2,0,0,0,0,0,0,3,1,6,3,-1,-1,1995,1,4,-1,-1,-1
2015471504701,1,19,0,18,0,1,0,0,0,0,4,1,6,3,-1,-1,1870,2,14,-1,-1,-1
2015471504701,2,1,0,18,0,1,0,0,0,0,0,1,6,1,45,7,-1,-1,-1,-1,1,-1
2015471504701,3,1,0,18,0,1,0,0,0,0,0,1,1,1,15,3,-1,-1,-1,-1,1,-1
2015471504703,1,9,0,18,0,0,1,0,7,4,1,1,6,1,39,7,2494,1,17,-1,3,-1
2015471504704,1,9,0,18,0,0,1,0,7,4,1,1,6,1,22,5,-1,-1,-1,-1,3,-1
2015471504705,1,8,0,4,0,0,0,0,0,0,1,1,1,1,32,6,1797,8,1,-1,1,-1
2015471504708,1,3,0,16,0,0,1,0,0,0,4,1,6,1,19,4,124,1,3,-1,3,-1
2015471504708,2,9,0,4,0,0,0,0,0,0,2,1,6,2,38,7,1390,1,11,-1,1,-1
2015471504708,3,9,0,13,0,0,0,0,0,0,0,1,6,1,64,9,2402,2,8,-1,3,-1
2015471504708,4,1,0,18,0,0,0,0,8,10,4,1,6,1,47,8,-1,-1,-1,-1,1,-1
2015471504708,5,1,0,18,0,0,0,0,0,0,4,1,6,1,68,10,-1,-1,-1,-1,1,-1