Accident_Index,Vehicle_Reference,Vehicle_Type,Towing_and_Articulation,Vehicle_Manoeuvre,Vehicle_Location-Restricted_Lane,Junction_Location,Skidding_and_Overturning,Hit_Object_in_Carriageway,Vehicle_Leaving_Carriageway,Hit_Object_off_Carriageway,1st_Point_of_Impact,Was_Vehicle_Left_Hand_Drive?,Journey_Purpose_of_Driver,Sex_of_Driver,Age_of_Driver,Age_Band_of_Driver,Engine_Capacity_(CC),Propulsion_Code,Age_of_Vehicle,Driver_IMD_Decile,Driver_Home_Area_Type,Vehicle_IMD_Decile
2015471504710,1,9,0,7,0,8,1,4,0,0,4,1,6,2,46,8,1242,1,8,-1,1,-1
2015471504710,2,9,0,2,0,1,0,0,1,0,3,1,6,3,-1,-1,1796,1,16,-1,-1,-1
2015471504712,1,9,0,17,0,2,0,0,1,4,1,1,6,2,26,6,1248,2,7,-1,1,-1
2015471504715,1,9,0,7,0,2,0,7,0,7,1,1,6,2,60,9,2902,2,13,-1,1,-1
2015471504718,1,9,0,3,0,0,0,0,0,0,1,1,6,3,-1,-1,1796,1,16,-1,-1,-1
2015471504718,2,9,0,3,0,0,0,0,0,0,2,1,6,1,56,9,1998,1,21,-1,1,-1
2015471504719,1,9,0,9,0,8,0,0,0,0,1,1,6,2,25,5,1229,1,7,-1,1,-1
2015471504719,2,1,0,18,0,8,0,0,0,0,3,1,6,1,42,7,-1,-1,-1,-1,1,-1
2015471504725,1,9,0,18,0,0,1,0,0,0,1,1,6,1,28,6,1598,1,12,-1,1,-1
2015471504725,2,9,0,4,0,0,0,0,0,0,2,1,6,1,34,6,1598,1,3,-1,1,-1
2015471504726,1,9,0,18,0,0,0,0,0,0,1,1,6,3,-1,-1,-1,-1,-1,-1,-1,-1
2015471504727,1,9,0,18,0,8,0,0,0,0,1,1,6,1,27,6,1598,1,13,-1,1,-1
2015471504727,2,9,0,18,0,8,0,0,0,0,3,1,2,2,37,7,1796,1,3,-1,1,-1
2015471504730,1,9,0,13,0,8,0,0,0,0,1,1,6,1,60,9,1895,1,15,-1,3,-1
2015471504730,2,90,4,9,0,1,0,0,0,0,4,1,1,1,29,6,4485,2,-1,-1,3,-1
2015471504732,1,9,0,4,0,0,0,0,0,0,1,1,6,1,50,8,1240,1,12,-1,1,-1
2015471504732,2,9,0,4,0,0,0,0,0,0,2,1,6,2,54,8,1364,1,8,-1,3,-1
2015471504733,1,9,0,5,0,4,0,0,0,0,1,1,6,2,75,10,1339,1,11,-1,1,-1
2015471504733,2,9,0,9,0,8,0,0,0,0,4,1,6,1,25,5,1686,2,2,-1,2,-1
2015471504738,1,9,0,18,0,8,0,0,0,0,1,1,6,2,30,6,1198,1,2,-1,-1,-1
2015471504738,2,9,0,18,0,8,0,0,0,0,3,1,6,1,48,8,1598,1,6,-1,1,-1
2015471504742,1,1,0,12,0,1,0,0,0,0,3,1,2,1,46,8,-1,-1,-1,-1,1,-1
2015471504742,2,3,0,18,0,1,1,0,0,0,4,1,2,1,20,4,124,1,5,-1,1,-1
2015471504743,1,9,0,18,0,0,1,0,1,4,1,1,2,1,26,6,1360,1,15,-1,2,-1
2015471504744,1,4,0,13,0,0,0,0,0,0,4,1,6,1,56,9,744,1,1,-1,1,-1
2015471504745,1,9,0,16,0,7,0,0,0,0,4,1,6,2,30,6,-1,-1,-1,-1,1,-1
2015471504745,2,9,0,18,0,8,0,0,0,0,3,1,6,2,26,6,1796,1,9,-1,1,-1
2015471504747,1,9,0,13,0,0,0,0,0,0,3,1,6,2,30,6,1598,1,15,-1,-1,-1
2015471504747,2,9,0,18,0,0,0,0,0,0,4,1,6,2,18,4,1242,1,12,-1,1,-1
2015471504747,3,19,0,18,0,0,0,0,0,0,3,1,1,1,45,7,6692,2,3,-1,1,-1
2015471504750,1,9,0,9,0,8,0,0,0,0,3,1,6,2,27,6,1769,1,10,-1,1,-1
2015471504750,2,9,0,18,0,8,0,0,0,0,1,1,6,1,60,9,-1,-1,-1,-1,-1,-1
2015471504752,1,9,0,9,0,8,0,0,0,0,1,1,6,1,67,10,2987,2,7,-1,3,-1
2015471504752,2,5,0,18,0,1,1,0,1,0,1,1,6,1,69,10,998,1,9,-1,1,-1
2015471504753,1,1,0,18,9,1,0,0,0,0,1,1,6,1,40,7,-1,-1,-1,-1,1,-1
2015471504753,2,9,0,7,0,1,0,0,0,0,4,2,6,1,61,9,1560,2,4,-1,-1,-1
2015471504757,1,9,0,7,0,5,0,0,0,0,4,1,6,1,52,8,1598,1,8,-1,1,-1
2015471504757,2,1,0,18,0,1,0,0,0,0,1,1,1,1,50,8,-1,-1,-1,-1,1,-1
2015471504760,1,9,0,18,0,4,0,0,0,0,1,1,6,3,-1,-1,-1,-1,-1,-1,-1,-1
2015471504760,2,3,0,18,0,4,0,0,0,0,2,1,1,1,22,5,124,1,-1,-1,1,-1
2015471504762,1,3,0,4,0,3,0,0,0,0,1,1,2,1,49,8,125,1,1,-1,1,-1
2015471504762,2,9,0,7,0,3,0,0,0,0,4,1,1,1,45,7,4163,1,9,-1,1,-1
2015471504763,1,9,0,9,0,4,0,0,0,0,1,1,6,1,31,6,1896,2,13,-1,3,-1
2015471504767,1,9,0,9,0,1,0,0,0,0,1,1,2,1,43,7,1299,1,12,-1,1,-1
2015471504767,2,11,0,5,0,1,0,0,0,0,1,1,6,1,32,6,5132,2,-1,-1,1,-1
2015471504769,1,1,0,9,0,6,0,0,0,0,3,1,6,1,36,7,-1,-1,-1,-1,1,-1
2015471504769,2,9,0,18,0,8,1,0,0,0,1,1,6,1,41,7,1399,2,13,-1,1,-1
2015471504769,3,9,0,2,0,2,0,0,0,0,0,1,6,3,-1,-1,-1,-1,-1,-1,-1,-1
2015471504772,1,1,0,18,0,0,0,0,0,0,1,1,6,1,40,7,-1,-1,-1,-1,2,-1
2015471504772,2,9,0,9,0,0,0,0,0,0,3,1,6,1,19,4,1390,1,11,-1,2,-1
2015471504779,1,9,0,18,0,3,0,0,0,0,1,1,6,1,40,7,1560,2,3,-1,1,-1
2015471504779,2,9,0,18,0,3,0,0,0,0,4,1,6,2,41,7,1968,2,7,-1,1,-1
2015471504784,1,9,0,4,0,8,0,0,0,0,0,1,6,2,35,6,-1,-1,-1,-1,-1,-1
2015471504784,2,9,0,4,0,1,0,0,0,0,0,1,6,2,45,7,1240,1,10,-1,1,-1
2015471504784,3,11,0,18,0,8,0,0,0,0,0,1,6,1,38,7,4760,2,3,-1,1,-1
2015471504785,1,9,0,18,0,0,0,0,0,0,1,1,6,1,19,4,1242,1,11,-1,2,-1
2015471504785,2,9,0,4,0,0,0,0,0,0,2,1,2,2,43,7,1598,1,10,-1,1,-1
2015471504786,1,9,0,18,0,0,1,0,1,4,1,1,2,2,41,7,1840,1,14,-1,3,-1
2015471504787,1,9,0,18,0,0,0,0,0,0,4,1,1,1,52,8,1598,2,1,-1,1,-1
2015471504787,2,9,0,2,0,0,0,0,0,0,4,1,1,1,37,7,3628,2,7,-1,1,-1
2015471504788,1,9,0,18,0,2,1,0,0,0,1,1,6,2,66,10,1390,1,13,-1,1,-1
2015471504789,1,9,0,18,0,8,0,0,0,0,1,1,6,1,58,9,1956,2,1,-1,-1,-1
2015471504789,2,8,0,18,0,8,0,0,0,0,2,1,1,1,45,7,1560,2,3,-1,1,-1
2015471504793,1,4,0,5,0,4,1,0,0,0,3,1,6,2,55,8,398,1,26,-1,2,-1
2015471504794,1,19,0,4,0,0,2,0,1,0,3,1,2,1,50,8,2461,2,16,-1,1,-1
2015471504795,1,1,0,18,4,1,0,0,0,0,1,1,6,1,46,8,-1,-1,-1,-1,1,-1
2015471504795,2,21,1,7,0,5,0,0,0,0,4,1,1,1,61,9,-1,-1,-1,-1,1,-1
2015471504797,1,9,0,13,0,2,0,0,0,0,3,1,6,3,-1,-1,-1,-1,-1,-1,-1,-1
2015471504797,2,11,0,5,0,2,0,0,0,0,0,1,1,1,36,7,9000,2,8,-1,1,-1
2015471504801,1,5,0,16,0,0,0,12,0,0,1,1,6,1,50,8,847,1,-1,-1,1,-1
2015471504802,1,9,0,18,0,1,0,0,0,0,1,1,6,1,20,4,1360,1,8,-1,1,-1
2015471504803,1,9,0,9,0,8,0,0,0,0,1,1,6,1,20,4,1995,2,6,-1,3,-1
2015471504803,2,1,0,18,0,8,0,0,0,0,4,1,6,1,70,10,-1,-1,-1,-1,1,-1
2015471504804,1,9,0,16,0,0,1,0,1,11,1,1,2,1,20,4,1299,1,13,-1,3,-1
2015471504805,1,9,0,13,0,1,0,0,0,0,4,1,6,1,29,6,-1,-1,-1,-1,-1,-1
2015471504805,2,1,0,18,0,1,0,0,0,7,3,1,6,1,60,9,-1,-1,-1,-1,1,-1
2015471504806,1,9,0,18,0,0,1,0,6,1,1,1,6,1,19,4,1397,1,7,-1,1,-1
2015471504808,1,90,0,18,0,0,0,0,0,0,4,1,6,1,66,10,2287,2,6,-1,1,-1
2015471504809,1,90,0,3,0,0,0,0,0,0,0,1,1,1,46,8,-1,-1,-1,-1,1,-1
2015471504810,1,9,0,18,0,0,0,0,0,0,4,1,1,2,46,8,1590,1,20,-1,3,-1
2015471504810,2,21,1,2,0,0,0,0,0,0,0,2,1,3,-1,-1,-1,-1,-1,-1,-1,-1
2015471504812,1,19,0,18,0,0,0,0,0,0,1,1,6,3,30,6,2461,2,11,-1,-1,-1
2015471504812,2,9,0,18,0,0,0,0,0,0,2,1,6,1,42,7,-1,-1,-1,-1,1,-1
2015471504812,3,9,0,3,0,0,0,0,0,0,2,1,6,1,57,9,1995,2,11,-1,1,-1
2015471504816,1,9,0,13,0,3,0,0,0,0,1,1,6,2,35,6,1598,1,7,-1,1,-1
2015471504816,2,4,0,5,0,3,0,0,0,0,2,1,6,1,17,4,124,1,8,-1,2,-1
2015471504817,1,9,0,18,0,1,5,0,0,0,1,1,6,2,82,11,1086,1,9,-1,1,-1
2015471504817,2,9,0,2,0,1,0,0,0,0,2,1,6,2,51,8,1242,1,5,-1,3,-1
2015471504818,1,3,0,13,0,0,1,0,0,0,1,1,6,1,20,4,125,1,2,-1,3,-1
2015471504818,2,90,0,18,0,0,0,0,0,0,0,1,1,3,-1,-1,-1,-1,-1,-1,-1,-1
2015471504818,3,9,0,18,0,0,0,0,0,0,3,1,2,2,47,8,2993,2,4,-1,3,-1
2015471504820,1,9,0,5,0,1,0,0,0,0,1,1,6,2,29,6,1364,1,8,-1,1,-1
2015471504820,2,3,0,18,0,2,0,0,0,0,4,1,6,1,22,5,125,1,-1,-1,1,-1
2015471504822,1,9,0,16,0,0,1,0,1,10,4,1,6,1,20,4,1995,2,14,-1,2,-1
2015471504823,1,9,0,18,0,2,0,0,1,4,1,1,6,1,43,7,1686,2,17,-1,1,-1
2015471504825,1,9,0,17,0,0,1,0,7,4,1,1,6,1,21,5,1388,1,14,-1,1,-1
2015471504829,1,9,0,18,0,0,0,0,0,0,1,1,6,2,30,6,-1,-1,-1,-1,-1,-1
2015471504835,1,9,0,5,0,6,0,0,0,0,3,1,6,1,60,9,1242,1,1,-1,1,-1
2015471504835,2,5,0,16,0,1,0,0,0,0,1,1,6,1,49,8,1064,1,16,-1,1,-1
2015471504836,1,9,0,18,0,8,0,0,0,0,4,1,6,2,40,7,998,1,16,-1,1,-1
2015471504836,2,90,0,18,0,8,0,0,0,0,3,1,6,2,33,6,-1,-1,-1,-1,1,-1
2015471504838,1,5,0,13,0,0,0,0,0,0,1,1,6,1,24,5,599,1,15,-1,1,-1
2015471504838,2,17,4,9,0,0,0,0,0,0,1,1,1,1,18,4,6728,2,1,-1,1,-1
2015471504839,1,1,0,9,0,8,0,0,0,0,1,1,6,1,23,5,-1,-1,-1,-1,1,-1
2015471504839,2,8,0,7,0,5,0,0,0,0,4,1,6,1,23,5,1149,1,11,-1,1,-1
2015471504840,1,9,0,18,0,8,0,0,0,0,3,1,6,1,22,5,1388,1,4,-1,1,-1
2015471504840,2,9,0,9,0,8,0,0,0,0,1,1,6,1,22,5,1560,2,-1,-1,1,-1
2015471504841,1,9,0,3,0,1,0,0,1,0,1,1,6,3,-1,-1,1984,1,7,-1,-1,-1
2015471504841,2,8,0,18,0,1,0,0,0,0,2,1,1,1,26,6,1870,2,8,-1,1,-1
2015471504841,3,8,0,18,0,1,2,0,1,11,3,1,1,1,63,9,1769,1,13,-1,1,-1
2015471504841,4,9,0,18,0,1,0,0,0,0,0,1,1,1,41,7,1995,2,2,-1,1,-1
2015471504844,1,9,0,11,0,0,0,0,0,0,3,1,6,1,34,6,1749,1,13,-1,1,-1
2015471504844,2,9,0,16,0,0,0,0,0,0,3,1,6,2,20,4,1498,1,6,-1,1,-1
2015471504845,1,9,0,5,0,6,0,0,0,0,3,1,6,2,26,6,1229,1,9,-1,1,-1
2015471504845,2,9,0,18,0,8,0,0,0,0,1,1,6,1,46,8,1360,1,11,-1,2,-1
2015471504846,1,3,0,18,1,1,0,0,0,0,1,1,6,1,51,8,1050,1,6,-1,1,-1
2015471504846,2,9,0,18,0,1,0,0,0,0,2,1,6,1,45,7,1997,1,8,-1,1,-1
2015471504847,1,9,0,9,0,6,0,0,0,0,1,1,6,2,48,8,2496,2,12,-1,3,-1
2015471504847,2,9,0,18,0,1,0,0,0,0,4,1,6,2,27,6,999,1,-1,-1,1,-1
2015471504849,1,21,0,18,0,0,0,0,0,0,1,1,1,1,28,6,10518,2,6,-1,1,-1
2015471504849,2,19,0,18,0,0,0,0,0,0,1,1,1,1,25,5,2402,2,8,-1,1,-1
2015471504849,3,2,0,18,0,0,0,0,0,0,2,1,2,1,16,4,-1,-1,-1,-1,1,-1
2015471504850,1,9,0,9,0,6,0,0,0,0,3,1,6,1,34,6,1497,8,10,-1,1,-1
2015471504850,2,9,0,18,0,1,0,0,0,0,1,1,6,2,83,11,1299,1,13,-1,1,-1
2015471504853,1,9,0,18,0,0,0,0,0,0,1,1,6,1,27,6,-1,-1,-1,-1,1,-1
2015471504853,2,9,0,4,0,0,0,0,0,0,2,1,6,2,36,7,1598,2,3,-1,1,-1
2015471504854,1,9,0,18,0,0,2,0,5,10,1,1,6,1,49,8,1242,1,14,-1,1,-1
2015471504855,1,9,0,18,0,0,0,0,2,10,1,1,6,1,26,6,1399,2,11,-1,1,-1
2015471504857,1,9,0,12,0,8,0,0,0,0,3,1,6,1,57,9,1995,1,14,-1,1,-1
2015471504857,2,9,0,18,0,8,0,0,0,0,4,1,6,1,24,5,1781,1,13,-1,1,-1
2015471504858,1,9,0,14,0,0,0,4,0,0,1,1,6,2,24,5,1870,2,8,-1,1,-1
2015471504858,2,9,0,2,0,0,0,0,0,0,2,1,6,3,-1,-1,1598,1,7,-1,-1,-1
2015471504858,3,9,0,2,0,0,0,0,0,0,2,1,6,3,-1,-1,1796,1,12,-1,-1,-1
2015471504860,1,22,0,16,9,0,0,0,0,0,1,1,6,2,65,9,-1,-1,-1,-1,-1,-1
2015471504862,1,2,0,9,0,5,0,0,0,0,3,1,6,2,71,10,49,1,13,-1,1,-1
2015471504863,1,98,0,1,0,5,0,0,0,0,4,2,1,1,35,6,-1,-1,-1,-1,-1,-1
2015471504867,1,9,0,18,0,3,0,0,0,0,4,1,6,1,45,7,1388,1,11,-1,1,-1
2015471504867,2,19,0,18,0,8,0,10,0,0,3,1,1,1,31,6,2299,2,-1,-1,1,-1
2015471504868,1,9,0,18,0,0,0,0,0,0,1,1,6,1,30,6,2198,1,16,-1,3,-1
2015471504868,2,19,0,3,0,0,0,0,0,0,2,1,6,1,32,6,1560,2,2,-1,1,-1
2015471504869,1,9,0,18,0,1,0,0,0,0,1,1,6,1,26,6,-1,-1,-1,-1,1,-1
2015471504869,2,21,0,18,0,1,0,0,0,0,1,1,1,1,44,7,9290,2,5,-1,2,-1
2015471504869,3,20,0,18,0,1,0,0,0,0,2,1,1,1,68,10,-1,-1,-1,-1,1,-1
2015471504869,4,9,0,18,0,1,0,0,0,0,2,1,6,2,69,10,1242,1,4,-1,2,-1
2015471504869,5,9,0,7,0,8,0,0,0,0,0,1,6,3,-1,-1,-1,-1,-1,-1,-1,-1
2015471504870,1,9,0,18,0,8,0,0,4,2,4,1,6,1,27,6,1839,1,12,-1,1,-1
2015471504872,1,9,0,18,0,0,0,0,0,0,1,1,2,2,37,7,1796,1,11,-1,1,-1
2015471504872,2,9,0,18,0,0,0,0,0,0,2,1,6,1,40,7,998,1,1,-1,-1,-1
2015471504874,1,9,0,9,0,6,0,0,0,0,1,1,6,2,40,7,1910,2,6,-1,1,-1
2015471504874,2,9,0,18,0,1,0,0,0,0,1,1,6,2,76,11,1242,1,4,-1,1,-1
2015471504875,1,9,0,4,0,0,0,0,0,0,1,1,2,1,71,10,1596,1,6,-1,1,-1
2015471504875,2,11,0,3,3,0,0,0,0,0,0,1,1,1,40,7,-1,-1,-1,-1,-1,-1
2015471504881,1,9,0,4,0,1,1,0,0,0,1,1,6,2,40,7,1275,1,22,-1,1,-1
2015471504881,2,9,0,4,0,1,0,0,0,0,0,1,6,2,33,6,1360,1,12,-1,1,-1
2015471504881,3,9,0,9,0,6,0,0,0,0,0,1,1,1,35,6,1560,2,1,-1,1,-1
2015471504883,1,9,0,18,0,0,0,0,0,0,1,1,6,1,29,6,1149,1,13,-1,1,-1
2015471504883,2,9,0,4,0,0,0,0,0,0,2,1,6,1,66,10,1968,2,2,-1,1,-1
2015471504885,1,9,0,6,0,6,0,0,0,0,3,1,6,1,30,6,-1,-1,-1,-1,1,-1
2015471504885,2,9,0,18,0,8,0,0,7,0,1,1,6,1,52,8,2393,1,11,-1,3,-1
2015471504888,1,9,0,16,0,0,1,0,7,10,1,1,6,1,63,9,1390,1,14,-1,2,-1
2015471504888,2,19,0,17,0,0,0,0,1,0,1,1,2,1,41,7,2461,2,12,-1,1,-1
2015471504889,1,9,0,4,0,0,0,0,0,0,0,1,6,1,66,10,1248,2,8,-1,3,-1
2015471504890,1,9,0,18,0,0,0,4,0,0,1,1,6,1,77,11,1390,1,16,-1,1,-1
2015471504890,2,9,0,2,0,0,0,0,0,0,3,1,6,1,60,9,-1,-1,-1,-1,1,-1
2015471504890,3,9,0,2,0,0,0,0,0,0,3,1,6,1,50,8,1598,1,12,-1,1,-1
2015471504892,1,9,0,13,0,0,0,0,0,0,0,1,6,3,-1,-1,-1,-1,-1,-1,-1,-1
2015471504892,2,9,0,18,0,0,1,0,2,4,3,1,2,1,34,6,1995,2,9,-1,1,-1
2015471504893,1,9,0,9,0,6,0,0,0,0,4,1,6,3,-1,-1,-1,-1,-1,-1,-1,-1
2015471504893,2,1,0,18,0,2,0,0,0,0,3,1,6,1,29,6,-1,-1,-1,-1,1,-1
2015471504895,1,9,0,18,0,1,0,0,0,0,1,1,6,1,62,9,2495,2,14,-1,1,-1
2015471504895,2,9,0,7,0,8,0,0,0,0,4,1,6,1,66,10,1686,2,1,-1,3,-1
2015471504897,1,1,0,18,9,8,0,0,1,0,1,1,6,1,18,4,-1,-1,-1,-1,1,-1
2015471504897,2,9,0,9,0,5,0,0,7,0,4,1,6,2,22,5,1242,1,2,-1,1,-1
2015471504898,1,9,0,1,0,2,0,0,0,0,2,1,6,1,56,9,1951,2,13,-1,1,-1
2015471504899,1,9,0,1,0,8,0,0,0,0,2,1,6,3,35,6,1800,1,16,-1,-1,-1
2015471504899,2,9,0,4,0,8,0,0,0,0,0,1,6,1,30,6,1998,1,1,-1,1,-1
2015471504900,1,9,0,18,0,0,0,0,5,6,1,1,2,1,33,6,-1,-1,-1,-1,1,-1
2015471504900,2,9,0,18,0,0,0,0,0,0,1,1,2,2,23,5,1560,2,1,-1,1,-1
2015471504901,1,9,0,16,0,0,5,0,7,9,1,1,6,1,43,7,1769,1,14,-1,1,-1
2015471504904,1,21,1,1,0,1,0,4,0,0,2,1,1,1,41,7,10837,2,3,-1,1,-1
2015471504904,2,9,0,2,0,2,0,0,0,0,1,1,1,1,24,5,1997,2,3,-1,1,-1
2015471504905,1,9,0,18,0,2,0,0,0,0,1,1,6,2,85,11,2457,1,6,-1,3,-1
2015471504906,1,9,0,5,0,6,0,0,0,0,1,1,6,2,48,8,1360,1,6,-1,1,-1
2015471504906,2,11,0,18,0,8,0,0,0,0,3,1,1,1,57,9,9000,2,7,-1,1,-1
2015471504908,1,9,0,18,0,1,0,0,0,0,1,1,6,2,76,11,1348,1,13,-1,1,-1
2015471504909,1,9,0,18,0,0,0,0,0,0,1,1,6,1,65,9,799,2,5,-1,-1,-1
2015471504909,2,9,0,2,0,0,0,0,0,0,1,1,6,3,-1,-1,1461,2,4,-1,-1,-1
2015471504911,1,22,0,18,0,1,0,0,0,0,1,1,6,1,56,9,-1,-1,-1,-1,1,-1
2015471504911,2,9,0,4,0,1,0,0,0,0,1,1,2,1,50,8,-1,-1,-1,-1,1,-1
2015471504912,1,9,0,5,0,1,0,0,0,0,1,1,6,2,19,4,796,1,15,-1,1,-1
2015471504912,2,9,0,18,0,8,1,0,0,0,3,1,6,2,52,8,1595,1,15,-1,1,-1
2015471504912,3,9,0,3,0,1,0,0,0,0,1,1,6,1,70,10,2993,2,1,-1,3,-1
2015471504913,1,9,0,13,0,1,0,0,0,0,4,1,6,3,-1,-1,2993,2,6,-1,-1,-1
2015471504913,2,9,0,9,0,1,0,0,0,0,3,1,6,1,27,6,-1,-1,-1,-1,1,-1
2015471504914,1,9,0,18,0,1,0,0,0,0,1,1,6,2,39,7,2967,2,7,-1,1,-1
2015471504914,2,9,0,3,0,1,0,0,0,0,2,1,2,2,38,7,2000,2,11,-1,3,-1
2015471504915,1,9,0,18,0,0,0,0,0,0,0,1,6,2,55,8,1198,1,1,-1,-1,-1
2015471504916,1,9,0,18,0,0,1,0,0,0,1,1,2,1,34,6,1390,1,14,-1,1,-1
2015471504916,2,9,0,18,0,0,2,0,1,0,1,1,1,1,39,7,-1,-1,-1,-1,1,-1
2015471504918,1,3,0,18,0,1,0,0,0,0,0,1,6,1,18,4,49,1,1,-1,1,-1
2015471504918,2,9,0,18,0,1,0,0,0,0,0,1,6,2,41,7,1360,1,10,-1,3,-1
2015471504919,1,9,0,18,0,3,0,0,0,0,1,1,6,1,40,7,1560,2,-1,-1,3,-1
2015471504919,2,9,0,4,0,1,0,0,0,0,1,1,6,1,50,8,1794,1,10,-1,1,-1
2015471504920,1,9,0,17,0,0,0,0,7,0,4,1,6,1,20,4,1242,1,16,-1,1,-1
2015471504920,2,9,0,16,0,0,0,0,0,0,1,1,6,1,34,6,1998,1,8,-1,1,-1
2015471504924,1,9,0,18,0,0,0,0,0,0,1,1,6,1,27,6,1390,1,13,-1,-1,-1
2015471504924,2,19,0,4,0,0,0,0,0,0,2,1,6,1,24,5,1870,2,10,-1,1,-1
2015471504925,1,4,0,16,0,1,1,0,0,0,4,1,2,1,24,5,398,1,7,-1,3,-1
2015471504926,1,9,0,9,0,2,0,0,0,0,1,1,6,1,70,10,1968,2,8,-1,1,-1
2015471504926,2,9,0,9,0,1,0,0,0,0,3,1,1,1,35,6,1598,2,2,-1,1,-1
2015471504927,1,9,0,9,0,6,0,0,0,0,0,1,6,2,28,6,1587,1,16,-1,1,-1
2015471504927,2,9,0,18,0,1,0,0,1,0,1,1,6,1,32,6,1598,1,4,-1,1,-1
2015471504928,1,19,0,18,0,1,0,0,0,0,1,1,6,3,26,6,1560,2,2,-1,-1,-1
2015471504928,2,9,0,18,0,1,0,0,0,0,2,1,6,2,64,9,1242,1,10,-1,1,-1
2015471504929,1,9,0,18,0,8,1,0,0,0,1,1,6,2,19,4,1360,1,12,-1,1,-1
2015471504929,2,3,0,4,0,8,0,0,0,0,2,1,6,1,20,4,124,1,2,-1,1,-1
2015471504929,3,9,0,4,0,8,0,0,0,0,2,1,6,1,44,7,1388,1,13,-1,-1,-1
2015471504932,1,9,0,18,0,0,0,0,1,4,3,1,6,1,31,6,1800,1,16,-1,1,-1
2015471504938,1,9,0,18,0,0,0,0,0,0,1,1,6,1,54,8,1498,1,-1,-1,-1,-1
2015471504938,2,9,0,18,0,0,0,0,0,0,1,1,6,1,56,9,1988,2,11,-1,1,-1
2015471504940,1,9,0,18,0,0,0,0,0,4,1,1,6,2,44,7,1560,2,4,-1,2,-1
2015471504944,1,9,0,18,0,0,0,0,1,4,1,1,6,2,33,6,1595,1,9,-1,1,-1
2015471504945,1,9,0,13,0,0,5,0,0,0,1,1,6,1,28,6,1896,2,12,-1,1,-1
2015471504945,2,9,0,18,0,0,0,0,0,0,2,1,2,2,66,10,1997,2,11,-1,1,-1
2015471504945,3,9,0,18,0,0,0,10,0,0,1,1,2,2,22,5,1498,1,6,-1,1,-1
2015471504946,1,9,0,16,0,0,1,0,0,0,1,1,6,1,43,7,1796,1,15,-1,1,-1
2015471504946,2,9,0,17,0,0,0,0,1,0,1,1,6,1,62,9,2922,1,19,-1,1,-1
2015471504950,1,9,0,18,0,0,1,0,7,4,2,1,2,1,23,5,1360,1,15,-1,1,-1
2015471504951,1,9,0,9,0,5,0,0,0,0,4,1,2,2,22,5,998,1,2,-1,1,-1
2015471504951,2,9,0,18,0,1,0,0,0,0,1,1,6,2,57,9,1398,1,5,-1,1,-1
2015471504953,1,9,0,17,0,0,0,0,0,0,0,1,6,1,45,7,1753,2,7,-1,1,-1
2015471504953,2,3,0,16,0,0,0,0,0,0,3,1,6,2,48,8,125,1,3,-1,1,-1
2015471504957,1,9,0,18,0,8,5,0,0,1,1,1,6,1,29,6,1248,2,7,-1,1,-1
2015471504963,1,9,0,16,0,0,0,0,0,0,1,1,6,1,67,10,1368,1,6,-1,3,-1
2015471504963,2,9,0,18,0,0,0,0,1,10,1,1,6,1,32,6,1598,1,6,-1,1,-1
2015471504964,1,9,0,9,0,8,0,0,0,0,3,1,6,1,51,8,1796,1,5,-1,1,-1
2015471504964,2,3,0,18,0,8,0,0,0,0,1,1,2,1,59,9,108,1,3,-1,3,-1
2015471504965,1,9,0,18,0,0,0,0,0,0,1,1,6,3,-1,-1,2987,2,3,-1,-1,-1
2015471504965,2,9,0,3,0,0,0,0,0,0,2,1,6,1,20,4,1896,2,10,-1,3,-1
2015471504965,3,9,0,3,0,0,0,0,0,0,2,1,6,1,36,7,1956,2,2,-1,1,-1
2015471504965,4,9,0,3,0,0,0,0,0,0,2,1,1,1,26,6,1992,2,10,-1,1,-1
2015471504965,5,90,0,2,0,0,0,0,0,0,0,1,6,3,-1,-1,-1,-1,-1,-1,-1,-1
2015471504966,1,2,0,18,0,1,0,0,0,0,1,1,6,2,33,6,85,1,17,-1,1,-1
2015471504966,2,9,0,3,0,8,0,0,0,0,2,1,6,2,54,8,1796,1,16,-1,1,-1
2015471504967,1,9,0,16,0,0,1,0,0,0,1,2,6,1,30,6,1796,1,16,-1,1,-1
2015471504967,2,9,0,17,0,0,0,0,0,0,1,1,6,1,18,4,1149,1,12,-1,1,-1
2015471504970,1,3,0,18,0,0,1,0,0,0,3,1,6,2,23,5,125,1,2,-1,1,-1
2015471504972,1,9,0,18,0,1,0,0,0,0,1,1,6,2,35,6,-1,-1,-1,-1,-1,-1
2015471504972,2,9,0,7,0,1,0,0,0,0,2,1,6,2,49,8,998,1,2,-1,1,-1
2015471504973,1,9,0,18,0,0,0,0,0,0,1,1,6,2,21,5,1197,1,2,-1,1,-1
2015471504973,2,9,0,3,0,0,0,0,0,0,2,1,6,2,33,6,1398,2,11,-1,1,-1
2015471504975,1,9,0,18,0,4,0,0,0,0,1,1,6,2,79,11,1598,1,27,-1,1,-1
2015471504975,2,9,0,18,0,4,0,0,0,0,2,1,6,2,59,9,1390,1,8,-1,1,-1