Accident_Index,Vehicle_Reference,Vehicle_Type,Towing_and_Articulation,Vehicle_Manoeuvre,Vehicle_Location-Restricted_Lane,Junction_Location,Skidding_and_Overturning,Hit_Object_in_Carriageway,Vehicle_Leaving_Carriageway,Hit_Object_off_Carriageway,1st_Point_of_Impact,Was_Vehicle_Left_Hand_Drive?,Journey_Purpose_of_Driver,Sex_of_Driver,Age_of_Driver,Age_Band_of_Driver,Engine_Capacity_(CC),Propulsion_Code,Age_of_Vehicle,Driver_IMD_Decile,Driver_Home_Area_Type,Vehicle_IMD_Decile
2015471504977,1,5,0,18,0,8,1,0,0,0,1,1,6,1,54,8,1200,1,17,-1,1,-1
2015471504977,2,9,0,18,0,8,0,0,0,0,1,1,6,2,51,8,1197,1,-1,-1,2,-1
2015471504978,1,5,0,18,0,0,1,0,0,0,4,1,6,1,42,7,899,1,19,-1,3,-1
2015471504978,2,9,0,18,0,0,0,0,0,0,2,1,6,1,30,6,1781,1,10,-1,3,-1
2015471504980,1,9,0,18,0,0,0,0,0,0,3,1,6,1,22,5,1364,1,9,-1,1,-1
2015471504980,2,9,0,18,0,0,0,0,0,0,3,1,6,1,54,8,2143,2,3,-1,1,-1
2015471504981,1,9,0,18,0,0,0,0,1,0,1,1,6,1,53,8,1910,2,8,-1,3,-1
2015471504981,2,9,0,4,0,0,0,0,0,0,2,1,6,1,18,4,998,1,5,-1,3,-1
2015471504981,3,9,0,18,0,0,0,0,0,0,3,1,6,1,49,8,3628,2,8,-1,1,-1
2015471504984,1,9,0,18,0,0,1,0,7,3,4,1,6,1,25,5,1242,1,14,-1,1,-1
2015471504985,1,9,0,5,0,4,0,0,0,0,1,1,6,2,47,8,1968,2,11,-1,3,-1
2015471504985,2,1,0,18,0,3,0,0,0,0,1,1,6,2,27,6,-1,-1,-1,-1,1,-1
2015471504987,1,9,0,5,0,4,0,0,0,0,1,1,6,1,34,6,1968,2,2,-1,1,-1
2015471504987,2,3,0,4,0,4,0,0,0,0,2,1,6,1,57,9,-1,-1,-1,-1,-1,-1
2015471504988,1,9,0,9,0,6,0,0,0,0,3,1,6,1,68,10,1275,1,19,-1,1,-1
2015471504988,2,3,0,18,0,8,1,0,0,0,1,1,6,1,22,5,124,1,2,-1,1,-1
2015471504991,1,9,0,7,0,5,0,0,0,0,1,1,1,1,23,5,1390,1,2,-1,1,-1
2015471504991,2,8,0,18,2,1,0,0,0,0,3,1,1,1,31,6,2231,2,1,-1,1,-1
2015471504992,1,9,0,18,0,1,0,0,0,0,1,1,6,1,47,8,1497,1,12,-1,1,-1
2015471504992,2,9,0,18,0,1,0,0,0,0,2,1,2,2,22,5,1360,1,10,-1,1,-1
2015471504993,1,9,0,9,0,3,0,0,1,2,4,1,6,2,36,7,1994,1,13,-1,1,-1
2015471504995,1,9,0,18,0,1,0,0,0,0,1,1,6,3,-1,-1,1988,1,16,-1,-1,-1
2015471504995,2,9,0,7,0,6,0,0,0,0,1,1,6,1,66,10,998,1,1,-1,1,-1
2015471504995,3,9,0,2,0,1,0,0,0,0,2,1,6,3,-1,-1,1560,2,7,-1,-1,-1
2015471504998,1,9,0,18,0,1,0,0,0,0,1,1,6,1,50,8,1896,2,8,-1,1,-1
2015471504998,2,9,0,7,0,5,0,0,1,10,4,1,6,2,41,7,1596,1,8,-1,2,-1
2015471504998,3,9,0,2,0,1,0,0,0,0,1,1,6,3,-1,-1,1796,1,9,-1,-1,-1
2015471504999,1,9,0,9,0,1,0,0,0,0,1,1,6,3,-1,-1,-1,-1,-1,-1,-1,-1
2015471504999,2,9,0,18,0,1,0,0,0,0,2,1,6,1,79,11,1596,1,13,-1,1,-1
2015471505001,1,9,0,18,0,0,0,0,0,0,1,1,1,1,24,5,1560,2,2,-1,3,-1
2015471505001,2,9,0,4,0,0,0,0,0,0,2,1,6,1,62,9,1679,1,13,-1,1,-1
2015471505001,3,9,0,4,0,0,0,0,0,0,2,1,6,2,41,7,1332,1,18,-1,1,-1
2015471505001,4,9,0,4,0,0,0,0,0,0,2,1,6,2,29,6,2720,2,9,-1,1,-1
2015471505002,1,9,0,3,0,6,0,0,0,0,1,1,6,1,41,7,1968,2,1,-1,1,-1
2015471505002,2,2,0,14,0,8,0,0,0,0,1,1,6,1,50,8,158,1,52,-1,1,-1
2015471505003,1,9,0,4,0,3,0,9,3,1,1,1,6,2,26,6,1998,1,-1,-1,1,-1
2015471505004,1,9,0,18,0,4,0,0,0,0,1,1,6,1,26,6,1339,1,10,-1,3,-1
2015471505004,2,9,0,3,0,4,0,0,0,0,2,1,6,1,25,5,1896,2,8,-1,1,-1
2015471505005,1,9,0,18,0,8,1,0,7,0,1,1,6,1,17,4,998,1,14,-1,2,-1
2015471505005,2,9,0,18,0,8,1,0,1,0,1,1,6,1,53,8,1560,2,3,-1,1,-1
2015471505007,1,9,0,11,0,0,0,0,1,0,4,1,6,2,48,8,-1,-1,-1,-1,1,-1
2015471505007,2,11,0,18,0,0,0,0,0,0,3,1,1,1,62,9,-1,-1,-1,-1,1,-1
2015471505008,1,9,0,4,0,0,0,0,0,0,1,2,6,1,27,6,1196,1,30,-1,-1,-1
2015471505009,1,9,0,9,0,6,0,0,0,0,3,1,6,1,80,11,1388,1,6,-1,1,-1
2015471505009,2,9,0,18,0,1,0,0,0,0,1,1,2,1,49,8,2179,2,11,-1,1,-1
2015471505013,1,19,0,16,8,0,0,0,0,0,0,1,6,1,56,9,2198,2,3,-1,1,-1
2015471505013,2,3,0,17,0,0,1,0,0,0,4,1,6,1,31,6,124,1,5,-1,1,-1
2015471505014,1,9,0,18,0,0,0,0,0,0,1,1,6,2,28,6,1968,2,3,-1,1,-1
2015471505014,2,9,0,3,0,0,0,0,0,0,2,1,6,2,33,6,1242,1,12,-1,1,-1
2015471505014,3,9,0,3,0,0,0,0,0,0,2,1,6,1,48,8,1461,2,1,-1,1,-1
2015471505015,1,9,0,12,0,3,0,0,0,0,3,1,6,1,76,11,1968,2,4,-1,2,-1
2015471505015,2,5,0,18,0,3,0,0,0,0,1,1,6,1,47,8,998,1,11,-1,1,-1
2015471505016,1,3,0,9,0,8,0,0,0,0,1,1,6,1,20,4,125,1,-1,-1,1,-1
2015471505017,1,9,0,9,0,8,0,0,0,0,1,1,6,1,23,5,1998,1,11,-1,2,-1
2015471505017,2,9,0,18,0,1,0,0,0,0,1,1,6,1,48,8,1582,2,1,-1,1,-1
2015471505018,1,9,0,17,0,0,0,0,1,4,1,1,6,2,27,6,2231,2,5,-1,3,-1
2015471505018,2,9,0,18,0,0,0,0,1,4,1,1,6,1,41,7,1600,1,11,-1,3,-1
2015471505020,1,9,0,18,0,0,0,0,0,0,1,1,6,1,-1,-1,-1,-1,-1,-1,-1,-1
2015471505021,1,9,0,18,0,0,2,0,1,2,1,1,6,2,41,7,1753,2,8,-1,1,-1
2015471505023,1,9,0,18,0,3,0,0,0,0,1,1,6,1,50,8,1461,2,2,-1,1,-1
2015471505023,2,9,0,18,0,3,0,0,0,0,4,1,6,2,20,4,1149,1,12,-1,1,-1
2015471505024,1,9,0,18,0,0,1,0,0,0,1,1,6,1,19,4,1390,1,7,-1,1,-1
2015471505024,2,9,0,2,6,0,0,0,0,0,4,1,6,3,-1,-1,1360,1,5,-1,-1,-1
2015471505024,3,9,0,2,6,0,0,0,0,0,4,1,6,3,-1,-1,2993,2,8,-1,-1,-1
2015471505026,1,2,0,4,0,4,1,0,0,0,3,1,6,1,42,7,-1,-1,-1,-1,1,-1
2015471505027,1,9,0,10,0,8,0,0,0,0,3,1,6,2,27,6,1984,1,15,-1,1,-1
2015471505027,2,9,0,18,0,1,0,0,0,0,1,1,6,1,40,7,1560,2,2,-1,1,-1
2015471505028,1,9,0,18,0,3,1,0,1,2,4,1,6,1,19,4,1598,1,13,-1,1,-1
2015471505029,1,9,0,16,0,0,0,0,2,4,4,1,6,2,36,7,1560,2,8,-1,1,-1
2015471505032,1,3,0,13,0,1,1,0,0,0,1,1,6,1,19,4,124,1,4,-1,1,-1
2015471505032,2,9,0,4,0,2,0,0,0,0,1,1,6,2,63,9,1199,1,14,-1,1,-1
2015471505033,1,9,0,18,0,0,0,0,0,0,0,1,6,1,45,7,-1,-1,-1,-1,-1,-1
2015471505033,2,17,4,18,0,0,0,0,0,0,0,1,6,1,30,6,-1,-1,-1,-1,-1,-1
2015471505034,1,9,0,18,0,0,0,0,0,0,1,1,6,1,50,8,1997,1,8,-1,1,-1
2015471505034,2,8,0,18,0,0,0,0,0,0,2,1,6,1,57,9,1896,2,6,-1,1,-1
2015471505036,1,9,0,7,0,5,0,0,0,0,4,1,6,1,50,8,1560,2,3,-1,1,-1
2015471505036,2,1,0,18,4,1,0,0,0,0,1,1,6,1,20,4,-1,-1,-1,-1,1,-1
2015471505038,1,9,0,18,0,1,0,0,1,10,1,1,6,1,85,11,1390,1,11,-1,1,-1
2015471505038,2,19,0,2,0,1,0,0,0,0,3,1,6,3,-1,-1,1870,2,9,-1,-1,-1
2015471505039,1,9,0,18,0,4,0,0,0,0,1,1,6,3,-1,-1,-1,-1,-1,-1,-1,-1
2015471505039,2,1,0,18,0,8,0,0,0,0,4,1,6,1,28,6,-1,-1,-1,-1,1,-1
2015471505043,1,9,0,5,0,4,0,0,0,0,1,1,2,1,44,7,1796,1,13,-1,1,-1
2015471505043,2,1,0,9,0,3,0,0,0,0,1,1,6,1,36,7,-1,-1,-1,-1,1,-1
2015471505046,1,9,0,3,0,3,0,0,0,0,1,1,6,2,37,7,1968,2,4,-1,1,-1
2015471505046,2,1,0,3,0,3,0,0,0,0,2,1,6,1,67,10,-1,-1,-1,-1,1,-1
2015471505050,1,20,0,18,0,1,0,0,0,0,1,1,6,3,30,6,-1,-1,-1,-1,-1,-1
2015471505050,2,1,0,18,0,1,0,0,0,0,2,1,6,1,31,6,-1,-1,-1,-1,1,-1
2015471505054,1,19,0,18,0,0,0,0,1,4,1,1,1,2,48,8,1686,2,8,-1,1,-1
2015471505054,2,9,0,3,0,0,0,0,0,0,2,1,6,1,74,10,1968,2,11,-1,1,-1
2015471505057,1,9,0,16,0,0,1,0,7,1,1,1,2,1,21,5,1389,1,18,-1,1,-1
2015471505058,1,19,0,18,0,1,0,0,0,0,1,1,1,1,32,6,2198,2,6,-1,1,-1
2015471505058,2,11,0,2,0,1,0,0,0,0,0,1,1,3,-1,-1,-1,-1,-1,-1,-1,-1
2015471505058,3,11,0,2,0,1,0,0,0,0,0,1,1,3,-1,-1,-1,-1,-1,-1,-1,-1
2015471505059,1,9,0,18,0,1,0,0,0,0,1,1,2,1,18,4,-1,-1,-1,-1,1,-1
2015471505059,2,2,0,18,0,1,0,0,0,0,1,1,6,2,25,5,-1,-1,-1,-1,1,-1
2015471505062,1,19,0,18,0,0,0,0,0,0,1,1,1,1,42,7,1753,2,9,-1,1,-1
2015471505062,2,9,0,18,0,0,0,0,0,0,2,1,2,1,53,8,1598,1,9,-1,1,-1
2015471505063,1,9,0,18,0,1,0,0,0,0,1,1,6,1,45,7,2926,2,12,-1,1,-1
2015471505063,2,9,0,3,0,6,0,0,0,0,2,1,1,1,47,8,1298,1,5,-1,1,-1
2015471505065,1,19,0,18,0,8,0,0,0,0,1,2,6,2,35,6,-1,-1,-1,-1,-1,-1
2015471505065,2,9,0,3,0,8,0,0,0,0,2,1,6,2,19,4,1600,2,4,-1,1,-1
2015471505067,1,9,0,18,0,1,0,0,0,0,4,1,6,1,46,8,1124,1,12,-1,1,-1
2015471505069,1,8,0,18,0,1,0,0,0,0,1,1,6,1,29,6,1997,2,1,-1,1,-1
2015471505069,2,3,0,3,0,1,0,0,0,0,2,1,6,1,19,4,124,1,8,-1,1,-1
2015471505071,1,8,0,18,0,8,0,0,8,11,3,1,6,2,59,9,1248,1,6,-1,1,-1
2015471505071,2,9,0,18,0,8,0,0,7,0,1,1,2,1,32,6,1299,1,13,-1,1,-1
2015471505072,1,9,0,2,0,1,0,0,0,0,3,1,6,1,19,4,1390,1,11,-1,2,-1
2015471505072,2,1,0,18,0,1,0,0,0,0,3,1,2,1,42,7,-1,-1,-1,-1,1,-1
2015471505074,1,9,0,18,0,0,0,7,0,0,1,1,6,2,39,7,1388,1,8,-1,1,-1
2015471505074,2,9,0,18,0,0,0,0,0,0,3,1,6,1,67,10,1896,2,11,-1,1,-1
2015471505076,1,9,0,9,0,1,0,0,0,0,4,1,6,2,58,9,1242,1,9,-1,1,-1
2015471505077,1,9,0,18,0,2,0,0,1,0,3,1,6,1,70,10,1997,2,1,-1,3,-1
2015471505077,2,9,0,18,0,1,0,0,0,0,1,1,1,1,60,9,1968,2,2,-1,1,-1
2015471505079,1,9,0,7,0,6,0,0,0,0,1,1,6,1,36,7,-1,-1,-1,-1,1,-1
2015471505079,2,2,0,18,0,2,0,0,0,0,1,1,6,1,16,4,49,1,2,-1,1,-1
2015471505080,1,5,0,9,0,8,0,0,0,0,4,1,2,1,58,9,487,1,15,-1,1,-1
2015471505080,2,9,0,5,0,8,0,0,0,0,1,1,2,1,41,7,2494,1,13,-1,1,-1
2015471505080,3,9,0,3,0,1,0,0,0,0,1,1,2,1,38,7,1796,1,14,-1,1,-1
2015471505080,4,19,0,9,0,8,0,0,0,0,0,1,6,1,45,7,-1,-1,-1,-1,-1,-1
2015471505081,1,2,0,18,0,0,0,0,0,0,1,1,2,1,47,8,49,1,6,-1,1,-1
2015471505081,2,19,0,3,0,0,0,0,0,0,2,1,1,1,33,6,1995,2,2,-1,1,-1
2015471505082,1,9,0,18,0,0,2,10,0,0,4,1,6,1,34,6,1124,1,19,-1,3,-1
2015471505083,1,9,0,9,0,8,0,0,0,0,1,1,6,2,17,4,1598,1,8,-1,3,-1
2015471505083,2,9,0,18,0,8,0,0,0,0,1,1,6,1,33,6,1600,2,6,-1,1,-1
2015471505084,1,9,0,18,0,6,1,10,1,0,1,1,6,1,26,6,1796,1,16,-1,3,-1
2015471505084,2,9,0,18,0,2,0,0,0,0,1,1,6,2,39,7,998,1,5,-1,1,-1
2015471505085,1,9,0,18,0,0,1,0,1,4,3,1,2,1,23,5,1587,1,14,-1,1,-1
2015471505086,1,19,0,18,0,2,0,0,0,0,1,1,1,1,38,7,1995,2,7,-1,1,-1
2015471505086,2,9,0,18,0,2,0,0,0,0,2,1,6,1,59,9,1598,1,4,-1,1,-1
2015471505086,3,9,0,18,0,2,0,0,0,0,2,1,6,1,47,8,1794,1,14,-1,1,-1
2015471505088,1,9,0,18,0,0,0,0,0,0,1,1,6,1,77,11,2400,2,2,-1,3,-1
2015471505088,2,9,0,18,0,0,0,0,0,0,1,1,1,2,40,7,1596,1,-1,-1,2,-1
2015471505089,1,9,0,2,0,0,0,0,0,0,0,1,6,1,61,9,1685,2,4,-1,1,-1
2015471505089,2,1,0,18,0,0,0,0,0,0,1,1,6,1,49,8,-1,-1,-1,-1,1,-1
2015471505090,1,11,0,4,0,2,0,0,0,0,4,1,1,1,53,8,9000,2,7,-1,1,-1
2015471505093,1,9,0,18,0,0,1,0,0,0,1,1,6,1,41,7,1997,2,13,-1,3,-1
2015471505093,2,19,0,18,0,0,0,0,0,0,2,1,1,1,50,8,1968,2,7,-1,3,-1
2015471505093,3,9,0,18,0,0,0,0,0,0,3,1,1,2,51,8,3200,2,10,-1,3,-1
2015471505093,4,21,0,2,0,0,0,0,0,0,0,1,1,3,-1,-1,6693,2,2,-1,-1,-1
2015471505094,1,11,0,18,0,8,0,0,0,0,0,1,1,1,35,6,8970,2,12,-1,1,-1
2015471505095,1,9,0,18,0,0,0,0,0,0,4,1,6,2,18,4,899,1,16,-1,3,-1
2015471505096,1,9,0,5,0,8,0,0,0,0,1,1,2,1,47,8,1896,2,10,-1,1,-1
2015471505096,2,9,0,18,0,1,0,0,0,0,1,1,1,1,42,7,1560,2,3,-1,3,-1
2015471505096,3,9,0,10,0,1,0,0,0,0,1,1,1,2,44,7,1360,1,5,-1,3,-1
2015471505098,1,9,0,16,0,2,0,0,7,11,1,1,6,1,31,6,2616,1,10,-1,1,-1
2015471505099,1,9,0,18,0,0,0,0,0,0,1,1,6,1,37,7,1598,1,8,-1,1,-1
2015471505099,2,9,0,18,0,0,0,0,0,0,2,1,6,2,22,5,1368,1,8,-1,1,-1
2015471505103,1,9,0,18,0,0,0,0,0,0,1,1,6,1,52,8,2993,2,8,-1,1,-1
2015471505103,2,9,0,18,0,0,0,0,0,0,2,1,6,1,26,6,2521,1,7,-1,2,-1
2015471505103,3,9,0,18,0,0,0,0,0,0,2,1,6,2,22,5,1198,1,1,-1,1,-1
2015471505104,1,5,0,18,0,0,0,0,0,0,1,1,6,1,49,8,790,1,11,-1,1,-1
2015471505104,2,9,0,4,0,0,0,0,0,0,3,1,6,1,33,6,1396,1,16,-1,3,-1
2015471505105,1,9,0,18,0,1,0,0,0,0,2,1,6,2,19,4,998,1,3,-1,1,-1
2015471505105,2,9,0,18,0,1,0,0,0,0,1,1,6,2,58,9,1796,1,5,-1,1,-1
2015471505105,3,9,0,18,0,1,0,0,0,0,1,1,6,1,64,9,1995,2,7,-1,1,-1
2015471505106,1,9,0,18,0,0,0,0,0,0,1,1,6,2,31,6,999,1,5,-1,3,-1
2015471505106,2,9,0,4,0,0,0,0,0,0,2,1,6,2,21,5,1242,1,4,-1,1,-1
2015471505110,1,5,0,18,0,8,0,0,0,0,1,1,6,1,45,7,800,1,2,-1,1,-1
2015471505110,2,9,0,9,0,6,0,0,0,0,3,1,6,1,58,9,2993,2,1,-1,3,-1
2015471505111,1,9,0,5,0,6,0,0,0,0,1,1,1,1,35,6,1686,2,12,-1,1,-1
2015471505111,2,3,0,18,0,1,0,0,0,0,1,1,6,1,17,4,124,1,6,-1,1,-1
2015471505112,1,1,0,5,0,6,0,0,0,0,3,1,6,1,25,5,-1,-1,-1,-1,-1,-1
2015471505112,2,9,0,3,0,1,0,0,0,0,4,1,1,1,53,8,995,1,10,-1,1,-1
2015471505114,1,8,0,18,0,1,0,0,0,0,1,1,1,1,31,6,1997,2,1,-1,1,-1
2015471505115,1,2,0,18,0,8,0,0,0,0,1,1,1,1,29,6,50,1,7,-1,1,-1
2015471505115,2,19,0,18,0,8,0,0,0,0,4,1,1,1,45,7,2198,2,3,-1,1,-1
2015471505116,1,10,5,18,0,0,0,0,0,0,0,1,1,1,32,6,-1,-1,-1,-1,2,-1
2015471505116,2,9,0,18,0,0,0,0,0,0,0,1,1,1,28,6,3200,2,5,-1,1,-1
2015471505118,1,9,0,18,0,0,0,0,7,4,1,1,2,1,29,6,1598,1,8,-1,1,-1
2015471505119,1,9,0,13,0,1,0,0,0,0,4,1,6,1,45,7,1360,1,13,-1,1,-1
2015471505119,2,1,0,18,0,1,0,0,0,0,3,1,6,2,39,7,-1,-1,-1,-1,1,-1
2015471505126,1,9,0,18,0,1,0,0,0,0,1,1,6,3,-1,-1,-1,-1,-1,-1,-1,-1
2015471505128,1,9,0,18,0,1,0,0,0,0,1,1,6,1,25,5,1999,1,12,-1,1,-1
2015471505128,2,9,0,9,0,6,0,0,4,6,4,1,6,2,47,8,-1,-1,-1,-1,1,-1
2015471505131,1,9,0,18,0,1,0,0,0,0,1,1,6,1,30,6,-1,-1,-1,-1,-1,-1
2015471505132,1,9,0,9,0,0,0,0,0,0,4,1,6,1,48,8,1598,1,-1,-1,1,-1
2015471505132,2,9,0,18,0,0,0,0,1,0,1,1,6,1,35,6,1299,1,11,-1,1,-1
2015471505133,1,9,0,16,0,0,0,0,0,0,3,1,6,2,25,5,999,1,-1,-1,1,-1
2015471505133,2,9,0,17,0,0,1,0,7,11,3,2,6,1,50,8,-1,-1,-1,-1,3,-1
2015471505133,3,9,0,18,0,0,0,0,1,11,1,1,6,1,37,7,1999,1,8,-1,1,-1
2015471505134,1,9,0,18,0,1,0,0,0,0,1,1,6,2,36,7,1997,1,5,-1,1,-1
2015471505134,2,9,0,5,0,1,0,0,0,0,2,1,6,2,59,9,1598,2,3,-1,1,-1
2015471505135,1,5,0,17,0,8,0,0,1,0,4,1,6,1,65,9,599,1,4,-1,1,-1
2015471505136,1,9,0,12,0,2,0,0,0,0,2,1,6,1,69,10,1968,2,5,-1,1,-1
2015471505136,2,9,0,18,0,2,1,0,1,0,1,1,6,1,32,6,-1,-1,-1,-1,2,-1
2015471505137,1,9,0,18,0,0,0,0,0,0,1,1,6,1,21,5,1388,1,13,-1,1,-1
2015471505137,2,9,0,3,0,0,0,0,0,0,2,1,6,2,47,8,1598,1,1,-1,1,-1
2015471505139,1,9,0,18,0,0,0,0,2,10,1,1,6,2,51,8,998,1,14,-1,3,-1
2015471505139,2,9,0,18,0,0,0,0,0,0,1,1,6,2,47,8,1388,1,10,-1,1,-1
2015471505140,1,9,0,17,6,0,1,0,8,4,4,1,6,1,22,5,1590,1,14,-1,1,-1
2015471505143,1,3,0,4,0,1,0,0,0,0,1,1,4,1,17,4,124,1,31,-1,1,-1
2015471505143,2,9,0,4,0,1,0,0,0,0,0,1,1,1,41,7,2143,2,-1,-1,1,-1
2015471505144,1,2,0,18,0,1,0,12,0,0,1,1,6,2,30,6,-1,-1,-1,-1,1,-1
2015471505145,1,19,0,5,0,4,0,0,0,0,3,1,1,1,26,6,2148,2,5,-1,1,-1
2015471505145,2,1,0,18,0,8,0,0,0,0,1,1,2,2,28,6,-1,-1,-1,-1,1,-1
2015471505151,1,3,0,18,0,8,0,0,7,10,1,1,6,1,19,4,125,1,2,-1,3,-1
2015471505151,2,9,0,9,0,8,0,0,0,0,3,1,6,2,59,9,1870,2,11,-1,3,-1
2015471505153,1,9,0,2,0,0,0,0,0,0,2,1,6,2,52,8,1995,2,11,-1,1,-1
2015471505153,2,9,0,2,0,0,0,0,0,0,1,1,6,3,-1,-1,2000,2,10,-1,-1,-1
2015471505155,1,3,0,5,0,6,0,0,0,0,1,1,6,2,17,4,108,1,1,-1,1,-1
2015471505155,2,19,0,18,0,1,0,0,0,0,4,1,1,1,37,7,2402,2,13,-1,1,-1
2015471505158,1,5,0,18,0,1,0,0,0,0,1,1,2,1,31,6,782,1,-1,-1,1,-1
2015471505161,1,19,0,5,0,8,0,0,0,0,4,1,6,1,47,8,2402,2,8,-1,1,-1
2015471505161,2,1,0,3,0,8,0,0,0,0,3,1,6,1,46,8,-1,-1,-1,-1,1,-1
2015471505162,1,9,0,18,0,0,0,0,0,0,1,1,1,1,24,5,2967,2,3,-1,1,-1
2015471505162,2,9,0,18,0,0,0,0,0,0,2,1,1,1,31,6,1598,2,2,-1,1,-1
2015471505162,3,9,0,18,0,0,0,0,0,0,1,1,6,1,73,10,1360,1,6,-1,1,-1
2015471505164,1,9,0,9,0,8,0,0,0,0,0,1,6,3,-1,-1,-1,-1,-1,-1,-1,-1
2015471505164,2,1,0,9,0,8,0,10,1,11,1,1,2,1,57,9,-1,-1,-1,-1,1,-1
2015471505168,1,9,0,4,0,8,0,0,0,0,1,2,6,2,27,6,1560,2,3,-1,3,-1
2015471505168,2,9,0,3,0,8,0,0,0,0,2,2,3,2,26,6,1796,1,8,-1,2,-1
2015471505169,1,5,0,18,0,8,0,0,0,0,1,1,6,1,60,9,599,1,11,-1,1,-1
2015471505169,2,19,0,18,0,8,0,0,0,0,2,1,1,1,62,9,2198,2,6,-1,3,-1
2015471505171,1,20,0,6,0,2,0,0,0,0,2,1,6,1,50,8,-1,-1,-1,-1,-1,-1
2015471505173,1,9,0,18,0,6,0,0,0,0,4,1,6,2,19,4,998,1,19,-1,1,-1
2015471505173,2,9,0,18,0,8,0,0,0,0,1,1,6,1,28,6,1390,1,11,-1,1,-1
2015471505174,1,1,0,18,0,0,0,0,0,0,1,1,6,1,30,6,-1,-1,-1,-1,-1,-1
2015471505175,1,1,0,16,0,1,0,0,0,0,0,1,6,1,46,8,-1,-1,-1,-1,1,-1
2015471505175,2,9,0,17,0,2,0,0,0,0,0,1,6,2,41,7,1328,1,14,-1,1,-1
2015471505175,3,19,0,2,0,2,0,0,0,0,0,1,6,3,-1,-1,2148,2,6,-1,-1,-1
2015471505176,1,9,0,18,0,8,0,0,0,0,3,1,6,1,40,7,-1,-1,-1,-1,-1,-1
2015471505177,1,20,0,11,0,3,0,0,0,0,4,1,1,1,59,9,6692,2,6,-1,1,-1
2015471505177,2,8,0,18,0,3,0,0,0,0,3,1,1,1,40,7,1797,8,5,-1,1,-1
2015471505178,1,9,0,18,0,1,0,4,0,0,1,1,6,1,40,7,1968,2,3,-1,1,-1
2015471505178,2,9,0,18,0,1,0,0,0,0,2,1,6,1,26,6,1686,2,-1,-1,1,-1
2015471505178,3,9,0,9,0,1,0,0,0,0,0,1,6,3,30,6,-1,-1,-1,-1,-1,-1
2015471505179,1,9,0,18,0,0,0,4,0,0,1,1,2,2,23,5,1360,1,10,-1,2,-1
2015471505179,2,21,0,2,0,0,0,0,0,0,2,1,1,1,53,8,10518,2,7,-1,1,-1
2015471505180,1,8,0,18,0,8,0,0,0,0,1,1,1,1,58,9,2143,2,-1,-1,1,-1
2015471505180,2,19,4,4,0,8,1,0,0,0,2,1,2,1,28,6,2198,2,3,-1,1,-1
2015471505180,3,19,0,4,0,8,0,0,0,0,2,1,1,1,26,6,1598,2,-1,-1,1,-1
2015471505181,1,3,0,16,0,0,0,0,0,0,1,1,6,1,21,5,125,1,1,-1,1,-1
2015471505181,2,9,0,17,0,0,0,0,0,0,1,1,6,2,24,5,1390,1,11,-1,1,-1
2015471505181,3,9,0,2,0,0,0,0,0,0,2,1,6,1,44,7,1995,2,8,-1,1,-1
2015471505190,1,19,0,18,0,4,0,0,0,0,1,1,1,1,44,7,1995,2,8,-1,2,-1
2015471505190,2,9,0,9,0,8,0,0,0,0,3,1,6,2,17,4,1199,2,1,-1,3,-1
2015471505192,1,9,0,7,0,6,0,0,0,0,1,1,6,2,45,7,-1,-1,-1,-1,1,-1
2015471505192,2,9,0,18,0,8,0,0,0,0,4,1,6,2,55,8,1598,1,14,-1,1,-1
2015471505193,1,9,0,18,0,8,0,0,0,0,1,1,1,1,54,8,1242,1,13,-1,1,-1
2015471505194,1,9,0,4,0,0,0,0,0,0,1,1,6,1,37,7,1968,2,2,-1,1,-1
2015471505194,2,9,0,4,0,0,0,0,0,0,1,1,6,1,74,10,1968,2,2,-1,3,-1
2015471505194,3,9,0,3,0,0,0,0,0,0,2,1,1,1,34,6,2143,2,4,-1,1,-1
2015471505195,1,9,0,12,0,0,0,0,0,0,3,1,1,2,42,7,1598,1,3,-1,1,-1
2015471505195,2,19,0,18,0,0,0,0,0,0,4,1,1,1,24,5,2143,2,5,-1,1,-1
2015471505196,1,9,0,18,0,0,1,2,0,7,1,1,6,1,19,4,1390,1,16,-1,1,-1
2015471505197,1,9,0,18,0,1,0,0,0,0,1,1,6,2,50,8,1242,1,1,-1,1,-1
2015471505197,2,9,0,3,0,1,0,0,0,0,2,1,6,2,33,6,999,1,-1,-1,1,-1
2015471505199,1,9,0,18,0,6,0,0,0,0,0,1,6,2,49,8,2967,2,-1,-1,1,-1
2015471505199,2,1,0,18,0,1,1,10,1,10,2,1,6,1,50,8,-1,-1,-1,-1,1,-1
2015471505203,1,9,0,17,0,0,0,0,1,1,1,1,6,2,55,8,2499,2,9,-1,1,-1
2015471505204,1,11,0,4,0,8,0,0,0,0,0,1,6,1,31,6,9000,2,6,-1,1,-1
2015471505205,1,1,0,18,0,8,0,0,0,0,1,1,6,1,30,6,-1,-1,-1,-1,-1,-1
2015471505205,2,19,0,9,0,8,0,0,0,0,4,1,6,1,24,5,1560,2,-1,-1,1,-1