Accident_Index,Vehicle_Reference,Vehicle_Type,Towing_and_Articulation,Vehicle_Manoeuvre,Vehicle_Location-Restricted_Lane,Junction_Location,Skidding_and_Overturning,Hit_Object_in_Carriageway,Vehicle_Leaving_Carriageway,Hit_Object_off_Carriageway,1st_Point_of_Impact,Was_Vehicle_Left_Hand_Drive?,Journey_Purpose_of_Driver,Sex_of_Driver,Age_of_Driver,Age_Band_of_Driver,Engine_Capacity_(CC),Propulsion_Code,Age_of_Vehicle,Driver_IMD_Decile,Driver_Home_Area_Type,Vehicle_IMD_Decile
2015471505208,1,9,0,5,8,0,0,0,0,0,3,1,6,1,66,10,2435,1,17,-1,1,-1
2015471505208,2,9,0,18,0,0,0,0,0,0,4,1,6,2,70,10,1149,1,12,-1,1,-1
2015471505208,3,21,0,18,0,0,0,0,0,0,0,1,6,3,30,6,-1,-1,-1,-1,-1,-1
2015471505209,1,9,0,4,0,1,0,0,0,0,1,1,6,1,62,9,2143,2,3,-1,1,-1
2015471505209,2,9,0,3,0,4,0,0,0,0,2,1,6,2,30,6,2000,2,9,-1,2,-1
2015471505210,1,9,0,18,0,0,0,0,0,0,1,1,6,1,19,4,1242,1,5,-1,1,-1
2015471505210,2,19,0,2,9,0,0,0,0,0,0,1,6,3,-1,-1,1968,2,3,-1,-1,-1
2015471505211,1,9,0,9,0,5,0,0,0,0,0,1,6,2,32,6,1360,1,12,-1,1,-1
2015471505211,2,1,0,18,4,1,0,0,0,0,1,1,6,1,31,6,-1,-1,-1,-1,1,-1
2015471505213,1,9,0,18,0,4,0,0,0,0,1,1,6,3,-1,-1,-1,-1,-1,-1,-1,-1
2015471505214,1,9,0,12,0,1,0,0,0,0,3,1,6,1,18,4,1595,1,9,-1,1,-1
2015471505214,2,9,0,18,0,1,0,0,0,0,4,1,6,1,25,5,698,1,12,-1,1,-1
2015471505215,1,3,0,18,0,4,1,0,0,0,1,1,6,1,18,4,125,1,4,-1,1,-1
2015471505215,2,9,0,18,0,8,0,0,0,0,4,1,1,1,38,7,1997,2,4,-1,1,-1
2015471505216,1,9,0,17,0,0,2,0,0,0,0,1,6,2,37,7,1242,1,13,-1,1,-1
2015471505218,1,9,0,18,0,3,0,0,0,0,1,1,6,1,18,4,-1,-1,-1,-1,1,-1
2015471505218,2,9,0,18,0,3,0,0,0,0,2,1,1,2,35,6,1598,1,6,-1,2,-1
2015471505218,3,9,0,18,0,3,0,0,0,0,2,1,1,2,32,6,1968,2,8,-1,1,-1
2015471505219,1,9,0,17,0,1,1,0,1,4,1,1,6,1,36,7,1422,2,7,-1,1,-1
2015471505220,1,9,0,18,0,1,2,0,0,0,4,1,6,2,72,10,1198,1,3,-1,1,-1
2015471505220,2,9,0,2,0,1,0,0,0,0,3,1,6,3,-1,-1,1388,1,11,-1,-1,-1
2015471505221,1,9,0,9,0,8,0,0,0,0,1,1,6,1,82,11,1598,1,14,-1,3,-1
2015471505221,2,9,0,18,0,8,0,0,0,0,1,1,6,1,36,7,1197,1,1,-1,1,-1
2015471505223,1,21,1,4,0,0,0,0,0,0,0,1,1,1,61,9,9290,2,2,-1,1,-1
2015471505224,1,9,0,17,0,0,0,0,7,0,4,1,1,1,22,5,1587,1,14,-1,1,-1
2015471505224,2,8,0,16,0,0,0,0,0,0,1,1,1,1,49,8,1997,2,7,-1,1,-1
2015471505227,1,9,0,5,0,1,0,0,0,0,1,1,6,3,-1,-1,-1,-1,-1,-1,-1,-1
2015471505230,1,9,0,9,0,8,0,0,0,0,1,1,6,1,40,7,2143,2,1,-1,3,-1
2015471505230,2,5,0,18,2,8,0,0,0,0,4,1,6,1,22,5,645,1,16,-1,1,-1
2015471505232,1,9,0,4,0,6,0,0,0,0,1,1,6,1,66,10,1598,1,17,-1,1,-1
2015471505234,1,9,0,4,0,1,0,0,0,0,1,1,6,1,72,10,2494,1,12,-1,1,-1
2015471505236,1,3,0,18,0,1,0,0,0,0,1,1,6,1,50,8,124,1,6,-1,1,-1
2015471505236,2,8,0,3,0,1,0,0,0,0,2,1,1,2,41,7,1997,2,5,-1,1,-1
2015471505236,3,9,0,4,0,8,0,0,0,0,0,1,6,3,-1,-1,-1,-1,-1,-1,-1,-1
2015471505237,1,1,0,13,0,1,1,0,0,0,1,1,6,1,32,6,-1,-1,-1,-1,1,-1
2015471505237,2,8,0,9,0,8,0,0,0,0,3,1,1,1,40,7,1896,2,5,-1,1,-1
2015471505238,1,19,0,9,0,8,0,0,0,0,1,1,6,1,27,6,1968,2,3,-1,1,-1
2015471505238,2,1,0,18,0,8,0,0,0,0,4,1,6,2,25,5,-1,-1,-1,-1,1,-1
2015471505242,1,19,0,9,0,3,0,0,0,0,3,1,1,1,45,7,2143,2,1,-1,1,-1
2015471505242,2,3,0,18,0,3,0,0,0,0,1,1,6,1,51,8,124,1,11,-1,1,-1
2015471505245,1,9,0,18,0,0,1,0,0,4,1,1,6,2,47,8,1390,1,12,-1,2,-1
2015471505245,2,9,0,18,0,0,0,0,0,0,1,1,2,1,61,9,1124,1,15,-1,1,-1
2015471505249,1,9,0,9,0,8,0,0,0,0,1,1,6,1,82,11,1598,2,3,-1,1,-1
2015471505249,2,5,0,18,0,1,0,0,0,0,1,1,6,1,48,8,1340,1,23,-1,2,-1
2015471505250,1,9,0,7,0,8,0,0,0,0,4,1,2,1,55,8,1598,1,6,-1,1,-1
2015471505251,1,90,4,18,0,0,0,0,0,0,3,1,6,1,72,10,2800,2,12,-1,1,-1
2015471505251,2,9,0,18,0,0,0,0,0,0,3,1,6,1,47,8,-1,-1,-1,-1,1,-1
2015471505251,3,19,0,2,0,0,0,0,0,0,0,1,1,3,-1,-1,-1,-1,-1,-1,-1,-1
2015471505253,1,9,0,12,0,8,0,0,0,0,0,1,6,1,65,9,1560,2,4,-1,1,-1
2015471505253,2,9,0,17,0,3,0,0,0,0,0,1,6,2,21,5,1242,1,2,-1,2,-1
2015471505254,1,1,0,10,0,8,1,0,0,0,1,1,6,1,16,4,-1,-1,-1,-1,1,-1
2015471505254,2,9,0,10,0,6,0,0,0,0,3,1,6,2,67,10,1796,1,8,-1,1,-1
2015471505257,1,9,0,3,0,1,0,0,0,0,2,1,6,3,-1,-1,1398,1,1,-1,-1,-1
2015471505257,2,9,0,3,0,1,0,0,0,0,1,1,6,1,30,6,1598,1,9,-1,1,-1
2015471505259,1,9,0,3,0,0,0,0,0,0,1,1,6,1,19,4,1796,1,11,-1,3,-1
2015471505259,2,9,0,3,0,0,0,0,0,0,2,1,1,2,22,5,1796,1,16,-1,1,-1
2015471505260,1,5,0,17,0,0,0,0,1,11,1,1,6,1,34,6,883,1,12,-1,1,-1
2015471505261,1,9,0,6,0,0,0,0,0,0,3,1,6,1,26,6,1998,1,11,-1,1,-1
2015471505261,2,8,0,4,0,0,0,0,0,0,1,1,6,3,35,6,1560,2,2,-1,-1,-1
2015471505262,1,3,0,18,0,0,0,0,0,0,1,1,6,1,22,5,1731,1,3,-1,3,-1
2015471505263,1,8,0,7,0,8,0,0,0,0,4,1,6,1,47,8,1560,2,1,-1,1,-1
2015471505263,2,1,0,18,0,8,0,0,0,0,1,1,6,1,52,8,-1,-1,-1,-1,1,-1
2015471505264,1,9,0,18,0,8,0,0,0,0,2,1,6,2,26,6,1328,1,8,-1,1,-1
2015471505264,2,21,0,9,0,8,0,0,0,0,4,1,1,1,38,7,10518,2,8,-1,1,-1
2015471505265,1,9,0,18,0,8,5,7,0,0,1,1,6,2,77,11,999,1,9,-1,1,-1
2015471505267,1,1,0,11,0,3,1,0,0,0,1,1,6,1,22,5,-1,-1,-1,-1,2,-1
2015471505267,2,9,0,18,0,3,0,0,0,0,2,1,6,1,52,8,2143,2,-1,-1,-1,-1
2015471505272,1,9,0,18,0,8,0,0,1,11,1,1,6,1,43,7,1998,1,11,-1,1,-1
2015471505272,2,9,0,18,0,8,0,0,1,0,1,1,6,1,48,8,1998,1,9,-1,1,-1
2015471505272,3,9,0,18,0,1,0,0,0,0,0,1,6,3,-1,-1,-1,-1,-1,-1,-1,-1
2015471505273,1,9,0,5,0,4,0,0,0,0,1,1,6,2,42,7,1598,1,13,-1,1,-1
2015471505273,2,9,0,5,0,4,0,0,0,0,2,1,6,2,43,7,1896,2,10,-1,1,-1
2015471505274,1,9,0,4,0,1,0,0,1,1,1,1,6,1,84,11,2995,1,13,-1,2,-1
2015471505274,2,9,0,10,0,1,0,0,0,0,0,1,6,1,51,8,998,1,11,-1,2,-1
2015471505275,1,9,0,1,0,0,0,0,0,11,3,1,6,2,80,11,1390,1,3,-1,2,-1
2015471505276,1,9,0,17,0,0,1,6,7,11,1,1,6,1,25,5,1988,1,14,-1,2,-1
2015471505277,1,5,0,18,0,0,0,0,7,0,4,1,6,1,53,8,998,1,8,-1,1,-1
2015471505278,1,9,0,9,0,5,0,0,0,0,4,1,6,1,25,5,1988,1,14,-1,2,-1
2015471505278,2,2,0,18,0,1,0,0,0,0,1,1,6,1,16,4,50,1,6,-1,1,-1
2015471505279,1,9,0,10,0,1,0,0,0,0,4,1,6,1,41,7,1988,2,11,-1,1,-1
2015471505279,2,9,0,18,0,2,0,0,0,0,1,1,6,1,55,8,1582,2,4,-1,1,-1
2015471505280,1,5,0,18,0,0,0,0,0,0,2,1,6,1,29,6,599,1,12,-1,1,-1
2015471505281,1,9,0,18,0,8,0,0,0,0,3,1,6,1,17,4,1956,2,4,-1,3,-1
2015471505281,2,9,0,3,0,8,0,0,0,0,3,1,6,1,27,6,1968,2,3,-1,1,-1
2015471505281,3,9,0,3,0,8,0,0,0,0,3,1,6,1,38,7,1968,2,1,-1,1,-1
2015471505281,4,9,0,18,0,8,0,0,0,0,0,1,1,1,36,7,2993,2,1,-1,1,-1
2015471505281,5,9,0,3,0,8,0,0,0,0,4,1,6,2,33,6,1390,1,12,-1,1,-1
2015471505282,1,9,0,16,0,8,0,0,7,10,1,1,6,3,-1,-1,1985,1,15,-1,-1,-1
2015471505284,1,3,0,18,0,0,0,0,1,4,1,1,6,1,20,4,124,1,4,-1,1,-1
2015471505285,1,9,0,18,0,0,0,0,1,4,1,1,6,1,17,4,1956,2,4,-1,3,-1
2015471505285,2,9,0,16,0,0,0,0,0,0,0,1,1,1,36,7,2993,2,1,-1,1,-1
2015471505288,1,5,0,18,0,0,0,0,0,0,0,1,6,1,42,7,998,1,5,-1,1,-1
2015471505288,2,9,0,18,0,0,0,0,0,0,0,1,6,1,43,7,3498,1,18,-1,3,-1
2015471505289,1,9,0,12,0,0,0,0,0,0,0,1,6,1,27,6,1149,1,5,-1,1,-1
2015471505289,2,9,0,18,0,0,2,0,1,11,3,1,6,1,27,6,1988,1,16,-1,1,-1
2015471505289,3,9,0,7,7,0,0,0,0,0,0,1,6,1,50,8,-1,-1,-1,-1,-1,-1
2015471505291,1,9,0,18,0,0,0,0,0,0,1,1,1,2,53,8,1587,1,9,-1,2,-1
2015471505292,1,9,0,17,0,0,0,0,5,6,1,1,2,2,21,5,998,1,17,-1,1,-1
2015471505293,1,9,0,9,0,1,0,0,0,0,1,1,6,1,28,6,1997,1,6,-1,2,-1
2015471505293,2,9,0,18,0,1,0,0,7,1,1,1,6,1,29,6,1461,2,5,-1,1,-1
2015471505295,1,9,0,18,0,0,0,0,0,0,1,1,6,1,84,11,1998,2,7,-1,-1,-1
2015471505295,2,1,0,18,0,0,0,0,0,0,2,1,6,1,50,8,-1,-1,-1,-1,-1,-1
2015471505295,3,9,0,2,0,0,0,0,0,0,2,1,6,2,31,6,1587,1,12,-1,1,-1
2015471505298,1,4,0,18,0,8,0,0,0,0,1,1,6,1,23,5,125,1,13,-1,1,-1
2015471505298,2,9,0,9,0,8,0,0,0,0,1,1,6,2,71,10,1329,1,1,-1,3,-1
2015471505299,1,1,0,18,9,1,0,0,0,0,1,1,6,3,30,6,-1,-1,-1,-1,-1,-1
2015471505301,1,9,0,12,0,3,0,0,0,0,4,1,1,2,27,6,1242,1,4,-1,1,-1
2015471505301,2,9,0,18,0,3,0,0,0,0,1,1,6,1,40,7,2967,2,2,-1,1,-1
2015471505302,1,9,0,4,0,0,0,0,0,0,1,1,6,2,28,6,1598,1,5,-1,1,-1
2015471505302,2,19,0,4,0,0,0,0,0,0,1,1,1,1,21,5,2148,2,7,-1,1,-1
2015471505302,3,21,0,4,0,0,0,0,0,0,2,1,1,1,28,6,12777,2,1,-1,3,-1
2015471505303,1,1,0,5,0,3,0,0,0,0,3,1,6,1,29,6,-1,-1,-1,-1,-1,-1
2015471505303,2,9,0,7,0,6,0,0,0,0,1,1,6,1,19,4,-1,-1,-1,-1,1,-1
2015471505310,1,1,0,18,9,6,0,0,0,0,1,1,6,2,48,8,-1,-1,-1,-1,1,-1
2015471505310,2,5,0,5,0,8,0,0,0,0,1,1,6,1,51,8,1731,1,6,-1,3,-1
2015471505311,1,9,0,18,0,0,1,0,8,4,1,1,6,1,28,6,1339,1,9,-1,3,-1
2015471505312,1,9,0,18,0,0,0,0,0,0,1,1,1,1,58,9,1198,1,3,-1,1,-1
2015471505312,2,1,0,18,0,0,0,0,0,0,2,1,6,1,18,4,-1,-1,-1,-1,1,-1
2015471505313,1,9,0,9,0,6,0,0,0,0,1,1,6,1,24,5,-1,-1,-1,-1,1,-1
2015471505313,2,9,0,18,0,8,0,0,0,0,4,1,6,1,21,5,1896,2,8,-1,2,-1
2015471505314,1,11,0,18,2,1,0,0,0,0,1,1,1,1,59,9,9360,2,2,-1,1,-1
2015471505316,1,9,0,18,0,2,0,0,0,0,1,1,1,1,20,4,-1,-1,-1,-1,1,-1
2015471505317,1,9,0,17,0,0,2,10,0,0,1,1,6,2,25,5,1587,1,13,-1,2,-1
2015471505319,1,9,0,18,0,2,0,7,1,10,1,1,6,2,20,4,998,1,3,-1,1,-1
2015471505320,1,5,0,4,0,0,1,0,7,1,1,1,6,1,26,6,599,1,14,-1,1,-1
2015471505322,1,9,0,17,0,0,0,0,1,11,3,1,2,2,20,4,1398,2,8,-1,3,-1
2015471505323,1,9,0,5,0,4,0,0,0,0,1,1,2,1,47,8,1560,2,2,-1,1,-1
2015471505323,2,1,0,18,0,8,0,0,0,0,1,1,6,2,15,3,-1,-1,-1,-1,1,-1
2015471505324,1,10,0,18,0,1,0,0,0,0,1,1,1,2,38,7,2463,2,8,-1,1,-1
2015471505324,2,11,0,2,0,1,0,0,0,0,0,2,6,1,30,6,-1,-1,-1,-1,-1,-1
2015471505331,1,21,0,9,0,6,0,0,0,0,1,1,1,1,49,8,12809,2,1,-1,1,-1
2015471505331,2,1,0,18,0,1,0,0,0,0,1,1,2,1,32,6,-1,-1,-1,-1,1,-1
2015471505332,1,9,0,18,0,1,0,0,0,0,1,1,6,1,77,11,1339,8,1,-1,1,-1
2015471505334,1,9,0,17,0,0,1,0,1,2,1,1,3,2,28,6,1590,1,11,-1,1,-1
2015471505335,1,9,0,18,0,0,1,0,0,0,1,1,6,1,68,10,2979,1,3,-1,3,-1
2015471505335,2,9,0,18,0,0,0,0,0,0,2,1,6,2,61,9,1229,1,2,-1,1,-1
2015471505335,3,9,0,18,0,0,0,0,0,0,2,1,6,1,48,8,1560,2,4,-1,1,-1
2015471505335,4,9,0,18,0,0,0,0,0,0,2,1,6,2,53,8,1598,2,1,-1,1,-1
2015471505337,1,1,0,17,0,1,0,0,0,0,1,1,6,1,25,5,-1,-1,-1,-1,1,-1
2015471505337,2,9,0,9,0,1,0,0,0,0,1,1,6,1,62,9,1598,1,11,-1,1,-1
2015471505340,1,9,0,18,0,8,0,0,0,0,1,1,1,1,53,8,1598,1,-1,-1,1,-1
2015471505340,2,1,0,18,0,8,0,0,0,0,3,1,6,2,23,5,-1,-1,-1,-1,1,-1
2015471505343,1,9,0,9,0,5,0,0,0,0,1,1,1,1,68,10,998,1,4,-1,1,-1
2015471505343,2,9,0,18,0,1,0,0,0,0,1,1,6,2,59,9,1386,1,9,-1,1,-1
2015471505343,3,9,0,18,0,1,0,0,0,0,1,1,6,2,20,4,1242,1,2,-1,1,-1
2015471505343,4,9,0,10,0,6,0,0,0,0,1,1,6,1,68,10,2993,2,-1,-1,1,-1
2015471505343,5,9,0,10,0,6,0,0,0,0,1,1,6,1,62,9,2143,2,4,-1,3,-1
2015471505345,1,9,0,9,0,6,0,0,0,0,1,1,6,2,32,6,3246,1,13,-1,3,-1
2015471505345,2,9,0,18,0,1,0,0,0,0,4,1,6,1,70,10,2720,2,9,-1,3,-1
2015471505348,1,9,0,9,0,1,0,0,0,0,1,1,6,1,61,9,2993,2,2,-1,2,-1
2015471505351,1,9,0,17,0,0,1,0,7,11,1,1,6,2,20,4,998,1,15,-1,2,-1
2015471505352,1,9,0,18,0,0,0,7,2,1,4,1,1,1,27,6,1598,2,4,-1,1,-1
2015471505352,2,9,0,18,0,0,0,0,0,0,4,1,2,2,50,8,1910,2,7,-1,2,-1
2015471505354,1,9,0,5,0,1,0,0,3,0,1,1,6,3,61,9,1587,1,16,-1,1,-1
2015471505354,2,1,0,18,4,8,0,0,0,0,1,1,6,1,29,6,-1,-1,-1,-1,1,-1
2015471505355,1,9,0,18,0,1,0,0,0,0,1,1,6,1,70,10,1560,2,2,-1,1,-1
2015471505355,2,9,0,18,0,8,0,0,0,0,2,1,6,2,50,8,998,1,2,-1,1,-1
2015471505359,1,9,0,18,0,4,0,0,0,0,1,1,2,2,45,7,998,1,1,-1,1,-1
2015471505359,2,1,0,18,4,8,0,0,0,0,4,1,6,1,28,6,-1,-1,-1,-1,1,-1
2015471505364,1,21,4,18,0,0,0,4,0,0,1,1,1,1,38,7,12130,2,10,-1,1,-1
2015471505364,2,9,0,2,0,0,0,0,1,0,2,1,6,1,35,6,1242,1,16,-1,1,-1
2015471505365,1,9,0,9,0,1,0,0,0,0,4,1,6,1,39,7,998,1,11,-1,1,-1
2015471505365,2,5,0,18,0,1,0,0,0,0,1,1,6,1,23,5,649,1,5,-1,1,-1
2015471505368,1,9,0,9,0,0,0,0,0,0,1,1,6,2,51,8,973,1,14,-1,-1,-1
2015471505368,2,5,0,18,0,0,0,0,0,0,1,1,6,1,65,9,599,1,13,-1,1,-1
2015471505369,1,9,0,16,0,0,1,0,1,3,1,1,6,2,28,6,1598,1,8,-1,1,-1
2015471505370,1,9,0,18,0,8,0,0,0,0,1,1,6,1,50,8,1783,1,12,-1,1,-1
2015471505370,2,1,0,9,0,8,0,0,0,0,1,1,6,1,36,7,-1,-1,-1,-1,1,-1
2015471505371,1,9,0,9,0,1,0,0,0,0,1,1,6,2,40,7,1968,2,10,-1,1,-1
2015471505371,2,9,0,18,0,1,0,0,0,0,1,1,6,2,23,5,1275,1,16,-1,1,-1
2015471505374,1,3,0,7,0,8,0,0,0,0,1,1,6,1,45,7,-1,-1,-1,-1,1,-1
2015471505374,2,9,0,3,0,1,0,0,0,0,3,1,6,2,32,6,2000,2,11,-1,1,-1
2015471505375,1,20,0,17,0,2,2,0,1,0,0,1,1,1,34,6,-1,-1,-1,-1,2,-1
2015471505390,1,19,0,18,0,0,0,0,0,0,2,1,1,1,26,6,2143,2,4,-1,1,-1
2015471505390,2,11,0,18,0,0,0,0,0,0,1,1,6,2,51,8,9000,2,10,-1,1,-1
2015471505390,3,9,0,18,0,0,0,0,0,0,2,1,1,1,56,9,1499,1,7,-1,1,-1
2015471505391,1,9,0,4,0,1,0,0,0,0,1,1,2,1,17,4,1149,1,15,-1,1,-1
2015471505391,2,9,0,3,0,1,0,0,0,0,2,1,2,2,44,7,998,1,3,-1,1,-1
2015471505392,1,9,0,18,0,0,0,0,0,0,1,1,6,1,68,10,2400,2,9,-1,3,-1
2015471505392,2,9,0,18,0,0,0,0,0,0,1,1,6,1,62,9,2987,2,-1,-1,3,-1
2015471505393,1,9,0,18,0,8,0,0,0,0,1,1,6,2,31,6,998,1,2,-1,1,-1
2015471505393,2,9,0,9,0,3,1,0,0,0,2,1,6,2,31,6,1000,1,15,-1,1,-1
2015471505394,1,9,0,18,0,0,1,0,2,11,1,1,6,1,80,11,1298,1,7,-1,1,-1
2015471505394,2,21,0,18,0,0,0,0,0,0,4,1,1,1,64,9,-1,-1,-1,-1,1,-1
2015471505396,1,9,0,18,0,5,0,0,0,0,3,1,6,2,47,8,1598,7,14,-1,1,-1
2015471505396,2,11,0,2,0,2,0,0,0,0,0,1,6,3,-1,-1,-1,-1,-1,-1,-1,-1
2015471505401,1,3,0,4,0,1,1,0,0,0,3,1,6,1,20,4,124,1,15,-1,1,-1
2015471505401,2,9,0,2,0,1,0,0,0,0,4,1,6,1,40,7,1896,2,12,-1,1,-1
2015471505403,1,9,0,9,0,6,0,0,0,0,3,1,6,2,82,11,1242,1,1,-1,1,-1
2015471505403,2,9,0,18,0,1,0,0,0,0,4,1,6,1,17,4,1796,1,11,-1,1,-1
2015471505406,1,8,0,9,0,8,0,0,0,0,4,1,1,1,33,6,1796,1,8,-1,1,-1
2015471505406,2,9,0,18,0,8,0,0,0,0,4,1,6,1,19,4,1391,1,19,-1,1,-1
2015471505407,1,9,0,16,0,0,1,0,7,0,1,1,6,2,47,8,1796,1,17,-1,1,-1
2015471505408,1,9,0,4,0,0,0,0,0,0,1,1,6,1,50,8,1388,1,6,-1,-1,-1
2015471505408,2,9,0,4,0,0,0,0,0,0,2,1,6,1,53,8,-1,-1,-1,-1,1,-1
2015471505408,3,9,0,4,0,0,0,0,0,0,2,1,6,1,-1,-1,1390,1,3,-1,1,-1
2015471505409,1,9,0,18,0,1,0,0,0,0,1,1,6,2,33,6,1998,1,12,-1,1,-1
2015471505410,1,9,0,2,0,2,0,0,0,0,3,1,6,2,43,7,2993,2,4,-1,1,-1
2015471505410,2,1,0,18,0,2,0,0,0,0,3,1,6,1,69,10,-1,-1,-1,-1,1,-1
2015471505411,1,9,0,7,0,6,0,0,0,0,1,1,6,1,40,7,1796,1,-1,-1,1,-1
2015471505411,2,4,0,18,0,1,0,0,0,0,1,1,1,1,48,8,399,1,27,-1,1,-1
2015471505413,1,9,0,18,0,0,0,0,0,0,3,1,6,1,33,6,1796,1,11,-1,1,-1
2015471505413,2,9,0,18,0,0,0,0,0,0,4,1,1,1,46,8,1396,1,15,-1,1,-1
2015471505423,1,9,0,6,0,0,0,0,0,0,3,1,6,2,68,10,2204,2,9,-1,2,-1
2015471505423,2,5,0,13,0,0,0,0,0,0,1,1,2,1,43,7,599,1,6,-1,1,-1
2015471505424,1,19,0,9,0,8,0,0,0,0,4,1,6,1,33,6,1310,1,-1,-1,1,-1
2015471505424,2,9,0,18,0,8,0,0,0,0,1,1,2,2,32,6,1590,1,12,-1,1,-1
2015471505424,3,9,0,7,0,8,0,0,0,0,1,1,3,2,30,6,1364,1,5,-1,3,-1
2015471505426,1,9,0,14,0,2,0,0,0,0,0,1,2,2,22,5,-1,-1,-1,-1,1,-1
2015471505426,2,11,0,3,0,1,0,0,0,0,0,1,1,1,39,7,-1,-1,-1,-1,-1,-1
2015471505428,1,9,0,4,0,0,0,0,0,0,1,1,6,1,35,6,1796,1,16,-1,-1,-1
2015471505428,2,9,0,4,0,0,0,0,0,0,2,1,6,2,35,6,1598,1,9,-1,1,-1
2015471505433,1,9,0,14,0,0,0,0,0,0,3,1,1,2,22,5,1598,1,-1,-1,3,-1
2015471505433,2,3,0,13,0,0,0,0,0,0,1,1,6,1,31,6,124,1,4,-1,1,-1
2015471505433,3,9,0,2,0,0,0,0,0,0,0,1,6,3,-1,-1,-1,-1,-1,-1,-1,-1
2015471505434,1,1,0,17,0,0,0,0,0,0,1,1,6,1,45,7,-1,-1,-1,-1,2,-1
2015471505436,1,9,0,5,0,8,0,0,0,0,1,1,6,1,50,8,1997,2,3,-1,1,-1
2015471505436,2,1,0,9,0,8,0,0,0,0,1,1,6,1,30,6,-1,-1,-1,-1,1,-1
2015471505443,1,9,0,18,0,1,0,0,0,0,1,1,6,1,40,7,1968,2,5,-1,3,-1
2015471505443,2,9,0,3,0,1,0,0,0,0,2,1,6,2,59,9,2982,2,12,-1,1,-1
2015471505444,1,9,0,9,0,6,0,0,0,0,1,1,6,2,35,6,-1,-1,-1,-1,-1,-1
2015471505444,2,1,0,18,5,1,0,0,0,0,2,1,6,1,14,3,-1,-1,-1,-1,1,-1
2015471505445,1,1,0,18,0,0,0,0,0,0,1,1,6,1,47,8,-1,-1,-1,-1,1,-1
2015471505445,2,9,0,3,0,0,0,0,0,0,2,1,6,1,62,9,1560,2,-1,-1,1,-1
2015471505446,1,8,0,13,0,8,0,0,0,0,4,1,1,1,42,7,1997,2,4,-1,1,-1
2015471505446,2,9,0,9,0,5,0,0,0,0,3,1,1,1,19,4,1686,2,12,-1,1,-1
2015471505447,1,5,0,16,0,2,0,0,0,0,1,1,6,1,31,6,645,1,14,-1,1,-1
2015471505447,2,19,0,17,0,1,0,0,0,0,1,1,6,1,52,8,2402,2,6,-1,3,-1
2015471505450,1,9,0,7,0,2,0,0,0,0,1,1,6,1,30,6,1995,2,-1,-1,1,-1
2015471505450,2,9,0,9,0,2,0,0,0,0,1,1,6,1,26,6,1242,1,8,-1,1,-1
2015471505451,1,9,0,9,0,8,0,0,0,0,3,1,6,1,30,6,1598,2,1,-1,1,-1
2015471505451,2,9,0,18,0,8,0,0,0,0,1,1,6,1,40,7,998,1,-1,-1,1,-1
2015471505452,1,19,0,9,0,8,0,0,7,4,1,1,6,1,55,8,2488,2,6,-1,2,-1
2015471505452,2,9,0,17,0,8,0,10,0,0,4,1,6,1,42,7,1489,1,17,-1,1,-1
2015471505453,1,9,0,18,0,2,0,0,0,0,1,1,6,1,19,4,1124,1,14,-1,1,-1
2015471505454,1,9,0,18,0,0,1,2,0,1,1,1,6,1,36,7,1596,1,12,-1,1,-1
2015471505455,1,9,0,18,0,0,1,10,2,2,4,1,2,1,36,7,-1,-1,-1,-1,1,-1
2015471505456,1,3,0,17,0,8,0,0,1,0,3,1,6,2,50,8,125,1,7,-1,1,-1
2015471505458,1,8,0,9,0,6,0,0,0,0,1,1,1,1,56,9,1997,2,-1,-1,1,-1
2015471505458,2,11,0,18,0,8,0,0,0,0,4,1,1,1,31,6,4500,2,3,-1,1,-1
2015471505459,1,9,0,18,0,4,0,0,0,0,3,1,1,2,45,7,1360,1,17,-1,1,-1
2015471505459,2,9,0,9,0,4,0,0,0,0,1,1,6,1,26,6,2000,2,9,-1,1,-1
2015471505463,1,9,0,9,0,2,0,0,0,0,3,1,6,1,28,6,-1,-1,-1,-1,1,-1
2015471505463,2,5,0,5,0,1,0,0,0,0,1,1,6,1,54,8,652,1,1,-1,1,-1
2015471505463,3,9,0,18,0,8,0,0,0,0,0,1,6,3,-1,-1,-1,-1,-1,-1,-1,-1
2015471505464,1,9,0,18,0,0,0,0,0,0,1,1,6,1,22,5,1990,1,16,-1,3,-1
2015471505464,2,9,0,4,0,0,0,0,0,0,2,1,6,1,44,7,1995,2,4,-1,3,-1
2015471505464,3,1,0,18,0,0,0,0,0,0,0,1,6,1,30,6,-1,-1,-1,-1,-1,-1
2015471505464,4,1,0,18,0,0,0,0,0,0,0,1,6,1,30,6,-1,-1,-1,-1,-1,-1
2015471505466,1,9,0,17,0,0,0,0,0,0,4,1,1,2,56,9,1398,1,-1,-1,1,-1
2015471505466,2,9,0,16,0,0,0,0,0,0,4,1,2,2,30,6,2204,2,7,-1,1,-1
2015471505469,1,9,0,18,0,0,0,0,0,0,1,1,6,1,51,8,1399,2,5,-1,1,-1
2015471505469,2,9,0,4,0,0,0,0,0,0,2,1,6,1,33,6,4395,1,2,-1,3,-1