Accident_Index,Vehicle_Reference,Vehicle_Type,Towing_and_Articulation,Vehicle_Manoeuvre,Vehicle_Location-Restricted_Lane,Junction_Location,Skidding_and_Overturning,Hit_Object_in_Carriageway,Vehicle_Leaving_Carriageway,Hit_Object_off_Carriageway,1st_Point_of_Impact,Was_Vehicle_Left_Hand_Drive?,Journey_Purpose_of_Driver,Sex_of_Driver,Age_of_Driver,Age_Band_of_Driver,Engine_Capacity_(CC),Propulsion_Code,Age_of_Vehicle,Driver_IMD_Decile,Driver_Home_Area_Type,Vehicle_IMD_Decile
2015471505470,1,9,0,18,0,4,0,0,0,0,1,1,1,2,22,5,998,1,11,-1,1,-1
2015471505470,2,9,0,18,0,8,1,9,7,2,1,1,6,1,43,7,1596,1,7,-1,1,-1
2015471505471,1,1,0,18,0,2,0,0,0,0,0,1,6,1,29,6,-1,-1,-1,-1,1,-1
2015471505472,1,9,0,13,0,0,0,0,0,0,0,1,6,1,23,5,1798,1,2,-1,1,-1
2015471505472,2,3,0,18,0,0,1,0,0,0,4,1,6,1,23,5,124,1,7,-1,1,-1
2015471505473,1,9,0,18,0,7,0,0,0,0,3,1,6,1,48,8,2499,2,14,-1,1,-1
2015471505473,2,9,0,4,0,1,0,0,7,0,4,1,6,1,59,9,1461,2,-1,-1,3,-1
2015471505474,1,9,0,18,0,0,2,0,8,4,1,1,6,1,33,6,4163,1,8,-1,3,-1
2015471505475,1,4,0,18,0,8,1,4,0,0,4,1,6,1,21,5,449,1,12,-1,1,-1
2015471505475,2,9,0,2,0,2,0,0,0,0,1,1,6,3,-1,-1,1296,1,16,-1,-1,-1
2015471505475,3,9,0,2,0,2,0,0,0,0,3,1,6,3,-1,-1,1968,2,11,-1,-1,-1
2015471505475,4,9,0,2,0,2,0,0,0,0,1,1,6,3,-1,-1,1360,1,11,-1,-1,-1
2015471505476,1,9,0,16,0,0,0,0,7,0,1,1,6,1,23,5,1968,2,7,-1,3,-1
2015471505476,2,21,0,17,0,0,1,0,7,0,3,1,6,1,28,6,9290,2,3,-1,1,-1
2015471505478,1,9,0,9,0,1,0,10,1,2,1,1,6,1,25,5,1995,2,8,-1,1,-1
2015471505480,1,9,0,6,0,0,0,0,0,0,3,1,6,1,46,8,2295,1,14,-1,3,-1
2015471505480,2,1,0,18,0,0,0,0,0,0,1,1,1,1,27,6,-1,-1,-1,-1,1,-1
2015471505482,1,8,0,13,0,1,0,0,0,0,3,1,6,3,-1,-1,-1,-1,-1,-1,-1,-1
2015471505482,2,1,0,18,0,1,0,0,0,0,3,1,6,1,60,9,-1,-1,-1,-1,1,-1
2015471505483,1,3,0,14,0,8,0,0,0,0,3,1,6,1,27,6,-1,-1,-1,-1,1,-1
2015471505483,2,9,0,9,0,8,0,0,0,0,2,1,6,2,23,5,1240,1,11,-1,1,-1
2015471505484,1,9,0,16,0,0,0,0,0,0,0,1,6,2,93,11,1124,1,22,-1,2,-1
2015471505484,2,9,0,17,0,0,0,0,1,4,4,1,6,1,65,9,1796,1,3,-1,1,-1
2015471505485,1,11,0,4,0,0,0,0,0,0,1,1,1,1,35,6,9000,2,9,-1,1,-1
2015471505485,2,19,0,2,0,0,0,0,0,0,2,1,1,1,28,6,1753,2,11,-1,1,-1
2015471505489,1,9,0,18,0,0,0,0,1,7,4,1,6,1,35,6,1995,1,12,-1,1,-1
2015471505489,2,9,0,18,0,0,0,0,0,0,3,1,6,2,48,8,1896,2,13,-1,1,-1
2015471505492,1,9,0,7,0,1,0,0,0,0,4,1,6,1,27,6,1461,2,-1,-1,1,-1
2015471505492,2,19,0,2,0,1,0,0,0,0,2,1,1,1,38,7,2143,2,4,-1,1,-1
2015471505493,1,9,0,18,0,0,0,0,0,0,1,1,6,1,29,6,1796,1,11,-1,-1,-1
2015471505493,2,9,0,4,0,0,0,0,0,0,2,1,6,1,40,7,1896,2,11,-1,1,-1
2015471505493,3,9,0,4,0,0,0,0,0,0,0,1,6,1,40,7,-1,-1,-1,-1,-1,-1
2015471505494,1,9,0,18,0,0,0,0,0,0,4,1,6,1,87,11,1598,1,10,-1,1,-1
2015471505494,2,1,0,18,0,0,1,0,0,0,2,1,6,2,64,9,-1,-1,-1,-1,3,-1
2015471505495,1,9,0,7,0,6,0,0,0,0,0,1,6,1,30,6,-1,-1,-1,-1,-1,-1
2015471505495,2,3,0,18,0,1,0,0,0,0,3,1,6,1,38,7,124,1,18,-1,1,-1
2015471505497,1,9,0,9,0,8,0,0,7,0,1,1,6,1,48,8,1998,2,11,-1,1,-1
2015471505497,2,9,0,18,0,8,0,0,1,0,1,1,6,1,49,8,999,1,-1,-1,3,-1
2015471505499,1,9,0,13,0,0,0,0,0,0,4,1,6,1,27,6,1998,1,9,-1,1,-1
2015471505499,2,9,0,18,0,0,0,0,0,0,1,2,2,2,48,8,2720,2,9,-1,1,-1
2015471505500,1,3,0,18,0,1,0,0,1,11,1,1,6,1,18,4,124,1,-1,-1,1,-1
2015471505501,1,9,0,9,0,5,0,0,7,11,1,1,1,2,77,11,1198,1,3,-1,1,-1
2015471505501,2,9,0,18,0,1,0,0,0,0,1,1,6,2,60,9,1590,1,-1,-1,1,-1
2015471505502,1,9,0,9,0,6,0,0,0,0,0,1,6,3,-1,-1,-1,-1,-1,-1,-1,-1
2015471505502,2,11,0,18,0,8,1,0,0,0,0,1,1,1,21,5,5883,2,14,-1,1,-1
2015471505504,1,19,0,5,0,1,0,0,0,0,1,1,6,1,46,8,1870,2,9,-1,1,-1
2015471505504,2,9,0,3,0,1,0,0,0,0,2,1,6,2,30,6,1997,2,14,-1,1,-1
2015471505504,3,19,0,18,0,6,0,0,0,0,0,1,6,1,30,6,-1,-1,-1,-1,-1,-1
2015471505506,1,9,0,18,0,2,0,0,0,0,1,1,6,1,66,10,2656,1,9,-1,1,-1
2015471505506,2,9,0,18,0,1,0,0,0,0,1,1,6,1,49,8,1995,2,1,-1,1,-1
2015471505507,1,9,0,7,0,1,0,0,0,0,1,1,2,1,41,7,1600,1,16,-1,1,-1
2015471505507,2,9,0,3,0,1,0,0,0,0,2,1,3,1,38,7,1086,1,11,-1,1,-1
2015471505508,1,9,0,4,0,1,1,0,0,0,1,1,2,1,19,4,1596,1,13,-1,1,-1
2015471505508,2,9,0,3,0,1,0,0,0,0,2,1,6,2,30,6,1242,1,6,-1,1,-1
2015471505509,1,20,0,7,0,4,0,0,0,0,1,1,6,1,38,7,-1,2,13,-1,1,-1
2015471505509,2,9,0,7,0,4,0,0,0,0,4,1,6,2,32,6,1598,7,12,-1,1,-1
2015471505510,1,9,0,18,0,0,1,0,5,6,3,1,6,1,19,4,1400,1,10,-1,1,-1
2015471505513,1,21,0,18,0,3,0,0,0,0,2,1,1,1,40,7,6374,2,1,-1,-1,-1
2015471505513,2,9,0,18,0,3,0,0,0,0,1,1,6,1,81,11,1389,1,11,-1,2,-1
2015471505514,1,19,0,18,0,0,0,0,0,0,1,1,1,1,29,6,1598,2,-1,-1,1,-1
2015471505514,2,19,0,4,0,0,0,0,0,0,2,1,6,2,25,5,1910,2,10,-1,1,-1
2015471505515,1,9,0,3,0,0,0,0,0,0,1,1,6,1,50,8,1242,1,17,-1,1,-1
2015471505515,2,9,0,5,0,0,0,0,0,0,2,1,6,2,30,6,2688,2,11,-1,2,-1
2015471505516,1,9,0,18,0,0,0,0,0,0,1,1,6,1,61,9,1997,2,2,-1,3,-1
2015471505516,2,9,0,17,0,0,0,0,1,0,1,1,6,2,49,8,2000,1,11,-1,2,-1
2015471505517,1,9,0,18,0,1,0,0,0,0,4,1,6,2,51,8,1390,1,11,-1,1,-1
2015471505519,1,9,0,18,0,0,0,0,1,10,1,1,6,1,24,5,998,1,6,-1,1,-1
2015471505519,2,9,0,4,0,0,0,0,0,0,0,1,6,3,30,6,-1,-1,-1,-1,-1,-1
2015471505521,1,9,0,5,0,8,0,0,0,0,1,1,2,2,60,9,1332,1,23,-1,1,-1
2015471505521,2,9,0,18,0,8,0,0,0,0,3,1,6,2,33,6,2477,2,13,-1,1,-1
2015471505524,1,9,0,11,0,1,0,0,0,0,4,1,6,1,30,6,-1,-1,-1,-1,1,-1
2015471505524,2,9,0,18,0,1,0,0,0,0,3,1,6,2,39,7,1998,1,12,-1,3,-1
2015471505527,1,5,0,18,0,0,0,0,0,0,0,1,6,1,57,9,865,1,1,-1,1,-1
2015471505528,1,9,0,18,0,1,0,0,0,0,1,1,2,2,29,6,1388,1,5,-1,1,-1
2015471505528,2,21,0,3,0,1,0,0,0,0,2,1,1,1,52,8,4462,2,2,-1,1,-1
2015471505529,1,9,0,9,0,2,0,0,0,0,0,1,6,3,-1,-1,-1,-1,-1,-1,-1,-1
2015471505529,2,11,0,18,0,1,0,0,0,0,0,1,1,1,64,9,9000,2,4,-1,1,-1
2015471505530,1,9,0,9,0,1,0,0,0,0,0,1,6,3,-1,-1,1560,2,-1,-1,-1,-1
2015471505530,2,9,0,18,0,1,0,0,0,0,0,1,6,2,41,7,1984,1,15,-1,1,-1
2015471505531,1,9,0,18,0,1,0,0,0,0,0,1,6,1,30,6,1968,2,4,-1,-1,-1
2015471505531,2,9,0,9,0,2,1,0,0,0,1,1,6,2,60,9,2616,1,9,-1,1,-1
2015471505531,3,9,0,2,0,8,0,0,0,0,4,1,6,2,50,8,1198,1,3,-1,1,-1
2015471505532,1,9,0,18,0,1,0,0,0,0,4,1,6,1,30,6,-1,-1,-1,-1,1,-1
2015471505532,2,11,0,2,0,1,0,0,0,0,0,1,1,1,30,6,-1,-1,-1,-1,-1,-1
2015471505533,1,19,0,5,0,0,0,0,0,0,1,1,6,1,54,8,1560,2,1,-1,1,-1
2015471505536,1,9,0,9,0,8,0,0,0,0,1,1,6,1,37,7,1600,1,11,-1,1,-1
2015471505536,2,9,0,18,0,8,0,0,0,0,0,1,6,1,32,6,1995,2,9,-1,1,-1
2015471505538,1,9,0,18,0,1,0,0,0,0,4,1,6,1,59,9,1590,1,15,-1,1,-1
2015471505538,2,1,0,9,0,1,0,0,0,0,3,1,2,1,44,7,-1,-1,-1,-1,1,-1
2015471505540,1,9,0,18,0,0,0,0,0,0,4,1,6,1,73,10,1997,2,3,-1,1,-1
2015471505540,2,1,0,18,0,0,0,0,0,0,3,1,1,1,36,7,-1,-1,-1,-1,1,-1
2015471505541,1,9,0,18,0,0,0,0,0,0,1,1,6,1,61,9,1560,2,1,-1,1,-1
2015471505541,2,9,0,4,0,0,0,0,0,0,2,1,6,2,42,7,1364,1,8,-1,1,-1
2015471505541,3,9,3,4,0,0,0,0,0,0,2,1,6,1,72,10,1998,1,7,-1,3,-1
2015471505542,1,9,0,18,0,0,0,0,0,0,1,1,6,1,24,5,1998,1,19,-1,2,-1
2015471505542,2,9,0,18,0,0,0,0,0,0,1,1,6,2,24,5,1598,2,3,-1,1,-1
2015471505545,1,9,0,18,0,1,0,0,0,0,3,1,6,2,29,6,1242,1,6,-1,1,-1
2015471505546,1,9,0,1,0,1,0,4,0,0,2,1,3,2,30,6,1497,1,13,-1,1,-1
2015471505546,2,9,0,2,0,1,0,0,0,0,2,1,4,2,45,7,1598,1,7,-1,1,-1
2015471505553,1,4,0,18,0,2,0,0,0,0,1,1,6,1,20,4,124,1,15,-1,1,-1
2015471505559,1,9,0,9,0,6,0,0,0,0,0,1,6,2,69,10,1997,2,9,-1,1,-1
2015471505559,2,8,0,18,0,1,0,0,0,0,4,1,6,1,56,9,1896,2,5,-1,1,-1
2015471505560,1,9,0,18,0,8,0,0,0,0,1,1,6,2,23,5,1388,1,8,-1,1,-1
2015471505560,2,9,0,18,0,8,0,0,0,0,2,1,6,2,43,7,1242,1,4,-1,1,-1
2015471505560,3,9,0,18,0,8,0,0,0,0,1,1,6,2,55,8,998,1,11,-1,1,-1
2015471505561,1,9,0,18,0,0,0,0,0,0,3,1,6,2,65,9,1339,1,2,-1,3,-1
2015471505561,2,9,0,18,0,0,0,0,0,0,4,1,6,1,50,8,2298,1,18,-1,1,-1
2015471505562,1,9,0,9,0,8,0,0,0,0,1,1,6,2,64,9,998,1,2,-1,1,-1
2015471505562,2,1,0,18,0,8,0,0,0,0,1,1,6,1,60,9,-1,-1,-1,-1,1,-1
2015471505565,1,9,0,18,0,8,0,0,1,1,1,1,6,2,45,7,1590,1,18,-1,1,-1
2015471505565,2,9,0,18,0,8,0,0,0,0,4,1,6,2,60,9,1796,1,15,-1,2,-1
2015471505567,1,9,0,9,0,2,0,0,0,0,3,2,6,1,20,4,-1,-1,-1,-1,1,-1
2015471505567,2,5,0,18,0,1,0,0,0,0,1,1,6,1,20,4,1000,1,16,-1,3,-1
2015471505568,1,9,0,18,0,0,0,0,2,2,1,1,6,1,78,11,1390,1,5,-1,1,-1
2015471505569,1,9,0,18,0,1,0,0,8,4,4,1,2,1,21,5,-1,-1,-1,-1,3,-1
2015471505569,2,9,0,7,0,1,0,0,0,0,1,1,6,2,26,6,1248,1,-1,-1,1,-1
2015471505571,1,9,0,9,0,1,0,0,0,0,1,1,3,2,48,8,1598,1,11,-1,1,-1
2015471505572,1,20,0,1,0,8,0,0,0,0,0,1,1,1,30,6,4009,2,7,-1,1,-1
2015471505572,2,9,0,3,0,8,0,0,0,0,2,1,6,2,29,6,1199,1,15,-1,1,-1
2015471505573,1,9,0,13,0,2,0,0,0,0,0,1,6,3,-1,-1,2521,1,5,-1,-1,-1
2015471505573,2,9,0,18,0,2,0,0,0,0,0,1,6,2,37,7,1984,1,15,-1,1,-1
2015471505574,1,9,0,18,0,6,0,0,0,0,3,1,6,1,29,6,1596,1,13,-1,1,-1
2015471505574,2,9,0,18,0,1,0,0,0,0,4,1,6,2,27,6,1360,1,9,-1,1,-1
2015471505576,1,19,0,18,0,1,0,0,0,0,1,1,6,2,58,9,1560,2,1,-1,1,-1
2015471505576,2,9,0,3,0,1,0,0,1,1,3,1,6,1,29,6,1398,2,10,-1,1,-1
2015471505577,1,2,0,3,0,1,0,0,0,0,4,2,6,1,23,5,49,1,1,-1,1,-1
2015471505577,2,9,0,18,0,1,0,0,0,0,4,1,6,1,67,10,1299,1,11,-1,1,-1
2015471505578,1,9,0,9,0,8,0,0,0,0,3,1,6,2,24,5,899,1,1,-1,1,-1
2015471505578,2,9,0,10,0,8,0,0,0,0,1,1,6,1,65,9,1686,2,4,-1,1,-1
2015471505579,1,9,0,18,0,0,0,0,0,0,3,1,6,3,-1,-1,-1,-1,-1,-1,-1,-1
2015471505579,2,9,0,2,0,0,0,0,0,0,3,1,6,2,33,6,1229,1,8,-1,1,-1
2015471505580,1,9,0,18,0,0,0,0,0,0,1,1,6,2,68,10,1328,1,10,-1,3,-1
2015471505581,1,8,0,18,0,1,0,0,0,0,1,1,1,1,33,6,1685,2,1,-1,1,-1
2015471505581,2,9,0,3,0,1,0,0,0,0,2,1,6,1,62,9,1968,2,9,-1,1,-1
2015471505583,1,9,0,18,0,1,0,0,0,0,1,1,6,2,41,7,1997,2,7,-1,1,-1
2015471505583,2,4,0,3,0,1,0,0,0,0,2,1,6,1,28,6,398,1,25,-1,1,-1
2015471505584,1,9,0,2,0,1,0,0,0,0,3,1,1,1,51,8,2179,2,2,-1,1,-1
2015471505584,2,1,0,14,0,1,0,8,0,0,1,1,6,1,37,7,-1,-1,-1,-1,1,-1
2015471505585,1,9,0,4,0,0,0,0,0,0,1,1,6,2,30,6,1598,1,1,-1,1,-1
2015471505585,2,9,0,4,0,0,0,0,0,0,2,1,3,2,36,7,1396,1,4,-1,1,-1
2015471505586,1,19,0,5,0,1,1,0,0,0,1,1,1,1,22,5,2198,2,2,-1,1,-1
2015471505587,1,9,0,9,0,8,0,0,0,0,1,1,6,2,70,10,998,1,14,-1,1,-1
2015471505587,2,3,0,18,0,1,0,0,0,0,1,1,6,1,20,4,124,1,1,-1,1,-1
2015471505588,1,9,0,9,0,6,0,0,0,0,3,1,6,2,49,8,1240,1,8,-1,1,-1
2015471505588,2,9,0,18,0,1,0,0,0,0,1,1,6,1,69,10,1997,2,8,-1,3,-1
2015471505589,1,9,0,9,0,6,0,0,0,0,4,1,6,1,70,10,1197,1,2,-1,1,-1
2015471505589,2,5,0,13,0,8,0,0,7,11,1,1,6,1,29,6,998,1,12,-1,3,-1
2015471505589,3,19,0,7,0,5,0,0,0,0,0,1,6,1,40,7,-1,-1,-1,-1,-1,-1
2015471505590,1,9,0,16,0,0,0,0,1,11,3,1,6,1,28,6,1998,1,24,-1,1,-1
2015471505591,1,4,0,18,0,0,0,0,0,0,1,1,6,1,30,6,399,1,24,-1,3,-1
2015471505594,1,9,0,18,0,1,0,0,0,0,1,1,6,2,57,9,1998,2,-1,-1,3,-1
2015471505594,2,9,0,18,0,1,0,0,0,0,2,1,6,1,29,6,1598,2,2,-1,1,-1
2015471505594,3,9,0,9,0,1,0,0,0,0,2,1,6,2,48,8,1398,1,10,-1,1,-1
2015471505595,1,9,0,18,0,1,0,0,0,0,4,1,6,1,46,8,1124,1,14,-1,1,-1
2015471505595,2,5,0,9,0,1,0,0,0,0,3,1,6,1,49,8,645,1,11,-1,2,-1
2015471505600,1,9,0,9,0,2,0,0,0,0,3,1,6,1,76,11,1497,8,-1,-1,1,-1
2015471505600,2,9,0,18,0,1,0,0,0,0,1,1,6,1,83,11,2495,2,17,-1,3,-1
2015471505601,1,9,0,18,0,0,0,0,0,0,4,1,6,2,85,11,1298,1,7,-1,1,-1
2015471505601,2,9,0,2,0,0,0,0,0,0,2,1,6,3,-1,-1,1124,1,13,-1,-1,-1
2015471505601,3,9,0,2,0,0,0,0,0,0,2,1,6,3,-1,-1,1598,1,9,-1,-1,-1
2015471505602,1,9,0,5,0,1,0,0,0,0,1,1,6,2,29,6,1968,2,8,-1,2,-1
2015471505602,2,9,0,8,0,1,0,0,0,0,2,1,6,2,28,6,1229,1,9,-1,1,-1
2015471505603,1,9,0,17,0,1,1,0,0,0,1,1,6,1,18,4,1124,1,14,-1,2,-1
2015471505603,2,9,0,3,0,1,0,0,0,0,2,1,6,1,19,4,1242,1,8,-1,2,-1
2015471505603,3,9,0,10,0,1,0,0,0,0,2,1,6,2,40,7,1598,2,5,-1,1,-1
2015471505606,1,9,0,9,0,7,0,0,0,0,3,1,6,1,75,10,1596,1,11,-1,2,-1
2015471505606,2,1,0,9,0,8,0,0,0,0,4,1,6,1,66,10,-1,-1,-1,-1,1,-1
2015471505608,1,9,0,4,0,1,1,0,0,0,1,1,6,1,26,6,1910,2,7,-1,2,-1
2015471505608,2,9,0,4,0,1,0,0,0,0,2,1,6,2,64,9,1299,1,10,-1,2,-1
2015471505608,3,9,0,9,0,1,0,0,7,0,2,1,6,1,28,6,2993,2,10,-1,3,-1
2015471505609,1,8,0,13,0,8,0,0,7,11,4,1,1,1,53,8,1997,2,3,-1,1,-1
2015471505609,2,9,0,9,0,8,0,0,7,10,3,1,6,1,30,6,1364,1,9,-1,1,-1
2015471505610,1,9,0,9,0,6,0,0,0,0,1,1,6,1,26,6,1596,1,9,-1,1,-1
2015471505610,2,19,0,18,0,8,0,0,0,0,1,1,1,1,34,6,2148,2,7,-1,1,-1
2015471505611,1,9,0,5,0,1,0,0,0,0,0,1,6,1,43,7,1339,1,2,-1,1,-1
2015471505611,2,5,0,18,0,1,0,0,0,0,0,1,6,1,74,10,1130,1,11,-1,1,-1
2015471505612,1,9,0,9,0,8,0,0,0,0,1,1,6,2,42,7,1968,1,5,-1,1,-1
2015471505612,2,9,0,18,0,8,0,0,0,0,4,1,6,1,71,10,1598,1,2,-1,1,-1
2015471505613,1,9,0,18,0,0,0,0,0,0,1,1,6,1,85,11,1595,1,13,-1,1,-1
2015471505614,1,9,0,18,0,0,0,0,7,4,1,1,1,1,26,6,1242,1,3,-1,1,-1
2015471505615,1,9,0,5,8,6,0,0,0,0,1,1,6,3,-1,-1,1956,2,4,-1,-1,-1
2015471505615,2,1,0,18,0,2,0,0,0,0,1,1,6,1,55,8,-1,-1,-1,-1,1,-1
2015471505616,1,9,0,18,0,0,0,0,0,0,1,1,6,1,50,8,1796,1,15,-1,1,-1
2015471505616,2,9,0,18,0,0,0,0,0,0,2,1,1,2,43,7,1560,2,11,-1,1,-1
2015471505616,3,9,0,18,0,0,0,0,0,0,2,1,6,1,53,8,1461,2,2,-1,1,-1
2015471505616,4,9,0,18,0,0,0,0,0,0,2,1,6,2,60,9,1799,1,9,-1,1,-1
2015471505617,1,5,0,13,0,1,0,0,0,0,1,1,6,1,41,7,999,1,8,-1,3,-1
2015471505617,2,9,0,10,0,1,0,0,0,0,2,1,6,2,47,8,998,1,12,-1,3,-1
2015471505617,3,5,0,13,0,1,0,0,1,0,1,1,6,2,35,6,999,1,4,-1,3,-1
2015471505617,4,9,0,18,0,1,0,0,0,0,1,1,6,1,65,9,998,1,4,-1,2,-1
2015471505617,5,9,0,4,0,1,0,0,0,0,0,1,6,1,39,7,2993,2,6,-1,1,-1
2015471505618,1,5,0,18,0,0,0,0,0,0,4,1,1,1,48,8,1200,1,14,-1,1,-1
2015471505618,2,9,0,18,0,0,0,0,0,0,3,1,6,1,63,9,2993,2,1,-1,2,-1
2015471505618,3,17,0,18,0,0,0,0,0,0,0,1,1,1,-1,-1,-1,-1,-1,-1,-1,-1
2015471505619,1,9,0,18,0,1,0,0,0,0,4,1,6,1,50,8,-1,-1,-1,-1,-1,-1
2015471505621,1,9,0,18,0,0,0,1,0,0,1,1,6,1,62,9,1969,2,1,-1,2,-1
2015471505621,2,9,0,18,0,0,1,1,0,0,1,1,6,2,19,4,1296,1,9,-1,1,-1
2015471505621,3,9,0,18,0,0,1,1,0,0,1,1,6,1,41,7,-1,-1,-1,-1,1,-1
2015471505621,4,9,0,10,0,0,0,0,0,0,0,1,6,1,30,6,-1,-1,-1,-1,-1,-1
2015471505622,1,9,0,18,0,1,0,0,1,4,1,1,6,1,76,11,1598,1,12,-1,3,-1
2015471505622,2,9,0,10,0,1,0,0,7,0,2,2,6,1,47,8,1389,1,21,-1,1,-1
2015471505623,1,9,0,9,0,1,0,0,1,1,1,1,6,1,40,7,1598,2,3,-1,1,-1
2015471505623,2,9,0,18,0,1,0,0,7,1,1,1,6,1,81,11,1870,2,12,-1,2,-1
2015471505623,3,9,0,18,0,1,0,0,0,0,1,1,6,1,35,6,1995,2,11,-1,3,-1
2015471505624,1,9,0,9,0,6,0,0,0,0,1,1,6,1,58,9,2985,2,9,-1,3,-1
2015471505624,2,5,0,18,0,1,0,0,7,0,1,1,6,1,56,9,999,1,4,-1,1,-1
2015471505625,1,9,0,18,0,0,1,0,0,11,1,1,6,1,24,5,1242,1,18,-1,1,-1
2015471505626,1,9,0,5,0,1,0,0,0,0,2,1,6,3,30,6,-1,-1,-1,-1,-1,-1
2015471505626,2,9,0,7,0,6,0,0,0,0,0,1,6,2,62,9,1598,1,-1,-1,1,-1
2015471505627,1,9,0,18,0,0,5,0,1,4,1,1,6,1,42,7,1339,1,10,-1,1,-1
2015471505628,1,9,0,18,0,2,0,0,0,0,1,1,6,1,24,5,1685,2,1,-1,1,-1
2015471505628,2,9,0,18,0,2,0,0,0,0,1,1,1,1,28,6,1597,1,17,-1,1,-1
2015471505631,1,8,0,5,0,2,0,0,0,0,1,1,6,1,29,6,2664,2,15,-1,1,-1
2015471505633,1,9,0,18,0,1,0,0,0,0,0,1,6,3,-1,-1,-1,-1,-1,-1,-1,-1
2015471505639,1,1,0,18,0,0,0,0,0,0,0,1,1,1,31,6,-1,-1,-1,-1,1,-1
2015471505642,1,19,0,4,0,1,0,0,0,0,1,1,1,2,47,8,-1,-1,-1,-1,1,-1
2015471505642,2,19,0,18,0,1,0,0,0,0,2,1,1,1,58,9,2198,2,4,-1,1,-1
2015471505642,3,9,0,10,0,1,0,0,0,0,2,1,6,2,30,6,1360,1,11,-1,-1,-1
2015471505648,1,2,0,13,0,1,0,0,0,0,4,1,6,1,17,4,125,1,-1,-1,3,-1
2015471505648,2,9,0,9,0,1,0,0,0,0,3,1,6,1,85,11,1988,2,9,-1,2,-1
2015471505648,3,9,0,18,0,1,0,0,0,0,0,1,6,1,50,8,-1,-1,-1,-1,1,-1
2015471505649,1,9,0,17,0,3,0,0,0,0,1,1,6,1,35,6,1560,2,1,-1,1,-1
2015471505649,2,9,0,17,0,3,0,0,0,0,3,1,6,1,50,8,1390,1,10,-1,1,-1
2015471505651,1,9,0,7,0,6,0,0,0,0,4,1,6,1,69,10,1390,1,14,-1,3,-1
2015471505651,2,2,0,18,0,1,0,0,0,0,4,1,6,1,16,4,49,1,2,-1,3,-1
2015471505651,3,9,0,2,0,1,0,0,0,0,0,1,6,3,-1,-1,-1,-1,-1,-1,-1,-1
2015471505652,1,5,0,12,0,8,0,0,0,0,3,1,6,1,26,6,999,1,5,-1,1,-1
2015471505652,2,9,0,18,0,8,0,0,0,0,4,1,6,1,36,7,1968,2,-1,-1,1,-1
2015471505653,1,1,0,18,0,8,0,0,0,0,1,1,6,1,14,3,-1,-1,-1,-1,1,-1
2015471505654,1,5,0,18,0,0,0,0,0,0,1,1,6,1,20,4,124,1,11,-1,3,-1
2015471505654,2,5,0,4,0,0,0,0,0,0,2,1,6,2,21,5,124,1,1,-1,2,-1
2015471505657,1,9,0,18,0,2,0,0,1,0,1,1,6,1,85,11,1596,1,13,-1,1,-1
2015471505657,2,9,0,2,0,2,0,0,1,0,1,1,2,2,54,8,1124,1,14,-1,3,-1
2015471505657,3,9,0,2,0,2,0,0,0,0,1,1,2,1,51,8,1598,2,-1,-1,1,-1
2015471505658,1,9,0,9,0,5,0,0,0,0,1,1,6,2,40,7,1299,1,14,-1,1,-1
2015471505659,1,9,0,5,9,6,0,0,0,0,1,1,6,1,66,10,-1,-1,-1,-1,1,-1
2015471505661,1,4,0,17,0,1,0,0,0,0,4,1,4,1,19,4,124,1,13,-1,3,-1
2015471505662,1,9,0,18,0,1,0,0,0,0,1,1,6,2,23,5,1590,1,13,-1,2,-1
2015471505662,2,9,0,4,0,1,0,0,0,0,2,1,6,1,33,6,1970,1,8,-1,1,-1
2015471505662,3,9,0,4,0,1,0,0,0,0,2,1,1,1,27,6,1598,1,-1,-1,1,-1
2015471505665,1,19,0,5,0,8,0,0,0,0,1,1,1,1,27,6,1995,2,7,-1,1,-1
2015471505665,2,1,0,18,0,1,0,0,0,0,1,1,2,1,24,5,-1,-1,-1,-1,1,-1
2015471505666,1,9,0,2,0,2,0,0,0,0,3,1,2,2,55,8,1686,2,9,-1,1,-1
2015471505666,2,1,0,14,0,2,0,4,0,0,4,1,6,1,42,7,-1,-1,-1,-1,1,-1
2015471505669,1,1,0,18,0,0,0,0,0,0,1,1,6,2,32,6,-1,-1,-1,-1,1,-1
2015471505669,2,9,0,2,0,0,0,0,0,0,3,1,6,2,36,7,1199,1,2,-1,1,-1
2015471505671,1,9,0,7,0,3,0,0,0,0,1,1,6,1,57,9,1560,2,6,-1,1,-1
2015471505671,2,1,0,9,0,3,0,0,0,0,4,1,4,1,12,3,-1,-1,-1,-1,1,-1
2015471505673,1,8,0,7,0,6,0,0,0,0,1,1,1,1,65,9,1560,2,3,-1,1,-1
2015471505673,2,1,0,18,0,2,0,0,0,0,2,1,2,2,34,6,-1,-1,-1,-1,-1,-1
2015471505675,1,1,0,7,0,5,0,0,0,0,2,1,1,1,54,8,-1,-1,-1,-1,1,-1
2015471505675,2,9,0,7,0,5,0,0,0,0,1,1,6,2,18,4,1598,1,14,-1,1,-1
2015471505677,1,5,0,18,0,0,0,0,0,0,1,1,6,1,68,10,918,1,19,-1,3,-1