Accident_Index,Vehicle_Reference,Vehicle_Type,Towing_and_Articulation,Vehicle_Manoeuvre,Vehicle_Location-Restricted_Lane,Junction_Location,Skidding_and_Overturning,Hit_Object_in_Carriageway,Vehicle_Leaving_Carriageway,Hit_Object_off_Carriageway,1st_Point_of_Impact,Was_Vehicle_Left_Hand_Drive?,Journey_Purpose_of_Driver,Sex_of_Driver,Age_of_Driver,Age_Band_of_Driver,Engine_Capacity_(CC),Propulsion_Code,Age_of_Vehicle,Driver_IMD_Decile,Driver_Home_Area_Type,Vehicle_IMD_Decile
2015471505677,2,9,0,18,0,0,0,0,0,0,1,1,6,2,64,9,1762,1,16,-1,3,-1
2015471505679,1,5,0,18,2,1,0,0,0,0,1,1,2,1,42,7,942,1,-1,-1,1,-1
2015471505679,2,9,0,9,0,1,0,0,0,0,4,1,2,1,33,6,1896,2,12,-1,1,-1
2015471505679,3,9,0,3,0,8,0,0,0,0,0,1,2,1,27,6,1596,1,5,-1,1,-1
2015471505680,1,9,0,18,0,0,2,0,2,7,1,1,6,1,20,4,1242,1,10,-1,1,-1
2015471505683,1,9,0,18,0,0,0,0,0,0,1,1,6,1,23,5,1598,1,6,-1,1,-1
2015471505689,1,19,0,9,0,1,0,0,0,0,1,1,1,1,65,9,1998,2,14,-1,1,-1
2015471505689,2,1,0,18,4,1,1,0,0,0,1,1,2,1,23,5,-1,-1,-1,-1,1,-1
2015471505690,1,1,0,18,0,8,0,0,0,0,4,1,6,2,51,8,-1,-1,-1,-1,1,-1
2015471505690,2,9,0,7,0,8,0,0,0,0,4,1,6,2,53,8,1598,1,10,-1,1,-1
2015471505693,1,9,0,9,0,5,0,0,0,0,1,1,6,2,55,8,1598,1,11,-1,1,-1
2015471505693,2,9,0,18,0,8,0,0,0,0,1,1,6,2,33,6,1998,1,12,-1,1,-1
2015471505693,3,8,0,8,0,1,0,0,0,0,3,1,1,1,37,7,1797,8,1,-1,1,-1
2015471505698,1,9,0,7,0,6,0,0,0,0,3,1,6,1,45,7,1299,1,11,-1,1,-1
2015471505698,2,3,0,14,0,1,0,0,0,0,1,1,6,1,17,4,125,1,-1,-1,1,-1
2015471505699,1,9,0,16,0,0,0,0,0,0,1,1,1,1,25,5,1086,1,12,-1,-1,-1
2015471505699,2,9,0,17,0,0,0,0,0,0,3,1,1,1,53,8,1396,1,14,-1,3,-1
2015471505700,1,10,0,8,0,4,0,0,0,0,1,1,1,1,64,9,-1,-1,-1,-1,1,-1
2015471505700,2,9,0,8,0,4,0,0,0,0,2,1,2,2,20,4,1390,1,12,-1,3,-1
2015471505703,1,9,0,18,0,0,0,0,0,0,1,1,6,2,46,8,1461,2,1,-1,3,-1
2015471505703,2,9,0,18,0,0,0,0,0,0,2,1,6,2,39,7,1198,1,2,-1,1,-1
2015471505703,3,9,0,18,0,0,0,0,0,0,2,1,6,1,47,8,1598,1,6,-1,1,-1
2015471505704,1,9,0,3,0,4,0,0,0,0,1,1,6,1,50,8,2499,1,7,-1,1,-1
2015471505704,2,9,0,3,0,4,0,0,0,0,2,1,6,1,35,6,1968,2,8,-1,1,-1
2015471505704,3,9,0,3,0,4,0,0,0,0,2,1,6,2,55,8,1364,2,1,-1,2,-1
2015471505706,1,9,0,4,0,1,0,0,0,0,1,1,6,1,-1,-1,-1,-1,-1,-1,-1,-1
2015471505706,2,9,0,4,0,1,0,0,0,0,2,1,1,2,29,6,-1,-1,-1,-1,1,-1
2015471505707,1,9,0,10,0,8,0,0,0,0,1,1,6,1,43,7,2231,2,8,-1,3,-1
2015471505707,2,9,0,18,0,1,5,0,0,0,4,1,6,2,56,9,1329,1,4,-1,3,-1
2015471505708,1,9,0,9,0,6,0,0,0,0,1,1,2,2,20,4,1299,1,14,-1,1,-1
2015471505708,2,9,0,18,0,8,0,0,0,0,1,1,6,1,53,8,1598,1,17,-1,1,-1
2015471505709,1,9,0,18,0,3,0,0,0,0,1,1,6,1,49,8,1198,1,6,-1,1,-1
2015471505710,1,9,0,7,0,5,0,0,0,2,1,1,6,2,18,4,1061,1,9,-1,1,-1
2015471505713,1,9,0,16,0,0,0,0,0,0,1,1,6,3,-1,-1,-1,-1,-1,-1,-1,-1
2015471505719,1,9,0,18,0,1,0,0,0,0,1,1,3,2,40,7,1242,1,9,-1,-1,-1
2015471505720,1,9,0,14,0,0,0,0,0,0,0,1,6,3,-1,-1,-1,-1,-1,-1,-1,-1
2015471505720,2,1,0,18,0,0,0,0,7,11,1,1,2,1,40,7,-1,-1,-1,-1,1,-1
2015471505722,1,19,0,18,0,1,0,0,0,0,3,1,1,1,48,8,-1,-1,-1,-1,3,-1
2015471505724,1,5,0,18,0,5,0,0,0,0,1,1,2,1,38,7,600,1,14,-1,1,-1
2015471505724,2,9,0,3,0,5,0,0,0,0,2,1,2,2,49,8,1596,1,5,-1,1,-1
2015471505725,1,19,0,18,0,1,0,0,3,0,1,1,1,1,60,9,2198,2,1,-1,1,-1
2015471505725,2,9,0,18,0,1,0,0,0,0,4,1,6,2,31,6,1895,1,14,-1,1,-1
2015471505727,1,9,0,5,0,4,0,0,0,0,3,1,6,2,50,8,1598,1,-1,-1,1,-1
2015471505727,2,9,0,12,0,4,0,0,0,0,4,1,6,1,40,7,1598,2,-1,-1,1,-1
2015471505729,1,9,0,18,0,0,0,0,0,0,1,1,1,1,58,9,2143,2,3,-1,1,-1
2015471505729,2,9,0,18,0,0,0,0,0,0,2,1,1,1,43,7,1396,2,2,-1,1,-1
2015471505731,1,9,0,9,0,6,0,0,1,0,1,1,2,2,23,5,998,1,-1,-1,1,-1
2015471505731,2,19,0,18,0,8,0,0,7,4,1,1,1,1,55,8,2402,2,8,-1,2,-1
2015471505733,1,9,0,4,0,1,0,0,0,0,1,2,6,1,29,6,-1,-1,-1,-1,1,-1
2015471505733,2,4,0,4,0,1,0,0,0,0,2,1,2,1,55,8,1600,1,5,-1,1,-1
2015471505735,1,9,0,9,0,1,0,0,0,0,1,1,6,2,49,8,1364,1,5,-1,1,-1
2015471505735,2,9,0,18,0,1,0,0,0,0,1,1,6,1,36,7,1796,1,13,-1,1,-1
2015471505735,3,9,0,4,0,1,0,0,0,0,1,1,6,1,48,8,2143,2,2,-1,3,-1
2015471505736,1,19,0,18,0,0,5,0,0,0,1,1,1,1,26,6,1598,2,-1,-1,1,-1
2015471505736,2,17,4,18,0,0,0,0,0,0,3,1,1,1,27,6,6728,2,-1,-1,-1,-1
2015471505737,1,9,0,18,0,0,0,0,0,0,1,1,6,2,42,7,-1,-1,-1,-1,2,-1
2015471505737,2,9,0,3,0,0,0,0,0,0,2,1,6,2,32,6,1997,2,13,-1,1,-1
2015471505737,3,9,0,3,0,0,0,0,0,0,2,1,6,1,45,7,1598,2,-1,-1,-1,-1
2015471505737,4,9,0,3,0,0,0,0,0,0,2,1,6,1,34,6,1794,1,15,-1,1,-1
2015471505737,5,9,0,3,0,0,0,0,0,0,2,1,1,1,-1,-1,1248,2,-1,-1,-1,-1
2015471505738,1,9,0,18,0,8,0,0,0,0,1,1,2,1,49,8,1598,1,8,-1,1,-1
2015471505739,1,9,0,9,0,1,0,0,0,0,4,1,3,2,45,7,1753,2,9,-1,1,-1
2015471505740,1,9,0,3,0,0,0,0,0,0,1,1,6,1,48,8,-1,-1,-1,-1,1,-1
2015471505740,2,9,0,3,0,0,0,0,0,0,2,1,2,2,44,7,1560,2,5,-1,1,-1
2015471505741,1,9,0,7,0,6,0,0,0,0,1,1,6,1,65,9,-1,-1,-1,-1,-1,-1
2015471505745,1,9,0,5,0,1,0,0,0,0,1,1,1,1,42,7,2179,2,1,-1,1,-1
2015471505745,2,1,0,18,5,8,0,0,0,0,3,1,6,1,16,4,-1,-1,-1,-1,1,-1
2015471505750,1,1,0,18,0,0,1,0,0,0,0,1,6,1,45,7,-1,-1,-1,-1,1,-1
2015471505751,1,9,0,5,0,4,0,0,0,0,1,1,2,1,44,7,1388,1,10,-1,3,-1
2015471505751,2,1,0,9,0,8,0,0,0,0,1,1,6,1,39,7,-1,-1,-1,-1,1,-1
2015471505752,1,1,0,18,0,8,0,0,0,0,1,1,6,1,40,7,-1,-1,-1,-1,1,-1
2015471505752,2,19,0,9,0,8,0,0,0,0,4,1,6,1,39,7,1998,2,14,-1,1,-1
2015471505753,1,9,0,18,0,1,0,0,0,0,1,1,6,2,83,11,1498,1,8,-1,2,-1
2015471505753,2,9,0,10,0,1,0,0,7,10,2,1,6,2,26,6,1329,1,1,-1,1,-1
2015471505753,3,9,0,18,0,1,0,0,0,0,3,1,6,2,46,8,996,1,3,-1,2,-1
2015471505755,1,19,0,2,0,1,0,0,0,0,3,1,1,1,46,8,2143,2,1,-1,1,-1
2015471505755,2,1,0,18,0,1,0,0,0,0,1,1,6,2,64,9,-1,-1,-1,-1,1,-1
2015471505760,1,9,0,5,0,6,0,0,0,0,3,1,6,2,46,8,1998,1,12,-1,3,-1
2015471505760,2,9,0,18,0,1,0,0,0,0,3,1,6,2,37,7,1997,2,1,-1,1,-1
2015471505761,1,9,0,18,0,1,0,0,0,0,1,1,1,1,53,8,1796,1,11,-1,1,-1
2015471505761,2,9,0,18,0,8,0,0,0,0,2,1,1,1,48,8,-1,-1,-1,-1,1,-1
2015471505765,1,9,0,18,0,1,0,0,0,0,2,1,2,1,51,8,2926,2,13,-1,1,-1
2015471505765,2,19,0,18,0,1,0,0,0,0,1,1,6,1,28,6,1560,2,1,-1,1,-1
2015471505766,1,19,0,9,0,1,0,0,0,0,1,1,6,2,53,8,1686,2,12,-1,1,-1
2015471505766,2,1,0,18,4,1,0,0,0,0,1,1,6,1,21,5,-1,-1,-1,-1,1,-1
2015471505768,1,9,0,17,0,0,0,0,1,11,1,1,6,1,23,5,1896,1,18,-1,1,-1
2015471505769,1,9,0,9,0,8,0,0,1,0,3,1,6,2,38,7,1968,2,3,-1,1,-1
2015471505769,2,9,0,18,0,8,0,0,1,0,1,1,6,1,89,11,2397,1,15,-1,1,-1
2015471505769,3,9,0,18,0,1,0,0,0,0,1,1,6,1,70,10,1595,1,4,-1,1,-1
2015471505770,1,9,0,18,0,4,0,0,0,0,3,1,6,1,17,4,1364,1,10,-1,-1,-1
2015471505770,2,9,0,9,0,4,0,0,0,0,4,1,2,2,19,4,1368,1,8,-1,3,-1
2015471505771,1,9,0,11,0,8,0,0,1,6,1,1,6,2,39,7,1390,1,9,-1,1,-1
2015471505773,1,9,0,9,0,8,0,0,0,0,1,1,6,2,19,4,1242,1,7,-1,3,-1
2015471505773,2,9,0,18,0,8,0,0,0,0,1,1,6,1,68,10,1796,1,7,-1,1,-1
2015471505776,1,9,0,18,0,3,0,0,0,0,1,1,6,1,34,6,3199,1,11,-1,1,-1
2015471505778,1,9,0,18,0,0,0,0,0,0,1,1,6,2,57,9,1242,1,13,-1,1,-1
2015471505779,1,19,0,9,0,5,0,0,0,0,4,1,6,1,52,8,1686,2,15,-1,1,-1
2015471505779,2,9,0,18,0,8,0,0,0,0,1,1,6,2,27,6,1599,1,9,-1,2,-1
2015471505781,1,9,0,5,0,6,0,0,0,0,1,1,6,2,46,8,1598,2,1,-1,1,-1
2015471505781,2,9,0,4,0,6,0,0,0,0,2,1,6,2,43,7,1796,1,4,-1,1,-1
2015471505782,1,5,0,18,0,0,0,0,1,0,1,1,6,1,34,6,599,1,12,-1,1,-1
2015471505783,1,9,0,9,0,0,0,0,0,0,3,1,6,2,75,10,1299,1,10,-1,1,-1
2015471505783,2,9,0,18,0,0,0,0,0,0,4,1,6,1,40,7,1783,1,14,-1,1,-1
2015471505784,1,9,0,17,0,0,0,0,2,11,1,1,6,1,18,4,1199,1,12,-1,1,-1
2015471505784,2,9,0,18,0,0,0,0,0,0,3,1,6,1,26,6,2198,1,13,-1,1,-1
2015471505787,1,8,0,18,0,0,1,0,0,0,1,1,1,1,36,7,1997,2,1,-1,1,-1
2015471505788,1,19,0,5,0,8,0,0,0,0,3,1,2,1,25,5,1686,2,12,-1,1,-1
2015471505788,2,9,0,18,0,8,0,0,0,0,1,1,6,2,64,9,1999,1,8,-1,-1,-1
2015471505791,1,9,0,9,0,2,0,0,0,0,1,1,6,1,61,9,1498,1,-1,-1,1,-1
2015471505791,2,1,0,9,0,2,0,0,0,0,2,1,6,1,35,6,-1,-1,-1,-1,1,-1
2015471505792,1,9,0,18,0,1,0,0,0,0,1,1,6,2,20,4,1390,1,15,-1,1,-1
2015471505792,2,9,0,7,0,1,0,0,0,0,2,1,6,1,17,4,1248,2,1,-1,1,-1
2015471505793,1,9,0,18,0,0,0,0,1,4,1,1,6,1,23,5,1896,2,13,-1,3,-1
2015471505795,1,9,0,10,0,1,0,0,0,0,1,1,6,2,25,5,1229,1,1,-1,3,-1
2015471505795,2,9,0,10,0,6,0,0,0,0,2,1,6,2,26,6,1598,1,9,-1,1,-1
2015471505798,1,19,0,18,0,0,0,0,0,0,1,2,1,1,61,9,-1,-1,-1,-1,-1,-1
2015471505798,2,9,0,18,0,0,0,0,0,0,1,1,6,1,59,9,2985,2,9,-1,2,-1
2015471505803,1,21,0,18,0,0,0,0,0,0,1,1,1,1,49,8,6700,2,-1,-1,1,-1
2015471505803,2,9,0,4,0,0,0,0,0,0,2,1,6,2,60,9,1870,2,9,-1,1,-1
2015471505808,1,19,0,18,0,1,1,0,0,0,1,1,1,1,24,5,2198,2,5,-1,1,-1
2015471505808,2,9,0,4,0,1,0,0,0,0,2,1,6,1,24,5,1197,1,-1,-1,1,-1
2015471505809,1,1,0,18,4,8,0,0,0,0,3,1,6,1,77,11,-1,-1,-1,-1,1,-1
2015471505809,2,9,0,5,0,4,0,0,0,0,1,1,6,2,30,6,1198,1,11,-1,1,-1
2015471505812,1,19,0,18,0,0,0,0,1,4,1,1,6,1,43,7,2198,2,2,-1,2,-1
2015471505813,1,9,0,18,0,0,0,0,0,0,1,1,6,3,-1,-1,-1,-1,-1,-1,-1,-1
2015471505814,1,2,0,4,0,1,1,0,0,0,1,1,6,1,19,4,49,1,12,-1,2,-1
2015471505814,2,9,0,4,0,1,0,0,0,0,2,1,1,1,54,8,3984,1,5,-1,1,-1
2015471505815,1,9,0,18,0,0,1,0,7,4,4,1,3,2,40,7,1388,1,7,-1,3,-1
2015471505816,1,9,0,9,0,8,0,0,0,0,4,1,6,1,20,4,1360,1,9,-1,1,-1
2015471505816,2,9,0,5,0,8,0,0,0,0,1,1,6,2,34,6,1998,1,7,-1,1,-1
2015471505817,1,9,0,9,0,4,0,0,0,0,1,1,6,2,18,4,1299,1,14,-1,1,-1
2015471505817,2,9,0,6,0,4,0,0,0,0,2,1,6,1,37,7,1587,1,14,-1,1,-1
2015471505819,1,1,0,16,0,1,1,0,0,0,1,1,4,1,13,3,-1,-1,-1,-1,1,-1
2015471505819,2,9,0,17,0,1,0,0,0,0,1,1,1,2,38,7,1596,1,10,-1,1,-1
2015471505820,1,1,0,18,0,0,0,0,0,0,3,1,6,1,17,4,-1,-1,-1,-1,1,-1
2015471505820,2,9,0,18,0,0,0,0,0,0,1,1,6,1,65,9,1390,1,14,-1,1,-1
2015471505821,1,1,0,18,0,0,0,0,0,0,3,1,4,1,15,3,-1,-1,-1,-1,1,-1
2015471505821,2,9,0,14,0,0,0,0,0,0,1,1,6,2,24,5,1229,1,1,-1,1,-1
2015471505821,3,9,0,3,0,0,0,0,0,0,0,1,6,1,30,6,-1,-1,-1,-1,-1,-1
2015471505825,1,9,0,18,0,0,0,0,0,0,1,1,6,1,17,4,-1,-1,-1,-1,1,-1
2015471505825,2,9,0,18,0,0,0,0,0,0,2,1,6,2,48,8,2198,1,10,-1,1,-1
2015471505830,1,19,0,18,0,8,0,0,0,0,4,1,6,1,30,6,-1,-1,-1,-1,-1,-1
2015471505831,1,9,0,18,0,0,1,0,0,0,1,1,6,2,49,8,1388,1,17,-1,3,-1
2015471505831,2,21,0,18,0,0,0,0,0,0,1,1,1,1,64,9,6700,2,-1,-1,3,-1
2015471505832,1,9,0,18,0,0,2,10,1,4,1,1,6,1,36,7,1995,1,14,-1,1,-1
2015471505836,1,20,0,9,0,8,0,0,0,0,1,1,1,2,30,6,-1,-1,-1,-1,1,-1
2015471505836,2,9,0,18,0,8,0,0,3,11,4,1,6,2,76,11,1199,1,15,-1,1,-1
2015471505837,1,1,0,18,9,6,0,0,0,0,1,1,6,1,8,2,-1,-1,-1,-1,-1,-1
2015471505837,2,19,0,9,0,8,0,0,0,0,3,1,6,1,64,9,-1,-1,-1,-1,1,-1
2015471505838,1,19,0,18,0,2,0,0,0,0,2,1,6,3,-1,-1,2143,2,1,-1,-1,-1
2015471505838,2,9,0,11,0,2,-1,0,0,0,1,1,6,2,20,4,998,1,10,-1,1,-1
2015471505840,1,9,0,9,0,2,0,0,0,0,1,1,6,1,74,10,1596,1,3,-1,1,-1
2015471505840,2,9,0,17,0,1,0,0,7,9,1,1,6,1,54,8,1360,1,10,-1,2,-1
2015471505846,1,9,0,5,0,6,0,0,1,0,1,1,2,2,51,8,1596,1,8,-1,3,-1
2015471505846,2,11,0,18,0,8,0,0,0,0,4,1,1,1,53,8,4500,2,2,-1,2,-1
2015471505846,3,9,0,10,0,8,0,0,0,0,0,1,2,1,38,7,1968,2,8,-1,3,-1
2015471505847,1,9,0,2,9,1,0,0,0,0,4,1,6,1,30,6,1796,1,5,-1,1,-1
2015471505852,1,9,0,9,0,2,0,0,0,0,4,1,6,1,25,5,1968,2,6,-1,1,-1
2015471505853,1,9,0,7,0,4,0,0,0,0,1,1,2,1,49,8,2480,1,3,-1,3,-1
2015471505853,2,5,0,9,0,3,0,0,0,0,4,1,2,2,24,5,125,1,1,-1,1,-1
2015471505855,1,9,0,7,0,5,0,0,0,0,1,1,6,2,42,7,1997,2,12,-1,1,-1
2015471505855,2,1,0,18,0,1,0,0,0,0,3,1,1,1,35,6,-1,-1,-1,-1,1,-1
2015471505857,1,9,0,18,0,6,0,0,0,0,0,1,6,1,46,8,-1,-1,-1,-1,-1,-1
2015471505857,2,9,0,18,0,1,0,0,0,0,0,1,6,2,66,10,-1,-1,-1,-1,1,-1
2015471505860,1,9,0,9,0,1,0,0,0,0,3,1,2,1,29,6,1389,1,11,-1,1,-1
2015471505860,2,1,0,18,4,8,0,0,0,0,3,1,2,1,54,8,-1,-1,-1,-1,1,-1
2015471505862,1,3,0,18,0,1,0,0,0,0,3,1,6,1,27,6,125,1,-1,-1,1,-1
2015471505863,1,9,0,18,0,0,0,4,0,0,1,1,6,1,85,11,1769,1,11,-1,1,-1
2015471505863,2,9,0,2,0,0,0,0,0,0,1,1,6,3,-1,-1,1796,1,10,-1,-1,-1
2015471505865,1,9,0,9,0,8,0,0,0,0,4,1,2,1,43,7,1596,1,12,-1,1,-1
2015471505865,2,4,0,18,2,1,0,0,0,0,1,1,2,1,34,6,124,1,18,-1,1,-1
2015471505866,1,9,0,18,0,0,0,0,0,0,1,1,6,1,28,6,2172,2,11,-1,1,-1
2015471505867,1,19,0,18,0,0,0,0,0,0,1,1,1,1,53,8,2198,2,8,-1,1,-1
2015471505867,2,9,0,4,0,0,0,0,0,0,2,1,1,1,22,5,1242,1,4,-1,1,-1
2015471505867,3,9,0,4,0,0,0,0,0,0,2,1,1,1,43,7,1986,2,9,-1,1,-1
2015471505867,4,9,0,4,0,0,0,0,0,0,1,1,6,1,62,9,1198,1,5,-1,1,-1
2015471505869,1,9,0,18,0,1,0,0,0,0,1,1,3,2,39,7,1299,1,13,-1,1,-1
2015471505876,1,9,0,18,0,1,0,0,0,0,3,1,6,2,37,7,1198,1,3,-1,1,-1
2015471505877,1,9,0,5,0,4,0,0,0,0,1,2,2,2,54,8,799,2,5,-1,1,-1
2015471505877,2,4,0,3,0,1,0,0,0,0,2,1,6,1,45,7,125,1,-1,-1,1,-1
2015471505878,1,19,0,18,0,0,0,4,0,0,1,1,1,1,53,8,2402,2,9,-1,1,-1
2015471505878,2,9,0,2,0,0,0,0,0,0,2,1,6,1,77,11,2776,2,9,-1,1,-1
2015471505879,1,9,0,6,0,3,0,0,0,0,3,1,6,1,35,6,1598,2,4,-1,1,-1
2015471505879,2,5,0,18,0,3,0,0,0,0,1,1,6,1,62,9,1050,1,3,-1,1,-1
2015471505880,1,9,0,18,0,1,0,0,0,0,1,1,6,3,20,4,-1,-1,-1,-1,3,-1
2015471505880,2,9,0,10,0,1,0,0,0,0,2,1,6,1,17,4,1124,1,14,-1,3,-1
2015471505881,1,8,0,18,0,4,0,0,0,0,3,1,1,1,60,9,1560,2,1,-1,1,-1
2015471505881,2,1,0,18,0,8,0,0,0,0,1,1,6,1,22,5,-1,-1,-1,-1,1,-1
2015471505882,1,9,0,9,0,6,0,0,0,0,1,1,6,1,69,10,2148,2,8,-1,2,-1
2015471505882,2,9,0,18,0,1,0,0,0,0,2,1,1,1,67,10,2198,2,8,-1,1,-1
2015471505882,3,9,0,18,0,1,0,0,0,0,1,1,2,1,47,8,1324,1,15,-1,1,-1
2015471505882,4,9,0,18,0,1,0,0,0,10,1,1,2,2,36,7,998,1,3,-1,1,-1
2015471505884,1,9,0,18,0,0,0,0,0,0,0,1,2,2,53,8,1598,1,10,-1,1,-1
2015471505886,1,9,0,3,0,2,0,0,0,0,2,1,6,2,21,5,-1,-1,-1,-1,1,-1
2015471505886,2,9,0,4,0,1,0,0,0,0,1,1,6,2,56,9,-1,-1,-1,-1,1,-1
2015471505890,1,19,0,7,0,2,0,0,0,0,2,1,2,1,27,6,2143,2,1,-1,1,-1
2015471505890,2,9,0,18,0,8,1,0,0,0,1,1,1,2,29,6,1390,1,6,-1,1,-1
2015471505893,1,9,0,18,0,1,0,0,0,0,1,1,1,2,27,6,1242,1,4,-1,1,-1
2015471505893,2,9,0,18,0,1,0,0,0,0,2,1,6,2,56,9,1598,1,5,-1,1,-1
2015471505894,1,19,0,17,0,0,0,0,0,0,0,1,6,3,50,8,1248,2,1,-1,1,-1
2015471505894,2,9,0,16,0,0,0,0,2,9,1,1,6,1,64,9,1596,1,5,-1,1,-1
2015471505894,3,9,0,17,0,0,0,0,0,0,1,1,6,1,68,10,1560,2,3,-1,2,-1
2015471505895,1,9,0,18,0,4,0,0,0,0,1,1,6,2,49,8,998,1,3,-1,1,-1
2015471505895,2,9,0,3,0,4,0,0,0,0,2,1,6,1,36,7,1398,2,9,-1,1,-1
2015471505896,1,9,0,17,0,0,0,0,7,11,1,1,6,1,24,5,1984,1,14,-1,1,-1
2015471505897,1,9,0,9,0,8,0,0,0,0,0,1,6,1,75,10,-1,-1,-1,-1,1,-1
2015471505897,2,9,0,18,0,8,0,0,0,0,1,1,6,1,35,6,1248,2,11,-1,1,-1
2015471505897,3,9,0,18,0,8,0,0,0,0,2,1,6,1,53,8,1686,2,7,-1,1,-1
2015471505898,1,9,0,18,0,0,1,0,0,0,1,1,6,2,33,6,1598,1,12,-1,3,-1
2015471505899,1,9,0,13,0,0,0,0,0,0,1,1,6,1,35,6,1596,1,21,-1,-1,-1
2015471505899,2,9,0,18,0,0,0,0,0,0,2,1,6,2,31,6,1229,1,3,-1,1,-1
2015471505900,1,9,0,18,0,4,0,0,0,0,1,1,6,1,21,5,1870,2,9,-1,1,-1
2015471505900,2,8,0,9,0,3,0,0,0,0,4,1,6,1,44,7,1998,2,6,-1,1,-1
2015471505901,1,1,0,9,0,0,0,0,0,0,3,1,6,2,9,2,-1,-1,-1,-1,1,-1
2015471505901,2,9,0,18,0,0,1,0,0,0,1,1,6,1,52,8,1389,1,10,-1,1,-1
2015471505902,1,1,0,18,0,3,0,0,0,0,3,1,6,2,14,3,-1,-1,-1,-1,1,-1
2015471505902,2,11,0,13,0,3,0,0,0,0,4,1,1,1,48,8,6700,2,4,-1,1,-1
2015471505904,1,9,0,10,0,6,0,0,0,0,1,1,6,1,59,9,3724,1,12,-1,1,-1
2015471505904,2,9,0,17,0,8,0,0,0,0,3,1,2,2,35,6,1598,1,5,-1,1,-1
2015471505905,1,9,0,18,0,0,0,0,0,0,3,1,6,1,56,9,4999,1,5,-1,3,-1
2015471505905,2,9,0,18,0,0,0,0,2,4,3,1,6,2,24,5,1242,1,1,-1,1,-1
2015471505906,1,9,0,5,9,0,0,0,0,0,0,1,1,1,33,6,1997,2,2,-1,-1,-1
2015471505908,1,9,0,18,0,8,0,0,0,0,4,1,1,2,58,9,1968,2,-1,-1,1,-1
2015471505908,2,1,0,16,0,8,0,0,0,0,1,1,1,1,35,6,-1,-1,-1,-1,1,-1
2015471505908,3,9,0,3,0,1,0,0,0,0,3,1,1,1,38,7,-1,-1,-1,-1,1,-1
2015471505910,1,19,0,9,0,3,0,0,0,0,3,1,6,1,62,9,2461,2,13,-1,1,-1
2015471505910,2,1,0,18,0,4,0,0,0,0,1,1,6,2,33,6,-1,-1,-1,-1,1,-1
2015471505911,1,9,0,2,0,0,0,0,0,0,3,1,6,2,41,7,1598,1,12,-1,1,-1
2015471505911,2,1,0,18,0,0,0,0,0,0,3,1,1,1,66,10,-1,-1,-1,-1,1,-1
2015471505912,1,9,0,7,0,6,0,0,0,0,1,1,6,2,53,8,1289,1,15,-1,1,-1
2015471505912,2,1,0,18,0,8,0,0,0,0,4,1,6,1,27,6,-1,-1,-1,-1,1,-1
2015471505913,1,9,0,13,0,0,0,0,0,0,3,1,2,2,29,6,1360,1,11,-1,1,-1
2015471505913,2,1,0,18,0,0,0,0,0,0,3,1,2,1,43,7,-1,-1,-1,-1,1,-1
2015471505914,1,19,0,5,0,2,0,0,0,0,1,1,1,1,43,7,2143,2,5,-1,1,-1
2015471505914,2,90,0,5,0,2,0,0,0,0,2,1,6,1,68,10,2143,2,2,-1,1,-1
2015471505915,1,21,1,5,0,0,0,0,0,0,1,1,6,1,59,9,10837,2,8,-1,1,-1
2015471505915,2,9,0,15,0,0,0,0,0,0,2,1,6,2,17,4,1242,1,10,-1,3,-1
2015471505916,1,9,0,16,0,0,0,0,0,0,1,1,6,2,85,11,1229,1,7,-1,1,-1
2015471505916,2,9,0,17,0,0,0,0,0,0,1,1,3,2,46,8,1600,2,6,-1,3,-1
2015471505917,1,9,0,16,0,0,0,0,8,4,1,1,6,1,55,8,1984,1,3,-1,1,-1
2015471505920,1,9,0,18,0,0,1,0,0,0,4,1,6,1,63,9,2231,2,8,-1,3,-1
2015471505921,1,19,0,7,0,6,0,0,0,0,0,1,1,3,-1,-1,2143,2,1,-1,-1,-1
2015471505921,2,9,0,18,0,1,0,0,0,0,0,1,6,1,55,8,1242,1,13,-1,2,-1
2015471505923,1,19,0,18,0,1,0,0,0,0,3,1,1,1,47,8,2148,2,8,-1,1,-1
2015471505926,1,9,0,3,0,1,0,0,0,0,1,1,2,1,42,7,1997,2,2,-1,1,-1
2015471505926,2,9,0,3,0,1,0,0,0,0,2,1,6,2,23,5,1598,1,12,-1,2,-1
2015471505927,1,3,0,13,0,8,0,0,7,2,4,1,6,1,17,4,124,1,12,-1,1,-1
2015471505927,2,9,0,9,0,5,0,0,0,0,3,1,6,2,32,6,1360,1,9,-1,1,-1
2015471505928,1,9,0,9,0,8,0,0,0,0,0,1,6,2,48,8,1598,2,-1,-1,1,-1
2015471505928,2,11,0,5,2,1,0,0,0,0,0,1,6,1,31,6,11967,2,7,-1,1,-1
2015471505931,1,9,0,18,0,0,0,0,0,0,4,1,6,1,43,7,1997,2,2,-1,1,-1
2015471505932,1,9,0,4,0,1,0,0,0,0,1,1,6,1,25,5,1769,1,14,-1,1,-1