Accident_Index,Vehicle_Reference,Vehicle_Type,Towing_and_Articulation,Vehicle_Manoeuvre,Vehicle_Location-Restricted_Lane,Junction_Location,Skidding_and_Overturning,Hit_Object_in_Carriageway,Vehicle_Leaving_Carriageway,Hit_Object_off_Carriageway,1st_Point_of_Impact,Was_Vehicle_Left_Hand_Drive?,Journey_Purpose_of_Driver,Sex_of_Driver,Age_of_Driver,Age_Band_of_Driver,Engine_Capacity_(CC),Propulsion_Code,Age_of_Vehicle,Driver_IMD_Decile,Driver_Home_Area_Type,Vehicle_IMD_Decile
2015471505932,2,9,0,9,0,1,0,0,0,0,2,1,6,2,66,10,1389,1,19,-1,1,-1
2015471505935,1,3,0,16,0,1,1,0,0,0,3,1,6,1,24,5,124,1,7,-1,1,-1
2015471505936,1,9,0,9,0,6,0,0,0,0,1,1,1,2,63,9,1560,2,5,-1,1,-1
2015471505936,2,9,0,18,0,8,0,0,0,0,4,1,6,1,52,8,1560,2,3,-1,1,-1
2015471505938,1,9,0,18,0,0,0,0,0,0,4,1,6,2,28,6,-1,-1,-1,-1,-1,-1
2015471505940,1,9,0,9,0,0,0,0,0,0,4,1,6,1,17,4,1229,1,9,-1,1,-1
2015471505941,1,19,0,9,0,6,0,0,0,0,3,1,1,1,36,7,2463,2,11,-1,1,-1
2015471505941,2,2,0,18,0,8,0,0,0,0,1,1,1,1,17,4,50,1,1,-1,1,-1
2015471505942,1,9,0,4,0,1,0,0,0,0,1,1,6,2,47,8,1598,1,13,-1,1,-1
2015471505942,2,9,0,4,0,1,0,0,0,0,4,1,6,2,41,7,1598,2,1,-1,1,-1
2015471505943,1,9,0,4,0,1,0,0,0,0,1,1,6,2,36,7,1998,1,18,-1,1,-1
2015471505943,2,9,0,4,0,4,0,0,0,0,2,1,6,2,56,9,1896,2,12,-1,1,-1
2015471505944,1,9,0,9,0,1,0,0,0,0,2,1,6,2,25,5,1679,1,13,-1,1,-1
2015471505944,2,5,0,13,0,1,0,0,0,0,0,1,6,1,56,9,749,1,-1,-1,1,-1
2015471505945,1,9,0,7,0,6,0,0,0,0,1,1,6,1,43,7,1598,1,9,-1,1,-1
2015471505945,2,1,0,18,0,8,0,0,0,0,4,1,6,1,48,8,-1,-1,-1,-1,1,-1
2015471505947,1,9,0,18,0,1,0,0,0,0,1,1,6,2,64,9,1339,1,11,-1,2,-1
2015471505947,2,9,0,3,0,1,0,0,0,0,2,1,6,1,28,6,1910,2,7,-1,3,-1
2015471505947,3,9,0,3,0,1,0,0,0,0,0,1,6,1,44,7,1998,1,11,-1,1,-1
2015471505947,4,9,0,9,0,1,0,0,0,0,0,1,6,1,30,6,-1,-1,-1,-1,-1,-1
2015471505949,1,9,0,9,0,6,0,0,0,0,3,1,6,1,90,11,1598,1,14,-1,1,-1
2015471505949,2,3,0,18,0,1,0,0,0,0,1,1,6,1,18,4,124,1,1,-1,1,-1
2015471505950,1,9,0,9,0,6,0,0,0,0,1,1,6,1,30,6,4999,1,16,-1,1,-1
2015471505953,1,9,0,9,0,8,0,0,0,0,3,1,6,2,19,4,1149,1,13,-1,1,-1
2015471505953,2,11,0,18,0,8,0,0,0,0,1,1,1,1,57,9,-1,-1,-1,-1,1,-1
2015471505957,1,9,0,18,0,0,0,0,1,4,1,1,2,2,44,7,2500,6,16,-1,1,-1
2015471505958,1,9,0,18,0,1,0,0,4,2,1,1,6,2,77,11,1598,1,7,-1,1,-1
2015471505960,1,9,0,9,0,6,0,0,0,0,3,1,6,1,57,9,1839,1,20,-1,1,-1
2015471505960,2,4,0,13,0,8,1,0,0,0,1,1,6,1,51,8,499,1,41,-1,1,-1
2015471505960,3,9,0,7,0,5,0,0,0,0,0,1,6,2,52,8,1598,1,10,-1,1,-1
2015471505961,1,9,0,10,0,1,0,0,0,0,1,1,6,2,41,7,1086,1,7,-1,1,-1
2015471505961,2,9,0,18,0,1,0,0,0,0,1,1,6,1,29,6,1796,1,15,-1,1,-1
2015471505963,1,19,0,18,0,8,1,0,0,0,1,1,6,3,-1,-1,-1,-1,-1,-1,-1,-1
2015471505963,2,9,0,18,0,2,1,0,1,0,3,1,6,2,52,8,1349,1,3,-1,1,-1
2015471505964,1,5,0,17,0,0,0,0,0,0,4,1,6,1,71,10,865,1,3,-1,1,-1
2015471505965,1,9,0,7,0,1,0,0,0,0,3,1,1,1,53,8,1995,1,6,-1,1,-1
2015471505965,2,11,0,9,0,1,0,0,0,0,0,1,1,1,32,6,12000,2,15,-1,1,-1
2015471505966,1,9,0,5,0,4,0,0,0,0,1,1,6,2,30,6,1560,2,3,-1,1,-1
2015471505966,2,9,0,3,0,4,0,0,0,0,2,1,1,1,34,6,1108,1,14,-1,1,-1
2015471505967,1,9,0,9,0,8,0,0,0,0,1,1,6,2,65,9,1598,1,7,-1,-1,-1
2015471505967,2,5,0,18,0,1,0,0,0,0,1,1,6,1,30,6,599,1,8,-1,-1,-1
2015471505969,1,9,0,11,0,0,0,0,0,0,0,1,6,1,37,7,2179,2,4,-1,1,-1
2015471505969,2,9,0,18,0,0,1,0,5,6,1,1,6,2,37,7,1995,2,4,-1,1,-1
2015471505970,1,9,0,9,0,2,0,0,0,0,1,1,6,1,35,6,1600,1,4,-1,1,-1
2015471505970,2,9,0,18,0,1,0,0,0,0,1,1,6,1,64,9,4600,1,19,-1,3,-1
2015471505971,1,9,0,18,0,8,0,0,0,0,1,1,6,1,69,10,1796,1,2,-1,1,-1
2015471505975,1,9,0,18,0,1,0,0,0,0,1,1,6,1,32,6,1781,1,15,-1,1,-1
2015471505975,2,9,0,3,0,1,0,0,0,0,2,1,6,2,31,6,1461,2,-1,-1,3,-1
2015471505975,3,9,0,3,0,1,0,0,0,0,2,1,6,2,45,7,1390,1,5,-1,1,-1
2015471505976,1,9,0,17,0,0,2,0,8,11,3,1,6,1,34,6,1149,1,13,-1,1,-1
2015471505978,1,9,0,8,0,1,0,0,0,0,0,1,6,1,54,8,2926,2,14,-1,1,-1
2015471505980,1,9,0,18,0,2,0,0,0,0,1,1,2,2,43,7,1398,1,11,-1,1,-1
2015471505983,1,9,0,18,0,8,0,0,0,0,1,1,1,1,-1,-1,-1,-1,-1,-1,-1,-1
2015471505983,2,1,0,18,0,8,0,0,0,0,2,1,1,1,46,8,-1,-1,-1,-1,1,-1
2015471505986,1,5,0,18,0,0,0,0,0,0,1,1,6,1,67,10,1000,1,6,-1,2,-1
2015471505986,2,9,0,4,0,0,0,0,0,0,2,1,6,1,60,9,2495,2,18,-1,3,-1
2015471505988,1,9,0,18,0,0,0,4,0,0,1,1,1,1,34,6,-1,-1,-1,-1,1,-1
2015471505988,2,9,0,2,0,0,0,0,0,0,2,1,6,1,43,7,1998,2,11,-1,1,-1
2015471505988,3,9,0,2,0,0,0,0,0,0,1,1,6,1,48,8,1396,1,15,-1,1,-1
2015471505988,4,21,0,2,0,0,0,0,0,0,1,1,6,3,-1,-1,3920,2,6,-1,-1,-1
2015471505988,5,1,0,18,0,0,0,0,0,0,0,1,6,1,18,4,-1,-1,-1,-1,-1,-1
2015471505989,1,9,0,18,0,0,0,0,0,0,1,1,6,1,18,4,1598,1,13,-1,1,-1
2015471505989,2,21,0,18,0,0,0,0,0,0,2,1,1,1,47,8,4250,2,7,-1,1,-1
2015471505991,1,9,0,18,0,8,0,0,0,0,1,1,6,2,36,7,1984,1,7,-1,1,-1
2015471505991,2,1,0,10,0,8,0,0,0,0,3,1,6,1,27,6,-1,-1,-1,-1,1,-1
2015471505992,1,9,0,9,0,8,0,0,0,0,3,1,6,1,-1,-1,1560,2,4,-1,1,-1
2015471505992,2,3,0,14,0,8,0,0,0,0,4,1,6,1,18,4,124,1,6,-1,1,-1
2015471505996,1,9,0,16,0,0,0,0,2,10,4,1,6,2,26,6,1598,1,13,-1,3,-1
2015471505996,2,9,0,4,0,0,0,0,0,0,1,1,6,2,29,6,1149,1,4,-1,1,-1
2015471505998,1,9,0,18,0,1,0,0,0,0,2,1,6,2,39,7,1598,2,1,-1,1,-1
2015471505998,2,9,0,10,0,8,0,0,0,0,2,1,6,2,51,8,1984,1,14,-1,3,-1
2015471506000,1,9,0,10,0,6,0,0,0,0,1,1,2,1,27,6,1390,1,14,-1,1,-1
2015471506000,2,1,0,18,0,1,0,0,0,0,1,1,2,2,42,7,-1,-1,-1,-1,1,-1
2015471506001,1,9,0,18,0,0,0,0,0,0,1,1,6,2,44,7,2204,2,7,-1,1,-1
2015471506002,1,9,0,5,0,8,0,0,0,0,3,1,2,1,25,5,2204,2,8,-1,1,-1
2015471506002,2,1,0,18,0,8,0,0,0,0,4,1,6,1,20,4,-1,-1,-1,-1,1,-1
2015471506003,1,9,0,9,0,6,0,0,0,0,1,1,6,2,27,6,1149,1,10,-1,1,-1
2015471506003,2,9,0,18,0,8,0,0,7,11,1,1,6,1,64,9,1956,2,2,-1,1,-1
2015471506005,1,9,0,9,0,8,0,0,0,0,3,1,6,1,79,11,1242,1,9,-1,1,-1
2015471506007,1,9,0,18,0,8,0,0,0,0,1,1,6,1,70,10,1587,1,9,-1,2,-1
2015471506007,2,9,0,18,0,8,0,0,0,0,3,1,6,2,42,7,998,1,1,-1,1,-1
2015471506010,1,19,0,18,0,3,0,0,0,0,4,1,6,3,-1,-1,-1,-1,-1,-1,-1,-1
2015471506010,2,1,0,18,0,8,0,0,0,0,1,1,6,1,20,4,-1,-1,-1,-1,1,-1
2015471506012,1,21,0,16,0,0,0,0,0,0,1,2,6,1,48,8,7700,2,71,-1,1,-1
2015471506012,2,9,0,3,0,0,0,0,0,0,2,1,1,1,28,6,-1,-1,-1,-1,2,-1
2015471506012,3,9,0,17,0,0,0,0,0,0,3,1,2,1,37,7,1390,1,14,-1,1,-1
2015471506014,1,9,0,9,4,1,0,0,0,0,3,1,6,2,60,9,1870,2,8,-1,2,-1
2015471506014,2,1,0,18,4,1,0,0,0,0,1,1,6,1,25,5,-1,-1,-1,-1,1,-1
2015471506015,1,9,0,9,0,8,0,0,0,0,1,1,6,1,82,11,1248,1,2,-1,1,-1
2015471506015,2,5,0,18,0,8,0,0,0,0,3,1,6,1,62,9,1064,1,15,-1,3,-1
2015471506016,1,9,0,18,0,4,0,0,0,0,1,1,6,2,50,8,1685,2,3,-1,1,-1
2015471506016,2,1,0,18,0,3,0,0,0,0,4,1,6,2,17,4,-1,-1,-1,-1,1,-1
2015471506021,1,9,0,18,0,4,0,0,0,0,1,1,6,2,50,8,2770,2,9,-1,1,-1
2015471506021,2,9,0,3,0,4,0,0,0,0,2,1,6,1,49,8,1496,2,1,-1,-1,-1
2015471506021,3,9,0,18,0,4,0,0,0,0,2,1,6,2,50,8,1598,1,10,-1,1,-1
2015471506023,1,3,0,13,0,0,0,0,0,0,4,1,2,2,44,7,124,1,7,-1,1,-1
2015471506023,2,20,0,16,0,0,0,0,0,0,3,1,2,1,29,6,-1,-1,-1,-1,1,-1
2015471506023,3,9,0,17,0,0,0,0,0,0,1,1,6,1,73,10,-1,-1,-1,-1,1,-1
2015471506023,4,19,0,16,0,0,0,0,0,0,1,1,2,1,51,8,1598,2,2,-1,1,-1
2015471506024,1,1,0,9,0,5,0,0,0,0,2,1,6,2,43,7,-1,-1,-1,-1,1,-1
2015471506024,2,9,0,15,0,8,0,0,0,0,4,1,6,1,22,5,1598,1,12,-1,1,-1
2015471506025,1,9,0,4,0,0,0,0,0,0,1,1,6,1,40,7,1796,1,8,-1,1,-1
2015471506025,2,11,0,3,0,0,0,0,0,0,2,1,1,1,30,6,9000,2,4,-1,1,-1
2015471506026,1,9,0,18,0,0,5,0,0,0,1,1,6,2,61,9,1753,2,14,-1,2,-1
2015471506026,2,9,0,3,0,0,0,0,0,0,3,1,6,1,21,5,2500,2,15,-1,3,-1
2015471506026,3,9,0,18,0,0,0,0,0,0,3,1,6,2,45,7,1398,1,-1,-1,3,-1
2015471506026,4,9,0,2,0,0,0,0,0,0,2,1,6,3,-1,-1,1796,1,11,-1,3,-1
2015471506028,1,9,0,9,0,6,0,0,0,0,1,1,6,3,30,6,-1,-1,-1,-1,-1,-1
2015471506028,2,9,0,18,0,8,0,0,0,0,3,1,6,2,60,9,998,1,4,-1,1,-1
2015471506029,1,9,0,18,0,0,0,0,0,0,4,1,6,3,30,6,-1,-1,-1,-1,-1,-1
2015471506031,1,9,0,10,0,1,0,0,0,0,3,1,6,1,85,11,1339,8,7,-1,1,-1
2015471506031,2,3,0,18,0,1,0,0,0,0,1,1,6,1,20,4,124,1,14,-1,1,-1
2015471506031,3,9,0,7,0,5,0,0,0,0,0,1,6,2,25,5,1895,1,16,-1,1,-1
2015471506033,1,9,0,18,0,0,0,4,0,0,1,1,6,1,55,8,1997,2,15,-1,1,-1
2015471506033,2,9,0,4,0,0,0,0,0,0,2,1,6,2,20,4,1086,1,6,-1,1,-1
2015471506033,3,9,0,4,0,0,0,0,0,0,2,1,6,1,25,5,1596,1,10,-1,1,-1
2015471506034,1,9,0,18,0,1,0,0,0,0,1,1,6,1,18,4,-1,-1,-1,-1,1,-1
2015471506034,2,9,0,3,0,1,0,0,0,0,2,1,6,2,54,8,998,1,12,-1,1,-1
2015471506036,1,9,0,9,0,8,0,0,0,0,1,1,6,1,64,9,1995,2,4,-1,1,-1
2015471506036,2,3,0,18,0,8,1,0,0,0,1,1,6,1,30,6,124,1,3,-1,1,-1
2015471506040,1,21,1,18,0,0,0,0,0,0,1,1,1,1,27,6,11946,2,3,-1,1,-1
2015471506040,2,22,0,18,0,0,0,0,0,0,4,1,6,2,80,11,-1,-1,-1,-1,2,-1
2015471506041,1,5,0,18,0,0,0,0,0,0,1,1,6,1,20,4,599,1,6,-1,1,-1
2015471506041,2,9,0,3,0,0,0,0,0,0,0,1,6,1,30,6,-1,-1,-1,-1,-1,-1
2015471506043,1,9,0,18,0,1,0,0,1,7,1,1,6,2,85,11,-1,-1,-1,-1,2,-1
2015471506044,1,19,0,15,0,1,1,0,1,4,1,1,1,1,26,6,1598,2,1,-1,1,-1
2015471506044,2,9,4,9,0,8,0,0,7,0,4,1,1,1,49,8,-1,-1,-1,-1,3,-1
2015471506047,1,9,0,18,0,2,0,0,0,0,1,1,6,1,28,6,-1,-1,-1,-1,1,-1
2015471506047,2,9,0,18,0,2,0,0,0,0,3,1,6,1,22,5,1598,2,3,-1,2,-1
2015471506047,3,9,0,9,0,8,0,0,0,6,4,1,6,2,24,5,1198,1,7,-1,1,-1
2015471506052,1,9,0,7,0,8,0,0,0,0,1,1,6,1,25,5,1198,1,5,-1,1,-1
2015471506055,1,9,0,9,0,8,0,0,0,0,3,1,6,1,35,6,1596,1,14,-1,1,-1
2015471506055,2,3,0,13,0,8,0,0,0,0,1,1,6,1,21,5,124,1,8,-1,1,-1
2015471506056,1,9,0,9,0,2,0,0,0,0,1,1,6,1,21,5,1197,1,4,-1,3,-1
2015471506057,1,5,0,7,0,3,1,0,0,0,4,1,2,2,23,5,649,1,2,-1,2,-1
2015471506058,1,9,0,18,0,0,0,0,0,0,1,1,1,2,57,9,998,1,2,-1,1,-1
2015471506059,1,3,0,4,0,1,1,0,0,0,1,1,2,1,27,6,124,1,2,-1,1,-1
2015471506059,2,9,0,10,0,5,0,0,0,0,2,1,6,2,52,8,1796,1,12,-1,1,-1
2015471506060,1,9,0,5,0,8,0,0,0,0,0,1,6,2,40,7,1398,1,14,-1,1,-1
2015471506060,2,1,0,18,0,8,1,0,0,0,0,1,1,1,55,8,-1,-1,-1,-1,1,-1
2015471506061,1,9,0,5,0,6,0,0,0,0,1,1,1,1,41,7,-1,-1,-1,-1,-1,-1
2015471506061,2,9,0,1,0,6,0,0,0,0,4,1,1,1,20,4,1498,1,7,-1,1,-1
2015471506063,1,9,0,9,0,3,0,0,0,0,1,1,6,2,60,9,1149,1,6,-1,1,-1
2015471506063,2,4,0,9,0,3,0,0,0,0,3,1,6,1,25,5,123,1,1,-1,1,-1
2015471506064,1,11,0,9,0,3,0,0,0,2,4,1,1,1,57,9,4760,2,3,-1,1,-1
2015471506065,1,9,0,7,0,4,0,0,0,0,0,1,6,1,33,6,-1,-1,-1,-1,1,-1
2015471506065,2,9,0,7,0,4,0,0,0,0,0,1,6,3,-1,-1,-1,-1,-1,-1,-1,-1
2015471506066,1,9,0,10,0,8,0,0,0,0,1,1,6,2,51,8,1248,2,4,-1,2,-1
2015471506066,2,9,0,10,0,8,0,0,0,0,2,1,6,1,20,4,1995,1,9,-1,2,-1
2015471506067,1,9,0,9,0,6,0,0,0,0,1,1,6,1,73,10,1798,1,10,-1,1,-1
2015471506067,2,9,0,18,0,1,0,0,0,0,4,1,6,1,44,7,1596,1,14,-1,1,-1
2015471506067,3,9,0,3,0,1,0,0,0,0,0,1,6,3,-1,-1,-1,-1,-1,-1,-1,-1
2015471506068,1,9,0,9,0,8,0,0,0,0,3,1,6,2,28,6,1910,2,9,-1,1,-1
2015471506068,2,9,0,18,0,8,1,0,0,0,1,1,2,2,25,5,1124,1,10,-1,1,-1
2015471506070,1,5,0,18,0,4,0,0,0,0,1,1,2,1,56,9,1200,1,9,-1,1,-1
2015471506073,1,9,0,1,0,2,0,0,0,0,2,1,6,1,55,8,1896,2,11,-1,1,-1
2015471506074,1,9,0,5,0,0,0,0,0,0,1,1,6,1,19,4,1598,1,9,-1,1,-1
2015471506076,1,9,0,18,0,2,0,0,0,0,4,1,6,2,54,8,1242,1,10,-1,1,-1
2015471506078,1,5,0,18,0,0,1,0,0,0,1,2,1,1,47,8,645,1,-1,-1,3,-1
2015471506078,2,9,0,18,0,0,0,0,0,0,1,1,1,1,63,9,1587,1,12,-1,1,-1
2015471506079,1,9,0,9,0,6,0,0,0,0,1,1,6,2,56,9,998,1,12,-1,1,-1
2015471506079,2,9,0,18,0,8,0,0,0,0,0,1,6,2,28,6,-1,-1,-1,-1,1,-1
2015471506080,1,9,0,17,0,0,0,0,3,11,1,1,6,1,36,7,1360,1,11,-1,-1,-1
2015471506084,1,9,0,9,0,6,0,0,0,0,1,1,6,1,22,5,-1,-1,-1,-1,2,-1
2015471506084,2,1,0,18,0,1,0,0,0,0,2,1,6,1,15,3,-1,-1,-1,-1,2,-1
2015471506085,1,9,0,18,0,1,0,0,0,0,1,1,2,1,23,5,1796,1,8,-1,1,-1
2015471506085,2,9,0,3,0,1,0,0,0,0,2,1,6,1,55,8,1329,1,5,-1,1,-1
2015471506085,3,9,0,3,0,1,0,0,0,0,2,1,6,2,29,6,898,1,-1,-1,1,-1
2015471506086,1,4,0,18,0,8,0,0,0,0,1,1,6,1,23,5,124,1,1,-1,1,-1
2015471506086,2,9,0,3,0,8,0,0,0,0,2,1,6,2,36,7,1598,1,8,-1,1,-1
2015471506090,1,19,0,14,0,1,1,0,0,0,1,1,6,1,22,5,2198,2,2,-1,1,-1
2015471506090,2,8,0,2,0,1,0,0,0,0,2,1,1,1,25,5,1995,2,9,-1,1,-1
2015471506090,3,9,0,18,0,1,0,0,0,0,1,1,6,1,22,5,1399,1,11,-1,1,-1
2015471506092,1,9,0,18,0,4,0,0,0,0,1,1,6,3,-1,-1,-1,-1,-1,-1,-1,-1
2015471506092,2,9,0,8,0,4,0,0,0,0,2,1,6,2,29,6,-1,-1,-1,-1,1,-1
2015471506094,1,9,0,18,0,3,0,0,0,0,1,1,6,2,65,9,1598,1,12,-1,2,-1
2015471506094,2,1,0,18,0,3,0,0,0,0,3,1,6,1,56,9,-1,-1,-1,-1,1,-1
2015471506095,1,1,0,18,0,0,0,0,0,0,0,1,6,1,22,5,-1,-1,-1,-1,3,-1
2015471506096,1,9,0,18,0,0,0,4,7,0,1,1,6,1,21,5,1587,1,15,-1,1,-1
2015471506096,2,9,0,2,0,0,1,0,1,0,2,1,6,3,-1,-1,1198,1,-1,-1,-1,-1
2015471506100,1,9,0,9,0,3,0,0,0,0,1,1,2,1,31,6,1995,2,-1,-1,1,-1
2015471506101,1,5,0,18,0,1,1,0,0,0,1,1,6,1,22,5,599,1,15,-1,1,-1
2015471506102,1,9,0,18,0,1,0,0,0,0,4,1,6,3,-1,-1,-1,-1,-1,-1,-1,-1
2015471506103,1,10,0,18,0,1,0,0,0,0,1,1,3,1,49,8,-1,-1,-1,-1,1,-1
2015471506103,2,9,0,18,0,1,0,0,0,0,2,1,6,1,53,8,2231,2,4,-1,1,-1
2015471506103,3,9,0,9,0,8,0,0,0,0,0,1,6,3,-1,-1,-1,-1,-1,-1,-1,-1
2015471506106,1,9,0,18,0,0,0,0,0,0,1,1,6,2,21,5,1598,1,11,-1,1,-1
2015471506106,2,9,0,18,0,0,0,0,1,0,1,1,6,1,61,9,1968,2,6,-1,1,-1
2015471506111,1,3,0,17,0,0,1,0,0,0,0,1,1,1,40,7,125,1,4,-1,2,-1
2015471506116,1,9,0,5,0,6,0,0,0,0,1,1,6,1,61,9,1968,2,8,-1,1,-1
2015471506116,2,3,0,18,0,1,0,0,0,0,1,1,6,1,35,6,124,1,6,-1,1,-1
2015471506117,1,9,0,18,0,0,0,0,0,0,1,1,2,1,61,9,1596,1,5,-1,3,-1
2015471506117,2,11,0,18,0,0,0,0,1,3,1,1,3,1,29,6,9600,2,15,-1,1,-1
2015471506119,1,3,0,16,0,0,1,0,0,0,4,1,6,1,17,4,125,1,13,-1,2,-1
2015471506120,1,9,0,12,0,8,0,0,0,0,3,2,6,2,25,5,1388,1,9,-1,1,-1
2015471506120,2,5,0,16,0,8,0,0,0,0,0,1,2,1,38,7,649,1,2,-1,1,-1
2015471506121,1,8,0,18,0,1,0,0,0,0,1,1,6,1,46,8,1896,2,11,-1,1,-1
2015471506121,2,9,0,18,0,1,0,0,0,0,2,1,6,2,38,7,1798,1,10,-1,1,-1
2015471506122,1,9,0,9,0,1,0,0,0,0,1,1,6,1,82,11,899,1,2,-1,1,-1
2015471506122,2,5,0,18,0,1,0,0,0,0,1,1,6,1,45,7,781,1,17,-1,2,-1
2015471506122,3,9,0,7,0,1,0,0,0,0,0,1,6,1,30,6,-1,-1,-1,-1,-1,-1
2015471506123,1,9,0,3,0,1,0,0,0,0,1,1,6,2,45,7,2720,2,6,-1,1,-1
2015471506123,2,9,0,3,0,1,0,0,0,0,2,1,6,2,70,10,1995,2,7,-1,1,-1
2015471506125,1,9,0,18,0,0,0,0,8,10,3,1,6,1,55,8,1997,1,9,-1,3,-1
2015471506126,1,9,0,18,0,8,0,0,0,0,1,1,2,1,43,7,1968,2,7,-1,1,-1
2015471506126,2,1,0,18,0,8,0,0,0,0,3,1,2,1,61,9,-1,-1,-1,-1,1,-1
2015471506127,1,9,0,18,0,0,2,0,1,4,1,1,6,1,25,5,1328,1,4,-1,1,-1
2015471506128,1,9,0,4,0,0,0,0,0,0,0,1,6,3,40,7,-1,-1,-1,-1,-1,-1
2015471506128,2,9,0,4,0,0,0,0,0,0,0,1,1,1,30,6,1560,2,1,-1,1,-1
2015471506130,1,8,0,9,0,2,0,0,0,0,3,1,2,1,58,9,1497,8,7,-1,1,-1
2015471506131,1,9,0,2,0,0,0,0,0,0,0,1,6,2,40,7,998,1,1,-1,1,-1
2015471506131,2,1,0,18,0,0,0,0,0,0,1,1,6,1,17,4,-1,-1,-1,-1,1,-1
2015471506135,1,9,0,3,0,1,0,0,0,0,1,1,6,1,21,5,1968,2,1,-1,1,-1
2015471506135,2,9,0,3,0,1,0,0,0,0,2,1,6,2,30,6,1496,2,-1,-1,1,-1
2015471506137,1,9,0,9,0,6,0,0,0,0,3,1,6,2,35,6,1497,1,12,-1,1,-1
2015471506139,1,9,0,18,0,4,0,0,0,0,1,1,6,2,71,10,1794,1,14,-1,1,-1
2015471506139,2,9,0,3,0,4,0,0,0,0,2,1,6,1,31,6,1598,1,15,-1,1,-1
2015471506142,1,9,0,11,0,3,0,0,0,0,4,1,6,1,37,7,999,1,-1,-1,1,-1
2015471506142,2,9,0,18,0,3,0,0,0,0,3,1,6,2,60,9,1360,1,9,-1,1,-1
2015471506143,1,20,0,4,0,1,0,0,0,0,4,1,1,1,45,7,-1,-1,-1,-1,-1,-1
2015471506145,1,9,0,7,0,8,0,0,0,0,3,1,6,1,61,9,-1,-1,-1,-1,1,-1
2015471506146,1,9,0,18,0,0,1,0,0,0,3,1,2,2,29,6,1596,1,13,-1,1,-1
2015471506146,2,9,0,18,0,0,0,0,0,0,4,1,6,2,52,8,1395,8,-1,-1,1,-1
2015471506146,3,9,0,4,0,0,0,0,0,0,2,1,6,1,24,5,1242,1,9,-1,1,-1
2015471506146,4,9,0,4,0,0,0,0,0,0,2,1,1,1,41,7,-1,-1,-1,-1,1,-1
2015471506147,1,19,0,17,0,0,0,0,0,0,1,1,6,1,52,8,-1,-1,-1,-1,1,-1
2015471506150,1,9,0,15,0,1,0,0,0,0,0,1,6,2,38,7,1360,1,15,-1,1,-1
2015471506151,1,9,0,18,0,0,0,0,0,0,1,1,6,1,17,4,1349,1,3,-1,2,-1
2015471506151,2,9,0,2,0,0,0,0,0,0,2,1,1,2,49,8,1596,1,2,-1,1,-1
2015471506151,3,9,0,2,0,0,0,0,0,0,2,1,1,3,-1,-1,1200,1,3,-1,-1,-1
2015471506152,1,5,0,17,0,0,0,0,2,1,1,1,6,1,75,10,800,1,1,-1,1,-1
2015471506153,1,9,0,7,0,8,0,0,0,0,1,1,6,2,79,11,998,1,8,-1,1,-1
2015471506154,1,1,0,9,0,8,0,0,0,0,4,1,4,2,16,4,-1,-1,-1,-1,1,-1
2015471506154,2,9,0,18,0,8,0,0,0,0,3,1,6,1,66,10,1995,2,5,-1,1,-1
2015471506155,1,9,0,11,0,1,1,0,0,0,1,1,2,1,46,8,1870,2,10,-1,1,-1
2015471506155,2,9,0,5,0,4,0,0,8,1,2,1,1,2,65,9,-1,3,3,-1,2,-1
2015471506155,3,5,0,5,0,4,0,0,0,0,0,1,2,1,51,8,1170,1,8,-1,3,-1
2015471506156,1,9,0,16,0,0,1,0,2,1,4,1,2,1,27,6,1389,1,14,-1,1,-1
2015471506157,1,9,0,9,0,6,0,0,0,0,1,1,6,1,36,7,1781,1,12,-1,1,-1
2015471506157,2,3,0,18,0,8,0,0,0,0,1,1,2,1,22,5,124,1,2,-1,1,-1
2015471506158,1,21,0,14,0,1,1,0,1,11,1,1,1,1,52,8,12902,2,2,-1,2,-1
2015471506158,2,9,0,9,0,1,0,0,0,0,3,1,1,1,48,8,2982,2,1,-1,1,-1
2015471506160,1,9,0,5,0,6,0,0,0,0,1,1,3,2,26,6,1598,1,12,-1,1,-1
2015471506160,2,3,0,18,0,8,0,0,0,0,4,1,6,1,18,4,125,1,3,-1,1,-1
2015471506162,1,9,0,9,0,8,0,0,0,0,3,1,6,1,24,5,1686,2,11,-1,1,-1
2015471506162,2,9,0,18,0,8,0,0,0,0,1,1,6,1,41,7,2765,2,17,-1,1,-1
2015471506164,1,9,0,18,0,4,0,0,0,0,1,1,6,2,77,11,1240,1,6,-1,2,-1
2015471506164,2,9,0,18,0,8,0,0,0,0,4,1,6,1,34,6,1995,2,2,-1,1,-1
2015471506165,1,3,0,18,0,0,1,0,0,0,1,1,6,1,17,4,-1,-1,-1,-1,1,-1
2015471506165,2,9,0,4,0,0,0,0,0,0,2,1,6,1,61,9,998,1,-1,-1,1,-1
2015471506166,1,9,0,18,0,0,0,0,0,0,1,1,3,2,56,9,1598,1,14,-1,1,-1
2015471506169,1,1,0,7,0,6,0,0,0,0,1,1,6,2,15,3,-1,-1,-1,-1,1,-1
2015471506169,2,9,0,18,0,1,0,0,0,0,1,1,2,2,56,9,2400,2,5,-1,1,-1
2015471506172,1,9,0,1,0,0,0,0,0,0,2,1,1,1,37,7,1910,2,11,-1,1,-1