Accident_Index,Vehicle_Reference,Vehicle_Type,Towing_and_Articulation,Vehicle_Manoeuvre,Vehicle_Location-Restricted_Lane,Junction_Location,Skidding_and_Overturning,Hit_Object_in_Carriageway,Vehicle_Leaving_Carriageway,Hit_Object_off_Carriageway,1st_Point_of_Impact,Was_Vehicle_Left_Hand_Drive?,Journey_Purpose_of_Driver,Sex_of_Driver,Age_of_Driver,Age_Band_of_Driver,Engine_Capacity_(CC),Propulsion_Code,Age_of_Vehicle,Driver_IMD_Decile,Driver_Home_Area_Type,Vehicle_IMD_Decile
2015471506924,1,9,0,18,0,0,0,0,0,0,1,1,6,1,20,4,1998,1,15,-1,1,-1
2015471506925,1,8,0,1,0,6,0,0,0,0,2,1,1,1,45,7,1560,2,2,-1,1,-1
2015471506925,2,11,0,18,0,1,0,0,0,0,3,1,1,1,45,7,9360,2,2,-1,1,-1
2015471506926,1,9,0,18,0,0,0,0,0,0,1,1,2,1,18,4,1598,1,11,-1,1,-1
2015471506926,2,9,0,4,0,0,0,0,0,0,0,1,2,2,50,8,1240,1,7,-1,1,-1
2015471506928,1,9,0,18,0,1,0,0,0,0,1,1,6,1,50,8,-1,-1,-1,-1,1,-1
2015471506928,2,8,0,4,0,1,0,0,0,0,2,1,1,1,50,8,1997,2,5,-1,-1,-1
2015471506929,1,9,0,9,0,8,0,0,0,0,3,1,1,2,49,8,1968,2,10,-1,1,-1
2015471506929,2,3,0,18,0,8,0,0,0,0,1,1,2,1,27,6,124,1,-1,-1,1,-1
2015471506930,1,9,0,18,0,0,1,0,0,0,1,1,6,2,27,6,1397,1,14,-1,1,-1
2015471506930,2,9,0,4,0,0,0,0,0,0,2,1,1,2,34,6,1995,2,2,-1,1,-1
2015471506932,1,9,0,18,0,1,0,0,0,0,4,1,6,3,20,4,998,1,-1,-1,1,-1
2015471506932,2,19,0,2,0,1,0,0,0,0,0,1,1,3,-1,-1,1968,2,5,-1,-1,-1
2015471506933,1,9,0,9,0,6,0,0,0,0,0,1,2,1,47,8,1998,1,-1,-1,1,-1
2015471506933,2,5,0,18,0,1,1,0,0,0,0,1,6,1,23,5,803,1,3,-1,1,-1
2015471506935,1,1,0,9,0,8,0,0,0,0,1,1,2,1,26,6,-1,-1,-1,-1,1,-1
2015471506935,2,21,0,18,0,8,0,0,0,0,1,1,1,1,54,8,10837,2,2,-1,1,-1
2015471506936,1,9,0,18,0,1,0,0,7,11,1,1,1,2,53,8,1598,1,14,-1,1,-1
2015471506936,2,19,0,18,0,8,0,0,0,0,3,1,1,1,41,7,1968,2,1,-1,1,-1
2015471506939,1,9,0,5,0,8,0,0,0,0,1,1,6,2,49,8,1461,2,7,-1,1,-1
2015471506939,2,21,0,18,0,8,0,0,0,0,3,1,1,1,45,7,6871,2,-1,-1,1,-1
2015471506941,1,19,0,18,0,1,0,0,0,0,3,1,2,1,53,8,-1,-1,-1,-1,-1,-1
2015471506943,1,11,0,5,0,1,0,0,0,0,3,1,1,1,47,8,9360,2,4,-1,1,-1
2015471506945,1,9,0,9,0,6,0,0,0,0,1,1,6,2,24,5,1587,1,13,-1,1,-1
2015471506945,2,9,0,17,0,8,0,0,0,0,1,1,6,1,52,8,2143,2,3,-1,3,-1
2015471506946,1,9,0,18,0,0,0,0,0,0,1,1,1,1,63,9,-1,-1,-1,-1,1,-1
2015471506946,2,9,0,3,0,0,0,0,0,0,2,1,2,1,22,5,1461,2,-1,-1,1,-1
2015471506946,3,9,0,9,0,0,0,0,0,0,2,1,6,1,57,9,1968,2,5,-1,2,-1
2015471506947,1,9,0,7,0,1,0,0,0,0,3,1,6,1,46,8,1968,2,10,-1,1,-1
2015471506948,1,5,0,17,0,0,1,0,1,0,0,1,2,1,40,7,-1,-1,-1,-1,3,-1
2015471506950,1,9,0,17,0,2,0,0,1,10,4,1,2,2,24,5,1997,2,6,-1,1,-1
2015471506951,1,9,0,9,0,0,0,0,2,10,1,1,1,1,84,11,1299,1,7,-1,1,-1
2015471506951,2,9,0,2,8,0,0,0,0,0,1,1,6,3,-1,-1,1984,1,19,-1,-1,-1
2015471506951,3,9,0,2,6,0,0,0,0,0,1,1,6,3,-1,-1,1197,1,-1,-1,-1,-1
2015471506951,4,9,0,2,0,0,0,0,0,0,1,1,6,3,-1,-1,1086,1,10,-1,-1,-1
2015471506955,1,19,0,1,0,5,0,0,0,0,2,1,1,1,64,9,1968,2,1,-1,1,-1
2015471506956,1,9,0,7,0,6,0,0,0,0,4,1,6,1,19,4,1596,1,15,-1,3,-1
2015471506959,1,9,0,17,0,0,1,0,0,0,4,1,2,1,24,5,1399,2,7,-1,3,-1
2015471506959,2,9,0,16,0,0,0,0,0,0,1,1,6,2,46,8,1968,2,3,-1,1,-1
2015471506964,1,5,0,13,0,8,0,0,0,0,1,1,2,1,32,6,649,1,7,-1,1,-1
2015471506964,2,9,0,9,0,8,0,0,0,0,3,1,1,1,29,6,1461,2,2,-1,1,-1
2015471506965,1,20,0,18,0,0,0,0,0,0,1,1,1,1,45,7,6692,2,7,-1,1,-1
2015471506965,2,9,0,4,0,0,0,0,1,0,2,1,1,1,45,7,998,1,-1,-1,1,-1
2015471506966,1,8,0,5,0,1,0,0,0,0,1,1,2,1,51,8,1686,2,4,-1,1,-1
2015471506968,1,9,0,9,0,1,0,0,0,0,1,1,2,1,38,7,1998,1,5,-1,1,-1
2015471506968,2,1,0,18,0,1,0,0,0,0,2,1,2,1,29,6,-1,-1,-1,-1,1,-1
2015471506970,1,1,0,9,0,1,0,0,0,0,2,1,6,1,15,3,-1,-1,-1,-1,1,-1
2015471506970,2,20,0,13,0,1,0,0,0,0,1,1,1,1,48,8,-1,-1,-1,-1,1,-1
2015471506971,1,9,0,9,0,8,0,0,0,0,1,1,6,1,78,11,-1,-1,-1,-1,2,-1
2015471506971,2,21,0,18,0,8,1,0,0,0,1,2,1,1,34,6,-1,-1,-1,-1,1,-1
2015471506972,1,9,0,18,0,8,0,0,0,0,1,1,2,2,47,8,1998,1,10,-1,1,-1
2015471506972,2,9,0,18,0,8,0,0,0,0,2,1,1,2,51,8,1598,2,3,-1,1,-1
2015471506973,1,19,0,18,0,0,0,0,0,0,1,1,6,1,-1,-1,2143,2,4,-1,-1,-1
2015471506973,2,9,0,4,0,0,0,0,0,0,2,1,6,2,45,7,1598,1,7,-1,3,-1
2015471506974,1,3,0,13,0,0,1,0,0,0,3,1,2,1,49,8,599,1,14,-1,1,-1
2015471506974,2,21,0,17,0,0,0,1,0,0,1,1,1,1,46,8,-1,-1,-1,-1,3,-1
2015471506974,3,20,0,16,0,0,0,0,0,0,0,1,1,1,23,5,-1,-1,-1,-1,1,-1
2015471506976,1,9,0,9,0,0,0,0,0,0,1,1,1,1,28,6,1124,1,14,-1,2,-1
2015471506976,2,9,0,18,0,0,0,0,7,0,4,1,2,2,51,8,1598,2,2,-1,3,-1
2015471506977,1,9,0,10,0,1,0,0,0,0,1,1,6,1,32,6,998,1,-1,-1,3,-1
2015471506977,2,9,0,10,0,1,0,0,0,0,2,1,6,2,24,5,1995,1,7,-1,1,-1
2015471506978,1,9,0,16,0,0,0,0,4,10,3,1,2,1,43,7,1986,2,8,-1,1,-1
2015471506980,1,9,0,18,0,0,1,0,1,4,1,1,1,1,22,5,2495,2,11,-1,1,-1
2015471506980,2,9,0,4,0,0,0,0,0,0,2,1,2,1,32,6,1900,2,9,-1,1,-1
2015471506982,1,9,0,9,0,8,0,0,0,0,1,1,6,1,29,6,998,1,5,-1,1,-1
2015471506982,2,9,0,18,0,8,0,0,0,0,1,1,6,2,25,5,1587,1,13,-1,1,-1
2015471506984,1,9,0,18,0,0,0,0,0,0,4,1,6,1,83,11,1596,1,6,-1,2,-1
2015471506984,2,9,0,18,0,0,0,0,0,0,3,1,6,1,38,7,1896,2,10,-1,1,-1
2015471506984,3,9,0,18,0,0,0,0,1,10,0,1,6,1,22,5,-1,-1,-1,-1,3,-1
2015471506988,1,9,0,18,0,4,0,0,0,0,3,2,6,1,25,5,-1,-1,-1,-1,1,-1
2015471506988,2,8,0,18,0,8,0,0,0,0,4,1,6,1,42,7,-1,-1,-1,-1,1,-1
2015471506989,1,9,0,2,0,1,0,0,0,0,3,1,6,2,44,7,1798,1,10,-1,1,-1
2015471506989,2,1,0,14,0,1,0,8,0,0,1,1,6,1,68,10,-1,-1,-1,-1,1,-1
2015471506990,1,9,0,16,0,1,1,0,1,3,1,1,6,1,19,4,1596,1,14,-1,1,-1
2015471506991,1,5,0,4,0,4,1,0,0,0,1,1,6,1,25,5,599,1,21,-1,1,-1
2015471506991,2,9,0,3,0,3,0,0,0,0,2,1,6,2,25,5,-1,-1,-1,-1,1,-1
2015471506992,1,9,0,9,0,8,0,0,0,0,1,1,6,1,46,8,1796,1,3,-1,1,-1
2015471506993,1,9,0,12,0,0,0,0,1,0,3,1,6,2,29,6,1360,1,15,-1,1,-1
2015471506993,2,9,0,18,0,0,1,0,5,6,4,1,6,1,59,9,1998,2,8,-1,1,-1
2015471506994,1,9,0,18,0,1,0,0,0,0,1,1,6,2,67,10,2148,2,9,-1,1,-1
2015471506996,1,19,0,9,0,2,0,0,0,0,3,1,1,1,43,7,1968,2,2,-1,1,-1
2015471506996,2,1,0,7,0,2,0,0,0,0,1,1,6,1,18,4,-1,-1,-1,-1,1,-1
2015471506998,1,9,0,18,0,0,1,0,0,0,1,1,6,3,-1,-1,1598,1,17,-1,-1,-1
2015471506998,2,9,0,18,0,0,0,0,0,0,1,1,6,2,23,5,1398,1,12,-1,1,-1
2015471507000,1,9,0,5,0,4,0,0,0,0,1,1,1,1,69,10,1242,1,10,-1,1,-1
2015471507000,2,9,0,9,0,3,0,0,0,0,4,1,1,1,18,4,1390,1,16,-1,-1,-1
2015471507001,1,19,0,18,0,2,1,0,0,0,1,1,2,1,41,7,2402,2,10,-1,1,-1
2015471507002,1,11,0,12,0,1,0,0,0,0,3,1,1,1,41,7,9400,2,10,-1,1,-1
2015471507003,1,9,0,9,0,8,0,0,0,0,1,1,6,1,75,10,1197,1,4,-1,1,-1
2015471507003,2,3,0,13,0,8,0,0,0,0,1,1,6,1,27,6,124,1,8,-1,1,-1
2015471507003,3,9,0,7,0,8,0,0,0,0,0,1,1,3,50,8,-1,-1,-1,-1,-1,-1
2015471507004,1,9,0,17,0,0,0,0,0,0,1,1,6,1,20,4,1149,1,11,-1,1,-1
2015471507004,2,9,0,16,0,0,0,0,1,0,1,1,6,2,61,9,1598,1,4,-1,1,-1
2015471507005,1,1,0,17,0,8,0,0,0,0,4,1,1,1,23,5,-1,-1,-1,-1,1,-1
2015471507005,2,1,0,17,0,8,0,0,0,0,4,1,1,1,27,6,-1,-1,-1,-1,1,-1
2015471507005,3,9,0,5,0,6,0,0,0,0,1,1,2,1,57,9,1995,1,13,-1,1,-1
2015471507006,1,9,0,16,0,0,0,0,0,0,1,1,2,1,25,5,1560,2,2,-1,1,-1
2015471507006,2,9,0,16,0,0,0,0,0,0,2,1,2,1,37,7,1995,2,5,-1,1,-1
2015471507006,3,9,0,12,0,0,0,0,0,0,0,1,6,3,-1,-1,-1,-1,-1,-1,-1,-1
2015471507006,4,9,0,12,0,0,0,0,0,0,0,1,6,1,-1,-1,-1,-1,-1,-1,-1,-1
2015471507008,1,9,0,18,0,1,0,0,0,0,1,1,6,1,31,6,1596,1,10,-1,1,-1
2015471507008,2,9,0,18,0,1,0,0,0,0,2,1,2,1,47,8,1598,2,3,-1,1,-1
2015471507010,1,3,0,18,0,1,0,0,0,0,1,1,6,1,27,6,124,1,2,-1,1,-1
2015471507010,2,9,0,10,0,1,0,0,0,0,2,1,6,1,51,8,1997,2,13,-1,1,-1
2015471507011,1,1,0,18,0,0,0,0,0,0,3,1,6,1,15,3,-1,-1,-1,-1,1,-1
2015471507011,2,8,0,18,0,0,0,0,0,0,1,1,1,1,30,6,1685,2,1,-1,1,-1
2015471507012,1,9,0,18,0,0,5,0,1,4,4,1,6,2,26,6,1997,2,13,-1,1,-1
2015471507015,1,9,0,4,0,0,0,0,0,0,1,1,6,1,59,9,1995,2,2,-1,1,-1
2015471507015,2,9,0,18,0,0,1,0,0,0,1,1,6,1,46,8,1796,2,2,-1,1,-1
2015471507015,3,9,0,18,0,0,1,0,0,0,1,1,2,2,46,8,1995,2,8,-1,3,-1
2015471507015,4,9,0,18,0,0,1,0,0,0,2,1,2,1,40,7,1995,2,4,-1,1,-1
2015471507016,1,9,0,4,0,1,0,0,0,0,0,1,6,1,30,6,-1,-1,-1,-1,-1,-1
2015471507016,2,9,0,4,0,1,0,0,0,0,0,1,6,1,30,6,-1,-1,-1,-1,-1,-1
2015471507016,3,11,0,18,0,1,0,0,0,0,0,1,1,1,40,7,5132,2,-1,-1,1,-1
2015471507017,1,9,0,9,0,6,0,0,0,0,3,1,6,2,29,6,1248,1,2,-1,1,-1
2015471507017,2,9,0,18,0,8,0,0,0,0,1,1,6,1,17,4,998,1,2,-1,3,-1
2015471507018,1,9,0,18,0,0,5,0,7,11,1,1,6,2,74,10,1299,1,8,-1,1,-1
2015471507021,1,9,0,17,0,0,2,0,1,0,1,1,2,2,19,4,998,1,9,-1,2,-1
2015471507023,1,9,0,10,0,1,0,0,0,0,1,1,1,2,19,4,1086,1,9,-1,1,-1
2015471507023,2,3,0,18,0,8,0,0,0,0,1,1,2,2,38,7,124,1,10,-1,1,-1
2015471507025,1,9,0,18,0,1,1,0,0,0,1,2,1,1,25,5,1997,2,-1,-1,1,-1
2015471507025,2,9,0,3,0,1,0,0,0,0,2,1,3,2,32,6,1299,1,12,-1,1,-1
2015471507025,3,9,0,5,0,1,0,0,0,0,2,1,6,2,59,9,1339,1,12,-1,1,-1
2015471507026,1,9,0,18,0,0,0,0,0,0,1,1,6,1,50,8,1390,1,2,-1,2,-1
2015471507026,2,9,0,10,0,0,0,0,0,0,2,1,6,1,40,7,1968,2,-1,-1,2,-1
2015471507027,1,9,0,9,0,8,0,0,0,0,1,1,6,1,44,7,1242,1,14,-1,1,-1
2015471507027,2,9,0,18,0,8,0,0,0,0,1,1,6,1,39,7,-1,-1,-1,-1,1,-1
2015471507028,1,9,0,18,0,1,0,0,0,0,4,1,6,1,49,8,1461,2,14,-1,1,-1
2015471507028,2,9,0,18,0,1,1,0,2,7,1,1,6,2,42,7,1461,2,3,-1,1,-1
2015471507029,1,9,0,9,0,8,0,0,0,0,1,1,6,1,18,4,973,1,15,-1,1,-1
2015471507029,2,9,0,18,0,8,0,0,0,0,1,1,6,2,26,6,1796,2,1,-1,1,-1
2015471507030,1,9,0,18,0,0,1,0,7,11,1,1,6,1,31,6,1984,1,15,-1,1,-1
2015471507030,2,9,0,2,9,0,0,0,0,0,2,1,6,3,-1,-1,1798,1,12,-1,-1,-1
2015471507030,3,9,0,2,9,0,0,0,0,0,1,1,6,3,-1,-1,-1,-1,-1,-1,-1,-1
2015471507031,1,9,0,18,0,0,0,0,2,4,1,1,6,1,26,6,1800,1,16,-1,1,-1
2015471507034,1,9,0,9,0,2,0,0,0,0,3,1,6,1,76,11,2497,1,11,-1,1,-1
2015471507034,2,9,0,18,0,1,0,0,0,0,1,1,6,1,21,5,1587,1,16,-1,2,-1
2015471507034,3,9,0,7,0,1,0,0,0,0,0,1,6,3,-1,-1,-1,-1,-1,-1,-1,-1
2015471507035,1,9,0,9,0,8,0,0,0,0,4,1,6,1,39,7,1390,1,15,-1,-1,-1
2015471507035,2,8,0,18,0,8,0,0,0,0,1,1,1,1,35,6,1797,8,4,-1,1,-1
2015471507036,1,9,0,5,0,1,0,0,0,0,1,1,6,2,80,11,-1,-1,-1,-1,1,-1
2015471507036,2,9,0,18,0,1,0,0,0,0,3,1,6,2,-1,-1,-1,-1,-1,-1,1,-1
2015471507037,1,8,0,7,0,8,0,0,0,0,1,1,1,1,59,9,1560,2,7,-1,1,-1
2015471507039,1,9,0,5,0,6,0,0,0,0,1,1,6,1,52,8,1995,2,12,-1,1,-1
2015471507039,2,9,0,8,0,8,0,0,0,0,2,1,6,2,23,5,1329,1,-1,-1,1,-1
2015471507040,1,9,0,18,0,8,1,0,0,0,3,1,6,2,36,7,1598,1,17,-1,1,-1
2015471507040,2,9,0,9,0,8,0,10,0,0,1,1,6,2,51,8,1240,1,9,-1,1,-1
2015471507042,1,4,0,13,0,8,1,0,7,0,4,1,6,1,21,5,645,1,13,-1,1,-1
2015471507042,2,9,0,9,0,5,0,0,0,0,3,1,2,2,41,7,1896,2,8,-1,1,-1
2015471507043,1,9,0,18,0,0,1,0,1,4,3,1,6,1,25,5,2979,1,14,-1,1,-1
2015471507046,1,9,0,9,0,6,0,0,0,0,1,1,6,1,60,9,1988,1,15,-1,1,-1
2015471507046,2,9,0,18,0,8,0,0,0,0,4,1,6,1,56,9,2993,2,10,-1,3,-1
2015471507046,3,9,0,10,0,8,0,0,0,0,3,1,6,1,69,10,1753,2,9,-1,3,-1
2015471507047,1,9,0,9,0,6,0,0,0,0,3,1,6,1,46,8,2204,2,7,-1,1,-1
2015471507047,2,9,0,18,0,1,0,0,7,11,1,1,2,1,50,8,1299,1,13,-1,1,-1
2015471507047,3,9,0,18,0,1,0,0,0,0,1,1,2,2,34,6,1149,1,7,-1,1,-1
2015471507048,1,9,0,17,0,1,0,10,1,3,1,1,1,2,19,4,1360,1,9,-1,3,-1
2015471507048,2,9,0,16,0,8,0,0,0,0,0,1,6,3,-1,-1,-1,-1,-1,-1,-1,-1
2015471507049,1,9,0,18,0,2,0,0,0,0,1,1,6,1,26,6,-1,-1,-1,-1,1,-1
2015471507049,2,9,0,18,0,1,0,0,0,11,3,1,6,1,61,9,1395,1,2,-1,3,-1
2015471507051,1,9,0,9,0,8,0,0,0,0,3,1,6,1,39,7,2706,1,1,-1,3,-1
2015471507051,2,9,0,18,0,8,0,0,0,0,1,1,6,1,29,6,1596,1,10,-1,1,-1
2015471507052,1,19,0,16,0,0,2,0,8,4,1,1,6,1,38,7,2237,1,24,-1,3,-1
2015471507055,1,9,0,18,0,1,0,0,0,0,3,1,6,1,19,4,1598,1,16,-1,2,-1
2015471507055,2,9,0,18,0,2,1,0,1,1,2,1,6,1,21,5,1360,1,13,-1,2,-1
2015471507060,1,9,0,18,0,8,0,0,0,0,3,1,6,2,55,8,1200,1,2,-1,-1,-1
2015471507060,2,9,0,2,0,1,0,0,0,0,0,1,6,3,-1,-1,2720,2,8,-1,-1,-1
2015471507061,1,9,0,18,0,0,0,0,0,0,1,1,1,2,23,5,1398,1,-1,-1,1,-1
2015471507061,2,9,0,4,0,0,0,0,0,0,2,1,1,1,50,8,1794,1,11,-1,1,-1
2015471507061,3,9,0,4,0,0,0,0,0,0,2,1,6,2,46,8,996,1,2,-1,1,-1
2015471507065,1,9,0,1,0,8,0,0,0,0,2,1,6,1,46,8,1590,1,10,-1,1,-1
2015471507066,1,9,0,17,0,8,1,0,7,11,3,1,2,1,23,5,1599,1,11,-1,1,-1
2015471507067,1,9,0,18,0,0,0,0,0,0,1,1,6,1,35,6,-1,-1,-1,-1,1,-1
2015471507067,2,9,0,18,0,0,0,0,0,0,2,1,6,1,27,6,1229,1,3,-1,1,-1
2015471507068,1,19,0,2,0,0,0,0,0,0,4,1,6,1,37,7,-1,-1,-1,-1,2,-1
2015471507068,2,22,0,14,9,0,0,4,0,0,0,1,6,-1,-1,-1,-1,-1,-1,-1,-1,-1
2015471507069,1,9,0,9,0,5,0,0,0,0,4,1,6,2,34,6,1798,1,6,-1,1,-1
2015471507069,2,1,0,18,0,1,0,0,0,0,1,1,6,1,40,7,-1,-1,-1,-1,1,-1
2015471507070,1,9,0,7,0,6,0,0,0,0,1,1,6,2,24,5,1896,2,16,-1,1,-1
2015471507070,2,2,0,18,0,1,0,0,0,0,4,1,4,1,16,4,49,1,1,-1,1,-1
2015471507071,1,11,0,5,0,4,0,0,0,0,1,1,1,1,35,6,9360,2,2,-1,1,-1
2015471507071,2,1,0,9,0,3,0,0,0,0,4,1,6,1,33,6,-1,-1,-1,-1,1,-1
2015471507072,1,9,0,18,0,1,0,4,0,0,1,1,6,1,76,11,1390,1,14,-1,1,-1
2015471507072,2,9,0,2,0,1,0,0,0,0,1,1,6,3,-1,-1,2204,2,8,-1,-1,-1
2015471507073,1,9,0,16,0,8,1,10,7,4,1,1,2,2,28,6,1124,1,13,-1,1,-1
2015471507073,2,19,0,17,0,8,0,0,0,0,3,1,1,1,50,8,2198,2,1,-1,1,-1
2015471507076,1,5,0,13,0,2,1,0,0,0,1,1,6,1,49,8,999,1,26,-1,1,-1
2015471507076,2,9,0,7,0,6,0,0,0,0,2,1,6,1,32,6,2000,2,5,-1,1,-1
2015471507076,3,9,0,18,0,1,0,0,0,0,0,1,6,2,52,8,-1,-1,-1,-1,1,-1
2015471507078,1,3,0,18,0,1,1,10,0,0,0,1,6,1,17,4,125,1,5,-1,1,-1
2015471507078,2,9,0,4,0,1,0,0,0,0,0,1,6,1,71,10,1587,1,9,-1,1,-1
2015471507079,1,9,0,18,0,0,0,0,1,4,1,1,6,1,87,11,1339,1,10,-1,1,-1
2015471507080,1,9,0,13,0,8,0,0,0,0,3,1,6,1,45,7,2967,2,10,-1,2,-1
2015471507080,2,9,0,18,0,8,0,0,0,0,4,1,6,1,32,6,1968,2,4,-1,3,-1
2015471507084,1,11,0,18,0,0,0,0,0,0,0,1,6,1,48,8,9000,2,11,-1,1,-1
2015471507085,1,11,0,18,0,0,0,0,0,4,4,1,1,1,57,9,9600,2,20,-1,1,-1
2015471507086,1,2,0,7,0,3,1,10,0,0,3,1,6,1,21,5,49,1,12,-1,1,-1
2015471507087,1,9,0,4,0,0,0,0,0,0,1,1,6,1,22,5,1461,2,-1,-1,1,-1
2015471507087,2,9,0,3,0,0,0,0,0,0,2,1,6,1,55,8,1956,2,-1,-1,1,-1
2015471507089,1,8,0,9,0,5,0,0,0,0,3,1,1,1,34,6,1995,2,4,-1,1,-1
2015471507089,2,1,0,10,0,1,0,0,0,0,1,1,6,2,24,5,-1,-1,-1,-1,1,-1
2015471507090,1,9,0,18,0,0,0,0,7,6,1,1,6,2,23,5,1299,1,11,-1,1,-1
2015471507091,1,9,0,9,0,6,0,0,0,0,1,1,6,1,32,6,1242,1,3,-1,1,-1
2015471507094,1,9,0,18,0,0,0,0,0,0,3,1,6,1,45,7,1240,1,11,-1,1,-1
2015471507094,2,9,0,18,0,0,0,0,0,0,4,1,6,1,59,9,1108,1,6,-1,2,-1
2015471507100,1,9,0,9,0,6,0,0,0,0,3,1,6,1,43,7,1598,1,3,-1,1,-1
2015471507100,2,5,0,18,0,1,0,0,0,0,1,1,6,1,21,5,782,1,3,-1,1,-1
2015471507105,1,9,0,9,0,1,0,0,0,0,4,1,6,2,60,9,2143,2,6,-1,1,-1
2015471507106,1,9,0,18,0,0,0,0,0,0,1,1,6,3,-1,-1,-1,-1,-1,-1,-1,-1
2015471507107,1,3,0,13,0,2,0,7,0,0,2,1,2,1,48,8,124,1,4,-1,1,-1
2015471507108,1,1,0,18,0,8,0,0,0,0,1,1,6,1,21,5,-1,-1,-1,-1,1,-1
2015471507108,2,9,0,18,0,8,0,0,0,0,1,1,6,2,62,9,1124,1,12,-1,1,-1
2015471507109,1,9,0,18,0,0,0,0,0,0,1,1,6,2,25,5,1796,1,9,-1,1,-1
2015471507109,2,5,0,4,0,0,0,0,0,0,2,1,6,1,56,9,1202,1,2,-1,3,-1
2015471507115,1,9,0,18,0,8,0,0,0,0,4,1,6,2,30,6,1995,2,4,-1,-1,-1
2015471507115,2,1,0,18,4,8,0,0,0,0,1,1,6,1,41,7,-1,-1,-1,-1,1,-1
2015471507117,1,9,0,18,0,8,0,0,0,0,1,1,1,1,27,6,1686,2,2,-1,1,-1
2015471507117,2,9,0,18,0,8,0,0,0,0,4,1,6,2,32,6,1587,1,10,-1,1,-1
2015471507118,1,9,0,18,0,1,0,0,0,0,1,1,6,1,53,8,1995,2,2,-1,1,-1
2015471507118,2,9,0,4,0,1,0,0,0,0,2,1,6,2,51,8,1197,1,3,-1,-1,-1
2015471507119,1,9,0,10,0,6,0,0,1,0,3,1,6,2,40,7,998,1,1,-1,2,-1
2015471507119,2,9,0,18,0,8,0,0,0,0,1,1,6,1,40,7,1968,2,4,-1,2,-1
2015471507119,3,9,0,18,0,8,0,0,0,0,1,1,6,1,50,8,1753,2,7,-1,1,-1
2015471507120,1,9,0,9,0,8,0,0,0,0,0,1,6,2,23,5,1299,1,10,-1,1,-1
2015471507120,2,4,0,18,0,1,0,7,0,0,1,1,2,1,31,6,498,1,9,-1,1,-1
2015471507120,3,9,0,2,0,1,0,0,0,0,2,1,6,3,-1,-1,1242,1,3,-1,-1,-1
2015471507123,1,9,0,18,0,0,0,0,0,0,1,1,6,1,56,9,1389,1,10,-1,1,-1
2015471507125,1,9,0,9,0,8,0,0,0,0,4,1,6,3,40,7,1461,2,-1,-1,-1,-1
2015471507125,2,9,0,18,0,8,0,0,0,0,3,1,6,2,46,8,1242,1,5,-1,2,-1
2015471507132,1,8,0,5,0,1,0,0,0,0,1,1,1,1,58,9,2143,2,-1,-1,1,-1
2015471507132,2,19,0,2,0,1,0,0,0,0,2,1,6,1,58,9,-1,-1,-1,-1,1,-1
2015471507133,1,9,0,18,0,1,0,0,0,0,4,1,6,3,30,6,-1,-1,-1,-1,-1,-1
2015471507133,2,9,0,18,0,1,0,0,0,0,4,1,6,1,47,8,898,1,-1,-1,1,-1
2015471507135,1,19,0,1,0,2,0,0,0,0,2,1,6,3,30,6,-1,-1,-1,-1,-1,-1
2015471507135,2,9,0,3,0,1,0,0,0,0,1,1,6,2,19,4,1108,1,13,-1,1,-1
2015471507139,1,9,0,7,0,2,0,0,0,0,3,1,6,1,45,7,1560,2,6,-1,3,-1
2015471507139,2,9,0,18,0,1,0,0,0,0,4,1,6,1,70,10,1590,1,2,-1,2,-1
2015471507142,1,9,0,1,0,0,0,0,0,0,2,1,6,2,45,7,1587,1,9,-1,1,-1
2015471507143,1,9,0,18,0,2,0,0,0,10,1,1,3,2,37,7,1870,2,7,-1,1,-1
2015471507143,2,9,0,2,0,2,0,0,0,0,2,1,6,1,58,9,-1,-1,-1,-1,1,-1
2015471507145,1,9,0,18,0,1,0,0,0,0,4,1,6,2,29,6,1598,1,12,-1,1,-1
2015471507146,1,9,0,4,0,0,0,0,0,0,0,1,6,3,-1,-1,-1,-1,-1,-1,-1,-1
2015471507148,1,9,0,18,0,8,5,0,0,0,1,1,6,2,26,6,1229,1,3,-1,1,-1
2015471507148,2,9,0,2,0,8,0,0,0,0,1,1,6,3,-1,-1,1598,1,9,-1,-1,-1
2015471507149,1,9,0,11,0,0,1,0,2,6,1,1,1,2,22,5,1229,1,4,-1,1,-1
2015471507152,1,9,0,14,0,1,0,0,0,0,1,1,6,1,30,6,-1,-1,-1,-1,-1,-1
2015471507152,2,9,0,9,0,1,0,0,0,0,2,1,6,2,38,7,2179,2,3,-1,-1,-1
2015471507153,1,9,0,9,0,2,0,0,0,0,3,1,6,2,75,10,998,1,-1,-1,-1,-1
2015471507155,1,9,0,18,0,0,0,0,0,0,2,1,2,1,23,5,1398,1,9,-1,1,-1
2015471507155,2,19,0,18,0,0,0,0,0,0,0,1,1,1,55,8,2143,2,1,-1,3,-1
2015471507157,1,19,0,18,0,0,0,0,0,0,1,1,6,1,55,8,2143,2,2,-1,1,-1
2015471507157,2,9,0,18,0,0,0,0,0,0,2,1,6,1,49,8,2179,2,3,-1,1,-1