Accident_Index,Vehicle_Reference,Vehicle_Type,Towing_and_Articulation,Vehicle_Manoeuvre,Vehicle_Location-Restricted_Lane,Junction_Location,Skidding_and_Overturning,Hit_Object_in_Carriageway,Vehicle_Leaving_Carriageway,Hit_Object_off_Carriageway,1st_Point_of_Impact,Was_Vehicle_Left_Hand_Drive?,Journey_Purpose_of_Driver,Sex_of_Driver,Age_of_Driver,Age_Band_of_Driver,Engine_Capacity_(CC),Propulsion_Code,Age_of_Vehicle,Driver_IMD_Decile,Driver_Home_Area_Type,Vehicle_IMD_Decile
2015471507157,3,9,0,18,0,0,0,0,0,0,2,1,6,1,41,7,1596,1,7,-1,1,-1
2015471507159,1,11,0,7,0,1,0,0,0,0,0,1,1,2,44,7,9000,2,7,-1,1,-1
2015471507160,1,8,0,7,0,1,0,0,0,0,0,1,1,1,40,7,1560,2,4,-1,1,-1
2015471507161,1,9,0,18,0,4,0,0,0,0,1,1,6,2,41,7,999,1,3,-1,1,-1
2015471507161,2,9,0,9,0,3,0,0,0,0,1,1,1,2,39,7,1998,1,14,-1,1,-1
2015471507163,1,9,0,7,0,8,0,0,0,0,1,1,6,1,30,6,1598,1,13,-1,1,-1
2015471507163,2,5,0,18,0,8,0,0,0,0,1,1,6,1,23,5,675,1,1,-1,1,-1
2015471507165,1,9,0,18,0,0,1,0,1,0,1,1,6,1,29,6,1988,1,15,-1,-1,-1
2015471507165,2,9,0,18,0,0,0,0,0,0,0,1,1,1,43,7,2993,2,2,-1,1,-1
2015471507166,1,3,0,10,0,1,0,0,0,0,3,1,6,1,27,6,125,1,1,-1,1,-1
2015471507166,2,9,0,18,0,1,0,0,0,0,1,1,6,1,78,11,2473,1,20,-1,3,-1
2015471507167,1,9,0,13,0,3,2,0,0,0,1,1,1,1,32,6,1598,1,14,-1,1,-1
2015471507167,2,9,0,9,0,3,0,0,0,0,1,1,1,1,34,6,1248,2,3,-1,1,-1
2015471507168,1,9,0,18,0,4,0,0,0,0,1,1,6,1,64,9,1896,2,14,-1,3,-1
2015471507168,2,9,0,18,0,3,0,0,0,0,4,1,6,1,33,6,2184,2,10,-1,1,-1
2015471507169,1,9,0,5,0,1,0,0,0,0,3,1,2,2,49,8,1591,1,2,-1,1,-1
2015471507169,2,9,0,18,0,1,0,0,0,0,1,1,2,2,22,5,1242,1,11,-1,1,-1
2015471507170,1,9,0,18,0,2,0,0,0,0,1,1,6,1,68,10,998,1,3,-1,1,-1
2015471507171,1,9,0,18,0,2,0,0,0,0,1,1,3,1,46,8,1997,2,10,-1,1,-1
2015471507171,2,9,0,3,0,2,0,0,0,0,2,1,2,2,44,7,1596,1,15,-1,1,-1
2015471507171,3,9,0,3,0,2,0,0,0,0,2,1,3,2,43,7,1395,1,-1,-1,1,-1
2015471507171,4,9,0,2,0,2,0,0,0,0,0,1,6,1,62,9,3996,1,17,-1,1,-1
2015471507172,1,11,0,4,0,0,0,0,0,0,0,1,1,1,40,7,9000,2,6,-1,1,-1
2015471507177,1,9,0,18,0,1,0,0,0,0,1,1,2,1,31,6,2495,2,13,-1,1,-1
2015471507181,1,9,0,18,0,0,0,0,1,11,3,1,6,1,69,10,-1,-1,-1,-1,3,-1
2015471507183,1,9,0,9,0,8,0,0,0,0,1,1,2,2,49,8,1392,1,18,-1,1,-1
2015471507183,2,3,0,18,0,8,0,0,0,0,1,1,2,1,63,9,124,1,10,-1,1,-1
2015471507184,1,9,0,5,9,1,0,0,0,11,1,1,6,1,90,11,898,1,-1,-1,1,-1
2015471507185,1,9,0,15,0,8,0,0,0,0,1,1,6,1,25,5,1994,2,8,-1,1,-1
2015471507185,2,9,0,3,0,8,0,0,0,0,2,1,6,2,54,8,998,1,7,-1,1,-1
2015471507185,3,9,0,3,0,8,0,0,0,0,2,1,6,2,45,7,2143,2,-1,-1,1,-1
2015471507185,4,9,0,10,0,1,0,0,0,0,0,1,6,1,-1,-1,-1,-1,-1,-1,-1,-1
2015471507186,1,9,0,18,0,0,0,0,0,0,4,1,6,1,28,6,1598,1,15,-1,1,-1
2015471507187,1,9,0,18,0,2,0,0,7,11,1,1,6,1,23,5,1329,1,-1,-1,1,-1
2015471507187,2,9,0,2,0,2,0,0,1,0,2,1,6,3,-1,-1,1598,1,9,-1,-1,-1
2015471507188,1,21,0,18,0,0,0,0,0,0,4,1,6,1,40,7,-1,-1,-1,-1,-1,-1
2015471507189,1,9,0,17,0,0,1,0,7,0,1,1,6,2,21,5,998,1,18,-1,-1,-1
2015471507191,1,9,0,16,0,1,5,0,7,9,1,1,6,2,18,4,998,1,9,-1,1,-1
2015471507192,1,9,0,18,0,0,0,0,0,0,1,1,6,1,64,9,2191,2,1,-1,1,-1
2015471507192,2,9,0,18,0,0,0,0,0,0,3,1,6,1,31,6,1595,1,1,-1,1,-1
2015471507192,3,9,0,18,0,0,0,0,0,0,1,1,6,2,27,6,1390,1,11,-1,2,-1
2015471507193,1,19,0,7,0,1,0,0,1,0,4,1,6,1,50,8,-1,-1,-1,-1,-1,-1
2015471507193,2,1,0,18,0,1,0,0,0,0,1,1,6,1,22,5,-1,-1,-1,-1,1,-1
2015471507196,1,9,0,18,0,0,0,0,7,3,1,1,3,1,42,7,-1,-1,-1,-1,3,-1
2015471507198,1,9,0,18,0,0,0,0,0,0,1,1,6,2,30,6,-1,-1,-1,-1,2,-1
2015471507198,2,19,0,3,0,0,0,0,0,0,2,1,1,1,55,8,2143,2,1,-1,1,-1
2015471507199,1,5,0,5,0,2,0,0,0,0,1,1,6,1,53,8,1550,1,12,-1,1,-1
2015471507201,1,9,0,9,0,8,0,0,0,0,1,1,6,1,60,9,1598,1,10,-1,1,-1
2015471507203,1,9,0,9,0,6,0,0,0,0,0,1,6,3,-1,-1,-1,-1,-1,-1,-1,-1
2015471507203,2,5,0,18,0,1,1,0,0,0,0,1,2,1,28,6,599,1,15,-1,1,-1
2015471507204,1,19,0,9,0,8,0,0,0,0,1,1,6,1,35,6,2198,2,2,-1,2,-1
2015471507204,2,9,0,18,0,8,0,0,0,0,1,1,6,1,22,5,2494,2,28,-1,1,-1
2015471507205,1,19,0,7,4,5,0,0,0,0,4,1,6,1,23,5,1560,2,-1,-1,-1,-1
2015471507205,2,1,0,18,4,8,0,0,0,0,1,1,6,1,27,6,-1,-1,-1,-1,3,-1
2015471507206,1,9,0,18,0,1,0,0,0,0,4,1,6,2,41,7,1997,2,14,-1,1,-1
2015471507209,1,9,0,16,0,0,1,0,0,11,1,1,6,2,22,5,1149,1,15,-1,1,-1
2015471507210,1,9,0,18,0,8,0,0,0,0,1,1,6,1,25,5,1461,2,8,-1,1,-1
2015471507210,2,5,0,17,0,8,0,0,0,0,1,1,6,1,36,7,599,1,13,-1,2,-1
2015471507211,1,9,0,16,0,0,1,0,7,4,1,1,1,1,37,7,1396,2,2,-1,1,-1
2015471507215,1,9,0,18,0,1,0,0,0,0,1,1,6,1,29,6,1461,2,1,-1,1,-1
2015471507215,2,9,0,18,0,1,0,0,0,0,2,1,6,1,24,5,1685,2,1,-1,1,-1
2015471507216,1,9,0,18,0,0,0,0,0,0,4,1,6,2,61,9,1560,2,5,-1,3,-1
2015471507216,2,9,0,18,0,0,0,0,0,0,0,1,6,3,-1,-1,-1,-1,-1,-1,-1,-1
2015471507220,1,9,0,9,0,5,0,0,0,0,4,1,6,3,-1,-1,1753,2,7,-1,-1,-1
2015471507220,2,1,0,18,0,8,0,0,0,0,1,1,6,1,61,9,-1,-1,-1,-1,1,-1
2015471507222,1,9,0,18,0,6,0,0,1,0,1,1,6,1,45,7,1560,2,1,-1,1,-1
2015471507222,2,9,0,18,0,8,0,0,1,0,3,1,6,2,54,8,1598,1,12,-1,1,-1
2015471507223,1,5,0,17,0,8,0,0,1,0,1,1,6,1,22,5,636,1,11,-1,1,-1
2015471507224,1,9,0,16,0,0,5,10,1,0,1,1,6,1,18,4,1149,1,5,-1,3,-1
2015471507225,1,9,0,16,0,0,0,0,0,0,0,1,6,3,-1,-1,-1,-1,-1,-1,-1,-1
2015471507225,2,19,0,17,0,0,5,0,7,0,3,1,6,1,49,8,1870,2,10,-1,3,-1
2015471507226,1,8,0,18,0,0,0,0,2,7,1,1,2,2,19,4,1198,1,8,-1,1,-1
2015471507226,2,19,0,18,0,0,0,0,0,0,0,1,6,1,-1,-1,-1,-1,-1,-1,-1,-1
2015471507229,1,9,0,18,0,4,0,0,0,0,1,1,6,1,35,6,1769,1,14,-1,1,-1
2015471507229,2,9,0,3,0,4,0,0,0,0,2,1,6,1,39,7,1598,1,14,-1,3,-1
2015471507229,3,9,0,9,0,1,0,0,0,0,0,1,6,1,25,5,1997,2,2,-1,-1,-1
2015471507232,1,9,0,7,0,6,0,0,0,0,3,1,6,2,63,9,1390,1,15,-1,3,-1
2015471507232,2,9,0,18,0,8,0,0,0,0,1,1,6,1,52,8,1242,1,2,-1,2,-1
2015471507232,3,20,0,2,0,1,0,0,0,0,0,1,6,3,-1,-1,-1,-1,-1,-1,-1,-1
2015471507237,1,19,0,4,0,1,0,0,0,0,2,1,6,3,40,7,-1,-1,-1,-1,-1,-1
2015471507237,2,9,0,3,0,1,0,0,0,0,0,1,6,2,50,8,999,1,1,-1,1,-1
2015471507238,1,9,0,13,0,0,0,0,7,0,1,1,6,1,87,11,1598,1,15,-1,1,-1
2015471507238,2,9,0,9,0,0,0,0,0,0,3,1,6,1,63,9,1198,1,6,-1,3,-1
2015471507238,3,9,0,2,0,0,0,0,0,0,3,1,6,1,73,10,-1,-1,-1,-1,1,-1
2015471507241,1,9,0,18,0,2,0,0,0,0,1,1,6,3,40,7,-1,-1,-1,-1,-1,-1
2015471507241,2,1,0,18,0,8,0,0,0,0,4,1,2,1,38,7,-1,-1,-1,-1,1,-1
2015471507242,1,9,0,9,0,6,0,0,0,0,1,1,6,1,85,11,1242,1,-1,-1,1,-1
2015471507242,2,9,0,18,0,8,0,0,0,0,4,1,6,2,19,4,1390,1,1,-1,1,-1
2015471507244,1,9,0,9,0,6,0,0,0,0,1,1,6,1,81,11,1997,2,13,-1,3,-1
2015471507244,2,9,0,18,0,8,0,0,0,0,3,1,2,1,34,6,2179,2,3,-1,1,-1
2015471507244,3,9,0,18,0,1,0,0,0,0,1,1,6,2,57,9,1596,1,12,-1,3,-1
2015471507245,1,9,0,4,0,0,0,0,0,0,1,1,6,3,-1,-1,-1,-1,-1,-1,-1,-1
2015471507245,2,9,0,3,0,0,0,0,0,0,2,1,1,2,42,7,1783,1,12,-1,1,-1
2015471507248,1,9,0,9,0,6,0,0,0,0,1,1,6,1,40,7,1496,1,-1,-1,1,-1
2015471507248,2,1,0,18,0,1,0,0,0,0,4,1,2,1,58,9,-1,-1,-1,-1,1,-1
2015471507249,1,20,0,4,0,1,0,0,0,0,4,1,1,1,25,5,-1,-1,-1,-1,1,-1
2015471507249,2,19,0,8,0,1,0,0,0,0,2,1,1,1,41,7,1399,2,3,-1,1,-1
2015471507250,1,9,0,1,0,1,0,0,0,0,2,1,6,2,37,7,1197,1,5,-1,1,-1
2015471507251,1,9,0,18,0,8,0,0,0,0,1,1,6,1,35,6,998,1,10,-1,1,-1
2015471507251,2,1,0,18,4,8,0,0,0,0,3,1,6,2,26,6,-1,-1,-1,-1,1,-1
2015471507257,1,9,0,4,0,0,0,0,0,0,1,1,6,3,-1,-1,1598,1,10,-1,-1,-1
2015471507259,1,5,0,18,0,0,0,0,0,0,0,1,6,1,66,10,1261,1,9,-1,2,-1
2015471507261,1,9,0,5,0,0,0,0,0,0,3,1,6,1,41,7,1998,1,5,-1,1,-1
2015471507261,2,1,0,18,0,0,0,0,0,0,4,1,6,1,37,7,-1,-1,-1,-1,1,-1
2015471507262,1,9,0,9,0,4,0,0,0,0,1,1,6,1,33,6,1970,1,13,-1,1,-1
2015471507262,2,9,0,16,0,3,0,0,0,0,1,1,6,1,55,8,1685,2,2,-1,1,-1
2015471507264,1,19,0,1,0,0,0,0,0,0,2,1,1,1,25,5,1968,2,-1,-1,1,-1
2015471507264,2,9,0,18,0,0,0,0,0,0,1,1,6,2,48,8,1588,1,13,-1,1,-1
2015471507266,1,5,0,9,0,5,0,0,0,0,4,1,6,1,22,5,781,1,16,-1,1,-1
2015471507266,2,9,0,15,0,8,0,0,0,0,1,1,2,1,50,8,1753,2,13,-1,1,-1
2015471507267,1,9,0,17,0,0,1,0,2,4,3,1,2,1,19,4,1796,1,5,-1,1,-1
2015471507268,1,9,0,17,0,8,1,0,0,0,1,1,6,1,23,5,1560,2,9,-1,1,-1
2015471507268,2,9,0,10,0,8,0,0,0,0,1,1,6,2,32,6,1560,2,9,-1,1,-1
2015471507269,1,9,0,9,0,8,0,0,0,0,1,1,6,1,35,6,1896,2,14,-1,1,-1
2015471507269,2,9,0,18,0,1,0,0,1,0,1,1,6,2,31,6,1753,2,12,-1,1,-1
2015471507271,1,9,0,18,0,0,0,0,0,0,1,1,6,3,-1,-1,-1,-1,-1,-1,-1,-1
2015471507271,2,9,0,18,0,0,0,0,0,0,2,1,6,3,-1,-1,-1,-1,-1,-1,-1,-1
2015471507271,3,9,0,18,0,0,0,0,0,0,1,1,6,1,38,7,1969,2,-1,-1,1,-1
2015471507271,4,9,0,18,0,0,0,0,0,0,1,1,6,2,38,7,1998,1,-1,-1,1,-1
2015471507271,5,9,0,18,0,0,1,0,0,0,1,1,6,1,28,6,1198,1,12,-1,1,-1
2015471507272,1,9,0,2,0,0,0,0,0,6,2,1,6,1,36,7,1686,2,14,-1,-1,-1
2015471507272,2,9,0,18,0,0,1,4,0,0,1,1,2,1,53,8,1798,1,37,-1,3,-1
2015471507272,3,20,0,18,0,0,0,0,0,0,0,1,6,3,50,8,-1,-1,-1,-1,-1,-1
2015471507275,1,9,0,18,0,2,0,0,0,0,3,1,6,1,30,6,1229,1,10,-1,1,-1
2015471507275,2,9,0,18,0,1,0,0,0,0,1,1,6,1,29,6,1796,1,13,-1,1,-1
2015471507277,1,9,0,18,0,0,5,0,1,4,1,1,6,1,34,6,2616,1,11,-1,1,-1
2015471507278,1,9,0,16,0,0,0,7,7,11,1,1,2,1,54,8,1598,1,15,-1,1,-1
2015471507279,1,9,0,18,0,1,0,0,0,0,1,1,6,1,24,5,1995,2,-1,-1,1,-1
2015471507279,2,9,0,4,0,1,0,0,0,0,2,1,6,1,22,5,998,1,7,-1,2,-1
2015471507279,3,9,0,4,0,1,0,0,0,0,2,1,1,1,36,7,-1,-1,-1,-1,1,-1
2015471507282,1,9,0,18,0,1,0,4,0,0,1,1,6,1,85,11,1242,1,15,-1,1,-1
2015471507282,2,9,0,2,0,1,0,0,0,0,1,1,6,3,-1,-1,2231,2,6,-1,-1,-1
2015471507285,1,9,0,9,0,8,0,0,0,0,4,1,6,2,32,6,1995,2,10,-1,1,-1
2015471507285,2,19,0,17,0,8,0,0,0,0,4,1,6,1,54,8,1995,2,8,-1,1,-1
2015471507291,1,9,0,18,0,0,0,0,0,0,1,1,6,1,82,11,1398,1,2,-1,2,-1
2015471507291,2,9,0,4,0,0,0,0,0,0,2,1,6,2,26,6,1956,2,1,-1,1,-1
2015471507292,1,9,0,18,0,0,0,0,7,7,1,1,2,1,54,8,1896,2,10,-1,1,-1
2015471507292,2,9,0,18,0,0,0,0,1,0,1,1,2,1,62,9,1596,1,9,-1,1,-1
2015471507293,1,10,0,7,0,6,0,0,0,0,1,1,2,1,45,7,-1,-1,-1,-1,-1,-1
2015471507293,2,9,0,18,0,8,0,0,0,0,4,1,6,2,34,6,1794,1,14,-1,1,-1
2015471507295,1,9,0,18,0,2,0,0,2,4,1,1,6,1,24,5,2179,2,8,-1,2,-1
2015471507295,2,9,0,18,0,1,0,0,0,0,1,1,6,2,48,8,1997,2,13,-1,2,-1
2015471507299,1,9,0,18,0,0,0,0,0,0,1,1,6,2,22,5,998,1,10,-1,1,-1
2015471507299,2,9,0,18,0,0,0,0,0,0,2,1,6,1,51,8,2496,1,11,-1,1,-1
2015471507303,1,9,0,17,0,0,2,0,7,11,4,1,6,1,22,5,1994,1,15,-1,2,-1
2015471507303,2,9,0,18,0,0,0,0,0,0,1,1,6,2,43,7,1997,2,6,-1,3,-1
2015471507305,1,9,0,3,0,4,0,0,0,0,1,1,1,1,28,6,-1,-1,-1,-1,1,-1
2015471507305,2,9,0,3,0,4,0,0,0,0,2,1,6,2,45,7,1396,2,-1,-1,1,-1
2015471507307,1,9,0,9,0,6,0,0,0,0,1,1,2,2,41,7,1599,1,10,-1,1,-1
2015471507307,2,9,0,18,0,1,2,0,7,0,1,1,2,1,39,7,-1,-1,-1,-1,2,-1
2015471507308,1,9,0,17,6,2,0,0,0,0,4,1,6,2,54,8,1461,2,6,-1,1,-1
2015471507308,2,9,0,2,8,2,0,0,0,0,3,1,6,3,-1,-1,2393,1,13,-1,-1,-1
2015471507309,1,19,0,18,0,0,0,0,0,0,1,1,1,1,51,8,2402,2,4,-1,1,-1
2015471507309,2,1,0,18,0,0,0,0,0,0,3,1,6,1,22,5,-1,-1,-1,-1,1,-1
2015471507311,1,9,0,18,0,1,0,0,0,0,1,1,6,2,64,9,1348,1,14,-1,3,-1
2015471507311,2,9,0,2,0,1,0,0,0,0,2,1,6,3,-1,-1,1240,1,9,-1,-1,-1
2015471507311,3,9,0,2,0,1,0,0,0,0,2,1,6,3,-1,-1,1560,2,5,-1,-1,-1
2015471507316,1,9,0,12,0,0,0,10,1,1,1,1,6,1,80,11,1997,2,11,-1,1,-1
2015471507317,1,1,0,18,0,0,0,0,0,0,1,1,6,1,59,9,-1,-1,-1,-1,1,-1
2015471507317,2,21,1,2,0,0,0,0,0,0,2,1,6,1,59,9,12777,2,7,-1,2,-1
2015471507318,1,9,0,18,0,0,1,0,7,4,1,1,6,1,47,8,3436,1,4,-1,1,-1
2015471507320,1,9,0,15,0,2,0,0,0,0,1,1,2,2,39,7,1242,1,5,-1,1,-1
2015471507320,2,11,0,3,0,1,0,0,0,0,0,1,1,1,30,6,-1,-1,-1,-1,-1,-1
2015471507320,3,11,0,3,0,1,0,0,0,0,0,1,1,1,30,6,-1,-1,-1,-1,-1,-1
2015471507321,1,9,0,17,0,0,5,0,1,4,1,1,6,1,30,6,1390,1,7,-1,1,-1
2015471507321,2,9,0,17,0,0,0,0,0,0,0,1,1,1,33,6,2993,2,3,-1,1,-1
2015471507324,1,19,0,9,0,1,0,0,0,0,1,1,1,1,42,7,1968,2,-1,-1,-1,-1
2015471507324,2,3,0,18,0,2,0,0,0,0,1,1,6,1,18,4,124,1,2,-1,1,-1
2015471507325,1,9,0,1,0,0,0,0,0,0,2,1,6,1,64,9,1339,1,3,-1,1,-1
2015471507326,1,9,0,7,0,2,0,0,0,0,1,1,1,1,49,8,1560,2,-1,-1,1,-1
2015471507326,2,1,0,7,0,2,0,0,0,0,3,1,6,2,50,8,-1,-1,-1,-1,1,-1
2015471507331,1,5,0,4,0,1,1,0,0,0,1,1,6,1,53,8,805,1,12,-1,1,-1
2015471507331,2,9,0,4,0,1,0,0,0,0,2,1,6,2,28,6,1598,1,9,-1,1,-1
2015471507332,1,9,0,18,0,1,0,0,0,0,1,1,6,1,38,7,-1,-1,-1,-1,1,-1
2015471507332,2,9,0,10,0,1,0,0,0,0,2,1,6,2,60,9,2204,2,8,-1,3,-1
2015471507338,1,10,0,18,0,0,1,0,0,0,1,2,1,1,46,8,-1,-1,-1,-1,-1,-1
2015471507338,2,9,0,18,0,0,0,0,0,0,1,1,1,1,61,9,-1,-1,-1,-1,1,-1
2015471507342,1,9,0,18,0,4,0,0,0,0,1,1,6,3,-1,-1,-1,-1,-1,-1,-1,-1
2015471507342,2,4,0,18,0,4,0,0,0,0,2,1,2,1,32,6,645,1,3,-1,1,-1
2015471507343,1,9,0,5,0,3,0,0,0,0,1,1,6,3,-1,-1,-1,-1,-1,-1,-1,-1
2015471507344,1,9,0,18,0,0,1,0,0,0,1,1,6,1,26,6,1388,1,18,-1,1,-1
2015471507344,2,9,0,4,0,0,0,0,0,0,2,1,6,1,47,8,1995,2,5,-1,1,-1
2015471507344,3,9,0,18,0,0,0,0,0,0,1,1,6,2,25,5,1598,1,10,-1,1,-1
2015471507344,4,9,0,18,0,0,0,0,0,0,1,1,6,2,19,4,1242,1,8,-1,1,-1
2015471507347,1,9,0,18,0,0,2,0,7,4,1,1,6,1,44,7,1951,2,10,-1,3,-1
2015471507348,1,9,0,9,0,8,0,0,0,0,4,1,6,1,23,5,1984,1,17,-1,1,-1
2015471507348,2,9,0,18,0,1,0,0,0,0,3,1,6,2,54,8,998,1,6,-1,1,-1
2015471507350,1,9,0,18,0,1,0,0,0,0,3,1,6,2,55,8,1396,1,14,-1,1,-1
2015471507350,2,9,0,10,0,2,0,0,0,0,3,1,6,1,27,6,2497,1,13,-1,1,-1
2015471507353,1,19,0,18,0,0,0,0,1,11,1,1,1,1,30,6,2287,2,-1,-1,1,-1
2015471507354,1,9,0,18,0,0,1,0,7,4,3,1,6,1,54,8,1598,1,7,-1,1,-1
2015471507354,2,9,0,18,0,0,0,0,0,0,3,1,1,1,80,11,2993,2,5,-1,1,-1
2015471507354,3,19,0,18,0,0,0,0,1,11,3,1,1,1,56,9,-1,-1,-1,-1,3,-1
2015471507355,1,9,0,18,0,0,1,0,7,0,1,1,6,1,33,6,2198,1,10,-1,1,-1
2015471507355,2,9,0,4,0,0,0,0,0,0,2,1,1,1,41,7,1461,2,2,-1,1,-1
2015471507355,3,9,0,4,0,0,0,0,0,0,2,1,1,1,42,7,2993,2,2,-1,1,-1
2015471507357,1,21,0,18,0,0,0,0,0,0,3,1,6,1,40,7,11705,2,13,-1,2,-1
2015471507357,2,21,0,18,0,0,0,0,0,0,3,1,1,1,54,8,12777,2,8,-1,2,-1
2015471507359,1,9,0,9,0,8,0,0,0,0,1,1,6,2,44,7,1598,1,13,-1,1,-1
2015471507359,2,3,0,18,0,8,0,0,0,0,3,1,4,1,17,4,125,1,1,-1,1,-1
2015471507360,1,9,0,5,0,1,0,0,0,0,2,1,6,2,60,9,1997,1,14,-1,1,-1
2015471507361,1,1,0,18,0,3,0,0,0,0,0,1,6,1,45,7,-1,-1,-1,-1,-1,-1
2015471507361,2,9,0,9,0,4,0,0,0,0,0,1,1,1,41,7,1499,2,-1,-1,1,-1
2015471507363,1,9,0,18,0,0,1,0,0,0,1,1,6,2,24,5,1197,1,1,-1,1,-1
2015471507363,2,9,0,4,0,0,0,0,0,6,2,1,6,1,61,9,2793,1,14,-1,1,-1
2015471507363,3,9,0,4,0,0,0,0,0,0,2,1,6,1,29,6,2995,1,-1,-1,1,-1
2015471507363,4,9,0,4,0,0,1,0,0,0,2,1,6,2,59,9,1198,1,1,-1,1,-1
2015471507363,5,9,0,18,0,0,0,0,0,0,1,1,6,1,54,8,1999,1,-1,-1,1,-1
2015471507364,1,9,0,6,0,8,0,0,7,0,3,1,6,2,72,10,1339,1,2,-1,1,-1
2015471507364,2,9,0,18,0,8,0,0,0,0,1,1,6,2,24,5,1796,1,16,-1,1,-1
2015471507365,1,9,0,4,0,1,0,0,0,0,1,1,6,1,26,6,1397,1,12,-1,1,-1
2015471507365,2,9,0,4,0,1,0,0,0,0,2,1,6,2,23,5,999,1,1,-1,1,-1
2015471507366,1,9,0,16,0,8,0,0,0,0,1,1,6,2,25,5,1796,1,13,-1,3,-1
2015471507366,2,9,0,17,0,8,0,0,0,0,1,1,6,2,27,6,1248,2,8,-1,1,-1
2015471507369,1,9,0,13,0,0,0,0,1,0,3,1,6,2,54,8,1870,2,13,-1,3,-1
2015471507369,2,9,0,18,0,0,0,0,7,10,3,1,6,1,62,9,2902,2,12,-1,3,-1
2015471507369,3,9,0,18,0,0,0,0,0,0,0,1,6,1,39,7,1984,1,12,-1,2,-1
2015471507370,1,9,0,1,0,0,0,0,0,0,2,1,6,1,25,5,2204,2,9,-1,3,-1
2015471507371,1,9,0,18,0,4,0,0,0,0,1,1,6,1,32,6,1995,2,11,-1,1,-1
2015471507371,2,9,0,18,0,8,0,0,0,0,4,1,2,1,62,9,2496,1,12,-1,1,-1
2015471507380,1,9,0,18,0,0,1,0,1,9,4,1,6,1,21,5,1461,2,5,-1,2,-1
2015471507382,1,9,0,17,0,0,1,10,7,11,1,1,6,1,20,4,1299,1,12,-1,1,-1
2015471507385,1,9,0,18,0,8,0,0,0,0,1,1,1,2,38,7,1753,2,9,-1,1,-1
2015471507385,2,1,0,18,0,8,0,0,0,0,4,1,1,1,46,8,-1,-1,-1,-1,1,-1
2015471507386,1,9,0,9,0,6,0,0,0,0,3,1,6,2,64,9,2204,2,6,-1,1,-1
2015471507386,2,1,0,18,0,1,0,0,0,0,1,1,2,1,59,9,-1,-1,-1,-1,1,-1
2015471507388,1,9,0,5,0,1,0,0,0,0,0,1,6,3,40,7,-1,-1,-1,-1,-1,-1
2015471507388,2,1,0,18,0,1,0,0,0,0,2,1,6,2,38,7,-1,-1,-1,-1,1,-1
2015471507388,3,9,0,18,0,1,0,0,0,0,1,1,6,1,88,11,1360,1,5,-1,1,-1
2015471507390,1,9,0,18,0,0,0,0,0,0,1,1,6,1,35,6,1868,2,16,-1,3,-1
2015471507390,2,9,0,2,0,0,0,0,0,0,2,1,6,2,40,7,1910,2,9,-1,-1,-1
2015471507392,1,9,0,13,0,0,0,0,0,0,4,1,6,3,40,7,-1,-1,-1,-1,-1,-1
2015471507392,2,1,0,18,0,0,0,0,0,0,1,1,6,1,40,7,-1,-1,-1,-1,3,-1
2015471507394,1,9,0,13,0,0,0,0,0,0,4,1,2,1,43,7,2000,1,18,-1,1,-1
2015471507394,2,9,0,18,0,0,0,0,1,4,3,1,6,1,77,11,2199,2,5,-1,3,-1
2015471507394,3,9,0,18,0,0,0,0,1,0,0,1,2,1,32,6,1975,1,13,-1,1,-1
2015471507399,1,9,0,18,0,0,0,10,7,0,1,1,1,1,23,5,-1,-1,-1,-1,1,-1
2015471507400,1,9,0,17,0,0,1,0,7,9,3,1,6,2,17,4,1149,1,7,-1,3,-1
2015471507401,1,5,0,18,0,0,1,0,1,4,1,1,6,1,66,10,1170,1,-1,-1,1,-1
2015471507402,1,5,0,18,0,1,1,0,7,1,1,1,6,1,41,7,745,1,1,-1,1,-1
2015471507405,1,9,0,16,0,8,0,0,0,0,3,1,6,2,33,6,1360,1,12,-1,1,-1
2015471507405,2,9,0,17,0,8,0,0,0,0,3,1,6,2,18,4,1198,1,5,-1,1,-1
2015471507407,1,9,0,9,0,1,0,0,0,0,1,1,6,1,58,9,1968,2,3,-1,1,-1
2015471507407,2,1,0,3,0,1,0,0,0,0,1,1,6,1,24,5,-1,-1,-1,-1,1,-1
2015471507408,1,9,0,18,0,4,0,0,0,0,3,1,6,1,27,6,1198,1,13,-1,1,-1
2015471507408,2,1,0,18,0,8,0,0,0,0,1,1,6,2,26,6,-1,-1,-1,-1,1,-1
2015471507410,1,9,0,5,0,3,0,0,0,0,3,1,6,1,70,10,1984,1,6,-1,1,-1
2015471507410,2,1,0,18,0,8,0,0,0,0,1,1,6,1,26,6,-1,-1,-1,-1,1,-1
2015471507411,1,20,0,5,0,0,0,0,0,0,0,1,1,1,26,6,-1,-1,-1,-1,1,-1
2015471507412,1,9,0,18,0,0,0,0,0,0,1,1,6,1,26,6,1398,1,5,-1,1,-1
2015471507412,2,9,0,3,0,0,0,0,7,9,2,1,6,1,50,8,998,1,1,-1,1,-1
2015471507412,3,9,0,3,0,0,0,0,0,0,2,1,6,2,25,5,1199,2,3,-1,1,-1
2015471507413,1,9,0,18,0,6,0,0,0,0,1,1,6,2,35,6,-1,-1,-1,-1,-1,-1