Accident_Index,Vehicle_Reference,Vehicle_Type,Towing_and_Articulation,Vehicle_Manoeuvre,Vehicle_Location-Restricted_Lane,Junction_Location,Skidding_and_Overturning,Hit_Object_in_Carriageway,Vehicle_Leaving_Carriageway,Hit_Object_off_Carriageway,1st_Point_of_Impact,Was_Vehicle_Left_Hand_Drive?,Journey_Purpose_of_Driver,Sex_of_Driver,Age_of_Driver,Age_Band_of_Driver,Engine_Capacity_(CC),Propulsion_Code,Age_of_Vehicle,Driver_IMD_Decile,Driver_Home_Area_Type,Vehicle_IMD_Decile
2015471507414,1,9,0,18,0,0,0,0,0,0,1,1,1,1,24,5,998,1,3,-1,1,-1
2015471507414,2,9,0,18,0,0,0,0,0,0,2,1,6,1,30,6,3498,1,9,-1,1,-1
2015471507415,1,9,0,18,0,8,0,0,0,0,4,1,6,2,61,9,1998,2,8,-1,1,-1
2015471507417,1,9,0,4,0,1,0,0,0,0,1,1,6,1,45,7,-1,-1,-1,-1,1,-1
2015471507417,2,9,0,9,0,6,0,0,0,0,2,1,6,1,44,7,1527,2,15,-1,1,-1
2015471507420,1,20,0,7,9,1,0,0,0,0,1,1,1,1,48,8,2402,2,5,-1,1,-1
2015471507424,1,9,0,2,0,1,0,0,0,0,3,1,6,3,-1,-1,1388,1,4,-1,-1,-1
2015471507424,2,1,0,18,0,1,0,0,0,0,1,1,6,2,56,9,-1,-1,-1,-1,1,-1
2015471507425,1,9,0,18,0,0,0,0,0,0,1,1,6,2,41,7,1797,8,1,-1,1,-1
2015471507426,1,9,0,18,0,8,0,0,0,0,1,1,1,1,38,7,2792,1,14,-1,1,-1
2015471507427,1,9,0,18,0,0,0,0,0,0,1,1,6,2,69,10,1395,1,-1,-1,3,-1
2015471507427,2,9,0,4,0,0,0,0,0,0,2,1,6,1,32,6,1560,2,9,-1,2,-1
2015471507429,1,9,0,17,0,0,1,6,1,10,1,1,6,2,76,11,1364,1,5,-1,1,-1
2015471507432,1,9,0,6,0,8,0,0,0,0,4,1,6,2,52,8,1339,8,1,-1,2,-1
2015471507432,2,9,0,18,0,8,0,0,0,0,4,1,6,1,47,8,1299,1,13,-1,3,-1
2015471507433,1,9,0,9,0,6,0,0,0,0,3,1,6,1,57,9,2993,2,-1,-1,2,-1
2015471507433,2,19,0,18,0,1,0,0,0,0,1,1,1,1,51,8,1995,2,1,-1,1,-1
2015471507434,1,9,0,7,0,1,0,0,0,0,3,1,6,2,26,6,1397,1,7,-1,3,-1
2015471507434,2,9,0,18,0,2,0,0,0,0,1,1,6,1,36,7,1197,1,3,-1,1,-1
2015471507435,1,9,0,18,0,1,0,0,0,0,1,1,6,1,60,9,1794,1,11,-1,1,-1
2015471507436,1,9,0,18,0,3,0,0,0,0,1,1,6,2,72,10,1988,1,12,-1,1,-1
2015471507437,1,9,0,9,0,2,0,0,0,0,1,1,6,2,21,5,1360,1,10,-1,1,-1
2015471507437,2,9,0,18,0,1,0,0,7,10,4,1,6,1,55,8,-1,-1,-1,-1,1,-1
2015471507440,1,2,0,18,0,4,0,0,0,0,4,1,2,1,34,6,49,1,-1,-1,1,-1
2015471507441,1,9,0,18,0,2,0,0,0,0,3,1,2,1,53,8,1598,1,6,-1,1,-1
2015471507441,2,1,0,18,0,1,0,0,0,0,1,1,2,1,29,6,-1,-1,-1,-1,1,-1
2015471507444,1,9,0,18,0,2,0,0,0,0,1,2,6,1,83,11,1348,1,14,-1,1,-1
2015471507444,2,9,0,18,0,1,0,0,0,0,4,2,6,1,73,10,1998,1,14,-1,1,-1
2015471507447,1,2,0,18,0,0,0,0,0,0,1,1,6,3,-1,-1,-1,-1,-1,-1,-1,-1
2015471507447,2,21,0,2,0,0,0,0,0,0,0,1,1,3,-1,-1,2287,2,3,-1,-1,-1
2015471507448,1,9,0,5,0,4,0,0,0,0,1,1,6,2,68,10,-1,-1,-1,-1,-1,-1
2015471507448,2,1,0,18,0,8,0,0,0,0,2,1,6,1,16,4,-1,-1,-1,-1,1,-1
2015471507450,1,9,0,10,0,4,0,0,0,0,4,1,6,1,79,11,1399,1,8,-1,1,-1
2015471507451,1,9,0,4,0,1,0,0,0,0,1,1,2,1,42,7,1896,2,9,-1,1,-1
2015471507451,2,5,0,3,0,1,0,0,0,0,2,1,2,1,49,8,-1,-1,-1,-1,1,-1
2015471507452,1,9,0,18,0,8,0,0,7,11,4,1,6,2,39,7,1995,2,6,-1,1,-1
2015471507452,2,9,0,18,0,8,0,0,0,0,1,1,6,2,30,6,1560,2,1,-1,1,-1
2015471507453,1,9,0,7,0,4,0,0,0,0,1,1,6,1,35,6,-1,-1,-1,-1,-1,-1
2015471507453,2,1,0,18,0,8,0,0,0,0,3,1,4,2,12,3,-1,-1,-1,-1,1,-1
2015471507456,1,9,0,9,0,6,0,0,0,0,1,1,1,1,48,8,1364,1,9,-1,1,-1
2015471507457,1,9,0,9,0,5,0,0,0,0,1,1,6,1,65,9,1995,2,4,-1,1,-1
2015471507457,2,1,0,18,0,1,0,0,0,0,1,1,2,1,45,7,-1,-1,-1,-1,1,-1
2015471507458,1,19,0,18,0,8,0,0,1,11,1,1,1,1,30,6,1968,2,1,-1,2,-1
2015471507458,2,9,0,18,0,8,0,0,7,11,1,1,6,1,71,10,1896,2,13,-1,1,-1
2015471507458,3,9,0,2,0,1,0,0,0,0,0,1,6,3,-1,-1,1360,1,7,-1,-1,-1
2015471507460,1,9,0,9,0,8,0,0,0,0,1,1,6,2,45,7,1329,1,6,-1,2,-1
2015471507460,2,9,0,18,0,8,0,0,0,0,1,1,2,2,26,6,1995,2,7,-1,1,-1
2015471507462,1,9,0,5,0,6,0,0,0,0,3,1,6,1,36,7,1596,1,6,-1,1,-1
2015471507462,2,19,0,18,0,1,0,0,0,0,1,1,1,1,43,7,2287,2,7,-1,1,-1
2015471507463,1,9,0,18,0,4,0,0,0,0,1,1,2,1,27,6,1796,1,12,-1,1,-1
2015471507463,2,2,0,18,0,8,0,0,0,0,4,1,6,1,16,4,49,1,3,-1,1,-1
2015471507464,1,9,0,9,0,5,0,0,0,0,2,1,6,1,81,11,1240,1,5,-1,1,-1
2015471507464,2,5,0,18,0,1,1,0,0,0,4,1,6,1,28,6,599,1,12,-1,1,-1
2015471507467,1,9,0,18,0,2,0,0,0,0,1,1,6,2,62,9,1598,1,4,-1,1,-1
2015471507471,1,9,0,1,0,1,0,0,0,0,2,1,6,3,-1,-1,-1,-1,-1,-1,-1,-1
2015471507473,1,9,0,9,0,6,0,0,0,0,3,1,6,1,22,5,1598,1,12,-1,3,-1
2015471507473,2,9,0,18,0,1,0,0,0,0,1,1,6,2,86,11,1598,1,12,-1,3,-1
2015471507476,1,9,0,18,0,0,0,0,0,0,1,1,6,2,45,7,1598,1,14,-1,1,-1
2015471507477,1,4,0,17,0,1,0,0,1,10,1,1,1,1,38,7,398,1,20,-1,1,-1
2015471507478,1,9,0,9,0,8,0,0,0,0,1,1,6,2,19,4,1242,1,8,-1,1,-1
2015471507478,2,9,0,18,0,8,0,0,0,0,2,1,6,3,-1,-1,-1,-1,-1,-1,-1,-1
2015471507482,1,9,0,9,0,4,0,0,0,0,1,1,6,1,57,9,-1,-1,-1,-1,1,-1
2015471507482,2,1,0,9,0,4,0,0,0,0,3,1,6,1,51,8,-1,-1,-1,-1,1,-1
2015471507485,1,9,0,5,0,1,0,0,0,0,1,1,6,1,30,6,1388,1,17,-1,1,-1
2015471507485,2,9,0,10,0,1,0,0,0,0,2,1,2,2,41,7,1600,1,16,-1,1,-1
2015471507486,1,9,0,18,0,4,0,0,0,7,1,1,6,2,26,6,1598,1,13,-1,1,-1
2015471507487,1,9,0,17,0,0,0,0,7,3,1,1,6,2,56,9,1461,2,1,-1,3,-1
2015471507490,1,3,0,18,0,8,0,0,3,11,1,1,1,1,29,6,125,1,-1,-1,1,-1
2015471507490,2,9,0,9,0,8,0,0,0,0,3,1,6,1,38,7,1870,2,11,-1,1,-1
2015471507491,1,9,0,18,0,1,0,0,0,0,3,1,6,2,22,5,1598,1,7,-1,1,-1
2015471507491,2,9,0,2,0,1,0,0,0,0,0,1,6,1,46,8,2183,2,4,-1,2,-1
2015471507492,1,9,0,16,0,0,0,0,3,1,1,1,6,1,39,7,1600,1,15,-1,1,-1
2015471507493,1,9,0,18,0,0,0,0,1,0,3,1,6,2,59,9,1240,1,5,-1,3,-1
2015471507493,2,9,0,18,0,0,5,0,0,0,3,1,6,2,17,4,1364,1,8,-1,3,-1
2015471507494,1,9,0,18,0,4,0,0,0,0,1,1,6,2,86,11,1595,1,14,-1,1,-1
2015471507494,2,9,0,9,0,8,0,0,0,0,4,1,6,1,19,4,1339,1,10,-1,1,-1
2015471507496,1,9,0,16,0,1,0,0,0,0,1,1,6,3,40,7,-1,-1,-1,-1,-1,-1
2015471507496,2,2,0,16,0,1,0,0,0,0,2,1,6,1,20,4,124,1,2,-1,1,-1
2015471507497,1,8,0,9,0,8,0,0,0,0,3,1,1,1,50,8,-1,-1,-1,-1,1,-1
2015471507499,1,11,0,18,0,0,0,0,0,0,3,1,1,1,43,7,9600,2,16,-1,1,-1
2015471507499,2,21,0,2,0,0,0,0,0,0,0,1,6,3,-1,-1,-1,-1,-1,-1,-1,-1
2015471507502,1,9,0,18,0,4,0,0,0,0,4,1,6,2,19,4,1598,1,12,-1,1,-1
2015471507502,2,9,0,18,0,3,0,0,0,0,3,1,6,1,83,11,-1,-1,-1,-1,1,-1
2015471507506,1,9,0,18,0,1,0,0,0,0,1,1,6,3,30,6,1598,1,14,-1,-1,-1
2015471507506,2,9,0,18,0,1,0,0,0,0,2,1,6,2,51,8,1560,2,3,-1,1,-1
2015471507507,1,9,0,18,0,1,0,0,0,0,1,1,6,2,29,6,2995,1,10,-1,1,-1
2015471507507,2,9,0,4,0,1,0,0,0,0,2,1,6,2,29,6,999,1,-1,-1,1,-1
2015471507507,3,9,0,8,0,1,0,0,0,0,0,1,6,2,21,5,1598,1,8,-1,1,-1
2015471507509,1,9,0,7,0,8,0,0,0,0,4,1,6,1,52,8,1560,2,2,-1,1,-1
2015471507509,2,1,0,18,4,8,0,0,0,0,1,1,6,2,34,6,-1,-1,-1,-1,1,-1
2015471507512,1,9,0,9,0,5,0,0,0,0,1,1,6,1,33,6,1595,1,12,-1,1,-1
2015471507513,1,9,0,18,0,1,5,7,0,0,1,1,6,2,74,10,2393,1,3,-1,3,-1
2015471507515,1,9,0,3,0,1,0,0,0,0,1,1,6,2,37,7,1198,1,10,-1,1,-1
2015471507515,2,9,0,4,0,1,0,0,0,0,2,1,6,1,22,5,1598,1,3,-1,1,-1
2015471507517,1,9,0,18,0,0,0,0,0,0,1,1,2,2,21,5,1596,1,1,-1,1,-1
2015471507521,1,9,0,17,0,8,1,0,1,10,1,1,2,2,34,6,1149,1,17,-1,2,-1
2015471507522,1,9,0,18,0,0,0,0,0,0,1,1,6,2,21,5,1995,2,8,-1,3,-1
2015471507523,1,1,0,18,0,0,0,0,0,0,1,1,6,1,-1,-1,-1,-1,-1,-1,-1,-1
2015471507524,1,9,0,9,0,8,0,0,0,0,3,1,2,2,24,5,1386,1,7,-1,1,-1
2015471507526,1,3,0,18,0,1,1,0,0,0,4,1,6,1,67,10,125,1,1,-1,1,-1
2015471507527,1,9,0,18,0,0,1,0,1,11,1,1,6,2,44,7,1461,2,10,-1,3,-1
2015471507532,1,9,0,17,0,0,1,10,7,4,1,1,6,1,35,6,1124,1,13,-1,3,-1
2015471507533,1,9,0,18,0,8,0,0,0,0,1,1,6,1,46,8,1968,2,4,-1,1,-1
2015471507533,2,9,0,18,0,8,0,0,0,0,1,1,6,2,29,6,1598,1,12,-1,1,-1
2015471507534,1,9,0,18,0,8,0,0,0,0,4,1,6,1,-1,-1,-1,-1,-1,-1,-1,-1
2015471507535,1,9,0,11,0,0,0,0,0,0,0,1,6,2,34,6,1598,2,4,-1,3,-1
2015471507535,2,9,0,18,0,0,1,0,1,10,4,1,6,2,19,4,1124,1,17,-1,1,-1
2015471507536,1,9,0,4,0,1,0,0,0,0,1,2,6,1,17,4,1590,1,14,-1,1,-1
2015471507536,2,9,0,3,0,1,0,0,0,0,2,2,6,2,43,7,1242,1,14,-1,1,-1
2015471507539,1,19,0,18,0,0,0,0,0,0,1,2,6,1,43,7,-1,-1,-1,-1,-1,-1
2015471507539,2,9,0,18,0,0,0,0,0,0,1,1,1,1,35,6,1560,2,6,-1,1,-1
2015471507541,1,9,0,16,0,1,0,10,1,1,1,1,6,1,25,5,1596,1,5,-1,1,-1
2015471507543,1,8,0,9,0,6,0,0,0,0,1,1,1,1,66,10,1910,2,7,-1,1,-1
2015471507543,2,9,0,18,0,1,1,4,0,0,1,1,6,2,62,9,998,1,-1,-1,1,-1
2015471507543,3,9,0,2,6,1,0,0,0,0,2,1,6,3,-1,-1,3969,1,18,-1,-1,-1
2015471507544,1,9,0,9,0,5,0,0,0,0,4,1,6,1,45,7,-1,-1,-1,-1,-1,-1
2015471507546,1,9,0,7,0,1,0,0,0,0,3,1,6,2,85,11,1390,1,16,-1,1,-1
2015471507546,2,1,0,18,0,1,0,0,0,0,1,1,6,1,22,5,-1,-1,-1,-1,1,-1
2015471507547,1,5,0,13,0,1,0,0,0,0,4,1,6,1,29,6,599,1,17,-1,1,-1
2015471507547,2,9,0,9,0,1,0,0,0,0,3,1,6,1,48,8,1781,1,13,-1,1,-1
2015471507549,1,9,0,18,0,1,0,0,0,0,1,1,6,2,56,9,1390,1,2,-1,1,-1
2015471507549,2,9,0,3,0,1,0,0,0,0,2,1,6,2,22,5,1598,1,11,-1,1,-1
2015471507550,1,9,0,1,0,6,0,0,0,0,3,1,6,1,55,8,-1,-1,-1,-1,-1,-1
2015471507550,2,9,0,18,0,8,0,0,0,0,4,1,6,2,63,9,4266,1,14,-1,1,-1
2015471507551,1,19,0,18,0,0,2,0,5,6,1,1,6,1,48,8,2464,2,7,-1,1,-1
2015471507555,1,9,0,18,0,0,0,0,0,0,2,1,6,1,25,5,1197,1,-1,-1,3,-1
2015471507555,2,1,0,18,0,0,0,0,0,0,1,1,6,1,37,7,-1,-1,-1,-1,1,-1
2015471507556,1,9,0,18,0,0,1,0,0,7,1,1,6,2,24,5,1390,1,6,-1,1,-1
2015471507558,1,9,0,4,0,1,0,0,0,0,1,1,6,1,29,6,1598,1,9,-1,1,-1
2015471507558,2,9,0,4,0,1,0,0,0,0,2,1,6,1,55,8,-1,-1,-1,-1,1,-1
2015471507560,1,9,0,9,0,8,0,0,0,0,0,1,6,3,-1,-1,-1,-1,-1,-1,-1,-1
2015471507560,2,11,0,18,0,8,0,0,0,0,0,1,1,1,60,9,4500,2,3,-1,1,-1
2015471507561,1,9,0,18,0,0,1,0,0,6,1,1,2,1,26,6,1990,1,23,-1,1,-1
2015471507563,1,9,0,18,0,0,0,0,0,0,1,2,6,1,26,6,1995,2,4,-1,1,-1
2015471507563,2,90,0,18,0,0,0,0,0,0,4,1,6,1,91,11,-1,-1,-1,-1,1,-1
2015471507565,1,1,0,18,0,8,0,0,0,0,3,1,6,1,14,3,-1,-1,-1,-1,1,-1
2015471507565,2,9,0,18,0,8,0,0,0,0,1,1,6,2,29,6,1124,1,9,-1,1,-1
2015471507568,1,9,0,12,0,1,0,0,0,0,1,1,6,3,-1,-1,-1,-1,-1,-1,-1,-1
2015471507568,2,9,0,4,0,1,0,0,0,0,4,1,6,1,18,4,1299,1,15,-1,1,-1
2015471507571,1,9,0,9,0,8,0,0,0,0,3,1,1,2,31,6,1679,1,13,-1,1,-1
2015471507571,2,1,0,18,0,8,0,0,0,0,1,1,1,1,35,6,-1,-1,-1,-1,-1,-1
2015471507575,1,9,0,9,0,6,0,0,0,0,1,1,6,2,73,10,999,1,5,-1,1,-1
2015471507575,2,9,0,18,0,8,0,0,1,0,1,1,6,1,33,6,1997,2,15,-1,1,-1
2015471507575,3,9,0,18,0,8,0,0,0,0,1,1,6,1,57,9,-1,-1,-1,-1,3,-1
2015471507576,1,9,0,18,0,0,0,0,0,0,1,1,6,1,24,5,1360,1,14,-1,1,-1
2015471507576,2,9,0,18,0,0,0,0,0,0,2,1,6,2,35,6,1984,1,8,-1,1,-1
2015471507578,1,9,0,9,0,6,0,0,0,0,1,1,6,2,21,5,1596,1,4,-1,1,-1
2015471507578,2,8,0,18,0,1,0,0,0,0,4,1,1,1,56,9,1560,2,2,-1,1,-1
2015471507579,1,9,0,4,0,0,0,0,0,0,2,2,6,2,37,7,1968,2,1,-1,1,-1
2015471507579,2,9,0,4,0,0,0,0,0,0,1,1,6,2,18,4,1199,1,13,-1,1,-1
2015471507580,1,9,0,5,0,4,0,0,0,0,1,1,6,2,30,6,-1,-1,-1,-1,-1,-1
2015471507580,2,1,0,18,0,3,0,0,0,0,2,1,2,2,23,5,-1,-1,-1,-1,2,-1
2015471507581,1,9,0,18,0,0,0,0,0,0,0,1,6,1,30,6,-1,-1,-1,-1,-1,-1
2015471507581,2,1,0,18,0,0,0,10,0,0,0,1,6,1,59,9,-1,-1,-1,-1,1,-1
2015471507584,1,9,0,18,0,0,0,0,0,0,1,1,6,1,70,10,1997,1,16,-1,1,-1
2015471507586,1,9,0,9,0,1,0,7,0,0,1,1,6,2,86,11,796,1,16,-1,1,-1
2015471507590,1,9,0,9,0,8,0,0,0,0,1,1,6,1,67,10,1598,1,9,-1,1,-1
2015471507590,2,2,0,18,0,8,0,0,0,0,1,1,1,1,23,5,49,1,9,-1,1,-1
2015471507590,3,90,0,18,0,8,0,0,0,0,0,1,1,1,37,7,2987,2,5,-1,1,-1
2015471507591,1,10,0,5,0,1,0,0,0,0,4,1,1,1,62,9,-1,-1,-1,-1,1,-1
2015471507593,1,9,0,5,0,1,0,0,0,0,3,1,6,3,50,8,-1,-1,-1,-1,-1,-1
2015471507594,1,9,0,18,0,4,0,0,0,0,1,1,6,1,70,10,1797,8,4,-1,3,-1
2015471507594,2,1,0,9,0,3,0,0,0,0,4,1,6,1,67,10,-1,-1,-1,-1,1,-1
2015471507595,1,9,0,18,0,0,0,0,1,0,1,1,6,1,38,7,1598,1,14,-1,1,-1
2015471507595,2,9,0,4,0,0,0,0,0,0,2,1,6,2,37,7,4398,1,11,-1,1,-1
2015471507595,3,9,0,18,0,0,0,0,0,0,0,1,1,1,35,6,1997,2,-1,-1,-1,-1
2015471507595,4,9,0,18,0,0,0,0,0,0,0,1,1,2,33,6,1997,2,2,-1,-1,-1
2015471507599,1,9,0,9,0,4,0,0,0,0,3,1,2,2,39,7,698,1,11,-1,1,-1
2015471507599,2,9,0,18,0,8,0,0,0,0,1,1,6,1,40,7,2402,2,5,-1,1,-1
2015471507600,1,9,0,18,0,0,5,0,1,10,1,1,6,2,85,11,998,1,9,-1,2,-1
2015471507601,1,19,0,18,0,0,0,0,0,0,1,1,6,3,-1,-1,-1,-1,-1,-1,-1,-1
2015471507602,1,9,0,9,2,8,0,0,0,0,4,1,6,2,66,10,3456,1,2,-1,1,-1
2015471507602,2,5,0,18,2,8,0,0,0,0,1,1,6,1,26,6,998,1,13,-1,1,-1
2015471507603,1,9,0,18,0,8,0,0,0,0,1,1,1,1,41,7,2967,2,5,-1,2,-1
2015471507603,2,9,0,9,0,5,0,0,0,0,3,1,6,1,32,6,1461,2,6,-1,1,-1
2015471507606,1,9,0,18,0,0,1,0,5,6,1,1,6,2,69,10,1124,1,13,-1,2,-1
2015471507606,2,9,0,18,0,0,0,0,0,0,2,1,6,1,25,5,1596,1,2,-1,1,-1
2015471507610,1,5,0,7,0,8,0,0,7,1,4,1,2,1,37,7,999,1,4,-1,1,-1
2015471507610,2,9,0,18,0,8,1,0,0,0,3,1,2,1,57,9,1896,2,20,-1,3,-1
2015471507612,1,9,0,18,0,4,0,0,0,0,1,1,6,2,36,7,1560,2,5,-1,1,-1
2015471507612,2,1,0,9,0,8,0,0,0,0,4,1,6,2,80,11,-1,-1,-1,-1,1,-1
2015471507613,1,9,0,18,0,0,0,0,0,0,4,1,6,3,30,6,-1,-1,-1,-1,-1,-1
2015471507614,1,9,0,9,0,6,0,0,0,0,3,1,6,2,77,11,1796,1,13,-1,3,-1
2015471507614,2,9,0,18,0,1,0,0,0,0,1,1,6,2,41,7,1390,1,10,-1,1,-1
2015471507616,1,9,0,18,0,2,0,0,0,0,4,1,6,1,46,8,1587,1,10,-1,1,-1
2015471507618,1,9,0,1,0,0,0,0,0,0,2,1,6,1,34,6,1900,2,17,-1,1,-1
2015471507618,2,9,0,2,0,0,0,0,0,0,1,1,6,2,57,9,1796,1,6,-1,1,-1
2015471507620,1,9,0,7,0,5,0,0,0,0,3,1,2,1,53,8,1598,2,3,-1,3,-1
2015471507621,1,9,0,9,0,6,0,0,0,0,1,1,6,2,82,11,1242,1,2,-1,1,-1
2015471507621,2,19,0,18,0,1,0,0,0,0,0,1,1,1,48,8,2178,2,9,-1,1,-1
2015471507623,1,9,0,18,0,1,0,0,0,0,1,1,1,1,77,11,1299,1,10,-1,3,-1
2015471507623,2,9,0,10,0,1,0,0,0,0,2,1,1,1,43,7,1499,2,-1,-1,1,-1
2015471507625,1,9,0,18,0,0,0,0,0,0,1,1,1,2,64,9,1590,1,17,-1,1,-1
2015471507625,2,9,0,18,0,0,0,0,0,0,0,1,6,1,55,8,1598,2,4,-1,-1,-1
2015471507625,3,9,0,18,0,0,0,0,0,0,1,1,6,2,23,5,1124,1,11,-1,3,-1
2015471507625,4,9,0,18,0,0,0,0,0,0,1,1,6,1,33,6,1396,1,20,-1,1,-1
2015471507629,1,9,0,18,0,0,0,0,1,0,1,1,6,1,20,4,1149,1,13,-1,-1,-1
2015471507629,2,9,0,18,0,0,0,0,1,0,1,1,6,2,78,11,1339,1,7,-1,3,-1
2015471507630,1,9,0,18,0,0,0,0,0,3,1,1,1,1,26,6,1995,2,-1,-1,1,-1
2015471507631,1,9,0,17,0,0,1,0,7,9,1,1,6,1,36,7,-1,-1,-1,-1,1,-1
2015471507632,1,9,0,9,0,8,0,0,1,1,3,1,6,1,77,11,1761,1,18,-1,1,-1
2015471507632,2,9,0,4,0,4,0,0,0,0,1,1,2,1,19,4,1490,1,9,-1,2,-1
2015471507633,1,5,0,18,0,8,0,0,0,0,3,1,6,1,29,6,649,1,2,-1,1,-1
2015471507634,1,9,0,18,0,1,0,0,0,0,1,1,6,2,35,6,1968,2,11,-1,1,-1
2015471507634,2,9,0,3,0,1,0,0,0,0,2,1,6,2,39,7,1584,1,11,-1,3,-1
2015471507636,1,9,0,18,0,0,0,0,0,0,1,1,6,2,30,6,1598,1,8,-1,1,-1
2015471507636,2,20,0,18,0,0,0,0,0,0,0,1,6,1,32,6,-1,-1,-1,-1,1,-1
2015471507636,3,9,0,18,0,0,0,0,0,0,2,1,6,2,30,6,1968,2,-1,-1,1,-1
2015471507638,1,9,0,7,0,6,0,0,0,0,4,1,6,1,27,6,2792,1,13,-1,1,-1
2015471507638,2,1,0,18,0,8,0,0,0,0,4,1,6,2,25,5,-1,-1,-1,-1,1,-1
2015471507639,1,9,0,13,0,1,0,0,0,0,4,1,6,1,17,4,-1,-1,-1,-1,1,-1
2015471507639,2,9,0,9,0,1,0,0,0,0,3,1,6,1,68,10,1560,2,5,-1,1,-1
2015471507641,1,9,0,5,0,8,0,0,0,0,3,1,6,1,35,6,1995,1,7,-1,-1,-1
2015471507641,2,9,0,7,0,3,0,0,0,0,4,1,1,1,55,8,1596,1,-1,-1,1,-1
2015471507642,1,9,0,5,0,1,0,0,0,0,3,1,1,1,38,7,-1,-1,-1,-1,2,-1
2015471507642,2,9,0,18,0,1,0,0,0,0,4,1,6,2,35,6,1390,1,1,-1,1,-1
2015471507644,1,9,0,6,0,4,0,0,0,0,1,1,6,3,-1,-1,-1,-1,-1,-1,-1,-1
2015471507646,1,9,0,18,0,1,1,0,0,0,1,1,6,2,17,4,1364,1,7,-1,1,-1
2015471507646,2,9,0,3,0,1,0,0,0,0,2,1,6,2,21,5,1242,1,7,-1,1,-1
2015471507646,3,9,0,3,0,1,0,0,0,0,2,1,6,2,41,7,1781,1,6,-1,3,-1
2015471507648,1,9,0,6,0,0,0,0,0,0,1,1,6,3,-1,-1,-1,-1,-1,-1,-1,-1
2015471507648,2,5,0,18,0,0,1,0,1,0,3,1,6,1,55,8,599,1,13,-1,1,-1
2015471507651,1,9,0,18,0,0,0,0,0,0,1,1,6,1,20,4,1242,1,12,-1,1,-1
2015471507651,2,9,0,4,0,0,0,0,0,0,2,1,6,1,29,6,998,1,1,-1,1,-1
2015471507652,1,9,0,18,0,0,0,0,0,0,1,1,1,3,-1,-1,-1,-1,-1,-1,-1,-1
2015471507652,2,9,0,18,0,0,0,0,0,0,2,1,1,1,21,5,998,1,6,-1,1,-1
2015471507652,3,9,0,18,0,0,0,0,0,0,3,1,1,1,57,9,1753,2,13,-1,1,-1
2015471507654,1,19,0,18,0,0,1,0,1,4,3,1,6,1,37,7,1896,2,7,-1,3,-1
2015471507657,1,9,0,7,0,6,1,0,7,4,3,1,6,2,27,6,1390,1,12,-1,1,-1
2015471507658,1,9,0,5,0,3,0,0,0,0,1,1,6,1,80,11,1242,1,3,-1,2,-1
2015471507658,2,1,0,18,0,8,0,0,0,0,3,1,6,1,50,8,-1,-1,-1,-1,-1,-1
2015471507659,1,1,0,17,0,0,0,0,0,0,1,1,6,1,14,3,-1,-1,-1,-1,3,-1
2015471507659,2,9,0,16,0,0,0,0,0,0,1,1,6,1,19,4,1398,1,-1,-1,1,-1
2015471507660,1,9,0,18,0,0,1,0,5,6,4,1,6,1,44,7,1360,1,14,-1,1,-1
2015471507660,2,9,0,18,0,0,0,0,0,0,3,1,6,1,69,10,1995,2,4,-1,2,-1
2015471507660,3,9,0,18,0,0,0,0,4,6,3,1,6,2,73,10,1590,1,12,-1,1,-1
2015471507660,4,9,0,18,0,0,0,0,0,0,3,1,6,2,49,8,1599,1,13,-1,1,-1
2015471507662,1,9,0,18,0,1,0,0,5,6,3,1,6,2,31,6,1970,1,14,-1,1,-1
2015471507662,2,9,0,18,0,1,0,0,0,0,3,1,6,2,46,8,1242,1,-1,-1,1,-1
2015471507663,1,9,0,17,0,8,0,10,3,11,1,1,6,1,45,7,2148,2,11,-1,1,-1
2015471507663,2,21,0,2,0,2,0,0,0,0,2,1,6,3,-1,-1,2143,2,-1,-1,-1,-1
2015471507666,1,9,0,16,0,0,1,0,1,4,3,1,2,1,25,5,1910,2,7,-1,1,-1
2015471507667,1,9,0,18,0,2,0,0,0,0,4,1,6,1,73,10,1762,1,17,-1,1,-1
2015471507667,2,1,0,18,0,2,0,0,0,0,3,1,6,1,22,5,-1,-1,-1,-1,3,-1
2015471507668,1,21,1,18,0,0,0,0,0,0,0,1,1,1,21,5,5900,2,8,-1,3,-1
2015471507668,2,19,0,18,0,0,1,0,0,0,1,1,1,1,42,7,2143,2,1,-1,1,-1
2015471507669,1,9,0,18,0,0,0,0,7,4,1,1,6,2,39,7,1461,2,11,-1,1,-1
2015471507669,2,9,0,18,0,0,0,0,1,4,1,1,6,1,54,8,1248,1,1,-1,2,-1
2015471507670,1,9,0,17,0,0,2,0,1,9,1,1,6,2,25,5,1149,1,10,-1,1,-1
2015471507673,1,9,0,18,0,1,0,0,0,0,1,1,6,1,47,8,1796,1,4,-1,1,-1
2015471507675,1,19,0,9,0,5,0,0,0,0,4,1,6,1,26,6,1905,2,17,-1,1,-1
2015471507675,2,1,0,18,0,1,0,0,0,0,1,1,6,2,74,10,-1,-1,-1,-1,1,-1