Accident_Index,Vehicle_Reference,Vehicle_Type,Towing_and_Articulation,Vehicle_Manoeuvre,Vehicle_Location-Restricted_Lane,Junction_Location,Skidding_and_Overturning,Hit_Object_in_Carriageway,Vehicle_Leaving_Carriageway,Hit_Object_off_Carriageway,1st_Point_of_Impact,Was_Vehicle_Left_Hand_Drive?,Journey_Purpose_of_Driver,Sex_of_Driver,Age_of_Driver,Age_Band_of_Driver,Engine_Capacity_(CC),Propulsion_Code,Age_of_Vehicle,Driver_IMD_Decile,Driver_Home_Area_Type,Vehicle_IMD_Decile
2015471507677,1,9,0,17,0,4,0,0,0,0,1,1,6,3,40,7,-1,-1,-1,-1,-1,-1
2015471507677,2,1,0,17,0,8,1,0,0,0,4,1,6,1,36,7,-1,-1,-1,-1,1,-1
2015471507679,1,9,0,9,0,8,0,0,0,0,1,1,6,2,25,5,1590,1,11,-1,3,-1
2015471507679,2,9,0,18,0,8,0,0,2,0,3,1,6,2,47,8,2199,2,1,-1,3,-1
2015471507679,3,9,0,10,0,8,0,0,0,0,0,1,6,1,38,7,2776,2,11,-1,2,-1
2015471507681,1,9,0,9,0,6,0,0,0,0,0,1,6,2,31,6,1598,1,11,-1,1,-1
2015471507681,2,4,0,18,0,1,0,0,0,0,1,1,1,1,22,5,125,1,-1,-1,1,-1
2015471507682,1,9,0,1,0,0,0,0,0,0,2,1,6,1,52,8,1956,2,-1,-1,1,-1
2015471507682,2,9,0,2,0,0,0,0,0,0,1,1,6,3,-1,-1,-1,-1,-1,-1,-1,-1
2015471507682,3,9,0,2,0,0,0,0,0,0,3,1,6,3,-1,-1,6063,1,9,-1,-1,-1
2015471507682,4,9,0,2,0,0,0,0,0,0,1,1,6,3,-1,-1,1968,2,4,-1,-1,-1
2015471507683,1,9,0,18,0,8,0,0,0,0,2,1,6,2,54,8,1951,2,12,-1,1,-1
2015471507683,2,19,0,18,0,8,5,0,0,0,3,1,6,1,46,8,970,1,26,-1,1,-1
2015471507684,1,9,0,17,0,0,2,0,2,10,1,2,6,1,31,6,4799,1,9,-1,1,-1
2015471507685,1,9,0,16,0,0,5,0,7,9,1,1,6,1,74,10,1596,1,10,-1,2,-1
2015471507687,1,9,0,5,0,4,0,0,0,0,1,1,2,1,58,9,1398,2,6,-1,1,-1
2015471507687,2,4,0,18,0,8,1,0,0,0,2,1,2,1,41,7,125,1,5,-1,1,-1
2015471507688,1,9,0,18,0,0,0,0,7,11,1,1,6,2,71,10,1598,1,16,-1,3,-1
2015471507688,2,9,0,2,0,0,0,0,0,0,3,1,6,3,-1,-1,1598,1,4,-1,-1,-1
2015471507688,3,9,0,2,0,0,0,0,0,0,4,1,6,3,-1,-1,2499,2,14,-1,-1,-1
2015471507688,4,9,0,2,0,0,0,0,0,0,1,1,6,3,-1,-1,-1,-1,-1,-1,-1,-1
2015471507688,5,9,0,2,0,0,0,0,0,0,3,1,6,3,-1,-1,1794,1,15,-1,-1,-1
2015471507689,1,9,0,17,0,0,1,0,7,4,2,1,2,2,21,5,1388,1,12,-1,1,-1
2015471507691,1,9,0,9,0,8,0,0,0,0,3,1,6,1,29,6,1242,1,9,-1,1,-1
2015471507691,2,1,0,18,0,1,0,0,0,0,1,1,6,1,53,8,-1,-1,-1,-1,1,-1
2015471507692,1,3,0,18,0,0,0,0,1,9,1,2,6,1,35,6,124,1,5,-1,1,-1
2015471507692,2,9,0,15,0,0,0,0,0,0,0,1,6,1,20,4,1390,1,10,-1,2,-1
2015471507697,1,9,0,17,0,0,2,0,7,0,4,1,1,1,46,8,1998,1,19,-1,1,-1
2015471507697,2,9,0,18,0,0,0,0,0,0,1,1,6,1,50,8,1242,1,15,-1,1,-1
2015471507698,1,19,0,9,0,6,0,0,0,0,3,1,1,1,34,6,2299,2,2,-1,1,-1
2015471507698,2,9,0,18,0,8,0,0,0,0,1,1,6,2,63,9,998,1,-1,-1,1,-1
2015471507700,1,9,0,18,0,6,0,0,0,0,1,1,6,2,38,7,1461,2,7,-1,1,-1
2015471507700,2,9,0,18,0,1,0,0,0,0,3,1,6,1,47,8,998,1,-1,-1,-1,-1
2015471507701,1,11,0,18,0,8,0,0,0,0,0,1,6,2,48,8,4500,2,6,-1,2,-1
2015471507705,1,9,0,11,0,0,1,0,0,2,3,1,6,1,45,7,1998,1,5,-1,3,-1
2015471507706,1,3,0,17,0,0,0,0,1,0,3,1,6,1,58,9,124,1,2,-1,2,-1
2015471507708,1,9,0,18,0,0,5,0,8,10,1,1,6,2,38,7,1199,1,14,-1,1,-1
2015471507709,1,9,0,18,0,8,0,0,0,0,1,1,6,2,18,4,1988,1,15,-1,1,-1
2015471507710,1,9,0,18,0,3,0,0,0,0,4,1,6,1,74,10,1396,1,2,-1,1,-1
2015471507710,2,1,0,3,0,3,0,0,0,0,2,1,6,1,53,8,-1,-1,-1,-1,1,-1
2015471507711,1,9,0,18,0,0,0,0,0,0,1,1,6,1,47,8,2497,2,10,-1,1,-1
2015471507711,2,1,0,18,0,0,0,0,0,0,4,1,6,1,66,10,-1,-1,-1,-1,1,-1
2015471507712,1,9,0,10,0,1,0,0,0,0,1,1,6,2,20,4,1149,1,14,-1,3,-1
2015471507712,2,1,0,13,0,1,0,0,0,0,1,1,6,1,44,7,-1,-1,-1,-1,1,-1
2015471507712,3,9,0,2,0,8,0,0,0,0,0,1,6,3,-1,-1,-1,-1,-1,-1,-1,-1
2015471507714,1,9,0,17,0,0,0,0,8,10,3,1,6,1,20,4,1199,1,12,-1,1,-1
2015471507717,1,9,0,15,0,1,0,0,0,0,4,1,6,1,61,9,1560,2,11,-1,1,-1
2015471507717,2,11,0,2,0,2,0,0,0,0,0,1,1,3,-1,-1,-1,-1,-1,-1,-1,-1
2015471507719,1,9,0,18,0,8,0,0,0,0,1,1,6,3,65,9,1951,2,12,-1,-1,-1
2015471507719,2,9,0,9,0,8,1,0,0,0,4,1,6,1,17,4,1490,1,9,-1,3,-1
2015471507720,1,9,0,13,0,1,0,0,0,0,4,1,1,1,45,7,1997,2,3,-1,-1,-1
2015471507720,2,9,0,10,0,1,0,0,0,0,3,1,6,1,19,4,1124,1,11,-1,1,-1
2015471507721,1,9,0,9,0,5,0,0,0,0,1,1,6,2,33,6,1360,1,8,-1,1,-1
2015471507721,2,1,0,18,0,1,0,0,0,0,3,1,6,1,21,5,-1,-1,-1,-1,1,-1
2015471507722,1,9,0,17,0,0,0,0,0,0,0,1,6,3,-1,-1,-1,-1,-1,-1,-1,-1
2015471507722,2,9,0,17,0,0,1,0,0,0,1,1,6,1,54,8,1998,1,8,-1,1,-1
2015471507722,3,9,0,17,0,0,1,0,4,0,4,1,6,2,24,5,1360,1,16,-1,1,-1
2015471507722,4,9,0,17,0,0,0,0,0,0,2,1,6,2,45,7,1560,2,8,-1,1,-1
2015471507723,1,9,0,1,0,8,0,0,0,0,2,1,6,2,40,7,-1,-1,-1,-1,-1,-1
2015471507726,1,9,0,5,0,6,0,0,0,0,1,1,6,1,25,5,1390,1,14,-1,1,-1
2015471507726,2,9,0,16,0,1,0,0,0,0,3,1,6,2,36,7,1124,1,15,-1,1,-1
2015471507728,1,9,0,10,0,1,0,0,0,0,3,1,1,1,65,9,-1,-1,-1,-1,-1,-1
2015471507728,2,9,0,18,0,8,0,0,7,11,1,1,6,1,46,8,3947,1,21,-1,3,-1
2015471507732,1,9,0,9,0,1,0,0,0,0,1,1,6,1,80,11,2204,2,10,-1,1,-1
2015471507732,2,5,0,18,0,1,1,0,1,0,3,1,6,1,53,8,649,1,8,-1,1,-1
2015471507736,1,19,0,18,0,5,0,0,0,0,1,1,1,1,44,7,1995,2,2,-1,3,-1
2015471507736,2,3,0,18,0,3,0,0,0,0,2,1,2,1,42,7,-1,-1,-1,-1,1,-1
2015471507737,1,9,0,9,0,8,0,0,0,0,1,1,6,1,26,6,1997,2,-1,-1,1,-1
2015471507737,2,9,0,5,0,8,0,0,0,0,1,1,6,-1,-1,-1,1339,1,2,-1,-1,-1
2015471507738,1,9,0,3,9,6,0,0,0,0,1,1,6,1,68,10,1596,1,8,-1,-1,-1
2015471507743,1,9,0,5,0,2,0,0,0,0,0,1,6,3,-1,-1,-1,-1,-1,-1,-1,-1
2015471600002,1,9,0,18,0,4,0,0,0,0,4,1,6,3,30,6,1590,1,21,-1,-1,-1
2015471600002,2,9,0,9,0,4,0,0,0,0,3,1,6,2,40,7,1596,1,8,-1,1,-1
2015471600003,1,9,0,18,0,0,0,0,0,0,1,1,6,1,34,6,-1,-1,-1,-1,1,-1
2015471600003,2,9,0,18,0,0,0,0,0,0,2,1,6,1,38,7,1598,1,17,-1,1,-1
2015471600003,3,9,0,18,0,0,0,0,0,0,2,1,6,1,42,7,2993,2,6,-1,3,-1
2015471600006,1,9,0,16,0,0,1,0,1,11,1,1,6,1,41,7,1796,1,14,-1,3,-1
2015471600012,1,3,0,13,0,0,0,0,0,0,1,1,6,1,17,4,124,1,11,-1,1,-1
2015471600012,2,19,0,18,0,0,0,0,0,0,3,1,6,1,52,8,1248,2,1,-1,1,-1
2015471600012,3,9,0,18,0,0,0,0,0,0,1,1,6,2,60,9,1560,2,4,-1,3,-1
2015471600014,1,9,0,18,0,1,1,0,0,0,1,1,6,1,26,6,1108,1,12,-1,1,-1
2015471600018,1,9,0,18,0,1,1,0,0,0,1,1,6,1,18,4,1597,1,26,-1,2,-1
2015471600018,2,9,0,3,0,1,0,0,0,0,2,1,6,2,23,5,1124,1,15,-1,3,-1
2015471600018,3,9,0,9,0,8,0,0,0,0,0,1,6,2,41,7,1781,1,14,-1,2,-1
2015471600020,1,9,0,4,0,0,0,0,0,0,1,1,6,1,30,6,-1,-1,-1,-1,1,-1
2015471600020,2,9,0,4,0,0,0,0,0,0,2,1,6,1,40,7,1796,1,20,-1,1,-1
2015471600020,3,9,0,18,0,0,0,0,0,0,2,1,6,1,50,8,-1,-1,-1,-1,-1,-1
2015471600021,1,9,0,7,0,1,0,0,0,0,1,1,6,2,40,7,1242,1,2,-1,-1,-1
2015471600021,2,9,0,7,0,1,0,0,0,0,2,1,6,2,45,7,998,1,2,-1,1,-1
2015471600023,1,9,0,18,2,1,0,0,0,0,2,1,1,2,59,9,1388,1,7,-1,1,-1
2015471600023,2,1,0,18,2,1,0,0,0,0,1,1,1,1,30,6,-1,-1,-1,-1,1,-1
2015471600024,1,9,0,17,0,0,0,0,1,1,1,1,6,1,87,11,-1,-1,-1,-1,1,-1
2015471600048,1,9,0,3,0,1,0,0,0,0,1,1,6,3,30,6,-1,-1,-1,-1,-1,-1
2015471600048,2,2,0,3,0,4,0,0,0,0,2,1,6,1,26,6,49,1,1,-1,1,-1
2015471600062,1,9,0,18,0,0,0,0,0,0,1,1,6,2,78,11,998,1,16,-1,1,-1
2015471600062,2,9,0,18,0,0,0,0,0,0,1,1,6,1,39,7,1968,2,4,-1,1,-1
2015471600062,3,8,0,4,0,0,0,0,0,0,0,1,1,1,40,7,-1,-1,-1,-1,-1,-1
2015471600105,1,9,0,18,0,0,2,0,1,11,4,1,6,1,33,6,1461,2,7,-1,3,-1
2015471600105,2,9,0,18,0,0,0,0,0,0,0,1,6,1,30,6,-1,-1,-1,-1,-1,-1
2015471600118,1,9,0,7,0,6,0,0,0,0,1,1,6,1,61,9,3199,1,15,-1,1,-1
2015471600141,1,9,0,18,0,1,0,0,0,0,1,1,6,3,-1,-1,-1,-1,-1,-1,-1,-1
2015471600141,2,9,0,9,0,1,0,0,0,0,4,1,1,2,45,7,1968,2,2,-1,1,-1
2015471600374,1,9,0,5,0,1,0,0,0,0,4,2,6,1,28,6,-1,-1,-1,-1,-1,-1
2015471600646,1,9,0,1,9,1,0,0,0,0,2,1,6,2,70,10,1598,1,4,-1,1,-1
2015471600673,1,9,0,9,0,5,0,0,0,0,4,2,6,1,-1,-1,-1,-1,-1,-1,1,-1
2015471600673,2,9,0,18,0,8,0,0,0,0,1,1,6,2,32,6,1248,1,1,-1,1,-1
2015471600975,1,9,0,4,0,1,0,0,0,0,1,1,6,2,27,6,1598,2,-1,-1,1,-1
2015471600975,2,9,0,3,0,1,0,0,0,0,2,1,6,1,79,11,1349,1,5,-1,1,-1
2015471601252,1,9,0,18,0,0,0,4,0,0,1,1,6,1,59,9,698,1,11,-1,1,-1
2015471601252,2,9,0,2,0,0,0,4,0,0,1,1,6,3,-1,-1,1998,1,10,-1,-1,-1
2015471601252,3,9,0,2,0,0,0,0,0,0,1,1,6,3,-1,-1,1995,2,1,-1,-1,-1
2015471601610,1,19,0,18,0,8,0,0,0,0,3,1,6,1,42,7,2198,2,-1,-1,1,-1
2015471601610,2,9,0,18,0,8,0,0,0,0,3,1,6,1,37,7,1781,1,14,-1,1,-1
2015471602975,1,9,0,4,0,4,0,0,0,0,0,1,6,1,67,10,1389,1,11,-1,1,-1
2015471602975,2,1,0,4,0,4,0,0,0,0,1,1,6,1,41,7,-1,-1,-1,-1,1,-1
2015480030969,1,1,0,18,0,8,0,0,0,0,3,1,2,1,33,6,-1,-1,-1,-1,1,-1
2015480030969,2,98,0,7,0,8,0,0,0,0,4,1,1,1,43,7,2198,2,-1,-1,1,-1
2015480030972,1,9,0,18,0,2,0,0,0,0,1,1,6,3,-1,-1,2143,2,5,-1,-1,-1
2015480030975,1,3,0,18,0,2,0,0,0,0,4,1,6,1,34,6,-1,-1,-1,-1,1,-1
2015480030975,2,5,0,18,0,2,0,0,0,0,3,1,6,1,52,8,647,1,20,-1,1,-1
2015480031496,1,19,0,18,0,1,0,0,0,0,4,1,1,1,28,6,2198,2,3,-1,1,-1
2015480031510,1,1,0,18,0,1,0,0,0,0,3,1,1,2,25,5,-1,-1,-1,-1,-1,-1
2015480031510,2,11,0,18,0,1,0,0,0,0,4,1,1,3,40,7,-1,-1,-1,-1,-1,-1
2015480031523,1,2,0,18,0,1,0,0,0,0,1,1,2,1,35,6,-1,-1,-1,-1,-1,-1
2015480031538,1,1,0,18,0,1,0,0,0,0,1,1,2,1,37,7,-1,-1,-1,-1,1,-1
2015480031762,1,21,0,18,0,0,0,0,0,0,4,1,1,1,64,9,-1,-1,-1,-1,1,-1
2015480031832,1,8,0,9,0,8,0,0,0,0,4,1,1,1,44,7,2499,2,1,-1,1,-1
2015480031836,1,5,0,14,0,2,0,0,0,0,1,1,2,1,41,7,656,1,1,-1,1,-1
2015480031884,1,9,0,9,0,8,0,0,0,0,4,1,5,1,28,6,-1,-1,-1,-1,1,-1
2015480031884,2,8,0,18,0,8,0,0,0,0,1,1,1,1,64,9,2499,2,4,-1,3,-1
2015480031890,1,9,0,5,0,8,0,0,0,0,1,1,1,1,54,8,1398,1,-1,-1,1,-1
2015480031890,2,3,0,18,0,8,0,0,0,0,4,1,2,1,55,8,124,1,13,-1,1,-1
2015480031941,1,9,0,2,0,0,0,0,0,0,2,1,1,1,58,9,1997,2,3,-1,1,-1
2015480031941,2,8,0,18,0,0,0,0,0,0,1,1,1,1,79,11,2664,2,14,-1,1,-1
2015480032089,1,1,0,18,0,8,0,0,0,0,3,1,6,1,52,8,-1,-1,-1,-1,1,-1
2015480032089,2,9,0,18,0,8,0,0,0,0,4,1,6,1,45,7,1910,2,6,-1,1,-1
2015480032104,1,8,0,7,0,8,0,0,0,0,1,1,1,1,68,10,2402,2,9,-1,1,-1
2015480032104,2,1,0,18,0,8,0,0,0,0,4,1,6,1,18,4,-1,-1,-1,-1,1,-1
2015480032250,1,9,0,3,0,0,0,0,0,0,2,1,1,1,31,6,1968,2,1,-1,1,-1
2015480032250,2,8,0,3,0,0,0,0,0,0,2,1,1,1,46,8,2499,2,3,-1,1,-1
2015480032250,3,98,0,3,0,0,0,0,0,0,2,1,1,1,66,10,1560,2,5,-1,1,-1
2015480032250,4,98,0,18,0,0,0,0,0,0,1,1,1,1,35,6,2143,2,2,-1,1,-1
2015480032289,1,9,0,18,0,8,0,0,0,0,4,1,6,2,-1,-1,2143,2,5,-1,1,-1
2015480032350,1,3,0,18,0,8,0,0,0,0,1,1,1,1,39,7,-1,-1,-1,-1,1,-1
2015480032350,2,8,0,6,0,8,0,0,0,0,3,1,1,1,53,8,2402,2,10,-1,2,-1
2015480032367,1,8,0,18,0,0,0,0,0,0,4,1,1,1,64,9,2664,2,14,-1,1,-1
2015480032374,1,9,0,18,0,8,0,0,1,0,1,1,6,1,53,8,2143,2,1,-1,1,-1
2015480032374,2,9,0,18,0,8,0,0,0,0,2,1,6,1,45,7,2143,2,2,-1,-1,-1
2015480032394,1,8,0,18,0,0,0,0,0,0,1,1,1,1,32,6,2499,2,8,-1,1,-1
2015480032747,1,97,0,15,0,8,0,0,0,0,3,1,6,1,28,6,1255,1,-1,-1,1,-1
2015480032747,2,9,0,7,0,8,0,0,0,0,4,1,6,1,58,9,2993,2,1,-1,3,-1
2015480033106,1,1,0,18,0,8,0,0,0,0,1,1,2,1,38,7,-1,-1,-1,-1,1,-1
2015480033106,2,8,0,6,0,8,0,0,0,0,4,1,1,1,38,7,2499,2,8,-1,1,-1
2015480033140,1,9,0,18,0,1,0,0,0,0,4,1,6,1,24,5,2143,2,6,-1,1,-1
2015480033148,1,8,0,9,0,8,0,0,0,0,4,1,1,1,51,8,1997,2,3,-1,-1,-1
2015480033148,2,1,0,18,0,8,0,0,0,0,1,1,2,1,32,6,-1,-1,-1,-1,1,-1
2015480033155,1,8,0,18,0,8,0,0,0,0,4,1,1,1,33,6,2499,2,2,-1,3,-1
2015480033473,1,5,0,15,0,1,0,0,0,0,3,1,5,1,38,7,599,1,6,-1,1,-1
2015480033473,2,9,0,18,0,1,0,0,0,0,4,1,5,2,30,6,1596,1,6,-1,1,-1
2015480033503,1,1,0,14,0,1,0,0,0,0,1,1,6,1,-1,-1,-1,-1,-1,-1,-1,-1
2015480033899,1,1,0,18,0,8,0,0,0,0,3,1,6,1,30,6,-1,-1,-1,-1,-1,-1
2015480034005,1,9,0,18,0,0,0,0,0,0,2,1,5,1,28,6,1598,1,15,-1,1,-1
2015480034005,2,9,0,18,0,0,0,0,0,0,1,1,5,1,47,8,1461,2,12,-1,1,-1
2015480034046,1,5,0,18,0,2,0,0,0,0,1,1,5,1,43,7,999,1,4,-1,1,-1
2015480034222,1,21,0,2,0,8,0,0,0,0,1,1,1,1,44,7,-1,-1,-1,-1,1,-1
2015480034222,2,21,1,18,0,1,0,0,0,0,1,1,1,1,35,6,-1,-1,-1,-1,-1,-1
2015480034244,1,8,0,9,0,8,0,0,0,0,1,1,1,1,35,6,1797,8,5,-1,1,-1
2015480034349,1,1,0,15,4,1,0,0,0,0,1,1,5,1,18,4,-1,-1,-1,-1,1,-1
2015480034353,1,8,0,18,0,8,0,0,0,0,4,1,6,3,55,8,-1,-1,-1,-1,-1,-1
2015480034368,1,8,0,4,0,1,0,0,0,0,1,1,1,1,40,7,2499,2,4,-1,1,-1
2015480034368,2,5,0,3,0,1,0,4,2,0,2,1,6,1,50,8,499,1,10,-1,1,-1
2015480034368,3,9,0,3,0,1,0,0,0,0,1,1,6,1,57,9,2143,2,3,-1,1,-1
2015480034368,4,9,0,3,0,1,0,0,0,0,1,1,6,3,26,6,1968,2,-1,-1,1,-1
2015480034501,1,1,0,18,0,1,0,0,0,0,2,1,2,1,35,6,-1,-1,-1,-1,1,-1
2015480034501,2,1,0,18,0,1,0,0,0,0,1,1,2,1,51,8,-1,-1,-1,-1,1,-1
2015480034501,3,98,0,1,0,8,0,0,0,0,0,1,1,1,30,6,-1,-1,-1,-1,1,-1
2015480035587,1,1,0,18,4,1,0,0,0,0,3,1,2,1,56,9,-1,-1,-1,-1,1,-1
2015480035587,2,3,0,11,4,1,0,0,0,0,4,1,6,1,38,7,125,1,2,-1,1,-1
2015480035597,1,1,0,18,0,1,0,0,0,0,1,1,2,1,28,6,-1,-1,-1,-1,-1,-1
2015480035597,2,9,0,2,0,1,0,0,0,0,4,1,1,1,30,6,-1,-1,-1,-1,1,-1
2015480035829,1,1,0,18,0,8,0,0,0,0,4,1,2,1,27,6,-1,-1,-1,-1,1,-1
2015480035829,2,2,0,18,0,8,0,0,0,0,1,1,2,2,34,6,49,1,4,-1,1,-1
2015480035869,1,9,0,18,0,8,0,0,0,0,1,1,6,2,30,6,-1,-1,-1,-1,-1,-1
2015480035877,1,1,0,18,0,8,0,0,0,0,3,1,2,1,36,7,-1,-1,-1,-1,1,-1
2015480035877,2,8,0,9,0,8,0,0,0,0,1,1,1,1,-1,-1,2499,2,1,-1,1,-1
2015480036004,1,1,0,18,0,8,0,0,0,0,2,1,6,1,25,5,-1,-1,-1,-1,1,-1
2015480036004,2,21,0,18,0,8,0,0,0,0,1,1,1,1,52,8,-1,-1,-1,-1,1,-1
2015480036013,1,9,0,12,0,1,0,0,0,0,3,1,6,1,28,6,1910,2,6,-1,1,-1
2015480036013,2,4,0,18,0,1,0,0,0,0,4,1,6,1,23,5,109,1,1,-1,1,-1
2015480036037,1,9,0,18,0,1,0,0,0,0,1,1,6,1,48,8,1797,8,4,-1,1,-1
2015480036037,2,21,0,3,0,1,0,0,0,0,2,1,1,1,37,7,-1,-1,-1,-1,1,-1
2015480036060,1,11,0,5,2,2,0,0,0,0,4,1,1,1,34,6,9000,2,6,-1,1,-1
2015480036063,1,3,0,14,0,0,0,0,0,0,1,1,6,1,30,6,124,1,-1,-1,1,-1
2015480036213,1,1,0,18,0,8,0,0,0,0,1,1,2,1,22,5,-1,-1,-1,-1,1,-1
2015480036223,1,11,0,5,2,2,0,0,0,0,4,1,1,3,-1,-1,-1,-1,-1,-1,-1,-1
2015480036256,1,3,0,18,0,1,0,0,0,0,1,1,1,1,30,6,125,1,2,-1,1,-1
2015480036266,1,8,0,18,0,0,0,0,0,0,1,1,1,1,81,11,2499,2,2,-1,1,-1
2015480036379,1,11,0,18,0,1,0,0,0,0,1,1,1,1,64,9,9000,2,5,-1,1,-1
2015480036389,1,11,0,2,1,0,0,0,0,0,2,1,1,1,34,6,7300,2,12,-1,1,-1
2015480036389,2,1,0,15,1,0,0,0,0,0,1,1,2,1,29,6,-1,-1,-1,-1,1,-1
2015480036396,1,5,0,18,0,1,0,0,0,0,1,1,6,1,44,7,1470,1,11,-1,3,-1
2015480036413,1,9,0,18,0,1,0,0,0,0,1,1,5,1,53,8,1596,1,16,-1,1,-1
2015480036512,1,1,0,18,0,1,0,0,0,0,1,1,6,1,-1,-1,-1,-1,-1,-1,-1,-1
2015480036545,1,11,0,18,0,1,0,0,0,0,4,1,1,1,24,5,4461,2,1,-1,1,-1
2015480036569,1,1,0,9,0,8,0,0,0,0,3,1,2,1,49,8,-1,-1,-1,-1,1,-1
2015480036569,2,8,0,7,0,8,0,0,0,0,4,1,1,1,50,8,2664,2,15,-1,1,-1
2015480036915,1,8,0,9,0,8,0,0,0,0,1,1,1,1,48,8,2143,2,3,-1,1,-1
2015480036961,1,9,0,9,0,2,1,0,0,0,1,1,6,1,50,8,2967,2,3,-1,3,-1
2015480036995,1,9,0,18,0,8,0,0,0,0,3,1,6,3,-1,-1,-1,-1,-1,-1,-1,-1
2015480037275,1,98,0,5,0,1,0,0,0,0,1,1,1,1,41,7,10518,2,3,-1,1,-1
2015480037275,2,1,0,5,0,1,0,0,0,0,2,1,6,1,34,6,-1,-1,-1,-1,1,-1
2015480037279,1,3,0,13,0,0,0,0,0,0,1,1,1,1,27,6,108,1,-1,-1,1,-1
2015480037279,2,3,0,15,0,0,0,0,0,0,2,1,1,1,19,4,108,1,-1,-1,1,-1
2015480037281,1,5,0,18,0,0,0,0,0,0,1,1,2,1,52,8,589,1,23,-1,1,-1
2015480037346,1,9,0,2,0,1,0,0,0,0,3,1,5,1,76,11,2000,1,15,-1,1,-1
2015480037346,2,1,0,18,0,1,0,0,0,0,4,1,5,1,51,8,-1,-1,-1,-1,2,-1
2015480037777,1,8,0,7,0,8,0,0,0,0,1,1,1,1,28,6,1797,8,5,-1,1,-1
2015480037777,2,2,0,18,0,8,0,0,0,0,3,1,2,2,38,7,49,1,8,-1,1,-1
2015480038058,1,1,0,18,0,1,0,0,0,0,1,1,6,1,30,6,-1,-1,-1,-1,-1,-1
2015480038223,1,8,0,7,0,2,0,0,0,0,1,1,1,1,36,7,1797,8,5,-1,1,-1
2015480038364,1,11,0,3,0,1,0,0,0,0,0,1,1,1,53,8,18146,2,4,-1,1,-1
2015480038764,1,9,0,18,0,2,0,0,0,0,1,1,5,1,18,4,1197,1,2,-1,1,-1
2015500039552,1,19,0,9,0,5,0,0,0,0,1,1,1,1,32,6,2143,2,3,-1,1,-1
2015500039552,2,9,0,18,0,1,0,0,0,0,1,1,3,2,28,6,1870,2,10,-1,1,-1
2015500039596,1,98,0,17,0,0,0,0,7,4,1,1,1,2,30,6,1997,2,8,-1,1,-1
2015500039603,1,9,0,18,0,2,0,0,2,11,1,1,5,1,34,6,2171,1,11,-1,2,-1
2015500039733,1,9,0,18,0,0,0,0,0,0,2,1,6,1,62,9,998,1,13,-1,1,-1
2015500039733,2,1,0,18,0,0,0,0,0,0,1,1,6,1,34,6,-1,-1,-1,-1,1,-1
2015500039846,1,9,0,5,0,0,0,0,0,0,1,1,6,1,52,8,2354,1,12,-1,1,-1
2015500039846,2,9,0,3,0,0,0,0,0,0,2,1,5,2,-1,-1,1910,2,7,-1,1,-1
2015500039846,3,9,0,18,0,0,0,0,0,0,0,1,6,1,-1,-1,-1,-1,-1,-1,-1,-1
2015500039982,1,-1,-1,-1,-1,0,-1,-1,-1,0,-1,1,6,3,-1,-1,-1,-1,-1,-1,-1,-1
2015500039985,1,9,0,16,0,2,5,0,0,0,1,1,3,2,50,8,2180,2,22,-1,2,-1
2015500039994,1,90,0,5,0,2,0,0,0,0,1,1,1,1,43,7,4580,2,7,-1,2,-1
2015500039994,2,19,0,18,0,1,0,0,0,0,4,1,1,1,46,8,-1,-1,-1,-1,1,-1
2015500039999,1,9,0,1,0,0,0,0,0,0,2,1,5,2,61,9,1339,1,10,-1,2,-1
2015500040015,1,8,0,18,0,0,0,0,0,0,0,1,1,1,37,7,2151,2,12,-1,1,-1
2015500040079,1,9,0,16,0,0,0,0,0,0,1,1,5,1,44,7,1997,2,3,-1,1,-1
2015500040213,1,3,0,16,0,0,1,0,0,0,1,1,6,1,20,4,111,1,3,-1,1,-1
2015500040213,2,9,0,17,0,0,0,0,0,0,1,1,6,1,52,8,3996,1,18,-1,3,-1
2015500040219,1,9,0,18,0,0,2,0,2,10,1,1,1,1,23,5,1229,1,9,-1,3,-1
2015500040219,2,19,0,18,0,0,0,0,0,0,1,1,6,1,66,10,1560,2,6,-1,3,-1
2015500040315,1,9,0,16,0,1,5,0,1,10,1,2,2,1,67,10,1590,1,14,-1,3,-1
2015500040344,1,9,0,17,0,0,0,0,1,1,1,1,5,1,43,7,1598,1,16,-1,2,-1
2015500040429,1,9,0,18,0,2,0,0,0,0,1,1,6,2,38,7,1598,2,-1,-1,1,-1
2015500040429,2,98,0,10,0,1,0,0,0,0,1,1,6,2,66,10,-1,-1,-1,-1,1,-1
2015500040559,1,9,0,4,0,0,5,0,2,0,3,1,1,1,28,6,-1,-1,-1,-1,3,-1
2015500040632,1,9,0,9,0,2,0,0,0,0,3,1,6,2,31,6,1598,1,10,-1,1,-1
2015500040632,2,1,0,3,0,1,0,0,0,0,3,1,6,1,27,6,-1,-1,-1,-1,2,-1
2015500042854,1,9,0,18,0,0,2,0,1,10,1,1,6,2,30,6,1124,1,13,-1,1,-1
2015500045695,1,11,0,9,0,8,0,0,1,0,4,1,1,1,50,8,4500,2,4,-1,1,-1
2015500047102,1,11,0,18,0,0,0,0,0,0,1,1,1,3,-1,-1,-1,-1,-1,-1,-1,-1