Accident_Index,Vehicle_Reference,Vehicle_Type,Towing_and_Articulation,Vehicle_Manoeuvre,Vehicle_Location-Restricted_Lane,Junction_Location,Skidding_and_Overturning,Hit_Object_in_Carriageway,Vehicle_Leaving_Carriageway,Hit_Object_off_Carriageway,1st_Point_of_Impact,Was_Vehicle_Left_Hand_Drive?,Journey_Purpose_of_Driver,Sex_of_Driver,Age_of_Driver,Age_Band_of_Driver,Engine_Capacity_(CC),Propulsion_Code,Age_of_Vehicle,Driver_IMD_Decile,Driver_Home_Area_Type,Vehicle_IMD_Decile
2015500066539,1,9,0,5,0,4,0,0,0,0,1,1,1,1,20,4,1796,1,11,-1,1,-1
2015500066539,2,1,0,18,0,4,0,0,0,0,3,1,6,1,44,7,-1,-1,-1,-1,1,-1
2015500066903,1,9,0,18,0,0,0,0,1,11,1,1,5,1,34,6,2172,2,13,-1,2,-1
2015500067816,1,98,0,18,0,0,0,0,0,0,1,1,6,1,42,7,4461,2,6,-1,3,-1
2015500067816,2,98,0,18,0,0,0,0,0,0,1,1,6,1,51,8,1868,2,13,-1,1,-1
201550AC2B001,1,9,0,18,0,0,0,0,8,11,1,1,6,2,48,8,-1,-1,-1,-1,3,-1
201550AC2B003,1,9,0,18,0,0,0,0,0,0,3,1,6,3,-1,-1,-1,-1,-1,-1,-1,-1
201550AC2B005,1,9,0,18,0,0,0,0,0,0,3,1,6,2,27,6,2967,1,15,-1,1,-1
201550AC2B005,2,9,0,18,0,0,5,0,0,0,3,1,6,1,65,9,1587,1,16,-1,1,-1
201550AC2B008,1,9,0,9,0,1,0,0,0,0,1,1,6,3,-1,-1,-1,-1,-1,-1,-1,-1
201550AC2B010,1,9,0,18,0,0,0,0,0,0,1,1,6,2,18,4,1198,1,12,-1,1,-1
201550AC2B010,2,5,0,18,0,0,0,0,0,0,1,1,6,1,36,7,649,1,1,-1,2,-1
201550AC2B012,1,9,0,13,0,0,0,0,0,0,1,1,6,1,31,6,2498,1,16,-1,1,-1
201550AC2B013,1,9,0,18,0,1,0,0,0,0,1,1,6,3,-1,-1,-1,-1,-1,-1,-1,-1
201550AC2B013,2,9,0,3,0,1,0,0,0,0,2,1,6,2,47,8,898,1,2,-1,1,-1
201550AC2C002,1,9,0,18,0,0,0,0,0,0,1,1,6,1,29,6,-1,-1,-1,-1,3,-1
201550AC2C002,2,9,0,18,0,0,0,0,1,0,1,1,1,1,32,6,1598,2,1,-1,1,-1
201550AC2C004,1,9,0,18,0,1,0,0,0,0,1,1,6,1,24,5,1998,1,13,-1,1,-1
201550AC2C004,2,9,0,18,0,1,0,0,0,0,2,1,6,2,48,8,-1,-1,-1,-1,2,-1
201550AC2C004,3,9,0,18,0,1,0,0,0,0,2,1,6,1,74,10,999,1,3,-1,1,-1
201550AC2C008,1,9,0,1,0,0,0,0,0,0,2,1,6,1,55,8,-1,-1,-1,-1,1,-1
201550AC2C010,1,5,0,18,0,0,0,0,0,0,0,1,6,1,43,7,999,1,1,-1,1,-1
201550AC2C011,1,19,0,4,0,1,1,0,0,0,4,1,6,3,-1,-1,-1,-1,-1,-1,-1,-1
201550AC2C014,1,9,0,18,0,0,0,0,0,0,3,1,1,1,57,9,1248,2,1,-1,1,-1
201550AC2C019,1,9,0,7,0,6,0,0,0,0,1,1,6,2,37,7,1905,2,19,-1,1,-1
201550AC2C019,2,1,0,18,0,7,0,0,0,0,4,1,6,1,14,3,-1,-1,-1,-1,1,-1
201550AC2C023,1,9,0,18,0,6,0,0,0,0,1,1,6,2,63,9,1390,1,14,-1,1,-1
201550AC2C028,1,9,0,9,0,1,0,0,0,0,1,1,6,2,60,9,1496,2,-1,-1,1,-1
201550AC2C028,2,9,0,18,0,1,0,0,0,0,3,1,6,1,35,6,1798,1,7,-1,1,-1
201550AC2C029,1,9,0,16,0,0,1,0,8,11,1,1,6,1,24,5,1998,1,21,-1,1,-1
201550AC2C031,1,9,0,5,0,0,0,0,0,0,1,1,6,1,62,9,3050,2,18,-1,1,-1
201550AC2C031,2,9,0,2,0,0,0,0,0,0,1,1,6,2,-1,-1,1199,1,12,-1,1,-1
201550AC2C031,3,9,0,2,0,0,0,0,0,0,1,1,6,2,57,9,1364,1,5,-1,1,-1
201550AC2D003,1,9,0,18,0,0,0,0,0,0,1,1,6,1,30,6,1796,1,13,-1,1,-1
201550AC2D004,1,9,0,9,0,6,0,0,0,0,3,1,6,1,80,11,2494,2,5,-1,3,-1
201550AC2D004,2,9,0,18,0,1,1,0,0,0,1,1,6,2,43,7,-1,-1,-1,-1,3,-1
201550AC2D006,1,9,0,5,0,1,0,0,0,0,3,1,1,2,51,8,1560,2,9,-1,3,-1
201550AC2D006,2,1,0,18,0,1,0,0,0,0,1,1,6,1,53,8,-1,-1,-1,-1,1,-1
201550AC2D008,1,9,0,17,0,0,5,0,0,11,1,1,6,2,20,4,1599,1,11,-1,2,-1
201550AC2D009,1,20,0,18,0,0,0,0,0,0,4,1,1,1,29,6,3920,2,8,-1,1,-1
201550AC2D010,1,9,0,18,0,4,0,0,0,0,1,1,2,2,38,7,1968,2,8,-1,1,-1
201550AC2D010,2,9,0,18,0,8,0,0,0,0,4,1,3,2,33,6,-1,-1,-1,-1,1,-1
201550AC2D012,1,9,0,9,0,1,0,0,0,0,1,1,6,1,73,10,1997,2,14,-1,1,-1
201550AC2D012,2,4,0,18,0,1,5,0,0,0,4,1,6,1,22,5,498,1,14,-1,1,-1
201550AC2D014,1,9,0,9,0,1,0,0,0,0,4,1,6,2,-1,-1,1995,2,6,-1,3,-1
201550AC2D015,1,19,0,18,0,0,1,0,0,0,1,1,1,1,29,6,2500,2,14,-1,2,-1
201550AC2D015,2,9,0,4,0,0,0,0,0,0,2,1,6,1,49,8,1560,2,4,-1,1,-1
201550AC2D015,3,9,0,4,0,0,0,0,0,0,2,1,6,1,75,10,-1,-1,-1,-1,1,-1
201550AC2D018,1,9,0,3,0,1,0,0,0,0,1,1,6,2,35,6,1998,2,10,-1,3,-1
201550AC2D018,2,9,0,3,0,2,0,0,0,0,2,1,6,1,55,8,1761,1,14,-1,1,-1
201550AC2D019,1,9,0,18,0,8,0,0,0,0,1,1,6,1,24,5,1461,2,1,-1,1,-1
201550AC2D020,1,19,0,6,0,0,0,0,0,0,3,1,1,1,46,8,2287,2,-1,-1,2,-1
201550AC2D020,2,2,0,14,0,0,2,0,0,0,1,1,6,1,65,9,-1,-1,-1,-1,1,-1
201550AC2D022,1,9,0,4,0,5,0,0,0,0,1,1,6,2,25,5,1597,1,7,-1,2,-1
201550AC2D022,2,9,0,18,0,1,0,0,0,0,2,1,6,2,43,7,1560,2,8,-1,1,-1
201550AC2D023,1,9,0,9,0,1,0,0,0,0,0,1,6,2,17,4,1149,1,9,-1,1,-1
201550AC2D023,2,9,0,18,0,1,0,0,0,0,0,1,6,2,41,7,1360,1,8,-1,1,-1
201550AC2D025,1,3,0,18,0,0,0,0,1,0,4,1,6,1,19,4,125,1,1,-1,2,-1
201550AC2D027,1,9,0,1,0,0,0,0,0,0,2,1,6,1,43,7,1598,1,9,-1,1,-1
201550AC2D027,2,9,0,2,0,0,0,0,0,0,1,1,6,1,-1,-1,1398,2,11,-1,1,-1
201550AC2D027,3,9,0,2,0,0,0,0,0,0,0,1,6,2,32,6,1360,1,14,-1,1,-1
201550AC2D028,1,9,0,13,0,0,1,0,1,7,2,1,1,1,36,7,-1,-1,-1,-1,2,-1
201550AC2D028,2,21,0,18,0,0,2,0,0,0,1,1,1,1,59,9,5880,2,10,-1,1,-1
201550AC3C002,1,9,0,16,0,0,2,0,1,11,1,1,6,1,20,4,-1,-1,-1,-1,2,-1
201550AC3C003,1,9,0,4,0,0,1,0,0,0,1,1,6,1,41,7,1999,1,14,-1,1,-1
201550AC3C003,2,9,0,3,0,0,0,0,0,0,2,1,6,1,67,10,1896,2,13,-1,1,-1
201550AC3C004,1,9,0,5,0,1,0,0,0,0,1,1,6,1,22,5,1399,2,12,-1,3,-1
201550AC3C004,2,9,0,5,0,1,0,0,0,0,2,1,6,2,27,6,-1,-1,-1,-1,2,-1
201550AC3C004,3,9,0,4,0,1,0,0,0,0,2,1,6,1,58,9,1149,1,6,-1,1,-1
201550AC3C005,1,9,0,16,0,0,2,0,1,11,1,1,6,1,18,4,1149,1,14,-1,3,-1
201550AC3C006,1,9,0,5,0,1,0,0,0,0,1,1,6,2,71,10,1341,1,12,-1,1,-1
201550AC3C006,2,9,0,17,0,1,0,0,0,0,4,1,6,1,30,6,-1,-1,-1,-1,1,-1
201550AC3C008,1,9,0,9,0,6,0,0,0,0,1,1,6,3,-1,-1,1997,2,14,-1,-1,-1
201550AC3C008,2,9,0,18,0,1,0,0,0,0,1,1,6,1,23,5,1149,1,12,-1,3,-1
201550AC3C011,1,9,0,9,0,5,0,0,0,0,1,1,6,2,22,5,1229,1,10,-1,1,-1
201550AC3C011,2,9,0,18,0,8,0,0,0,0,1,1,6,1,83,11,1988,2,10,-1,1,-1
201550AC3C012,1,1,0,18,9,0,0,0,0,0,0,1,6,3,-1,-1,-1,-1,-1,-1,-1,-1
201550AC3C015,1,9,0,18,0,0,0,0,0,0,1,1,6,1,-1,-1,-1,-1,-1,-1,1,-1
201550AC3C015,2,9,0,4,0,0,0,0,0,0,2,1,6,1,40,7,-1,-1,-1,-1,1,-1
201550AC3C016,1,9,0,18,0,0,0,0,0,0,1,1,1,2,18,4,1389,1,10,-1,1,-1
201550AC3C019,1,9,0,17,0,0,0,0,0,0,1,1,6,2,19,4,1242,1,14,-1,1,-1
201550AC3C019,2,9,0,18,0,0,0,0,1,11,1,1,6,2,39,7,1598,1,14,-1,1,-1
201550AC3C021,1,9,0,3,0,0,0,0,0,0,1,1,6,1,66,10,1956,2,-1,-1,1,-1
201550AC3C021,2,1,0,18,0,0,0,0,0,0,1,1,6,1,10,2,-1,-1,-1,-1,1,-1
201550AC3C024,1,9,0,3,0,0,0,0,0,0,0,1,2,1,35,6,1242,1,13,-1,1,-1
201550AC3C024,2,9,0,3,0,0,0,0,0,0,2,1,6,1,54,8,1796,1,11,-1,1,-1
201550AC3C024,3,9,0,4,0,0,1,0,0,0,2,1,2,2,43,7,1596,1,13,-1,1,-1
201550AC3C024,4,9,0,4,0,0,1,0,0,0,1,1,6,1,28,6,1781,1,15,-1,1,-1
201550AC3C028,1,9,0,9,0,8,0,0,0,0,1,1,6,2,24,5,993,1,13,-1,3,-1
201550AC3C028,2,9,0,18,0,8,0,0,0,0,1,1,6,1,63,9,1896,2,12,-1,1,-1
201550AC3C029,1,19,0,5,0,4,0,0,0,0,1,1,6,1,57,9,2461,2,10,-1,3,-1
201550AC3C029,2,2,0,18,0,8,0,0,0,0,1,1,6,2,16,4,49,1,5,-1,1,-1
201550AC3C032,1,9,0,1,0,0,0,0,0,0,2,1,1,1,54,8,-1,-1,-1,-1,3,-1
201550AC3C033,1,9,0,5,0,4,0,0,0,0,1,1,6,2,25,5,1997,2,11,-1,3,-1
201550AC3C033,2,9,0,5,0,4,0,0,0,0,4,1,6,2,18,4,1388,1,10,-1,2,-1
201550AC3C034,1,9,0,18,0,8,0,0,0,0,4,1,1,1,44,7,1956,2,4,-1,1,-1
201550AC3C034,2,9,0,9,0,6,0,0,0,0,1,1,6,1,57,9,1998,1,15,-1,1,-1
201550AC3C035,1,9,0,18,0,4,0,0,0,0,1,1,6,2,-1,-1,1598,1,8,-1,2,-1
201550AC3C035,2,9,0,18,0,4,0,0,0,0,2,1,6,2,27,6,1796,1,9,-1,1,-1
201550AC3C037,1,9,0,13,0,1,0,0,0,0,1,1,6,1,62,9,1598,1,7,-1,1,-1
201550AC3C037,2,1,0,9,0,1,0,0,0,0,2,1,2,1,20,4,-1,-1,-1,-1,-1,-1
201550AC3C038,1,9,0,10,0,6,0,0,0,0,1,1,6,1,51,8,1496,2,-1,-1,1,-1
201550AC3C038,2,3,0,18,0,1,0,0,0,0,2,1,6,1,24,5,124,1,1,-1,1,-1
201550AC3D001,1,19,0,1,0,2,0,0,0,0,2,1,1,1,58,9,1560,2,1,-1,1,-1
201550AC3D002,1,9,0,17,0,0,0,0,0,0,1,1,6,2,21,5,-1,-1,-1,-1,1,-1
201550AC3D003,1,9,0,7,0,1,0,0,2,11,1,1,6,2,17,4,-1,-1,-1,-1,1,-1
201550AC3D004,1,9,0,17,0,0,0,0,0,0,1,1,6,2,40,7,1598,1,14,-1,1,-1
201550AC3D005,1,9,0,16,0,7,2,0,8,7,3,1,6,2,30,6,1994,1,10,-1,3,-1
201550AC3D005,2,9,0,16,0,7,0,0,0,0,0,1,6,3,-1,-1,-1,-1,-1,-1,-1,-1
201550AC3D006,1,9,0,2,0,1,0,0,0,0,3,1,6,1,59,9,1997,2,12,-1,1,-1
201550AC3D006,2,1,0,14,0,1,0,0,0,0,4,1,6,1,18,4,-1,-1,-1,-1,2,-1
201550AC3D007,1,19,0,4,0,1,0,0,0,0,1,1,1,1,28,6,2198,2,4,-1,3,-1
201550AC3D007,2,9,0,4,0,1,0,0,0,0,2,1,6,2,74,10,1398,1,15,-1,1,-1
201550AC3D009,1,9,0,1,0,1,0,0,0,0,2,1,6,1,73,10,2967,2,1,-1,3,-1
201550AC3D011,1,9,0,18,0,0,0,0,0,0,0,1,6,3,-1,-1,-1,-1,-1,-1,-1,-1
201550AC3D011,2,3,0,18,0,0,1,0,0,0,0,1,6,2,40,7,124,1,6,-1,1,-1
201550AC3D012,1,9,0,18,0,0,0,0,0,0,3,1,6,2,20,4,1910,2,8,-1,1,-1
201550AC3E001,1,9,0,18,0,0,1,0,7,0,1,1,1,1,30,6,1560,2,9,-1,1,-1
201550AC3E002,1,9,0,18,0,0,0,0,1,9,4,1,6,2,58,9,1339,1,6,-1,1,-1
201550AC3E003,1,9,0,5,0,6,0,0,0,0,3,1,1,2,31,6,1198,1,12,-1,3,-1
201550AC3E003,2,9,0,16,0,1,1,0,0,0,1,1,1,1,27,6,1343,1,13,-1,3,-1
201550AC3E005,1,9,0,13,0,0,0,0,0,0,4,1,6,1,53,8,-1,-1,-1,-1,2,-1
201550AC3E005,2,1,0,18,0,0,0,0,2,0,3,1,6,1,36,7,-1,-1,-1,-1,1,-1
201550AC3F001,1,9,0,18,0,4,0,0,0,0,1,1,6,2,77,11,1242,1,10,-1,1,-1
201550AC3F001,2,9,0,18,0,3,0,0,0,0,4,1,6,1,26,6,1994,1,14,-1,1,-1
201550AC3F002,1,9,0,9,0,5,0,0,0,0,1,1,1,2,37,7,1248,2,3,-1,3,-1
201550AC3F004,1,9,0,16,0,0,0,0,0,0,3,1,6,1,80,11,998,1,1,-1,1,-1
201550AC3F004,2,9,0,17,0,0,0,0,0,0,3,1,1,1,47,8,1997,2,15,-1,1,-1
201550AC3F004,3,21,0,17,0,0,0,0,0,0,3,1,1,1,57,9,9200,2,3,-1,3,-1
201550AC3F005,1,9,0,16,0,0,0,0,1,11,3,1,1,1,33,6,-1,-1,-1,-1,1,-1
201550AC3F005,2,11,0,17,0,0,0,0,1,9,3,1,1,1,65,9,4250,2,10,-1,1,-1
201550AC3F006,1,9,0,17,0,8,0,0,7,10,1,1,6,1,28,6,1598,1,15,-1,1,-1
201550AC3F008,1,9,0,9,0,0,0,0,0,0,4,1,6,1,29,6,1796,1,12,-1,1,-1
201550AC3F008,2,3,0,18,0,0,1,0,0,0,1,1,6,1,18,4,124,1,1,-1,3,-1
201550AC3F009,1,9,0,18,0,0,0,0,0,0,1,1,6,1,41,7,-1,-1,-1,-1,1,-1
201550AC3F009,2,5,0,18,0,0,0,0,0,0,1,1,6,1,47,8,988,1,10,-1,2,-1
201550AC3F011,1,9,0,17,0,0,2,0,7,11,1,1,6,1,42,7,1398,2,9,-1,1,-1
201550AC3F012,1,9,0,3,0,1,0,0,0,0,0,1,6,3,-1,-1,-1,-1,-1,-1,-1,-1
201550AC3F012,2,1,0,10,0,1,0,0,0,0,0,1,6,2,55,8,-1,-1,-1,-1,3,-1
201550AC3F013,1,4,0,18,0,0,0,0,0,0,1,1,6,1,24,5,498,1,18,-1,1,-1
201550AC3F014,1,9,0,18,0,8,0,0,0,0,1,1,6,1,62,9,-1,-1,-1,-1,1,-1
201550AC3F014,2,9,0,18,0,1,0,0,0,0,3,1,6,2,32,6,1560,2,8,-1,1,-1
201550AC3F015,1,9,0,18,0,1,0,0,0,0,1,1,6,1,93,11,1587,1,15,-1,2,-1
201550AC3F015,2,9,0,3,0,1,0,0,0,0,2,1,6,1,46,8,1598,1,13,-1,1,-1
201550AC3F015,3,9,0,3,0,1,0,0,0,0,2,1,6,1,42,7,1390,1,11,-1,1,-1
201550AC3G001,1,21,1,18,0,0,0,6,0,0,1,1,1,1,66,10,11705,2,3,-1,1,-1
201550AC3G001,2,9,0,18,0,0,0,0,0,0,1,1,6,1,42,7,1998,2,11,-1,2,-1
201550AC3G002,1,9,0,18,0,0,1,0,0,0,1,1,6,1,22,5,1396,1,16,-1,2,-1
201550AC3G002,2,9,0,4,0,0,0,0,0,0,1,1,6,2,23,5,1242,1,11,-1,1,-1
201550AC3G004,1,9,0,5,6,1,0,0,0,0,3,1,6,1,73,10,1999,1,5,-1,1,-1
201550AC3G004,2,9,0,18,8,1,1,0,0,0,1,1,6,2,70,10,1240,1,6,-1,1,-1
201550AC3G005,1,9,0,3,0,1,0,0,0,0,0,1,2,2,41,7,1905,2,17,-1,1,-1
201550AC3G005,2,9,0,16,0,1,0,0,0,0,0,1,2,2,49,8,1149,1,8,-1,3,-1
201550AC3G006,1,9,0,5,0,6,0,0,0,0,3,1,6,1,61,9,1198,1,-1,-1,3,-1
201550AC3G006,2,9,0,18,0,8,0,0,0,0,1,1,6,2,17,4,995,1,11,-1,1,-1
201550AC3G007,1,9,0,16,0,8,0,0,0,0,1,1,6,2,36,7,796,1,11,-1,2,-1
201550AC3G007,2,9,0,17,0,8,0,0,0,0,1,1,1,1,26,6,1598,1,13,-1,1,-1
201550AC3G008,1,9,0,18,0,1,0,0,0,0,1,1,6,2,35,6,1390,1,8,-1,1,-1
201550AC3G008,2,9,0,10,0,1,0,0,0,0,4,1,6,2,55,8,2179,2,6,-1,3,-1
201550AC3H001,1,9,0,7,0,3,0,0,0,0,1,1,1,2,49,8,1598,1,8,-1,2,-1
201550AC3H001,2,1,0,9,0,3,0,0,0,0,1,1,6,1,40,7,-1,-1,-1,-1,1,-1
201550AC3H003,1,9,0,18,0,0,0,0,0,0,3,1,6,1,70,10,2720,2,9,-1,1,-1
201550AC3I001,1,9,0,18,0,1,0,0,0,0,1,1,6,3,39,7,-1,-1,-1,-1,3,-1
201550AC3I001,2,1,0,9,0,1,0,0,0,0,2,1,6,1,52,8,-1,-1,-1,-1,3,-1
201550AC3I002,1,2,0,18,0,1,0,0,0,0,1,1,6,1,35,6,-1,-1,-1,-1,3,-1
201550AC3I002,2,9,0,9,0,6,0,0,0,0,4,1,6,2,63,9,1668,1,13,-1,2,-1
201550AC3J002,1,9,0,18,0,1,0,0,0,0,1,1,6,3,-1,-1,-1,-1,-1,-1,-1,-1
201550AC3J003,1,9,0,18,0,1,1,0,0,0,1,1,6,1,18,4,1198,1,13,-1,1,-1
201550AC3J003,2,9,0,3,0,2,0,0,0,0,2,1,6,1,33,6,1995,2,4,-1,1,-1
201550AC3J004,1,9,0,18,0,8,2,0,7,0,2,1,3,2,64,9,-1,-1,-1,-1,1,-1
201550AC3J005,1,9,0,16,0,0,1,0,0,6,1,1,6,2,38,7,-1,-1,-1,-1,1,-1
201550AC3J005,2,9,0,16,0,0,1,0,0,7,2,1,2,1,31,6,-1,-1,-1,-1,2,-1
201550AC3J010,1,9,0,3,0,1,0,0,0,0,2,1,6,2,22,5,1781,1,19,-1,1,-1
201550AC3J010,2,9,0,5,0,1,0,0,0,0,1,1,6,2,49,8,1390,1,1,-1,-1,-1
201550AC3J011,1,19,0,5,0,4,0,0,0,0,1,1,1,1,22,5,2402,2,7,-1,-1,-1
201550AC3J011,2,9,0,5,0,4,0,0,0,0,2,1,2,2,43,7,-1,-1,-1,-1,3,-1
201550AC3J014,1,9,0,4,0,1,0,0,0,0,2,1,6,1,30,6,1242,1,12,-1,1,-1
201550AC3J014,2,9,0,18,0,1,0,0,0,0,1,1,6,1,59,9,1686,2,7,-1,3,-1
201550AC3J015,1,9,0,18,0,1,0,0,0,0,1,1,6,1,62,9,2188,2,10,-1,3,-1
201550AC3J015,2,9,0,3,0,1,0,0,0,0,2,1,6,2,30,6,1596,1,8,-1,1,-1
201550AC3J016,1,9,0,18,0,0,0,0,1,4,1,1,2,1,37,7,2793,1,16,-1,3,-1
201550AC3J017,1,9,0,18,0,0,0,0,0,0,1,1,6,1,30,6,1984,1,1,-1,1,-1
201550AC3J017,2,9,0,4,0,0,0,0,0,0,2,1,6,2,25,5,1796,1,11,-1,3,-1
201550AC3J017,3,9,0,10,0,0,0,0,0,0,2,1,6,2,67,10,1360,1,13,-1,1,-1
201550AC3J019,1,1,0,17,0,8,0,0,0,0,0,1,6,1,40,7,-1,-1,-1,-1,1,-1
201550AC3J021,1,9,0,3,0,0,0,0,0,0,3,1,6,1,48,8,1590,1,13,-1,2,-1
201550AC3J024,1,3,0,18,0,1,0,0,0,0,1,1,6,1,18,4,125,1,4,-1,1,-1
201550AC3J024,2,9,0,18,0,1,0,0,0,0,2,1,6,3,-1,-1,-1,-1,-1,-1,-1,-1
201550AC3J025,1,19,0,2,0,0,0,0,0,0,2,1,1,1,49,8,2198,2,2,-1,2,-1
201550AC3J025,2,9,0,18,0,0,0,4,2,7,4,1,6,2,84,11,1086,1,10,-1,3,-1
201550AC3J026,1,9,0,9,0,6,0,4,0,0,1,1,6,1,84,11,1124,1,2,-1,1,-1
201550AC3J026,2,9,0,2,0,8,0,0,0,0,2,1,6,1,57,9,1989,1,15,-1,1,-1
201550AC3J027,1,9,0,1,0,6,0,0,0,0,2,1,1,1,58,9,1360,1,14,-1,1,-1
201550AC3J027,2,9,0,18,0,1,0,0,0,0,4,1,6,1,45,7,-1,-1,-1,-1,1,-1
201550AC3J028,1,3,0,18,0,0,1,0,0,0,3,1,2,2,17,4,125,1,13,-1,2,-1
201550AC3J030,1,3,0,18,0,8,1,0,1,10,1,1,1,1,20,4,109,1,-1,-1,1,-1
201550AC3J031,1,9,0,18,0,0,0,0,1,2,1,1,6,2,29,6,1997,2,11,-1,2,-1
201550AC3J037,1,9,0,4,0,1,1,0,0,0,1,1,6,2,24,5,993,1,14,-1,1,-1
201550AC3J037,2,9,0,4,0,1,0,0,0,0,2,1,6,1,58,9,1242,1,4,-1,1,-1
201550AC3J039,1,9,0,6,0,0,0,0,0,0,4,1,6,1,57,9,-1,-1,-1,-1,1,-1
201550AC3J039,2,3,0,18,0,0,0,0,0,0,1,1,6,1,29,6,-1,-1,-1,-1,-1,-1
201550AC3J040,1,10,0,5,0,8,0,0,0,0,3,1,3,1,67,10,2800,2,11,-1,2,-1
201550AC3J040,2,9,0,18,0,8,0,0,0,0,4,1,3,2,36,7,1124,1,13,-1,2,-1
201550AC3J041,1,9,0,12,0,3,0,0,0,0,3,1,6,1,19,4,998,1,10,-1,1,-1
201550AC3J041,2,9,0,11,0,3,0,10,7,0,4,1,6,2,62,9,1297,1,25,-1,1,-1
201550AC3J041,3,19,0,3,0,4,0,0,0,0,3,1,1,2,49,8,2198,2,1,-1,3,-1
201550AC3J042,1,9,0,18,0,4,0,0,0,0,1,1,6,1,17,4,1242,1,8,-1,1,-1
201550AC3J042,2,3,0,18,0,3,0,0,0,0,2,1,6,1,20,4,125,1,1,-1,2,-1
201550AC3J043,1,9,0,18,0,0,0,0,0,0,1,1,1,1,48,8,1796,1,10,-1,3,-1
201550AC3J043,2,1,0,18,0,0,2,0,0,0,2,1,1,1,26,6,-1,-1,-1,-1,1,-1
201550AC3J044,1,9,0,18,0,4,0,0,0,0,1,1,6,1,77,11,2401,2,13,-1,1,-1
201550AC3J044,2,1,0,18,0,8,0,0,0,0,4,1,6,2,30,6,-1,-1,-1,-1,1,-1
201550AC3J045,1,9,0,9,0,8,0,0,0,0,1,1,6,2,40,7,1149,1,5,-1,1,-1
201550AC3J045,2,5,0,17,0,8,0,0,0,0,1,1,6,2,43,7,599,1,15,-1,1,-1
201550AC3J046,1,9,0,4,0,1,0,0,0,0,1,1,6,3,-1,-1,-1,-1,-1,-1,-1,-1
201550AC3J046,2,9,0,4,0,1,0,0,0,0,1,1,6,2,19,4,1399,2,6,-1,1,-1
201550AC3J046,3,9,0,8,0,1,0,0,0,0,2,1,6,1,39,7,1997,2,9,-1,3,-1
201550AC3J047,1,9,0,18,0,4,0,0,0,0,1,1,2,2,53,8,1461,2,2,-1,3,-1
201550AC3J047,2,3,0,18,0,4,0,0,0,0,2,1,2,2,37,7,125,1,13,-1,3,-1
201550AC3J049,1,9,0,18,0,0,0,0,0,0,1,1,6,2,34,6,1587,1,12,-1,1,-1
201550AC3J049,2,9,0,18,0,0,0,0,0,0,2,1,6,1,26,6,-1,-1,-1,-1,3,-1
201550AC3J050,1,9,0,13,0,1,0,0,0,0,1,1,6,1,19,4,-1,-1,-1,-1,1,-1
201550AC3J050,2,9,0,9,0,5,0,0,0,0,4,1,6,1,45,7,-1,-1,-1,-1,1,-1
201550AH2A002,1,9,0,18,0,0,0,0,0,0,1,1,6,1,53,8,1149,1,8,-1,1,-1
201550AH2A003,1,3,0,18,0,0,1,0,0,0,1,1,2,1,17,4,124,1,11,-1,2,-1
201550AH2A003,2,9,0,3,0,0,0,0,0,0,2,1,1,1,57,9,1499,2,2,-1,2,-1
201550AH2B001,1,4,0,4,0,0,0,0,0,0,0,1,6,1,46,8,499,1,17,-1,1,-1
201550AH2C003,1,9,0,18,0,0,0,0,0,0,3,1,6,1,81,11,1339,1,11,-1,3,-1
201550AH2C003,2,9,0,18,0,0,0,0,0,0,3,1,1,2,43,7,1998,2,9,-1,2,-1
201550AH2C005,1,9,0,16,0,0,1,0,8,4,1,1,6,1,21,5,1900,2,15,-1,2,-1
201550AH2C006,1,9,0,17,0,0,0,0,0,0,3,1,4,2,54,8,1753,2,8,-1,-1,-1
201550AH2C006,2,9,0,16,0,0,0,0,0,0,3,1,6,1,52,8,1999,1,6,-1,1,-1
201550AH2C007,1,9,0,18,0,1,0,0,0,0,1,1,6,3,-1,-1,-1,-1,-1,-1,-1,-1
201550AH2D001,1,9,0,14,0,0,0,0,0,0,1,1,6,1,67,10,1596,1,3,-1,3,-1
201550AH2D002,1,9,0,9,0,8,0,0,0,0,1,1,6,2,24,5,-1,-1,-1,-1,1,-1
201550AH2D002,2,9,0,18,0,1,0,0,0,0,1,1,6,1,38,7,1910,2,6,-1,3,-1
201550AH2D003,1,9,0,18,0,0,0,0,0,11,1,1,6,1,76,11,1560,2,1,-1,1,-1
201550AH2D004,1,9,0,18,0,0,0,0,0,10,1,1,6,1,58,9,1339,1,12,-1,1,-1
201550AH2D005,1,3,0,4,0,1,2,0,0,0,1,1,6,1,45,7,124,1,4,-1,3,-1
201550AH2D005,2,9,0,3,0,1,0,0,0,0,2,1,2,2,52,8,1896,1,19,-1,3,-1
201550AH2D005,3,17,4,3,0,6,0,0,0,0,0,1,1,1,27,6,-1,-1,-1,-1,1,-1
201550AH2D005,4,9,0,18,0,2,0,0,0,0,3,1,3,2,34,6,1997,2,10,-1,1,-1
201550AH2D007,1,9,0,14,0,0,0,4,0,0,3,1,6,1,76,11,1598,1,13,-1,1,-1
201550AH2D007,2,9,0,18,0,0,0,0,0,0,3,1,6,2,58,9,1598,1,12,-1,3,-1
201550AH2D007,3,9,0,2,0,0,0,0,0,0,2,1,6,3,-1,-1,2461,2,16,-1,-1,-1
201550AH2D007,4,9,0,2,0,0,0,0,0,0,2,1,6,3,-1,-1,-1,-1,-1,-1,-1,-1
201550AH2D007,5,9,0,2,0,0,0,0,0,0,2,1,6,3,-1,-1,4164,2,20,-1,-1,-1
201550AH2E001,1,9,0,18,0,0,1,0,0,0,1,1,6,2,59,9,1968,2,7,-1,2,-1
201550AH2E001,2,9,0,10,0,0,0,0,0,0,2,1,1,1,19,4,1499,2,1,-1,1,-1
201550AH2E002,1,9,0,18,0,0,1,0,7,10,1,1,1,1,62,9,1560,2,8,-1,1,-1
201550AH2E003,1,9,0,5,0,1,0,0,0,0,1,1,6,1,42,7,-1,-1,-1,-1,1,-1
201550AH2E003,2,3,0,18,0,1,0,0,0,0,4,1,6,1,22,5,124,1,1,-1,3,-1
201550AH2E006,1,9,0,3,0,1,0,0,0,0,0,1,6,1,-1,-1,1968,2,-1,-1,-1,-1