Accident_Index,Vehicle_Reference,Vehicle_Type,Towing_and_Articulation,Vehicle_Manoeuvre,Vehicle_Location-Restricted_Lane,Junction_Location,Skidding_and_Overturning,Hit_Object_in_Carriageway,Vehicle_Leaving_Carriageway,Hit_Object_off_Carriageway,1st_Point_of_Impact,Was_Vehicle_Left_Hand_Drive?,Journey_Purpose_of_Driver,Sex_of_Driver,Age_of_Driver,Age_Band_of_Driver,Engine_Capacity_(CC),Propulsion_Code,Age_of_Vehicle,Driver_IMD_Decile,Driver_Home_Area_Type,Vehicle_IMD_Decile
201550AH2E006,2,9,0,7,0,5,0,0,0,0,0,1,2,2,-1,-1,1392,1,16,-1,3,-1
201550AH2E006,3,9,0,3,0,1,0,0,0,0,2,1,6,1,-1,-1,-1,-1,-1,-1,1,-1
201550AH2E006,4,9,0,3,0,1,0,4,0,0,2,1,6,1,-1,-1,2993,2,2,-1,3,-1
201550AH2E006,5,9,0,3,0,1,0,4,0,0,1,1,2,2,35,6,-1,-1,-1,-1,3,-1
201550AH2E007,1,9,0,16,0,0,2,0,2,4,4,1,1,1,18,4,1086,1,11,-1,3,-1
201550AH2F002,1,9,0,17,0,0,1,0,0,0,1,1,2,1,18,4,1124,1,14,-1,3,-1
201550AH2F002,2,19,0,18,0,0,0,0,0,0,1,1,1,1,27,6,2143,2,6,-1,1,-1
201550AH2G002,1,9,0,18,0,0,1,0,0,0,1,1,1,2,19,4,999,1,15,-1,1,-1
201550AH2G002,2,9,0,18,0,0,0,0,0,0,1,1,6,2,53,8,-1,-1,-1,-1,3,-1
201550AH2I001,1,9,0,17,0,0,0,0,0,0,1,1,6,1,23,5,2982,2,3,-1,3,-1
201550AH2I001,2,9,0,17,0,0,1,0,0,0,1,1,2,1,22,5,1596,1,12,-1,3,-1
201550AH2I002,1,9,0,18,0,0,1,0,0,0,1,1,6,1,27,6,1299,1,15,-1,1,-1
201550AH2I002,2,9,0,4,0,0,0,0,0,0,2,1,6,1,50,8,1997,2,10,-1,3,-1
201550AH2J001,1,9,0,16,0,0,0,0,0,0,1,1,2,2,41,7,-1,-1,-1,-1,3,-1
201550AH2J001,2,9,0,17,0,0,0,0,0,0,1,1,6,1,67,10,1461,2,-1,-1,2,-1
201550AH2J003,1,9,0,16,0,0,2,0,1,10,1,1,6,2,17,4,1299,1,13,-1,1,-1
201550AH2N001,1,9,0,16,0,0,1,0,7,4,1,1,6,1,81,11,1390,1,13,-1,3,-1
201550AH2N001,2,9,0,17,0,0,1,0,0,0,1,1,6,2,62,9,2172,2,13,-1,3,-1
201550AH2N002,1,3,0,17,0,2,0,0,1,0,4,1,6,1,40,7,124,1,7,-1,3,-1
201550AH2N003,1,9,0,18,0,0,5,0,1,11,1,1,6,1,27,6,1400,1,16,-1,3,-1
201550AH2N005,1,9,0,5,0,0,0,0,0,0,2,1,6,1,69,10,1598,2,1,-1,3,-1
201550AH2O001,1,19,0,16,0,0,5,0,7,11,3,1,1,1,39,7,1560,2,1,-1,1,-1
201550AH2Q001,1,9,0,7,0,1,0,0,0,0,0,1,6,3,-1,-1,-1,-1,-1,-1,-1,-1
201550AH2Q001,2,3,0,18,0,1,1,0,0,0,0,1,2,1,17,4,49,1,14,-1,1,-1
201550AH2Q002,1,9,0,18,0,6,0,0,0,0,1,1,6,2,23,5,1242,1,6,-1,1,-1
201550AH2Q002,2,9,0,18,0,1,0,0,0,0,4,1,6,2,17,4,998,1,5,-1,3,-1
201550AH2Q004,1,17,4,14,0,0,0,4,0,0,1,1,1,1,29,6,-1,2,6,-1,3,-1
201550AH2Q004,2,11,0,2,0,0,0,0,0,0,2,1,1,1,33,6,4250,2,13,-1,1,-1
201550AH2Q009,1,9,0,10,0,1,0,0,0,0,3,1,6,1,71,10,1997,2,13,-1,2,-1
201550AH2Q009,2,3,0,18,0,1,0,0,0,0,1,1,6,1,33,6,124,1,-1,-1,1,-1
201550AH2Q010,1,9,0,1,0,0,0,0,0,0,0,1,6,3,70,10,-1,-1,-1,-1,1,-1
201550AH2Q010,2,3,0,18,0,0,0,0,0,0,1,1,6,1,39,7,124,1,4,-1,3,-1
201550AH2R001,1,9,0,18,0,1,0,0,0,0,1,1,6,2,77,11,1242,1,2,-1,2,-1
201550AH2R001,2,9,0,3,0,1,0,0,0,0,2,1,6,2,59,9,1598,1,14,-1,3,-1
201550AH2R001,3,9,0,3,0,1,0,0,0,0,2,1,1,1,49,8,2191,2,1,-1,3,-1
201550AH2R004,1,9,0,18,0,1,1,0,0,0,1,1,1,1,44,7,-1,-1,-1,-1,3,-1
201550AH2R004,2,9,0,18,0,1,0,0,0,0,1,1,6,1,54,8,1588,1,13,-1,1,-1
201550AH2R004,3,9,0,18,0,1,0,0,0,0,2,1,1,1,55,8,1968,2,1,-1,3,-1
201550AH2R008,1,9,0,10,0,1,0,0,0,0,1,1,6,1,72,10,1910,2,7,-1,1,-1
201550AH2R008,2,9,0,18,0,1,0,0,0,0,1,1,6,2,23,5,-1,-1,-1,-1,3,-1
201550AH2R009,1,9,0,10,0,5,0,0,0,0,2,1,6,1,40,7,-1,-1,-1,-1,2,-1
201550AH2R009,2,9,0,16,0,1,0,0,0,0,1,1,6,1,77,11,1598,1,13,-1,-1,-1
201550AH2R011,1,9,0,18,0,1,0,0,0,0,0,1,1,1,44,7,1299,1,9,-1,1,-1
201550AH2R011,2,9,0,10,0,1,0,0,0,0,0,1,6,2,19,4,1198,1,13,-1,2,-1
201550AH2R013,1,19,0,9,0,5,0,0,0,0,1,1,1,1,59,9,1968,2,4,-1,1,-1
201550AH2R014,1,9,0,7,0,6,0,0,0,0,3,1,6,2,34,6,1596,1,8,-1,1,-1
201550AH2R014,2,1,0,18,0,1,0,0,0,0,1,1,2,1,26,6,-1,-1,-1,-1,1,-1
201550AH2R015,1,9,0,17,0,0,0,0,0,0,3,1,6,2,42,7,1398,2,6,-1,2,-1
201550AH2R015,2,9,0,18,0,0,0,0,0,0,3,1,6,2,31,6,1248,2,6,-1,3,-1
201550AH2R015,3,9,0,18,0,0,0,0,0,0,1,1,6,2,27,6,1896,2,13,-1,1,-1
201550AH2R017,1,9,0,18,0,1,0,0,0,0,0,1,6,2,28,6,1560,2,11,-1,1,-1
201550AH2R017,2,9,0,18,0,1,0,0,0,0,0,1,2,2,20,4,1400,1,15,-1,3,-1
201550AH2R018,1,9,0,18,0,0,0,0,0,0,3,1,6,3,31,6,1587,1,12,-1,-1,-1
201550AH2R019,1,9,0,18,0,8,0,0,0,0,1,1,6,2,51,8,1242,1,3,-1,1,-1
201550AH2R019,2,9,0,9,0,8,0,0,0,0,4,1,6,1,24,5,1229,1,6,-1,3,-1
201550AH2R021,1,8,0,18,0,0,0,0,0,0,1,1,2,2,63,9,1560,2,-1,-1,-1,-1
201550AH2R021,2,9,0,18,0,0,0,0,0,0,1,1,6,2,61,9,1560,2,3,-1,3,-1
201550AH2R026,1,9,0,5,0,3,0,0,0,0,1,1,6,1,19,4,1896,2,12,-1,3,-1
201550AH2R026,2,9,0,9,0,4,0,0,0,0,1,1,6,2,30,6,1363,2,10,-1,1,-1
201550AH2S001,1,9,0,13,0,0,1,0,1,4,3,1,6,1,27,6,1995,1,6,-1,1,-1
201550AH2S002,1,9,0,18,0,0,0,0,0,0,1,1,6,2,28,6,-1,-1,-1,-1,1,-1
201550AH2S002,2,9,0,18,0,0,0,0,0,0,1,1,6,1,29,6,-1,-1,-1,-1,1,-1
201550AH2S004,1,9,0,9,0,4,0,0,0,0,1,1,6,1,22,5,1328,1,7,-1,1,-1
201550AH2S004,2,5,0,18,0,3,2,0,0,0,3,1,2,2,31,6,645,1,13,-1,1,-1
201550AH2S005,1,9,0,17,0,0,1,0,0,0,1,1,6,2,64,9,1997,1,9,-1,2,-1
201550AH2S005,2,9,0,16,0,0,1,0,0,0,3,1,6,1,26,6,-1,-1,-1,-1,1,-1
201550AH2S005,3,9,0,16,0,0,0,0,1,11,1,1,6,1,35,6,-1,-1,-1,-1,3,-1
201550AH2S009,1,9,0,18,0,0,0,0,0,0,1,1,2,2,61,9,2496,2,13,-1,3,-1
201550AH2S009,2,9,0,4,0,0,0,0,0,0,2,1,2,2,34,6,1299,1,16,-1,1,-1
201550AH2S009,3,9,0,4,0,0,0,0,0,0,2,1,6,2,18,4,1242,1,2,-1,2,-1
201550AH2T001,1,9,0,18,0,6,0,0,0,0,1,1,6,2,27,6,1229,1,10,-1,3,-1
201550AH2T001,2,9,0,18,0,8,0,0,0,0,4,1,2,1,25,5,1596,1,9,-1,1,-1
201550AH2T002,1,9,0,16,0,0,0,0,0,10,1,1,6,1,29,6,-1,-1,-1,-1,2,-1
201550AH2T003,1,5,0,18,0,0,1,0,2,0,4,1,6,1,26,6,598,1,18,-1,3,-1
201550AH2T003,2,9,0,18,0,0,0,0,0,0,0,1,6,2,24,5,1248,1,4,-1,1,-1
201550AH2T005,1,9,0,9,0,1,0,0,0,0,0,1,6,2,61,9,1389,1,14,-1,2,-1
201550AH2T005,2,9,0,18,0,1,1,0,0,0,1,1,6,2,20,4,1679,1,13,-1,3,-1
201550AH2T005,3,9,0,4,0,1,0,0,0,0,1,1,6,2,20,4,1399,2,12,-1,3,-1
201550AH2T005,4,9,0,8,0,1,0,0,0,0,4,1,6,1,62,9,1896,2,10,-1,1,-1
201550AH2T006,1,9,0,18,0,2,0,0,1,11,3,1,6,1,44,7,1343,1,14,-1,3,-1
201550AH2T006,2,9,0,18,0,1,0,0,7,11,1,1,6,1,61,9,998,1,9,-1,2,-1
201550AH2T007,1,9,0,17,0,0,1,0,0,11,1,1,2,1,26,6,1796,1,15,-1,1,-1
201550AH2T007,2,19,0,16,0,0,0,0,0,0,1,1,2,1,32,6,1995,2,3,-1,3,-1
201550AH2T008,1,9,0,18,0,1,1,0,0,9,3,2,2,1,28,6,-1,-1,-1,-1,3,-1
201550AH2T008,2,9,0,18,0,1,0,0,0,0,1,1,2,1,37,7,1896,2,18,-1,2,-1
201550AH2T010,1,9,0,10,0,6,0,0,0,0,0,1,6,1,30,6,2198,1,13,-1,3,-1
201550AH2T010,2,9,0,16,0,1,0,0,0,0,2,1,6,1,32,6,1596,1,6,-1,1,-1
201550AH2T010,3,3,0,16,0,1,0,0,0,0,1,1,6,1,18,4,125,1,1,-1,3,-1
201550AH2T011,1,9,0,18,0,8,0,0,0,0,4,1,6,2,29,6,1686,2,10,-1,3,-1
201550AH2T011,2,9,0,18,0,1,0,0,0,0,1,1,6,2,42,7,1896,2,9,-1,3,-1
201550AH2T011,3,9,0,3,0,1,0,0,0,0,1,1,6,2,55,8,1149,1,11,-1,2,-1
201550AH2T012,1,9,0,16,0,0,5,0,0,11,1,1,6,2,67,10,1397,1,6,-1,3,-1
201550AH3R001,1,9,0,18,0,1,0,0,0,0,1,1,6,2,27,6,2204,2,11,-1,2,-1
201550AH3R001,2,9,0,9,0,1,0,0,0,0,1,1,6,2,34,6,-1,-1,-1,-1,1,-1
201550AH3R002,1,19,0,18,0,1,0,0,0,0,1,1,6,3,-1,-1,-1,-1,-1,-1,-1,-1
201550AH3R002,2,9,0,3,0,1,0,0,0,0,2,1,2,2,20,4,1390,1,13,-1,1,-1
201550AH3R004,1,9,0,16,0,0,0,0,0,0,1,1,6,2,22,5,1299,1,14,-1,1,-1
201550AH3R004,2,9,0,18,0,0,0,0,0,0,1,1,6,2,48,8,-1,-1,-1,-1,3,-1
201550AH3R005,1,9,0,5,0,8,0,0,0,0,3,1,6,2,25,5,1242,1,10,-1,-1,-1
201550AH3R005,2,1,0,18,0,1,0,0,0,0,1,1,6,1,50,8,-1,-1,-1,-1,1,-1
201550AH3R006,1,9,0,18,0,1,1,4,7,11,1,1,6,1,42,7,1998,1,6,-1,3,-1
201550AH3R006,2,19,0,2,0,2,0,0,0,0,1,1,6,2,43,7,1995,2,8,-1,3,-1
201550AH3R007,1,9,0,5,0,6,0,0,0,0,0,1,6,1,31,6,1598,1,13,-1,3,-1
201550AH3R007,2,9,0,18,0,1,1,10,7,11,4,1,6,1,23,5,1199,1,12,-1,1,-1
201550AH3T001,1,9,0,16,0,0,1,0,0,0,1,1,6,1,28,6,-1,-1,-1,-1,1,-1
201550AH3T001,2,9,0,18,0,0,0,0,0,0,1,1,1,1,54,8,-1,-1,-1,-1,3,-1
201550AH3T002,1,9,0,5,0,0,0,0,0,0,3,1,6,2,62,9,1896,2,9,-1,3,-1
201550AH3T002,2,9,0,16,0,0,1,0,0,0,1,1,6,2,22,5,1299,1,13,-1,3,-1
201550AH3U003,1,98,0,17,0,0,1,0,0,0,1,1,6,1,51,8,2198,2,9,-1,2,-1
201550AH3U003,2,9,0,3,0,0,0,0,0,0,1,1,1,2,27,6,1198,1,5,-1,3,-1
201550AH3V001,1,9,0,5,0,1,0,0,0,0,1,1,2,2,49,8,1560,2,8,-1,1,-1
201550AH3V001,2,1,0,18,0,8,0,0,0,0,2,1,1,2,26,6,-1,-1,-1,-1,1,-1
201550AI3G006,1,9,0,18,0,0,0,0,0,0,3,1,6,1,32,6,-1,-1,-1,-1,1,-1
201550AI3G008,1,9,0,5,0,1,0,0,0,0,3,1,6,2,59,9,1468,1,25,-1,2,-1
201550AI3G008,2,3,0,9,0,1,0,0,0,0,1,1,6,1,23,5,124,1,5,-1,2,-1
201550AI3G010,1,9,4,18,0,0,0,0,0,0,4,1,6,1,68,10,1997,2,15,-1,3,-1
201550AI3G018,1,9,0,18,0,1,0,0,0,0,1,1,6,3,-1,-1,1998,1,18,-1,-1,-1
201550AI3G020,1,8,0,18,0,0,0,0,1,2,1,1,1,1,53,8,1461,2,-1,-1,3,-1
201550AI3G022,1,9,0,5,0,5,1,0,0,0,0,1,6,1,65,9,1388,1,4,-1,3,-1
201550AI3G022,2,3,0,18,0,1,0,0,0,0,0,1,6,1,26,6,124,1,7,-1,2,-1
201550AI3H001,1,9,0,5,0,0,0,4,0,0,3,1,6,2,71,10,998,1,7,-1,2,-1
201550AI3H001,2,9,0,2,0,0,0,0,0,0,4,1,6,2,41,7,1149,1,14,-1,2,-1
201550AI3H002,1,8,0,1,0,6,0,0,0,0,2,1,1,1,37,7,1968,2,7,-1,2,-1
201550AI3H002,2,2,0,3,0,8,0,0,0,0,3,1,6,1,70,10,49,1,14,-1,2,-1
201550AI3J001,1,9,0,18,0,1,0,0,0,0,1,1,6,1,31,6,1994,2,12,-1,-1,-1
201550AI3J002,1,9,0,18,0,1,0,0,0,0,1,1,6,1,55,8,1598,1,2,-1,2,-1
201550AI3J002,2,9,0,18,0,1,1,0,0,0,2,1,6,2,48,8,1598,2,5,-1,2,-1
201550AI3J004,1,9,0,18,0,0,5,0,2,2,1,1,6,1,59,9,1995,2,3,-1,2,-1
201550AI3J005,1,9,0,2,0,0,0,0,0,0,2,1,6,2,56,9,1582,2,-1,-1,-1,-1
201550AI3J005,2,9,0,2,0,0,0,0,0,0,2,1,6,2,69,10,1390,1,9,-1,1,-1
201550AI3J006,1,9,0,18,0,1,0,0,0,0,1,1,6,1,37,7,2497,1,9,-1,1,-1
201550AI3J006,2,9,0,18,0,6,0,0,0,0,1,1,6,1,35,6,1984,1,-1,-1,1,-1
201550AI3J008,1,9,0,18,0,6,0,0,0,0,1,1,6,2,22,5,1995,1,6,-1,1,-1
201550AI3J008,2,9,0,3,0,2,0,0,0,0,2,1,6,2,47,8,2198,2,-1,-1,3,-1
201550AI3J010,1,9,0,18,0,1,0,0,0,0,1,1,6,1,80,11,-1,-1,-1,-1,3,-1
201550AI3J010,2,9,0,10,0,1,0,0,0,0,2,1,6,2,30,6,1560,2,7,-1,1,-1
201550AI3J011,1,9,0,9,0,5,0,0,0,0,1,1,2,1,57,9,1796,1,10,-1,2,-1
201550AI3K001,1,9,0,18,0,0,0,0,0,0,1,1,6,1,54,8,1951,2,13,-1,3,-1
201550AP2A001,1,9,0,18,0,0,0,0,1,11,1,1,6,1,63,9,1870,2,11,-1,1,-1
201550AP2B002,1,19,0,1,0,1,0,4,0,0,2,1,6,1,23,5,1560,2,-1,-1,2,-1
201550AP2B002,2,9,0,2,0,1,0,0,0,0,1,1,2,2,21,5,1198,1,6,-1,1,-1
201550AP2B003,1,9,0,5,0,2,0,0,0,0,1,1,6,1,69,10,1995,2,5,-1,2,-1
201550AP2B003,2,9,0,18,0,1,0,0,0,0,4,1,1,2,39,7,1596,1,10,-1,2,-1
201550AP2B006,1,9,0,18,0,0,5,0,1,10,1,1,6,1,30,6,1391,1,20,-1,1,-1
201550AP2B007,1,9,0,16,0,0,2,0,1,11,1,1,6,1,19,4,1272,1,26,-1,1,-1
201550AP2B012,1,9,0,18,0,0,2,0,7,0,1,1,6,1,32,6,1299,1,15,-1,3,-1
201550AP2C001,1,9,0,1,0,0,0,0,0,0,2,1,6,2,81,11,1598,1,1,-1,3,-1
201550AP2E001,1,9,0,18,0,0,0,0,0,0,1,1,6,2,30,6,1896,2,9,-1,1,-1
201550AP2E001,2,9,0,18,0,0,0,0,0,0,1,1,1,1,51,8,-1,-1,-1,-1,3,-1
201550AP2F001,1,19,0,16,0,0,5,0,8,11,1,1,6,1,46,8,1896,2,6,-1,1,-1
201550AP2F002,1,9,0,18,0,0,1,0,0,0,1,1,6,1,31,6,1988,1,10,-1,3,-1
201550AP2F003,1,9,0,9,0,1,0,0,0,0,1,1,2,2,30,6,1390,1,11,-1,3,-1
201550AP2F003,2,9,0,18,0,1,0,0,1,4,1,1,6,2,59,9,998,1,6,-1,3,-1
201550AP2F004,1,9,0,16,0,0,1,0,1,11,4,1,6,1,17,4,993,1,13,-1,2,-1
201550AP2G001,1,9,0,16,0,0,1,0,1,4,1,1,6,1,21,5,1995,1,9,-1,1,-1
201550AP2H001,1,9,0,16,0,0,1,0,0,0,1,1,2,2,32,6,1997,1,13,-1,1,-1
201550AP2H001,2,2,0,5,0,0,1,0,0,0,1,1,6,2,18,4,49,1,9,-1,1,-1
201550AP2H002,1,9,0,13,0,0,0,0,0,0,3,1,6,1,69,10,1590,1,24,-1,1,-1
201550AP2H003,1,5,0,16,0,1,0,0,0,0,1,1,6,1,26,6,998,1,7,-1,1,-1
201550AP2H003,2,9,0,3,0,1,0,0,0,0,2,1,6,2,41,7,2979,1,9,-1,3,-1
201550AP2J006,1,9,0,18,0,8,0,0,0,0,1,1,6,1,72,10,1598,1,11,-1,3,-1
201550AP2J006,2,9,0,3,0,8,0,0,0,0,2,1,1,1,27,6,1299,1,13,-1,1,-1
201550AP2J006,3,9,0,3,0,8,0,0,0,0,2,1,6,2,87,11,1405,1,10,-1,3,-1
201550AP2J008,1,5,0,13,0,1,0,0,0,0,1,1,6,1,23,5,645,1,1,-1,3,-1
201550AP2J008,2,9,0,10,0,1,0,0,0,0,3,1,6,2,25,5,1490,1,10,-1,2,-1
201550AP2J011,1,9,0,18,0,0,0,0,0,0,1,1,6,2,62,9,1984,1,6,-1,3,-1
201550AP2K001,1,9,0,18,0,0,0,0,0,0,1,1,6,1,29,6,1968,2,8,-1,3,-1
201550AP2K001,2,9,0,10,0,0,0,0,0,0,2,1,1,2,43,7,1598,1,5,-1,2,-1
201550AP2L002,1,9,0,18,0,0,5,0,0,10,4,1,6,1,26,6,1796,1,15,-1,3,-1
201550AP2L002,2,9,0,18,0,0,0,0,0,0,0,1,6,1,26,6,1586,1,1,-1,2,-1
201550AP2L003,1,9,4,18,0,0,4,0,2,4,1,1,6,1,41,7,-1,-1,-1,-1,3,-1
201550AP2M001,1,9,0,18,0,1,0,0,0,0,1,1,2,2,17,4,-1,-1,-1,-1,3,-1
201550AP2M001,2,9,0,3,0,1,0,0,0,0,2,1,6,2,18,4,1398,1,3,-1,2,-1
201550AP2M001,3,9,0,3,0,1,0,0,0,0,2,1,6,1,34,6,1242,1,6,-1,1,-1
201550AP2M004,1,9,0,18,0,0,0,0,0,0,3,1,6,2,37,7,1896,2,15,-1,3,-1
201550AP2M005,1,9,0,5,0,4,0,0,0,0,1,1,6,1,84,11,1560,2,9,-1,3,-1
201550AP2M005,2,9,0,3,0,4,0,0,0,0,2,1,1,1,30,6,998,1,16,-1,1,-1
201550AP2M006,1,9,0,4,0,4,0,0,0,0,1,1,6,2,78,11,1339,1,6,-1,2,-1
201550AP2M006,2,9,0,3,0,4,0,0,0,0,2,1,6,1,41,7,1781,1,16,-1,1,-1
201550AP2M007,1,9,0,16,0,0,2,10,1,0,1,1,2,2,20,4,1598,1,13,-1,2,-1
201550AP2M008,1,9,0,18,0,3,0,0,7,1,4,1,6,1,-1,-1,-1,-1,-1,-1,3,-1
201550AP2M010,1,9,0,18,0,0,0,0,2,0,3,1,6,2,41,7,-1,-1,-1,-1,1,-1
201550AP2M010,2,9,0,18,0,0,0,0,1,0,3,1,6,2,75,10,-1,-1,-1,-1,1,-1
201550AP2M012,1,3,0,18,0,8,0,0,0,0,1,1,2,1,28,6,125,1,4,-1,3,-1
201550AP2M012,2,9,0,17,0,8,0,0,0,0,3,1,6,1,66,10,1591,1,3,-1,1,-1
201550AP2M013,1,9,0,18,0,0,0,0,0,0,1,1,6,2,25,5,1868,2,10,-1,1,-1
201550AP2M013,2,9,0,4,0,0,0,0,0,0,2,1,6,2,22,5,1595,1,9,-1,2,-1
201550AP2M014,1,9,0,11,0,3,0,0,0,0,4,1,6,2,67,10,1997,2,1,-1,1,-1
201550AP2M014,2,3,0,18,0,3,0,0,0,0,3,1,6,1,66,10,124,1,9,-1,1,-1
201550AP2M015,1,9,0,18,0,0,0,0,1,0,1,1,6,1,81,11,1598,2,4,-1,2,-1
201550AP2M017,1,9,0,6,0,0,0,0,0,0,3,1,6,1,35,6,1984,1,9,-1,1,-1
201550AP2M017,2,3,0,18,0,0,0,0,0,0,1,1,6,1,32,6,124,1,7,-1,3,-1
201550AP2M019,1,9,0,18,0,0,5,0,0,0,1,1,1,1,20,4,1229,1,1,-1,1,-1
201550AP2M019,2,9,0,18,0,0,0,0,1,0,1,1,6,1,80,11,1798,1,1,-1,3,-1
201550AP2M020,1,9,0,18,0,0,0,0,0,0,4,1,1,2,55,8,1910,2,6,-1,3,-1
201550AP2M020,2,1,0,18,9,0,0,0,0,0,1,1,1,1,19,4,-1,-1,-1,-1,3,-1
201550AP2M021,1,5,0,12,0,3,0,0,0,0,3,1,6,1,50,8,598,1,22,-1,1,-1
201550AP2M021,2,9,0,18,0,3,0,0,0,0,1,1,1,1,47,8,2982,2,8,-1,3,-1
201550AP2M024,1,19,0,4,0,0,0,0,1,0,1,1,1,1,37,7,1868,2,11,-1,3,-1
201550AP2M024,2,9,0,4,0,0,0,0,1,0,2,1,2,2,58,9,996,1,6,-1,3,-1
201550AP2M024,3,9,0,4,0,0,0,0,0,0,2,1,6,1,56,9,1598,1,9,-1,1,-1
201550AP2M025,1,17,0,5,0,6,0,0,0,0,1,1,6,1,52,8,6788,2,5,-1,3,-1
201550AP2M025,2,9,0,18,0,8,0,0,0,0,4,1,6,3,-1,-1,1995,2,11,-1,-1,-1
201550AP2M027,1,9,0,18,0,3,0,0,0,0,1,1,6,2,54,8,1398,2,12,-1,1,-1
201550AP2M027,2,9,0,18,0,3,0,0,0,0,2,1,6,2,62,9,1587,1,9,-1,2,-1
201550AP2M028,1,9,0,18,0,3,0,0,0,0,3,1,1,1,40,7,1596,1,15,-1,1,-1
201550AP2M029,1,9,0,18,0,0,0,0,0,0,1,1,6,2,43,7,1870,2,9,-1,3,-1
201550AP2M029,2,9,0,4,0,0,0,0,0,0,2,1,6,1,44,7,1598,2,-1,-1,1,-1
201550AP2M029,3,9,0,4,0,0,0,0,0,0,2,1,6,2,49,8,1242,1,8,-1,1,-1
201550AP2M029,4,9,0,4,0,0,0,0,0,0,2,1,6,1,41,7,1995,2,5,-1,1,-1
201550AP2M030,1,9,0,4,0,1,0,0,0,0,2,1,6,1,34,6,1769,1,13,-1,2,-1
201550AP2M030,2,9,0,4,0,1,0,0,0,0,2,1,6,1,64,9,1586,1,6,-1,1,-1
201550AP2M030,3,9,0,18,0,1,0,0,0,0,1,1,6,2,36,7,-1,-1,-1,-1,2,-1
201550AP2M031,1,9,0,9,0,2,0,0,0,0,1,1,6,1,72,10,1598,1,14,-1,3,-1
201550AP2M031,2,1,0,18,0,2,0,0,0,0,3,1,6,1,55,8,-1,-1,-1,-1,2,-1
201550AP2M032,1,9,0,18,0,0,0,0,0,0,1,1,2,1,43,7,1896,2,12,-1,1,-1
201550AP2M032,2,1,0,18,0,0,0,0,0,0,1,1,2,1,35,6,-1,-1,-1,-1,2,-1
201550AP2M034,1,19,0,17,0,0,0,0,1,0,4,1,6,1,23,5,1248,2,10,-1,1,-1
201550AP2M035,1,9,0,16,0,0,1,0,0,0,1,1,6,2,35,6,1124,1,13,-1,3,-1
201550AP2M035,2,9,0,17,0,0,0,0,0,0,1,1,6,1,33,6,2198,2,1,-1,3,-1
201550AP2M036,1,9,0,12,0,0,0,0,0,0,3,1,6,1,22,5,998,1,7,-1,1,-1
201550AP2M036,2,5,0,18,0,0,0,0,0,0,1,1,6,1,22,5,749,1,19,-1,1,-1
201550AP2O001,1,9,0,1,0,0,0,0,0,0,2,1,6,1,57,9,-1,-1,-1,-1,3,-1
201550AP2O001,2,2,0,3,0,0,0,0,0,0,1,1,6,1,17,4,49,1,3,-1,3,-1
201550AP2O002,1,9,0,3,0,1,0,0,0,0,2,1,6,1,61,9,1796,1,8,-1,3,-1
201550AP2O002,2,9,0,4,0,1,1,0,0,0,2,1,6,2,31,6,1995,2,11,-1,3,-1
201550AP2P002,1,9,0,5,0,4,0,0,0,0,1,1,6,1,71,10,1598,1,12,-1,1,-1
201550AP2P002,2,1,0,17,0,8,0,0,0,0,4,1,6,2,70,10,-1,-1,-1,-1,1,-1
201550AP2P004,1,9,0,18,0,1,0,0,0,0,1,1,6,1,17,4,-1,-1,-1,-1,3,-1
201550AP2P004,2,8,0,18,0,1,0,0,0,0,3,1,6,1,77,11,1685,2,1,-1,1,-1
201550AP2P005,1,3,0,4,0,0,1,0,0,0,1,1,4,1,17,4,124,1,6,-1,2,-1
201550AP2P005,2,9,0,4,0,0,0,0,0,0,2,1,2,2,48,8,1596,1,11,-1,3,-1
201550AP2P005,3,9,0,18,0,0,0,0,0,0,0,1,1,1,45,7,1968,2,4,-1,1,-1
201550AP2P010,1,9,0,18,0,4,0,0,0,0,1,1,6,3,-1,-1,-1,-1,-1,-1,-1,-1
201550AP2P010,2,5,0,3,0,4,2,0,0,0,2,1,6,1,24,5,599,1,17,-1,-1,-1
201550AP2P011,1,9,0,18,0,1,1,0,0,0,1,1,6,1,65,9,-1,-1,-1,-1,2,-1
201550AP2P011,2,9,0,7,0,1,0,0,0,0,2,1,2,1,32,6,1910,2,5,-1,1,-1
201550AP2P012,1,11,0,4,0,0,0,0,0,0,1,1,1,1,61,9,8300,2,16,-1,1,-1
201550AP2P014,1,9,0,9,0,5,0,0,7,1,1,1,6,1,24,5,1108,1,15,-1,1,-1
201550AP2P019,1,9,0,5,0,0,0,0,0,0,1,1,1,1,49,8,-1,-1,-1,-1,1,-1
201550AP2P022,1,9,0,2,0,1,0,0,0,0,0,1,6,1,28,6,-1,-1,-1,-1,1,-1
201550AP2P022,2,9,0,5,0,1,0,0,0,0,0,1,6,2,53,8,1229,1,9,-1,1,-1
201550AP2P022,3,1,0,18,0,1,0,0,0,0,2,1,6,1,52,8,-1,-1,-1,-1,1,-1
201550AP2P022,4,1,0,18,0,1,0,4,0,0,1,1,6,1,50,8,-1,-1,-1,-1,1,-1
201550AP2P024,1,9,0,9,0,6,0,0,0,0,1,1,6,1,63,9,2720,2,7,-1,1,-1
201550AP2P025,1,3,0,9,0,1,0,0,0,0,1,1,2,2,19,4,124,1,2,-1,1,-1
201550AP2P025,2,19,0,18,0,1,0,0,0,0,3,1,1,1,43,7,2497,2,4,-1,3,-1
201550AP2P027,1,19,0,18,0,8,0,0,0,0,1,1,6,1,25,5,1686,2,10,-1,1,-1
201550AP2P028,1,9,0,1,0,0,0,0,0,0,4,1,6,1,76,11,1360,1,12,-1,3,-1
201550AP2P029,1,9,0,9,0,1,0,0,0,0,1,1,6,1,19,4,1124,1,13,-1,1,-1
201550AP2P029,2,9,0,18,0,1,0,0,0,0,2,1,6,1,18,4,1598,1,12,-1,3,-1
201550AP2P030,1,9,0,4,0,1,0,0,0,0,1,1,6,2,25,5,1299,1,15,-1,3,-1
201550AP2P030,2,9,0,4,0,1,1,0,0,0,2,1,6,2,28,6,1997,2,6,-1,1,-1