Accident_Index,Vehicle_Reference,Vehicle_Type,Towing_and_Articulation,Vehicle_Manoeuvre,Vehicle_Location-Restricted_Lane,Junction_Location,Skidding_and_Overturning,Hit_Object_in_Carriageway,Vehicle_Leaving_Carriageway,Hit_Object_off_Carriageway,1st_Point_of_Impact,Was_Vehicle_Left_Hand_Drive?,Journey_Purpose_of_Driver,Sex_of_Driver,Age_of_Driver,Age_Band_of_Driver,Engine_Capacity_(CC),Propulsion_Code,Age_of_Vehicle,Driver_IMD_Decile,Driver_Home_Area_Type,Vehicle_IMD_Decile
201550AP2P031,1,9,0,5,0,6,0,0,0,0,3,1,6,1,72,10,1299,1,17,-1,1,-1
201550AP2P031,2,2,0,18,0,1,1,0,0,0,1,1,6,1,17,4,49,1,6,-1,3,-1
201550AP2Q001,1,9,0,18,0,0,1,0,0,0,3,1,6,2,37,7,1896,2,11,-1,3,-1
201550AP2Q003,1,5,0,5,0,6,0,0,0,0,3,1,6,1,26,6,1200,1,18,-1,1,-1
201550AP2Q003,2,9,0,9,0,5,0,0,0,0,3,1,6,2,43,7,1242,1,15,-1,1,-1
201550AP2Q004,1,9,0,16,0,0,1,0,0,0,1,1,2,2,20,4,1389,1,19,-1,3,-1
201550AP2Q005,1,9,0,18,0,0,1,0,0,11,1,1,6,1,-1,-1,2967,1,14,-1,1,-1
201550AP2Q008,1,9,0,18,0,1,0,0,0,0,1,1,6,2,24,5,-1,-1,-1,-1,1,-1
201550AP2Q008,2,9,0,18,0,2,0,0,0,0,1,1,6,2,49,8,1360,1,13,-1,1,-1
201550AP2Q008,3,9,0,10,0,1,0,0,0,0,2,1,6,1,51,8,2993,2,1,-1,2,-1
201550AP2Q010,1,9,0,9,0,3,0,0,0,0,1,1,6,2,42,7,998,1,7,-1,1,-1
201550AP2Q010,2,9,0,5,0,4,0,0,0,0,2,1,6,2,40,7,1896,2,9,-1,3,-1
201550AP2Q011,1,9,0,18,0,0,0,4,7,5,1,1,6,3,26,6,1388,1,11,-1,1,-1
201550AP2Q011,2,9,0,2,0,0,0,0,0,0,3,1,6,1,57,9,1560,2,6,-1,3,-1
201550AP2Q011,3,9,0,2,0,0,0,0,0,0,2,1,6,1,60,9,3200,2,12,-1,1,-1
201550AP2Q012,1,9,0,5,0,4,0,0,0,0,1,1,1,2,45,7,1499,2,-1,-1,2,-1
201550AP2Q012,2,1,0,18,0,8,0,0,0,0,4,1,1,1,47,8,-1,-1,-1,-1,3,-1
201550AP2Q014,1,9,0,9,0,6,0,0,0,0,3,1,6,2,67,10,1461,2,8,-1,1,-1
201550AP2Q014,2,3,0,18,0,8,0,0,0,0,1,1,4,1,22,5,125,1,-1,-1,1,-1
201550AP2Q015,1,9,0,9,0,1,0,0,0,0,4,1,6,1,54,8,1795,1,15,-1,1,-1
201550AP2Q015,2,1,0,18,0,1,0,0,0,0,1,1,6,1,27,6,-1,-1,-1,-1,1,-1
201550AP2Q015,3,1,0,18,0,1,0,0,0,0,1,1,6,2,25,5,-1,-1,-1,-1,1,-1
201550AP2R001,1,4,0,18,0,1,0,0,0,0,1,1,6,1,21,5,398,1,11,-1,1,-1
201550AP2R001,2,9,0,7,0,1,0,0,0,0,4,1,6,2,48,8,1560,2,8,-1,3,-1
201550AP2R006,1,9,0,17,0,0,0,0,0,0,1,1,6,1,21,5,-1,-1,-1,-1,2,-1
201550AP2R007,1,9,0,18,0,4,0,0,0,0,3,1,6,1,79,11,1995,2,5,-1,3,-1
201550AP2R007,2,1,0,18,0,8,0,0,0,0,1,1,6,2,71,10,-1,-1,-1,-1,2,-1
201550AP2R010,1,9,0,5,0,0,0,0,0,0,1,1,6,1,89,11,-1,-1,-1,-1,3,-1
201550AP2R012,1,3,0,18,0,0,1,0,0,0,1,1,6,1,18,4,125,1,5,-1,1,-1
201550AP2R015,1,9,0,9,0,6,0,0,0,0,1,1,6,2,43,7,1560,2,3,-1,1,-1
201550AP2R015,2,9,0,18,0,1,0,0,0,0,4,1,3,2,46,8,2179,2,8,-1,3,-1
201550AP2R017,1,9,0,1,0,2,0,0,0,0,2,1,6,1,83,11,1398,2,3,-1,1,-1
201550AP2R017,2,9,0,2,0,2,0,0,0,0,1,1,6,1,57,9,1951,2,14,-1,3,-1
201550AP2S001,1,9,0,18,0,8,0,0,0,0,1,1,1,1,22,5,-1,-1,-1,-1,3,-1
201550AP2S001,2,9,0,18,0,8,0,0,0,0,3,1,6,2,49,8,1248,2,1,-1,3,-1
201550AP2S002,1,9,0,18,0,1,0,0,0,0,1,1,6,1,23,5,-1,-1,-1,-1,2,-1
201550AP2S002,2,9,0,9,0,1,0,0,0,0,2,1,6,1,78,11,1560,2,3,-1,2,-1
201550AP2S003,1,9,0,18,0,1,0,0,0,0,1,1,6,1,77,11,1995,2,8,-1,2,-1
201550AP2S003,2,9,0,18,0,1,0,0,0,0,3,1,6,1,72,10,-1,-1,-1,-1,2,-1
201550AP2S003,3,19,0,18,0,1,0,0,0,0,1,1,2,1,61,9,-1,-1,-1,-1,3,-1
201550AP2S004,1,9,0,5,0,8,0,0,0,0,1,1,2,1,68,10,1896,2,16,-1,3,-1
201550AP2S004,2,19,0,18,0,8,0,0,0,0,3,1,2,1,57,9,1560,2,2,-1,3,-1
201550AP2S005,1,9,0,17,0,0,0,0,0,0,1,1,6,1,22,5,1229,1,10,-1,1,-1
201550AP2S005,2,9,0,2,0,0,0,0,0,0,2,1,6,1,20,4,-1,-1,-1,-1,3,-1
201550AP2S005,3,9,0,2,0,0,0,0,0,0,3,1,6,1,43,7,993,1,13,-1,1,-1
201550AP2S006,1,9,0,18,0,4,0,0,0,0,2,1,6,1,62,9,1560,2,1,-1,1,-1
201550AP2S006,2,9,0,3,0,1,0,0,0,0,1,1,6,1,70,10,1560,2,1,-1,1,-1
201550AP2S008,1,9,0,18,0,0,0,0,1,1,4,1,6,3,-1,-1,1994,1,14,-1,-1,-1
201550AP2S009,1,9,0,18,0,0,5,0,0,11,1,1,6,2,84,11,1124,1,11,-1,-1,-1
201550AP2S010,1,19,0,11,0,0,0,0,0,0,4,1,1,1,34,6,1968,2,2,-1,1,-1
201550AP2S010,2,9,0,18,0,0,0,0,0,0,3,1,6,2,18,4,1299,1,14,-1,3,-1
201550AP2X002,1,5,0,13,0,1,2,0,0,0,3,1,6,2,40,7,749,1,8,-1,-1,-1
201550AP2X002,2,9,0,9,0,8,0,0,0,0,0,1,6,2,66,10,1339,8,1,-1,2,-1
201550AP2X002,3,5,0,13,0,1,0,0,0,0,2,1,6,1,60,9,999,1,-1,-1,1,-1
201550AP2X003,1,9,0,18,0,8,0,0,0,0,4,1,6,2,36,7,1339,1,13,-1,-1,-1
201550AP2X003,2,9,0,5,0,6,0,0,0,0,3,1,6,2,45,7,1905,2,17,-1,3,-1
201550AS2A001,1,9,0,16,0,1,1,0,0,0,3,1,6,2,39,7,1590,1,16,-1,3,-1
201550AS2A001,2,8,0,9,0,1,0,0,0,0,1,1,1,1,49,8,1996,2,4,-1,3,-1
201550AY2B004,1,9,0,18,0,0,1,4,0,0,1,1,6,1,39,7,-1,-1,-1,-1,3,-1
201550AY2B004,2,9,0,2,0,0,0,4,0,0,1,1,6,1,-1,-1,1950,2,15,-1,2,-1
201550AY2B004,3,9,0,2,0,0,0,0,0,0,1,1,6,2,66,10,1598,1,7,-1,2,-1
201550AY2B005,1,9,0,9,0,8,0,0,0,0,1,1,6,1,28,6,2171,2,12,-1,2,-1
201550AY2B005,2,22,0,18,0,8,0,0,0,0,4,1,6,2,58,9,-1,3,2,-1,2,-1
201550AY2B006,1,3,0,13,0,1,0,0,0,0,1,1,6,3,-1,-1,124,1,2,-1,-1,-1
201550AY2B006,2,9,0,9,0,1,0,0,0,0,3,1,6,2,42,7,1598,2,3,-1,2,-1
201550AY2B007,1,19,0,18,0,1,0,0,0,0,1,1,1,1,32,6,1461,2,5,-1,3,-1
201550AY2B007,2,9,0,10,0,1,0,0,0,0,2,1,2,1,44,7,1995,2,9,-1,1,-1
201550AY2B008,1,9,0,9,0,1,0,0,0,0,1,1,6,1,65,9,1896,2,13,-1,2,-1
201550AY2B008,2,9,0,18,0,1,0,0,0,0,1,1,6,1,74,10,1984,2,4,-1,1,-1
201550AY2B012,1,9,0,17,0,8,0,0,0,0,1,1,2,2,23,5,1598,1,13,-1,2,-1
201550AY2B013,1,9,0,5,0,1,0,0,0,0,1,1,6,1,76,11,1493,2,9,-1,3,-1
201550AY2B013,2,9,0,18,8,2,0,0,0,0,1,1,6,1,36,7,1461,2,1,-1,3,-1
201550AY2B014,1,19,0,18,0,1,0,0,0,0,3,1,2,1,26,6,1461,2,10,-1,1,-1
201550AY2B014,2,9,0,9,0,1,0,0,0,0,4,1,2,1,54,8,1560,2,5,-1,2,-1
201550AY2B015,1,9,0,5,0,8,0,0,0,0,3,1,6,1,33,6,1596,1,13,-1,1,-1
201550AY2B015,2,1,0,18,0,1,0,0,0,0,1,1,6,1,30,6,-1,-1,-1,-1,1,-1
201550AY2B020,1,9,0,13,0,0,1,0,2,7,1,1,2,1,20,4,1396,1,13,-1,3,-1
201550AY2B021,1,9,0,18,0,1,1,0,1,11,4,1,2,1,33,6,1988,1,14,-1,1,-1
201550AY2C002,1,9,0,9,0,6,0,0,0,0,1,1,6,3,-1,-1,-1,-1,-1,-1,-1,-1
201550AY2C005,1,19,0,5,0,4,0,0,0,0,3,1,2,1,33,6,1870,2,10,-1,1,-1
201550AY2C005,2,1,0,18,0,8,0,0,0,0,1,1,6,1,24,5,-1,-1,-1,-1,3,-1
201550AY2C006,1,9,0,7,0,6,0,0,0,0,3,1,6,2,84,11,1108,1,12,-1,3,-1
201550AY2C006,2,3,0,18,0,1,1,0,0,0,1,1,6,1,23,5,124,1,-1,-1,1,-1
201550AY2C011,1,9,0,16,0,0,1,10,1,11,1,1,6,1,39,7,2171,1,11,-1,2,-1
201550AY2D002,1,9,0,9,0,2,0,0,0,0,1,1,3,2,25,5,-1,-1,-1,-1,3,-1
201550AY2D002,2,9,0,18,0,1,0,0,0,0,1,1,6,2,18,4,1149,1,11,-1,3,-1
201550AY2D003,1,21,0,18,0,0,5,0,0,11,1,1,1,1,29,6,2998,2,1,-1,1,-1
201550AY2D004,1,9,0,17,0,0,0,0,1,10,1,1,6,1,28,6,1597,1,15,-1,3,-1
201550AY2D005,1,5,0,16,0,0,0,0,0,0,3,1,1,1,21,5,600,1,15,-1,2,-1
201550AY2D005,2,19,0,18,0,0,0,0,0,0,3,1,6,1,55,8,1995,2,2,-1,1,-1
201550AY2D007,1,9,0,17,0,2,2,0,2,9,1,1,6,1,24,5,1360,1,17,-1,3,-1
201550AY2D008,1,9,0,4,0,0,0,0,0,0,1,1,6,1,66,10,2199,2,3,-1,1,-1
201550AY2D008,2,9,0,3,0,0,0,0,0,0,2,1,6,2,77,11,1896,2,12,-1,1,-1
201550AY2D009,1,9,0,4,0,1,0,0,0,0,2,1,6,2,43,7,1598,1,7,-1,1,-1
201550AY2D009,2,9,0,4,0,1,0,0,0,0,1,1,6,1,76,11,1587,1,12,-1,3,-1
201550AY2D010,1,9,0,16,0,0,1,0,0,0,1,1,6,1,18,4,1398,2,9,-1,3,-1
201550AY2E001,1,9,0,18,0,0,1,0,0,0,1,1,6,2,32,6,-1,-1,-1,-1,3,-1
201550AY2E001,2,9,0,18,0,0,0,0,0,0,1,1,6,1,65,9,1339,1,1,-1,3,-1
201550AY2E002,1,9,0,18,0,0,0,0,0,0,1,1,2,1,44,7,2000,1,11,-1,2,-1
201550AY2E003,1,9,0,5,0,1,0,0,0,0,1,1,6,1,20,4,-1,-1,-1,-1,2,-1
201550AY2E003,2,9,0,18,0,3,0,7,1,0,1,1,6,1,46,8,1988,2,10,-1,3,-1
201550AY2E004,1,9,0,9,0,6,0,0,0,0,3,1,6,2,37,7,1998,2,7,-1,3,-1
201550AY2E004,2,4,0,18,0,8,0,0,0,0,1,1,2,1,25,5,400,1,23,-1,2,-1
201550AY2E006,1,9,0,18,0,0,0,0,0,0,1,1,6,1,53,8,2400,2,6,-1,3,-1
201550AY2E006,2,9,0,3,0,0,0,0,0,0,2,1,6,1,42,7,-1,-1,-1,-1,3,-1
201550AY2E007,1,9,0,18,0,0,1,0,7,0,4,1,6,2,19,4,1124,1,13,-1,3,-1
201550AY2G001,1,9,0,5,0,0,0,0,0,0,1,1,6,2,50,8,1997,2,13,-1,3,-1
201550AY2G001,2,9,0,3,0,0,0,0,0,0,2,1,6,2,76,11,1398,2,3,-1,3,-1
201550AY2G001,3,9,0,3,0,0,0,0,0,0,2,1,6,1,57,9,-1,-1,-1,-1,3,-1
201550AY2H003,1,9,0,3,0,1,0,0,0,0,2,1,6,2,70,10,1275,1,16,-1,2,-1
201550AY2H003,2,9,0,18,0,1,0,0,0,0,1,1,6,3,-1,-1,-1,-1,-1,-1,-1,-1
201550AY2H004,1,2,0,7,0,5,1,0,0,0,0,1,6,1,16,4,49,1,12,-1,2,-1
201550AY2H007,1,9,0,13,0,0,0,0,0,0,1,1,6,1,34,6,2151,2,15,-1,2,-1
201550AY2H007,2,9,0,18,0,0,1,0,0,0,2,1,6,2,17,4,1200,1,13,-1,1,-1
201550AY2H008,1,19,0,18,0,0,2,0,7,0,1,1,1,1,37,7,2999,2,8,-1,1,-1
201550AY2H008,2,9,0,18,0,0,0,0,1,0,1,1,6,2,64,9,1360,1,5,-1,1,-1
201550AY2H010,1,9,0,13,0,0,0,0,0,0,2,1,6,3,-1,-1,-1,-1,-1,-1,-1,-1
201550AY2H010,2,10,0,18,0,0,0,0,0,0,1,1,6,2,34,6,-1,-1,-1,-1,3,-1
201550AY2H012,1,9,0,16,0,0,0,0,8,0,3,1,6,2,34,6,1997,2,9,-1,2,-1
201550AY2H012,2,9,0,2,6,0,0,0,0,0,3,1,6,1,50,8,2290,1,17,-1,1,-1
201550AY2H012,3,9,0,2,6,0,0,0,0,0,3,1,6,2,50,8,2143,2,4,-1,1,-1
201550AY2H015,1,9,0,18,0,0,0,0,0,0,4,1,6,1,77,11,2148,2,8,-1,3,-1
201550AY2H015,2,1,0,18,0,0,0,0,0,0,2,1,1,1,43,7,-1,-1,-1,-1,3,-1
201550AY2H020,1,9,0,18,0,0,2,0,8,9,3,1,1,2,25,5,1229,1,9,-1,1,-1
201550BB2B001,1,9,0,9,0,1,1,0,1,1,1,1,6,2,27,6,1997,1,11,-1,3,-1
201550BB2C001,1,9,0,17,0,0,2,0,1,0,3,1,6,1,43,7,2776,2,7,-1,3,-1
201550BB2C002,1,9,0,18,0,0,0,4,0,0,1,1,1,1,56,9,1596,1,1,-1,3,-1
201550BB2C002,2,9,0,18,0,0,1,0,5,6,2,1,1,1,36,7,1149,1,7,-1,3,-1
201550BB2C003,1,9,0,18,0,0,1,0,1,7,1,1,6,1,50,8,1587,1,11,-1,3,-1
201550BB2C003,2,9,0,18,0,0,0,0,0,0,2,1,6,1,56,9,1999,1,14,-1,1,-1
201550BB2C004,1,9,0,18,0,0,0,0,1,11,1,1,6,1,56,9,-1,-1,-1,-1,2,-1
201550BB2C007,1,9,0,18,0,0,0,0,0,0,1,1,6,1,24,5,1199,2,2,-1,3,-1
201550BB2C007,2,9,0,18,0,0,0,0,0,0,2,1,6,1,27,6,1560,2,1,-1,1,-1
201550BB2D002,1,9,0,16,0,1,5,0,0,0,1,1,1,1,53,8,-1,-1,-1,-1,1,-1
201550BB2E001,1,21,0,18,0,0,0,0,0,0,1,1,1,1,49,8,-1,-1,-1,-1,2,-1
201550BB2E001,2,9,0,4,0,0,0,0,0,0,1,1,3,2,28,6,1598,1,11,-1,2,-1
201550BB2F001,1,19,0,4,0,1,1,0,0,0,1,1,1,1,35,6,1560,2,3,-1,1,-1
201550BB2F001,2,9,0,3,0,1,0,0,0,0,2,1,6,1,57,9,1368,1,9,-1,2,-1
201550BB2F002,1,9,0,17,0,0,2,0,1,11,1,1,2,2,24,5,-1,-1,-1,-1,1,-1
201550BB2F003,1,9,0,4,0,0,0,0,0,0,2,1,6,1,18,4,-1,-1,-1,-1,2,-1
201550BB2F003,2,9,0,18,0,0,0,0,0,0,1,1,6,1,59,9,-1,-1,-1,-1,2,-1
201550BB2F003,3,9,0,18,0,0,1,0,0,0,1,1,6,1,19,4,1910,2,9,-1,3,-1
201550BB2F004,1,9,0,5,0,6,5,0,0,0,3,1,6,2,83,11,1242,1,3,-1,3,-1
201550BB2F004,2,9,0,18,0,1,1,0,0,0,1,1,6,1,54,8,1997,2,4,-1,1,-1
201550BB2F007,1,9,0,9,0,5,0,0,0,0,0,1,6,3,-1,-1,-1,-1,-1,-1,-1,-1
201550BB2F007,2,9,0,4,0,1,0,0,0,0,2,1,6,2,62,9,1360,1,14,-1,1,-1
201550BB2F007,3,5,0,18,0,1,0,0,0,0,1,1,6,1,41,7,998,1,5,-1,1,-1
201550BB2F008,1,19,0,16,0,0,0,0,0,0,1,1,6,1,53,8,1905,2,14,-1,3,-1
201550BB2F008,2,9,0,17,0,0,1,0,0,0,2,1,6,1,30,6,1796,1,14,-1,3,-1
201550BB2F010,1,9,0,18,0,0,1,0,0,0,1,1,6,1,63,9,1299,1,15,-1,2,-1
201550BB2F010,2,9,0,4,0,0,0,0,0,0,2,1,6,1,64,9,1968,2,2,-1,3,-1
201550BB2G001,1,9,0,18,0,1,0,0,0,0,1,1,1,1,26,6,-1,-1,-1,-1,3,-1
201550BB2G001,2,9,0,7,0,5,0,0,0,0,4,1,6,2,44,7,1199,1,13,-1,1,-1
201550BB2G002,1,9,0,16,0,0,2,0,0,0,0,1,2,1,45,7,-1,-1,-1,-1,2,-1
201550BB2G003,1,9,0,9,0,6,0,0,0,0,1,1,6,1,91,11,-1,-1,-1,-1,1,-1
201550BB2G003,2,9,0,18,0,1,0,0,0,0,1,1,6,1,31,6,2496,2,12,-1,2,-1
201550BB2G006,1,9,0,9,0,6,0,0,0,0,1,1,6,1,49,8,1998,1,8,-1,3,-1
201550BB2G006,2,5,0,18,0,1,0,0,0,0,1,1,6,1,47,8,1137,1,18,-1,1,-1
201550BB2G008,1,9,0,18,0,0,0,0,0,0,1,1,6,2,56,9,1995,2,-1,-1,2,-1
201550BB2H001,1,19,0,4,0,0,1,0,0,0,0,1,6,1,50,8,-1,-1,-1,-1,3,-1
201550BB2H001,2,9,0,4,0,0,1,0,0,0,2,1,6,2,59,9,1796,1,15,-1,2,-1
201550BB2H001,3,9,0,18,0,0,0,0,0,0,3,1,6,2,53,8,1299,1,11,-1,1,-1
201550BB2H002,1,9,0,17,0,1,0,7,7,0,1,1,2,1,22,5,-1,-1,-1,-1,2,-1
201550BB2H003,1,9,0,16,0,0,1,0,8,0,1,1,2,1,28,6,-1,-1,-1,-1,1,-1
201550BB2H004,1,9,0,18,0,4,0,0,0,0,1,1,6,1,52,8,1242,1,1,-1,2,-1
201550BB2H004,2,1,0,18,0,8,0,0,0,0,4,1,6,1,46,8,-1,-1,-1,-1,1,-1
201550BB2H006,1,9,0,18,0,0,0,0,0,0,1,1,6,2,23,5,1299,1,11,-1,1,-1
201550BB2H006,2,9,0,18,0,0,0,0,0,0,2,1,6,2,41,7,1390,1,3,-1,3,-1
201550BB2I001,1,9,0,18,0,0,0,0,0,0,1,1,6,1,19,4,-1,-1,-1,-1,3,-1
201550BB2I001,2,9,0,18,0,0,0,0,0,0,2,1,6,2,26,6,-1,-1,-1,-1,3,-1
201550BB2I002,1,9,0,7,0,6,0,0,0,0,1,1,6,3,17,4,-1,-1,-1,-1,3,-1
201550BB2I002,2,3,0,18,0,1,0,0,0,0,4,1,2,1,30,6,125,1,3,-1,1,-1
201550BB2I005,1,9,0,18,0,1,5,0,4,1,1,1,6,1,70,10,1149,1,5,-1,2,-1
201550BB2I006,1,9,0,17,0,0,1,0,8,0,3,1,6,1,58,9,1598,1,15,-1,1,-1
201550BB2I008,1,9,0,16,0,0,1,0,0,0,1,1,3,2,46,8,1461,2,-1,-1,3,-1
201550BB2I008,2,9,0,17,0,0,0,0,0,0,1,1,2,2,21,5,1242,1,15,-1,1,-1
201550BB2I010,1,9,0,18,0,0,0,0,7,0,1,1,6,1,73,10,999,1,-1,-1,1,-1
201550BB2I010,2,9,0,16,0,0,0,0,1,0,1,1,6,1,45,7,1343,1,13,-1,-1,-1
201550BB2J001,1,9,0,18,0,0,0,0,0,0,3,1,6,2,25,5,1796,1,7,-1,2,-1
201550BB2J001,2,21,1,18,0,0,0,0,4,6,3,1,1,1,46,8,11967,2,3,-1,1,-1
201550BB2J003,1,19,0,18,0,0,2,0,1,9,4,1,1,1,51,8,2402,2,6,-1,1,-1
201550BB2K002,1,9,0,18,0,0,0,0,0,0,1,1,6,3,-1,-1,1560,2,3,-1,-1,-1
201550BB2K002,2,9,0,3,0,0,0,0,0,0,2,1,1,1,41,7,-1,-1,-1,-1,3,-1
201550BB2K002,3,9,0,3,0,0,0,0,0,0,2,1,6,3,-1,-1,-1,-1,-1,-1,-1,-1
201550BB2K005,1,9,0,18,0,6,0,0,0,0,1,1,6,1,64,9,2993,2,8,-1,3,-1
201550BB2K005,2,1,0,18,0,3,0,0,0,0,2,1,6,1,39,7,-1,-1,-1,-1,2,-1
201550BB2K007,1,9,0,4,0,1,0,0,0,0,2,1,6,2,20,4,1598,1,3,-1,1,-1
201550BB2K007,2,9,0,18,0,1,0,0,0,0,1,1,6,2,61,9,1599,1,6,-1,1,-1
201550BB2K008,1,11,0,5,0,1,0,0,0,0,0,1,1,1,50,8,-1,-1,-1,-1,1,-1
201550BB2K009,1,9,0,9,0,1,0,0,0,0,1,1,6,1,29,6,1598,1,12,-1,1,-1
201550BB2K009,2,19,0,18,0,1,0,0,0,0,1,1,1,1,36,7,1248,2,1,-1,1,-1
201550BB2K010,1,9,0,16,0,0,0,2,2,7,1,1,6,2,24,5,-1,-1,-1,-1,-1,-1
201550BB2K011,1,9,0,7,0,1,0,0,1,11,1,1,6,2,25,5,1339,1,1,-1,1,-1
201550BB2K012,1,9,0,18,0,0,0,0,0,0,4,1,6,1,68,10,1910,2,7,-1,1,-1
201550BB2K012,2,1,0,18,0,0,0,0,0,0,3,1,6,1,56,9,-1,-1,-1,-1,3,-1
201550BB2K013,1,9,0,14,0,3,1,0,0,0,1,1,6,1,37,7,1390,1,18,-1,3,-1
201550BB2K013,2,9,0,18,0,1,0,0,0,0,1,1,6,1,50,8,1995,2,9,-1,1,-1
201550BB2K015,1,9,0,17,0,1,1,0,0,0,1,1,6,2,26,6,1360,1,6,-1,3,-1
201550BB2K015,2,9,0,10,0,1,0,0,0,0,2,1,6,1,50,8,1998,1,8,-1,2,-1
201550BB2K019,1,9,0,18,0,0,0,0,0,0,1,1,6,1,23,5,1596,1,19,-1,1,-1
201550BB2K019,2,9,0,18,0,0,0,0,0,0,1,1,6,1,32,6,2354,1,26,-1,2,-1
201550BB2K022,1,9,0,9,0,1,0,0,0,0,4,1,6,1,58,9,3000,1,9,-1,1,-1
201550BB2K022,2,3,0,18,0,8,0,0,0,0,1,1,6,1,17,4,125,1,-1,-1,1,-1
201550BB2K026,1,9,0,18,0,1,0,0,0,0,3,1,6,2,53,8,1461,2,5,-1,2,-1
201550BB2K026,2,9,0,9,0,6,0,0,0,0,4,1,6,2,31,6,1390,1,4,-1,1,-1
201550BB2K027,1,9,0,18,9,1,0,0,1,0,1,1,6,3,-1,-1,-1,-1,-1,-1,-1,-1
201550BB2K028,1,9,0,18,0,1,0,0,7,10,1,1,6,1,30,6,-1,-1,-1,-1,2,-1
201550BB2K029,1,21,0,1,0,1,0,0,0,0,2,1,6,3,-1,-1,9200,2,6,-1,-1,-1
201550BB2K035,1,9,0,18,0,0,0,0,0,0,4,1,6,2,27,6,1229,1,2,-1,2,-1
201550BB2K040,1,9,0,5,0,6,0,0,0,0,3,1,2,1,45,7,-1,3,1,-1,1,-1
201550BB2K040,2,3,0,18,0,8,0,0,0,0,1,1,2,2,23,5,124,1,9,-1,2,-1
201550BC2B001,1,19,0,18,0,2,2,0,7,4,1,1,1,1,48,8,-1,-1,-1,-1,1,-1
201550BC2B002,1,19,0,9,0,1,0,0,0,0,2,1,6,2,51,8,2499,2,14,-1,3,-1
201550BC2B002,2,19,0,18,0,1,1,0,0,0,1,1,6,1,54,8,1998,2,14,-1,3,-1
201550BC2B003,1,9,0,9,0,5,0,0,0,0,1,1,6,1,64,9,1229,1,-1,-1,-1,-1
201550BC2B003,2,9,0,18,0,1,0,0,1,0,1,1,6,1,55,8,1995,2,11,-1,1,-1
201550BC2E001,1,9,0,18,0,8,0,0,1,1,4,1,6,2,56,9,1598,2,1,-1,-1,-1
201550BC2E001,2,9,0,18,0,8,0,0,1,0,1,1,6,2,21,5,-1,-1,-1,-1,3,-1
201550BC2E001,3,9,0,3,0,1,0,0,0,0,3,1,6,1,43,7,-1,-1,-1,-1,2,-1
201550BC2E002,1,9,0,18,0,8,5,0,2,10,1,1,6,1,32,6,-1,-1,-1,-1,3,-1
201550BC2E002,2,17,0,4,0,1,0,0,0,0,1,1,1,1,21,5,6728,2,1,-1,3,-1
201550BC2E003,1,9,0,5,0,6,0,0,3,0,3,1,6,1,79,11,1598,1,1,-1,1,-1
201550BC2E003,2,9,0,18,0,8,0,0,8,3,1,1,6,1,28,6,1396,1,17,-1,2,-1
201550BC2E004,1,9,0,16,0,0,0,0,7,10,3,1,6,1,86,11,998,1,6,-1,-1,-1
201550BC2G001,1,19,0,18,0,0,0,0,0,0,1,1,1,1,40,7,2143,2,2,-1,1,-1
201550BC2G001,2,9,0,18,0,0,0,0,0,0,2,1,6,1,65,9,-1,-1,-1,-1,3,-1
201550BC2G001,3,9,0,18,0,0,0,0,0,0,1,1,6,2,60,9,1598,1,13,-1,3,-1
201550BC2G002,1,9,0,17,0,0,1,0,0,0,1,1,1,2,56,9,998,1,13,-1,3,-1
201550BC2G002,2,9,0,16,0,0,0,0,0,0,1,1,1,2,44,7,1598,1,10,-1,1,-1
201550BC2G004,1,9,0,1,6,1,0,0,0,0,2,1,6,1,35,6,1499,2,-1,-1,1,-1
201550BC2G005,1,9,0,17,0,0,5,0,1,10,1,1,6,2,78,11,1699,1,5,-1,3,-1
201550BC2H002,1,9,0,17,0,1,0,0,0,0,3,1,6,1,55,8,1995,2,-1,-1,3,-1
201550BC2H002,2,9,0,16,0,1,0,0,0,0,3,1,6,1,48,8,-1,-1,-1,-1,3,-1
201550BC2H002,3,9,0,16,0,1,0,0,0,0,3,1,6,1,45,7,1956,2,1,-1,1,-1
201550BC2H004,1,2,0,7,0,1,0,0,0,0,1,1,6,1,17,4,49,1,11,-1,2,-1
201550BC2H004,2,9,4,2,0,1,0,0,0,0,2,1,2,1,-1,-1,-1,-1,-1,-1,3,-1
201550BC2I001,1,9,0,18,0,8,0,0,0,0,1,1,1,1,29,6,-1,-1,-1,-1,3,-1
201550BC2I001,2,9,0,18,0,8,0,0,0,0,0,1,6,2,40,7,2179,2,3,-1,3,-1
201550BC2I002,1,5,0,18,0,0,1,12,0,0,1,1,6,1,42,7,798,1,1,-1,3,-1
201550BC2I004,1,9,0,17,0,0,1,0,0,0,3,1,6,1,58,9,2993,2,10,-1,2,-1
201550BC2I004,2,17,4,16,0,0,1,0,0,0,3,1,1,1,35,6,-1,-1,-1,-1,3,-1
201550BC2I005,1,9,0,9,0,8,0,0,7,0,3,1,6,2,60,9,1596,1,6,-1,1,-1
201550BC2I005,2,19,0,18,0,1,0,0,7,0,1,1,1,1,60,9,2198,2,3,-1,1,-1
201550BC2I006,1,17,4,9,0,6,0,0,0,0,0,1,6,3,-1,-1,-1,2,1,-1,-1,-1
201550BC2I006,2,9,0,18,0,1,0,0,0,0,0,1,6,2,37,7,2987,2,4,-1,3,-1
201550BC2I008,1,5,0,18,0,0,1,0,2,10,1,1,6,1,33,6,-1,-1,-1,-1,-1,-1
201550BC2I008,2,9,0,6,8,0,0,0,0,0,2,1,6,1,87,11,1798,8,3,-1,1,-1
201550BC2I008,3,9,0,2,6,0,0,0,0,0,3,1,1,1,58,9,1499,2,-1,-1,1,-1
201550BC2I011,1,9,0,8,0,6,0,0,0,0,1,1,6,2,21,5,1390,1,6,-1,-1,-1
201550BC2I011,2,20,0,18,0,1,0,0,0,0,4,2,6,1,34,6,-1,-1,-1,-1,2,-1
201550BC2I012,1,9,0,4,0,0,0,0,0,0,2,1,6,2,19,4,998,1,8,-1,1,-1
201550BC2I012,2,9,0,4,0,0,0,0,1,11,1,1,6,1,22,5,1753,2,15,-1,3,-1