Accident_Index,Vehicle_Reference,Vehicle_Type,Towing_and_Articulation,Vehicle_Manoeuvre,Vehicle_Location-Restricted_Lane,Junction_Location,Skidding_and_Overturning,Hit_Object_in_Carriageway,Vehicle_Leaving_Carriageway,Hit_Object_off_Carriageway,1st_Point_of_Impact,Was_Vehicle_Left_Hand_Drive?,Journey_Purpose_of_Driver,Sex_of_Driver,Age_of_Driver,Age_Band_of_Driver,Engine_Capacity_(CC),Propulsion_Code,Age_of_Vehicle,Driver_IMD_Decile,Driver_Home_Area_Type,Vehicle_IMD_Decile
201550BL2N005,1,9,0,4,0,0,0,0,0,0,1,1,6,2,19,4,1348,1,15,-1,2,-1
201550BL2N005,2,9,0,4,0,0,0,0,0,0,1,1,6,1,44,7,1968,2,7,-1,2,-1
201550BL2N005,3,9,0,18,0,0,0,0,0,0,2,1,6,3,-1,-1,-1,-1,-1,-1,-1,-1
201550BL2N006,1,9,0,17,0,0,0,0,0,0,4,1,1,2,22,5,1124,1,15,-1,2,-1
201550BL2N007,1,9,0,16,0,0,1,0,7,0,1,1,1,2,30,6,998,1,17,-1,1,-1
201550BL2N007,2,9,0,17,0,0,0,0,0,0,1,1,6,2,57,9,1896,2,13,-1,3,-1
201550BL2O001,1,9,0,13,0,0,5,0,7,0,1,1,2,2,24,5,-1,-1,-1,-1,3,-1
201550BL2O002,1,9,0,18,0,0,0,0,0,0,1,1,1,1,73,10,2143,2,6,-1,3,-1
201550BL2O002,2,9,0,18,0,0,0,0,0,0,2,1,1,2,70,10,1248,1,5,-1,2,-1
201550BL2O002,3,17,4,4,0,0,0,0,0,0,2,1,1,1,60,9,-1,2,1,-1,3,-1
201550BL2P001,1,17,0,16,0,0,0,0,0,0,1,1,1,1,16,4,-1,2,10,-1,3,-1
201550BL2P001,2,9,0,17,0,0,0,0,0,0,1,1,6,1,27,6,1560,2,-1,-1,3,-1
201550BL2P002,1,1,0,18,0,0,2,0,0,0,1,1,6,1,36,7,-1,-1,-1,-1,1,-1
201550BL2P002,2,9,0,4,0,0,0,0,0,0,1,1,6,1,35,6,-1,-1,-1,-1,3,-1
201550BL2Q002,1,9,0,18,0,0,5,0,2,11,1,1,2,1,25,5,2494,1,19,-1,1,-1
201550BL2Q002,2,9,0,16,0,0,1,0,0,0,1,1,1,1,28,6,-1,-1,-1,-1,2,-1
201550BL2Q002,3,9,0,16,0,0,0,0,0,0,2,1,1,1,48,8,-1,-1,-1,-1,1,-1
201550BL2Q004,1,9,0,18,0,0,0,0,8,10,4,1,6,1,40,7,1590,1,14,-1,3,-1
201550BL2Q004,2,9,0,18,0,0,0,0,0,0,1,1,6,1,51,8,1597,1,18,-1,3,-1
201550BL2Q005,1,9,0,17,0,0,2,0,8,10,4,1,1,2,22,5,1461,2,10,-1,2,-1
201550BN2B001,1,9,0,16,0,0,1,0,1,9,3,1,3,2,27,6,1956,2,1,-1,2,-1
201550BN2B001,2,9,0,17,0,0,0,0,0,0,3,1,3,1,50,8,2188,2,9,-1,3,-1
201550BN2B002,1,9,0,17,0,0,1,0,2,10,1,1,1,1,27,6,1995,2,11,-1,1,-1
201550BN2B003,1,9,0,18,0,8,1,0,0,0,1,1,1,2,61,9,-1,-1,-1,-1,2,-1
201550BN2B003,2,9,0,18,0,8,0,0,0,0,1,1,1,2,58,9,-1,-1,-1,-1,3,-1
201550BN2B004,1,9,0,9,0,5,2,0,7,11,2,1,1,1,35,6,904,2,3,-1,3,-1
201550BN2B004,2,9,0,13,0,1,1,0,0,0,1,1,6,1,67,10,1396,1,12,-1,3,-1
201550BN2B005,1,9,0,16,0,0,2,0,0,0,1,1,6,1,30,6,-1,-1,-1,-1,2,-1
201550BN2B006,1,9,0,18,0,1,0,0,0,0,1,1,1,2,44,7,1198,1,5,-1,2,-1
201550BN2B006,2,9,0,5,0,6,0,0,0,0,1,1,1,2,36,7,998,1,8,-1,2,-1
201550BN2B006,3,9,0,10,0,6,0,0,0,0,1,1,1,1,50,8,2400,2,6,-1,3,-1
201550BN2B007,1,9,0,17,0,0,0,0,0,0,3,1,6,1,-1,-1,2402,2,5,-1,3,-1
201550BN2B007,2,1,0,16,0,0,0,0,0,0,1,1,6,1,58,9,-1,-1,-1,-1,3,-1
201550BN2B010,1,9,0,16,0,0,0,0,0,4,1,1,6,2,17,4,1198,1,13,-1,2,-1
201550BN2B011,1,9,0,18,0,8,0,0,0,0,1,1,6,2,43,7,1796,1,14,-1,3,-1
201550BN2B011,2,9,0,3,0,8,0,0,0,0,2,1,1,1,59,9,1956,2,2,-1,-1,-1
201550BN2B011,3,19,0,3,0,8,0,0,0,0,2,1,1,1,52,8,1598,2,1,-1,-1,-1
201550BN2B012,1,19,0,17,0,0,1,0,0,0,1,1,6,3,-1,-1,1870,2,12,-1,-1,-1
201550BN2B012,2,9,0,3,0,0,0,0,0,0,1,1,6,2,29,6,1900,2,17,-1,3,-1
201550BN2B013,1,9,0,13,0,0,0,0,0,0,3,1,2,2,28,6,1753,2,13,-1,2,-1
201550BN2B013,2,9,0,18,0,0,0,0,0,0,3,1,2,1,40,7,1868,2,15,-1,1,-1
201550BN2B014,1,9,0,18,0,0,5,0,0,0,1,1,6,2,61,9,996,1,1,-1,3,-1
201550BN2B014,2,9,0,4,0,0,0,0,0,0,0,1,6,2,43,7,1598,2,6,-1,3,-1
201550BN2B015,1,9,0,9,0,1,0,0,0,0,1,1,6,1,61,9,1997,2,15,-1,1,-1
201550BN2B015,2,9,0,18,0,1,0,0,0,0,1,1,1,1,55,8,-1,-1,-1,-1,1,-1
201550BN2B015,3,9,0,18,0,1,0,0,0,0,1,1,6,2,41,7,1997,2,13,-1,3,-1
201550BN2B017,1,9,0,9,0,2,0,0,0,0,2,1,6,1,85,11,1386,1,5,-1,3,-1
201550BN2B017,2,3,0,18,0,1,0,0,0,0,1,1,6,1,18,4,124,1,6,-1,2,-1
201550BN2B018,1,9,0,16,0,0,2,0,0,10,1,1,6,3,-1,-1,1248,2,9,-1,-1,-1
201550BN2D001,1,9,0,18,0,4,0,0,1,11,1,1,6,1,18,4,995,1,10,-1,2,-1
201550BN2D001,2,9,0,18,0,8,0,0,0,0,1,1,1,1,49,8,1997,2,3,-1,1,-1
201550BN2D004,1,9,0,15,0,1,2,0,1,1,1,1,6,1,20,4,-1,-1,-1,-1,2,-1
201550BN2D005,1,9,0,17,0,0,0,0,7,11,1,1,1,2,49,8,1389,1,17,-1,3,-1
201550BN2D006,1,9,0,18,0,0,5,0,0,4,1,1,6,1,32,6,-1,-1,-1,-1,2,-1
201550BN2D007,1,9,0,17,0,0,0,0,0,0,1,1,1,1,28,6,-1,-1,-1,-1,3,-1
201550BN2D007,2,9,0,16,0,0,0,0,0,0,1,1,6,1,23,5,-1,-1,-1,-1,2,-1
201550BN2D011,1,9,0,3,0,1,0,0,0,0,2,1,6,1,53,8,2231,2,7,-1,3,-1
201550BN2D011,2,3,0,4,0,1,1,0,0,0,1,1,2,2,19,4,124,1,2,-1,2,-1
201550BN2D014,1,9,0,18,0,4,0,0,0,0,1,1,2,1,70,10,1396,2,4,-1,3,-1
201550BN2D014,2,9,0,18,0,3,0,0,1,0,2,1,1,1,39,7,1061,1,11,-1,1,-1
201550BN2D016,1,9,0,4,0,0,0,0,0,0,0,1,6,1,77,11,1328,1,8,-1,3,-1
201550BN2D018,1,9,0,4,0,1,0,0,0,0,3,1,6,1,53,8,2179,2,2,-1,3,-1
201550BN2D018,2,1,0,18,0,1,0,0,0,0,4,1,6,2,12,3,-1,-1,-1,-1,3,-1
201550BN2D019,1,9,0,16,0,0,5,0,2,10,4,1,6,1,71,10,1248,1,2,-1,3,-1
201550BN2D020,1,9,0,18,0,0,0,0,7,0,1,1,6,1,69,10,-1,-1,-1,-1,1,-1
201550BN2D020,2,19,0,18,0,0,0,0,0,0,1,1,1,1,60,9,-1,-1,-1,-1,3,-1
201550BN2D021,1,9,0,18,0,1,0,0,0,0,1,1,6,1,67,10,1560,2,-1,-1,3,-1
201550BN2D021,2,9,0,4,0,1,0,0,0,0,2,1,6,1,66,10,2993,2,10,-1,3,-1
201550BN2D022,1,9,0,18,0,0,0,0,1,3,4,1,6,2,80,11,1596,1,6,-1,3,-1
201550BN2D022,2,19,0,2,0,0,0,0,0,0,2,1,1,1,57,9,2143,2,-1,-1,1,-1
201550BN2E002,1,9,0,16,0,0,1,0,1,11,1,1,2,1,34,6,-1,-1,-1,-1,2,-1
201550BN2E004,1,9,0,16,0,0,0,0,0,0,1,1,6,2,80,11,998,1,15,-1,3,-1
201550BN2E004,2,2,0,16,0,0,1,0,0,0,1,1,6,1,16,4,49,1,4,-1,3,-1
201550BN2E005,1,9,0,17,0,0,0,0,2,10,1,1,6,2,17,4,1596,1,11,-1,3,-1
201550BN2E007,1,21,0,18,0,1,0,0,0,0,1,1,1,1,58,9,6692,2,6,-1,1,-1
201550BN2E007,2,19,0,10,0,1,0,0,0,0,2,1,1,1,41,7,1995,2,7,-1,3,-1
201550BN2E007,3,9,0,18,0,2,0,0,1,0,2,1,2,1,50,8,999,1,1,-1,3,-1
201550BN2E009,1,9,0,18,0,0,0,0,7,0,1,1,6,2,19,4,1299,1,11,-1,-1,-1
201550BN2E009,2,19,0,18,0,0,0,0,0,0,2,1,6,1,38,7,2477,2,10,-1,3,-1
201550BN2E009,3,9,0,18,0,0,0,0,0,0,1,1,6,2,50,8,1968,1,10,-1,2,-1
201550BN2E010,1,10,0,18,0,0,0,0,0,0,0,1,1,1,69,10,-1,-1,-1,-1,3,-1
201550BN2E011,1,9,0,18,0,0,0,4,0,0,1,1,2,1,28,6,1598,1,9,-1,2,-1
201550BN2E011,2,9,0,2,0,0,0,0,0,0,2,1,6,1,43,7,-1,-1,-1,-1,3,-1
201550BN2E011,3,9,0,2,0,0,0,0,0,0,1,1,6,2,50,8,1398,2,12,-1,3,-1
201550BN2E013,1,9,0,18,0,0,0,0,0,0,1,1,6,1,-1,-1,796,1,16,-1,3,-1
201550BN2E014,1,9,0,16,0,0,1,0,7,11,1,1,6,1,17,4,1124,1,15,-1,3,-1
201550BN2E015,1,9,0,17,0,0,1,0,1,11,1,1,6,1,50,8,1998,2,10,-1,2,-1
201550BN2E015,2,9,0,18,0,0,0,0,0,0,1,1,1,1,21,5,-1,-1,-1,-1,1,-1
201550BN2E016,1,9,0,18,0,8,0,0,0,0,1,1,6,1,70,10,1396,1,16,-1,3,-1
201550BS2A002,1,20,0,18,0,0,0,0,7,1,1,1,2,1,57,9,-1,-1,-1,-1,3,-1
201550BS2A002,2,9,0,18,0,0,0,0,0,0,3,1,2,2,49,8,1598,1,8,-1,1,-1
201550BS2A003,1,5,0,17,0,1,2,0,1,1,1,1,6,1,49,8,-1,-1,-1,-1,1,-1
201550BS2A005,1,9,0,18,0,0,5,0,1,10,1,1,6,1,29,6,1560,2,8,-1,2,-1
201550BS2A005,2,9,0,18,0,0,0,0,0,0,2,1,6,1,44,7,1968,2,6,-1,1,-1
201550BS2A006,1,20,0,18,0,0,2,0,2,7,1,1,1,1,61,9,4461,2,6,-1,1,-1
201550BS2A007,1,5,0,16,0,0,1,0,0,0,3,1,6,1,42,7,1127,1,25,-1,1,-1
201550BS2A007,2,9,0,17,0,0,0,0,0,0,3,1,2,1,30,6,1598,2,1,-1,2,-1
201550BS2A008,1,9,0,18,0,0,1,11,1,9,1,1,6,1,24,5,1242,1,-1,-1,2,-1
201550BS2A009,1,19,0,9,0,1,0,0,0,0,3,1,1,1,61,9,1870,2,13,-1,2,-1
201550BS2A009,2,3,0,13,0,1,0,0,0,0,1,1,6,1,21,5,125,1,1,-1,2,-1
201550BS2A011,1,9,0,5,0,4,0,0,0,0,1,1,2,2,33,6,1598,1,13,-1,3,-1
201550BS2A011,2,9,0,4,0,4,0,0,0,0,1,1,6,1,43,7,-1,-1,-1,-1,1,-1
201550BS2A012,1,9,4,18,0,1,0,0,0,0,1,1,1,1,52,8,-1,-1,-1,-1,3,-1
201550BS2A012,2,9,0,5,0,6,0,0,0,0,1,1,6,1,89,11,1560,2,6,-1,3,-1
201550BS2A012,3,9,0,2,0,2,0,0,0,0,2,1,6,2,24,5,1242,1,8,-1,3,-1
201550BS2A013,1,9,0,4,0,0,0,0,0,0,1,1,6,1,48,8,1360,1,13,-1,2,-1
201550BS2A013,2,9,0,4,0,0,0,0,0,0,2,1,6,1,53,8,2979,1,11,-1,1,-1
201550BS2A014,1,9,0,18,0,0,1,0,0,0,1,1,2,1,25,5,1124,1,15,-1,2,-1
201550BS2A014,2,9,0,18,0,0,0,0,0,0,2,1,2,2,30,6,2204,2,8,-1,2,-1
201550BS2A015,1,9,0,18,0,0,1,0,1,1,1,1,2,1,33,6,1900,2,16,-1,1,-1
201550BS2A015,2,9,0,18,0,0,1,0,0,0,1,1,2,1,24,5,1493,1,18,-1,2,-1
201550BS2A015,3,9,0,18,0,0,0,0,0,0,2,1,2,2,36,7,1598,2,1,-1,2,-1
201550BS2B002,1,9,0,8,0,8,0,0,0,0,1,1,6,2,38,7,1229,1,4,-1,3,-1
201550BS2B002,2,3,0,8,0,8,0,0,0,0,3,1,6,2,20,4,124,1,1,-1,3,-1
201550BS2B003,1,9,0,17,0,0,1,0,8,11,1,1,2,1,33,6,1996,1,19,-1,2,-1
201550BS2B005,1,9,0,3,0,0,0,0,0,0,1,1,6,1,54,8,1560,2,10,-1,3,-1
201550BS2B005,2,9,0,13,0,0,0,0,0,0,2,1,6,1,26,6,1999,1,13,-1,2,-1
201550BS2B006,1,9,0,18,0,0,0,0,0,0,4,1,6,3,-1,-1,1997,2,2,-1,-1,-1
201550BS2B006,2,9,0,3,0,0,0,0,0,0,0,1,6,1,72,10,2401,2,9,-1,3,-1
201550BS2B007,1,9,0,4,0,1,5,0,1,4,1,1,6,2,46,8,1124,1,12,-1,1,-1
201550BS2B008,1,9,0,3,0,0,0,0,0,0,1,1,6,1,51,8,1969,2,-1,-1,1,-1
201550BS2B008,2,9,0,3,0,0,0,0,0,0,1,1,6,1,78,11,1995,2,7,-1,3,-1
201550BS2B008,3,9,0,4,0,0,0,0,0,0,1,1,6,1,20,4,1461,2,10,-1,1,-1
201550BS2C006,1,9,0,18,0,0,0,0,0,0,4,1,6,1,45,7,1582,2,5,-1,3,-1
201550BS2C007,1,9,0,18,0,0,0,0,0,0,4,1,6,1,66,10,-1,-1,-1,-1,2,-1
201550BS2C007,2,19,0,2,0,0,0,0,0,0,0,1,1,1,37,7,2461,2,13,-1,1,-1
201550BS2C008,1,9,0,18,0,0,0,4,0,0,1,1,6,2,54,8,998,1,1,-1,1,-1
201550BS2C008,2,9,0,2,0,0,0,0,0,0,3,1,6,1,-1,-1,1468,1,16,-1,2,-1
201550BS2C008,3,9,0,2,0,0,0,0,0,0,2,1,6,1,-1,-1,1995,2,13,-1,2,-1
201550BS2C008,4,9,0,2,0,0,0,0,0,0,3,1,6,2,70,10,1598,1,9,-1,2,-1
201550BS2C008,5,9,0,2,0,0,0,0,0,0,3,1,6,2,-1,-1,2496,2,12,-1,2,-1
201550BS2C009,1,5,0,15,0,1,0,0,0,0,1,1,6,1,47,8,998,1,8,-1,2,-1
201550BS2C009,2,9,0,9,0,6,0,0,0,0,4,1,6,2,42,7,1298,1,14,-1,1,-1
201550BS2C010,1,9,0,18,0,0,0,4,0,0,4,1,6,1,57,9,1956,2,3,-1,1,-1
201550BS2C010,2,9,0,2,6,0,0,0,0,0,3,1,6,2,66,10,1339,1,8,-1,1,-1
201550BS2C010,3,9,0,2,6,0,0,0,0,0,2,1,6,2,70,10,1686,2,5,-1,1,-1
201550BS2C011,1,9,0,18,0,0,0,0,0,0,1,1,1,1,48,8,1598,1,12,-1,1,-1
201550BS2C011,2,9,0,18,0,0,0,0,0,0,1,1,2,2,36,7,1461,2,2,-1,1,-1
201550BS2C012,1,9,0,3,0,0,0,0,0,0,1,1,6,2,34,6,1598,1,10,-1,2,-1
201550BS2C012,2,9,0,18,0,0,0,0,0,0,2,1,6,1,34,6,-1,-1,-1,-1,1,-1
201550BS2C012,3,9,0,3,0,0,0,0,1,10,2,1,6,2,20,4,1400,2,8,-1,3,-1
201550BS2C012,4,9,0,3,0,0,0,0,0,0,2,1,6,1,21,5,1124,1,14,-1,2,-1
201550BS2C012,5,9,0,3,0,0,0,0,0,0,2,1,6,1,17,4,1248,2,8,-1,3,-1
201550BS2C013,1,9,0,18,0,0,0,0,0,0,1,1,1,1,25,5,1560,2,2,-1,2,-1
201550BS2C013,2,9,0,4,0,0,0,0,0,0,2,1,1,1,49,8,-1,-1,-1,-1,3,-1
201550BS2C014,1,9,0,4,0,0,1,0,0,0,1,1,6,1,33,6,2958,1,20,-1,3,-1
201550BS2C014,2,9,0,4,0,0,0,0,0,0,2,1,6,1,66,10,1598,1,3,-1,1,-1
201550BS2C014,3,9,0,4,0,0,0,0,0,0,2,1,6,2,46,8,1339,1,11,-1,2,-1
201550BS2C016,1,9,0,1,8,0,0,0,0,0,0,1,6,3,-1,-1,-1,-1,-1,-1,-1,-1
201550BS2C020,1,9,0,12,0,0,0,0,0,0,3,1,6,3,-1,-1,-1,-1,-1,-1,-1,-1
201550BS2C020,2,3,0,18,0,0,5,0,0,0,2,1,1,1,35,6,125,1,4,-1,1,-1
201550BS2C020,3,9,0,18,0,0,0,0,4,7,3,1,1,2,25,5,1560,2,6,-1,2,-1
201550BS2C020,4,9,0,18,0,0,0,0,4,7,3,1,1,1,28,6,1124,1,14,-1,1,-1
201550BS2C020,5,9,0,18,0,0,0,0,0,0,3,1,1,1,48,8,1900,2,15,-1,1,-1
201550BS2D001,1,5,0,18,0,0,0,0,1,10,1,1,6,1,49,8,675,1,7,-1,1,-1
201550BS2D002,1,9,0,9,0,2,0,0,0,0,1,1,6,1,69,10,1499,1,8,-1,3,-1
201550BS2D002,2,9,0,17,0,1,0,0,0,0,1,1,6,2,54,8,1753,2,7,-1,1,-1
201550BS2D003,1,9,0,18,0,1,1,0,0,0,1,1,6,1,44,7,1951,2,13,-1,1,-1
201550BS2D003,2,5,0,18,8,1,0,0,1,0,3,1,6,1,-1,-1,865,1,7,-1,-1,-1
201550BS2D004,1,9,0,9,0,6,0,0,0,0,3,1,6,1,77,11,1870,2,6,-1,2,-1
201550BS2D004,2,9,0,17,0,1,0,0,0,0,1,1,1,1,41,7,1968,2,-1,-1,3,-1
201550BS2E001,1,9,0,18,0,0,1,0,0,0,1,1,6,1,31,6,1599,1,40,-1,1,-1
201550BS2E001,2,9,0,18,0,0,0,0,0,0,1,1,6,1,72,10,1339,1,8,-1,3,-1
201550BS2E002,1,9,0,18,0,0,2,0,0,11,1,1,6,1,38,7,-1,-1,-1,-1,3,-1
201550BS2F005,1,9,0,9,0,8,0,0,0,0,3,1,6,2,25,5,1398,1,-1,-1,1,-1
201550BS2G001,1,9,0,18,0,0,0,4,0,0,4,1,6,2,23,5,-1,-1,-1,-1,3,-1
201550BS2G001,2,9,0,2,0,0,0,0,1,0,3,1,6,2,-1,-1,-1,-1,-1,-1,3,-1
201550BS2G004,1,9,0,4,0,0,0,0,0,0,2,1,6,1,35,6,1560,2,3,-1,1,-1
201550BS2G004,2,9,0,18,0,0,0,0,0,0,1,1,6,1,62,9,-1,-1,-1,-1,1,-1
201550BS2G004,3,9,0,18,0,0,0,0,0,0,1,1,6,2,36,7,-1,-1,-1,-1,1,-1
201550BS2G005,1,5,0,18,0,0,0,0,0,0,1,1,6,1,28,6,636,1,12,-1,1,-1
201550BS2G005,2,9,0,9,9,0,0,0,0,0,3,1,6,1,71,10,1328,1,4,-1,2,-1
201550BS2G006,1,9,0,4,0,1,0,0,0,0,1,1,6,2,24,5,1242,1,4,-1,1,-1
201550BS2G006,2,9,0,3,0,1,0,0,0,0,2,1,6,2,74,10,1998,1,10,-1,3,-1
201550BS2G007,1,9,0,17,0,0,0,0,1,10,1,1,6,2,53,8,1149,1,5,-1,3,-1
201550BS2G007,2,19,0,16,0,0,0,0,0,0,1,1,6,1,27,6,1560,2,2,-1,3,-1
201550BS2G010,1,9,0,18,0,4,0,0,0,0,1,1,6,1,-1,-1,-1,-1,-1,-1,-1,-1
201550BS2G010,2,9,0,18,0,3,1,0,0,0,1,1,2,1,24,5,-1,-1,-1,-1,2,-1
201550BS2G011,1,9,0,18,0,0,1,0,0,0,4,1,2,1,55,8,-1,-1,-1,-1,2,-1
201550BS2G011,2,19,0,4,0,0,0,0,0,0,3,1,2,1,48,8,2198,2,7,-1,2,-1
201550BS2G012,1,9,0,16,0,0,0,0,0,10,4,1,3,2,61,9,2200,2,19,-1,1,-1
201550BS2G013,1,19,0,18,0,0,0,0,0,0,1,1,6,3,37,7,2461,2,13,-1,1,-1
201550BS2G014,1,9,0,9,0,6,0,0,0,0,1,1,6,2,68,10,1582,2,6,-1,1,-1
201550BS2G014,2,9,0,18,0,1,0,0,0,0,4,1,6,1,21,5,-1,-1,-1,-1,3,-1
201550BS2G015,1,9,0,18,0,1,1,0,0,0,1,1,2,1,26,6,1199,1,13,-1,1,-1
201550BS2G015,2,9,0,3,0,1,0,0,0,0,2,1,2,2,52,8,1248,2,5,-1,1,-1
201550BS2G016,1,9,0,9,0,6,0,0,0,0,1,1,6,1,81,11,1197,1,1,-1,3,-1
201550BS2G016,2,9,0,9,0,5,0,0,0,0,2,1,6,1,55,8,1598,1,11,-1,1,-1
201550BS2G018,1,9,0,18,0,4,1,0,3,10,1,1,6,1,28,6,2171,1,14,-1,3,-1
201550BS2G019,1,21,0,4,0,0,1,0,0,0,1,1,1,1,37,7,10640,2,12,-1,1,-1
201550BS2G019,2,11,0,4,0,0,0,0,0,0,2,1,1,1,46,8,5883,2,14,-1,3,-1
201550BS2G021,1,9,0,9,0,1,0,0,0,0,3,1,6,2,78,11,1598,2,2,-1,3,-1
201550BS2G021,2,3,0,18,0,1,0,0,0,0,3,1,2,2,21,5,-1,-1,-1,-1,1,-1
201550BS2G022,1,9,0,1,0,8,0,0,0,0,2,1,6,2,53,8,1753,2,13,-1,1,-1
201550BS2G024,1,9,0,4,0,0,0,0,0,0,2,1,6,1,-1,-1,1900,2,15,-1,1,-1
201550BS2G024,2,5,0,4,0,0,0,0,0,0,1,1,6,1,56,9,1340,1,8,-1,1,-1
201550BS2G025,1,9,0,17,0,1,0,0,7,1,1,1,6,2,26,6,1388,1,8,-1,3,-1
201550BS2G026,1,9,0,16,0,0,0,0,7,0,1,1,6,1,31,6,-1,-1,-1,-1,3,-1
201550BS2G026,2,9,0,17,0,0,0,0,0,0,1,1,6,2,71,10,1587,1,13,-1,1,-1
201550BS2G027,1,9,0,8,0,1,0,0,0,0,1,1,2,1,62,9,1997,2,5,-1,3,-1
201550BS2G027,2,9,0,18,0,1,0,0,0,0,2,1,6,1,59,9,1560,2,3,-1,1,-1
201550BS2G029,1,9,0,4,0,1,0,0,0,0,2,1,6,2,71,10,1997,2,5,-1,3,-1
201550BS2G029,2,9,0,4,0,1,1,0,0,0,1,1,6,1,27,6,1398,2,12,-1,2,-1
201550BS2G030,1,9,0,3,0,1,0,0,0,0,1,1,6,2,32,6,1896,2,10,-1,1,-1
201550BS2G030,2,9,0,18,0,1,0,0,0,0,3,1,6,2,31,6,1587,1,13,-1,2,-1
201550BS2G031,1,19,0,13,0,1,0,10,1,0,1,1,1,1,32,6,2402,2,13,-1,1,-1
201550BS2G031,2,9,0,9,0,1,0,0,0,0,2,1,6,2,40,7,1560,2,9,-1,1,-1
201550BS2G031,3,9,0,2,9,1,0,0,0,0,2,1,6,1,54,8,1596,1,8,-1,2,-1
201550BS2G035,1,2,0,18,0,0,0,0,0,0,1,1,2,1,23,5,49,1,14,-1,1,-1
201550BS2G035,2,9,0,2,0,0,0,0,0,0,2,1,6,2,-1,-1,1242,1,18,-1,1,-1
201550BS2G036,1,9,0,4,0,0,0,0,0,0,1,1,6,1,21,5,1896,2,15,-1,3,-1
201550BS2G036,2,9,0,4,0,0,0,0,0,0,2,1,6,2,47,8,1587,1,12,-1,3,-1
201550BS2G036,3,9,0,4,0,0,0,0,0,0,2,1,6,1,30,6,-1,-1,-1,-1,3,-1
201550BS2G037,1,9,0,18,0,2,0,0,3,11,0,1,6,2,31,6,1560,2,-1,-1,2,-1
201550BS2G039,1,19,0,4,0,0,0,0,0,0,1,1,1,1,30,6,2999,2,3,-1,3,-1
201550BS2G039,2,19,0,4,0,0,0,0,0,0,2,1,1,1,28,6,1560,2,3,-1,1,-1
201550BS2G040,1,9,0,18,0,1,0,0,0,0,0,1,6,1,33,6,2979,1,12,-1,1,-1
201550BS2G040,2,1,0,18,0,1,0,0,0,0,0,1,6,1,20,4,-1,-1,-1,-1,1,-1
201550BS2L001,1,9,0,16,0,0,2,0,1,10,1,1,1,2,18,4,-1,-1,-1,-1,2,-1
201550BS2M001,1,9,0,18,0,0,0,0,0,0,1,1,6,2,34,6,1796,1,12,-1,2,-1
201550BS2M001,2,9,0,18,0,0,0,0,0,0,2,1,6,1,55,8,2496,2,12,-1,2,-1
201550BS2M002,1,9,0,18,0,0,0,0,7,0,4,1,6,1,38,7,1124,1,14,-1,3,-1
201550BS2M002,2,9,0,18,0,0,0,0,0,0,4,1,6,2,33,6,1896,2,7,-1,3,-1
201550BS2N001,1,17,0,9,0,5,1,0,1,1,1,1,1,1,36,7,4400,2,2,-1,-1,-1
201550BT2A001,1,9,0,16,0,0,0,0,0,0,1,1,6,1,38,7,-1,-1,-1,-1,1,-1
201550BT2A001,2,9,0,17,0,0,0,0,0,0,1,1,6,1,69,10,1397,1,7,-1,3,-1
201550BT2A003,1,9,0,18,0,0,0,0,0,2,1,1,3,2,44,7,1248,2,10,-1,3,-1
201550BT2A004,1,9,0,16,0,0,1,0,8,7,1,1,6,1,18,4,999,1,16,-1,1,-1
201550BT2A004,2,9,0,16,0,0,2,0,8,7,1,1,6,1,18,4,1400,1,12,-1,3,-1
201550BT2B001,1,9,0,17,0,0,2,0,7,4,3,1,6,2,45,7,1360,1,13,-1,1,-1
201550BT2B002,1,9,0,17,0,0,0,0,0,0,1,1,6,2,26,6,1149,1,5,-1,2,-1
201550BT2B002,2,9,0,18,0,0,0,0,1,0,1,1,1,1,52,8,-1,-1,-1,-1,2,-1
201550BT2C001,1,9,0,18,0,0,0,0,0,0,1,1,6,3,-1,-1,-1,-1,-1,-1,-1,-1
201550BT2C001,2,1,0,18,0,0,0,0,0,0,1,1,2,1,-1,-1,-1,-1,-1,-1,1,-1
201550BT2C004,1,5,0,16,0,0,1,0,7,11,1,1,6,1,46,8,998,1,-1,-1,1,-1
201550BT2C005,1,9,0,17,0,0,0,0,1,4,1,1,6,1,40,7,1560,2,8,-1,2,-1
201550BT2C006,1,19,5,4,0,0,1,0,0,0,1,1,1,1,32,6,2446,2,18,-1,3,-1
201550BT2C006,2,9,0,4,0,0,0,0,0,0,1,1,2,2,57,9,1560,2,10,-1,3,-1
201550BT2C007,1,19,0,16,0,0,0,0,7,4,4,1,1,1,48,8,2460,2,6,-1,3,-1
201550BT2C008,1,9,0,17,0,0,5,0,7,1,1,1,6,1,22,5,1149,1,19,-1,-1,-1
201550BT2C008,2,9,0,17,0,0,0,0,0,0,1,1,1,1,-1,-1,2993,2,1,-1,-1,-1
201550BT2C008,3,9,0,17,0,0,0,0,0,0,0,1,1,1,-1,-1,2993,2,1,-1,-1,-1
201550BT2C009,1,9,0,15,0,0,5,0,1,0,1,1,6,1,31,6,1598,2,7,-1,3,-1
201550BT2D001,1,9,0,17,0,0,0,0,8,11,1,1,6,1,21,5,1587,1,12,-1,2,-1
201550BT2D002,1,9,0,18,0,1,0,0,7,11,0,1,6,2,46,8,-1,-1,-1,-1,2,-1
201550BT2D002,2,9,0,2,0,2,0,0,0,0,0,1,6,2,33,6,1686,2,1,-1,2,-1
201550BT2D003,1,9,0,3,0,1,0,0,0,0,3,1,1,1,62,9,1997,2,9,-1,3,-1
201550BT2D003,2,5,0,18,0,1,0,0,0,0,1,1,1,1,58,9,600,1,24,-1,3,-1
201550BT2D004,1,9,0,18,0,8,0,0,0,0,3,1,6,1,61,9,1560,2,1,-1,3,-1
201550BT2D004,2,8,0,18,0,1,0,0,0,0,3,1,1,1,58,9,2198,2,10,-1,2,-1
201550BT2D007,1,8,0,18,0,1,0,0,0,0,1,1,1,1,46,8,1910,2,8,-1,2,-1
201550BT2D007,2,2,0,18,0,1,0,0,0,0,1,1,2,1,59,9,49,1,1,-1,2,-1
201550BT2F001,1,9,0,17,0,0,5,0,0,0,1,1,6,1,20,4,1998,2,10,-1,3,-1