Accident_Index,Vehicle_Reference,Vehicle_Type,Towing_and_Articulation,Vehicle_Manoeuvre,Vehicle_Location-Restricted_Lane,Junction_Location,Skidding_and_Overturning,Hit_Object_in_Carriageway,Vehicle_Leaving_Carriageway,Hit_Object_off_Carriageway,1st_Point_of_Impact,Was_Vehicle_Left_Hand_Drive?,Journey_Purpose_of_Driver,Sex_of_Driver,Age_of_Driver,Age_Band_of_Driver,Engine_Capacity_(CC),Propulsion_Code,Age_of_Vehicle,Driver_IMD_Decile,Driver_Home_Area_Type,Vehicle_IMD_Decile
201550BT2G002,1,9,0,6,0,0,0,0,0,0,2,1,6,1,38,7,1968,2,11,-1,1,-1
201550BT2G002,2,1,0,4,0,0,1,0,0,0,1,1,6,1,48,8,-1,-1,-1,-1,2,-1
201550BT2G003,1,9,0,10,0,0,0,0,0,0,3,1,6,1,68,10,1461,2,4,-1,2,-1
201550BT2G003,2,5,0,13,0,0,0,0,0,0,4,1,6,1,53,8,1700,1,3,-1,2,-1
201550BT2G004,1,9,0,18,0,0,2,0,0,0,4,1,6,1,31,6,1997,2,14,-1,1,-1
201550BT2H003,1,3,0,17,0,0,0,10,0,0,4,1,2,1,21,5,124,1,13,-1,2,-1
201550BT2H004,1,11,0,18,0,0,0,0,0,0,0,1,1,1,23,5,8268,2,10,-1,2,-1
201550BU2A001,1,9,0,18,0,0,0,0,2,10,1,1,6,1,88,11,999,1,1,-1,-1,-1
201550BU2B002,1,9,0,16,0,0,0,0,0,0,1,1,1,1,72,10,-1,-1,-1,-1,1,-1
201550BU2B002,2,1,0,17,0,0,0,0,0,0,1,1,6,1,68,10,-1,-1,-1,-1,-1,-1
201550BU2B003,1,5,0,17,0,0,5,0,0,0,1,1,6,1,41,7,675,1,2,-1,1,-1
201550BU2B007,1,5,0,18,0,8,2,0,0,0,1,1,6,1,51,8,2294,1,4,-1,1,-1
201550BU2C001,1,9,0,5,0,2,0,0,0,0,1,1,6,1,55,8,-1,-1,-1,-1,2,-1
201550BU2C001,2,9,0,17,0,1,0,0,0,0,4,1,6,2,47,8,1124,1,12,-1,3,-1
201550BU2C002,1,9,0,5,0,2,0,0,0,0,0,1,6,1,44,7,-1,-1,-1,-1,1,-1
201550BU2C004,1,9,0,1,0,0,0,0,0,0,2,1,6,1,21,5,1560,2,6,-1,3,-1
201550BU2C005,1,9,0,18,0,8,0,0,1,0,3,1,6,1,93,11,-1,-1,-1,-1,2,-1
201550BU2C005,2,9,0,18,0,1,0,0,0,0,3,1,6,2,72,10,1796,1,11,-1,3,-1
201550BU2C007,1,9,0,18,0,1,0,0,0,0,1,1,2,1,47,8,1598,1,11,-1,2,-1
201550BU2C008,1,9,0,18,0,0,0,0,0,0,1,1,6,1,82,11,1299,1,13,-1,2,-1
201550BU2C009,1,9,0,18,0,4,0,9,3,0,1,1,6,1,38,7,1560,2,1,-1,2,-1
201550BU2C010,1,11,0,2,0,2,0,0,0,0,0,1,1,1,52,8,-1,2,17,-1,1,-1
201550BU2C013,1,9,0,18,0,0,0,0,0,0,4,1,6,1,50,8,-1,-1,-1,-1,1,-1
201550BU2C015,1,9,0,18,0,1,0,10,2,2,4,1,6,2,31,6,1896,2,13,-1,3,-1
201550BU2C016,1,9,0,9,0,4,0,0,0,0,1,1,1,1,33,6,1956,2,4,-1,2,-1
201550BU2C016,2,1,0,9,0,3,0,0,0,0,2,1,6,1,46,8,-1,-1,-1,-1,1,-1
201550BU2C017,1,9,0,18,0,1,0,0,0,0,1,1,6,1,31,6,-1,-1,-1,-1,3,-1
201550BU2C017,2,9,0,7,0,8,0,0,0,0,3,1,6,1,89,11,1242,1,6,-1,2,-1
201550BU2D001,1,9,0,18,0,0,5,0,2,0,4,1,2,1,21,5,-1,-1,-1,-1,3,-1
201550BU2D002,1,9,0,17,0,0,2,0,0,0,4,1,6,1,28,6,-1,-1,-1,-1,3,-1
201550BU2D003,1,9,0,18,0,0,0,0,1,4,2,1,6,1,22,5,1199,1,14,-1,3,-1
201550BU2D003,2,9,0,18,0,0,0,0,0,0,1,1,6,1,59,9,1598,2,2,-1,2,-1
201550BU2F001,1,9,0,17,0,1,0,0,0,0,3,1,6,1,55,8,-1,1,-1,-1,3,-1
201550BU2F001,2,9,0,16,0,1,0,0,0,0,3,1,6,1,74,10,1461,2,5,-1,3,-1
201550BU2F003,1,1,0,9,0,1,0,0,0,0,1,1,1,1,36,7,-1,-1,-1,-1,2,-1
201550BU2F003,2,9,0,9,0,1,0,0,0,0,1,1,6,3,-1,-1,-1,-1,-1,-1,-1,-1
201550BU2F004,1,9,0,18,0,1,0,0,0,0,3,1,6,2,45,7,1000,1,15,-1,3,-1
201550BU2F004,2,9,0,9,0,1,0,0,0,0,1,1,6,1,20,4,1598,1,3,-1,1,-1
201550BU2F005,1,9,0,18,0,0,0,0,0,0,1,1,6,2,60,9,1598,1,3,-1,3,-1
201550BU2F005,2,9,0,18,0,0,0,0,0,0,1,1,6,2,45,7,1896,2,14,-1,3,-1
201550BU2F006,1,9,0,18,0,0,5,0,2,11,1,1,6,1,37,7,1198,1,1,-1,1,-1
201550BU2F007,1,9,0,14,0,1,0,0,0,0,1,1,6,2,59,9,998,1,13,-1,3,-1
201550BU2F009,1,3,0,17,0,0,0,0,7,0,1,1,6,1,20,4,125,1,-1,-1,2,-1
201550BU2H001,1,19,0,18,0,2,0,0,0,0,1,1,1,1,36,7,2500,2,15,-1,2,-1
201550BU2H001,2,9,0,18,0,2,0,0,0,0,1,1,1,1,51,8,-1,-1,-1,-1,3,-1
201550BU2H002,1,9,0,18,0,0,1,0,1,10,1,1,6,2,24,5,1900,2,16,-1,3,-1
201550BU2H003,1,9,0,9,0,6,0,0,0,0,3,1,1,2,25,5,1390,1,11,-1,3,-1
201550BU2H003,2,9,0,18,0,1,0,0,0,0,4,1,1,1,57,9,2494,2,2,-1,3,-1
201550BU2J001,1,9,0,11,0,0,0,0,0,0,1,1,6,2,-1,-1,-1,-1,-1,-1,3,-1
201550BU2J001,2,9,0,18,0,0,0,0,0,0,1,1,6,2,28,6,1999,1,10,-1,2,-1
201550BU2J001,3,9,4,18,0,0,0,0,0,0,3,1,6,1,47,8,-1,-1,-1,-1,1,-1
201550BU2J002,1,9,0,16,0,0,2,0,1,0,1,1,1,2,47,8,1596,1,10,-1,3,-1
201550BU2J003,1,9,0,1,0,0,0,7,0,0,2,1,1,1,53,8,1686,2,2,-1,-1,-1
201550BU2J004,1,9,0,1,0,1,0,0,0,0,3,1,6,3,-1,-1,-1,-1,-1,-1,-1,-1
201550BU2J004,2,1,0,18,0,1,0,0,0,0,1,1,6,1,17,4,-1,-1,-1,-1,3,-1
201550BU2K001,1,9,0,17,0,1,1,0,7,11,1,1,6,1,24,5,1796,1,14,-1,2,-1
201550BU2L001,1,9,0,18,0,0,0,0,0,0,1,1,6,2,41,7,1956,2,4,-1,3,-1
201550BU2L001,2,9,0,4,0,0,0,0,0,0,2,1,2,1,56,9,1598,1,4,-1,1,-1
201550BU2L003,1,22,0,18,0,0,0,0,0,0,0,1,6,1,67,10,-1,-1,-1,-1,2,-1
201550BU2L004,1,9,0,18,0,0,0,0,0,0,1,1,6,1,18,4,1119,1,19,-1,3,-1
201550BU2L004,2,9,0,18,0,0,0,0,0,0,2,1,6,1,22,5,2521,1,5,-1,3,-1
201550BU2L005,1,9,0,17,0,0,2,0,7,4,1,1,6,1,59,9,1390,1,6,-1,2,-1
201550BU2L006,1,9,0,18,0,1,1,0,0,0,1,1,6,1,19,4,1199,1,11,-1,3,-1
201550BU2L006,2,9,0,18,0,1,0,0,1,0,2,1,6,1,53,8,1240,1,5,-1,1,-1
201550BU2L007,1,9,0,16,0,8,0,0,2,11,1,1,6,2,51,8,1461,2,-1,-1,2,-1
201550BU2L008,1,9,0,18,0,6,0,0,0,0,1,1,6,1,52,8,1984,1,9,-1,3,-1
201550BU2L008,2,3,0,18,0,8,0,0,1,0,3,1,2,1,35,6,124,1,-1,-1,3,-1
201550BU2L009,1,9,0,18,0,8,0,0,0,0,1,1,6,1,54,8,1368,1,6,-1,3,-1
201550BU2L009,2,9,0,9,0,5,0,0,0,0,0,1,6,1,23,5,1951,2,14,-1,2,-1
201550BU2L009,3,3,0,9,0,5,5,0,1,11,1,1,6,1,22,5,125,1,4,-1,3,-1
201550BU2L009,4,9,0,7,0,5,0,0,0,0,0,1,6,3,-1,-1,-1,-1,-1,-1,-1,-1
201550BU2L011,1,21,0,9,0,6,0,0,0,0,3,1,1,1,55,8,4461,2,4,-1,1,-1
201550BU2L011,2,9,0,18,0,1,1,0,0,0,1,1,6,1,29,6,1997,2,12,-1,1,-1
201550BW3K002,1,9,0,17,0,1,0,0,0,0,1,1,6,1,31,6,-1,-1,-1,-1,3,-1
201550BW3K002,2,9,0,16,0,1,0,0,0,0,1,1,6,2,44,7,1998,1,14,-1,-1,-1
201550BW3K006,1,9,0,16,0,0,5,0,8,0,1,1,6,1,36,7,1998,2,9,-1,1,-1
201550BW3L001,1,19,0,16,0,0,1,0,0,0,1,1,2,1,25,5,2999,2,10,-1,2,-1
201550BW3L001,2,21,0,17,0,0,0,0,0,0,3,1,1,1,53,8,7201,2,9,-1,2,-1
201550BW3L005,1,19,0,17,0,0,0,10,1,11,1,1,6,1,51,8,2497,2,4,-1,3,-1
201550BW3L010,1,9,0,16,0,8,1,0,0,11,4,1,1,1,19,4,1396,1,17,-1,3,-1
201550BW3L010,2,9,0,9,0,6,0,0,0,0,4,1,6,1,61,9,1896,2,15,-1,3,-1
201550BW3L012,1,9,0,13,0,0,0,0,0,0,1,1,6,3,-1,-1,-1,-1,-1,-1,-1,-1
201550BW3L012,2,1,0,16,0,0,5,0,1,9,3,1,6,1,19,4,-1,-1,-1,-1,1,-1
201550BW3L013,1,3,0,16,0,0,1,0,0,0,1,1,1,1,25,5,125,1,4,-1,1,-1
201550BW3L013,2,9,0,17,0,0,0,0,0,0,1,1,1,2,42,7,1598,1,12,-1,3,-1
201550BW3M002,1,9,0,18,0,0,0,0,0,0,1,1,6,1,34,6,1595,1,14,-1,3,-1
201550BW3M002,2,9,0,4,0,0,0,0,0,0,2,1,6,2,57,9,1329,1,4,-1,1,-1
201550BW3M003,1,9,0,9,0,1,5,0,0,0,1,1,6,1,21,5,1998,1,19,-1,3,-1
201550BW3M004,1,9,0,16,0,1,5,0,7,11,1,1,6,1,28,6,2496,2,11,-1,3,-1
201550BW3N002,1,5,0,17,0,1,0,0,0,0,0,1,6,1,46,8,749,1,20,-1,3,-1
201550BW3N003,1,9,0,5,0,6,5,10,0,10,4,1,6,1,22,5,1389,1,11,-1,3,-1
201550BW3N004,1,9,0,18,0,1,5,0,1,11,1,1,6,2,19,4,1686,2,10,-1,3,-1
201550BW3N005,1,19,0,9,0,6,0,0,0,0,1,1,6,1,49,8,1560,2,7,-1,2,-1
201550BW3N005,2,5,0,18,0,1,0,0,0,0,1,1,6,1,27,6,525,1,9,-1,3,-1
201550BW3N005,3,9,0,18,0,1,0,0,0,0,1,1,6,2,21,5,1753,2,13,-1,3,-1
201550BW3N006,1,9,0,18,0,1,0,0,0,0,1,1,6,1,23,5,1753,2,12,-1,3,-1
201550BW3N006,2,9,0,2,0,2,0,0,0,0,1,1,6,2,54,8,2987,2,2,-1,3,-1
201550BW3O003,1,9,0,9,0,5,0,0,7,1,3,1,6,1,41,7,1896,2,9,-1,2,-1
201550BW3O003,2,9,0,18,0,8,0,0,0,0,1,1,6,1,52,8,1995,2,3,-1,3,-1
201550BW3O004,1,9,0,1,0,5,0,0,0,0,3,1,6,1,68,10,1390,1,6,-1,1,-1
201550BW3O005,1,9,0,16,0,0,0,0,0,0,1,1,1,1,47,8,-1,-1,-1,-1,2,-1
201550BW3O005,2,1,0,16,0,0,0,0,1,0,2,1,1,1,61,9,-1,-1,-1,-1,-1,-1
201550BW3P002,1,9,0,4,0,1,1,0,1,1,1,1,6,2,62,9,1360,1,12,-1,-1,-1
201550BW3P003,1,9,0,16,0,0,1,0,0,0,1,1,1,1,30,6,-1,-1,-1,-1,3,-1
201550BW3P003,2,10,0,17,0,0,0,0,0,0,1,1,1,1,62,9,-1,-1,-1,-1,1,-1
201550BW3P004,1,9,0,6,8,6,0,0,1,0,1,1,6,1,71,10,1395,1,2,-1,1,-1
201550BW3P004,2,9,0,18,0,1,0,0,1,5,4,1,6,1,58,9,1598,2,5,-1,1,-1
201550BW3Q001,1,9,0,17,0,0,2,0,1,11,1,1,1,1,29,6,-1,-1,-1,-1,3,-1
201550BW3Q002,1,9,0,17,0,2,1,0,1,10,1,1,6,2,20,4,1360,1,6,-1,2,-1
201550BW3Q003,1,5,0,18,0,0,5,0,0,0,1,1,6,1,49,8,999,1,2,-1,1,-1
201550BW3Q003,2,9,0,18,0,0,0,0,0,0,2,1,6,1,30,6,998,1,4,-1,3,-1
201550BW3Q003,3,5,0,18,0,0,0,0,0,0,0,1,6,1,27,6,998,1,8,-1,1,-1
201550BW3R004,1,9,0,9,0,5,0,0,0,0,1,1,6,2,62,9,1968,2,10,-1,2,-1
201550BW3R004,2,3,0,18,0,2,5,0,0,0,1,1,6,1,24,5,125,1,19,-1,3,-1
201550BW3R004,3,9,0,10,0,1,0,0,0,0,1,1,6,1,60,9,-1,-1,-1,-1,2,-1
201550BW3S001,1,9,0,18,0,0,0,0,0,0,1,1,6,2,23,5,1398,2,13,-1,2,-1
201550BW3S001,2,9,0,17,0,0,0,0,0,0,1,1,6,1,61,9,2204,2,8,-1,3,-1
201550BW3S002,1,9,0,16,0,0,0,0,0,0,1,1,2,1,41,7,1598,1,6,-1,3,-1
201550BW3S002,2,11,0,17,0,0,0,0,0,0,1,1,1,1,54,8,3900,2,11,-1,1,-1
201550BW3S003,1,9,0,9,0,5,0,0,0,0,1,1,6,1,57,9,-1,-1,-1,-1,-1,-1
201550BW3S003,2,9,0,17,0,1,0,0,0,0,1,1,6,1,82,11,1422,2,12,-1,3,-1
201550BW3S004,1,9,0,18,0,4,0,0,0,0,1,1,3,2,44,7,1242,1,1,-1,2,-1
201550BW3S004,2,9,0,3,0,4,0,0,0,0,2,1,1,2,49,8,1598,1,16,-1,1,-1
201550BW3S005,1,21,1,8,0,6,0,0,0,0,2,1,6,1,58,9,12882,2,6,-1,3,-1
201550BW3S005,2,9,0,8,0,6,0,0,0,0,1,1,1,1,47,8,1783,1,12,-1,2,-1
201550BW3S006,1,3,0,18,0,8,1,0,0,0,1,1,2,1,22,5,124,1,-1,-1,1,-1
201550BW3S006,2,21,0,9,0,8,0,0,0,0,4,1,1,1,43,7,12740,2,5,-1,3,-1
201550BW3S007,1,9,0,18,0,0,1,0,0,10,1,1,1,2,24,5,999,1,-1,-1,1,-1
201550BW3S008,1,9,0,18,0,1,1,0,0,0,1,1,6,1,65,9,1124,1,19,-1,3,-1
201550BW3S009,1,9,0,16,0,0,5,0,0,0,4,1,6,2,41,7,1360,1,14,-1,1,-1
201550BW3S010,1,9,0,5,0,6,0,0,0,0,0,1,6,3,-1,-1,-1,-1,-1,-1,-1,-1
201550BW3S010,2,5,0,18,0,1,0,0,0,0,0,1,6,1,28,6,600,1,10,-1,1,-1
201550BW3S011,1,9,0,16,0,0,0,0,0,0,1,1,6,1,29,6,1598,1,10,-1,3,-1
201550BW3S011,2,9,0,17,0,0,5,0,0,0,1,1,6,2,52,8,1390,1,1,-1,1,-1
201550BW3T001,1,9,0,9,0,1,0,0,0,0,4,1,6,2,20,4,1242,1,14,-1,3,-1
201550BW3T001,2,9,0,18,0,5,5,0,0,0,1,1,6,1,86,11,1364,1,6,-1,2,-1
201550BW3T001,3,9,0,9,0,8,0,0,0,0,3,1,6,1,72,10,1422,2,12,-1,3,-1
201550BW3T002,1,9,0,4,0,0,1,0,0,0,1,1,6,2,37,7,1299,1,15,-1,3,-1
201550BW3T002,2,9,0,4,0,0,0,0,0,0,1,1,6,1,42,7,1390,1,9,-1,3,-1
201550BW3T005,1,17,0,18,0,0,0,0,0,0,1,1,1,1,59,9,475,1,8,-1,3,-1
201550BW3T006,1,9,0,18,0,0,1,0,0,0,0,1,1,1,20,4,1997,2,12,-1,3,-1
201550BW3T006,2,9,0,3,0,0,0,0,0,0,0,1,1,1,47,8,2698,2,5,-1,3,-1
201550BW3T007,1,9,0,18,0,1,0,0,0,0,3,2,6,2,39,7,-1,-1,-1,-1,-1,-1
201550BW3T007,2,9,0,18,0,1,0,0,0,0,3,1,6,1,60,9,-1,-1,-1,-1,1,-1
201550BW3T008,1,9,0,16,0,0,5,0,1,9,1,1,6,1,24,5,1598,1,13,-1,2,-1
201550BW4U001,1,19,0,15,0,0,0,0,0,0,0,1,6,1,61,9,2987,2,7,-1,3,-1
201550BW4U001,2,19,0,18,0,0,1,0,1,0,1,1,6,1,47,8,1997,2,9,-1,2,-1
201550BW4U001,3,9,0,18,0,0,1,0,2,0,1,1,2,2,25,5,-1,-1,-1,-1,3,-1
201550BW4U002,1,9,0,18,0,6,0,0,0,0,1,1,6,1,19,4,1198,1,6,-1,1,-1
201550BW4U002,2,9,0,18,0,1,0,0,1,1,1,1,1,1,57,9,-1,-1,-1,-1,2,-1
201550BW4U003,1,9,0,17,0,1,0,0,0,0,1,1,6,1,31,6,1998,1,9,-1,3,-1
201550BW4U003,2,9,0,16,0,2,0,0,0,0,1,1,6,2,23,5,1397,1,4,-1,3,-1
201550BW4U004,1,9,0,9,0,8,0,0,0,0,0,1,6,1,60,9,1598,2,-1,-1,-1,-1
201550BW4U004,2,9,0,18,0,8,0,0,0,0,0,1,6,1,50,8,1686,2,1,-1,1,-1
201550CB2A002,1,9,0,18,0,1,0,0,0,0,1,1,6,2,31,6,1598,1,8,-1,1,-1
201550CB2A002,2,9,0,7,0,5,0,0,1,11,1,1,6,1,24,5,1560,2,4,-1,1,-1
201550CB2A003,1,9,0,18,0,0,0,0,0,11,1,1,6,1,54,8,1597,1,19,-1,1,-1
201550CB2C001,1,9,0,17,0,0,1,0,0,0,1,1,6,1,27,6,1769,1,9,-1,1,-1
201550CB2C001,2,9,0,16,0,0,0,0,0,0,1,1,6,1,35,6,2199,2,3,-1,2,-1
201550CB2C001,3,98,1,16,0,0,0,0,0,0,0,1,1,1,31,6,-1,-1,-1,-1,-1,-1
201550CB2D004,1,9,0,18,0,0,0,0,0,0,1,2,6,1,26,6,-1,-1,-1,-1,1,-1
201550CB2D005,1,19,0,18,0,1,0,0,0,0,1,1,6,1,61,9,2287,2,2,-1,1,-1
201550CB2D005,2,9,0,10,0,1,0,0,0,0,2,1,6,1,56,9,1956,2,1,-1,1,-1
201550CB2D009,1,9,0,18,0,1,0,0,0,0,1,1,6,1,17,4,-1,-1,-1,-1,3,-1
201550CB2D011,1,9,0,4,0,1,0,0,0,0,1,1,6,1,36,7,1598,1,12,-1,2,-1
201550CB2D011,2,9,0,3,0,1,0,0,0,0,2,1,6,1,76,11,1599,1,11,-1,1,-1
201550CB2D013,1,9,0,5,0,1,0,0,0,0,1,1,2,2,36,7,1199,1,12,-1,1,-1
201550CB2D013,2,9,0,18,0,1,0,0,0,0,3,1,2,2,28,6,2477,2,15,-1,1,-1
201550CB2D016,1,9,0,16,0,1,0,0,0,0,3,1,6,1,33,6,1895,1,15,-1,1,-1
201550CB2D016,2,9,0,9,0,6,0,0,0,0,1,1,6,2,30,6,-1,-1,-1,-1,1,-1
201550CB2D017,1,9,0,18,0,2,0,0,0,0,4,1,6,2,18,4,998,1,12,-1,3,-1
201550CB2D017,2,9,0,18,0,1,0,0,0,0,1,1,6,2,69,10,1197,1,1,-1,3,-1
201550CB2D021,1,9,0,18,0,4,1,0,0,0,1,1,6,1,37,7,2488,1,12,-1,1,-1
201550CB2D021,2,9,0,18,0,4,0,0,0,0,2,1,6,1,37,7,2688,2,13,-1,1,-1
201550CB2D023,1,9,0,8,0,1,0,0,0,0,1,1,6,1,27,6,1199,1,11,-1,1,-1
201550CB2D023,2,9,0,18,0,1,0,0,0,0,1,1,1,1,23,5,1149,1,12,-1,1,-1
201550CB2D023,3,9,0,2,0,2,0,0,0,0,2,1,6,1,33,6,1753,2,12,-1,1,-1
201550CB2D024,1,9,0,6,0,0,0,0,0,0,3,1,6,1,26,6,1995,2,8,-1,3,-1
201550CB2D024,2,9,0,13,0,0,0,0,0,0,1,1,6,2,69,10,1998,2,7,-1,3,-1
201550CB2D025,1,19,0,18,0,1,0,0,0,0,1,1,6,1,37,7,1560,2,4,-1,1,-1
201550CB2D025,2,9,0,4,0,1,0,0,0,0,2,1,6,2,51,8,2400,2,3,-1,1,-1
201550CB2D026,1,11,0,18,0,0,0,4,0,0,0,1,1,1,60,9,8268,2,9,-1,2,-1
201550CB2D026,2,9,0,2,0,0,0,0,0,0,0,1,6,1,75,10,1991,2,5,-1,1,-1
201550CB2D027,1,9,0,18,0,0,0,0,0,0,1,1,6,3,-1,-1,-1,-1,-1,-1,-1,-1
201550CB2D027,2,1,0,18,0,0,0,0,0,0,2,1,6,1,14,3,-1,-1,-1,-1,1,-1
201550CB2D028,1,9,0,18,0,0,0,0,0,0,1,1,6,1,38,7,1994,1,14,-1,1,-1
201550CB2D029,1,9,0,18,0,0,0,0,0,0,0,1,6,3,-1,-1,1994,1,9,-1,-1,-1
201550CB2D029,2,9,0,13,0,0,0,0,0,0,2,1,6,1,25,5,1248,2,4,-1,1,-1
201550CB2D029,3,9,0,18,0,0,0,0,0,0,1,1,2,2,48,8,1598,1,2,-1,1,-1
201550CB2D030,1,9,0,18,0,8,0,0,0,0,1,1,2,1,34,6,2179,2,1,-1,1,-1
201550CB2D033,1,9,0,18,0,1,0,0,0,0,1,1,6,1,69,10,1991,2,6,-1,3,-1
201550CB2D033,2,9,0,4,0,1,0,0,0,0,2,1,2,2,53,8,1799,1,8,-1,1,-1
201550CB2D033,3,9,0,8,0,1,0,0,0,0,2,1,6,2,54,8,998,1,12,-1,3,-1
201550CB2D034,1,9,0,11,0,3,1,10,0,0,2,1,6,2,21,5,998,1,-1,-1,1,-1
201550CB2D034,2,9,0,12,0,3,0,0,0,0,1,1,6,2,50,8,1896,2,10,-1,-1,-1
201550CB2D036,1,9,0,18,0,0,0,0,0,0,4,1,6,2,31,6,1896,2,12,-1,1,-1
201550CB2D038,1,9,0,5,0,1,0,0,0,0,1,1,6,1,33,6,1242,1,14,-1,1,-1
201550CB2D039,1,9,0,18,0,0,0,0,0,0,0,1,6,3,-1,-1,-1,-1,-1,-1,-1,-1
201550CB2D041,1,9,0,9,0,1,0,0,0,0,1,1,1,2,51,8,1229,1,3,-1,3,-1
201550CB2D041,2,5,0,18,0,8,0,0,0,0,1,1,6,1,23,5,599,1,16,-1,1,-1
201550CB2D042,1,9,0,18,0,0,0,0,0,0,3,1,6,1,36,7,1598,1,12,-1,3,-1
201550CB2D043,1,9,0,18,0,0,0,0,0,0,1,1,2,2,23,5,1783,1,19,-1,2,-1
201550CB2E002,1,21,4,4,0,0,0,0,0,0,1,1,1,1,33,6,6370,2,8,-1,1,-1
201550CB2E002,2,9,0,4,0,0,0,0,0,0,1,1,1,2,60,9,-1,-1,-1,-1,2,-1
201550CB2E002,3,9,0,3,0,0,0,0,0,0,2,1,1,2,28,6,1149,1,9,-1,2,-1
201550CB2E010,1,9,0,18,0,0,0,0,0,0,1,1,6,2,37,7,1398,2,11,-1,2,-1
201550CB2E010,2,9,0,18,0,0,0,0,0,0,2,1,6,1,19,4,1149,1,11,-1,2,-1
201550CB2E010,3,9,0,18,0,0,0,0,0,0,2,1,6,2,77,11,1783,1,14,-1,3,-1
201550CB2E012,1,9,0,18,0,0,0,0,0,0,1,1,6,1,21,5,-1,-1,-1,-1,1,-1
201550CB2E013,1,9,0,18,0,0,0,0,0,0,1,1,6,2,78,11,1995,2,10,-1,3,-1
201550CB2E013,2,9,0,18,0,0,0,0,0,0,1,1,6,2,67,10,1596,1,12,-1,2,-1
201550CB2F001,1,9,0,17,0,0,1,6,1,11,1,1,6,1,57,9,1994,1,12,-1,1,-1
201550CB2F001,2,21,1,16,0,0,2,0,7,10,1,1,1,1,50,8,16120,2,3,-1,1,-1
201550CB2F001,3,9,0,17,0,0,1,0,0,0,1,1,6,1,63,9,2993,2,8,-1,2,-1
201550CB2F001,4,20,0,16,0,0,0,0,0,0,1,1,1,1,41,7,-1,-1,-1,-1,1,-1
201550CB2F002,1,9,0,16,0,0,2,0,0,0,1,1,6,1,19,4,-1,-1,-1,-1,2,-1
201550CB2F003,1,19,0,18,0,0,0,0,0,0,2,1,6,1,44,7,2198,2,1,-1,3,-1
201550CB2F003,2,9,0,18,0,0,0,0,0,0,1,1,6,2,38,7,1560,2,9,-1,1,-1
201550CB2F003,3,9,0,18,0,0,1,0,1,0,2,1,6,2,18,4,1299,1,14,-1,1,-1
201550CB2F003,4,9,0,18,0,0,1,0,0,0,1,1,6,2,43,7,-1,-1,-1,-1,3,-1
201550CB2F003,5,9,0,18,0,0,1,0,0,0,1,1,6,2,23,5,1400,1,16,-1,1,-1
201550CB2F004,1,9,0,18,0,0,0,0,0,0,1,1,6,1,26,6,1199,1,12,-1,1,-1
201550CB2F005,1,9,0,16,0,0,1,0,8,10,1,1,2,2,22,5,1349,1,5,-1,1,-1
201550CB2F006,1,2,0,18,0,0,0,0,0,0,1,1,6,1,17,4,-1,-1,-1,-1,1,-1
201550CB2F006,2,9,0,18,0,0,0,0,0,0,4,1,6,1,60,9,2231,2,8,-1,3,-1
201550CB2F007,1,9,0,16,0,0,2,0,1,11,1,1,6,1,24,5,1396,1,15,-1,2,-1
201550CB2G001,1,9,0,17,0,0,5,0,0,0,1,1,2,2,25,5,1360,1,11,-1,1,-1
201550CB2G002,1,9,0,17,0,0,5,0,2,10,1,1,1,1,60,9,1591,1,5,-1,1,-1
201550CB2G003,1,9,0,9,0,1,0,0,0,0,1,1,2,1,18,4,1298,1,16,-1,3,-1
201550CB2G003,2,1,0,18,0,1,0,0,0,0,3,1,6,1,48,8,-1,-1,-1,-1,3,-1
201550CB2G004,1,17,2,16,0,0,0,0,0,0,0,1,6,1,-1,-1,-1,2,2,-1,3,-1
201550CB2G004,2,20,0,17,0,0,5,0,1,11,4,1,6,1,59,9,-1,-1,-1,-1,1,-1
201550CB2G004,3,17,0,16,0,0,0,0,0,0,0,1,6,1,24,5,6788,2,-1,-1,1,-1
201550CB2G005,1,9,0,16,0,8,0,0,0,0,1,1,6,2,29,6,1398,2,12,-1,1,-1
201550CB2G005,2,9,0,17,0,8,0,0,0,0,1,1,6,2,59,9,1596,1,4,-1,3,-1
201550CB2H001,1,9,0,18,0,0,1,0,7,0,1,1,1,1,23,5,1587,1,17,-1,3,-1
201550CB2H002,1,9,0,17,0,0,0,0,0,0,1,1,6,1,23,5,1796,1,16,-1,3,-1
201550CB2H003,1,9,0,1,0,0,0,0,0,0,2,1,6,2,79,11,2316,1,17,-1,3,-1
201550CB2H003,2,20,0,2,0,0,0,0,0,0,2,1,6,1,25,5,-1,-1,-1,-1,1,-1
201550CB2H004,1,9,0,18,0,0,0,0,1,11,1,1,6,1,22,5,1968,2,8,-1,3,-1
201550CB2I001,1,2,0,4,0,0,2,0,0,0,1,1,4,1,17,4,49,1,7,-1,3,-1
201550CB2I001,2,9,0,4,0,0,0,0,0,0,2,1,6,2,49,8,1596,1,2,-1,1,-1
201550CB2I003,1,19,0,18,0,0,0,0,0,0,1,1,1,1,25,5,2402,2,3,-1,2,-1
201550CB2I003,2,9,0,4,0,0,0,0,0,0,2,1,6,2,37,7,1910,2,9,-1,3,-1
201550CB2I004,1,19,0,1,0,0,0,0,0,0,2,1,1,1,47,8,2287,2,2,-1,3,-1
201550CB2I004,2,5,0,3,0,0,0,0,0,0,4,1,2,1,60,9,1255,1,6,-1,2,-1
201550CB2I005,1,9,0,18,0,0,0,0,0,0,1,1,6,1,65,9,1598,2,-1,-1,1,-1
201550CB2I005,2,9,0,18,0,0,0,0,0,0,2,1,6,1,28,6,1598,1,1,-1,1,-1
201550CB2I006,1,9,0,13,0,0,0,0,0,0,4,1,6,3,-1,-1,-1,-1,-1,-1,-1,-1
201550CB2I006,2,1,0,18,0,0,0,0,1,10,3,1,4,1,14,3,-1,-1,-1,-1,2,-1
201550CB2J001,1,9,0,18,0,0,1,0,0,0,1,1,6,2,55,8,1398,2,13,-1,1,-1
201550CB2J001,2,9,0,18,0,0,0,0,0,0,0,1,6,1,47,8,1798,1,8,-1,1,-1