Accident_Index,Vehicle_Reference,Vehicle_Type,Towing_and_Articulation,Vehicle_Manoeuvre,Vehicle_Location-Restricted_Lane,Junction_Location,Skidding_and_Overturning,Hit_Object_in_Carriageway,Vehicle_Leaving_Carriageway,Hit_Object_off_Carriageway,1st_Point_of_Impact,Was_Vehicle_Left_Hand_Drive?,Journey_Purpose_of_Driver,Sex_of_Driver,Age_of_Driver,Age_Band_of_Driver,Engine_Capacity_(CC),Propulsion_Code,Age_of_Vehicle,Driver_IMD_Decile,Driver_Home_Area_Type,Vehicle_IMD_Decile
201550CH2N005,2,9,0,18,0,1,0,0,0,0,1,1,6,2,36,7,1582,2,5,-1,2,-1
201550CH2N006,1,9,0,5,0,6,0,0,0,0,1,1,6,1,27,6,1997,1,11,-1,3,-1
201550CH2N006,2,9,0,18,0,1,0,0,0,0,4,1,6,2,35,6,1198,1,-1,-1,2,-1
201550CH2P002,1,9,0,14,0,0,0,0,0,0,4,1,1,1,22,5,1597,2,2,-1,3,-1
201550CH2P002,2,9,0,9,0,0,0,0,0,0,3,1,6,2,44,7,1397,1,7,-1,3,-1
201550CH3A002,1,5,0,18,0,0,0,0,7,9,1,1,2,1,43,7,647,1,17,-1,3,-1
201550CH3A003,1,9,0,17,0,0,0,0,1,9,4,1,6,2,25,5,1998,1,20,-1,3,-1
201550CH3A004,1,9,0,16,0,0,0,0,0,0,1,1,6,2,24,5,1896,2,13,-1,3,-1
201550CH3A004,2,9,0,18,0,0,0,0,1,9,1,1,6,1,43,7,2494,8,1,-1,1,-1
201550CH3A005,1,9,0,17,0,0,2,10,2,11,3,1,6,1,25,5,1398,2,13,-1,3,-1
201550CH3E001,1,5,0,16,0,1,0,0,0,0,1,1,1,1,33,6,1000,1,13,-1,2,-1
201550CH3J001,1,9,0,17,0,0,2,0,8,10,1,1,6,1,23,5,1998,1,18,-1,1,-1
201550CH3J002,1,9,0,17,0,0,2,0,7,9,0,1,2,1,42,7,1598,1,10,-1,3,-1
201550CH3J003,1,21,0,13,0,0,0,0,0,0,0,1,1,1,37,7,-1,-1,-1,-1,3,-1
201550CH3J003,2,9,0,13,0,0,5,0,7,9,3,1,6,1,33,6,1985,1,14,-1,2,-1
201550CH3J003,3,9,0,18,0,0,0,0,2,10,3,1,6,1,47,8,2477,2,11,-1,3,-1
201550CI2A002,1,9,0,16,0,0,0,0,7,10,1,1,6,1,79,11,1398,1,1,-1,1,-1
201550CI2A004,1,9,0,17,0,0,2,0,0,1,1,1,2,1,22,5,-1,-1,-1,-1,1,-1
201550CI2A005,1,19,0,16,0,1,0,0,0,0,1,1,6,2,51,8,2461,2,13,-1,1,-1
201550CI2A005,2,9,0,4,0,1,0,0,0,0,1,1,6,2,32,6,1360,1,3,-1,1,-1
201550CI2A005,3,9,0,3,0,1,0,0,0,0,2,1,6,1,45,7,1600,1,40,-1,1,-1
201550CI2A011,1,3,0,17,0,1,2,0,1,9,4,1,2,1,22,5,125,1,3,-1,1,-1
201550CI2B003,1,9,0,18,0,4,0,0,0,0,0,1,6,3,-1,-1,-1,-1,-1,-1,-1,-1
201550CI2B004,1,9,0,17,0,0,0,0,1,0,1,1,6,2,42,7,1995,2,12,-1,1,-1
201550CI2B004,2,3,0,4,0,0,0,0,0,0,1,1,6,1,21,5,124,1,27,-1,1,-1
201550CI2B010,1,9,0,18,0,1,0,0,7,10,1,1,6,1,88,11,1339,1,7,-1,1,-1
201550CI2B010,2,9,0,18,0,1,0,0,0,0,1,1,6,2,42,7,1896,2,8,-1,1,-1
201550CI2C001,1,9,0,17,0,0,0,0,7,0,4,1,6,1,30,6,1995,1,13,-1,1,-1
201550CI2C001,2,9,0,18,0,0,0,0,0,0,1,1,6,2,40,7,998,1,16,-1,1,-1
201550CI2C002,1,9,0,13,0,0,0,0,0,0,1,1,1,1,31,6,1997,2,9,-1,2,-1
201550CI2C002,2,9,0,18,0,0,0,0,0,0,1,1,1,1,35,6,1399,2,12,-1,1,-1
201550CI2C002,3,9,0,18,0,0,0,0,0,0,2,1,1,2,29,6,1686,2,11,-1,2,-1
201550CI2C003,1,5,0,18,0,1,2,0,0,11,3,1,6,1,22,5,645,1,15,-1,1,-1
201550CI2D001,1,9,0,9,0,6,0,0,1,0,4,1,6,1,29,6,1796,1,15,-1,1,-1
201550CI2D001,2,9,0,18,0,1,1,0,0,0,3,1,6,1,37,7,1968,2,2,-1,3,-1
201550CI2D002,1,9,0,5,0,2,0,0,0,0,1,1,6,2,54,8,1998,1,12,-1,3,-1
201550CI2D002,2,9,0,18,0,1,1,0,0,0,4,1,1,1,26,6,-1,-1,-1,-1,1,-1
201550CI2D003,1,9,0,5,0,6,0,0,0,0,3,1,6,2,56,9,1598,1,4,-1,1,-1
201550CI2D003,2,9,0,18,0,1,0,0,0,0,1,1,6,2,56,9,1364,1,6,-1,1,-1
201550CI2E001,1,9,0,18,0,0,1,0,0,0,1,1,6,1,18,4,1124,1,11,-1,3,-1
201550CI2E001,2,9,0,3,0,0,0,0,0,0,1,1,6,1,68,10,2179,2,7,-1,3,-1
201550CI2E002,1,9,0,18,0,0,0,0,0,0,1,1,6,2,34,6,1388,1,12,-1,1,-1
201550CI2E002,2,90,0,18,0,0,0,0,0,0,1,1,6,1,43,7,-1,-1,-1,-1,1,-1
201550CI2E005,1,9,0,17,0,0,0,0,0,0,4,1,2,2,44,7,999,1,2,-1,3,-1
201550CI2E005,2,1,0,16,0,0,1,0,0,0,1,1,6,1,41,7,-1,-1,-1,-1,1,-1
201550CI2E005,3,1,0,16,0,0,1,0,0,0,0,1,6,1,-1,-1,-1,-1,-1,-1,-1,-1
201550CI2E006,1,9,0,13,0,0,0,0,0,0,1,1,6,3,-1,-1,-1,-1,-1,-1,-1,-1
201550CI2E006,2,3,0,17,0,0,0,0,1,0,1,1,2,2,19,4,124,1,11,-1,1,-1
201550CI2E007,1,4,0,17,0,1,2,0,1,0,1,1,2,1,52,8,487,1,17,-1,1,-1
201550CI2E010,1,9,0,9,0,5,0,0,0,0,1,1,6,1,28,6,1968,2,5,-1,1,-1
201550CI2E010,2,9,0,18,0,1,0,0,0,0,1,1,6,1,70,10,1599,1,6,-1,3,-1
201550CI2F004,1,9,0,3,0,1,0,0,0,0,1,1,6,2,80,11,698,1,11,-1,3,-1
201550CI2F005,1,19,0,18,0,0,0,0,0,0,4,1,6,3,-1,-1,2143,2,-1,-1,-1,-1
201550CI2F007,1,9,0,18,0,0,0,0,0,0,1,1,1,1,19,4,1229,1,10,-1,3,-1
201550CI2G001,1,9,0,18,0,1,0,0,0,0,1,1,6,1,23,5,-1,-1,-1,-1,3,-1
201550CI2G001,2,9,0,18,0,1,0,0,0,0,1,1,6,1,22,5,-1,-1,-1,-1,1,-1
201550CI2G003,1,9,0,17,0,0,5,0,2,0,1,1,6,2,18,4,1299,1,13,-1,1,-1
201550CI2I001,1,9,0,18,0,0,0,0,0,0,1,1,6,1,22,5,1686,2,14,-1,2,-1
201550CI2I001,2,20,1,18,0,0,0,0,0,0,3,1,1,1,39,7,-1,-1,-1,-1,1,-1
201550CI2I002,1,9,0,9,0,6,0,0,0,0,1,1,6,1,50,8,1997,2,8,-1,1,-1
201550CI2I002,2,9,0,17,0,8,0,0,0,0,4,1,6,2,88,11,1363,2,12,-1,-1,-1
201550CI2Q001,1,3,0,18,0,1,0,0,0,0,1,1,6,1,22,5,124,1,4,-1,3,-1
201550CI2Q001,2,9,0,18,0,6,0,0,0,0,3,1,6,2,84,11,1679,1,15,-1,1,-1
201550CI2Q002,1,9,0,17,0,0,5,0,2,11,1,1,2,3,-1,-1,1364,1,4,-1,-1,-1
201550CI2Q004,1,9,0,16,0,0,5,0,7,4,1,1,6,1,23,5,1497,1,13,-1,2,-1
201550CI2Q005,1,9,0,16,0,0,0,0,1,9,1,1,6,1,57,9,1796,1,7,-1,1,-1
201550CI2R002,1,9,0,18,0,8,0,0,0,0,4,1,1,1,64,9,1984,1,9,-1,1,-1
201550CI2R002,2,9,0,18,0,4,0,0,0,0,1,1,1,1,23,5,1968,2,8,-1,3,-1
201550CI2R003,1,11,0,16,0,0,0,0,7,10,1,1,1,1,67,10,5900,2,11,-1,1,-1
201550CI2R004,1,9,0,9,0,6,0,0,0,0,3,1,6,2,52,8,1497,1,11,-1,1,-1
201550CI2R004,2,5,0,14,0,1,5,0,0,0,1,1,6,1,20,4,599,1,10,-1,1,-1
201550CI2R004,3,98,0,2,0,2,0,0,0,0,0,1,1,1,53,8,-1,-1,-1,-1,-1,-1
201550CL2C001,1,9,0,17,0,1,1,0,2,10,1,1,1,1,26,6,-1,-1,-1,-1,3,-1
201550CL2C002,1,19,0,17,0,2,0,0,7,10,1,1,2,1,46,8,1995,2,5,-1,2,-1
201550CL2C002,2,9,0,17,0,1,0,0,1,10,1,1,2,1,32,6,1796,1,11,-1,2,-1
201550CL2E001,1,9,0,17,0,0,5,0,1,4,1,1,6,1,84,11,-1,-1,-1,-1,2,-1
201550CL2E002,1,9,0,18,0,0,0,0,0,0,1,1,6,1,30,6,1796,1,15,-1,2,-1
201550CL2E003,1,9,0,18,0,1,0,0,0,0,0,1,6,3,-1,-1,-1,-1,-1,-1,-1,-1
201550CL2E003,2,19,0,5,0,2,0,0,0,0,2,1,1,1,21,5,2287,2,3,-1,1,-1
201550CL2F003,1,9,0,18,0,0,0,0,0,0,4,1,6,2,60,9,998,1,2,-1,1,-1
201550CL2F003,2,1,0,18,0,0,0,0,0,0,1,1,6,2,55,8,-1,-1,-1,-1,3,-1
201550CL2G001,1,5,0,18,0,0,0,0,0,0,1,1,6,1,56,9,749,1,16,-1,2,-1
201550CL2G001,2,97,0,18,0,0,0,0,0,0,2,1,6,1,36,7,-1,-1,-1,-1,2,-1
201550CL2G001,3,9,0,18,0,0,0,0,0,0,0,1,6,1,45,7,1830,1,19,-1,1,-1
201550CN2A001,1,9,0,17,0,0,0,0,0,0,1,1,3,1,65,9,1896,2,16,-1,3,-1
201550CN2A001,2,9,0,16,0,0,0,0,0,0,1,1,6,1,81,11,1396,1,2,-1,3,-1
201550CN2A003,1,9,0,9,0,5,0,0,7,0,3,1,6,1,47,8,1956,2,4,-1,1,-1
201550CN2A003,2,5,0,13,0,1,0,0,7,0,1,1,2,1,32,6,599,1,6,-1,2,-1
201550CN2A004,1,9,0,18,0,0,5,10,0,11,1,1,6,1,30,6,1360,1,14,-1,3,-1
201550CN2A005,1,9,0,18,0,0,0,0,0,0,1,1,6,1,30,6,1360,1,14,-1,3,-1
201550CN2B001,1,9,0,4,0,1,2,0,0,0,0,1,1,1,17,4,2494,2,10,-1,3,-1
201550CN2B001,2,9,0,3,0,1,0,0,0,0,0,1,1,1,29,6,1798,1,6,-1,2,-1
201550CN2B006,1,9,0,6,0,0,0,0,0,0,3,1,1,1,31,6,1896,2,8,-1,-1,-1
201550CN2B006,2,9,0,18,0,0,0,0,0,0,4,1,6,1,24,5,1686,2,3,-1,1,-1
201550CN2B008,1,9,0,17,0,0,2,0,1,10,3,1,6,2,19,4,1242,1,14,-1,3,-1
201550CN2B008,2,9,0,16,0,0,0,0,0,0,3,1,6,2,43,7,1968,2,7,-1,3,-1
201550CN2B012,1,9,0,18,0,1,0,0,0,0,1,1,6,3,-1,-1,-1,-1,-1,-1,-1,-1
201550CN2C001,1,5,0,12,0,0,0,0,0,0,0,1,6,1,61,9,1100,1,15,-1,1,-1
201550CN2C002,1,9,0,16,0,0,2,0,2,0,1,1,6,1,25,5,1998,1,14,-1,2,-1
201550CN2C004,1,20,0,5,0,8,0,0,0,0,4,1,1,1,45,7,-1,-1,-1,-1,2,-1
201550CN2C004,2,9,0,18,0,8,0,0,0,0,1,1,6,1,56,9,1395,1,1,-1,3,-1
201550CN2C006,1,9,0,4,0,1,0,0,0,0,1,1,6,2,73,10,1598,1,16,-1,2,-1
201550CN2C006,2,5,0,3,0,1,0,0,0,0,2,1,6,2,53,8,675,1,4,-1,3,-1
201550CN2C007,1,9,0,18,0,1,0,0,0,0,3,1,6,2,39,7,1397,1,6,-1,1,-1
201550CN2C007,2,9,0,5,1,6,0,0,0,0,3,1,6,2,20,4,1298,1,14,-1,1,-1
201550CN2C008,1,9,0,6,0,0,0,0,0,0,3,1,6,1,40,7,1896,2,9,-1,2,-1
201550CN2C008,2,5,0,14,0,0,0,0,0,0,1,1,6,1,21,5,1043,1,1,-1,1,-1
201550CN2C009,1,9,0,18,0,0,0,0,1,0,4,1,6,1,26,6,1598,1,8,-1,1,-1
201550CN2D001,1,9,0,16,0,0,1,0,8,10,1,1,6,2,29,6,-1,-1,-1,-1,1,-1
201550CN2D002,1,9,0,18,0,0,0,0,0,0,1,1,1,1,51,8,1997,2,14,-1,3,-1
201550CN2D003,1,9,0,18,0,0,0,0,0,0,1,1,6,2,43,7,1590,1,-1,-1,1,-1
201550CN2D003,2,9,0,18,0,0,0,0,0,0,1,1,6,2,34,6,1910,2,9,-1,3,-1
201550CN2F001,1,9,0,18,0,0,2,0,7,0,4,1,6,2,47,8,-1,-1,-1,-1,1,-1
201550CN2F003,1,9,0,18,0,0,0,0,0,0,1,1,6,1,71,10,1951,2,10,-1,1,-1
201550CN2F005,1,9,0,18,0,0,0,0,0,0,1,1,6,2,37,7,1986,2,9,-1,1,-1
201550CN2F005,2,9,0,3,0,0,0,0,0,0,1,1,6,2,48,8,2496,2,12,-1,2,-1
201550CS2A001,1,19,0,5,0,6,0,0,1,0,1,1,1,1,18,4,2198,2,7,-1,3,-1
201550CS2A001,2,9,0,18,0,8,0,0,1,10,4,1,6,1,63,9,1997,2,11,-1,1,-1
201550CS2A002,1,9,0,17,0,0,5,0,1,4,1,1,6,1,53,8,1997,2,16,-1,3,-1
201550CS2A003,1,9,0,18,0,1,1,0,7,10,1,1,6,1,27,6,1324,1,14,-1,3,-1
201550CS2B001,1,9,0,18,0,0,0,4,0,0,3,1,6,2,45,7,1397,1,7,-1,3,-1
201550CS2B001,2,21,0,2,0,0,0,0,0,0,0,1,1,1,57,9,6871,2,6,-1,2,-1
201550CS2B002,1,9,0,6,0,0,0,0,0,0,3,1,6,1,56,9,1968,2,7,-1,3,-1
201550CS2B002,2,1,0,18,0,0,0,0,0,0,1,1,6,1,45,7,-1,-1,-1,-1,3,-1
201550CS2B004,1,9,0,16,0,0,1,0,2,10,1,1,2,1,49,8,1796,1,16,-1,3,-1
201550CS2B004,2,9,0,17,0,0,0,0,0,0,1,1,2,2,34,6,1968,2,10,-1,1,-1
201550CS2C002,1,9,0,18,0,0,0,0,0,0,1,1,2,1,38,7,1998,2,14,-1,1,-1
201550CS2C002,2,9,0,17,0,0,0,0,0,0,2,1,2,1,42,7,1587,1,14,-1,1,-1
201550CS2C004,1,9,0,18,0,0,1,0,0,0,3,1,6,1,22,5,1360,1,12,-1,1,-1
201550CS2C004,2,9,0,18,0,0,1,0,8,0,3,1,6,1,52,8,1685,2,1,-1,3,-1
201550CS2C004,3,9,0,18,0,0,1,0,0,0,3,1,6,1,33,6,1968,2,11,-1,1,-1
201550CS2C004,4,9,0,18,0,0,1,0,0,0,1,1,6,2,20,4,1229,1,7,-1,1,-1
201550CS2C004,5,9,0,18,0,0,0,0,0,0,1,1,6,1,61,9,1596,1,7,-1,1,-1
201550CS2E001,1,9,0,18,0,0,1,0,0,0,1,1,6,1,42,7,-1,-1,-1,-1,2,-1
201550CS2E001,2,9,0,18,0,0,0,0,0,0,2,1,6,2,64,9,1560,2,4,-1,1,-1
201550CS2E002,1,9,0,16,0,0,2,0,2,0,4,1,2,1,25,5,1328,1,10,-1,2,-1
201550CS2E004,1,9,0,18,0,1,0,0,6,6,1,1,6,1,60,9,1794,1,11,-1,1,-1
201550CS2E004,2,9,0,8,0,1,0,0,0,0,1,1,6,2,56,9,1398,2,13,-1,3,-1
201550CS2E005,1,9,0,9,0,1,0,0,0,0,1,1,6,2,54,8,1149,1,3,-1,3,-1
201550CS2E005,2,9,0,17,0,1,1,0,0,0,1,1,6,1,26,6,998,1,-1,-1,2,-1
201550CS2F003,1,9,0,18,0,6,1,0,3,11,1,1,6,1,33,6,1461,2,13,-1,1,-1
201550CS2F005,1,9,0,18,0,6,0,0,0,0,3,1,6,1,68,10,4701,7,14,-1,2,-1
201550CS2F005,2,9,0,18,0,8,0,0,0,0,1,1,6,1,80,11,1124,1,10,-1,1,-1
201550CS2F009,1,9,0,18,0,1,0,0,1,11,4,1,6,1,19,4,-1,-1,-1,-1,3,-1
201550CS2F010,1,9,0,4,0,1,0,0,0,0,0,1,6,2,35,6,1560,2,1,-1,3,-1
201550CS2G001,1,9,0,13,0,0,0,0,0,0,0,1,6,1,59,9,1798,1,7,-1,2,-1
201550CS2G001,2,9,0,18,0,0,1,0,0,0,1,1,6,1,20,4,1781,1,25,-1,2,-1
201550CS2G001,3,9,0,18,0,0,0,0,0,0,2,1,6,2,22,5,1686,2,1,-1,1,-1
201550CS2G002,1,9,0,17,0,2,5,0,0,0,1,1,6,2,24,5,1242,1,-1,-1,1,-1
201550CS2G003,1,9,0,16,0,0,1,0,0,0,1,1,6,1,26,6,1360,1,17,-1,1,-1
201550CS2G003,2,9,0,17,0,0,0,0,0,0,1,1,6,1,38,7,-1,-1,-1,-1,3,-1
201550CS2G003,3,16,4,16,0,0,0,0,0,0,0,1,6,1,55,8,-1,-1,-1,-1,3,-1
201550CS2G004,1,9,0,18,0,8,1,0,0,0,1,1,6,1,41,7,1968,2,10,-1,3,-1
201550CS2H001,1,1,0,16,0,0,0,0,0,0,1,1,6,1,39,7,-1,-1,-1,-1,3,-1
201550CS2H001,2,90,0,17,0,0,0,0,0,0,1,1,1,1,55,8,2987,2,-1,-1,2,-1
201550CS2H003,1,9,0,16,0,0,1,0,1,11,1,1,6,1,18,4,1360,1,10,-1,3,-1
201550CS2Q001,1,9,0,17,0,0,0,0,0,0,3,1,6,1,51,8,1998,1,18,-1,3,-1
201550CS2Q001,2,9,0,16,0,0,0,0,0,0,3,1,6,2,38,7,1998,1,17,-1,3,-1
201550CS2S001,1,9,0,17,0,0,2,0,7,11,1,1,6,2,32,6,1794,1,13,-1,2,-1
201550CS2U001,1,5,0,18,0,0,1,0,0,10,4,1,6,1,47,8,998,1,10,-1,1,-1
201550CS2U002,1,19,0,18,0,8,0,0,0,0,4,1,1,1,31,6,2287,2,2,-1,1,-1
201550CS2U002,2,9,0,18,0,2,0,0,0,0,1,1,6,2,39,7,1560,2,8,-1,3,-1
201550CS3V001,1,9,0,16,0,0,2,0,2,11,1,1,6,1,21,5,1998,1,20,-1,1,-1
201550CS3V002,1,90,0,17,0,0,0,0,0,0,0,1,1,1,34,6,12777,2,3,-1,1,-1
201550CS3V002,2,9,0,17,0,0,2,0,1,10,1,1,6,2,67,10,1997,1,12,-1,3,-1
201550CS3V002,3,19,0,17,0,0,1,0,1,10,1,1,1,1,39,7,1870,2,12,-1,1,-1
201550CS3V002,4,9,0,17,0,0,1,1,0,0,1,1,1,1,21,5,-1,-1,-1,-1,1,-1
201550CS3V002,5,9,0,17,0,0,1,1,0,0,1,1,1,1,35,6,2402,2,4,-1,3,-1
201550CS3V002,6,9,0,17,0,0,1,0,7,10,3,1,1,1,47,8,1596,1,12,-1,3,-1
201550CS3Y001,1,9,0,16,0,0,0,0,0,0,1,1,6,1,48,8,1595,1,10,-1,1,-1
201550CS3Y001,2,9,0,17,0,0,0,0,0,0,1,1,6,2,46,8,1896,2,13,-1,3,-1
201550CS3Z002,1,3,0,16,0,1,0,2,0,0,1,1,1,1,27,6,125,1,-1,-1,3,-1
201550CS3Z003,1,21,0,4,0,5,0,0,0,0,0,1,1,1,64,9,10837,2,4,-1,1,-1
201550CS3Z003,2,9,0,18,0,1,0,0,1,0,1,1,6,2,80,11,1198,1,3,-1,3,-1
201550CS3Z003,3,19,0,18,0,1,0,0,0,0,2,1,6,1,46,8,1998,2,12,-1,3,-1
201550CS3Z005,1,9,0,5,0,6,0,0,7,0,3,1,6,1,85,11,1390,1,14,-1,3,-1
201550CS3Z005,2,9,0,18,0,1,0,0,0,0,1,1,6,1,76,11,1560,2,6,-1,3,-1
201550CS4A001,1,9,0,18,0,0,2,0,2,4,1,1,6,1,71,10,996,1,4,-1,3,-1
201550CS4A002,1,19,0,18,0,0,0,0,0,0,1,1,1,1,27,6,1968,2,1,-1,1,-1
201550CS4A002,2,9,0,18,0,0,0,0,0,0,1,1,6,1,39,7,1896,2,11,-1,-1,-1
201550CT2C001,1,9,0,18,0,0,0,0,2,3,1,1,6,2,80,11,1332,1,5,-1,2,-1
201550CT2C001,2,9,0,18,0,0,1,0,0,0,1,1,6,1,43,7,1596,1,9,-1,1,-1
201550CT2E002,1,5,0,18,0,1,0,0,0,0,1,1,6,1,30,6,600,1,19,-1,1,-1
201550CT2E002,2,9,0,10,0,5,0,0,0,0,2,1,6,1,36,7,1598,2,3,-1,1,-1
201550CT2E003,1,2,0,18,0,0,0,0,0,0,1,1,6,1,19,4,49,1,34,-1,2,-1
201550CT2E004,1,9,0,17,0,0,0,0,0,0,2,1,2,2,55,8,1560,2,7,-1,1,-1
201550CT2E004,2,19,0,17,0,0,1,0,0,0,1,1,2,1,32,6,2151,2,13,-1,1,-1
201550CT2F001,1,9,0,17,0,0,2,0,1,0,1,1,2,2,36,7,1499,1,8,-1,1,-1
201550CT2F002,1,9,0,16,0,0,2,0,1,4,1,1,4,1,19,4,1598,1,11,-1,2,-1
201550CT2F003,1,9,0,13,0,0,0,0,0,0,1,1,6,2,28,6,1995,2,4,-1,2,-1
201550CT2F003,2,9,0,13,0,0,0,0,0,0,1,1,6,2,33,6,1997,2,11,-1,2,-1
201550CT2F003,3,17,0,18,0,0,0,0,0,0,2,1,6,1,47,8,-1,2,7,-1,3,-1
201550CT2G001,1,9,0,17,0,1,2,0,2,0,1,1,6,1,17,4,1388,1,14,-1,3,-1
201550CT2G002,1,9,0,16,0,0,2,0,1,9,1,1,6,1,34,6,973,1,13,-1,3,-1
201550CT2G003,1,9,0,5,0,6,0,0,0,0,1,1,1,1,62,9,1997,2,11,-1,3,-1
201550CT2I002,1,9,0,2,0,2,0,0,0,0,3,1,6,2,26,6,998,1,1,-1,2,-1
201550CT2I002,2,9,0,18,0,2,0,0,0,0,4,1,6,2,34,6,1896,2,15,-1,2,-1
201550CT2I004,1,9,0,18,0,2,0,0,0,0,0,1,6,1,81,11,1461,2,4,-1,3,-1
201550CT2I006,1,9,0,1,0,0,0,0,0,0,2,1,6,2,61,9,1229,1,11,-1,3,-1
201550CT2I007,1,9,0,17,0,1,5,0,0,0,4,1,6,1,78,11,1968,2,2,-1,3,-1
201550CT2I009,1,9,0,4,0,0,0,0,1,10,1,1,6,1,88,11,998,1,14,-1,3,-1
201550CT2I015,1,9,0,18,0,1,1,0,1,11,1,1,1,2,50,8,1242,1,10,-1,1,-1
201550CT2I016,1,9,0,18,0,0,0,0,0,0,1,1,6,1,44,7,1390,1,15,-1,3,-1
201550CT2I016,2,9,0,17,0,0,1,0,0,0,4,1,6,1,21,5,1587,1,17,-1,2,-1
201550CT2J003,1,9,0,1,7,5,0,0,0,0,2,1,6,1,87,11,-1,-1,-1,-1,3,-1
201550CT2J003,2,9,0,18,0,1,0,0,8,11,1,1,6,1,71,10,-1,-1,-1,-1,1,-1
201550CT2J004,1,5,0,13,0,0,0,0,0,0,1,1,6,1,29,6,599,1,15,-1,2,-1
201550CT2J004,2,9,0,18,0,0,0,0,0,0,1,1,6,2,53,8,3200,2,9,-1,3,-1
201550CT2J004,3,9,0,18,0,0,0,0,0,0,3,1,6,1,68,10,1461,2,5,-1,3,-1
201550CT2K001,1,9,0,17,0,0,0,0,0,0,1,1,6,2,36,7,1796,1,13,-1,3,-1
201550CT2K001,2,9,0,16,0,0,0,0,0,0,1,1,6,2,59,9,2295,1,15,-1,3,-1
201550CT2N001,1,9,0,18,0,0,0,0,0,0,1,1,6,2,57,9,1910,2,12,-1,3,-1
201550CT2N001,2,9,0,4,0,0,0,0,0,0,1,1,1,1,28,6,1896,2,12,-1,1,-1
201550CT2O001,1,9,0,17,0,0,2,0,2,10,1,1,2,1,50,8,1598,1,9,-1,2,-1
201550CT2O003,1,9,0,9,0,5,0,0,0,0,1,1,6,1,72,10,1242,1,3,-1,3,-1
201550CT2O003,2,5,0,18,0,8,5,0,0,0,1,1,6,1,57,9,741,1,40,-1,3,-1
201550CT2P001,1,20,0,18,0,0,0,0,0,0,4,1,1,1,25,5,2998,2,4,-1,1,-1
201550CT2P002,1,3,0,18,0,0,1,0,0,0,0,1,6,2,32,6,124,1,3,-1,2,-1
201550CT2P003,1,9,0,9,0,1,0,0,0,0,1,1,6,2,33,6,1242,1,4,-1,3,-1
201550CT2P003,2,19,0,18,0,1,0,0,0,0,4,1,6,2,51,8,-1,-1,-1,-1,3,-1
201550CT2P004,1,9,0,18,0,0,5,0,1,11,1,1,1,1,74,10,-1,-1,-1,-1,3,-1
201550CT2P005,1,9,0,17,0,0,2,0,7,11,3,1,2,1,26,6,1248,2,8,-1,3,-1
201550CT2P006,1,9,0,16,0,0,0,0,0,0,1,1,6,1,74,10,1997,2,3,-1,2,-1
201550CT2P006,2,9,0,17,0,0,0,0,0,0,3,1,2,1,32,6,1896,2,8,-1,3,-1
201550CT2Q003,1,9,0,17,0,0,5,0,1,0,1,1,2,2,28,6,1299,1,9,-1,1,-1
201550CT2R001,1,9,0,17,0,0,1,0,1,11,1,1,6,1,54,8,1995,1,13,-1,1,-1
201550CT2R003,1,5,0,16,0,0,0,0,7,0,1,1,6,1,43,7,1198,1,6,-1,1,-1
201550CT2R003,2,9,0,17,0,0,1,0,0,0,1,1,6,1,70,10,1997,1,9,-1,3,-1
201550CT2R004,1,1,0,18,0,0,0,10,0,0,1,1,6,1,54,8,-1,-1,-1,-1,3,-1
201550CT2R005,1,21,1,16,0,0,0,0,0,0,0,1,1,3,51,8,12740,2,-1,-1,1,-1
201550CT2R005,2,1,0,16,0,0,0,0,0,0,0,1,6,1,15,3,-1,-1,-1,-1,3,-1
201550CT2R005,3,1,0,16,0,0,0,0,0,0,0,1,6,1,-1,-1,-1,-1,-1,-1,3,-1
201550CT2T001,1,19,0,18,0,0,5,0,1,4,1,1,1,1,64,9,2198,2,6,-1,-1,-1
201550CT2T003,1,9,0,18,0,0,1,6,0,0,1,1,2,2,47,8,1360,1,9,-1,2,-1
201550CT2T004,1,9,0,18,0,0,1,0,0,0,1,1,6,2,21,5,1149,1,12,-1,1,-1
201550CT2T004,2,9,0,18,0,0,0,0,0,0,1,1,6,1,26,6,998,1,1,-1,1,-1
201550CT2T005,1,9,0,17,0,0,0,0,2,11,1,1,6,1,71,10,1399,2,7,-1,2,-1
201550CT2T006,1,9,0,16,0,0,0,0,0,0,1,1,2,2,38,7,1395,1,-1,-1,1,-1
201550CT2T006,2,19,0,18,0,0,0,0,0,0,1,1,1,1,51,8,1598,2,1,-1,1,-1
201550CT2V001,1,9,0,13,0,0,0,0,0,0,0,1,6,3,-1,-1,1995,2,8,-1,-1,-1
201550CT2V001,2,19,0,18,0,0,0,0,1,10,4,1,1,1,31,6,-1,-1,-1,-1,2,-1
201550CT2V002,1,19,0,16,0,0,1,0,0,0,3,1,6,1,33,6,1598,2,4,-1,3,-1
201550CT2V002,2,9,0,17,0,0,1,0,0,0,3,1,6,2,31,6,1896,2,9,-1,3,-1
201550CT2V003,1,9,0,5,0,8,1,10,7,0,3,1,6,2,74,10,1598,2,3,-1,3,-1
201550CT2V003,2,9,0,18,0,1,1,10,7,0,1,1,6,2,47,8,1461,2,7,-1,3,-1
201550CT2W001,1,9,0,18,0,0,0,0,1,10,4,1,6,2,46,8,1995,2,2,-1,2,-1
201550CT2X001,1,9,0,18,0,0,2,0,1,9,3,1,2,1,23,5,998,1,1,-1,3,-1
201550CT2X001,2,9,0,18,0,0,0,0,0,0,3,1,6,1,55,8,2720,2,6,-1,3,-1
201550CT3Y003,1,9,0,7,0,1,0,0,0,0,1,1,1,1,57,9,1560,2,5,-1,2,-1
201550CT3Y003,2,9,0,18,0,1,5,0,0,0,1,1,6,1,77,11,1332,1,6,-1,3,-1
201550CT3Y005,1,9,0,9,0,0,0,0,0,0,1,1,2,1,60,9,1248,2,7,-1,3,-1
201550CT3Y005,2,9,0,16,0,0,1,0,0,0,1,1,2,1,35,6,998,1,17,-1,3,-1