Accident_Index,Vehicle_Reference,Vehicle_Type,Towing_and_Articulation,Vehicle_Manoeuvre,Vehicle_Location-Restricted_Lane,Junction_Location,Skidding_and_Overturning,Hit_Object_in_Carriageway,Vehicle_Leaving_Carriageway,Hit_Object_off_Carriageway,1st_Point_of_Impact,Was_Vehicle_Left_Hand_Drive?,Journey_Purpose_of_Driver,Sex_of_Driver,Age_of_Driver,Age_Band_of_Driver,Engine_Capacity_(CC),Propulsion_Code,Age_of_Vehicle,Driver_IMD_Decile,Driver_Home_Area_Type,Vehicle_IMD_Decile
201550DE2L001,1,9,0,10,0,1,0,0,0,0,3,1,6,2,27,6,1560,2,8,-1,3,-1
201550DE2L001,2,5,0,14,0,1,5,0,0,0,4,1,6,1,20,4,599,1,18,-1,1,-1
201550DE2L003,1,5,0,16,0,0,2,0,0,0,1,1,6,1,37,7,805,1,8,-1,1,-1
201550DE2L003,2,19,0,17,0,0,0,0,0,0,1,1,1,1,46,8,2496,2,21,-1,1,-1
201550DE2L004,1,9,0,18,0,1,0,0,8,10,4,1,6,1,54,8,1590,1,14,-1,1,-1
201550DE2L004,2,9,0,7,0,6,0,0,0,0,1,1,6,1,19,4,1124,1,16,-1,3,-1
201550DE2L004,3,9,0,9,0,5,0,0,0,0,0,1,6,3,-1,-1,-1,-1,-1,-1,-1,-1
201550DE2M002,1,9,0,9,0,6,0,0,0,0,1,1,2,1,50,8,1199,1,14,-1,1,-1
201550DE2M005,1,1,0,18,0,8,0,0,0,0,4,1,2,1,44,7,-1,-1,-1,-1,1,-1
201550DE2M005,2,9,0,7,0,6,0,0,0,0,1,1,2,1,47,8,1997,1,12,-1,1,-1
201550DE2M007,1,9,0,9,0,6,0,0,0,0,1,1,6,2,57,9,1499,1,7,-1,1,-1
201550DE2M007,2,5,0,14,0,1,0,0,0,0,1,1,6,1,21,5,649,1,8,-1,2,-1
201550DE2M014,1,9,0,18,0,0,0,4,0,0,4,1,6,1,60,9,1896,2,9,-1,1,-1
201550DE2M014,2,9,0,2,0,0,0,0,0,0,3,1,6,1,21,5,1796,1,10,-1,1,-1
201550DE2M014,3,9,0,2,0,0,0,0,0,0,2,1,6,2,49,8,1329,1,5,-1,1,-1
201550DE2M014,4,9,0,2,0,0,0,0,0,0,2,1,6,2,52,8,1390,1,7,-1,1,-1
201550DE2M016,1,9,0,18,0,5,0,0,0,0,1,1,6,3,-1,-1,996,1,5,-1,-1,-1
201550DE2M017,1,9,0,5,0,1,0,0,0,0,3,1,6,1,58,9,-1,-1,-1,-1,3,-1
201550DE2M017,2,9,0,5,0,1,0,0,0,0,1,1,6,2,51,8,1997,2,10,-1,3,-1
201550DE2M021,1,5,0,13,0,2,1,0,0,0,1,1,6,1,70,10,883,1,11,-1,1,-1
201550DE2M022,1,9,0,18,0,0,0,0,0,0,2,1,6,2,55,8,2000,2,10,-1,1,-1
201550DE2M026,1,9,0,18,0,1,0,0,0,0,1,1,2,1,37,7,1956,2,4,-1,1,-1
201550DE2M027,1,9,0,6,0,2,0,0,0,0,3,1,6,1,37,7,1686,2,13,-1,1,-1
201550DE2M027,2,5,0,18,0,1,0,0,0,0,1,1,6,1,21,5,599,1,16,-1,1,-1
201550DE2M029,1,9,0,18,0,0,0,0,0,0,1,1,6,2,23,5,1598,1,11,-1,1,-1
201550DE2M029,2,9,0,18,0,0,0,0,0,0,2,1,6,1,77,11,1398,1,3,-1,1,-1
201550DE2M032,1,9,0,18,0,1,0,0,0,0,1,1,2,1,24,5,1198,1,12,-1,1,-1
201550DE2M032,2,9,0,3,0,1,0,0,0,0,2,1,6,2,37,7,998,1,5,-1,1,-1
201550DE2M033,1,9,0,18,0,0,0,4,0,0,1,1,6,1,37,7,1951,2,14,-1,3,-1
201550DE2M033,2,19,0,3,0,0,0,0,0,0,3,1,1,1,25,5,1461,2,1,-1,3,-1
201550DE2M036,1,9,0,2,0,0,0,0,0,0,3,1,1,2,50,8,1598,1,4,-1,1,-1
201550DE2M036,2,1,0,14,0,0,0,0,0,0,1,1,2,1,64,9,-1,-1,-1,-1,1,-1
201550DE2M037,1,9,0,9,0,6,0,0,0,0,1,1,6,2,41,7,1998,2,7,-1,1,-1
201550DE2M037,2,2,0,13,0,1,0,0,0,0,1,1,6,1,16,4,-1,-1,-1,-1,2,-1
201550DE2M038,1,9,0,4,0,1,0,0,0,0,1,1,6,1,-1,-1,1896,2,13,-1,-1,-1
201550DE2M038,2,10,0,3,0,1,0,0,0,0,2,1,4,1,65,9,-1,-1,-1,-1,1,-1
201550DE2M038,3,9,0,3,0,1,0,0,0,0,2,1,6,1,45,7,-1,-1,-1,-1,1,-1
201550DE2M040,1,9,0,18,0,0,0,0,0,0,1,1,6,1,18,4,1149,1,14,-1,1,-1
201550DE2N001,1,9,0,18,0,1,0,0,0,0,1,1,2,2,35,6,1364,1,7,-1,1,-1
201550DE2N001,2,9,0,18,0,1,0,0,0,0,2,1,6,2,21,5,1896,2,16,-1,-1,-1
201550DE2N001,3,9,0,18,0,1,0,0,0,0,2,1,6,2,61,9,1985,1,14,-1,1,-1
201550DE2N003,1,9,0,9,0,6,0,0,0,0,4,1,1,2,46,8,1560,2,2,-1,1,-1
201550DE2N003,2,2,0,18,0,1,0,0,0,0,1,1,2,2,33,6,49,1,13,-1,1,-1
201550DE2N004,1,8,0,18,0,8,0,0,0,0,4,1,1,1,41,7,1995,2,8,-1,1,-1
201550DE2N006,1,1,0,9,0,0,0,0,0,0,0,1,6,1,17,4,-1,-1,-1,-1,1,-1
201550DE2N006,2,2,0,3,0,0,2,0,0,0,0,1,6,1,57,9,49,1,2,-1,1,-1
201550DE2N007,1,9,0,3,0,0,0,0,0,0,2,1,1,3,58,9,2461,2,18,-1,1,-1
201550DE2N007,2,2,0,3,0,1,0,0,0,0,1,1,2,1,28,6,49,1,7,-1,1,-1
201550DE2O001,1,9,0,18,0,4,0,0,0,0,1,1,1,1,49,8,2231,2,2,-1,1,-1
201550DE2O001,2,1,0,9,0,8,0,0,0,0,1,1,1,2,38,7,-1,-1,-1,-1,1,-1
201550DE2O002,1,9,0,10,0,6,0,0,0,0,3,1,1,2,35,6,1299,1,13,-1,1,-1
201550DE2O002,2,1,0,18,0,1,0,0,0,0,1,1,1,2,42,7,-1,-1,-1,-1,1,-1
201550DE2O004,1,9,0,9,0,8,0,0,0,0,4,1,1,1,60,9,1950,2,15,-1,1,-1
201550DE2O004,2,1,0,18,0,8,0,0,0,0,1,1,1,1,51,8,-1,-1,-1,-1,1,-1
201550DE2O005,1,9,0,7,0,1,0,0,0,0,1,1,6,2,45,7,1199,1,15,-1,1,-1
201550DE2O005,2,1,0,18,0,1,0,0,0,0,4,1,2,1,40,7,-1,-1,-1,-1,3,-1
201550DE2O006,1,9,0,16,0,1,1,0,0,0,1,1,2,2,22,5,1229,1,1,-1,1,-1
201550DE2O006,2,9,0,10,0,1,0,0,0,0,2,1,2,2,28,6,1598,1,2,-1,1,-1
201550DE2O008,1,9,0,3,0,1,0,0,0,0,2,1,6,2,20,4,1299,1,13,-1,3,-1
201550DE2O008,2,9,0,18,0,1,0,0,0,0,1,1,6,2,26,6,1560,2,5,-1,1,-1
201550DE2O009,1,9,0,5,0,8,0,0,0,0,1,1,2,2,56,9,1598,1,17,-1,1,-1
201550DE2O009,2,1,0,18,0,8,0,0,0,0,1,1,6,2,28,6,-1,-1,-1,-1,1,-1
201550DE2O010,1,9,0,1,0,0,0,0,0,0,2,1,6,1,82,11,1349,1,8,-1,1,-1
201550DE2O010,2,9,0,2,0,0,0,0,0,0,1,1,6,2,-1,-1,1997,2,10,-1,1,-1
201550DE2O011,1,9,0,3,0,1,0,0,0,0,2,1,6,2,28,6,1796,1,16,-1,1,-1
201550DE2O013,1,9,0,3,0,0,0,0,0,0,2,1,6,2,19,4,-1,-1,-1,-1,1,-1
201550DE2O013,2,9,0,5,0,0,0,0,0,0,1,1,6,2,27,6,1598,1,15,-1,1,-1
201550DE2O018,1,3,0,9,0,8,1,0,0,0,0,1,6,1,24,5,124,1,15,-1,1,-1
201550DE2O018,2,9,0,18,0,8,0,0,0,0,0,1,6,1,66,10,1396,1,4,-1,2,-1
201550DE2O020,1,9,0,4,0,1,0,0,0,0,1,1,6,1,82,11,1461,2,8,-1,1,-1
201550DE2O020,2,9,0,18,0,1,0,0,0,0,4,1,6,2,67,10,1242,1,12,-1,1,-1
201550DE2O022,1,5,0,18,0,1,0,0,0,0,3,1,2,1,21,5,599,1,19,-1,1,-1
201550DE2O022,2,9,0,9,0,6,0,0,0,0,4,1,2,2,54,8,1086,1,5,-1,1,-1
201550DE2O023,1,3,0,18,0,0,0,4,0,0,1,1,6,1,19,4,124,1,1,-1,1,-1
201550DE2O023,2,9,0,2,0,0,0,0,0,0,1,1,6,1,-1,-1,2979,1,15,-1,1,-1
201550DE2O025,1,9,0,7,0,0,0,0,0,0,4,1,2,1,39,7,1590,1,11,-1,1,-1
201550DE2O025,2,1,0,18,4,0,0,0,0,0,1,1,6,1,65,9,-1,-1,-1,-1,1,-1
201550DE2O027,1,11,0,2,0,0,0,0,0,0,0,1,1,2,-1,-1,4500,2,4,-1,1,-1
201550DE2O028,1,9,0,7,0,8,0,0,0,0,4,1,6,2,47,8,1200,1,2,-1,1,-1
201550DE2O028,2,1,0,18,0,8,0,0,0,0,2,1,6,2,48,8,-1,-1,-1,-1,1,-1
201550DE2O030,1,9,0,9,0,6,0,0,0,0,1,1,6,2,67,10,1390,1,4,-1,3,-1
201550DE2O030,2,5,0,18,0,1,0,0,0,0,1,1,6,1,48,8,750,1,21,-1,1,-1
201550DE2O031,1,9,0,1,9,1,0,0,0,0,2,1,6,2,51,8,1997,2,5,-1,1,-1
201550DE2O031,2,1,0,18,9,1,0,0,0,0,1,1,4,1,11,3,-1,-1,-1,-1,1,-1
201550DE2P002,1,9,0,9,0,1,0,0,0,0,3,1,6,2,45,7,1796,1,12,-1,1,-1
201550DE2P002,2,5,0,18,0,1,1,0,0,0,1,1,6,1,33,6,942,1,2,-1,1,-1
201550DE2P004,1,9,0,18,0,8,0,0,0,0,1,1,6,2,17,4,1360,1,11,-1,1,-1
201550DE2P004,2,9,0,18,0,8,0,0,0,0,3,1,6,2,40,7,1596,1,10,-1,3,-1
201550DE2P005,1,5,0,13,0,3,0,10,0,0,1,1,6,2,46,8,599,1,13,-1,1,-1
201550DE2Q002,1,9,0,18,0,0,0,0,0,0,1,1,6,2,35,6,1998,2,2,-1,1,-1
201550DE2Q002,2,9,0,2,0,0,0,0,0,0,4,1,6,2,37,7,1753,2,9,-1,1,-1
201550DE2Q003,1,9,0,18,0,1,0,0,0,0,4,1,6,2,33,6,-1,-1,-1,-1,1,-1
201550DE2Q003,2,9,0,9,0,8,0,0,0,0,1,1,6,1,75,10,998,1,2,-1,3,-1
201550DE2Q008,1,9,0,18,0,1,0,0,0,0,1,1,6,1,32,6,1299,1,7,-1,1,-1
201550DE2Q008,2,9,0,3,0,2,0,0,0,0,2,1,6,2,24,5,2000,2,11,-1,3,-1
201550DE2Q009,1,9,0,18,0,1,0,0,0,0,1,1,6,2,60,9,1796,2,2,-1,2,-1
201550DE2Q009,2,9,0,3,0,1,0,4,0,0,2,1,6,2,78,11,1794,1,12,-1,1,-1
201550DE2Q009,3,9,0,3,0,1,0,4,0,0,2,1,1,1,52,8,1248,2,3,-1,1,-1
201550DE2Q009,4,9,0,3,0,1,0,4,0,0,2,1,1,1,46,8,1968,2,1,-1,3,-1
201550DE2Q010,1,9,0,18,0,4,0,0,0,0,1,1,6,2,31,6,1956,2,3,-1,1,-1
201550DE2Q010,2,9,0,18,0,4,0,0,0,0,2,1,6,1,44,7,1994,1,16,-1,1,-1
201550DE2Q011,1,9,0,17,0,8,0,0,0,0,1,1,6,1,31,6,1783,1,15,-1,3,-1
201550DE2Q011,2,9,0,3,0,8,0,0,0,0,2,1,6,1,74,10,1498,1,3,-1,2,-1
201550DE2Q011,3,19,0,3,0,8,0,0,0,0,2,1,6,1,57,9,2402,2,8,-1,2,-1
201550DE2Q012,1,19,0,12,0,0,0,0,0,0,3,1,6,1,54,8,-1,-1,-1,-1,3,-1
201550DE2Q012,2,9,0,18,0,0,0,0,0,0,4,1,6,1,27,6,1461,2,5,-1,1,-1
201550DE2Q021,1,9,0,13,0,0,0,0,0,0,4,1,6,3,-1,-1,-1,-1,-1,-1,-1,-1
201550DE2Q021,2,3,0,18,0,0,0,0,0,0,3,1,6,1,20,4,125,1,-1,-1,1,-1
201550DE2Q022,1,9,0,18,0,4,0,0,0,0,1,1,2,1,45,7,1598,2,2,-1,2,-1
201550DE2Q022,2,1,0,18,0,4,0,0,0,0,2,1,2,1,47,8,-1,-1,-1,-1,1,-1
201550DE2Q023,1,9,0,18,0,8,0,0,0,0,1,1,6,2,67,10,1997,2,12,-1,1,-1
201550DE2Q023,2,9,0,18,0,3,0,0,8,10,3,1,6,2,67,10,1149,1,13,-1,1,-1
201550DE2Q032,1,19,0,4,0,1,1,0,0,0,1,1,1,1,37,7,1560,2,1,-1,1,-1
201550DE2Q032,2,9,0,4,0,1,0,0,0,0,2,1,1,2,47,8,1248,2,3,-1,1,-1
201550DE2R005,1,9,0,1,0,1,0,0,0,0,1,1,1,1,-1,-1,-1,-1,-1,-1,1,-1
201550DE2R009,1,19,0,4,0,1,0,0,0,0,1,1,6,1,31,6,-1,-1,-1,-1,3,-1
201550DE2R009,2,9,0,3,0,1,0,0,0,0,2,1,6,2,58,9,1461,2,8,-1,1,-1
201550DE2R010,1,9,0,18,0,8,0,0,0,0,3,1,6,1,72,10,1400,1,11,-1,1,-1
201550DE2R010,2,1,0,10,0,8,0,0,0,0,4,1,1,1,35,6,-1,-1,-1,-1,1,-1
201550DE2R016,1,19,0,11,0,2,0,0,0,0,2,1,1,1,51,8,1995,2,4,-1,-1,-1
201550DE2R016,2,9,0,18,0,2,0,0,0,0,3,1,2,2,30,6,1998,1,12,-1,3,-1
201550DE2R017,1,5,0,18,0,8,0,0,0,0,1,1,6,1,45,7,656,1,5,-1,3,-1
201550DE2R020,1,9,0,8,0,1,0,0,0,0,4,1,6,1,45,7,2490,1,18,-1,1,-1
201550DE2R020,2,1,0,18,5,1,0,0,0,0,1,1,2,2,22,5,-1,-1,-1,-1,1,-1
201550DE2R021,1,9,0,9,0,6,0,4,0,0,1,1,6,1,-1,-1,-1,-1,-1,-1,1,-1
201550DE2R021,2,9,0,3,0,2,0,0,0,0,2,1,6,1,41,7,1956,2,4,-1,3,-1
201550DE2R022,1,9,0,18,0,1,0,0,0,0,1,1,6,1,26,6,1199,1,15,-1,3,-1
201550DE2R022,2,9,0,3,0,1,0,0,0,0,2,1,6,1,49,8,1461,2,4,-1,1,-1
201550DE2S002,1,9,0,11,0,7,1,0,1,0,4,1,6,2,21,5,1396,1,14,-1,1,-1
201550DE2S002,2,5,0,18,0,7,0,0,1,0,3,1,6,1,29,6,553,1,31,-1,1,-1
201550DE2S002,3,9,0,18,0,7,0,11,0,0,1,1,6,1,19,4,1124,1,12,-1,1,-1
201550DE2S004,1,9,0,18,0,1,0,0,0,0,1,1,6,2,42,7,1798,2,5,-1,1,-1
201550DE2S004,2,9,0,3,0,1,0,0,0,0,2,1,6,2,31,6,1124,1,13,-1,1,-1
201550DE2S005,1,9,0,4,0,4,0,0,0,0,1,1,1,1,31,6,1560,2,1,-1,1,-1
201550DE2S005,2,9,0,5,0,4,0,0,0,0,2,1,6,2,23,5,1397,1,7,-1,3,-1
201550DE2S007,1,9,0,18,0,8,0,0,0,0,1,1,6,2,21,5,3226,2,15,-1,1,-1
201550DE2S007,2,9,0,18,0,8,0,0,0,0,3,1,1,2,21,5,1686,2,5,-1,1,-1
201550DE2S010,1,9,0,16,0,0,0,0,7,2,1,1,6,1,34,6,1229,1,9,-1,1,-1
201550DE2S011,1,9,0,11,0,7,0,0,4,6,1,1,6,1,66,10,-1,-1,-1,-1,-1,-1
201550DE2S011,2,19,0,18,0,7,0,0,4,6,2,1,1,1,53,8,2148,2,7,-1,1,-1
201550DE2S012,1,9,0,18,0,1,0,7,0,7,1,1,6,1,22,5,-1,-1,-1,-1,-1,-1
201550DE2S012,2,9,0,18,0,1,0,0,0,0,0,1,6,1,-1,-1,1753,2,4,-1,-1,-1
201550DE2S012,3,9,0,18,0,1,0,0,0,0,0,1,6,1,-1,-1,1686,2,1,-1,-1,-1
201550DE2S012,4,9,0,18,0,1,0,0,0,0,0,1,6,1,-1,-1,2993,2,1,-1,-1,-1
201550DE2S012,5,9,0,18,0,1,0,0,0,0,0,1,6,1,-1,-1,2993,2,1,-1,-1,-1
201550DE2S014,1,9,0,17,0,8,0,0,0,0,3,1,1,1,43,7,1995,2,-1,-1,1,-1
201550DE2S014,2,9,0,18,0,8,0,0,0,0,1,1,6,1,28,6,1998,2,9,-1,1,-1
201550DE2T001,1,9,0,6,0,4,1,0,1,2,4,1,6,1,-1,-1,-1,-1,-1,-1,-1,-1
201550DE2T003,1,9,0,3,0,0,0,0,0,0,2,1,6,2,40,7,1364,1,10,-1,1,-1
201550DE2T003,2,9,0,3,0,0,0,0,0,0,2,1,1,1,33,6,1896,2,9,-1,1,-1
201550DE2T003,3,9,0,18,0,0,0,0,0,0,1,1,6,1,44,7,1968,2,8,-1,2,-1
201550DE2T006,1,9,0,18,0,4,0,0,0,0,1,1,1,3,-1,-1,-1,-1,-1,-1,-1,-1
201550DE2T006,2,1,0,18,0,4,0,0,0,0,4,1,1,1,28,6,-1,-1,-1,-1,1,-1
201550DE2T009,1,9,0,9,0,1,0,0,0,0,4,1,6,1,46,8,1998,1,8,-1,3,-1
201550DE2T009,2,1,0,18,0,1,0,0,0,0,4,1,6,1,29,6,-1,-1,-1,-1,3,-1
201550DE2T010,1,9,0,15,0,2,0,0,0,0,1,1,6,2,54,8,1896,2,7,-1,2,-1
201550DE2T010,2,9,0,15,0,2,0,0,0,0,1,1,6,1,36,7,2204,2,7,-1,1,-1
201550DE2T010,3,9,0,2,0,2,0,0,0,0,3,1,6,1,35,6,1229,1,3,-1,1,-1
201550DE2T010,4,9,0,2,0,2,0,0,0,1,4,1,6,1,21,5,1781,1,13,-1,-1,-1
201550DE2T011,1,9,0,18,0,4,0,0,0,0,1,1,6,1,24,5,1590,1,11,-1,1,-1
201550DE2T011,2,1,0,18,0,4,0,0,0,0,2,1,6,1,-1,-1,-1,-1,-1,-1,1,-1
201550DE2T012,1,9,0,9,0,1,0,0,0,0,2,1,6,1,46,8,1999,1,2,-1,1,-1
201550DE2T012,2,9,0,18,0,1,0,0,0,0,1,1,6,1,45,7,2993,2,5,-1,2,-1
201550DE2T015,1,19,0,5,0,4,0,0,0,0,1,1,6,1,62,9,1868,2,8,-1,1,-1
201550DE2T015,2,2,0,7,0,8,0,0,0,0,4,1,2,1,16,4,49,1,8,-1,2,-1
201550DE2T017,1,1,0,9,0,4,0,0,0,0,1,1,2,1,69,10,-1,-1,-1,-1,1,-1
201550DE2T017,2,9,0,18,0,4,0,0,0,0,3,1,2,2,28,6,-1,-1,-1,-1,1,-1
201550DE2T018,1,9,0,18,0,0,1,0,0,0,1,1,6,1,-1,-1,1800,1,16,-1,-1,-1
201550DE2T018,2,20,0,18,0,0,0,0,0,0,3,1,1,1,50,8,-1,-1,-1,-1,2,-1
201550DE2T020,1,19,0,18,0,0,0,0,0,0,1,1,2,1,32,6,1598,2,-1,-1,1,-1
201550DE2T020,2,5,0,3,0,0,0,0,0,0,2,1,6,1,46,8,598,1,21,-1,1,-1
201550DE2T020,3,9,0,3,0,0,0,0,0,0,2,1,6,1,30,6,1956,2,2,-1,1,-1
201550DE2T021,1,98,0,9,0,2,0,0,0,0,3,1,1,1,30,6,2198,2,7,-1,2,-1
201550DE2T021,2,5,0,13,0,2,0,0,0,0,1,1,6,1,50,8,903,1,9,-1,3,-1
201550DE2T022,1,9,0,5,0,4,0,0,0,0,0,1,6,2,45,7,1396,1,6,-1,3,-1
201550DE2T022,2,5,0,16,0,4,5,0,0,0,0,1,6,1,22,5,636,1,9,-1,1,-1
201550DE2T028,1,9,0,9,0,6,0,0,0,0,3,1,1,1,38,7,1686,2,11,-1,1,-1
201550DE2T028,2,1,0,18,0,1,0,0,0,0,1,1,1,1,33,6,-1,-1,-1,-1,2,-1
201550DE2T030,1,9,0,5,0,1,0,0,0,0,2,1,1,1,30,6,1998,2,10,-1,3,-1
201550DE2T030,2,1,0,18,0,1,0,0,0,0,1,1,6,1,20,4,-1,-1,-1,-1,1,-1
201550DE2T031,1,4,0,13,0,0,0,0,0,0,4,1,2,1,44,7,398,1,9,-1,1,-1
201550DE2T031,2,9,0,5,0,0,0,0,0,0,3,1,6,2,56,9,-1,-1,-1,-1,2,-1
201550DE2T032,1,19,0,7,0,8,0,0,0,0,2,1,1,1,59,9,-1,-1,-1,-1,1,-1
201550DE2T032,2,5,0,9,0,8,0,0,0,0,4,1,1,1,52,8,1215,1,2,-1,1,-1
201550DE2U001,1,21,0,18,0,1,0,0,0,0,1,1,1,1,43,7,-1,-1,-1,-1,1,-1
201550DE2U002,1,9,0,5,0,6,0,0,0,0,1,1,6,2,60,9,1390,1,5,-1,1,-1
201550DE2U002,2,1,0,18,0,1,5,0,0,0,1,1,6,1,35,6,-1,-1,-1,-1,3,-1
201550DE2U006,1,9,0,1,0,1,0,0,0,0,1,1,6,2,52,8,1998,2,9,-1,1,-1
201550DE2U007,1,9,0,12,0,0,5,0,0,0,1,1,6,2,73,10,1400,1,12,-1,1,-1
201550DE2U007,2,9,0,4,0,0,0,0,0,0,3,1,6,1,68,10,1797,8,4,-1,2,-1
201550DE2U010,1,9,0,1,0,1,0,0,0,0,0,1,6,2,44,7,1769,1,15,-1,1,-1
201550DE2U010,2,1,0,18,0,1,0,0,0,0,0,1,6,1,37,7,-1,-1,-1,-1,1,-1
201550DE2U012,1,21,0,5,0,8,0,0,0,0,1,1,1,1,24,5,12777,2,-1,-1,3,-1
201550DE2U012,2,1,0,18,0,8,0,0,0,0,3,1,6,2,60,9,-1,-1,-1,-1,2,-1
201550DE2U013,1,9,0,18,0,0,0,0,0,0,1,1,6,2,34,6,1868,2,16,-1,1,-1
201550DE2U013,2,1,0,3,0,0,0,0,0,0,1,1,2,1,48,8,-1,-1,-1,-1,2,-1
201550DE2U014,1,9,0,18,0,8,1,0,8,0,3,1,6,1,23,5,1124,1,17,-1,1,-1
201550DE2V001,1,9,0,18,0,5,1,0,0,0,1,1,1,1,30,6,2982,2,1,-1,3,-1
201550DE2V001,2,9,0,18,0,5,0,0,0,0,1,1,1,1,50,8,-1,-1,-1,-1,3,-1
201550DE2V001,3,9,0,18,0,5,0,0,0,0,1,1,1,2,49,8,1582,2,5,-1,1,-1
201550DE2V003,1,9,0,4,0,1,0,0,0,0,1,1,6,2,69,10,1329,1,3,-1,3,-1
201550DE2V003,2,9,0,4,0,1,0,0,0,0,2,1,6,1,73,10,-1,-1,-1,-1,1,-1
201550DE2V004,1,9,0,13,0,8,0,0,2,11,1,1,6,2,37,7,1968,2,2,-1,1,-1
201550DE2V005,1,9,0,18,0,8,0,0,0,0,1,1,6,2,51,8,1248,2,2,-1,-1,-1
201550DE2V005,2,9,0,17,0,6,0,0,0,0,1,1,6,1,43,7,1388,1,11,-1,1,-1
201550DE2V006,1,4,0,16,0,7,5,0,7,0,4,1,6,1,21,5,399,1,23,-1,3,-1
201550DE2V006,2,19,4,18,0,7,0,0,0,0,2,1,6,1,48,8,1998,2,9,-1,3,-1
201550DE2V008,1,9,0,18,0,0,0,0,0,0,1,1,6,1,22,5,1149,1,14,-1,1,-1
201550DE2V008,2,9,0,18,0,0,0,0,0,0,2,1,1,2,41,7,1598,1,7,-1,1,-1
201550DE2V009,1,9,0,17,0,8,0,0,0,0,1,1,6,2,64,9,1590,1,10,-1,1,-1
201550DE2V009,2,9,0,18,0,4,0,0,0,0,3,1,6,2,44,7,1560,2,8,-1,3,-1
201550DE2V012,1,9,0,12,0,8,0,0,0,0,1,1,6,1,36,7,1596,1,4,-1,1,-1
201550DE2V012,2,9,0,18,0,8,2,0,0,0,1,1,6,1,40,7,-1,-1,-1,-1,3,-1
201550DE2V013,1,9,0,3,0,8,0,0,0,0,1,1,6,1,64,9,1242,1,3,-1,1,-1
201550DE2V014,1,9,0,18,0,1,0,0,0,0,4,1,1,2,36,7,1364,1,6,-1,1,-1
201550DE2V015,1,9,0,18,0,1,0,0,0,0,0,1,6,1,42,7,1796,1,14,-1,1,-1
201550DE2V016,1,5,0,18,0,5,2,0,0,0,1,1,2,1,51,8,1137,1,18,-1,3,-1
201550DE2V016,2,9,0,3,0,5,0,0,0,0,2,1,6,1,53,8,1598,1,11,-1,3,-1
201550DE2V020,1,9,0,5,0,8,0,0,0,0,1,1,6,1,-1,-1,-1,-1,-1,-1,-1,-1
201550DE2V020,2,9,0,9,0,8,0,0,0,0,1,1,2,1,22,5,1896,2,10,-1,1,-1
201550DE2V021,1,19,0,18,0,0,2,0,0,0,4,1,1,1,36,7,1461,2,1,-1,1,-1
201550DE2V022,1,9,0,18,0,1,0,0,0,0,3,1,6,1,26,6,1598,2,3,-1,3,-1
201550DE2V022,2,11,0,11,0,1,0,0,0,0,4,1,6,1,40,7,12600,2,12,-1,2,-1
201550DE2W002,1,9,0,9,0,8,0,0,0,0,2,1,6,1,67,10,-1,-1,-1,-1,3,-1
201550DE2W002,2,1,0,18,0,1,0,0,0,0,1,1,2,1,45,7,-1,-1,-1,-1,2,-1
201550DE2W004,1,8,0,5,0,0,0,0,0,0,4,1,1,1,27,6,1560,2,4,-1,1,-1
201550DE2W011,1,9,0,10,0,6,0,0,0,0,1,1,6,1,26,6,1896,2,14,-1,3,-1
201550DE2W011,2,1,0,18,0,8,0,0,0,0,1,1,6,1,30,6,-1,-1,-1,-1,1,-1
201550DE2W012,1,9,0,10,9,6,0,0,0,0,1,1,6,2,48,8,1956,2,4,-1,1,-1
201550DE2W012,2,1,0,18,9,5,5,0,0,0,3,1,6,1,28,6,-1,-1,-1,-1,2,-1
201550EC2A001,1,9,0,7,0,1,0,0,0,0,1,1,6,1,50,8,1248,2,1,-1,1,-1
201550EC2A002,1,9,0,18,0,8,0,4,0,0,4,1,6,2,35,6,1910,2,7,-1,3,-1
201550EC2A002,2,8,0,18,0,8,0,0,0,0,1,1,1,1,47,8,1797,8,5,-1,1,-1
201550EC2A002,3,9,0,2,0,2,0,4,0,0,1,1,6,1,59,9,1988,1,15,-1,1,-1
201550EC2A002,4,9,0,2,0,2,0,4,0,0,1,2,6,1,35,6,-1,-1,-1,-1,-1,-1
201550EC2A003,1,9,0,3,0,1,0,0,0,0,2,1,6,2,23,5,1598,1,12,-1,1,-1
201550EC2A003,2,9,0,18,0,1,0,0,0,0,1,1,6,2,32,6,1997,2,10,-1,1,-1
201550EC2A007,1,9,0,9,0,8,0,0,0,0,1,1,2,1,19,4,1229,1,10,-1,1,-1
201550EC2A007,2,1,0,18,0,8,0,0,0,0,1,1,2,1,31,6,-1,-1,-1,-1,1,-1
201550EC2A008,1,9,0,3,0,0,0,0,0,0,2,1,6,1,74,10,2295,1,12,-1,1,-1
201550EC2A008,2,9,0,3,0,0,0,0,0,0,2,1,6,2,22,5,1240,1,10,-1,1,-1
201550EC2A008,3,9,0,4,0,0,0,0,0,0,1,1,2,1,34,6,1968,2,12,-1,1,-1
201550EC2A010,1,3,0,9,0,8,0,0,0,7,2,1,6,1,18,4,125,1,9,-1,1,-1
201550EC2A010,2,9,0,9,0,8,0,0,0,0,1,1,1,1,-1,-1,2400,2,3,-1,-1,-1
201550EC2A013,1,9,0,18,0,0,0,0,0,0,1,1,6,2,73,10,1198,1,11,-1,1,-1
201550EC2A013,2,9,0,3,0,0,0,0,0,0,2,1,6,2,24,5,2498,1,16,-1,1,-1
201550EC2A014,1,3,0,10,0,6,2,0,0,0,2,1,1,1,26,6,125,1,-1,-1,1,-1
201550EC2A014,2,98,0,18,0,1,0,0,0,0,1,1,1,1,58,9,12419,2,4,-1,1,-1
201550EC2A018,1,9,0,5,0,0,0,0,0,0,0,1,6,2,34,6,1796,1,9,-1,1,-1
201550EC2A019,1,9,0,18,0,0,0,0,0,0,1,1,1,2,28,6,1086,1,10,-1,1,-1
201550EC2B001,1,9,0,18,0,0,0,0,0,0,1,1,6,2,59,9,1360,1,9,-1,1,-1
201550EC2B001,2,9,0,3,0,0,0,0,0,0,2,1,6,2,44,7,1289,1,16,-1,1,-1
201550EC2B001,3,9,0,3,0,0,0,0,0,0,2,1,6,2,37,7,1198,1,7,-1,1,-1