Accident_Index,Vehicle_Reference,Vehicle_Type,Towing_and_Articulation,Vehicle_Manoeuvre,Vehicle_Location-Restricted_Lane,Junction_Location,Skidding_and_Overturning,Hit_Object_in_Carriageway,Vehicle_Leaving_Carriageway,Hit_Object_off_Carriageway,1st_Point_of_Impact,Was_Vehicle_Left_Hand_Drive?,Journey_Purpose_of_Driver,Sex_of_Driver,Age_of_Driver,Age_Band_of_Driver,Engine_Capacity_(CC),Propulsion_Code,Age_of_Vehicle,Driver_IMD_Decile,Driver_Home_Area_Type,Vehicle_IMD_Decile
201550EC2J041,1,9,0,5,0,0,0,0,0,0,1,1,1,2,37,7,1995,2,9,-1,1,-1
201550EC2J041,2,9,0,4,0,0,0,0,0,0,2,1,1,2,45,7,1997,2,5,-1,3,-1
201550EC2J043,1,9,0,18,0,4,0,0,0,0,2,1,6,2,18,4,973,1,12,-1,1,-1
201550EC2J043,2,9,0,18,0,4,0,0,0,0,1,1,6,1,21,5,1590,1,10,-1,1,-1
201550EC2J044,1,9,0,18,0,1,0,0,0,0,4,1,6,1,68,10,1598,1,14,-1,1,-1
201550EC2J045,1,9,0,5,0,4,0,0,0,0,1,1,1,2,73,10,1248,1,6,-1,1,-1
201550EC2J045,2,19,0,5,0,4,0,0,0,0,2,1,1,1,25,5,1968,2,2,-1,1,-1
201550EC2J048,1,19,0,11,0,0,0,0,0,0,1,1,6,1,29,6,2143,2,1,-1,1,-1
201550EC2J048,2,8,0,18,0,0,0,0,0,0,1,1,1,1,33,6,2148,2,10,-1,1,-1
201550EC2J049,1,11,0,18,0,3,0,0,0,0,0,1,1,1,59,9,7300,2,13,-1,1,-1
201550EC2J050,1,9,0,9,0,0,0,0,0,0,1,1,2,1,27,6,1968,2,-1,-1,1,-1
201550EC2J050,2,2,0,18,0,0,0,0,0,0,3,1,2,1,42,7,49,1,8,-1,1,-1
201550EC2J053,1,11,0,18,0,2,0,0,0,0,0,1,1,2,46,8,6696,2,1,-1,1,-1
201550EC2J053,2,9,0,9,0,1,0,0,0,0,0,1,6,3,-1,-1,-1,-1,-1,-1,-1,-1
201550EC2J058,1,9,0,18,0,0,0,0,0,0,1,1,6,1,25,5,-1,-1,-1,-1,1,-1
201550EC2J058,2,9,0,18,0,0,0,0,0,0,2,1,6,1,25,5,1364,1,-1,-1,1,-1
201550EC2J060,1,9,0,18,0,8,0,0,0,0,1,1,6,2,29,6,1896,2,9,-1,1,-1
201550EC2J060,2,3,0,18,0,8,0,0,0,0,2,1,6,1,45,7,98,1,25,-1,1,-1
201550EC2J062,1,9,0,18,0,8,0,0,0,0,1,1,2,2,19,4,1199,1,14,-1,3,-1
201550EC2J062,2,9,0,9,0,8,0,0,0,0,1,1,6,2,19,4,1229,1,9,-1,3,-1
201550EC2J063,1,9,0,18,0,0,0,0,0,0,1,1,6,2,22,5,1248,1,3,-1,1,-1
201550EC2J063,2,9,0,18,0,0,0,0,0,0,2,1,6,2,47,8,1198,1,9,-1,1,-1
201550EC2J063,3,9,0,18,0,0,0,0,0,0,2,1,6,1,51,8,1997,2,8,-1,1,-1
201550ED20001,1,9,0,18,0,0,0,0,0,7,1,1,6,2,65,9,1398,2,3,-1,1,-1
201550ED20002,1,9,0,18,0,8,0,0,0,0,2,1,6,2,46,8,1598,1,10,-1,1,-1
201550ED20002,2,9,0,18,0,8,0,0,0,0,1,1,6,1,22,5,1399,2,12,-1,1,-1
201550ED20003,1,9,0,9,0,4,0,0,0,0,3,1,6,2,39,7,1343,1,10,-1,1,-1
201550ED20003,2,3,0,18,0,4,2,0,0,0,1,1,6,1,18,4,125,1,1,-1,1,-1
201550ED20005,1,9,0,9,0,8,0,0,0,0,1,1,1,1,25,5,1598,1,14,-1,1,-1
201550ED20005,2,1,0,18,0,1,0,0,0,0,4,1,1,1,50,8,-1,-1,-1,-1,1,-1
201550ED20006,1,9,0,18,0,7,1,0,0,0,1,1,6,1,23,5,1124,1,14,-1,1,-1
201550ED20006,2,8,0,3,0,7,0,0,0,0,2,1,1,1,60,9,2198,2,8,-1,1,-1
201550ED20006,3,9,0,3,0,7,0,0,0,0,2,1,6,1,74,10,1248,1,5,-1,1,-1
201550ED20008,1,9,0,4,0,2,1,0,0,0,1,1,1,1,40,7,-1,-1,-1,-1,1,-1
201550ED20008,2,9,0,4,0,2,0,0,0,0,2,1,6,2,45,7,1242,1,1,-1,1,-1
201550ED20009,1,9,0,18,0,0,0,0,0,0,1,1,6,1,45,7,-1,-1,-1,-1,1,-1
201550ED20016,1,9,0,18,0,1,0,0,0,0,4,1,3,2,37,7,1360,1,11,-1,1,-1
201550ED20016,2,9,0,18,0,6,0,0,0,0,1,1,3,1,48,8,2171,1,15,-1,1,-1
201550ED20017,1,9,0,4,0,0,1,0,0,0,1,1,2,1,19,4,1242,1,16,-1,1,-1
201550ED20017,2,9,0,4,0,0,0,0,0,0,2,1,6,2,21,5,1998,2,10,-1,3,-1
201550ED20017,3,9,0,4,0,0,0,0,0,0,2,1,2,2,56,9,1364,2,7,-1,3,-1
201550ED2A002,1,9,0,18,0,0,0,0,0,0,1,1,6,3,-1,-1,-1,-1,-1,-1,-1,-1
201550ED2A008,1,9,0,18,0,0,0,0,0,0,4,1,6,2,60,9,1398,1,2,-1,1,-1
201550ED2A008,2,9,0,2,0,0,0,0,0,0,3,1,3,1,27,6,1598,1,-1,-1,1,-1
201550ED2B002,1,1,0,17,0,8,0,0,0,0,1,1,2,1,49,8,-1,-1,-1,-1,3,-1
201550ED2B003,1,9,0,18,0,1,0,0,0,0,1,1,6,1,54,8,1973,6,17,-1,1,-1
201550ED2B003,2,9,0,10,0,1,0,0,0,0,2,1,6,2,45,7,999,1,1,-1,2,-1
201550ED2B004,1,9,0,5,0,1,0,0,0,0,1,1,2,2,39,7,1796,1,8,-1,1,-1
201550ED2B004,2,1,0,3,0,1,0,0,0,0,2,1,2,1,50,8,-1,-1,-1,-1,1,-1
201550ED2B005,1,9,0,5,0,7,0,0,0,0,1,1,6,1,30,6,1968,2,1,-1,2,-1
201550ED2B005,2,9,0,7,0,7,0,0,0,0,2,1,1,2,38,7,1686,2,2,-1,1,-1
201550ED2B006,1,9,0,4,0,0,0,0,0,0,2,1,6,2,49,8,1951,2,14,-1,2,-1
201550ED2B006,2,9,0,4,0,0,0,0,0,0,1,1,6,2,22,5,1596,1,8,-1,1,-1
201550ED2B007,1,3,0,18,0,0,1,0,0,0,1,1,2,1,50,8,124,1,6,-1,1,-1
201550ED2B007,2,9,0,18,0,0,0,0,0,0,1,1,6,1,74,10,1586,1,-1,-1,1,-1
201550ED2B008,1,9,0,18,0,4,0,0,0,0,1,1,6,1,50,8,1686,2,13,-1,1,-1
201550ED2B008,2,1,0,18,0,8,0,0,0,0,2,1,6,1,27,6,-1,-1,-1,-1,1,-1
201550ED2B013,1,9,0,18,0,0,0,0,0,0,1,1,6,2,33,6,1600,2,4,-1,3,-1
201550ED2B013,2,9,0,4,0,0,0,0,0,0,2,1,6,2,41,7,2171,1,14,-1,2,-1
201550ED2B013,3,9,0,4,0,0,0,0,0,0,2,1,6,2,61,9,1242,1,1,-1,1,-1
201550ED2B013,4,9,0,4,0,0,0,0,0,0,2,1,6,1,55,8,1341,1,13,-1,3,-1
201550ED2B016,1,8,0,18,0,4,0,0,0,0,1,1,1,1,44,7,1995,2,7,-1,1,-1
201550ED2B016,2,1,0,5,0,2,0,0,0,0,2,1,6,2,33,6,-1,-1,-1,-1,1,-1
201550ED2B017,1,9,0,6,0,0,0,0,0,0,3,1,6,2,82,11,1149,1,7,-1,1,-1
201550ED2B017,2,5,0,18,0,0,1,0,0,0,1,1,6,1,34,6,1000,1,8,-1,1,-1
201550ED2B022,1,8,0,7,0,2,0,0,0,0,1,1,6,1,58,9,1997,2,14,-1,1,-1
201550ED2B022,2,9,0,3,0,2,0,0,0,0,2,1,6,1,34,6,1997,1,10,-1,1,-1
201550ED2B025,1,9,0,5,0,1,0,0,0,0,2,1,6,1,39,7,1753,2,7,-1,1,-1
201550ED2B025,2,9,0,3,0,1,0,0,0,0,2,1,6,2,20,4,1198,1,11,-1,1,-1
201550ED2B025,3,9,0,4,0,1,0,0,0,0,2,1,6,1,60,9,1149,1,14,-1,1,-1
201550ED2B025,4,19,0,4,0,1,0,0,0,0,1,1,6,1,56,9,1870,2,11,-1,1,-1
201550ED2B027,1,9,0,5,0,0,0,0,0,0,1,1,6,2,34,6,2000,2,10,-1,3,-1
201550ED2B027,2,9,0,4,0,0,0,0,0,0,2,1,6,2,50,8,1997,2,1,-1,1,-1
201550ED2B028,1,9,0,5,0,1,0,0,0,0,1,1,6,2,17,4,1388,1,12,-1,1,-1
201550ED2C002,1,9,0,5,0,8,0,0,0,0,1,1,6,2,44,7,1299,1,14,-1,1,-1
201550ED2C002,2,9,0,3,0,1,0,0,0,0,1,1,6,2,25,5,1587,1,13,-1,1,-1
201550ED2C002,3,1,0,18,0,8,0,0,0,0,1,1,6,1,40,7,-1,-1,-1,-1,1,-1
201550ED2C003,1,9,0,1,0,1,0,0,0,0,2,1,6,1,55,8,1968,2,8,-1,1,-1
201550ED2C003,2,9,0,3,0,1,0,0,0,0,3,1,6,1,42,7,-1,-1,-1,-1,1,-1
201550ED2C006,1,9,0,18,0,1,0,0,0,0,1,1,6,1,-1,-1,1989,1,15,-1,1,-1
201550ED2C006,2,9,0,10,0,1,0,0,0,0,2,1,6,2,45,7,1461,2,1,-1,1,-1
201550ED2C008,1,2,0,17,0,0,0,10,1,4,1,1,2,1,16,4,-1,-1,-1,-1,1,-1
201550ED2C009,1,9,0,18,0,1,0,0,0,0,3,1,6,1,33,6,1896,2,12,-1,1,-1
201550ED2C010,1,9,0,7,0,6,0,0,0,0,1,1,6,1,25,5,1588,1,13,-1,1,-1
201550ED2C010,2,9,0,18,0,1,0,0,0,0,1,1,6,2,21,5,1399,2,5,-1,1,-1
201550ED2D002,1,9,0,18,0,4,1,0,0,0,1,1,2,1,28,6,2993,2,6,-1,1,-1
201550ED2D002,2,9,0,3,0,4,0,0,0,0,3,1,6,1,72,10,1242,1,6,-1,1,-1
201550ED2D002,3,9,0,3,0,4,0,0,0,0,3,1,6,1,67,10,1197,1,3,-1,1,-1
201550ED2D002,4,9,0,3,0,4,0,0,0,0,4,1,6,2,62,9,1199,2,3,-1,1,-1
201550ED2D003,1,5,0,12,0,0,2,0,0,10,1,1,6,1,53,8,1157,1,8,-1,1,-1
201550ED2D004,1,3,0,12,0,7,0,0,0,0,3,1,2,1,22,5,-1,-1,-1,-1,2,-1
201550ED2D004,2,9,0,18,0,8,0,0,0,0,2,1,6,1,78,11,2295,1,13,-1,3,-1
201550ED2D005,1,9,4,18,0,0,0,0,0,0,2,1,6,3,-1,-1,-1,-1,-1,-1,-1,-1
201550ED2D005,2,1,0,18,0,0,0,0,1,0,3,1,6,1,55,8,-1,-1,-1,-1,1,-1
201550ED2D006,1,9,0,3,0,4,0,0,0,0,1,1,6,2,71,10,1595,1,15,-1,1,-1
201550ED2D006,2,9,0,9,0,3,0,0,0,0,4,1,6,1,27,6,1560,2,-1,-1,1,-1
201550ED2D007,1,9,0,16,0,1,2,10,1,2,3,1,6,1,22,5,1995,2,3,-1,1,-1
201550ED2D008,1,9,0,18,0,4,0,0,0,0,1,1,6,1,20,4,1398,1,4,-1,1,-1
201550ED2D008,2,3,0,9,0,4,0,0,0,0,4,1,6,1,22,5,125,1,1,-1,2,-1
201550ED2D009,1,9,0,18,0,4,0,0,0,0,1,1,6,2,31,6,1997,2,6,-1,1,-1
201550ED2D009,2,9,0,9,0,3,0,0,0,0,1,1,1,1,-1,-1,-1,-1,-1,-1,-1,-1
201550ED2D010,1,9,0,11,0,1,0,0,0,0,1,1,2,1,23,5,1364,1,9,-1,1,-1
201550ED2D010,2,9,0,18,0,1,0,0,0,0,2,1,6,2,59,9,1598,1,2,-1,3,-1
201550ED2D011,1,9,0,5,0,4,0,0,0,0,4,1,6,2,70,10,1299,1,13,-1,1,-1
201550ED2D011,2,1,0,18,9,1,0,0,0,0,1,1,6,2,20,4,-1,-1,-1,-1,1,-1
201550ED2E001,1,19,0,18,0,0,0,0,0,0,4,1,1,1,43,7,1995,2,5,-1,1,-1
201550ED2E008,1,9,0,5,0,1,0,0,0,0,1,1,6,2,21,5,1086,1,11,-1,1,-1
201550ED2E010,1,9,0,18,0,0,0,0,0,0,1,1,6,1,52,8,2793,1,19,-1,1,-1
201550ED2E010,2,9,0,4,0,0,0,0,0,0,1,1,6,2,22,5,1388,1,9,-1,2,-1
201550ED2E013,1,9,0,2,0,0,0,0,0,0,3,1,6,1,59,9,2316,1,20,-1,1,-1
201550ED2E013,2,1,0,18,0,0,0,4,0,0,1,1,6,1,34,6,-1,-1,-1,-1,1,-1
201550ED2E021,1,9,0,18,0,1,0,0,0,0,1,1,6,1,32,6,-1,-1,-1,-1,1,-1
201550ED2E021,2,9,0,18,0,1,0,0,0,0,3,1,6,1,33,6,-1,-1,-1,-1,1,-1
201550ED2E022,1,9,0,4,0,1,0,0,0,1,1,1,6,1,50,8,1396,1,18,-1,1,-1
201550ED2E024,1,9,0,7,0,8,0,0,0,0,3,1,6,2,-1,-1,1598,1,8,-1,1,-1
201550ED2E024,2,1,0,18,0,8,0,0,0,0,1,1,6,1,18,4,-1,-1,-1,-1,1,-1
201550ED2E027,1,9,0,18,0,1,0,0,0,0,4,1,6,1,67,10,4164,2,20,-1,3,-1
201550ED2E027,2,1,0,18,0,1,0,0,0,0,4,1,2,1,37,7,-1,-1,-1,-1,1,-1
201550ED2E031,1,9,0,13,0,0,1,0,0,0,1,1,6,1,28,6,2996,1,8,-1,1,-1
201550ED2E031,2,9,0,5,0,0,0,0,2,2,3,1,1,1,47,8,1797,8,5,-1,1,-1
201550ED2F002,1,3,0,18,0,1,1,0,0,0,1,1,2,1,25,5,125,1,3,-1,1,-1
201550ED2F002,2,9,0,18,0,1,0,0,0,0,2,1,1,1,50,8,1995,2,9,-1,1,-1
201550ED2F004,1,19,0,9,0,1,0,0,0,0,1,1,1,1,44,7,-1,-1,-1,-1,1,-1
201550ED2F004,2,98,0,18,0,8,0,0,0,0,3,1,6,1,28,6,2402,2,8,-1,1,-1
201550ED2F008,1,9,0,18,0,1,0,0,0,0,0,1,6,3,-1,-1,-1,-1,-1,-1,-1,-1
201550ED2F008,2,3,0,17,0,1,0,10,5,0,0,1,6,2,34,6,124,1,1,-1,1,-1
201550ED2F009,1,9,0,18,0,8,0,0,0,0,1,1,1,1,54,8,2457,1,10,-1,1,-1
201550ED2F009,2,9,0,5,0,8,0,0,0,0,3,1,1,1,48,8,2188,2,9,-1,1,-1
201550ED2F009,3,9,0,5,0,8,0,0,0,0,1,1,1,1,37,7,1997,1,10,-1,1,-1
201550ED2F011,1,9,0,18,0,1,0,0,0,0,1,1,6,1,40,7,1997,1,11,-1,1,-1
201550ED2F011,2,9,0,3,0,1,0,0,0,0,2,1,2,2,43,7,1956,2,3,-1,1,-1
201550ED2F013,1,8,0,18,0,0,0,0,0,0,1,1,1,1,51,8,2499,2,9,-1,1,-1
201550ED2F016,1,9,0,18,9,6,0,0,0,0,2,1,6,1,74,10,2993,2,9,-1,1,-1
201550ED2F017,1,9,0,18,0,0,0,0,0,0,1,1,6,1,47,8,1299,1,14,-1,1,-1
201550ED2F018,1,9,0,17,0,0,0,0,0,0,0,1,1,2,26,6,1299,1,9,-1,1,-1
201550ED2F018,2,9,0,2,0,0,0,0,0,0,0,1,6,2,57,9,1229,1,5,-1,1,-1
201550ED2F019,1,9,0,18,0,4,0,0,0,0,1,1,2,2,32,6,1242,1,10,-1,1,-1
201550ED2F019,2,3,0,9,0,4,0,0,0,0,3,1,2,1,23,5,125,1,1,-1,1,-1
201550ED2F020,1,9,0,18,0,1,0,0,0,0,1,1,6,1,31,6,1499,1,1,-1,1,-1
201550ED2F021,1,9,0,7,0,6,0,0,0,0,1,1,6,2,39,7,1598,1,12,-1,1,-1
201550ED2F021,2,9,0,7,0,6,0,0,0,0,1,1,6,2,33,6,1598,1,6,-1,1,-1
201550ED2F022,1,9,0,9,0,1,0,0,0,0,1,1,6,1,61,9,1560,2,2,-1,1,-1
201550ED2F022,2,9,0,18,0,1,0,0,0,0,4,1,1,2,19,4,-1,-1,-1,-1,1,-1
201550ED2G001,1,9,0,18,0,8,0,0,0,0,1,1,6,1,45,7,-1,-1,-1,-1,1,-1
201550ED2G001,2,9,0,18,0,8,0,0,0,0,2,1,6,2,37,7,1398,2,8,-1,1,-1
201550ED2G001,3,9,0,5,0,4,0,0,0,0,0,1,1,1,-1,-1,1995,2,1,-1,-1,-1
201550ED2G004,1,9,0,18,0,1,0,0,0,0,1,1,6,2,47,8,1560,2,-1,-1,1,-1
201550ED2G004,2,9,0,3,0,1,0,0,0,0,2,1,6,2,57,9,2143,2,-1,-1,3,-1
201550ED2G005,1,9,0,9,0,1,0,0,0,0,1,1,3,2,25,5,1364,1,5,-1,1,-1
201550ED2G005,2,9,0,4,0,1,0,0,0,0,3,1,3,2,28,6,1390,1,7,-1,1,-1
201550ED2G006,1,3,0,18,0,4,0,0,0,0,1,1,2,2,31,6,125,1,4,-1,1,-1
201550ED2G006,2,9,0,9,0,8,0,0,0,0,1,1,6,1,43,7,2400,2,5,-1,1,-1
201550ED2G007,1,19,0,4,0,1,0,0,0,0,1,1,6,1,37,7,1598,2,1,-1,1,-1
201550ED2G007,2,9,0,4,0,1,0,0,0,0,2,1,6,2,19,4,995,1,8,-1,1,-1
201550ED2G009,1,9,0,9,0,6,0,0,0,0,1,1,6,2,45,7,1997,2,5,-1,1,-1
201550ED2G009,2,5,0,18,2,1,1,0,0,0,4,1,2,2,30,6,1050,1,4,-1,3,-1
201550ED2H001,1,9,0,14,0,0,0,0,0,0,3,1,6,1,61,9,1896,2,15,-1,1,-1
201550ED2I004,1,9,0,17,0,0,1,0,0,0,1,1,6,1,71,10,898,1,2,-1,1,-1
201550ED2I004,2,9,0,16,0,0,0,0,0,0,1,1,6,2,55,8,998,1,7,-1,1,-1
201550ED2I005,1,9,0,18,0,0,0,0,0,0,1,1,1,1,24,5,1149,1,12,-1,1,-1
201550ED2I005,2,5,0,18,0,0,0,0,0,0,1,1,1,1,27,6,645,1,12,-1,1,-1
201550ED2I005,3,20,0,2,0,0,0,0,0,0,1,1,6,1,25,5,-1,-1,-1,-1,1,-1
201550ED2I005,4,9,0,2,0,0,0,0,0,0,1,1,6,2,49,8,988,1,24,-1,1,-1
201550ED2I009,1,19,0,1,0,0,0,0,0,0,2,1,1,1,43,7,2198,2,1,-1,1,-1
201550ED2I010,1,9,0,18,0,0,0,0,0,0,0,1,6,2,29,6,-1,-1,-1,-1,1,-1
201550ED2I010,2,9,0,3,0,0,0,0,0,0,0,1,1,1,68,10,1896,2,9,-1,1,-1
201550ED2I015,1,8,0,5,0,1,0,0,0,0,0,1,1,1,34,6,-1,-1,-1,-1,1,-1
201550ED2I015,2,9,0,8,0,1,0,0,0,0,0,1,6,1,47,8,1598,1,11,-1,1,-1
201550ED2I017,1,9,0,18,0,1,0,0,3,1,1,1,6,1,29,6,1199,1,15,-1,-1,-1
201550ED2I017,2,9,0,18,0,1,0,0,0,0,0,1,1,1,50,8,1686,2,2,-1,1,-1
201550ED2I019,1,3,0,9,0,8,0,0,0,0,1,1,6,1,22,5,100,1,8,-1,1,-1
201550ED2I019,2,9,0,5,0,1,0,0,0,0,4,1,6,1,53,8,1298,1,12,-1,1,-1
201550ED2I020,1,9,0,18,0,0,0,0,0,0,1,1,6,1,33,6,1598,1,5,-1,1,-1
201550ED2I021,1,9,0,9,0,8,0,0,0,0,1,1,6,1,21,5,1910,2,8,-1,1,-1
201550ED2I021,2,9,0,3,0,1,0,0,0,0,1,1,6,1,23,5,998,1,-1,-1,1,-1
201550ED2I021,3,9,0,18,0,8,0,0,0,0,1,1,6,2,32,6,1598,1,13,-1,1,-1
201550ED2I023,1,2,0,18,0,1,0,0,0,0,1,1,6,1,41,7,49,1,14,-1,1,-1
201550ED2I023,2,9,0,10,0,1,0,0,0,0,1,1,6,1,19,4,1388,1,12,-1,1,-1
201550ED2I023,3,9,0,3,0,1,0,0,0,0,1,1,6,1,36,7,1598,1,13,-1,1,-1
201550ED2I024,1,9,0,9,0,8,0,0,0,0,3,1,6,2,61,9,1339,1,10,-1,1,-1
201550ED2I024,2,9,0,4,0,1,0,0,0,0,3,1,6,2,23,5,1124,1,12,-1,1,-1
201550ED2I028,1,9,0,5,0,0,0,0,0,0,3,1,2,2,28,6,1587,1,13,-1,1,-1
201550ED2I028,2,3,0,18,0,0,0,4,0,0,1,1,6,1,26,6,124,1,9,-1,1,-1
201550ED2I028,3,9,0,2,0,0,0,0,0,0,1,1,6,1,45,7,-1,-1,-1,-1,1,-1
201550ED2J002,1,9,0,16,0,3,0,0,7,0,3,1,6,1,43,7,1796,1,14,-1,1,-1
201550ED2J002,2,9,0,4,0,1,0,0,0,0,3,1,6,2,22,5,1242,1,11,-1,2,-1
201550ED2J003,1,9,0,18,0,1,0,12,8,0,1,1,6,1,47,8,-1,-1,-1,-1,1,-1
201550ED2J003,2,9,0,2,0,2,0,0,0,0,1,1,6,1,31,6,1990,1,15,-1,1,-1
201550ED2J004,1,9,0,18,0,0,0,0,0,0,1,1,6,2,46,8,1242,1,2,-1,3,-1
201550ED2J004,2,9,0,3,0,0,0,0,0,0,2,1,6,2,55,8,1984,1,9,-1,-1,-1
201550ED2J005,1,1,0,18,0,8,0,0,0,0,1,1,6,2,-1,-1,-1,-1,-1,-1,1,-1
201550ED2J005,2,19,0,8,0,2,0,0,0,0,4,1,1,1,36,7,2198,2,4,-1,1,-1
201550ED2J008,1,9,0,9,0,6,0,0,0,0,1,1,6,1,24,5,1339,1,1,-1,1,-1
201550ED2J008,2,1,0,4,0,1,0,0,0,0,1,1,6,1,40,7,-1,-1,-1,-1,1,-1
201550ED2J010,1,9,0,1,0,0,0,0,0,0,2,1,6,3,-1,-1,1994,2,7,-1,-1,-1
201550ED2J013,1,3,0,4,1,0,0,0,0,0,2,1,6,1,19,4,125,1,2,-1,1,-1
201550ED2J013,2,3,0,4,0,0,0,0,0,0,1,1,6,1,17,4,124,1,4,-1,1,-1
201550ED2J015,1,9,0,18,0,0,0,0,0,0,1,1,6,1,59,9,1461,2,-1,-1,1,-1
201550ED2J016,1,9,0,9,0,6,0,0,0,0,1,1,6,1,63,9,1796,1,13,-1,1,-1
201550ED2J016,2,9,0,9,0,6,0,0,0,0,1,1,6,1,20,4,1390,1,11,-1,1,-1
201550ED2K001,1,9,0,17,0,0,0,0,0,0,1,1,2,1,25,5,-1,-1,-1,-1,1,-1
201550ED2K001,2,9,0,18,0,0,0,0,0,0,1,1,2,1,56,9,-1,-1,-1,-1,1,-1
201550ED2K005,1,3,0,18,0,0,0,0,0,0,1,1,6,1,33,6,124,1,5,-1,1,-1
201550ED2K006,1,5,0,11,0,6,5,10,0,0,1,1,2,1,20,4,599,1,14,-1,1,-1
201550ED2K010,1,9,0,4,0,1,0,0,0,0,1,1,6,1,19,4,1199,1,12,-1,1,-1
201550ED2K010,2,9,0,4,0,1,0,0,0,0,2,1,2,2,40,7,1398,2,4,-1,1,-1
201550ED2K011,1,9,0,9,0,2,0,0,0,0,3,1,6,2,45,7,1598,1,11,-1,1,-1
201550ED2K011,2,5,0,18,0,1,0,0,0,0,1,1,6,1,29,6,998,1,15,-1,1,-1
201550ED2K012,1,9,0,12,0,0,0,0,0,0,2,1,6,1,22,5,1995,2,4,-1,1,-1
201550ED2K012,2,9,0,18,0,0,0,0,0,0,1,1,6,1,24,5,1998,1,11,-1,3,-1
201550ED2K014,1,9,0,18,0,0,0,0,0,0,3,1,2,1,42,7,1991,1,12,-1,1,-1
201550ED2K016,1,9,0,5,0,0,0,0,0,0,1,1,1,2,37,7,-1,-1,-1,-1,1,-1
201550ED2K016,2,9,0,14,0,0,0,0,0,0,1,1,1,2,51,8,1598,1,11,-1,1,-1
201550ED2K017,1,1,0,18,0,8,0,0,0,0,1,1,6,1,69,10,-1,-1,-1,-1,3,-1
201550ED2K017,2,11,0,9,0,8,0,0,0,0,2,1,1,1,48,8,7300,2,13,-1,1,-1
201550ED2K021,1,3,0,17,0,8,0,0,1,11,4,1,6,1,17,4,124,1,8,-1,1,-1
201550ED2K022,1,5,0,18,0,0,5,4,0,0,3,1,1,1,24,5,1340,1,7,-1,1,-1
201550ED2K022,2,9,0,2,0,0,0,0,0,0,2,1,6,3,-1,-1,-1,-1,-1,-1,-1,-1
201550ED2K024,1,9,0,1,0,1,0,0,0,0,2,1,6,1,-1,-1,1781,1,14,-1,-1,-1
201550ED2K024,2,9,0,2,0,1,0,0,0,0,4,1,1,1,44,7,2993,2,1,-1,1,-1
201550ED2K024,3,9,0,2,0,1,0,0,0,0,1,1,1,1,33,6,1598,2,-1,-1,-1,-1
201550ED2L001,1,9,0,9,0,8,0,0,0,0,3,1,6,1,73,10,2148,2,14,-1,1,-1
201550ED2L001,2,3,0,18,0,1,0,0,0,0,1,1,6,1,21,5,124,1,9,-1,1,-1
201550ED2L004,1,9,0,18,0,0,0,0,0,0,0,1,6,1,50,8,-1,-1,-1,-1,-1,-1
201550ED2L004,2,9,0,4,0,0,0,0,0,0,0,1,6,1,19,4,1199,1,14,-1,1,-1
201550ED2L005,1,9,0,3,0,1,0,0,0,0,1,1,2,2,29,6,1686,2,10,-1,1,-1
201550ED2L005,2,9,0,1,0,1,0,0,0,0,2,1,6,3,-1,-1,1598,1,12,-1,-1,-1
201550ED2L006,1,5,0,3,0,1,0,0,0,0,1,1,1,1,49,8,885,1,17,-1,1,-1
201550ED2L009,1,9,0,9,0,1,0,0,0,0,1,1,2,2,23,5,1242,1,3,-1,2,-1
201550ED2L009,2,9,0,18,0,1,0,0,0,0,1,1,6,2,26,6,1895,1,15,-1,1,-1
201550ED2L011,1,9,0,14,0,1,0,0,0,0,1,1,3,2,28,6,1149,1,15,-1,1,-1
201550ED2L012,1,9,0,4,0,0,0,0,0,0,1,1,6,2,74,10,1328,1,5,-1,1,-1
201550ED2L012,2,9,0,4,0,0,0,0,0,0,2,1,6,2,26,6,1360,1,14,-1,1,-1
201550ED2L013,1,3,0,5,0,2,0,0,0,0,1,1,6,1,23,5,100,1,10,-1,1,-1
201550ED2L013,2,9,0,18,1,1,0,0,0,0,4,1,6,2,25,5,1248,1,1,-1,3,-1
201550ED2L014,1,9,0,5,0,4,0,0,0,0,1,1,6,1,22,5,1598,1,4,-1,1,-1
201550ED2L014,2,3,0,18,0,3,0,0,0,0,1,1,2,1,38,7,124,1,9,-1,1,-1
201550ED2L015,1,9,0,18,0,0,0,0,0,1,3,1,6,1,70,10,1560,2,3,-1,3,-1
201550ED2L016,1,9,0,4,0,1,0,0,0,0,1,1,1,2,26,6,1968,2,1,-1,1,-1
201550ED2L016,2,9,0,5,0,2,0,0,0,0,1,1,6,1,58,9,2477,2,12,-1,1,-1
201550ED2L018,1,9,0,18,0,3,1,0,0,0,1,1,2,2,23,5,1896,2,13,-1,1,-1
201550ED2L018,2,5,0,18,0,4,0,0,0,0,2,1,2,1,41,7,996,1,14,-1,1,-1
201550ED2L021,1,21,0,1,0,0,0,0,0,0,2,1,1,1,31,6,-1,-1,-1,-1,-1,-1
201550ED2M001,1,9,0,5,0,1,0,0,0,0,1,1,1,1,20,4,1299,1,14,-1,1,-1
201550ED2M001,2,3,0,18,0,1,0,0,0,0,1,1,6,1,20,4,124,1,14,-1,1,-1
201550ED2M002,1,9,0,9,0,1,0,0,0,0,1,1,3,2,28,6,1390,1,7,-1,1,-1
201550ED2M002,2,9,0,18,0,1,0,0,0,0,1,1,2,2,58,9,1970,1,13,-1,2,-1
201550ED2M003,1,9,0,9,0,2,0,0,0,0,1,1,2,2,45,7,-1,-1,-1,-1,1,-1
201550ED2M005,1,9,0,18,0,8,0,0,0,0,4,1,6,3,-1,-1,-1,-1,-1,-1,-1,-1
201550ED2M006,1,2,0,18,0,0,0,0,0,0,1,1,6,1,55,8,49,1,4,-1,2,-1
201550ED2M006,2,9,0,6,8,0,0,0,0,0,3,1,6,1,35,6,-1,-1,-1,-1,1,-1
201550ED2M007,1,9,0,18,0,1,0,0,0,0,1,1,1,2,43,7,1596,1,12,-1,1,-1
201550ED2M007,2,9,0,10,0,5,0,0,0,0,2,1,1,2,47,8,1360,1,8,-1,1,-1