Accident_Index,Vehicle_Reference,Vehicle_Type,Towing_and_Articulation,Vehicle_Manoeuvre,Vehicle_Location-Restricted_Lane,Junction_Location,Skidding_and_Overturning,Hit_Object_in_Carriageway,Vehicle_Leaving_Carriageway,Hit_Object_off_Carriageway,1st_Point_of_Impact,Was_Vehicle_Left_Hand_Drive?,Journey_Purpose_of_Driver,Sex_of_Driver,Age_of_Driver,Age_Band_of_Driver,Engine_Capacity_(CC),Propulsion_Code,Age_of_Vehicle,Driver_IMD_Decile,Driver_Home_Area_Type,Vehicle_IMD_Decile
201550ED2M008,1,8,0,9,0,6,0,0,0,0,3,1,1,1,39,7,1798,1,-1,-1,1,-1
201550ED2M008,2,1,0,18,0,1,0,0,0,0,1,1,2,1,41,7,-1,-1,-1,-1,1,-1
201550ED2M009,1,1,0,18,0,0,0,0,0,0,1,1,1,1,54,8,-1,-1,-1,-1,1,-1
201550ED2M009,2,9,0,18,0,0,0,0,0,0,4,1,6,3,-1,-1,-1,-1,-1,-1,-1,-1
201550ED2M010,1,9,0,9,0,8,0,0,0,0,1,1,1,1,44,7,1596,1,11,-1,1,-1
201550ED2M011,1,1,0,15,0,8,0,0,0,0,1,1,2,1,58,9,-1,-1,-1,-1,1,-1
201550ED2M011,2,9,0,9,0,8,0,0,0,0,1,1,2,2,23,5,1349,1,3,-1,1,-1
201550ED2N001,1,3,0,17,9,2,1,0,1,10,4,1,6,1,43,7,124,1,3,-1,1,-1
201550ED2N003,1,9,0,18,0,8,0,0,0,0,4,1,6,1,56,9,-1,-1,-1,-1,1,-1
201550ED2N003,2,9,0,4,0,6,0,0,0,0,1,1,6,1,74,10,2982,2,9,-1,1,-1
201550ED2N004,1,9,0,18,0,4,0,0,0,0,1,1,1,1,61,9,2231,2,5,-1,1,-1
201550ED2N004,2,1,0,18,0,8,0,0,0,0,1,1,6,1,23,5,-1,-1,-1,-1,1,-1
201550ED2N005,1,9,0,18,0,1,0,0,0,0,1,1,6,1,32,6,2496,1,11,-1,2,-1
201550ED2N005,2,9,0,3,0,1,0,0,0,0,2,1,6,1,56,9,-1,-1,-1,-1,1,-1
201550ED2N005,3,9,0,10,0,1,0,0,0,0,2,1,6,2,52,8,-1,-1,-1,-1,1,-1
201550ED2N007,1,9,0,18,0,1,0,0,0,0,1,1,6,2,56,9,-1,-1,-1,-1,1,-1
201550ED2N007,2,9,0,18,0,1,0,0,0,0,2,1,6,1,18,4,1398,1,3,-1,1,-1
201550ED2N007,3,9,0,2,0,2,0,0,0,0,2,1,6,1,25,5,1388,1,9,-1,1,-1
201550ED2N007,4,9,0,2,0,2,0,0,0,0,2,1,6,2,19,4,-1,-1,-1,-1,1,-1
201550ED2N007,5,9,0,2,0,2,0,0,0,0,2,1,6,1,23,5,1995,2,8,-1,1,-1
201550ED2N007,6,9,0,2,0,2,0,0,0,0,2,1,6,1,68,10,1598,1,10,-1,1,-1
201550ED2N007,7,9,0,2,0,2,0,0,0,0,2,1,6,3,-1,-1,1200,1,-1,-1,1,-1
201550ED2N009,1,9,0,9,0,0,0,0,0,0,3,1,6,1,41,7,1595,1,5,-1,2,-1
201550ED2N009,2,9,0,18,0,0,5,0,0,0,1,1,6,1,45,7,-1,-1,-1,-1,3,-1
201550ED2N011,1,9,0,18,0,0,0,0,0,0,1,1,6,1,78,11,1248,2,7,-1,1,-1
201550ED2N012,1,9,0,18,0,0,0,0,0,0,1,1,6,1,46,8,1299,1,15,-1,1,-1
201550ED2N015,1,9,0,18,0,2,0,0,0,0,1,1,6,1,67,10,1596,1,9,-1,1,-1
201550ED2N016,1,9,0,5,0,4,0,0,0,0,3,1,2,1,38,7,1124,1,13,-1,2,-1
201550ED2N016,2,1,0,18,0,8,0,0,0,0,1,1,6,2,23,5,-1,-1,-1,-1,1,-1
201550ED2N017,1,8,0,18,0,0,0,0,1,5,4,1,1,1,32,6,1896,2,9,-1,1,-1
201550ED2N020,1,9,0,17,0,1,1,4,0,0,4,1,6,1,28,6,1910,2,8,-1,1,-1
201550ED2N020,2,9,0,8,0,1,0,0,0,0,1,1,6,1,32,6,1910,2,8,-1,1,-1
201550ED2N020,3,9,0,2,0,1,0,0,0,0,3,1,6,1,26,6,1596,1,14,-1,1,-1
201550ED2N020,4,19,0,2,0,1,0,0,0,0,3,1,6,1,21,5,1598,2,5,-1,1,-1
201550ED2N020,5,9,0,2,0,1,0,0,0,0,3,1,6,1,-1,-1,1360,1,12,-1,1,-1
201550ED2N024,1,9,0,5,0,4,0,0,0,0,1,1,6,2,29,6,1596,1,14,-1,1,-1
201550ED2N024,2,1,0,17,0,8,0,0,0,0,1,1,6,1,22,5,-1,-1,-1,-1,1,-1
201550ED2N025,1,9,0,12,0,0,0,0,0,0,0,1,1,3,-1,-1,-1,-1,-1,-1,-1,-1
201550ED2N025,2,3,0,18,0,0,0,0,0,0,0,1,2,1,21,5,124,1,3,-1,1,-1
201550ED2N026,1,5,0,17,0,0,0,0,0,0,1,1,6,1,33,6,998,1,10,-1,1,-1
201550ED2N026,2,9,0,2,0,0,0,0,0,0,1,1,6,2,62,9,1560,2,5,-1,1,-1
201550ED2N027,1,9,0,18,0,4,0,0,0,0,1,1,6,3,39,7,1997,2,11,-1,1,-1
201550ED2N027,2,1,0,18,0,4,0,0,0,0,1,1,1,1,61,9,-1,-1,-1,-1,1,-1
201550ED2N029,1,9,0,18,0,0,0,0,0,0,3,1,3,1,59,9,1998,1,17,-1,2,-1
201550ED2N029,2,1,0,18,0,0,0,0,0,0,3,1,2,1,53,8,-1,-1,-1,-1,1,-1
201550ED2N034,1,9,0,18,0,0,0,0,0,0,1,1,2,2,39,7,1596,1,7,-1,1,-1
201550ED2N034,2,9,0,4,0,0,0,0,0,0,2,1,1,1,66,10,1753,2,11,-1,1,-1
201550ED2N036,1,8,0,5,0,8,0,0,0,0,1,1,1,1,40,7,1497,8,7,-1,1,-1
201550ED2N036,2,3,0,18,0,8,0,0,0,0,4,1,6,1,17,4,-1,-1,-1,-1,1,-1
201550ED2N038,1,9,0,18,0,0,0,0,0,0,1,1,6,1,53,8,1560,2,1,-1,1,-1
201550ED2N040,1,9,0,18,0,1,0,0,0,0,0,1,1,3,-1,-1,-1,-1,-1,-1,-1,-1
201550ED2N041,1,9,0,5,0,8,0,0,0,0,3,1,6,2,32,6,1975,1,8,-1,1,-1
201550ED2N041,2,9,0,17,0,8,0,0,0,0,1,1,6,2,26,6,1598,1,7,-1,1,-1
201550ED2N041,3,9,0,17,0,8,0,0,0,0,1,1,6,1,31,6,1086,1,6,-1,1,-1
201550ED2N042,1,8,0,4,0,1,0,0,0,0,1,1,1,1,49,8,1497,8,7,-1,-1,-1
201550ED2N043,1,9,0,5,0,6,0,0,0,0,3,1,3,2,31,6,1388,1,4,-1,1,-1
201550ED2N043,2,9,0,18,0,1,0,0,0,0,1,1,6,1,21,5,998,1,1,-1,-1,-1
201550ED2N048,1,9,0,18,0,0,0,0,0,0,4,1,2,2,71,10,1997,2,14,-1,1,-1
201550ED2N051,1,9,0,17,0,2,0,0,1,10,1,1,6,2,47,8,1461,2,10,-1,1,-1
201550ED2P001,1,9,0,18,0,0,0,0,0,0,1,1,6,1,39,7,1997,2,2,-1,3,-1
201550ED2P001,2,9,0,18,0,0,5,0,0,0,1,1,6,2,36,7,1998,1,7,-1,2,-1
201550ED2P003,1,19,0,9,0,6,0,0,0,0,4,1,2,1,65,9,-1,-1,-1,-1,1,-1
201550ED2P003,2,9,0,18,0,2,0,0,1,0,1,1,2,1,66,10,1229,1,8,-1,1,-1
201550ED2P004,1,9,0,18,0,1,0,0,0,0,1,1,2,2,31,6,1598,1,13,-1,1,-1
201550ED2P004,2,9,0,18,0,1,0,4,0,0,3,1,2,1,56,9,1997,2,8,-1,1,-1
201550ED2P004,3,9,0,2,0,1,0,0,0,0,3,1,6,1,49,8,1598,1,8,-1,1,-1
201550ED2P005,1,3,0,7,0,1,0,0,7,0,1,1,2,1,25,5,125,1,2,-1,1,-1
201550ED2P005,2,9,0,4,0,1,0,0,0,0,3,1,1,1,51,8,-1,-1,-1,-1,1,-1
201550ED2P006,1,9,0,17,0,0,0,0,0,0,4,1,6,3,-1,-1,-1,-1,-1,-1,-1,-1
201550ED2P006,2,1,0,17,0,0,0,0,0,0,4,1,6,2,29,6,-1,-1,-1,-1,1,-1
201550ED2P007,1,97,0,18,0,0,0,0,0,0,1,1,6,1,46,8,999,1,8,-1,1,-1
201550ED2P007,2,9,0,18,0,0,0,0,0,0,1,1,6,1,-1,-1,-1,-1,-1,-1,1,-1
201550ED2Q002,1,9,0,18,0,0,0,4,0,0,1,1,6,2,32,6,1598,1,11,-1,1,-1
201550ED2Q002,2,9,0,2,0,0,0,0,0,0,3,1,6,1,29,6,1582,2,6,-1,1,-1
201550EK2A001,1,9,0,3,0,1,0,0,0,0,2,1,6,2,58,9,1598,1,7,-1,3,-1
201550EK2A001,2,9,0,3,0,1,0,0,0,0,2,1,6,2,18,4,1360,1,14,-1,3,-1
201550EK2A001,3,9,0,4,0,1,0,0,0,0,1,1,6,2,33,6,1984,1,9,-1,1,-1
201550EK2A002,1,21,1,16,0,3,0,0,0,0,3,1,1,1,71,10,9200,2,7,-1,2,-1
201550EK2A002,2,9,0,16,1,3,0,0,0,0,4,1,6,2,53,8,2976,1,12,-1,1,-1
201550EK2A004,1,9,0,18,0,1,0,0,0,0,1,1,6,1,83,11,-1,-1,-1,-1,1,-1
201550EK2A004,2,9,0,3,0,1,0,0,0,0,2,1,6,2,44,7,1896,2,13,-1,1,-1
201550EK2A004,3,9,0,10,0,1,0,0,0,0,2,1,6,1,49,8,-1,-1,-1,-1,1,-1
201550EK2A006,1,3,0,4,0,0,0,0,0,0,1,1,6,1,28,6,125,1,3,-1,1,-1
201550EK2A006,2,9,0,3,0,0,0,0,0,0,2,1,6,1,43,7,1343,1,12,-1,1,-1
201550EK2A009,1,19,0,3,0,1,0,0,0,0,1,1,1,1,41,7,2143,2,1,-1,1,-1
201550EK2A009,2,9,0,18,0,1,0,0,0,0,2,1,1,2,20,4,1360,1,11,-1,1,-1
201550EK2A011,1,19,0,1,0,2,0,0,0,0,2,1,6,1,-1,-1,-1,-1,-1,-1,-1,-1
201550EK2B001,1,22,0,18,0,0,0,0,0,0,1,1,6,1,80,11,-1,-1,-1,-1,1,-1
201550EK2B004,1,9,0,5,0,6,0,0,0,0,1,1,6,2,45,7,1560,2,8,-1,3,-1
201550EK2B004,2,3,0,18,0,1,5,0,0,0,1,1,6,1,18,4,98,1,20,-1,1,-1
201550EK2B006,1,98,0,18,0,0,0,0,0,0,1,1,1,2,49,8,1560,2,4,-1,1,-1
201550EK2B006,2,9,0,3,0,0,0,0,0,0,2,1,6,2,38,7,-1,-1,-1,-1,1,-1
201550EK2B006,3,98,0,3,0,0,0,0,0,0,2,1,1,1,42,7,1753,2,9,-1,1,-1
201550EK2B009,1,19,0,3,0,0,0,0,0,0,1,1,6,1,55,8,1896,2,8,-1,1,-1
201550EK2B009,2,9,0,3,0,0,0,0,0,0,2,1,6,2,68,10,1061,1,9,-1,2,-1
201550EK2B009,3,9,0,3,0,0,0,0,0,0,2,1,6,2,80,11,-1,-1,-1,-1,1,-1
201550EK2B012,1,9,0,4,0,1,0,0,0,0,1,1,6,1,26,6,1998,1,13,-1,1,-1
201550EK2B012,2,9,0,4,0,1,0,0,0,0,2,1,6,2,25,5,1348,1,13,-1,1,-1
201550EK2B013,1,9,0,18,0,0,0,0,0,0,4,1,6,2,76,11,1248,2,4,-1,1,-1
201550EK2B013,2,9,0,2,0,0,0,0,0,0,0,1,6,2,28,6,1229,1,5,-1,1,-1
201550EK2B014,1,9,0,7,0,0,0,0,0,0,4,1,6,2,67,10,1769,1,10,-1,1,-1
201550EK2B014,2,1,0,18,0,0,0,0,0,0,3,1,6,1,50,8,-1,-1,-1,-1,1,-1
201550EK2B015,1,5,0,18,0,1,0,0,0,1,1,1,6,1,25,5,600,1,12,-1,1,-1
201550EK2B015,2,9,0,11,0,1,0,0,0,0,2,1,6,1,53,8,1994,2,12,-1,2,-1
201550EK2B018,1,9,0,18,0,0,0,0,0,0,1,1,6,3,-1,-1,-1,-1,-1,-1,-1,-1
201550EK2B019,1,9,0,18,0,3,0,0,0,0,1,1,6,3,-1,-1,1560,2,-1,-1,-1,-1
201550EK2B019,2,9,0,18,0,3,0,0,0,0,2,1,6,1,53,8,2401,2,9,-1,1,-1
201550EK2B024,1,9,0,18,0,0,0,0,0,0,1,1,6,2,-1,-1,1905,2,17,-1,-1,-1
201550EK2B024,2,9,0,3,0,0,0,0,0,0,2,1,6,1,63,9,1968,2,4,-1,1,-1
201550EK2B027,1,21,0,12,0,0,0,0,0,0,3,2,1,1,-1,-1,-1,-1,-1,-1,-1,-1
201550EK2B027,2,9,0,18,0,0,0,0,0,0,4,1,2,2,55,8,998,1,7,-1,1,-1
201550EK2B028,1,9,0,11,0,1,0,0,0,0,1,1,2,1,53,8,1995,2,3,-1,1,-1
201550EK2B028,2,9,0,3,0,1,0,0,0,0,2,1,2,2,45,7,1461,2,7,-1,2,-1
201550EK2B029,1,9,0,2,4,0,0,0,0,0,2,1,6,1,68,10,1560,2,4,-1,3,-1
201550EK2B029,2,1,0,18,4,0,0,4,0,0,1,1,2,2,-1,-1,-1,-1,-1,-1,-1,-1
201550EK2B030,1,9,0,17,0,0,2,2,0,6,1,1,6,1,24,5,1686,2,9,-1,1,-1
201550EK2B030,2,9,0,17,0,0,2,2,1,10,2,1,2,2,19,4,996,1,1,-1,1,-1
201550EK2B035,1,19,0,18,0,1,0,0,0,0,1,1,1,2,36,7,2461,2,15,-1,3,-1
201550EK2C001,1,9,0,17,0,1,0,0,0,0,1,1,6,2,77,11,-1,-1,-1,-1,1,-1
201550EK2C001,2,9,0,17,0,1,0,0,0,0,1,1,6,2,20,4,-1,-1,-1,-1,1,-1
201550EK2C001,3,9,0,3,0,1,0,0,0,0,2,1,6,1,25,5,-1,-1,-1,-1,1,-1
201550EK2C001,4,9,0,10,0,5,0,0,0,0,2,1,6,2,59,9,1598,1,19,-1,1,-1
201550EK2C003,1,9,0,9,0,6,0,0,0,0,0,1,6,1,24,5,-1,-1,-1,-1,1,-1
201550EK2C003,2,3,0,17,0,1,2,0,0,0,0,1,6,1,31,6,124,1,15,-1,1,-1
201550EK2C005,1,9,0,9,0,8,0,0,0,0,4,1,2,2,46,8,898,1,2,-1,1,-1
201550EK2C005,2,19,0,18,0,8,0,0,0,0,1,1,1,1,69,10,1868,2,14,-1,3,-1
201550EK2C006,1,9,0,4,0,0,0,0,0,0,3,1,2,1,24,5,2143,2,2,-1,1,-1
201550EK2C007,1,9,0,18,0,4,0,0,0,0,1,1,6,1,27,6,1596,1,11,-1,2,-1
201550EK2C007,2,9,0,18,0,4,1,0,0,0,1,1,6,1,37,7,1686,2,13,-1,1,-1
201550EK2C008,1,19,0,9,0,5,0,0,0,0,4,1,6,1,36,7,2198,2,7,-1,1,-1
201550EK2C008,2,9,0,18,0,1,0,0,0,0,1,1,6,2,55,8,1086,1,11,-1,3,-1
201550EK2C009,1,9,0,9,0,6,0,0,0,0,3,1,6,2,57,9,3222,2,12,-1,1,-1
201550EK2C009,2,9,0,18,0,1,0,0,0,0,1,1,6,1,49,8,-1,-1,-1,-1,1,-1
201550EK2C010,1,9,0,14,0,0,0,0,0,0,1,1,6,2,22,5,1799,1,9,-1,1,-1
201550EK2C011,1,9,0,18,0,4,0,0,0,0,0,1,6,2,37,7,1956,2,1,-1,1,-1
201550EK2C011,2,3,0,18,0,8,0,0,0,0,1,1,6,1,33,6,125,1,11,-1,1,-1
201550EK2C013,1,9,0,18,0,0,0,4,0,0,4,1,6,1,38,7,3000,1,12,-1,1,-1
201550EK2C013,2,9,0,2,0,0,0,0,0,0,4,1,6,2,53,8,-1,-1,-1,-1,1,-1
201550EK2C014,1,9,0,18,0,8,0,0,0,0,1,1,6,1,23,5,2495,2,21,-1,1,-1
201550EK2C014,2,9,0,5,0,4,0,0,0,0,1,1,6,2,29,6,1598,2,3,-1,1,-1
201550EK2C015,1,9,0,18,0,4,0,0,0,0,1,1,1,1,43,7,-1,-1,-1,-1,1,-1
201550EK2C015,2,1,0,7,0,3,0,0,0,0,4,1,6,1,50,8,-1,-1,-1,-1,1,-1
201550EK2C017,1,9,0,5,0,0,0,0,0,0,0,1,1,1,28,6,-1,-1,-1,-1,3,-1
201550EK2C018,1,9,0,18,0,1,0,0,0,0,1,1,6,1,21,5,1560,2,2,-1,3,-1
201550EK2C018,2,9,0,3,0,1,0,0,0,0,2,1,6,1,48,8,1596,1,13,-1,1,-1
201550EK2C020,1,9,0,18,0,4,0,0,0,0,3,1,2,2,49,8,1149,1,3,-1,1,-1
201550EK2C020,2,9,0,18,0,4,0,0,0,0,1,1,2,2,37,7,1896,2,15,-1,2,-1
201550EK2D001,1,5,0,13,0,6,0,0,0,0,1,1,2,1,23,5,998,1,6,-1,1,-1
201550EK2D001,2,9,0,9,0,6,0,0,0,0,1,1,1,1,31,6,-1,-1,-1,-1,1,-1
201550EK2D003,1,9,0,9,0,8,0,0,0,0,3,1,6,2,19,4,1149,1,16,-1,3,-1
201550EK2D003,2,9,0,18,0,1,0,0,0,0,4,1,6,1,36,7,1596,1,7,-1,1,-1
201550EL2A001,1,9,0,4,0,0,0,0,0,0,1,1,6,2,42,7,1198,1,5,-1,3,-1
201550EL2A001,2,9,0,4,0,0,0,0,0,0,2,1,2,1,42,7,1968,2,2,-1,1,-1
201550EL2A001,3,9,0,4,0,0,0,0,0,0,2,1,1,1,23,5,-1,-1,-1,-1,1,-1
201550EL2A001,4,9,0,4,0,0,0,0,0,0,1,1,6,3,-1,-1,-1,-1,-1,-1,-1,-1
201550EL2A002,1,9,0,4,0,1,0,0,0,0,1,1,6,2,17,4,1360,1,16,-1,1,-1
201550EL2A002,2,9,0,3,0,1,0,0,0,0,2,1,6,2,34,6,1896,2,13,-1,1,-1
201550EL2A002,3,9,0,3,0,1,0,0,0,0,2,1,6,1,61,9,1997,2,3,-1,3,-1
201550EL2A003,1,9,0,18,0,1,0,0,7,0,1,1,6,1,33,6,1997,2,8,-1,1,-1
201550EL2A003,2,9,0,18,0,1,0,0,7,0,1,1,6,1,19,4,1560,2,6,-1,1,-1
201550EL2A004,1,19,0,18,0,0,0,0,0,0,1,1,2,1,26,6,1896,2,6,-1,1,-1
201550EL2A004,2,9,0,18,0,0,0,0,0,0,2,1,6,1,33,6,1596,1,9,-1,1,-1
201550EL2A004,3,9,0,18,0,0,0,0,0,0,2,1,2,1,55,8,1995,2,10,-1,1,-1
201550EL2A005,1,19,0,4,0,1,0,0,0,0,1,1,1,1,63,9,1997,2,11,-1,1,-1
201550EL2A005,2,8,0,3,0,1,0,0,0,0,2,1,1,1,52,8,1798,1,8,-1,1,-1
201550EL2A008,1,9,0,2,0,0,0,0,0,0,3,1,6,1,49,8,1598,1,12,-1,1,-1
201550EL2A008,2,9,0,2,0,0,0,0,0,0,3,1,6,1,17,4,1229,1,8,-1,1,-1
201550EL2A010,1,9,0,4,0,0,0,0,0,0,1,1,2,2,32,6,1299,1,18,-1,1,-1
201550EL2A010,2,9,0,4,0,0,0,0,0,0,2,1,6,2,32,6,1968,2,7,-1,1,-1
201550EL2A011,1,9,0,18,0,1,0,0,0,0,1,1,6,2,28,6,-1,-1,-1,-1,1,-1
201550EL2A011,2,9,0,18,0,1,0,0,0,0,2,1,6,2,28,6,1590,1,20,-1,1,-1
201550EL2A012,1,9,0,3,0,7,0,0,0,0,1,1,6,1,59,9,2148,2,7,-1,1,-1
201550EL2A012,2,9,0,3,0,7,0,0,0,0,2,1,6,2,28,6,1999,1,9,-1,1,-1
201550EL2A014,1,9,0,9,0,8,0,0,0,0,4,1,2,1,49,8,1560,2,8,-1,1,-1
201550EL2A014,2,9,0,18,0,8,2,0,8,11,3,1,2,2,30,6,1299,1,13,-1,1,-1
201550EL2A014,3,19,0,4,0,1,0,0,0,0,1,1,2,1,-1,-1,2198,2,5,-1,1,-1
201550EL2A015,1,9,0,18,0,0,1,0,0,0,1,1,1,1,18,4,1753,2,10,-1,1,-1
201550EL2A016,1,4,0,18,0,2,2,0,0,0,1,1,6,1,52,8,198,1,14,-1,1,-1
201550EL2A016,2,9,0,5,0,2,0,0,0,0,3,1,6,1,48,8,2143,2,-1,-1,1,-1
201550EL2A017,1,9,0,18,0,0,0,0,0,0,1,1,6,2,45,7,1461,2,-1,-1,1,-1
201550EL2A017,2,9,0,4,0,0,0,0,0,0,2,1,6,1,68,10,-1,-1,-1,-1,1,-1
201550EL2A017,3,9,0,4,0,0,0,0,0,0,1,1,6,2,31,6,1390,1,12,-1,-1,-1
201550EL2B001,1,9,0,18,0,0,0,0,0,0,1,1,6,1,69,10,2993,2,7,-1,1,-1
201550EL2B001,2,9,0,18,0,0,1,0,0,0,1,1,6,2,33,6,-1,-1,-1,-1,1,-1
201550EL2B003,1,9,0,1,0,0,0,0,0,0,2,1,6,2,51,8,1399,1,12,-1,1,-1
201550EL2B008,1,9,0,17,0,0,0,0,0,0,1,1,6,2,28,6,1386,1,8,-1,1,-1
201550EL2B008,2,9,0,16,0,0,0,0,0,0,1,1,6,2,53,8,1242,1,1,-1,1,-1
201550EL2B009,1,9,0,18,0,4,1,10,1,2,1,1,6,2,37,7,1834,1,14,-1,1,-1
201550EL2C001,1,9,0,18,0,4,0,0,0,0,1,1,1,2,37,7,-1,-1,-1,-1,1,-1
201550EL2C001,2,19,0,9,0,4,0,0,0,0,1,1,1,1,23,5,2198,2,2,-1,1,-1
201550EL2C005,1,3,0,18,0,5,0,0,0,0,0,1,2,1,19,4,125,1,2,-1,1,-1
201550EL2C006,1,19,0,3,0,1,0,0,0,0,1,1,1,1,48,8,1598,2,1,-1,1,-1
201550EL2C006,2,5,0,4,0,1,0,0,0,0,2,1,2,1,29,6,670,1,3,-1,1,-1
201550EL2C007,1,9,0,18,0,0,0,0,0,0,1,1,1,1,74,10,1998,2,14,-1,1,-1
201550EL2C007,2,9,0,18,0,0,0,4,0,0,1,1,6,1,-1,-1,-1,-1,-1,-1,1,-1
201550EL2C007,3,9,0,18,0,0,0,4,0,0,2,1,6,1,-1,-1,1461,2,11,-1,1,-1
201550EL2C007,4,9,0,18,0,0,0,4,0,0,2,1,6,2,41,7,1461,2,-1,-1,1,-1
201550EL2C012,1,4,0,18,0,1,0,0,0,0,1,1,6,1,29,6,249,1,6,-1,1,-1
201550EL2C013,1,9,0,4,0,3,0,0,0,0,1,1,2,1,28,6,-1,-1,-1,-1,1,-1
201550EL2C013,2,9,0,4,0,3,0,0,0,0,2,1,6,1,55,8,1995,1,13,-1,3,-1
201550EL2C014,1,4,0,16,0,0,0,0,0,0,0,1,4,1,25,5,400,1,27,-1,1,-1
201550EL2C014,2,9,0,16,0,0,0,0,0,0,0,1,6,1,31,6,1994,1,14,-1,1,-1
201550EL2C015,1,19,0,18,0,1,0,0,0,0,1,1,1,1,40,7,2402,2,13,-1,1,-1
201550EL2C015,2,9,0,3,0,1,0,0,0,0,2,1,3,1,36,7,-1,-1,-1,-1,1,-1
201550EL2C015,3,19,0,3,0,1,0,0,0,0,2,1,1,1,37,7,2198,2,8,-1,3,-1
201550EL2C015,4,19,0,3,0,1,0,0,0,0,2,1,1,1,21,5,1995,2,5,-1,1,-1
201550EL2C016,1,5,0,16,0,8,5,0,0,0,1,1,6,1,49,8,749,1,10,-1,-1,-1
201550EL2C017,1,9,0,3,0,8,0,0,0,0,1,1,6,1,60,9,1461,2,9,-1,1,-1
201550EL2C017,2,9,0,3,0,8,0,0,0,0,2,1,6,1,52,8,1997,2,10,-1,1,-1
201550EL2C017,3,9,0,3,0,8,0,0,0,0,2,1,6,3,-1,-1,-1,-1,-1,-1,-1,-1
201550EL2C019,1,9,0,16,0,1,1,0,0,0,1,1,6,1,19,4,1598,1,12,-1,1,-1
201550EL2C019,2,9,0,17,0,2,0,0,0,0,1,1,6,1,46,8,1398,1,5,-1,1,-1
201550EL2C020,1,3,0,18,0,1,0,0,0,0,1,1,6,1,23,5,124,1,12,-1,1,-1
201550EL2C020,2,9,0,3,0,1,0,0,0,0,3,1,6,2,45,7,1997,1,13,-1,1,-1
201550EL2C021,1,9,0,4,0,1,0,0,0,0,1,1,6,2,53,8,1995,2,-1,-1,1,-1
201550EL2C021,2,9,0,4,0,1,0,0,0,0,2,1,6,1,53,8,1988,1,15,-1,1,-1
201550EL2C021,3,9,0,4,0,1,0,0,0,0,2,1,6,1,64,9,1388,1,4,-1,1,-1
201550EL2C026,1,3,0,16,0,1,0,0,0,0,4,1,6,1,41,7,114,1,1,-1,1,-1
201550EL2C029,1,9,0,18,0,3,0,10,6,2,1,1,6,1,87,11,1242,1,2,-1,1,-1
201550EL2C029,2,9,0,18,0,4,0,0,0,0,1,1,6,2,65,9,1587,1,13,-1,1,-1
201550EL2C030,1,5,0,18,0,0,1,0,1,0,1,1,6,1,48,8,748,1,25,-1,1,-1
201550EL2C035,1,9,0,18,0,1,0,10,3,2,1,1,6,1,78,11,1149,1,7,-1,1,-1
201550EL2C037,1,9,0,14,0,1,0,0,0,0,1,1,6,2,53,8,1198,1,11,-1,1,-1
201550EL2C043,1,9,0,18,0,1,0,0,0,0,1,1,3,2,40,7,2204,2,9,-1,1,-1
201550EL2C045,1,90,0,18,0,1,0,0,0,0,1,1,6,1,54,8,-1,-1,-1,-1,1,-1
201550EL2D001,1,9,0,9,0,8,0,0,0,0,0,1,6,1,23,5,1975,1,12,-1,1,-1
201550EL2D001,2,2,0,14,0,1,0,0,0,0,0,1,6,1,16,4,49,1,14,-1,1,-1
201550EL2D003,1,9,0,18,0,1,0,0,0,0,3,1,1,2,69,10,-1,-1,-1,-1,1,-1
201550EL2D005,1,19,0,16,6,2,0,10,0,10,4,1,1,1,42,7,2198,2,5,-1,1,-1
201550EL2D005,2,19,0,8,6,1,0,0,0,0,3,1,1,2,54,8,1248,2,7,-1,1,-1
201550EL2D009,1,9,0,18,0,0,0,0,0,0,1,1,6,1,30,6,1896,2,14,-1,1,-1
201550EL2D009,2,9,0,5,0,0,0,0,0,0,2,1,6,1,20,4,1391,1,19,-1,1,-1
201550EL2D009,3,9,0,5,0,0,0,0,0,0,2,1,6,1,57,9,1753,2,4,-1,1,-1
201550EL2D011,1,9,0,18,0,0,0,0,0,0,1,1,6,1,66,10,-1,-1,-1,-1,1,-1
201550EL2D011,2,9,0,18,0,0,0,0,0,0,2,1,6,2,32,6,1598,1,11,-1,-1,-1
201550EL2D013,1,9,0,18,0,4,0,0,0,0,2,1,6,2,38,7,1685,2,1,-1,1,-1
201550EL2D013,2,20,0,3,0,4,0,0,0,0,1,1,1,1,37,7,-1,-1,-1,-1,1,-1
201550EL2D015,1,9,0,18,0,4,0,0,0,0,0,1,6,3,-1,-1,-1,-1,-1,-1,-1,-1
201550EL2D016,1,9,0,18,0,8,0,0,0,0,1,1,6,2,50,8,2184,2,1,-1,1,-1
201550EL2D016,2,9,0,18,0,8,0,0,1,0,3,1,6,2,39,7,1461,2,6,-1,1,-1
201550EL2D017,1,9,0,4,0,1,0,0,0,0,2,1,6,1,29,6,1956,2,2,-1,1,-1
201550EL2D017,2,9,0,18,0,1,0,0,0,0,1,1,6,2,46,8,1124,1,13,-1,1,-1
201550EL2D018,1,9,0,4,0,0,1,0,0,0,1,1,6,1,81,11,1362,1,2,-1,1,-1
201550EL2D018,2,9,0,3,0,0,0,0,0,0,2,1,6,1,80,11,1686,2,8,-1,1,-1
201550EL2D019,1,9,0,18,0,0,0,0,0,0,1,1,1,1,54,8,1968,2,10,-1,1,-1
201550EL2D021,1,9,0,18,0,2,0,0,0,0,1,1,1,2,37,7,1598,1,2,-1,1,-1
201550EL2D026,1,9,0,9,0,1,0,0,0,0,3,1,1,2,23,5,1242,1,16,-1,1,-1
201550EL2D026,2,8,0,18,0,1,0,0,0,0,3,1,1,1,46,8,1997,2,4,-1,1,-1
201550EL2D029,1,1,0,18,0,1,0,0,0,0,3,1,6,1,27,6,-1,-1,-1,-1,1,-1
201550EL2D029,2,9,0,7,0,1,0,0,0,0,1,1,6,1,58,9,1560,2,-1,-1,1,-1
201550EL2D031,1,5,0,18,0,0,1,0,0,0,1,1,6,1,19,4,-1,-1,-1,-1,1,-1
201550EL2D031,2,9,0,3,0,0,0,4,0,0,2,1,1,1,35,6,1598,1,14,-1,1,-1
201550EL2D031,3,9,0,2,0,0,0,0,0,0,1,1,6,2,-1,-1,1995,1,10,-1,1,-1
201550EL2D033,1,9,0,9,0,8,0,0,0,0,3,1,3,1,60,9,1598,1,13,-1,1,-1