Accident_Index,Vehicle_Reference,Vehicle_Type,Towing_and_Articulation,Vehicle_Manoeuvre,Vehicle_Location-Restricted_Lane,Junction_Location,Skidding_and_Overturning,Hit_Object_in_Carriageway,Vehicle_Leaving_Carriageway,Hit_Object_off_Carriageway,1st_Point_of_Impact,Was_Vehicle_Left_Hand_Drive?,Journey_Purpose_of_Driver,Sex_of_Driver,Age_of_Driver,Age_Band_of_Driver,Engine_Capacity_(CC),Propulsion_Code,Age_of_Vehicle,Driver_IMD_Decile,Driver_Home_Area_Type,Vehicle_IMD_Decile
201550EL2D033,2,1,0,18,0,1,1,0,0,0,1,1,2,1,31,6,-1,-1,-1,-1,1,-1
201550EL2D035,1,9,0,9,0,1,0,0,0,0,1,1,2,1,31,6,-1,-1,-1,-1,1,-1
201550EL2D035,2,9,0,18,0,1,0,0,0,0,1,1,6,1,32,6,-1,-1,-1,-1,1,-1
201550EL2D036,1,9,0,9,0,0,0,0,0,0,0,1,2,1,44,7,2776,2,9,-1,1,-1
201550EL2D036,2,5,0,18,0,0,0,0,0,0,0,1,2,1,35,6,599,1,15,-1,-1,-1
201550EL2E001,1,9,0,18,0,7,0,0,0,0,1,1,6,1,39,7,1299,1,8,-1,1,-1
201550EL2E001,2,9,0,18,0,7,0,0,0,0,2,1,6,1,38,7,1149,1,13,-1,1,-1
201550EL2E002,1,9,0,18,0,0,0,0,0,0,1,1,2,1,45,7,-1,-1,-1,-1,1,-1
201550EL2E002,2,9,0,18,0,0,0,0,0,0,1,1,2,1,43,7,1798,1,7,-1,1,-1
201550EL2E002,3,9,0,3,0,0,0,0,0,0,2,1,2,2,45,7,1598,1,6,-1,2,-1
201550EL2E007,1,9,0,7,0,7,0,0,0,0,1,1,6,2,49,8,1596,1,5,-1,1,-1
201550EL2E008,1,9,0,11,0,0,1,0,5,6,1,1,6,1,30,6,1761,1,14,-1,1,-1
201550EL2E009,1,9,0,18,0,6,0,0,0,0,1,1,6,2,21,5,1997,2,7,-1,1,-1
201550EL2E009,2,9,0,4,0,6,0,0,0,0,2,1,6,1,39,7,-1,-1,-1,-1,1,-1
201550EL2E010,1,9,0,18,0,7,0,0,0,0,1,1,6,2,45,7,1364,2,-1,-1,3,-1
201550EL2E010,2,9,0,3,0,7,0,0,1,0,2,1,6,2,30,6,1328,1,12,-1,2,-1
201550EL2E012,1,9,0,9,0,6,0,0,0,0,3,1,6,2,68,10,996,1,5,-1,1,-1
201550EL2E012,2,19,0,18,0,1,0,0,0,0,1,1,2,1,34,6,1995,2,3,-1,1,-1
201550EL2E015,1,9,0,18,0,0,0,0,0,0,1,1,6,1,37,7,2143,2,-1,-1,3,-1
201550EL2E015,2,9,0,3,0,0,0,0,0,0,2,1,6,2,34,6,-1,-1,-1,-1,3,-1
201550EL2E017,1,9,0,12,0,0,0,0,0,0,3,1,6,3,-1,-1,-1,-1,-1,-1,-1,-1
201550EL2E017,2,9,0,18,0,0,0,0,0,0,4,1,6,2,59,9,2188,2,9,-1,1,-1
201550EL2E018,1,9,0,9,0,1,0,0,0,0,1,1,6,2,36,7,1108,1,7,-1,2,-1
201550EL2E018,2,9,0,3,0,1,0,0,0,0,1,1,1,1,54,8,-1,-1,-1,-1,1,-1
201550EL2E019,1,9,0,1,0,0,0,0,0,0,2,1,6,2,47,8,1398,2,12,-1,1,-1
201550EL2E019,2,9,0,2,0,0,0,0,0,0,2,1,6,1,44,7,1995,1,8,-1,1,-1
201550EL2E020,1,9,0,1,0,1,0,0,0,0,0,1,6,3,-1,-1,-1,-1,-1,-1,-1,-1
201550EL2F004,1,19,0,18,0,1,0,0,0,0,0,1,1,1,61,9,2198,2,6,-1,1,-1
201550EL2F004,2,9,0,3,0,1,0,0,0,0,0,1,1,1,59,9,1968,2,1,-1,1,-1
201550EL2F005,1,5,0,18,0,0,0,0,0,0,1,1,1,1,20,4,645,1,12,-1,1,-1
201550EL2F005,2,9,0,4,0,0,0,0,0,0,2,1,1,1,28,6,1598,1,10,-1,1,-1
201550EL2F006,1,9,0,18,0,0,0,0,0,0,1,1,6,1,20,4,1199,1,13,-1,1,-1
201550EL2F006,2,9,0,3,0,0,0,0,0,0,2,1,6,2,36,7,1598,1,12,-1,1,-1
201550EL2F007,1,9,0,18,0,0,1,4,0,0,1,1,6,1,41,7,1598,1,17,-1,1,-1
201550EL2F007,2,90,0,2,0,0,0,0,0,0,2,1,1,1,49,8,-1,-1,-1,-1,1,-1
201550EL2F008,1,9,0,18,0,1,5,10,3,1,3,1,1,1,60,9,1794,1,15,-1,1,-1
201550EL2F009,1,9,0,17,0,0,0,0,0,0,1,1,6,2,54,8,1086,1,5,-1,1,-1
201550EL2F009,2,9,0,18,0,0,0,0,0,0,1,1,2,1,40,7,1596,1,11,-1,1,-1
201550EL2F010,1,9,0,18,0,2,0,0,0,0,1,1,6,2,27,6,1299,1,11,-1,1,-1
201550EL2F011,1,9,0,18,0,0,0,4,7,11,1,1,2,2,49,8,1248,2,5,-1,1,-1
201550EL2F011,2,9,0,18,0,0,0,0,0,0,1,1,3,2,27,6,1360,1,13,-1,1,-1
201550EL2F011,3,9,0,2,0,0,0,0,0,0,3,1,6,2,33,6,1560,2,1,-1,1,-1
201550EL2F012,1,9,0,18,0,0,0,0,0,0,1,1,6,2,26,6,1149,1,4,-1,1,-1
201550EL2F012,2,9,0,18,0,0,0,0,0,0,2,1,1,2,53,8,1995,2,7,-1,1,-1
201550EL2F013,1,9,0,18,0,0,2,0,1,4,1,1,6,1,58,9,1998,2,9,-1,1,-1
201550EL2F013,2,9,0,18,0,0,0,0,0,0,2,1,6,1,58,9,1461,2,5,-1,1,-1
201550EL2F014,1,9,0,18,0,1,0,0,0,0,4,1,6,1,40,7,1598,1,8,-1,1,-1
201550EL2F014,2,9,0,2,0,1,0,0,0,0,2,1,6,2,42,7,1598,1,12,-1,1,-1
201550EL2F014,3,9,0,2,0,1,0,0,0,0,2,1,6,1,39,7,1910,2,11,-1,1,-1
201550EL2F015,1,9,0,4,0,0,0,0,1,7,1,1,6,1,54,8,1896,2,9,-1,1,-1
201550EL2F015,2,9,0,18,0,0,0,0,0,0,3,1,6,2,58,9,1598,1,13,-1,3,-1
201550EL2G003,1,9,0,10,0,1,0,0,0,0,2,1,6,2,25,5,1753,2,11,-1,1,-1
201550EL2G003,2,9,0,18,0,1,0,0,0,0,1,1,6,3,-1,-1,-1,-1,-1,-1,-1,-1
201550EL2G005,1,5,0,16,0,0,1,0,0,0,4,1,6,1,56,9,802,1,12,-1,2,-1
201550EL2G006,1,9,0,7,0,1,0,0,0,0,3,1,2,1,24,5,1198,1,8,-1,1,-1
201550EL2G006,2,1,0,18,0,1,5,0,0,0,1,1,2,1,40,7,-1,-1,-1,-1,3,-1
201550EL2G007,1,9,0,6,0,0,0,0,0,0,3,1,2,1,32,6,-1,-1,-1,-1,1,-1
201550EL2G007,2,5,0,14,0,0,0,0,0,0,1,1,2,1,46,8,-1,-1,-1,-1,1,-1
201550EL2G010,1,9,0,12,0,2,0,0,0,0,1,1,6,2,29,6,1761,1,15,-1,1,-1
201550EL2G010,2,9,0,4,0,2,0,0,0,0,2,1,6,1,55,8,1596,1,6,-1,1,-1
201550EL2G010,3,9,0,4,0,2,0,0,0,0,2,1,6,2,41,7,1364,1,6,-1,1,-1
201550EL2G013,1,9,0,6,0,0,0,0,0,0,4,1,2,2,54,8,998,1,11,-1,1,-1
201550EL2G013,2,9,4,18,0,0,0,0,0,0,1,1,2,1,44,7,2982,2,5,-1,1,-1
201550EL2G014,1,19,3,3,0,0,0,4,0,0,4,1,6,1,52,8,-1,-1,-1,-1,1,-1
201550EL2G014,2,9,0,3,0,0,0,0,0,0,3,1,6,2,52,8,1299,1,14,-1,1,-1
201550EL2G014,3,9,0,3,0,0,0,0,0,0,3,1,6,2,40,7,-1,-1,-1,-1,1,-1
201550EL2G017,1,9,0,9,0,8,0,0,0,0,1,1,6,1,71,10,1598,2,3,-1,3,-1
201550EL2G017,2,3,0,18,0,8,0,0,0,0,3,1,6,1,56,9,124,1,12,-1,1,-1
201550EL2G021,1,9,0,4,0,1,0,0,0,0,1,1,1,2,20,4,1386,1,10,-1,1,-1
201550EL2G021,2,9,0,3,0,1,0,0,0,0,2,1,1,1,35,6,1596,1,15,-1,1,-1
201550EL2G022,1,9,0,4,0,1,0,0,0,0,1,1,2,2,21,5,1396,1,17,-1,3,-1
201550EL2G022,2,9,0,8,0,1,0,0,0,0,2,1,6,2,48,8,1199,1,13,-1,1,-1
201550EL2G022,3,9,0,8,0,1,0,0,0,0,2,1,2,2,67,10,1598,2,-1,-1,1,-1
201550EL2G023,1,9,0,18,0,1,0,0,0,0,1,1,6,2,29,6,1796,1,13,-1,1,-1
201550EL2G023,2,9,0,18,0,1,0,0,0,0,2,1,6,2,67,10,999,1,9,-1,1,-1
201550EL2G024,1,9,0,18,0,8,0,0,0,0,0,1,6,1,67,10,1796,1,21,-1,1,-1
201550EL2G024,2,9,0,9,0,8,0,0,0,0,0,1,6,1,70,10,1598,2,1,-1,3,-1
201550EL2G026,1,8,0,5,2,0,0,0,0,0,1,1,1,2,39,7,1497,8,6,-1,1,-1
201550EL2H002,1,9,0,16,0,6,1,0,0,0,1,1,6,1,28,6,1995,2,8,-1,1,-1
201550EL2H002,2,9,0,16,0,6,1,0,0,0,2,1,6,2,27,6,1596,1,13,-1,1,-1
201550EL2I004,1,9,0,18,0,1,0,0,0,0,1,1,6,3,-1,-1,1998,1,9,-1,-1,-1
201550EL2I004,2,9,0,10,0,1,0,0,0,0,2,1,6,2,67,10,1686,2,5,-1,1,-1
201550EL2J001,1,9,0,18,0,1,0,0,0,0,1,1,1,2,28,6,-1,-1,-1,-1,1,-1
201550EL2J001,2,9,0,3,0,1,0,0,0,0,2,1,6,2,38,7,-1,-1,-1,-1,1,-1
201550EL2J002,1,9,0,18,0,0,0,0,0,0,1,1,6,2,67,10,1199,1,11,-1,1,-1
201550EL2J002,2,9,0,18,0,0,0,0,0,0,1,1,6,1,63,9,1598,1,3,-1,1,-1
201550EL2J008,1,3,0,18,0,0,0,0,0,0,1,1,1,2,22,5,108,1,1,-1,1,-1
201550EL2J011,1,9,0,6,0,0,0,0,0,0,0,1,6,1,37,7,1896,2,12,-1,1,-1
201550EL2J011,2,5,0,18,0,0,0,0,0,0,0,1,6,1,53,8,1402,1,9,-1,1,-1
201550EL2J014,1,3,0,18,0,1,0,0,0,0,1,1,6,1,17,4,49,1,11,-1,1,-1
201550EL2J014,2,9,0,18,0,1,0,0,0,0,2,1,2,1,34,6,1995,1,13,-1,1,-1
201550EL2J020,1,9,0,16,0,0,0,0,0,0,1,1,3,1,44,7,1397,1,7,-1,1,-1
201550EL2J021,1,9,0,9,0,8,0,0,0,0,4,1,6,1,41,7,1895,1,16,-1,1,-1
201550EL2J021,2,3,0,18,0,1,1,0,0,0,1,1,6,1,27,6,125,1,15,-1,1,-1
201550EL2J023,1,9,0,18,0,0,0,0,0,0,2,1,6,2,51,8,1390,1,12,-1,1,-1
201550EL2J023,2,9,0,18,0,0,0,0,0,0,1,1,6,2,58,9,1896,2,13,-1,1,-1
201550EL2J025,1,9,0,16,0,0,5,4,0,0,1,1,6,1,37,7,1679,1,13,-1,-1,-1
201550EL2J025,2,9,0,2,0,0,0,0,0,0,2,1,6,3,-1,-1,1598,2,1,-1,-1,-1
201550EL2J025,3,9,0,2,0,0,0,0,0,0,2,1,6,3,-1,-1,1399,2,5,-1,-1,-1
201550EL2K001,1,9,0,18,0,0,0,0,0,0,1,1,6,1,36,7,1997,2,11,-1,1,-1
201550EL2K003,1,9,0,17,0,0,0,0,0,0,1,1,6,1,53,8,1299,1,15,-1,1,-1
201550EL2K006,1,9,0,9,0,5,0,0,0,0,1,1,2,2,64,9,1388,1,9,-1,1,-1
201550EL2K006,2,1,0,18,0,8,0,0,0,0,4,1,6,2,60,9,-1,-1,-1,-1,2,-1
201550EL2K007,1,9,0,5,0,1,0,0,0,0,3,1,6,1,36,7,1968,2,9,-1,1,-1
201550EL2K007,2,3,0,5,0,1,0,0,0,0,4,1,2,1,17,4,124,1,27,-1,1,-1
201550EL2K009,1,19,0,9,0,1,0,0,0,0,1,1,1,1,57,9,1560,2,6,-1,1,-1
201550EL2K009,2,1,0,18,0,1,0,0,0,0,1,1,6,2,32,6,-1,-1,-1,-1,1,-1
201550EL2K010,1,9,0,4,0,0,0,0,0,0,1,1,6,1,28,6,998,1,3,-1,1,-1
201550EL2K010,2,9,0,4,0,0,0,0,0,0,2,1,6,1,66,10,1997,2,1,-1,2,-1
201550EL2K010,3,9,0,4,0,0,0,0,0,0,2,1,6,1,34,6,1896,2,13,-1,3,-1
201550EL2K010,4,9,0,4,0,0,0,0,0,0,2,1,6,1,36,7,1956,2,1,-1,2,-1
201550EL2K013,1,9,0,2,0,1,0,10,1,11,2,1,6,2,55,8,1598,2,-1,-1,1,-1
201550EL2K014,1,9,0,3,0,7,0,0,0,0,2,1,6,2,39,7,1995,2,9,-1,1,-1
201550EL2K014,2,9,0,16,0,7,0,0,0,0,1,1,6,1,21,5,1598,1,2,-1,1,-1
201550EL2K016,1,9,0,18,0,0,0,0,0,0,1,1,6,1,17,4,1390,1,10,-1,1,-1
201550EL2K016,2,9,0,3,0,0,0,0,0,0,2,1,6,2,51,8,1560,2,6,-1,2,-1
201550EL2K019,1,3,0,13,9,0,0,0,0,0,1,1,6,1,18,4,124,1,4,-1,1,-1
201550EL2K019,2,1,0,18,9,0,0,0,0,0,2,1,6,1,40,7,-1,-1,-1,-1,1,-1
201550EL2L003,1,4,0,18,0,2,5,0,0,0,1,1,6,1,49,8,-1,-1,-1,-1,1,-1
201550EL2L004,1,9,0,18,0,0,0,0,1,10,1,1,6,1,25,5,-1,-1,-1,-1,1,-1
201550EL2L007,1,3,0,14,0,0,2,0,0,0,1,1,6,1,20,4,125,1,1,-1,1,-1
201550EL2L008,1,19,0,9,0,1,0,0,0,0,4,1,6,1,52,8,-1,-1,-1,-1,1,-1
201550EL2L008,2,3,0,18,0,1,0,0,0,0,1,1,6,1,21,5,125,1,9,-1,1,-1
201550EL2L009,1,9,0,3,0,0,0,0,0,0,2,1,2,2,44,7,1390,1,12,-1,1,-1
201550EL2L009,2,9,0,4,0,0,1,0,0,0,1,1,2,2,21,5,-1,-1,-1,-1,1,-1
201550EL2L010,1,9,0,18,0,0,0,10,1,4,1,1,6,1,19,4,1796,1,8,-1,1,-1
201550EL2L011,1,9,0,5,0,6,0,0,0,0,1,1,6,1,24,5,1149,1,15,-1,1,-1
201550EL2L011,2,1,0,18,0,8,5,0,0,0,4,1,6,2,47,8,-1,-1,-1,-1,1,-1
201550EL2L016,1,11,0,4,0,1,0,0,0,0,1,1,1,1,52,8,-1,2,17,-1,1,-1
201550EL2L016,2,9,0,10,0,1,0,0,0,0,3,1,1,1,23,5,1390,1,14,-1,1,-1
201550EL2L017,1,9,0,4,0,1,0,0,0,0,3,1,6,1,20,4,1124,1,13,-1,1,-1
201550EL2L017,2,9,0,18,0,1,0,0,0,0,1,1,6,2,50,8,998,1,3,-1,1,-1
201550EL2L019,1,9,0,11,0,0,0,0,1,1,4,1,6,1,24,5,1998,1,13,-1,1,-1
201550EL2L019,2,9,0,17,0,0,0,0,0,0,0,1,6,3,-1,-1,1998,1,14,-1,-1,-1
201550EL2L020,1,5,0,13,0,0,0,0,0,0,1,1,1,1,22,5,600,1,1,-1,1,-1
201550EL2L020,2,9,0,18,0,0,0,0,0,0,1,1,1,2,51,8,1988,1,12,-1,1,-1
201550EL2L021,1,9,0,18,0,7,0,0,0,0,1,1,6,2,29,6,1390,1,9,-1,1,-1
201550EL2L021,2,9,0,3,0,7,0,0,0,0,2,1,6,1,42,7,1560,2,9,-1,1,-1
201550EL2L021,3,9,0,3,0,7,0,0,0,0,2,1,6,2,30,6,998,1,2,-1,1,-1
201550EL2L022,1,5,0,18,0,0,0,0,7,10,1,1,6,1,20,4,599,1,17,-1,1,-1
201550EL2L024,1,9,0,18,0,0,1,2,1,0,1,1,6,1,19,4,1229,1,10,-1,1,-1
201550EL2L024,2,5,0,18,0,0,5,2,0,0,2,1,6,1,52,8,656,1,6,-1,1,-1
201550EL2L024,3,21,0,2,0,0,0,0,0,0,2,1,6,1,50,8,5880,2,9,-1,1,-1
201550EL2L025,1,9,0,2,0,0,0,0,0,0,3,1,6,2,-1,-1,1390,1,15,-1,1,-1
201550EL2L025,2,1,0,18,0,0,0,0,0,0,1,1,6,1,31,6,-1,-1,-1,-1,1,-1
201550EL2L026,1,9,0,16,0,0,0,0,0,0,1,1,6,1,59,9,2184,2,5,-1,1,-1
201550EL2L026,2,1,0,17,0,0,0,0,0,0,1,1,6,1,14,3,-1,-1,-1,-1,1,-1
201550EL2L027,1,9,0,4,0,5,1,0,7,1,1,1,3,2,23,5,1299,1,15,-1,1,-1
201550EL2L027,2,9,0,4,0,1,0,0,0,0,2,1,2,1,55,8,2204,2,8,-1,1,-1
201550EL2L028,1,3,0,9,0,2,1,0,0,0,0,1,6,2,21,5,125,1,8,-1,1,-1
201550EL2L030,1,9,0,18,0,7,0,0,0,0,2,1,6,1,81,11,1396,2,-1,-1,2,-1
201550EL2L030,2,9,0,18,0,7,0,0,0,0,4,1,2,1,20,4,1149,1,17,-1,1,-1
201550EL2L030,3,9,0,18,0,2,0,0,0,0,2,1,2,2,46,8,1582,2,6,-1,1,-1
201550EL2L030,4,9,0,18,0,2,0,0,0,0,1,1,2,1,40,7,1753,2,18,-1,1,-1
201550EL2L030,5,9,0,18,0,2,0,0,0,0,2,1,2,2,68,10,1242,1,6,-1,1,-1
201550EL2M001,1,9,0,18,0,6,0,0,0,0,2,1,6,1,35,6,-1,-1,-1,-1,1,-1
201550EL2M001,2,1,0,18,0,8,0,0,0,0,1,1,2,1,35,6,-1,-1,-1,-1,1,-1
201550EL2M002,1,9,0,18,0,1,0,0,0,0,1,1,6,1,49,8,2494,8,1,-1,2,-1
201550EL2M002,2,9,0,18,0,1,0,0,0,0,1,1,6,1,46,8,1753,2,12,-1,2,-1
201550EL2M003,1,9,0,18,0,0,0,0,0,0,1,1,6,2,46,8,-1,-1,-1,-1,1,-1
201550EL2M003,2,9,0,18,0,0,0,0,0,0,2,1,6,1,59,9,1896,2,12,-1,1,-1
201550EL2M004,1,9,0,1,0,1,0,0,0,0,1,1,2,1,39,7,1968,2,8,-1,1,-1
201550EL2M004,2,1,0,18,0,1,0,0,0,0,2,1,2,1,41,7,-1,-1,-1,-1,1,-1
201550EL2M005,1,9,0,18,0,1,0,0,0,0,1,1,6,3,-1,-1,-1,-1,-1,-1,-1,-1
201550EL2M006,1,9,0,7,4,5,0,0,0,0,4,1,4,2,48,8,1339,1,1,-1,1,-1
201550EL2M006,2,1,0,15,4,1,0,0,0,0,3,1,2,1,55,8,-1,-1,-1,-1,1,-1
201550EL2M007,1,9,0,18,0,4,0,0,0,0,2,1,6,3,-1,-1,-1,-1,-1,-1,-1,-1
201550EL2M007,2,5,0,18,0,8,0,0,0,0,4,1,6,1,22,5,600,1,11,-1,1,-1
201550EL2M008,1,9,0,18,0,1,0,0,0,0,4,1,6,1,65,9,1296,1,9,-1,1,-1
201550EL2M008,2,9,0,18,0,1,0,0,0,0,3,1,6,2,28,6,-1,-1,-1,-1,1,-1
201550EL2M009,1,3,0,12,0,7,0,0,0,0,4,1,1,2,28,6,108,1,6,-1,1,-1
201550EL2M009,2,1,0,18,0,1,0,0,0,0,1,1,1,1,56,9,-1,-1,-1,-1,1,-1
201550EL2M012,1,9,0,7,0,5,0,0,0,0,4,1,1,1,23,5,1596,1,11,-1,1,-1
201550EL2M012,2,1,0,18,0,1,0,0,0,0,2,1,6,1,63,9,-1,-1,-1,-1,1,-1
201550EL2M013,1,9,0,7,0,6,0,0,0,0,1,1,6,2,54,8,1364,1,9,-1,1,-1
201550EL2M013,2,1,0,18,4,2,0,0,0,0,1,1,6,1,17,4,-1,-1,-1,-1,1,-1
201550EL2M015,1,9,0,3,0,1,0,0,0,0,1,1,6,1,55,8,1596,1,13,-1,1,-1
201550EL2M015,2,9,0,3,0,1,0,0,0,0,2,1,6,2,45,7,1590,1,11,-1,1,-1
201550EL2M015,3,9,0,3,0,1,0,0,0,0,2,1,6,2,50,8,1685,2,1,-1,1,-1
201550EL2M016,1,9,0,9,0,8,0,0,0,0,1,1,6,2,33,6,1299,1,12,-1,1,-1
201550EL2M016,2,8,0,18,0,1,0,0,0,0,4,1,6,1,57,9,1995,2,1,-1,1,-1
201550EL2M018,1,9,0,18,0,1,0,0,0,0,4,1,6,2,29,6,1124,1,13,-1,1,-1
201550EL2M018,2,9,0,4,0,1,0,0,0,0,3,1,6,2,43,7,1248,1,2,-1,1,-1
201550EL2M019,1,19,0,18,0,0,0,0,0,0,1,1,6,3,-1,-1,-1,-1,-1,-1,-1,-1
201550EL2M019,2,9,0,3,0,0,0,0,0,0,1,1,1,1,48,8,1753,2,8,-1,1,-1
201550EL2O001,1,5,0,16,0,1,5,0,4,6,3,1,1,1,57,9,-1,-1,-1,-1,1,-1
201550EL2O002,1,9,0,18,0,8,0,0,7,1,1,1,6,2,76,11,1390,1,11,-1,1,-1
201550EL2O003,1,1,0,18,0,0,0,4,0,0,4,1,6,1,36,7,-1,-1,-1,-1,1,-1
201550EL2O003,2,9,0,2,0,0,0,0,0,0,0,1,6,2,-1,-1,1388,1,17,-1,2,-1
201550EL2O004,1,9,0,18,0,0,0,0,0,0,1,1,6,1,46,8,1896,2,14,-1,1,-1
201550EL2O004,2,9,0,18,0,0,0,0,0,0,2,1,6,1,80,11,1200,1,2,-1,3,-1
201550EL2O005,1,9,0,17,0,0,1,10,1,2,4,1,6,1,29,6,1896,2,11,-1,1,-1
201550EL2P004,1,9,0,18,0,1,0,0,7,0,1,1,6,1,66,10,1248,2,7,-1,1,-1
201550EL2P007,1,9,0,9,0,0,0,0,0,11,1,1,6,1,20,4,1390,1,20,-1,1,-1
201550EL2P008,1,9,0,9,0,1,0,0,0,0,1,1,2,1,43,7,-1,-1,-1,-1,1,-1
201550EL2P008,2,9,0,18,0,8,0,0,0,0,1,1,6,2,52,8,1360,1,5,-1,1,-1
201550EL2P011,1,9,0,18,0,1,1,0,0,4,1,1,6,1,24,5,1910,2,9,-1,3,-1
201550EL2P012,1,9,0,4,0,1,1,0,0,11,1,1,6,1,19,4,1998,1,15,-1,1,-1
201550EL2P013,1,9,0,18,0,0,0,0,0,0,1,1,6,2,46,8,-1,-1,-1,-1,1,-1
201550EL2P013,2,1,0,18,0,0,0,0,0,0,1,1,6,2,42,7,-1,-1,-1,-1,1,-1
201550EL2P015,1,9,0,4,0,1,0,0,0,0,2,1,6,1,71,10,1560,2,8,-1,1,-1
201550EL2P015,2,9,0,4,0,1,0,0,0,0,2,1,6,1,61,9,2204,2,10,-1,1,-1
201550EL2P015,3,9,0,4,0,1,0,0,0,0,1,1,6,2,50,8,1596,1,12,-1,3,-1
201550EL2P016,1,9,0,18,0,0,0,0,0,0,0,1,6,2,47,8,-1,-1,-1,-1,1,-1
201550EL2P016,2,16,0,18,0,0,0,0,0,0,0,1,6,2,35,6,-1,-1,-1,-1,3,-1
201550EL2Q002,1,9,0,18,0,0,0,0,0,0,1,1,6,1,67,10,2435,1,13,-1,1,-1
201550EL2Q002,2,9,0,18,0,0,0,0,0,0,2,1,2,2,29,6,1598,1,12,-1,1,-1
201550EL2Q003,1,9,0,7,0,1,1,0,0,0,4,1,4,2,19,4,-1,-1,-1,-1,1,-1
201550EL2Q005,1,9,0,18,0,2,0,0,0,0,1,1,6,1,37,7,1900,2,15,-1,1,-1
201550EL2Q005,2,9,0,3,0,2,0,0,0,0,2,1,6,2,32,6,1910,2,8,-1,1,-1
201550EL2Q006,1,9,0,18,0,1,0,0,0,0,1,1,6,2,46,8,1248,1,6,-1,1,-1
201550EL2Q006,2,9,0,3,0,1,0,0,0,0,2,1,6,2,26,6,1560,2,3,-1,1,-1
201550EL2Q009,1,11,0,18,0,3,0,0,0,0,1,1,1,1,59,9,-1,2,16,-1,1,-1
201550EL2Q009,2,9,0,18,0,3,0,0,0,0,3,1,6,2,40,7,-1,-1,-1,-1,1,-1
201550EL2Q009,3,9,0,18,0,3,0,0,0,0,3,1,2,1,41,7,-1,-1,-1,-1,1,-1
201550EL2Q011,1,9,0,16,0,0,1,0,0,0,1,1,6,1,30,6,1396,1,17,-1,1,-1
201550EL2Q011,2,9,0,3,0,0,0,0,0,0,2,1,6,2,48,8,1242,1,3,-1,1,-1
201550EL2Q016,1,3,0,14,0,1,0,0,0,0,1,1,1,1,22,5,108,1,1,-1,1,-1
201550EL2Q016,2,9,0,8,0,6,0,0,0,0,3,1,6,1,49,8,2979,1,7,-1,1,-1
201550EL2R001,1,9,0,1,0,1,1,0,0,4,2,1,4,1,82,11,1368,1,2,-1,1,-1
201550EL2R005,1,8,0,18,0,8,0,0,0,0,1,1,1,1,53,8,2402,2,9,-1,1,-1
201550EL2R005,2,9,0,9,0,8,0,0,0,0,1,1,6,1,25,5,1242,1,10,-1,1,-1
201550EL2R006,1,1,0,18,0,0,0,10,0,0,1,1,2,2,29,6,-1,-1,-1,-1,1,-1
201550EL2R007,1,5,0,18,0,0,0,0,0,0,0,1,6,1,42,7,1000,1,7,-1,1,-1
201550EL2R009,1,9,0,18,0,0,0,0,0,0,1,1,3,2,26,6,2324,1,16,-1,1,-1
201550EL2R009,2,9,0,4,0,0,0,0,0,0,2,1,4,1,35,6,1612,1,4,-1,1,-1
201550EL2R010,1,9,0,4,0,1,0,0,0,0,2,1,6,2,25,5,1229,1,8,-1,1,-1
201550EL2R010,2,9,0,18,0,1,1,0,0,0,1,1,2,2,41,7,1388,1,12,-1,1,-1
201550EL2R011,1,9,0,18,0,3,0,0,0,0,1,1,6,1,23,5,1598,1,12,-1,1,-1
201550EL2R011,2,9,0,4,0,3,0,0,0,0,2,1,2,1,35,6,1242,1,5,-1,1,-1
201550EL2R012,1,9,0,11,0,0,0,0,0,0,1,1,6,1,34,6,1598,1,13,-1,1,-1
201550EL2R012,2,9,0,3,0,0,0,0,0,0,2,1,6,2,32,6,1796,1,8,-1,1,-1
201550EL2R013,1,9,0,7,0,6,0,0,0,0,3,1,2,1,51,8,1995,1,7,-1,1,-1
201550EL2R013,2,5,0,18,0,6,0,0,0,0,4,1,2,1,37,7,749,1,16,-1,1,-1
201550EL2R014,1,9,0,18,0,3,0,0,0,0,1,1,2,2,49,8,1388,1,12,-1,1,-1
201550EL2R014,2,9,0,4,0,3,0,0,0,0,2,1,2,2,47,8,1598,1,5,-1,2,-1
201550EL2R016,1,5,0,18,0,0,0,0,0,0,1,1,6,1,36,7,998,1,7,-1,1,-1
201550EL2S003,1,9,0,18,0,0,0,0,0,0,1,1,6,1,32,6,1799,1,9,-1,1,-1
201550EL2S003,2,3,0,4,0,0,0,0,0,0,2,1,1,1,42,7,108,1,2,-1,1,-1
201550EL2S005,1,9,0,9,0,6,0,0,0,0,1,1,6,1,61,9,1995,2,10,-1,1,-1
201550EL2S005,2,9,0,18,0,1,0,0,0,0,3,1,6,2,37,7,1560,2,8,-1,1,-1
201550EL2S006,1,3,0,17,0,0,0,10,1,0,4,1,6,1,22,5,124,1,12,-1,1,-1
201550EL2S007,1,9,0,9,0,6,0,0,0,0,4,1,1,2,25,5,1560,2,8,-1,1,-1
201550EL2S007,2,9,0,18,0,1,0,0,0,0,1,1,1,2,22,5,1124,1,9,-1,1,-1
201550EL2S008,1,9,0,18,0,0,0,0,0,0,1,1,6,1,49,8,4293,1,10,-1,1,-1
201550EL2S010,1,2,0,18,0,0,0,0,0,0,1,1,6,1,-1,-1,-1,-1,-1,-1,-1,-1
201550EL2S017,1,9,0,18,0,4,0,0,0,0,1,1,6,2,44,7,-1,3,3,-1,1,-1
201550EL2S017,2,1,0,18,0,4,0,0,0,0,1,1,6,1,-1,-1,-1,-1,-1,-1,1,-1
201550EL2S020,1,19,0,18,0,0,0,0,0,0,3,1,6,1,70,10,1686,2,12,-1,1,-1
201550EL2S020,2,5,0,18,0,0,0,0,0,0,3,1,1,1,46,8,659,1,19,-1,1,-1
201550EL2S020,3,9,0,3,0,0,0,0,0,0,0,1,6,3,-1,-1,1753,2,13,-1,-1,-1
201550EL2T003,1,5,0,18,0,1,0,0,0,0,3,1,1,1,50,8,645,1,7,-1,1,-1
201550EL2T003,2,9,0,9,0,1,0,0,0,0,1,1,1,2,30,6,2000,2,10,-1,1,-1