Accident_Index,Vehicle_Reference,Vehicle_Type,Towing_and_Articulation,Vehicle_Manoeuvre,Vehicle_Location-Restricted_Lane,Junction_Location,Skidding_and_Overturning,Hit_Object_in_Carriageway,Vehicle_Leaving_Carriageway,Hit_Object_off_Carriageway,1st_Point_of_Impact,Was_Vehicle_Left_Hand_Drive?,Journey_Purpose_of_Driver,Sex_of_Driver,Age_of_Driver,Age_Band_of_Driver,Engine_Capacity_(CC),Propulsion_Code,Age_of_Vehicle,Driver_IMD_Decile,Driver_Home_Area_Type,Vehicle_IMD_Decile
201550EL2T004,1,9,0,16,0,7,1,0,1,7,1,1,6,1,32,6,-1,-1,-1,-1,1,-1
201550EL2T009,1,9,0,3,0,0,0,0,0,0,1,1,6,1,39,7,1598,1,8,-1,1,-1
201550EL2T009,2,9,0,4,0,0,0,0,0,0,2,1,6,1,43,7,2993,2,10,-1,3,-1
201550EL2T012,1,9,0,1,0,0,0,0,0,0,2,1,6,1,40,7,1870,2,11,-1,1,-1
201550EL2T012,2,9,0,3,0,0,0,0,0,0,1,1,6,2,32,6,1910,2,8,-1,1,-1
201550EL2T013,1,9,0,7,0,4,0,0,0,0,3,1,6,1,47,8,2401,2,11,-1,1,-1
201550EL2T013,2,1,0,18,0,4,0,0,0,0,2,1,6,1,47,8,-1,-1,-1,-1,1,-1
201550EL2T014,1,9,0,9,0,8,0,0,0,0,4,1,6,2,43,7,1461,2,11,-1,1,-1
201550EL2T014,2,9,0,18,0,8,0,0,0,0,1,1,6,1,70,10,-1,-1,-1,-1,1,-1
201550EL2T015,1,9,0,18,0,8,0,0,0,0,1,1,6,2,39,7,998,1,3,-1,1,-1
201550EL2T015,2,9,0,18,0,4,0,0,0,0,1,1,6,1,49,8,1598,1,4,-1,1,-1
201550EL2T017,1,19,0,18,0,1,1,0,0,0,1,1,2,1,44,7,2461,2,11,-1,1,-1
201550EL2T017,2,9,0,3,0,1,0,0,0,0,2,1,2,1,56,9,-1,-1,-1,-1,1,-1
201550EL2T018,1,3,0,7,0,2,2,10,0,1,1,1,6,1,33,6,125,1,4,-1,1,-1
201550EL2T022,1,9,0,7,0,1,0,0,0,0,1,1,6,2,43,7,1560,2,7,-1,1,-1
201550EL2T022,2,9,0,9,0,1,0,0,0,0,3,1,6,2,39,7,1400,1,17,-1,1,-1
201550EL2T023,1,9,0,9,0,5,0,0,0,0,1,1,2,1,52,8,1686,2,12,-1,1,-1
201550EL2T023,2,4,0,18,0,8,1,0,0,0,1,1,2,1,43,7,487,1,16,-1,1,-1
201550EL2T025,1,9,0,1,0,0,0,0,0,0,2,1,6,1,32,6,-1,-1,-1,-1,1,-1
201550EL2T025,2,9,0,3,0,0,0,0,0,0,3,1,6,1,44,7,2198,2,2,-1,1,-1
201550EL2T027,1,9,0,18,0,0,0,0,0,0,1,1,6,1,24,5,1242,1,8,-1,1,-1
201550EL2T027,2,9,0,18,0,0,0,0,0,0,2,1,6,2,30,6,1798,1,10,-1,1,-1
201550EL2T030,1,9,0,3,0,0,0,0,0,0,2,1,1,1,51,8,1598,1,3,-1,1,-1
201550EL2T030,2,9,0,18,0,0,0,0,0,0,1,1,6,2,31,6,1360,1,15,-1,1,-1
201550EL2T031,1,9,0,16,0,0,0,0,0,0,0,1,2,2,18,4,1398,1,3,-1,3,-1
201550EL2T035,1,9,0,18,0,1,0,0,0,0,1,1,6,3,-1,-1,-1,-1,-1,-1,-1,-1
201550EL2U002,1,9,0,16,0,1,0,0,7,11,1,1,6,1,25,5,1796,1,8,-1,1,-1
201550EL2V001,1,9,0,18,0,4,0,0,0,0,1,1,6,2,39,7,1596,1,9,-1,1,-1
201550EL2V001,2,9,0,9,0,3,0,0,0,0,1,1,6,2,37,7,1598,1,3,-1,1,-1
201550EL2V003,1,9,0,4,0,0,0,0,0,0,1,1,2,2,33,6,1997,2,14,-1,1,-1
201550EL2V003,2,9,0,3,0,0,0,0,0,0,2,1,6,2,52,8,1968,2,1,-1,3,-1
201550EL2V005,1,9,0,13,0,3,1,0,0,0,4,1,6,1,27,6,1975,1,13,-1,1,-1
201550EL2V005,2,9,0,16,0,3,0,0,0,0,3,2,6,1,-1,-1,-1,-1,-1,-1,-1,-1
201550EL2V006,1,9,0,18,0,0,0,10,7,10,1,1,6,1,82,11,1797,1,17,-1,1,-1
201550EL2W002,1,9,0,16,0,0,0,0,0,0,1,1,6,1,83,11,1399,2,13,-1,1,-1
201550EL2W002,2,9,0,17,0,0,0,0,0,0,1,1,6,2,20,4,-1,-1,-1,-1,1,-1
201550EL2W003,1,9,0,12,0,2,0,0,0,0,4,1,6,2,81,11,1992,2,9,-1,1,-1
201550EL2W003,2,1,0,18,0,2,0,0,0,0,2,1,6,1,52,8,-1,-1,-1,-1,1,-1
201550EL2W004,1,9,0,5,0,1,0,0,0,0,3,1,2,1,51,8,2171,2,12,-1,3,-1
201550EL2W004,2,1,0,18,0,6,1,0,0,0,1,1,2,1,47,8,-1,-1,-1,-1,2,-1
201550EL2W005,1,9,0,18,0,0,0,0,0,0,1,1,6,1,59,9,1598,1,12,-1,1,-1
201550EL2W005,2,9,0,4,0,0,0,0,0,0,2,1,6,1,23,5,998,1,5,-1,1,-1
201550EL2W006,1,9,0,16,0,1,0,0,0,0,1,1,6,1,60,9,1461,2,-1,-1,1,-1
201550EL2W006,2,9,0,3,0,1,0,0,0,0,2,1,6,2,18,4,999,1,1,-1,-1,-1
201550EL2W007,1,9,0,15,0,3,0,0,0,0,0,1,6,3,-1,-1,-1,-1,-1,-1,-1,-1
201550EL2W007,2,9,0,3,0,4,0,0,0,0,2,1,6,1,68,10,1997,1,5,-1,1,-1
201550EL2W007,3,11,0,5,0,4,0,0,0,0,1,1,1,1,56,9,7300,2,14,-1,1,-1
201550EL2W009,1,3,0,7,0,4,1,0,0,0,4,1,6,2,18,4,-1,-1,-1,-1,1,-1
201550EL2W010,1,9,0,18,0,7,0,0,0,0,1,1,6,2,29,6,1360,1,12,-1,1,-1
201550EL2W010,2,9,0,3,0,1,0,0,0,0,2,1,6,2,28,6,1596,1,14,-1,1,-1
201550EL2W010,3,9,0,3,0,1,0,0,0,0,2,1,6,2,41,7,1339,1,5,-1,1,-1
201550EP2A002,1,9,0,18,0,0,0,0,0,0,1,1,6,1,20,4,1396,1,11,-1,1,-1
201550EP2A003,1,9,0,16,0,0,2,10,2,10,4,1,6,1,18,4,1390,1,15,-1,1,-1
201550EP2A003,2,9,0,2,0,0,0,0,0,0,1,1,6,1,-1,-1,1995,2,6,-1,1,-1
201550EP2A004,1,3,0,18,0,0,2,12,0,0,1,1,6,1,39,7,124,1,5,-1,1,-1
201550EP2A005,1,9,0,18,0,0,0,0,0,0,1,1,6,1,52,8,1229,1,9,-1,1,-1
201550EP2A006,1,9,0,18,0,4,0,0,0,0,1,1,6,2,-1,-1,1108,1,5,-1,1,-1
201550EP2A006,2,1,0,18,0,8,0,0,0,0,2,1,6,2,38,7,-1,-1,-1,-1,1,-1
201550EP2B002,1,9,0,18,0,1,0,0,0,0,0,1,1,1,47,8,1984,1,11,-1,2,-1
201550EP2B002,2,1,0,9,0,8,0,0,0,0,0,1,1,1,28,6,-1,-1,-1,-1,1,-1
201550EP2B003,1,9,0,2,0,0,0,0,7,11,3,1,6,2,80,11,1596,1,14,-1,1,-1
201550EP2B004,1,9,0,5,0,4,0,0,0,0,1,1,2,1,53,8,1968,2,2,-1,1,-1
201550EP2B004,2,1,0,18,0,8,0,0,0,0,4,1,2,1,36,7,-1,-1,-1,-1,1,-1
201550EP2B005,1,9,0,18,0,0,0,0,0,0,1,1,3,2,25,5,1781,1,14,-1,1,-1
201550EP2B006,1,9,0,18,0,0,0,0,0,0,1,1,6,2,29,6,1242,1,6,-1,1,-1
201550EP2B008,1,9,0,18,0,0,0,0,1,1,1,1,6,1,59,9,1388,1,11,-1,2,-1
201550EP2B009,1,9,0,7,0,6,0,0,0,0,1,1,6,2,24,5,1596,1,6,-1,1,-1
201550EP2B009,2,9,0,18,0,1,0,0,0,0,4,1,6,1,31,6,1598,2,-1,-1,1,-1
201550EP2B013,1,9,0,3,0,0,0,0,0,0,2,1,6,1,45,7,1995,2,11,-1,1,-1
201550EP2B013,2,1,0,18,0,0,0,4,0,0,1,1,2,1,45,7,-1,-1,-1,-1,1,-1
201550EP2B014,1,9,0,18,0,1,0,0,0,0,1,1,6,1,29,6,1598,1,10,-1,1,-1
201550EP2B014,2,9,0,3,0,1,0,0,0,0,2,1,6,1,25,5,1590,1,11,-1,2,-1
201550EP2B015,1,5,0,4,0,0,0,0,0,0,1,1,6,1,54,8,1450,1,38,-1,3,-1
201550EP2B015,2,9,0,3,0,0,0,0,0,0,2,1,6,1,50,8,1198,1,3,-1,1,-1
201550EP2B016,1,9,0,18,0,1,0,0,0,0,1,1,3,2,46,8,1796,1,7,-1,1,-1
201550EP2B017,1,9,0,17,0,4,0,0,0,0,1,1,6,1,62,9,-1,-1,-1,-1,3,-1
201550EP2B017,2,9,0,9,0,4,0,0,0,0,1,1,6,2,38,7,-1,-1,-1,-1,1,-1
201550EP2B018,1,9,0,18,0,0,0,0,0,0,1,1,6,2,30,6,1240,1,12,-1,1,-1
201550EP2B019,1,9,0,17,0,0,1,0,0,0,1,1,6,1,21,5,1988,1,12,-1,1,-1
201550EP2B019,2,9,0,18,0,0,0,0,0,0,1,1,6,1,60,9,1299,1,14,-1,1,-1
201550EP2B021,1,9,0,3,0,1,0,0,0,0,2,1,6,2,36,7,1598,7,13,-1,1,-1
201550EP2B021,2,9,0,3,0,1,0,0,0,0,1,1,6,2,28,6,1596,1,6,-1,1,-1
201550EP2D002,1,19,0,7,0,1,0,0,0,0,3,1,6,1,41,7,1896,2,14,-1,1,-1
201550EP2D002,2,9,0,10,0,1,0,0,0,0,3,1,6,1,26,6,1388,1,11,-1,1,-1
201550EP2D004,1,9,0,18,0,2,0,0,0,0,1,1,6,2,22,5,2000,2,10,-1,1,-1
201550EP2D010,1,9,0,18,0,0,0,0,0,0,3,1,6,2,21,5,-1,-1,-1,-1,1,-1
201550EP2D010,2,9,0,18,0,0,0,0,0,0,3,1,6,2,21,5,1461,2,6,-1,1,-1
201550EP2D011,1,9,0,18,0,0,0,0,0,0,1,1,6,1,26,6,1796,1,15,-1,1,-1
201550EP2D016,1,9,0,16,0,0,1,0,0,0,3,1,6,1,21,5,1299,1,13,-1,1,-1
201550EP2D016,2,4,0,17,0,0,0,0,0,0,3,1,6,1,29,6,499,1,11,-1,1,-1
201550EP2D018,1,21,1,18,0,0,0,0,0,0,1,1,1,1,62,9,12777,2,-1,-1,3,-1
201550EP2D018,2,9,0,18,0,0,0,0,0,0,3,1,2,2,44,7,-1,-1,-1,-1,1,-1
201550EP2D018,3,9,0,18,0,0,0,0,0,0,1,1,2,2,49,8,1461,2,4,-1,2,-1
201550EP2D019,1,19,0,18,0,1,0,0,0,0,4,1,6,2,64,9,-1,-1,-1,-1,1,-1
201550EP2D020,1,9,0,18,0,0,0,0,0,0,1,1,6,1,-1,-1,-1,-1,-1,-1,-1,-1
201550EP2D020,2,9,0,18,0,0,0,0,0,0,2,1,6,1,17,4,-1,-1,-1,-1,1,-1
201550EP2D020,3,9,0,2,6,0,0,0,0,0,1,1,6,2,49,8,1587,1,15,-1,1,-1
201550EP2E002,1,4,0,18,0,2,0,4,8,0,1,1,6,1,19,4,400,1,23,-1,1,-1
201550EP2E002,2,9,0,2,0,2,0,0,0,0,1,1,6,1,49,8,1998,2,10,-1,1,-1
201550EP2F006,1,3,0,14,0,0,0,0,0,0,4,1,6,1,24,5,125,1,-1,-1,1,-1
201550EP2F007,1,3,0,10,0,1,0,0,0,0,1,1,6,1,20,4,124,1,10,-1,3,-1
201550EP2F007,2,9,0,17,0,5,0,0,0,0,1,1,1,2,74,10,1461,2,5,-1,1,-1
201550EP2F009,1,9,0,18,0,1,0,0,0,0,1,1,6,2,44,7,1896,2,10,-1,1,-1
201550EP2F009,2,9,0,18,0,1,0,0,0,0,2,1,6,2,50,8,1896,2,6,-1,1,-1
201550EP2F012,1,9,0,18,0,1,0,0,0,0,1,1,6,1,49,8,1997,2,13,-1,-1,-1
201550EP2F012,2,9,0,3,0,1,0,0,0,0,2,1,6,2,66,10,1598,1,16,-1,1,-1
201550EP2F015,1,9,0,9,0,8,0,0,0,0,4,1,6,1,40,7,1497,1,14,-1,1,-1
201550EP2F015,2,1,0,18,0,1,0,0,0,0,1,1,6,1,38,7,-1,-1,-1,-1,1,-1
201550EP2F018,1,9,0,16,0,0,0,0,0,0,0,1,6,3,-1,-1,-1,-1,-1,-1,-1,-1
201550EP2F018,2,3,0,17,0,0,2,0,0,0,0,1,6,1,25,5,125,1,1,-1,1,-1
201550EP2F021,1,9,0,18,0,1,0,0,0,0,1,1,6,3,-1,-1,-1,-1,-1,-1,-1,-1
201550EP2F021,2,9,0,9,0,2,0,0,0,0,3,1,1,1,22,5,1341,1,16,-1,1,-1
201550EP2F023,1,9,0,18,0,0,0,0,0,0,1,1,6,1,61,9,-1,-1,-1,-1,1,-1
201550EP2F023,2,9,0,18,0,0,0,0,0,0,1,1,6,1,42,7,898,1,1,-1,1,-1
201550EP2F024,1,9,0,9,0,6,0,0,0,0,3,1,6,1,20,4,1398,1,4,-1,1,-1
201550EP2F024,2,9,0,18,0,1,0,0,0,0,1,1,6,1,58,9,1587,1,20,-1,1,-1
201550EP2F025,1,19,0,11,0,0,0,0,0,0,1,1,1,1,60,9,1995,2,7,-1,1,-1
201550EP2F025,2,9,0,4,0,0,0,0,0,0,2,1,1,1,28,6,1598,2,-1,-1,1,-1
201550EP2F026,1,21,1,11,0,0,0,0,0,0,1,1,1,1,42,7,12777,2,4,-1,1,-1
201550EP2F026,2,9,0,18,0,0,0,0,0,0,2,1,6,1,52,8,1598,2,2,-1,1,-1
201550EP2F027,1,9,0,9,0,6,0,0,0,0,1,1,6,1,78,11,1991,2,12,-1,1,-1
201550EP2F027,2,2,0,18,0,1,0,0,0,0,1,1,2,1,16,4,49,1,7,-1,1,-1
201550EP2F029,1,5,0,18,0,8,0,0,0,0,1,1,6,1,37,7,806,1,1,-1,1,-1
201550EP2F029,2,9,0,5,0,8,0,0,0,0,4,1,6,2,61,9,1198,1,6,-1,1,-1
201550EP2F030,1,9,0,3,0,0,0,0,0,0,2,1,2,1,54,8,1598,2,2,-1,1,-1
201550EP2F030,2,9,0,4,0,0,0,0,0,0,1,1,2,2,54,8,1461,2,5,-1,1,-1
201550EP2F031,1,9,0,7,0,5,0,0,0,0,4,1,6,1,23,5,1390,1,15,-1,1,-1
201550EP2F031,2,5,0,18,2,1,0,0,1,0,1,1,2,1,55,8,656,1,9,-1,1,-1
201550EP2G004,1,9,0,9,0,5,0,0,0,0,4,1,6,2,23,5,1499,2,2,-1,1,-1
201550EP2G004,2,3,0,18,0,1,0,0,0,0,1,1,1,1,26,6,124,1,1,-1,1,-1
201550EP2G005,1,9,0,1,0,0,0,0,0,0,2,1,6,3,-1,-1,1149,1,13,-1,-1,-1
201550EP2G006,1,9,0,18,0,1,1,0,7,2,4,1,6,1,24,5,1396,1,17,-1,1,-1
201550EP2G007,1,9,0,1,0,4,0,0,0,0,2,1,6,2,18,4,1124,1,10,-1,1,-1
201550EP2G007,2,9,0,4,0,4,0,0,0,0,1,1,1,2,30,6,1560,2,10,-1,1,-1
201550EP2G010,1,9,0,7,0,3,0,0,0,0,1,1,6,1,85,11,1199,1,11,-1,3,-1
201550EP2G010,2,1,0,7,0,3,0,0,0,0,2,1,6,1,48,8,-1,-1,-1,-1,1,-1
201550EP2H001,1,9,0,5,0,8,0,0,0,0,1,1,1,1,37,7,1968,2,4,-1,1,-1
201550EP2H001,2,1,0,18,0,8,0,0,0,0,3,1,1,1,25,5,-1,-1,-1,-1,1,-1
201550EP2H002,1,9,0,18,0,0,0,0,0,0,2,1,2,1,62,9,1984,1,11,-1,1,-1
201550EP2H002,2,1,0,18,0,0,0,0,0,0,1,1,2,1,22,5,-1,-1,-1,-1,1,-1
201550EP2H003,1,9,0,9,0,2,0,0,0,0,3,1,6,1,45,7,1360,1,14,-1,1,-1
201550EP2H003,2,3,0,16,0,1,1,0,1,0,1,1,2,1,22,5,125,1,4,-1,1,-1
201550FB2A001,1,9,0,18,0,0,0,0,0,0,1,1,6,1,18,4,1149,1,11,-1,1,-1
201550FB2A001,2,9,0,2,0,0,0,0,0,0,2,1,6,2,44,7,1968,2,1,-1,2,-1
201550FB2A004,1,9,0,9,0,1,0,0,0,0,2,1,6,2,39,7,-1,-1,-1,-1,1,-1
201550FB2A004,2,9,0,18,0,1,0,0,0,0,1,1,6,1,43,7,-1,-1,-1,-1,2,-1
201550FB2A007,1,9,0,5,0,8,0,0,0,0,0,1,6,1,69,10,1896,2,14,-1,1,-1
201550FB2A007,2,9,0,18,0,1,0,0,0,0,2,1,6,2,82,11,1242,1,9,-1,1,-1
201550FB2A007,3,9,0,18,0,1,1,0,0,0,1,1,6,2,24,5,1587,1,11,-1,1,-1
201550FB2A008,1,9,0,5,0,1,0,0,0,0,1,1,6,3,-1,-1,2362,1,14,-1,-1,-1
201550FB2A008,2,9,0,5,0,1,0,0,0,0,2,1,6,2,17,4,1560,2,10,-1,1,-1
201550FB2A009,1,9,0,16,0,0,2,0,2,11,1,1,6,1,24,5,1149,1,14,-1,1,-1
201550FB2A010,1,9,0,8,0,1,0,0,0,0,1,1,1,1,57,9,-1,-1,-1,-1,1,-1
201550FB2A010,2,5,0,8,0,1,0,0,0,0,2,1,6,1,60,9,1200,1,15,-1,1,-1
201550FB2A011,1,9,0,3,0,8,0,0,0,0,2,1,6,2,41,7,1995,2,13,-1,1,-1
201550FB2A011,2,9,0,4,0,8,0,0,0,0,1,1,6,1,72,10,1796,1,4,-1,1,-1
201550FB2A012,1,9,0,9,0,1,0,0,0,0,3,1,6,1,39,7,1388,1,7,-1,1,-1
201550FB2A012,2,3,0,14,0,1,2,0,7,11,1,1,6,1,45,7,125,1,11,-1,1,-1
201550FB2A013,1,9,0,3,0,0,0,0,0,0,2,1,6,1,63,9,1997,1,2,-1,1,-1
201550FB2A013,2,9,0,18,0,0,0,0,0,0,1,1,6,1,63,9,1339,1,11,-1,3,-1
201550FB2A016,1,9,0,10,0,0,0,0,0,0,2,1,6,1,61,9,1248,2,2,-1,1,-1
201550FB2A016,2,9,0,3,0,0,0,0,0,0,2,1,6,1,57,9,1360,1,13,-1,1,-1
201550FB2A016,3,19,0,18,0,0,0,0,0,0,1,1,6,1,23,5,1598,2,2,-1,1,-1
201550FB2A017,1,9,0,4,0,0,0,0,0,0,1,1,6,1,23,5,1198,1,6,-1,1,-1
201550FB2A017,2,9,0,4,0,0,0,0,0,0,2,1,6,1,45,7,1598,1,13,-1,1,-1
201550FB2A017,3,9,0,18,0,0,0,0,0,0,0,1,1,1,26,6,1686,2,2,-1,1,-1
201550FB2B002,1,4,0,17,0,0,0,4,0,0,1,1,6,1,41,7,279,1,5,-1,1,-1
201550FB2B002,2,9,0,2,0,0,0,0,0,0,1,1,6,2,-1,-1,1798,1,9,-1,1,-1
201550FB2B004,1,9,0,2,0,0,0,4,0,0,1,1,6,1,18,4,1242,1,9,-1,1,-1
201550FB2B004,2,1,0,18,0,0,2,4,0,0,1,1,6,1,41,7,-1,-1,-1,-1,1,-1
201550FB2B006,1,9,0,18,0,1,0,0,0,0,1,1,6,3,-1,-1,-1,-1,-1,-1,-1,-1
201550FB2B008,1,9,0,16,0,1,0,0,7,10,1,1,6,1,-1,-1,1196,1,18,-1,1,-1
201550FB2B009,1,9,0,18,0,8,0,0,0,0,1,1,6,1,88,11,2967,1,11,-1,1,-1
201550FB2B009,2,1,0,18,0,8,0,0,0,0,2,1,6,2,53,8,-1,-1,-1,-1,1,-1
201550FB2C001,1,9,0,1,0,0,0,0,0,0,2,1,6,1,32,6,-1,-1,-1,-1,1,-1
201550FB2D001,1,9,0,18,0,0,0,0,0,0,1,1,6,1,21,5,1600,1,22,-1,1,-1
201550FB2D002,1,9,0,9,0,1,0,0,0,0,1,1,6,1,58,9,1995,2,6,-1,1,-1
201550FB2D004,1,9,0,9,0,5,0,0,0,0,2,1,6,1,67,10,1490,1,10,-1,1,-1
201550FB2D004,2,3,0,18,0,1,0,0,0,0,1,1,2,1,41,7,-1,-1,-1,-1,1,-1
201550FB2D005,1,9,0,18,0,0,0,0,0,0,1,1,6,1,25,5,1994,1,16,-1,1,-1
201550FB2D007,1,9,0,18,0,0,0,0,0,0,1,1,1,2,55,8,1956,2,-1,-1,1,-1
201550FB2D010,1,2,0,9,0,1,1,0,0,0,3,1,6,1,18,4,49,1,14,-1,1,-1
201550FB2D011,1,9,0,18,0,0,0,0,0,0,4,1,6,3,-1,-1,-1,-1,-1,-1,-1,-1
201550FB2D011,2,3,0,18,0,0,0,0,0,0,3,1,6,1,20,4,100,1,12,-1,1,-1
201550FB2E001,1,9,0,7,0,5,0,0,0,0,1,1,6,2,25,5,1998,1,10,-1,1,-1
201550FB2E001,2,1,0,17,0,8,0,0,0,0,2,1,2,1,37,7,-1,-1,-1,-1,1,-1
201550FP2A001,1,9,0,18,0,0,0,0,0,0,1,1,6,1,34,6,3200,1,10,-1,1,-1
201550FP2A001,2,9,0,3,0,0,0,0,0,0,2,1,6,2,20,4,1229,1,1,-1,1,-1
201550FP2A001,3,9,0,3,0,0,0,0,0,0,2,1,6,1,26,6,1360,1,11,-1,1,-1
201550FP2A004,1,9,0,18,0,0,0,0,0,0,1,1,6,1,-1,-1,1781,1,20,-1,1,-1
201550FP2A007,1,9,0,4,0,1,0,0,0,0,1,1,1,2,25,5,1364,1,8,-1,1,-1
201550FP2A007,2,9,0,3,0,1,0,0,0,0,2,1,2,1,35,6,1198,1,11,-1,1,-1
201550FP2A008,1,9,0,5,0,6,0,0,0,0,1,1,6,1,51,8,1395,1,1,-1,1,-1
201550FP2A008,2,1,0,17,0,1,0,0,0,0,1,1,6,1,51,8,-1,-1,-1,-1,1,-1
201550FP2A009,1,9,0,1,0,0,0,0,0,0,2,1,6,1,76,11,998,1,1,-1,1,-1
201550FP2A009,2,9,0,2,0,0,0,0,0,0,1,1,6,1,-1,-1,1198,1,9,-1,1,-1
201550FP2A011,1,9,0,18,0,0,0,0,0,0,1,1,6,1,20,4,1998,2,10,-1,1,-1
201550FP2A014,1,9,0,18,0,0,0,0,0,0,1,1,6,1,24,5,1360,1,11,-1,1,-1
201550FP2A014,2,9,0,3,0,0,0,0,0,0,2,1,6,2,39,7,1149,1,13,-1,1,-1
201550FP2A016,1,9,0,18,0,1,0,0,0,0,0,1,6,2,69,10,796,1,10,-1,1,-1
201550FP2A016,2,9,0,10,0,1,0,0,0,0,0,1,6,2,61,9,1390,1,13,-1,1,-1
201550FP2A017,1,9,0,18,0,8,0,0,0,0,1,1,6,1,23,5,-1,-1,-1,-1,1,-1
201550FP2A017,2,9,0,18,0,1,0,0,0,0,1,1,6,2,32,6,-1,-1,-1,-1,1,-1
201550FP2A019,1,9,0,5,0,2,0,0,0,0,1,1,6,2,33,6,2664,2,16,-1,1,-1
201550FP2A019,2,9,0,18,0,2,0,0,1,10,2,1,2,1,34,6,2000,1,21,-1,1,-1
201550FP2A020,1,9,0,18,0,1,0,0,0,0,4,1,2,2,45,7,1997,2,13,-1,1,-1
201550FP2A021,1,9,0,16,0,0,0,0,0,0,1,1,6,1,31,6,1910,2,5,-1,1,-1
201550FP2A021,2,9,0,2,0,0,0,0,7,0,2,1,6,2,27,6,1896,2,8,-1,1,-1
201550FP2A022,1,9,0,16,0,1,0,0,0,0,1,1,6,2,88,11,1896,2,9,-1,1,-1
201550FP2A022,2,9,0,4,0,1,0,0,0,0,1,1,6,1,65,9,1598,1,3,-1,3,-1
201550FP2A025,1,9,0,9,0,1,0,0,0,0,1,1,6,1,22,5,1956,2,-1,-1,1,-1
201550FP2A025,2,3,0,13,0,1,0,0,7,11,1,1,6,1,22,5,124,1,-1,-1,1,-1
201550FP2A026,1,9,0,10,0,6,0,0,0,0,1,1,6,1,53,8,-1,-1,-1,-1,1,-1
201550FP2A026,2,3,0,14,0,1,0,0,0,0,1,1,6,1,20,4,125,1,2,-1,1,-1
201550FP2A027,1,9,0,9,0,1,0,0,0,0,2,1,6,2,36,7,1997,1,8,-1,1,-1
201550FP2A027,2,9,0,18,0,1,0,0,0,0,1,1,6,2,31,6,1560,2,1,-1,2,-1
201550FP2A029,1,9,0,18,0,1,0,0,0,0,1,1,6,1,31,6,1998,2,12,-1,1,-1
201550FP2A029,2,9,0,9,0,2,0,0,0,0,3,1,6,1,38,7,1461,2,4,-1,1,-1
201550FP2A030,1,9,0,9,0,8,0,0,0,0,1,1,6,1,-1,-1,1796,1,8,-1,-1,-1
201550FP2A031,1,9,0,16,0,0,1,0,1,5,1,1,1,1,29,6,1910,2,8,-1,1,-1
201550FP2B001,1,9,0,15,0,0,0,0,0,0,4,1,6,1,52,8,1968,2,7,-1,1,-1
201550FP2B002,1,9,0,13,0,0,0,0,1,11,1,1,6,1,45,7,-1,-1,-1,-1,1,-1
201550FP2B007,1,9,0,18,0,0,0,0,0,0,1,1,6,3,-1,-1,1598,1,10,-1,-1,-1
201550FP2B007,2,9,0,18,0,0,0,0,0,0,2,1,6,2,51,8,1360,1,14,-1,1,-1
201550FP2B008,1,9,0,11,0,0,0,0,0,0,2,1,6,2,56,9,1560,2,7,-1,1,-1
201550FP2B008,2,9,0,11,0,0,0,0,0,0,1,1,6,2,46,8,-1,-1,-1,-1,1,-1
201550FP2B008,3,9,0,11,0,0,0,0,0,0,1,1,6,2,24,5,1368,1,7,-1,1,-1
201550FP2B010,1,21,0,4,0,2,0,0,0,0,1,1,1,1,55,8,5999,2,12,-1,1,-1
201550FP2B010,2,9,0,4,0,2,0,0,0,0,2,1,6,1,53,8,1599,1,12,-1,1,-1
201550FP2B010,3,9,0,4,0,2,0,0,0,0,2,1,6,2,74,10,1386,1,11,-1,1,-1
201550FP2B010,4,9,0,4,0,2,0,0,0,0,2,1,6,1,30,6,1242,1,11,-1,1,-1
201550FP2B010,5,9,0,4,0,2,0,0,0,0,2,1,6,1,71,10,1596,1,5,-1,1,-1
201550FP2B013,1,9,0,16,0,0,0,0,0,0,1,1,6,2,-1,-1,1299,1,15,-1,1,-1
201550FP2B013,2,9,0,17,0,0,0,0,0,0,1,1,6,1,48,8,1685,2,4,-1,1,-1
201550FP2B014,1,3,0,4,0,1,2,0,0,0,0,1,6,1,55,8,124,1,10,-1,1,-1
201550FP2B016,1,9,0,18,0,0,0,4,0,0,1,1,6,1,69,10,1995,2,3,-1,1,-1
201550FP2B016,2,9,0,2,0,0,0,0,0,0,4,1,6,2,40,7,1998,1,13,-1,1,-1
201550FP2B019,1,9,0,18,0,0,0,0,0,0,1,1,6,1,34,6,1997,2,2,-1,1,-1
201550FP2B019,2,9,0,18,0,0,0,0,0,0,2,1,6,1,70,10,2401,2,10,-1,1,-1
201550FP2B022,1,9,0,18,0,1,0,0,0,0,2,1,6,2,68,10,1390,1,13,-1,1,-1
201550FP2B022,2,9,0,18,0,1,0,0,0,0,2,1,6,1,72,10,1896,2,15,-1,1,-1
201550FP2B022,3,9,0,18,0,1,0,0,0,0,2,1,6,2,42,7,-1,-1,-1,-1,1,-1
201550FP2B022,4,5,0,18,0,1,0,0,0,0,1,1,2,1,34,6,600,1,12,-1,1,-1
201550FP2B023,1,9,0,7,0,6,0,4,0,0,1,1,2,1,53,8,1998,1,20,-1,1,-1
201550FP2B023,2,9,0,2,0,2,0,0,0,0,2,1,6,1,41,7,1994,1,13,-1,1,-1
201550FP2B026,1,3,0,18,0,1,0,0,0,0,1,1,6,1,28,6,124,1,10,-1,1,-1
201550FP2B026,2,9,0,7,0,1,0,0,0,0,4,1,6,1,43,7,-1,-1,-1,-1,1,-1
201550FP2C006,1,9,0,18,0,0,0,0,0,0,1,1,6,3,-1,-1,1798,8,3,-1,-1,-1
201550FP2C009,1,9,0,18,0,0,0,0,0,0,1,1,6,3,-1,-1,-1,-1,-1,-1,-1,-1
201550FP2C009,2,9,0,3,0,0,0,0,0,0,2,1,6,2,45,7,-1,-1,-1,-1,1,-1
201550FP2C010,1,21,0,17,0,8,0,0,0,0,1,1,1,1,44,7,6693,2,2,-1,1,-1
201550FP2C010,2,9,0,5,0,2,0,0,0,0,2,1,6,2,21,5,1587,1,12,-1,2,-1
201550FP2C011,1,9,0,18,0,0,0,0,0,0,1,1,6,3,19,4,1600,1,17,-1,1,-1