Accident_Index,Vehicle_Reference,Vehicle_Type,Towing_and_Articulation,Vehicle_Manoeuvre,Vehicle_Location-Restricted_Lane,Junction_Location,Skidding_and_Overturning,Hit_Object_in_Carriageway,Vehicle_Leaving_Carriageway,Hit_Object_off_Carriageway,1st_Point_of_Impact,Was_Vehicle_Left_Hand_Drive?,Journey_Purpose_of_Driver,Sex_of_Driver,Age_of_Driver,Age_Band_of_Driver,Engine_Capacity_(CC),Propulsion_Code,Age_of_Vehicle,Driver_IMD_Decile,Driver_Home_Area_Type,Vehicle_IMD_Decile
201550FP2C011,2,9,0,3,0,0,0,0,0,0,2,1,6,1,44,7,1248,2,8,-1,1,-1
201550FP2C012,1,9,0,1,0,0,0,0,0,0,2,1,1,1,24,5,-1,-1,-1,-1,1,-1
201550FP2C020,1,11,0,7,0,8,0,0,0,0,1,1,1,1,42,7,4580,2,8,-1,1,-1
201550FP2C024,1,9,0,18,0,0,0,0,0,0,1,1,6,1,70,10,-1,-1,-1,-1,1,-1
201550FP2C024,2,1,0,18,0,0,0,0,0,0,2,1,6,1,23,5,-1,-1,-1,-1,1,-1
201550FP2C025,1,8,0,1,0,0,0,0,0,0,2,1,1,1,34,6,1598,1,6,-1,1,-1
201550FP2C026,1,9,0,18,0,8,0,0,0,0,1,1,6,1,20,4,1396,1,12,-1,-1,-1
201550FP2C026,2,1,0,18,0,8,0,0,0,0,3,1,6,1,54,8,-1,-1,-1,-1,1,-1
201550FP2C027,1,9,0,18,0,2,0,0,0,0,1,1,6,1,47,8,1988,2,11,-1,1,-1
201550FP2C030,1,21,1,4,0,0,0,0,0,0,3,1,1,1,26,6,6870,2,8,-1,3,-1
201550FP2C030,2,9,0,15,0,0,0,0,0,0,4,1,6,1,65,9,1995,2,6,-1,1,-1
201550FP2C031,1,9,0,5,0,1,0,0,0,0,2,1,6,1,60,9,1596,1,12,-1,1,-1
201550FP2C031,2,9,0,5,0,1,0,0,0,0,1,1,6,2,27,6,-1,-1,-1,-1,1,-1
201550FP2C031,3,9,0,5,0,1,0,0,0,0,0,1,6,3,-1,-1,-1,-1,-1,-1,-1,-1
201550FP2C032,1,9,0,18,0,1,0,0,0,0,1,1,6,1,24,5,1497,1,12,-1,1,-1
201550FP2D001,1,9,0,10,0,6,0,0,0,0,1,1,6,2,46,8,1995,2,2,-1,1,-1
201550FP2D001,2,9,0,18,0,8,0,0,0,0,2,1,3,2,50,8,1360,1,14,-1,1,-1
201550FP2D004,1,3,0,18,0,1,0,0,0,0,1,1,2,1,38,7,125,1,1,-1,1,-1
201550FP2D004,2,9,0,7,0,6,0,0,0,0,3,1,2,1,26,6,1809,1,26,-1,1,-1
201550FP2D004,3,19,0,9,0,5,0,0,0,0,0,1,6,3,-1,-1,-1,-1,-1,-1,-1,-1
201550FP2D007,1,9,0,18,0,0,0,0,0,0,1,1,6,1,24,5,-1,-1,-1,-1,3,-1
201550FP2D007,2,9,0,2,0,0,0,0,0,0,2,1,6,2,17,4,998,1,7,-1,1,-1
201550FP2D007,3,9,0,2,0,0,0,0,0,0,2,1,6,3,-1,-1,-1,-1,-1,-1,-1,-1
201550FP2D007,4,9,0,2,0,0,0,0,0,0,1,1,6,3,-1,-1,1339,1,12,-1,-1,-1
201550FP2D007,5,9,0,2,0,0,0,0,0,0,3,1,6,3,-1,-1,1596,1,5,-1,-1,-1
201550FP2D007,6,9,0,2,0,0,0,0,0,0,2,1,6,3,-1,-1,1596,1,10,-1,-1,-1
201550FP2D008,1,9,0,4,0,1,0,0,0,0,1,1,6,2,44,7,2000,2,9,-1,1,-1
201550FP2D008,2,9,0,3,0,1,0,0,0,0,2,1,6,1,50,8,1956,2,4,-1,1,-1
201550FP2D010,1,9,0,18,0,0,0,0,0,0,1,1,6,1,19,4,1596,1,14,-1,1,-1
201550FP2D010,2,9,0,18,0,0,0,0,0,0,2,1,6,2,60,9,1560,2,3,-1,-1,-1
201550FP2D011,1,9,0,15,0,1,0,0,0,0,1,1,6,1,53,8,-1,-1,-1,-1,1,-1
201550FP2D011,2,9,0,4,0,1,0,0,0,0,2,1,1,1,-1,-1,1686,2,1,-1,-1,-1
201550FP2D013,1,9,0,18,0,2,1,0,1,0,1,1,6,3,24,5,-1,-1,-1,-1,1,-1
201550FP2D013,2,9,0,18,0,2,0,0,0,0,2,1,6,1,-1,-1,3050,2,20,-1,3,-1
201550FP2D014,1,9,0,3,0,0,0,0,0,0,2,1,6,2,56,9,1590,1,10,-1,1,-1
201550FP2D014,2,9,0,3,0,0,0,0,0,0,2,1,6,2,42,7,2987,2,8,-1,1,-1
201550FP2D014,3,9,0,3,0,0,0,0,0,0,2,1,6,1,47,8,1598,1,15,-1,1,-1
201550FP2D014,4,9,0,4,0,0,0,0,0,0,1,1,6,1,20,4,1086,1,10,-1,1,-1
201550FP2D015,1,9,0,18,0,4,0,0,0,0,1,1,6,1,30,6,1360,1,15,-1,1,-1
201550FP2D015,2,1,0,17,0,4,0,0,0,0,4,1,6,1,42,7,-1,-1,-1,-1,1,-1
201550FP2D018,1,9,0,18,0,8,0,0,0,0,1,1,6,3,-1,-1,1598,1,12,-1,-1,-1
201550FP2D018,2,9,0,3,0,8,0,0,0,0,2,1,2,2,22,5,1984,1,12,-1,1,-1
201550FP2D021,1,9,0,18,0,0,0,0,0,0,1,1,6,3,-1,-1,2148,2,14,-1,-1,-1
201550FP2D021,2,9,0,3,0,0,0,0,0,0,2,1,6,2,51,8,1995,2,10,-1,1,-1
201550FP2D023,1,9,0,9,0,6,0,0,0,0,1,1,6,2,87,11,1396,1,14,-1,1,-1
201550FP2D023,2,9,0,18,0,1,0,0,0,0,1,1,6,2,30,6,1596,1,15,-1,1,-1
201550FP2D025,1,9,0,7,0,0,0,4,0,0,1,1,6,1,29,6,1391,1,14,-1,1,-1
201550FP2D025,2,9,0,2,0,0,0,0,0,0,3,1,6,1,45,7,1998,8,-1,-1,1,-1
201550FP2D026,1,9,0,18,0,0,5,4,0,0,1,1,6,1,40,7,2979,1,12,-1,1,-1
201550FP2D026,2,9,0,2,0,0,0,4,0,0,2,1,6,1,-1,-1,1242,1,14,-1,1,-1
201550FP2D026,3,9,0,2,0,0,0,4,0,0,1,1,6,1,-1,-1,1197,1,2,-1,1,-1
201550FP2D026,4,9,0,2,0,0,0,4,0,0,2,1,6,1,-1,-1,1800,1,17,-1,1,-1
201550FP2D026,5,9,0,2,0,0,0,4,0,0,1,1,6,1,-1,-1,3226,2,14,-1,1,-1
201550FP2D028,1,9,0,10,0,1,0,0,0,0,1,1,6,2,31,6,1598,1,10,-1,1,-1
201550FP2D028,2,5,0,18,0,1,0,0,0,0,3,1,2,1,25,5,600,1,15,-1,1,-1
201550FP2E002,1,9,0,4,0,0,0,0,0,0,1,1,2,2,27,6,1349,1,1,-1,1,-1
201550FP2E002,2,9,0,4,0,0,0,0,0,0,2,1,6,2,80,11,1560,2,3,-1,-1,-1
201550FP2E003,1,9,0,18,0,0,0,0,0,0,1,1,6,1,36,7,998,1,1,-1,1,-1
201550FP2E003,2,9,0,4,0,0,0,0,0,0,2,1,6,1,29,6,-1,-1,-1,-1,3,-1
201550FP2E004,1,11,0,18,0,0,0,0,0,0,2,1,1,1,57,9,4580,2,8,-1,1,-1
201550FP2E004,2,1,0,18,0,0,0,0,0,0,1,1,6,1,-1,-1,-1,-1,-1,-1,1,-1
201550FP2E005,1,9,0,17,0,0,0,0,0,0,1,1,6,1,32,6,1598,1,13,-1,1,-1
201550FP2E006,1,9,0,18,0,1,0,0,0,0,1,1,1,2,24,5,1968,2,4,-1,1,-1
201550FP2E006,2,9,0,4,0,1,0,0,0,0,2,1,6,2,29,6,1598,1,9,-1,1,-1
201550FP2E007,1,3,0,13,0,1,0,0,0,0,1,1,6,1,47,8,125,1,1,-1,1,-1
201550FP2E007,2,9,0,10,0,1,0,0,0,0,3,1,6,2,34,6,1560,2,2,-1,1,-1
201550FP2E008,1,1,0,18,0,0,0,0,0,0,0,1,6,3,-1,-1,-1,-1,-1,-1,-1,-1
201550FP2E009,1,9,0,18,0,8,0,0,0,0,1,1,6,1,41,7,1796,1,14,-1,1,-1
201550FP2E011,1,8,0,18,0,0,0,0,0,0,0,1,6,1,49,8,2198,2,1,-1,1,-1
201550FP2E012,1,9,0,5,0,2,0,0,0,0,1,1,6,1,39,7,1796,1,7,-1,1,-1
201550FP2E013,1,9,0,18,0,8,0,0,0,3,3,1,6,1,62,9,1796,1,11,-1,1,-1
201550FP2E013,2,3,0,18,0,8,0,0,0,1,1,1,6,1,-1,-1,125,1,1,-1,2,-1
201550FP2E014,1,9,0,1,0,1,0,0,0,0,1,1,6,1,19,4,1598,1,5,-1,1,-1
201550FP2E014,2,3,0,18,0,1,0,0,0,0,1,1,6,1,25,5,125,1,-1,-1,1,-1
201550FP2E015,1,9,0,9,0,8,0,0,0,0,1,1,1,1,64,9,1248,2,4,-1,1,-1
201550FP2E015,2,9,0,9,0,8,0,0,0,0,3,1,6,2,57,9,1242,1,6,-1,1,-1
201550FP2E015,3,9,0,18,0,1,0,0,0,0,0,1,6,1,41,7,1242,1,8,-1,2,-1
201550FP2E019,1,3,0,18,0,1,0,0,0,0,0,1,2,1,28,6,124,1,1,-1,1,-1
201550FP2E020,1,9,0,18,0,0,0,0,0,0,0,1,6,2,41,7,1398,1,-1,-1,2,-1
201550FP2F001,1,9,0,3,0,0,0,0,0,0,2,1,6,2,22,5,998,1,8,-1,1,-1
201550FP2F001,2,9,0,18,0,0,0,0,0,0,1,1,6,3,-1,-1,-1,-1,-1,-1,-1,-1
201550FP2F002,1,9,0,18,0,0,0,0,7,4,1,1,6,1,27,6,1587,1,13,-1,1,-1
201550FP2G001,1,5,0,13,0,0,1,4,0,0,4,1,6,1,31,6,900,1,-1,-1,1,-1
201550FP2G001,2,9,0,2,0,0,0,0,0,0,2,1,6,2,20,4,1560,2,1,-1,1,-1
201550FP2G003,1,3,0,13,0,1,0,0,0,0,4,1,2,1,21,5,125,1,1,-1,1,-1
201550FP2G003,2,9,0,10,0,5,0,0,0,0,3,1,2,1,38,7,1956,2,2,-1,1,-1
201550FP2G007,1,9,0,9,0,5,0,0,0,0,4,1,6,1,76,11,1951,2,14,-1,1,-1
201550FP2G007,2,1,0,18,0,1,0,0,0,0,1,1,6,1,41,7,-1,-1,-1,-1,1,-1
201550FP2G008,1,19,0,7,0,1,0,0,0,0,1,1,6,1,-1,-1,2198,2,2,-1,-1,-1
201550FP2G008,2,1,0,18,0,1,0,0,0,0,4,1,6,1,57,9,-1,-1,-1,-1,1,-1
201550FP2H003,1,11,0,5,0,0,0,0,0,0,0,1,1,1,-1,-1,2860,2,13,-1,1,-1
201550FP2H006,1,9,0,5,0,2,0,0,0,0,3,1,2,2,26,6,1968,2,1,-1,1,-1
201550FP2H006,2,3,0,18,0,2,0,0,0,0,1,1,2,1,25,5,125,1,11,-1,1,-1
201550FP2H009,1,9,0,4,0,1,0,0,0,0,0,1,6,3,-1,-1,-1,-1,-1,-1,-1,-1
201550FP2H009,2,11,0,4,0,1,0,0,0,0,0,1,1,1,51,8,4580,2,8,-1,1,-1
201550FP2I002,1,9,0,18,0,0,0,4,1,11,1,1,6,2,32,6,1796,1,12,-1,1,-1
201550FP2I002,2,9,0,2,0,0,0,0,0,0,4,1,6,2,35,6,-1,-1,-1,-1,1,-1
201550FP2I002,3,19,0,2,0,0,0,0,0,0,3,1,6,1,25,5,-1,-1,-1,-1,1,-1
201550FP2J004,1,9,0,2,0,0,0,0,0,0,2,1,6,1,43,7,2495,2,15,-1,1,-1
201550FP2J004,2,9,0,17,0,0,0,4,0,0,1,1,6,1,39,7,-1,-1,-1,-1,1,-1
201550FP2J006,1,9,0,18,0,0,0,0,0,0,1,1,6,3,76,11,998,1,13,-1,1,-1
201550FP2J009,1,19,0,1,0,0,0,0,0,0,2,1,6,1,38,7,2198,2,1,-1,1,-1
201550FP2J009,2,9,0,3,0,0,0,0,0,0,3,1,6,2,24,5,1598,1,19,-1,1,-1
201550FT2A004,1,9,0,18,0,0,0,4,0,0,1,1,6,1,62,9,1870,2,5,-1,1,-1
201550FT2A004,2,9,0,2,0,0,0,4,0,0,1,1,6,1,26,6,1995,2,13,-1,1,-1
201550FT2A004,3,9,0,2,0,0,0,0,0,0,2,1,6,2,80,11,1388,1,9,-1,1,-1
201550FT2A005,1,9,0,18,0,0,0,0,0,0,1,1,6,2,31,6,-1,-1,-1,-1,1,-1
201550FT2A006,1,9,0,18,0,0,0,0,0,0,1,1,6,3,-1,-1,-1,-1,-1,-1,-1,-1
201550FT2A006,2,1,0,18,0,0,0,0,0,0,2,1,4,1,15,3,-1,-1,-1,-1,1,-1
201550FT2A009,1,9,0,18,0,2,5,0,0,10,1,1,6,2,50,8,1299,1,14,-1,1,-1
201550FT2A011,1,9,0,16,0,0,1,0,0,0,1,1,6,1,31,6,1970,1,14,-1,1,-1
201550FT2A011,2,9,0,17,0,0,0,0,0,0,1,1,6,2,76,11,998,1,1,-1,1,-1
201550FT2A012,1,9,0,16,0,0,1,0,8,7,4,1,6,2,22,5,1994,1,14,-1,1,-1
201550FT2A012,2,9,0,18,0,0,0,0,8,7,1,1,1,1,43,7,1499,2,2,-1,1,-1
201550FT2B002,1,9,0,5,0,0,0,0,0,0,0,1,6,2,33,6,1999,1,14,-1,1,-1
201550FT2B003,1,9,0,18,0,4,0,0,0,0,1,1,6,3,-1,-1,1984,1,18,-1,-1,-1
201550FT2B003,2,9,0,18,0,4,0,0,0,0,2,1,6,1,25,5,1988,1,11,-1,1,-1
201550FT2B004,1,9,0,18,0,1,1,0,0,0,1,1,6,1,32,6,1386,1,6,-1,1,-1
201550FT2B006,1,9,0,18,0,0,0,4,0,0,4,1,2,1,24,5,-1,-1,-1,-1,1,-1
201550FT2B006,2,9,0,2,0,0,0,0,0,0,3,1,6,1,46,8,2231,2,4,-1,1,-1
201550FT2B006,3,9,0,2,0,0,0,0,0,0,4,1,6,2,30,6,1149,1,7,-1,1,-1
201550FT2B008,1,19,0,5,0,2,0,0,0,0,4,1,1,1,54,8,2998,2,7,-1,1,-1
201550FT2B008,2,1,0,17,0,8,0,0,0,0,1,1,6,1,46,8,-1,-1,-1,-1,1,-1
201550FT2B009,1,9,0,5,0,1,0,0,0,0,1,1,2,2,21,5,1590,1,10,-1,1,-1
201550FT2B009,2,9,0,3,0,1,0,0,0,0,2,1,6,2,24,5,1598,1,1,-1,1,-1
201550FT2B013,1,5,0,16,0,0,2,0,0,11,4,1,6,1,37,7,955,1,15,-1,1,-1
201550FT2B013,2,9,0,17,0,0,1,0,0,0,1,1,2,1,49,8,1391,1,21,-1,1,-1
201550FT2B015,1,9,0,18,0,0,0,0,0,0,0,1,6,2,25,5,1968,2,9,-1,1,-1
201550FT2B016,1,9,0,1,9,6,0,0,0,0,2,1,2,1,22,5,1998,2,13,-1,1,-1
201550FT2B017,1,9,0,4,0,0,0,0,0,0,1,1,1,1,59,9,1389,1,12,-1,1,-1
201550FT2B017,2,9,0,4,0,0,1,0,0,0,1,1,6,1,24,5,1796,1,16,-1,1,-1
201550FT2B018,1,9,0,7,0,6,0,0,0,0,1,1,6,2,26,6,998,1,1,-1,1,-1
201550FT2B018,2,9,0,18,0,1,0,0,0,0,4,1,6,2,28,6,1360,1,12,-1,1,-1
201550FT2B022,1,9,0,5,0,2,0,0,0,0,1,1,6,2,56,9,1598,1,16,-1,1,-1
201550FT2B022,2,9,0,18,0,8,0,0,0,0,3,1,6,1,28,6,1598,1,12,-1,3,-1
201550FT2B024,1,19,0,3,0,1,0,0,0,0,1,1,6,1,-1,-1,1905,2,15,-1,1,-1
201550FT2B024,2,9,0,18,0,1,0,0,0,0,2,1,6,2,23,5,1242,1,12,-1,1,-1
201550FT2B027,1,9,0,18,0,0,0,0,1,2,1,1,6,2,40,7,1997,1,11,-1,1,-1
201550FT2B029,1,8,0,1,0,0,0,0,0,0,2,1,6,1,47,8,1910,2,7,-1,1,-1
201550FT2B031,1,9,0,5,0,3,0,0,0,0,1,1,6,2,68,10,1598,2,-1,-1,1,-1
201550FT2B031,2,9,0,5,0,3,0,0,0,0,1,1,2,2,57,9,1988,1,16,-1,1,-1
201550FT2B033,1,9,0,2,0,0,0,0,0,0,3,1,6,1,69,10,1300,1,16,-1,1,-1
201550FT2B033,2,9,0,14,0,0,0,8,0,0,4,1,6,3,-1,-1,-1,-1,-1,-1,-1,-1
201550FT2C003,1,8,0,1,0,0,0,0,0,0,2,1,1,1,33,6,1910,2,9,-1,1,-1
201550FT2C005,1,5,0,18,0,1,0,0,0,0,2,1,1,1,30,6,599,1,4,-1,1,-1
201550FT2C005,2,9,0,10,0,1,0,0,0,0,1,1,6,1,49,8,1796,1,7,-1,1,-1
201550FT2C009,1,9,0,18,0,0,0,0,0,0,1,1,6,1,22,5,1796,1,15,-1,1,-1
201550FT2C009,2,9,0,18,0,0,0,0,0,0,1,1,6,1,22,5,1796,1,9,-1,1,-1
201550FT2C010,1,3,0,18,0,0,1,0,0,0,1,1,6,1,19,4,124,1,6,-1,2,-1
201550FT2C010,2,9,0,4,0,0,0,0,0,0,2,1,6,1,18,4,1299,1,13,-1,1,-1
201550FT2C016,1,9,0,18,0,0,0,0,0,0,4,1,6,2,60,9,1339,1,9,-1,1,-1
201550FT2C016,2,9,0,2,0,0,0,0,0,0,4,1,6,3,-1,-1,-1,-1,-1,-1,-1,-1
201550FT2C020,1,9,0,9,0,5,0,0,0,0,1,1,1,1,53,8,1997,2,6,-1,1,-1
201550FT2C027,1,9,0,18,0,1,0,0,0,0,1,1,6,1,64,9,1998,1,11,-1,1,-1
201550FT2D014,1,9,0,18,0,1,0,0,0,0,1,1,6,1,16,4,-1,-1,-1,-1,1,-1
201550FT2D014,2,9,0,18,0,1,0,0,0,0,4,1,1,1,43,7,1797,8,-1,-1,1,-1
201550FT2D017,1,9,0,18,0,0,0,0,0,0,0,1,6,2,64,9,1794,1,13,-1,1,-1
201550FT2D017,2,9,0,2,0,0,0,0,0,0,0,1,6,2,27,6,1796,1,2,-1,1,-1
201550FT2D019,1,11,0,18,0,0,0,0,0,0,1,1,1,1,45,7,8300,2,8,-1,1,-1
201550FT2D024,1,9,0,7,0,6,0,0,0,0,1,1,2,2,50,8,1968,2,-1,-1,1,-1
201550FT2D024,2,9,0,18,0,1,0,0,0,0,1,1,2,2,50,8,899,1,2,-1,1,-1
201550FT2D025,1,9,0,18,0,8,0,0,0,0,1,1,6,1,27,6,2198,1,7,-1,2,-1
201550FT2D027,1,9,0,9,0,6,0,0,0,0,0,1,6,2,48,8,1799,1,5,-1,1,-1
201550FT2D027,2,9,0,18,0,1,0,4,0,0,1,1,6,1,67,10,998,1,-1,-1,1,-1
201550FT2D027,3,9,0,18,0,1,0,0,0,0,3,1,6,1,67,10,1248,1,2,-1,1,-1
201550FT2D027,4,9,0,2,0,2,0,4,0,0,1,1,6,1,35,6,1783,1,13,-1,1,-1
201550FT2D027,5,9,0,2,0,2,0,4,0,0,2,1,6,1,61,9,1598,1,-1,-1,1,-1
201550FT2E001,1,9,0,18,0,1,0,0,0,0,1,1,6,3,-1,-1,-1,-1,-1,-1,-1,-1
201550FT2E002,1,20,0,18,0,0,0,0,0,0,4,1,1,1,48,8,-1,-1,-1,-1,1,-1
201550FT2E003,1,9,0,2,0,1,0,0,0,0,0,1,6,3,-1,-1,-1,-1,-1,-1,-1,-1
201550FT2E004,1,11,0,2,2,1,0,0,0,0,0,1,1,1,31,6,9000,2,3,-1,1,-1
201550FT2E006,1,9,0,5,0,0,0,0,0,0,0,1,6,3,-1,-1,-1,-1,-1,-1,-1,-1
201550FT2E007,1,9,0,2,0,0,0,0,0,0,3,1,6,1,34,6,2685,2,10,-1,1,-1
201550FT2E007,2,1,0,14,0,0,0,0,0,0,1,1,6,2,70,10,-1,-1,-1,-1,1,-1
201550FT2E010,1,9,0,2,0,6,0,10,1,0,2,1,6,2,45,7,1686,2,4,-1,1,-1
201550FT2E013,1,11,0,3,0,0,0,0,0,0,1,1,1,1,59,9,3900,2,9,-1,1,-1
201550FT2E014,1,11,0,3,0,1,0,0,0,0,0,1,1,1,59,9,9000,2,3,-1,1,-1
201550FT2E016,1,8,0,18,0,1,0,0,0,0,1,1,1,1,43,7,1968,2,6,-1,1,-1
201550FT2E017,1,9,0,4,0,0,0,0,0,0,1,1,6,2,56,9,1998,1,11,-1,1,-1
201550FT2E021,1,11,0,18,0,0,0,0,0,0,2,1,1,1,29,6,8268,2,10,-1,1,-1
201550FT2E021,2,1,0,18,0,0,0,0,0,0,3,1,6,1,59,9,-1,-1,-1,-1,1,-1
201550FT2E026,1,9,0,18,0,0,0,0,0,0,1,1,6,1,21,5,1995,2,1,-1,1,-1
201550FT2F001,1,9,0,7,0,8,0,0,0,0,1,1,6,1,21,5,-1,-1,-1,-1,2,-1
201550FT2F001,2,9,0,18,0,1,0,0,0,0,1,1,6,2,35,6,1796,1,8,-1,1,-1
201550FT2F004,1,9,0,9,0,6,0,0,0,0,1,1,6,1,27,6,-1,-1,-1,-1,1,-1
201550FT2F004,2,11,0,18,0,1,0,0,0,0,1,1,1,1,59,9,8268,2,11,-1,1,-1
201550FT2F006,1,8,0,18,0,8,0,0,0,0,4,1,1,1,66,10,1896,2,5,-1,3,-1
201550FT2F006,2,9,0,18,0,1,1,0,0,0,1,1,6,3,-1,-1,1360,1,14,-1,-1,-1
201550FT2F008,1,9,0,9,0,5,0,0,0,0,1,1,2,2,56,9,1248,1,4,-1,1,-1
201550FT2F008,2,1,0,18,0,8,0,0,0,0,4,1,6,2,32,6,-1,-1,-1,-1,1,-1
201550FT2F010,1,9,0,16,0,0,0,0,7,10,1,1,6,1,18,4,1124,1,10,-1,-1,-1
201550FT2F011,1,20,0,18,0,0,0,0,0,0,0,1,6,1,48,8,4462,2,2,-1,1,-1
201550FT2F011,2,4,0,18,0,0,0,0,0,0,0,1,6,1,44,7,347,1,31,-1,1,-1
201550FT2F013,1,9,0,6,0,0,0,0,0,0,1,1,2,2,55,8,1360,1,9,-1,1,-1
201550FT2F013,2,5,0,14,0,0,2,0,0,0,1,1,6,1,36,7,600,1,8,-1,1,-1
201550FT2F014,1,9,0,18,0,8,0,0,7,11,1,1,6,1,53,8,-1,-1,-1,-1,1,-1
201550FT2F017,1,9,0,4,0,0,0,0,1,11,1,1,6,2,58,9,1124,1,13,-1,1,-1
201550FT2F019,1,9,0,18,0,0,1,4,0,0,1,1,6,1,51,8,-1,-1,-1,-1,1,-1
201550FT2F019,2,9,0,2,0,0,0,4,0,0,1,1,6,2,31,6,1796,1,16,-1,1,-1
201550FT2F019,3,9,0,2,0,0,0,4,0,0,2,1,6,2,58,9,1560,2,2,-1,2,-1
201550FT2F019,4,9,0,3,0,0,0,0,0,0,2,1,6,1,48,8,1896,2,11,-1,1,-1
201550FT2F019,5,9,0,3,0,0,0,0,0,0,2,1,6,1,61,9,2148,2,8,-1,1,-1
201550FT2F020,1,9,0,6,0,0,0,0,0,0,0,1,6,1,56,9,1689,2,13,-1,1,-1
201550FT2F020,2,1,0,18,0,0,0,0,0,0,1,1,6,1,42,7,-1,-1,-1,-1,1,-1
201550FT2F023,1,3,0,15,9,0,2,10,0,0,1,1,6,1,-1,-1,124,1,13,-1,1,-1
201550FT2F024,1,9,0,18,0,1,0,0,0,0,1,1,6,3,-1,-1,-1,-1,-1,-1,-1,-1
201550FT2F024,2,3,0,18,0,1,0,0,0,0,1,1,6,1,71,10,-1,-1,-1,-1,1,-1
201550FT2F025,1,9,0,3,0,1,0,0,0,0,1,1,6,1,72,10,1598,1,16,-1,1,-1
201550FT2F025,2,9,0,18,0,1,0,0,0,0,1,1,6,2,67,10,1998,2,-1,-1,1,-1
201550FT2F030,1,9,0,18,0,0,0,0,0,0,1,1,6,3,-1,-1,-1,-1,-1,-1,-1,-1
201550FT2G004,1,9,0,18,0,2,0,0,0,0,4,1,6,2,74,10,1560,2,4,-1,1,-1
201550FT2G006,1,9,0,5,0,8,0,0,0,0,1,1,6,2,25,5,1398,1,3,-1,2,-1
201550FT2G006,2,20,0,18,0,1,0,0,0,0,4,1,6,1,51,8,-1,-1,-1,-1,1,-1
201550FT2H002,1,9,0,9,0,1,0,0,0,0,3,1,6,2,69,10,1598,1,1,-1,1,-1
201550FT2H002,2,5,0,13,0,1,2,0,8,11,4,1,6,1,45,7,600,1,14,-1,1,-1
201550FT2H003,1,9,0,7,0,8,0,0,0,0,3,1,6,1,50,8,1997,2,10,-1,1,-1
201550FT2H003,2,9,0,18,0,8,0,0,0,0,1,1,6,2,18,4,-1,-1,-1,-1,1,-1
201550FT2H012,1,9,0,18,0,8,0,0,0,0,1,1,2,1,33,6,1956,2,6,-1,2,-1
201550FT2H012,2,9,0,9,0,5,0,0,7,0,1,1,3,2,25,5,1388,1,13,-1,1,-1
201550FT2H016,1,9,0,18,0,1,0,0,1,2,1,1,6,1,25,5,1598,2,3,-1,3,-1
201550FT2H017,1,3,0,18,0,0,5,0,1,0,0,1,6,1,21,5,124,1,8,-1,1,-1
201550FT2H020,1,9,0,5,0,4,0,0,0,0,1,1,6,2,22,5,1997,2,10,-1,1,-1
201550FT2H020,2,5,0,9,0,8,0,0,0,0,4,1,6,1,50,8,598,1,18,-1,3,-1
201550FT2H023,1,9,0,9,0,4,0,0,0,0,1,1,2,1,62,9,1598,2,5,-1,1,-1
201550FT2H023,2,9,0,5,0,4,0,0,0,0,2,1,6,2,57,9,1360,1,8,-1,1,-1
201550FT2H024,1,9,0,5,0,4,0,0,0,0,3,1,6,1,81,11,1124,1,12,-1,2,-1
201550FT2H024,2,9,0,9,0,3,0,0,0,0,1,1,6,1,53,8,1560,2,5,-1,1,-1
201550FT2H025,1,9,0,4,0,1,0,0,0,0,2,1,6,1,35,6,2179,2,12,-1,1,-1
201550FT2H025,2,9,0,4,0,1,0,0,0,0,1,1,6,1,55,8,3950,1,15,-1,1,-1
201550FT2H026,1,1,0,18,0,1,0,0,0,0,1,1,1,2,43,7,-1,-1,-1,-1,1,-1
201550FT2H026,2,9,0,5,0,6,0,0,0,0,1,1,3,2,43,7,1598,1,3,-1,1,-1
201550FT2H029,1,9,0,9,0,8,0,0,0,0,1,1,6,1,28,6,1998,2,9,-1,1,-1
201550FT2H029,2,3,0,18,0,8,0,0,0,0,4,1,6,1,60,9,124,1,10,-1,1,-1
201550FT2H030,1,9,0,9,0,8,0,0,0,0,1,1,6,2,65,9,1598,1,5,-1,1,-1
201550FT2I002,1,9,0,18,0,0,0,0,0,0,0,1,6,3,-1,-1,-1,-1,-1,-1,-1,-1
201550FT2I003,1,9,0,7,0,6,0,0,0,0,3,1,6,2,67,10,1364,1,9,-1,1,-1
201550FT2I003,2,5,0,18,0,8,0,0,0,0,1,1,6,1,71,10,1300,1,7,-1,1,-1
201550FT2I004,1,9,0,18,0,1,0,0,0,0,4,1,6,1,33,6,2179,2,12,-1,1,-1
201550FT2I006,1,9,0,10,0,1,0,0,0,0,4,1,6,1,73,10,998,1,16,-1,1,-1
201550FT2I006,2,9,0,18,0,1,0,0,0,0,1,1,6,2,29,6,1390,1,13,-1,1,-1
201550FT2I007,1,9,0,9,0,6,0,0,0,0,3,1,6,1,45,7,1587,1,10,-1,1,-1
201550FT2I007,2,2,0,4,0,1,0,0,0,0,3,1,2,1,25,5,49,1,1,-1,1,-1
201550FT2I009,1,9,0,18,0,0,0,0,0,0,1,1,6,2,17,4,999,1,10,-1,3,-1
201550FT2I009,2,9,0,3,0,0,0,0,0,0,2,1,6,1,29,6,1998,1,13,-1,1,-1
201550FT2I014,1,9,0,4,0,1,5,0,1,11,1,1,6,2,66,10,-1,-1,-1,-1,1,-1
201550FT2I017,1,9,0,5,0,4,1,0,0,0,1,1,2,1,34,6,1968,2,4,-1,1,-1
201550FT2I017,2,5,0,9,0,3,0,0,0,0,1,1,6,1,33,6,535,1,17,-1,1,-1
201550FT2I018,1,9,0,5,0,1,0,0,0,0,2,1,2,2,54,8,1598,1,11,-1,1,-1
201550FT2I018,2,9,0,5,0,1,0,0,0,0,1,1,3,2,32,6,1685,2,1,-1,1,-1
201550FT2I020,1,9,0,18,0,0,0,4,0,0,4,1,6,2,23,5,996,1,1,-1,2,-1
201550FT2I020,2,9,0,2,0,0,0,4,0,0,2,1,4,2,64,9,1242,1,5,-1,1,-1
201550FT2I020,3,9,0,2,0,0,0,4,0,0,2,1,6,2,46,8,1497,1,14,-1,1,-1
201550FT2I020,4,9,0,2,0,0,0,0,0,0,2,1,6,1,42,7,1998,1,12,-1,1,-1