Accident_Index,Vehicle_Reference,Vehicle_Type,Towing_and_Articulation,Vehicle_Manoeuvre,Vehicle_Location-Restricted_Lane,Junction_Location,Skidding_and_Overturning,Hit_Object_in_Carriageway,Vehicle_Leaving_Carriageway,Hit_Object_off_Carriageway,1st_Point_of_Impact,Was_Vehicle_Left_Hand_Drive?,Journey_Purpose_of_Driver,Sex_of_Driver,Age_of_Driver,Age_Band_of_Driver,Engine_Capacity_(CC),Propulsion_Code,Age_of_Vehicle,Driver_IMD_Decile,Driver_Home_Area_Type,Vehicle_IMD_Decile
201550GA2I006,1,9,0,18,0,0,0,0,0,0,0,1,6,3,-1,-1,-1,-1,-1,-1,-1,-1
201550GA2I009,1,19,0,1,0,0,0,0,0,0,2,1,6,3,-1,-1,-1,-1,-1,-1,-1,-1
201550GA2I009,2,3,0,18,0,0,0,0,0,0,1,1,6,1,17,4,-1,-1,-1,-1,3,-1
201550GA2I010,1,9,0,18,0,1,0,0,0,0,1,1,6,1,68,10,1422,2,8,-1,3,-1
201550GA2J001,1,9,0,18,0,0,5,0,1,11,4,1,6,2,41,7,2493,1,11,-1,3,-1
201550GA2J003,1,9,0,17,0,0,1,0,0,0,4,1,1,1,25,5,1299,1,13,-1,3,-1
201550GA2J003,2,9,0,18,0,0,0,0,0,0,1,1,1,1,34,6,1200,1,2,-1,1,-1
201550GA2K001,1,9,0,16,0,0,5,0,0,11,1,1,6,2,50,8,1400,1,9,-1,3,-1
201550GA2M001,1,4,0,16,0,0,1,4,0,0,1,1,6,1,39,7,349,1,2,-1,3,-1
201550GA2M001,2,9,0,2,0,0,0,0,0,0,3,1,1,1,61,9,1998,2,9,-1,2,-1
201550GA2O001,1,8,0,18,0,8,0,0,0,0,3,1,1,1,50,8,1997,2,4,-1,2,-1
201550GA2O001,2,9,0,18,0,8,0,0,0,0,1,1,2,1,48,8,1997,2,12,-1,3,-1
201550GA2O003,1,9,0,18,0,0,1,0,1,11,1,1,2,1,46,8,-1,-1,-1,-1,2,-1
201550GA2O003,2,9,0,18,0,0,0,0,0,0,2,1,1,1,47,8,1560,2,3,-1,1,-1
201550GA2O005,1,9,0,18,0,1,0,0,0,0,1,1,1,1,38,7,1343,1,11,-1,3,-1
201550GA2O006,1,9,0,18,0,1,0,0,0,0,0,1,6,3,-1,-1,-1,-1,-1,-1,-1,-1
201550GA2O006,2,9,0,3,0,1,0,0,0,0,2,1,6,2,30,6,1995,2,5,-1,1,-1
201550GA2O007,1,9,0,9,0,1,0,0,0,0,1,1,2,1,31,6,1991,1,1,-1,3,-1
201550GA2O007,2,9,0,18,0,1,1,0,0,0,1,1,2,2,21,5,1200,1,3,-1,1,-1
201550GA2O008,1,9,0,18,0,1,0,0,0,0,1,1,6,1,41,7,1968,2,12,-1,-1,-1
201550GA2O008,2,9,0,3,0,1,0,0,0,0,2,1,6,1,66,10,1560,2,4,-1,-1,-1
201550GA2O013,1,19,0,2,0,0,0,0,7,11,2,1,1,1,-1,-1,2998,2,5,-1,-1,-1
201550GA2O017,1,9,0,9,0,8,0,0,0,0,0,1,6,1,31,6,1149,1,14,-1,1,-1
201550GA2O017,2,3,0,18,0,8,0,0,0,0,0,1,6,1,23,5,124,1,12,-1,-1,-1
201550GA2O018,1,9,0,1,0,2,0,0,0,0,2,1,6,2,46,8,1896,2,9,-1,3,-1
201550GA2P001,1,9,0,18,0,0,0,0,0,0,4,1,6,1,57,9,-1,-1,-1,-1,3,-1
201550GA2P002,1,9,0,18,0,0,0,0,7,2,1,1,6,1,46,8,1995,2,11,-1,1,-1
201550GA2P003,1,1,0,18,0,6,0,0,0,0,1,1,6,1,11,3,-1,-1,-1,-1,1,-1
201550GA2P003,2,9,0,3,0,1,0,0,0,0,3,1,2,2,60,9,1360,1,9,-1,1,-1
201550GA2P006,1,21,0,18,0,0,0,0,0,0,4,1,1,1,52,8,9200,2,3,-1,1,-1
201550GA2P006,2,9,0,2,0,0,0,0,0,0,3,1,6,2,28,6,1299,1,13,-1,2,-1
201550GA2P008,1,9,0,18,0,0,0,0,0,0,1,1,6,1,19,4,998,1,6,-1,1,-1
201550GA2P010,1,9,0,18,0,0,0,0,1,11,1,1,6,1,80,11,1299,1,12,-1,1,-1
201550GA2P010,2,19,0,4,0,0,0,0,0,0,2,1,6,1,48,8,-1,-1,-1,-1,1,-1
201550GA2P013,1,9,0,18,0,0,0,0,0,0,4,1,1,1,18,4,1298,1,15,-1,3,-1
201550GA2P014,1,9,0,18,0,1,0,0,0,0,1,1,6,1,38,7,1560,2,11,-1,1,-1
201550GA2P016,1,9,0,5,0,0,0,0,0,0,0,1,6,2,75,10,1598,1,15,-1,1,-1
201550GA2P016,2,1,0,18,0,0,0,0,0,0,0,1,6,2,-1,-1,-1,-1,-1,-1,-1,-1
201550GA2P017,1,9,0,4,0,0,0,0,0,0,1,1,2,1,30,6,998,1,19,-1,1,-1
201550GA2P017,2,9,0,4,0,0,0,0,0,0,2,1,2,2,27,6,1984,1,15,-1,1,-1
201550GA2P019,1,9,0,4,0,1,0,0,0,0,1,1,2,1,35,6,1240,1,9,-1,1,-1
201550GA2P020,1,9,0,18,0,0,0,0,0,0,4,1,6,1,78,11,3239,1,18,-1,1,-1
201550GA2P021,1,9,0,5,0,1,0,0,0,0,1,1,1,1,40,7,2967,2,5,-1,1,-1
201550GA2P021,2,9,0,3,0,1,0,0,0,0,2,1,1,1,26,6,1598,1,10,-1,2,-1
201550GA2P023,1,9,0,16,0,2,0,0,0,0,1,1,6,1,29,6,2495,2,18,-1,1,-1
201550GA2P023,2,9,0,10,0,1,0,0,0,0,2,1,1,2,45,7,1796,1,13,-1,2,-1
201550GA2P024,1,9,0,3,0,4,0,0,0,0,1,1,2,1,69,10,2148,2,14,-1,2,-1
201550GA2P024,2,9,0,3,0,1,0,0,0,0,2,1,1,2,54,8,1299,1,14,-1,1,-1
201550GA2P026,1,9,0,18,0,1,0,0,0,0,1,1,6,1,16,4,-1,-1,-1,-1,1,-1
201550GA2P026,2,9,0,18,0,1,0,0,0,0,1,1,6,2,47,8,1596,1,10,-1,1,-1
201550GA2P027,1,9,0,17,9,8,0,10,3,11,1,1,6,1,87,11,2776,2,7,-1,1,-1
201550GA2P029,1,9,0,18,0,0,0,0,0,0,3,1,6,2,26,6,1689,2,13,-1,1,-1
201550GA2P029,2,9,0,18,0,0,0,0,0,0,3,1,6,2,50,8,1240,1,12,-1,3,-1
201550GA2P030,1,9,0,18,0,4,0,0,0,0,1,1,6,1,-1,-1,2151,2,13,-1,1,-1
201550GA2P030,2,9,0,9,0,8,0,0,0,0,4,1,6,2,24,5,1149,1,13,-1,1,-1
201550GA2Q002,1,9,0,3,0,3,0,0,0,0,2,1,6,1,32,6,1598,1,13,-1,3,-1
201550GA2Q002,2,3,0,3,0,3,1,0,0,0,1,1,6,2,22,5,124,1,7,-1,3,-1
201550GA2Q003,1,9,0,18,0,0,1,0,0,0,1,1,2,2,21,5,-1,-1,-1,-1,1,-1
201550GA2Q003,2,9,0,2,0,0,0,0,0,0,2,1,6,1,24,5,-1,-1,-1,-1,1,-1
201550GA2Q010,1,9,0,4,0,1,0,0,0,0,0,1,6,1,46,8,1598,1,7,-1,2,-1
201550GA2Q010,2,9,0,18,0,1,0,0,0,0,1,1,6,2,37,7,1997,2,6,-1,2,-1
201550GA2Q010,3,9,0,18,0,1,0,0,0,0,1,1,6,2,18,4,1124,1,23,-1,1,-1
201550GA2Q011,1,19,0,18,0,0,0,0,0,0,4,1,1,1,59,9,1997,2,3,-1,1,-1
201550GA2Q012,1,9,0,7,0,1,0,0,0,0,1,1,6,1,56,9,1596,1,1,-1,3,-1
201550GA2Q012,2,3,0,9,0,6,0,0,0,0,1,1,6,1,18,4,125,1,9,-1,1,-1
201550GA2Q013,1,3,0,18,0,0,1,4,0,0,1,1,6,1,20,4,124,1,1,-1,1,-1
201550GA2Q013,2,9,0,2,0,0,0,0,0,0,2,1,6,2,43,7,1896,2,10,-1,1,-1
201550GA2Q014,1,9,0,18,0,0,0,0,0,0,1,1,6,2,24,5,1995,1,7,-1,3,-1
201550GA2Q014,2,19,0,18,0,0,0,0,0,0,3,1,6,1,70,10,1868,2,9,-1,3,-1
201550GA2Q016,1,9,0,8,0,1,0,0,0,0,1,1,6,2,42,7,1598,1,12,-1,1,-1
201550GA2Q017,1,9,0,18,0,8,0,0,0,0,2,1,6,2,58,9,999,1,4,-1,1,-1
201550GA2Q017,2,3,0,18,0,8,0,0,0,0,1,1,6,1,-1,-1,124,1,1,-1,2,-1
201550GA2Q019,1,9,0,18,0,0,0,0,0,0,1,1,2,1,21,5,1229,1,10,-1,3,-1
201550GA2Q019,2,9,0,3,0,0,0,0,0,0,2,1,6,1,57,9,1560,2,1,-1,1,-1
201550GA2Q019,3,19,0,3,0,0,0,0,0,0,2,1,6,1,27,6,1598,2,7,-1,1,-1
201550GA2Q020,1,9,0,18,0,5,1,0,3,3,1,1,6,1,49,8,2397,1,16,-1,1,-1
201550GA2Q021,1,9,0,4,0,1,0,0,0,0,1,1,6,1,21,5,1995,2,6,-1,1,-1
201550GA2Q021,2,9,0,3,0,1,0,0,0,0,2,1,6,1,43,7,1995,2,1,-1,1,-1
201550GA2Q023,1,3,0,18,0,0,1,0,0,0,3,1,6,2,48,8,124,1,17,-1,1,-1
201550GA2Q023,2,9,0,14,0,0,0,0,0,0,0,1,6,1,63,9,1461,2,2,-1,3,-1
201550GA2Q029,1,9,0,18,0,1,0,0,0,0,1,1,2,1,35,6,1896,2,10,-1,1,-1
201550GA2Q029,2,9,0,3,0,1,0,0,0,0,2,1,1,2,48,8,1200,1,1,-1,1,-1
201550GA2Q029,3,9,0,3,0,1,0,0,0,0,2,1,6,2,32,6,1999,1,-1,-1,3,-1
201550GA2Q036,1,9,0,4,0,0,0,0,0,0,1,1,1,1,29,6,1596,1,5,-1,1,-1
201550GA2Q036,2,9,0,4,0,0,0,0,0,0,2,1,2,1,48,8,1388,1,11,-1,3,-1
201550GA2Q036,3,9,0,4,0,0,0,0,0,0,2,1,2,2,36,7,1796,1,8,-1,3,-1
201550GA2Q037,1,3,0,18,0,1,0,0,0,0,1,1,6,1,-1,-1,124,1,1,-1,3,-1
201550GA2Q037,2,9,0,9,0,1,0,0,0,0,1,1,6,2,54,8,1991,2,9,-1,1,-1
201550GA2Q038,1,9,0,4,0,8,0,0,0,0,3,1,6,1,46,8,998,1,1,-1,1,-1
201550GA2Q038,2,9,0,5,0,8,0,0,0,0,1,1,6,1,64,9,1527,2,19,-1,1,-1
201550GA2Q039,1,9,0,18,0,1,0,0,0,0,1,1,2,2,46,8,1997,2,10,-1,3,-1
201550GA2R009,1,9,0,18,0,1,0,0,0,0,4,1,6,1,78,11,3222,2,12,-1,1,-1
201550GA2R009,2,20,1,3,0,1,0,0,0,0,3,1,1,1,50,8,3908,2,15,-1,3,-1
201550GA2S006,1,5,0,18,0,4,1,0,1,1,4,1,6,1,46,8,1002,1,24,-1,1,-1
201550GA2S007,1,9,0,18,0,8,1,9,1,0,1,1,6,1,22,5,1968,2,11,-1,1,-1
201550GA2S008,1,9,0,4,0,1,0,0,0,0,1,1,6,2,20,4,1124,1,14,-1,2,-1
201550GA2S008,2,9,0,4,0,1,0,0,0,0,2,1,1,1,21,5,1388,1,5,-1,3,-1
201550GA2S009,1,9,0,18,0,4,0,0,0,1,1,1,6,2,41,7,1560,2,7,-1,1,-1
201550GA2S009,2,9,0,18,0,8,0,0,0,2,4,1,6,2,51,8,1956,2,-1,-1,-1,-1
201550GA2S011,1,5,0,18,0,6,0,0,0,0,1,1,6,1,46,8,953,1,7,-1,3,-1
201550GA2S011,2,9,0,9,0,6,0,0,0,0,3,1,6,2,74,10,1240,1,9,-1,2,-1
201550GC2H001,1,9,0,18,0,0,1,0,0,0,1,1,6,1,21,5,1328,1,9,-1,1,-1
201550GC2H002,1,9,0,4,0,4,0,0,0,0,1,1,6,1,50,8,1200,1,1,-1,1,-1
201550GC2H002,2,9,0,4,0,4,0,0,0,0,2,1,6,1,32,6,-1,-1,-1,-1,1,-1
201550GC2H003,1,9,0,17,0,0,1,0,2,0,3,1,2,2,40,7,-1,-1,-1,-1,3,-1
201550GC2H003,2,98,0,16,0,0,0,0,0,0,4,2,1,3,-1,-1,-1,-1,-1,-1,-1,-1
201550GC2H004,1,9,0,2,0,1,0,0,0,0,0,1,6,1,30,6,1988,1,16,-1,3,-1
201550GC2H004,2,9,0,5,0,2,0,0,0,0,1,1,1,2,32,6,1461,2,8,-1,3,-1
201550GC2H004,3,1,0,18,0,1,0,0,0,0,1,1,1,1,46,8,-1,-1,-1,-1,1,-1
201550GC2H007,1,3,0,18,0,8,1,0,7,0,4,1,6,1,18,4,124,1,9,-1,3,-1
201550GC2H007,2,9,0,9,0,6,0,0,0,0,1,1,2,1,43,7,1598,1,13,-1,1,-1
201550GC2H008,1,5,0,5,0,3,1,0,0,0,4,1,6,2,40,7,599,1,9,-1,2,-1
201550GC2H010,1,3,0,17,0,0,0,0,1,11,1,1,6,1,18,4,125,1,4,-1,2,-1
201550GC2H013,1,9,0,18,0,0,0,0,0,0,1,1,6,2,45,7,-1,-1,-1,-1,1,-1
201550GC2H013,2,90,0,18,0,0,0,0,0,0,2,1,1,1,37,7,12820,2,7,-1,1,-1
201550GC2H014,1,3,0,18,0,0,0,0,0,0,1,1,6,1,25,5,124,1,4,-1,3,-1
201550GC2H015,1,9,0,1,0,8,0,0,0,0,2,1,6,2,28,6,1398,2,11,-1,3,-1
201550GC2H015,2,9,0,2,0,1,0,0,0,0,2,1,6,2,34,6,1149,1,7,-1,2,-1
201550GC2H016,1,9,0,18,0,0,0,0,0,0,1,1,6,1,51,8,-1,-1,-1,-1,-1,-1
201550GC2H016,2,19,0,18,0,0,0,0,0,0,1,1,1,1,32,6,1968,2,3,-1,1,-1
201550GC2H018,1,9,0,18,0,0,0,0,0,0,1,1,6,1,38,7,1896,2,19,-1,3,-1
201550GC2H018,2,9,0,18,0,0,0,0,0,0,1,1,2,2,28,6,1396,1,6,-1,2,-1
201550GC2H019,1,19,0,18,0,0,1,0,0,0,1,1,1,1,24,5,1560,2,1,-1,3,-1
201550GC2H019,2,19,0,18,0,0,0,0,0,0,1,1,1,1,22,5,2198,2,-1,-1,1,-1
201550GC2H022,1,9,0,18,0,1,0,0,0,0,1,1,6,1,33,6,1149,1,15,-1,3,-1
201550GC2H022,2,19,0,4,0,1,0,0,0,0,2,1,6,1,46,8,-1,-1,-1,-1,1,-1
201550GC2H023,1,9,0,18,0,0,0,0,0,0,1,1,2,1,45,7,1834,1,14,-1,3,-1
201550GC2H023,2,9,0,18,0,0,0,0,0,0,2,1,6,1,45,7,1896,2,12,-1,1,-1
201550GC2H025,1,9,0,18,0,0,0,0,0,0,1,1,6,1,27,6,-1,-1,-1,-1,1,-1
201550GC2H025,2,9,0,18,0,0,0,0,0,0,3,1,2,1,25,5,1299,1,9,-1,1,-1
201550GC2H025,3,9,0,2,0,0,0,0,0,0,2,1,6,2,-1,-1,1796,1,13,-1,3,-1
201550GC2H026,1,9,0,17,0,1,0,0,0,0,1,1,2,2,46,8,2198,2,9,-1,1,-1
201550GC2H026,2,9,0,16,0,1,0,0,0,0,1,1,6,1,17,4,1422,2,11,-1,2,-1
201550GC2H027,1,9,0,17,0,0,0,0,0,0,1,1,2,1,46,8,1461,2,1,-1,2,-1
201550GC2H027,2,9,0,16,0,0,0,0,0,0,1,1,2,1,37,7,1124,1,16,-1,1,-1
201550GC2I001,1,9,0,18,0,0,5,0,2,11,1,1,6,1,27,6,1968,2,9,-1,3,-1
201550GC2J002,1,8,0,18,0,1,0,0,0,0,1,1,1,1,30,6,1968,2,10,-1,3,-1
201550GC2J002,2,9,0,9,0,1,0,0,0,0,2,1,6,1,25,5,1364,1,10,-1,2,-1
201550GC2J005,1,9,0,18,0,1,0,0,1,11,1,1,6,1,60,9,1398,2,1,-1,2,-1
201550GC2J006,1,9,0,4,0,0,1,0,0,0,1,1,6,1,74,10,1905,2,18,-1,3,-1
201550GC2J006,2,9,0,4,0,0,0,0,0,0,2,1,6,2,27,6,1341,1,12,-1,3,-1
201550GC2J007,1,9,0,3,0,0,0,0,0,0,0,1,6,1,20,4,1870,2,12,-1,1,-1
201550GC2J007,2,9,0,3,0,0,0,0,0,0,0,1,6,1,67,10,1597,1,7,-1,-1,-1
201550GC2J007,3,9,0,3,0,0,0,0,0,0,0,1,6,2,23,5,1124,1,15,-1,2,-1
201550GC2J007,4,19,0,3,1,0,0,0,0,0,0,1,6,1,51,8,2496,2,16,-1,1,-1
201550GC2J007,5,19,0,3,0,0,0,0,0,0,0,1,6,1,48,8,1896,2,8,-1,1,-1
201550GC2J008,1,9,0,18,0,0,0,0,0,0,1,1,2,1,53,8,1596,1,15,-1,2,-1
201550GC2J010,1,9,0,18,0,8,0,0,0,0,1,1,6,1,69,10,1598,2,1,-1,3,-1
201550GC2J010,2,9,0,18,0,8,1,0,0,0,3,1,6,1,58,9,1796,1,11,-1,3,-1
201550GC2J011,1,9,0,18,0,1,0,0,0,0,1,1,6,1,23,5,1360,1,17,-1,2,-1
201550GC2J011,2,9,0,3,0,1,0,0,0,0,2,1,6,2,48,8,2996,1,9,-1,3,-1
201550GC2J012,1,5,0,16,0,1,2,0,1,0,1,1,6,1,71,10,600,1,12,-1,3,-1
201550GC2J012,2,9,0,10,0,1,0,0,0,0,2,1,6,2,60,9,-1,-1,-1,-1,3,-1
201550GC2J013,1,9,0,4,0,0,0,4,0,0,2,1,6,1,65,9,1998,1,18,-1,1,-1
201550GC2J013,2,9,0,4,0,0,0,4,0,0,1,1,6,2,50,8,1397,1,16,-1,3,-1
201550GC2J013,3,9,0,4,0,0,0,12,0,0,0,1,6,2,64,9,1388,1,5,-1,1,-1
201550GC2K001,1,9,0,16,0,0,0,0,0,0,1,1,6,2,43,7,1796,1,12,-1,3,-1
201550GC2K001,2,9,0,17,0,0,0,0,0,0,1,1,2,1,31,6,-1,-1,-1,-1,1,-1
201550GC2K003,1,9,0,17,0,0,1,0,1,4,4,1,6,1,27,6,1951,2,10,-1,1,-1
201550GC2M002,1,19,0,3,0,0,0,0,0,0,0,1,1,1,-1,-1,1461,2,4,-1,-1,-1
201550GC2M002,2,9,0,18,0,0,1,0,0,0,1,1,6,2,28,6,1461,2,12,-1,3,-1
201550GC2M002,3,9,0,18,0,0,0,0,0,0,2,1,6,1,33,6,1896,2,12,-1,2,-1
201550GC2M003,1,9,0,17,0,0,1,0,1,1,1,1,6,2,67,10,2188,2,10,-1,2,-1
201550GC2M004,1,9,0,18,0,1,1,0,0,0,1,1,6,2,20,4,1761,1,14,-1,3,-1
201550GC2M004,2,9,0,4,0,1,0,0,0,0,2,1,6,2,72,10,1364,1,8,-1,1,-1
201550GC2M004,3,9,0,10,0,1,0,0,0,0,2,1,6,2,47,8,1198,1,1,-1,3,-1
201550GE40001,1,9,0,16,0,0,0,0,0,0,1,1,6,2,77,11,1896,1,17,-1,3,-1
201550GE40001,2,9,0,17,0,0,0,0,0,0,1,1,6,2,46,8,1198,1,8,-1,1,-1
201550GE40002,1,9,0,17,0,8,1,0,1,11,1,1,6,2,18,4,1761,1,15,-1,1,-1
201550GE4L002,1,9,0,17,0,0,2,0,0,11,1,1,6,2,43,7,1896,2,11,-1,3,-1
201550GE4M001,1,17,0,5,8,0,0,0,0,0,0,1,1,1,19,4,-1,2,6,-1,3,-1
201550GE4M001,2,5,0,4,0,0,2,0,0,0,0,1,6,1,56,9,748,1,29,-1,3,-1
201550GE4M003,1,9,0,9,0,5,0,0,0,0,1,1,6,2,71,10,998,1,-1,-1,1,-1
201550GE4M003,2,9,0,18,0,8,0,0,0,0,1,1,6,2,43,7,-1,-1,-1,-1,3,-1
201550GE4N001,1,9,0,16,0,0,0,0,0,0,1,1,2,2,24,5,1997,2,11,-1,3,-1
201550GE4N001,2,9,0,18,0,0,0,0,0,0,1,1,2,2,54,8,-1,-1,-1,-1,3,-1
201550GE4N002,1,9,0,17,0,0,0,0,0,0,1,1,6,2,33,6,1598,1,9,-1,2,-1
201550GE4N003,1,5,0,17,0,0,5,0,1,11,3,1,6,1,64,9,-1,-1,-1,-1,3,-1
201550GE4N004,1,9,0,18,0,0,0,0,0,0,1,1,2,1,50,8,1364,1,1,-1,3,-1
201550GE4N004,2,9,0,18,0,0,0,0,0,0,1,1,2,2,43,7,-1,-1,-1,-1,3,-1
201550GE4N006,1,9,0,16,0,0,1,0,8,9,1,1,6,1,31,6,1753,2,12,-1,2,-1
201550GE4N006,2,9,0,17,0,0,0,0,0,0,1,1,6,1,68,10,1870,2,8,-1,2,-1
201550GE4N007,1,9,0,6,8,6,0,0,0,0,1,1,6,1,77,11,1753,2,12,-1,3,-1
201550GE4N007,2,9,0,18,0,1,0,0,7,0,1,1,6,1,36,7,2295,1,13,-1,3,-1
201550GE4N008,1,9,0,18,0,2,0,0,0,0,1,1,6,2,47,8,1956,2,4,-1,3,-1
201550GE4N008,2,1,0,18,0,6,0,0,0,0,3,1,6,1,10,2,-1,-1,-1,-1,2,-1
201550GE4N009,1,21,0,17,0,0,1,10,2,9,2,1,1,1,46,8,12000,2,7,-1,1,-1
201550GE4Q003,1,19,0,1,0,0,0,0,0,0,2,1,6,3,46,8,2488,2,7,-1,2,-1
201550GE4R001,1,9,0,1,0,8,0,0,0,0,2,1,1,2,26,6,1390,1,1,-1,3,-1
201550GE4V001,1,9,0,4,0,0,0,0,0,0,1,1,6,1,44,7,1275,1,15,-1,3,-1
201550GE4V001,2,9,0,4,0,0,0,0,0,0,2,1,2,2,34,6,1398,1,1,-1,3,-1
201550GE4V004,1,9,0,11,0,0,0,0,0,0,1,1,6,1,48,8,-1,-1,-1,-1,3,-1
201550GE4V004,2,9,0,4,0,0,0,0,0,0,2,1,6,2,43,7,1598,2,-1,-1,1,-1
201550GE4V005,1,9,0,18,0,0,1,0,7,0,1,1,6,1,61,9,2199,2,3,-1,2,-1
201550GE4V005,2,9,0,10,0,0,0,0,0,0,2,1,6,2,55,8,1999,1,13,-1,3,-1
201550GE4V005,3,9,0,18,0,0,0,0,0,0,3,1,6,1,24,5,1995,2,11,-1,1,-1
201550GE4W001,1,9,0,16,0,0,0,0,0,0,0,1,6,3,-1,-1,-1,-1,-1,-1,-1,-1
201550GE4W001,2,9,0,16,0,0,1,0,0,0,2,1,6,2,17,4,-1,-1,-1,-1,2,-1
201550GE4W001,3,9,0,17,0,0,0,0,0,0,1,1,6,2,43,7,-1,-1,-1,-1,3,-1
201550GE4W002,1,21,0,16,0,0,0,0,0,0,1,1,1,1,64,9,12130,2,14,-1,3,-1
201550GE4W002,2,9,0,16,0,0,0,0,0,0,2,1,6,1,34,6,1997,2,6,-1,1,-1
201550GE4W004,1,9,0,17,0,0,0,0,1,10,4,1,6,1,31,6,1796,1,11,-1,1,-1
201550GE4W005,1,9,0,9,0,8,0,0,0,0,1,1,6,1,76,11,1339,1,2,-1,1,-1
201550GE4W005,2,9,0,18,0,1,0,0,0,0,2,1,6,1,34,6,1598,1,10,-1,3,-1
201550GE4W005,3,9,0,18,0,1,0,0,0,0,2,1,6,2,54,8,1590,1,14,-1,1,-1
201550GN2A005,1,9,0,17,0,8,0,0,0,0,1,1,6,2,31,6,1364,1,6,-1,1,-1
201550GN2A007,1,9,0,2,0,0,0,4,0,0,1,1,1,1,45,7,1781,1,14,-1,1,-1
201550GN2A007,2,19,0,2,0,0,0,0,0,0,2,1,1,1,-1,-1,-1,-1,-1,-1,1,-1
201550GN2A009,1,9,0,16,0,1,0,0,0,0,1,1,6,1,56,9,1796,1,8,-1,1,-1
201550GN2A017,1,9,0,1,6,0,0,0,0,0,1,1,6,1,73,10,1596,1,-1,-1,2,-1
201550GN2A022,1,9,0,18,0,8,0,0,1,11,1,1,6,1,43,7,1998,1,-1,-1,1,-1
201550GN2A022,2,9,0,9,0,1,0,0,0,0,1,1,6,1,27,6,1968,2,-1,-1,1,-1
201550GN2A025,1,9,0,3,0,0,0,0,0,0,4,1,6,2,65,9,1798,1,4,-1,1,-1
201550GN2A026,1,9,0,18,0,4,0,0,0,0,0,1,6,3,-1,-1,-1,-1,-1,-1,-1,-1
201550GN2B001,1,9,0,18,0,0,0,0,7,2,1,1,2,1,42,7,-1,-1,-1,-1,1,-1
201550GN2B002,1,4,0,18,0,0,1,0,0,0,1,1,6,1,47,8,-1,-1,-1,-1,1,-1
201550GN2B003,1,9,0,4,0,1,0,0,0,0,2,1,6,1,49,8,3059,2,20,-1,1,-1
201550GN2B003,2,9,0,4,0,1,0,0,0,0,1,1,6,1,36,7,1910,2,8,-1,1,-1
201550GN2B005,1,3,0,4,0,0,1,0,0,0,0,1,1,2,20,4,124,1,3,-1,3,-1
201550GN2B005,2,19,0,4,0,0,0,0,0,0,0,1,1,1,50,8,1560,2,2,-1,1,-1
201550GN2B010,1,9,0,18,0,1,0,4,0,0,1,1,2,2,32,6,1896,2,11,-1,1,-1
201550GN2B010,2,19,0,2,0,1,0,4,0,0,4,1,6,2,55,8,1560,2,1,-1,1,-1
201550GN2B010,3,9,0,2,0,1,0,4,0,0,1,1,6,1,36,7,1991,2,12,-1,1,-1
201550GN2B011,1,9,0,18,0,0,0,0,0,0,4,1,6,1,36,7,1339,1,12,-1,1,-1
201550GN2C002,1,9,0,5,0,0,0,0,0,0,3,1,6,1,70,10,1598,2,3,-1,1,-1
201550GN2C002,2,3,0,18,0,0,1,0,0,0,1,1,6,1,24,5,124,1,4,-1,1,-1
201550GN2C003,1,9,0,1,9,6,0,0,1,1,2,1,6,2,75,10,1248,1,4,-1,1,-1
201550GN2C006,1,9,0,4,0,1,0,0,0,0,1,1,6,3,-1,-1,-1,-1,-1,-1,-1,-1
201550GN2C006,2,9,0,3,0,1,0,0,0,0,2,1,1,2,43,7,1968,2,7,-1,3,-1
201550GN2C009,1,9,0,3,0,0,0,0,0,0,2,1,6,1,46,8,1956,2,1,-1,1,-1
201550GN2C009,2,9,0,3,0,0,0,0,0,0,1,1,6,1,84,11,-1,-1,-1,-1,1,-1
201550GN2D004,1,9,0,16,0,0,0,7,7,11,3,1,6,1,24,5,1299,1,13,-1,2,-1
201550GN2D005,1,9,0,4,0,8,0,0,0,0,1,1,6,2,73,10,1390,1,13,-1,3,-1
201550GN2D005,2,9,0,18,0,1,0,0,0,0,1,1,1,2,39,7,1870,2,8,-1,3,-1
201550GN2D007,1,9,0,5,6,1,0,0,0,0,3,1,3,2,47,8,1796,1,11,-1,2,-1
201550GN2D007,2,1,0,18,9,1,0,0,0,0,1,1,6,1,65,9,-1,-1,-1,-1,-1,-1
201550GN2D008,1,5,0,4,0,1,0,0,0,0,4,1,6,1,64,9,998,1,6,-1,1,-1
201550GN2D009,1,9,0,1,0,0,0,0,0,1,1,1,6,1,68,10,1997,2,13,-1,1,-1
201550GN2L001,1,9,0,17,0,0,5,0,2,10,1,1,6,2,40,7,-1,-1,-1,-1,3,-1
201550GN2L002,1,9,0,4,0,0,0,0,0,0,2,1,1,2,20,4,973,1,15,-1,3,-1
201550GN2L002,2,9,0,4,0,0,0,0,0,0,2,1,1,2,23,5,1398,1,-1,-1,2,-1
201550GN2L002,3,3,0,4,0,0,0,0,0,0,1,1,1,1,26,6,125,1,2,-1,-1,-1
201550GN2L003,1,9,0,7,0,1,0,0,0,0,1,1,6,2,21,5,1229,1,6,-1,1,-1
201550GN2L003,2,9,0,18,0,1,1,0,0,0,3,1,1,1,47,8,2982,2,1,-1,1,-1
201550GN2L004,1,19,0,13,0,0,1,0,1,10,1,1,6,1,28,6,1753,2,12,-1,1,-1
201550GN2L004,2,2,0,18,0,0,1,0,0,0,0,1,6,2,19,4,49,1,12,-1,1,-1
201550GN2L005,1,19,0,18,0,0,0,0,0,0,1,1,1,1,21,5,1248,2,10,-1,1,-1
201550GN2L005,2,19,0,3,0,0,0,0,0,0,2,1,1,1,33,6,1560,2,1,-1,1,-1
201550GN2L005,3,9,0,3,0,0,0,0,0,0,2,1,6,1,62,9,1364,1,8,-1,1,-1
201550GN2L007,1,9,0,9,0,5,0,0,0,0,1,1,6,1,33,6,1997,2,10,-1,1,-1
201550GN2L007,2,1,0,18,0,1,0,0,0,0,1,1,6,1,34,6,-1,-1,-1,-1,3,-1
201550GN2L008,1,9,0,13,0,0,0,0,0,0,4,1,6,1,77,11,1560,2,5,-1,1,-1
201550GN2L008,2,1,0,18,0,0,0,0,0,0,3,1,6,1,45,7,-1,-1,-1,-1,1,-1