Accident_Index,Vehicle_Reference,Vehicle_Type,Towing_and_Articulation,Vehicle_Manoeuvre,Vehicle_Location-Restricted_Lane,Junction_Location,Skidding_and_Overturning,Hit_Object_in_Carriageway,Vehicle_Leaving_Carriageway,Hit_Object_off_Carriageway,1st_Point_of_Impact,Was_Vehicle_Left_Hand_Drive?,Journey_Purpose_of_Driver,Sex_of_Driver,Age_of_Driver,Age_Band_of_Driver,Engine_Capacity_(CC),Propulsion_Code,Age_of_Vehicle,Driver_IMD_Decile,Driver_Home_Area_Type,Vehicle_IMD_Decile
201550GT3W001,2,9,0,3,0,0,0,0,0,0,2,1,6,1,69,10,1560,2,2,-1,1,-1
201550GT3W001,3,9,0,3,0,0,0,0,0,0,2,1,6,2,30,6,1200,1,1,-1,1,-1
201550GT3W006,1,11,0,9,0,1,0,0,0,0,1,1,6,3,-1,-1,-1,-1,-1,-1,-1,-1
201550GT3W007,1,9,0,17,0,0,0,0,0,0,1,1,6,1,65,9,1598,1,3,-1,3,-1
201550GT3W008,1,9,0,18,0,0,0,0,0,0,4,1,6,3,-1,-1,-1,-1,-1,-1,-1,-1
201550GT3W010,1,9,0,3,0,1,0,0,0,0,4,1,6,1,24,5,1124,1,14,-1,1,-1
201550GT3W010,2,9,0,8,0,1,0,0,0,0,0,1,6,1,30,6,1598,1,10,-1,3,-1
201550GT3W011,1,11,0,18,0,0,0,0,0,0,4,1,1,1,50,8,7300,2,9,-1,1,-1
201550GT3W013,1,9,0,12,0,3,0,0,0,0,3,1,6,1,23,5,-1,-1,-1,-1,-1,-1
201550GT3W013,2,9,0,18,0,3,0,0,0,0,4,1,6,2,26,6,1248,2,6,-1,1,-1
201550GT3W019,1,9,0,17,0,8,0,0,0,0,3,1,1,1,27,6,1896,2,9,-1,3,-1
201550GT3W024,1,1,0,18,0,1,0,0,0,0,1,1,6,1,33,6,-1,-1,-1,-1,3,-1
201550GT3W024,2,9,0,9,0,1,0,0,0,0,3,1,6,2,25,5,1124,1,17,-1,1,-1
201550GT3W027,1,9,0,9,0,6,0,0,0,0,3,1,6,2,44,7,1360,1,4,-1,3,-1
201550GT3W027,2,3,0,18,0,1,0,0,0,0,1,1,6,1,53,8,124,1,1,-1,3,-1
201550GT3W029,1,9,0,18,0,0,0,0,0,0,1,1,6,1,27,6,2967,1,8,-1,3,-1
201550GT3W031,1,2,0,18,0,0,0,0,0,0,0,1,6,2,16,4,49,1,9,-1,1,-1
201550GT3W031,2,9,0,4,0,0,0,0,0,0,0,1,6,3,-1,-1,-1,-1,-1,-1,-1,-1
201550GT3W032,1,9,0,18,0,0,0,0,1,10,1,1,6,2,80,11,1240,1,11,-1,3,-1
201550GT3W033,1,9,0,5,0,6,0,0,0,0,3,1,6,2,76,11,1108,1,10,-1,1,-1
201550GT3W033,2,9,0,18,0,8,0,0,0,0,1,1,6,2,49,8,1781,1,10,-1,3,-1
201550GT3W035,1,9,0,18,0,1,0,0,0,0,1,1,6,3,-1,-1,-1,-1,-1,-1,-1,-1
201550GT3W035,2,9,0,3,0,1,0,0,0,0,2,1,6,1,47,8,998,1,18,-1,1,-1
201550GT3W037,1,9,0,4,0,0,0,0,0,0,0,1,6,2,43,7,1360,1,16,-1,2,-1
201550GT3W037,2,9,0,18,0,0,0,0,0,0,2,1,6,2,26,6,1997,2,11,-1,3,-1
201550GT3W039,1,9,0,2,0,0,0,0,0,0,3,1,6,2,77,11,1397,1,13,-1,1,-1
201550GT3W039,2,1,0,18,0,0,0,0,0,0,1,1,6,1,19,4,-1,-1,-1,-1,3,-1
201550GT3W043,1,9,0,9,0,6,0,0,0,0,1,1,6,1,33,6,1598,1,16,-1,-1,-1
201550GT3W043,2,9,0,18,0,2,0,0,0,0,3,1,6,1,37,7,1968,2,4,-1,3,-1
201550GT3W045,1,9,0,5,0,4,0,0,0,0,1,1,2,2,52,8,1360,1,9,-1,3,-1
201550GT3W045,2,1,0,18,0,8,0,0,0,0,4,1,6,2,44,7,-1,-1,-1,-1,3,-1
201550GT3W050,1,9,0,1,0,0,0,0,0,0,2,1,6,2,23,5,998,1,2,-1,3,-1
201550GT3W050,2,9,0,2,0,0,0,0,0,0,1,1,6,2,32,6,1198,1,6,-1,1,-1
201550GT3W055,1,9,0,1,0,0,0,0,0,0,2,1,6,2,-1,-1,1560,2,8,-1,3,-1
201550GT3W058,1,9,0,5,0,6,0,0,2,10,1,1,6,2,84,11,998,1,17,-1,1,-1
201550GT3W058,2,9,0,18,0,1,0,0,7,1,1,1,6,1,47,8,1840,1,12,-1,1,-1
201550GT3W059,1,9,0,18,0,0,0,0,0,4,1,1,6,1,49,8,-1,-1,-1,-1,1,-1
201550GT3W061,1,9,0,18,0,0,1,0,2,10,3,1,6,3,-1,-1,-1,-1,-1,-1,-1,-1
201550GT3W061,2,9,0,3,0,0,0,0,0,0,3,1,6,2,17,4,2967,1,12,-1,3,-1
201550GT3W063,1,9,0,18,0,0,0,0,0,0,4,1,1,1,55,8,1461,2,2,-1,1,-1
201550GT3W065,1,9,0,18,0,8,0,0,0,0,1,1,6,1,24,5,1400,1,16,-1,1,-1
201550GT3W065,2,9,0,5,0,8,0,0,0,0,1,1,6,2,20,4,1242,1,13,-1,3,-1
201550GT3X001,1,9,0,18,0,4,0,0,0,0,1,1,6,2,40,7,1390,1,13,-1,3,-1
201550GT3X001,2,1,0,18,0,4,5,0,0,0,1,1,6,1,35,6,-1,-1,-1,-1,1,-1
201550GT3X002,1,9,0,5,0,1,0,0,0,0,1,1,6,1,62,9,1386,1,7,-1,1,-1
201550GT3X002,2,9,0,3,0,1,0,0,0,0,2,1,6,2,72,10,1061,1,10,-1,3,-1
201550GT3X004,1,9,0,18,0,0,0,0,0,0,1,1,6,2,21,5,-1,-1,-1,-1,1,-1
201550GT3X005,1,3,0,18,0,8,0,0,0,0,4,1,6,1,24,5,125,1,-1,-1,2,-1
201550GT3X005,2,5,0,18,0,8,0,0,0,0,3,1,6,1,62,9,800,1,-1,-1,1,-1
201550GT3X007,1,9,0,18,0,0,0,0,0,0,1,1,6,1,23,5,1388,1,11,-1,1,-1
201550GT3X007,2,9,0,3,0,0,0,0,0,0,2,1,6,1,53,8,1749,1,13,-1,1,-1
201550GT3Y001,1,9,0,18,0,1,0,0,0,0,1,1,2,1,32,6,-1,-1,-1,-1,2,-1
201550GT3Y001,2,9,0,4,0,2,0,0,0,0,3,1,2,2,28,6,1199,1,14,-1,1,-1
201550GT3Y003,1,9,0,18,0,6,0,0,3,11,1,1,6,1,84,11,1388,1,13,-1,1,-1
201550GT3Y003,2,9,0,2,0,2,0,0,0,0,3,1,6,1,30,6,1796,1,16,-1,2,-1
201550GT3Y005,1,3,0,14,0,8,0,0,0,0,0,1,6,1,27,6,125,1,1,-1,1,-1
201550GT3Y005,2,9,0,5,0,1,0,0,0,0,0,1,6,1,57,9,1598,1,3,-1,1,-1
201550GT3Y006,1,9,0,18,0,0,0,0,0,0,1,1,1,1,47,8,-1,3,3,-1,1,-1
201550GT3Y006,2,9,0,3,0,0,0,0,0,0,2,1,6,1,65,9,1598,1,7,-1,1,-1
201550GT3Y007,1,9,0,18,0,0,0,0,0,0,1,1,6,2,72,10,1596,1,6,-1,3,-1
201550GT3Y007,2,9,0,3,0,0,0,0,0,0,2,1,6,1,23,5,998,1,-1,-1,1,-1
201550GT3Y007,3,9,0,3,0,0,0,0,0,0,2,1,6,2,35,6,1149,1,14,-1,1,-1
201550GT3Y008,1,9,0,10,0,1,0,0,0,0,1,1,6,2,43,7,1360,1,14,-1,1,-1
201550GT3Y008,2,9,0,10,0,1,0,0,0,0,2,1,6,1,32,6,1997,2,15,-1,1,-1
201550GT3Y010,1,3,0,14,0,0,0,4,0,0,1,1,6,1,23,5,124,1,-1,-1,3,-1
201550GT3Y010,2,9,0,2,0,0,0,0,0,0,2,1,6,2,22,5,1910,2,9,-1,1,-1
201550GT3Y011,1,9,0,9,0,8,0,0,0,0,3,1,2,2,78,11,1598,1,13,-1,1,-1
201550GT3Y011,2,1,0,18,0,8,0,0,0,0,1,1,6,1,23,5,-1,-1,-1,-1,1,-1
201550GT3Y013,1,9,0,18,0,0,0,0,0,0,0,1,6,2,38,7,1995,2,12,-1,1,-1
201550GT3Y014,1,9,0,16,0,1,1,0,0,0,4,1,6,1,-1,-1,1905,2,17,-1,1,-1
201550GT3Y014,2,9,0,7,0,8,0,0,0,0,3,1,6,2,20,4,1390,1,3,-1,1,-1
201550GT3Y015,1,9,0,13,0,0,0,0,0,0,3,1,6,1,78,11,2143,2,2,-1,3,-1
201550GT3Y015,2,3,0,18,0,0,0,0,0,0,1,1,6,1,30,6,124,1,1,-1,3,-1
201550GT3Y016,1,9,0,18,0,4,0,0,0,0,1,1,6,3,-1,-1,1368,1,9,-1,-1,-1
201550GT3Y016,2,9,0,9,0,8,0,0,0,0,2,1,6,2,23,5,1422,2,5,-1,1,-1
201550GT3Y017,1,9,0,18,0,0,0,0,0,0,1,1,1,2,55,8,1398,1,3,-1,3,-1
201550GT3Y017,2,9,0,3,0,0,1,0,0,0,2,1,1,1,45,7,1968,2,-1,-1,1,-1
201550GT4A003,1,9,0,18,0,0,0,0,0,0,1,1,2,1,20,4,-1,-1,-1,-1,3,-1
201550GT4A003,2,9,0,3,0,0,0,0,0,0,2,1,6,2,34,6,-1,-1,-1,-1,1,-1
201550GT4A008,1,5,0,4,0,0,0,0,0,0,1,1,6,1,51,8,553,1,21,-1,2,-1
201550GT4A008,2,8,0,4,0,0,0,0,0,0,2,1,1,1,42,7,1896,2,10,-1,1,-1
201550GT4A009,1,9,0,4,0,0,0,0,0,0,1,1,6,2,42,7,1800,1,16,-1,2,-1
201550GT4A010,1,9,0,9,0,6,0,0,0,0,1,1,6,1,51,8,-1,-1,-1,-1,3,-1
201550GT4A010,2,9,0,18,0,1,0,0,0,0,3,1,6,2,77,11,1560,2,5,-1,2,-1
201550GT4A010,3,9,0,18,0,1,0,0,0,0,1,1,6,2,44,7,998,1,-1,-1,3,-1
201550GW3L001,1,9,0,13,0,0,0,0,0,0,4,1,6,3,-1,-1,-1,-1,-1,-1,-1,-1
201550GW3L001,2,5,0,18,0,0,0,0,0,0,3,1,6,1,24,5,599,1,1,-1,3,-1
201550GW3L002,1,9,0,17,0,0,5,0,0,4,1,1,6,2,39,7,1390,1,15,-1,1,-1
201550GW3L004,1,9,0,4,0,4,0,0,0,0,2,1,6,1,24,5,1900,2,15,-1,1,-1
201550GW3L004,2,9,0,4,0,4,0,0,0,0,1,1,6,1,37,7,1199,1,12,-1,1,-1
201550GW3M001,1,9,0,18,0,1,0,0,0,0,1,1,6,1,32,6,2000,2,11,-1,2,-1
201550GW3M001,2,9,0,3,0,1,0,0,0,0,2,1,2,1,51,8,2457,1,10,-1,3,-1
201550GW3N005,1,19,0,3,0,1,0,0,0,0,1,1,1,1,54,8,1998,2,11,-1,2,-1
201550GW3N005,2,9,0,3,0,1,0,0,0,0,2,1,6,1,54,8,2720,2,10,-1,3,-1
201550GW3N006,1,3,0,17,0,1,0,0,0,0,3,1,2,2,48,8,124,1,11,-1,3,-1
201550GW3N007,1,9,0,18,0,0,0,4,1,11,1,1,6,1,69,10,2179,2,2,-1,3,-1
201550GW3N007,2,9,0,2,0,0,0,0,0,0,2,1,6,1,53,8,-1,-1,-1,-1,2,-1
201550GW3N008,1,9,0,18,0,2,0,0,0,0,4,1,6,1,77,11,1796,1,12,-1,2,-1
201550GW3N008,2,9,0,18,0,1,1,0,0,0,1,1,6,2,31,6,1398,2,10,-1,1,-1
201550GW3N009,1,9,0,18,0,1,0,0,1,11,3,1,6,2,24,5,-1,-1,-1,-1,3,-1
201550GW3N009,2,19,0,18,0,1,5,0,1,0,1,1,1,1,40,7,1248,2,3,-1,3,-1
201550GW3N010,1,9,0,5,0,6,0,0,0,0,1,1,6,2,31,6,1299,1,10,-1,3,-1
201550GW3N010,2,9,0,17,0,8,0,0,0,0,1,1,6,1,75,10,1339,1,-1,-1,3,-1
201550GW3O002,1,9,0,17,0,0,0,0,1,11,1,1,6,1,39,7,1587,1,14,-1,2,-1
201550GW3O003,1,5,0,7,0,1,1,0,0,0,1,1,6,3,24,5,-1,-1,-1,-1,-1,-1
201550GW3O003,2,9,0,9,0,1,0,0,0,0,3,1,6,1,24,5,1360,1,22,-1,2,-1
201550GW3O005,1,9,0,17,0,8,0,0,0,0,1,1,6,1,22,5,1796,1,23,-1,2,-1
201550GW3O008,1,3,0,18,0,1,0,0,0,0,1,1,6,1,24,5,124,1,10,-1,3,-1
201550GW3O008,2,9,0,10,0,1,0,0,0,0,0,1,6,2,48,8,1798,1,7,-1,-1,-1
201550GW3O012,1,9,0,16,0,1,0,0,0,0,1,2,6,1,41,7,-1,-1,-1,-1,1,-1
201550GW3O012,2,9,0,17,0,1,0,0,0,0,1,1,6,2,71,10,1422,2,5,-1,2,-1
201550GW3O012,3,9,0,17,0,1,0,0,0,0,1,1,6,2,30,6,1398,1,-1,-1,1,-1
201550GW3O013,1,3,0,18,0,8,0,0,0,0,4,1,6,1,28,6,124,1,12,-1,2,-1
201550GW3O014,1,9,0,4,0,1,0,0,0,0,1,1,6,1,68,10,1388,1,11,-1,2,-1
201550GW3O014,2,5,0,3,0,2,0,0,0,0,1,1,6,1,60,9,746,1,43,-1,2,-1
201550GW3O019,1,9,0,18,0,1,0,0,1,11,1,1,6,1,23,5,1830,1,16,-1,1,-1
201550GW3O020,1,9,0,1,0,0,0,0,0,0,2,1,6,2,75,10,1360,1,11,-1,2,-1
201550GW3O020,2,9,0,2,0,0,0,0,0,0,4,1,3,2,56,9,2987,2,6,-1,1,-1
201550GW3P001,1,5,0,18,0,1,5,0,0,0,3,1,6,1,62,9,650,1,-1,-1,2,-1
201550GW3P002,1,9,0,9,0,2,0,0,0,0,1,1,6,1,49,8,1560,2,2,-1,1,-1
201550GW3P002,2,9,0,17,0,1,0,0,7,11,1,1,1,1,51,8,-1,-1,-1,-1,2,-1
201550GW3P003,1,9,0,9,0,2,0,0,1,4,4,1,2,1,33,6,-1,-1,-1,-1,1,-1
201550GW3P005,1,5,0,18,0,0,0,0,0,0,0,1,1,1,29,6,600,1,15,-1,2,-1
201550GW3P005,2,19,0,3,0,0,0,0,0,0,0,1,6,1,44,7,1995,2,1,-1,2,-1
201550GW3P007,1,9,0,16,0,0,5,0,1,10,4,1,6,2,73,10,-1,-1,-1,-1,2,-1
201550GW3P008,1,9,0,5,0,6,0,0,0,0,1,1,6,3,-1,-1,2771,1,16,-1,-1,-1
201550GW3P008,2,3,0,18,0,1,0,0,0,0,3,1,6,2,47,8,124,1,17,-1,1,-1
201550GW3P009,1,9,0,4,0,0,0,0,0,0,1,1,6,2,19,4,973,1,12,-1,1,-1
201550GW3P009,2,9,0,18,0,0,0,0,0,0,1,1,6,2,48,8,4164,2,14,-1,3,-1
201550GW3P010,1,9,0,18,0,0,0,0,0,0,0,1,6,2,43,7,1397,1,6,-1,3,-1
201550GW3P010,2,9,0,18,0,0,0,0,0,0,0,1,6,1,57,9,1461,2,1,-1,1,-1
201550GW3P010,3,9,0,18,0,0,0,0,0,0,0,1,6,2,64,9,1749,1,13,-1,3,-1
201550GW3P011,1,9,0,15,0,0,0,0,0,0,1,1,6,2,75,10,2143,2,1,-1,1,-1
201550GW3P011,2,9,0,10,0,0,0,0,0,0,2,1,6,1,74,10,1998,1,9,-1,3,-1
201550GW3Q001,1,9,0,7,0,1,1,0,1,0,1,1,6,1,23,5,1398,2,12,-1,2,-1
201550GW3Q001,2,11,0,18,0,1,0,0,0,0,1,1,1,1,51,8,4250,2,15,-1,2,-1
201550GW3R001,1,9,0,13,0,0,0,0,0,0,4,1,6,3,-1,-1,-1,-1,-1,-1,-1,-1
201550GW3R001,2,19,0,18,0,0,0,0,0,0,3,1,1,1,26,6,2143,2,1,-1,1,-1
201550GW3R001,3,9,0,18,0,0,0,0,0,0,3,1,6,2,22,5,1598,2,4,-1,1,-1
201550GW3R002,1,9,0,18,0,3,1,0,1,11,1,1,6,1,27,6,1794,1,14,-1,1,-1
201550GW3R005,1,9,0,18,0,0,0,4,7,10,1,1,6,1,27,6,2300,1,16,-1,2,-1
201550GW3R005,2,9,0,2,0,0,0,0,0,0,1,1,6,2,-1,-1,1590,1,13,-1,3,-1
201550GW3R006,1,19,0,18,0,0,0,0,0,0,4,1,6,1,46,8,2460,2,8,-1,2,-1
201550GW3R008,1,9,0,18,0,0,0,0,0,0,4,1,6,3,50,8,1896,2,6,-1,1,-1
201550GW3R009,1,9,0,18,0,0,0,0,0,0,4,1,1,1,48,8,-1,-1,-1,-1,2,-1
201550GW3R010,1,9,0,16,0,0,0,0,0,0,1,1,6,2,46,8,1896,2,14,-1,3,-1
201550GW3R010,2,9,0,2,0,0,0,0,0,0,2,1,6,2,51,8,1493,1,20,-1,1,-1
201550GW3R012,1,9,0,3,0,2,0,0,0,0,1,1,6,1,39,7,1781,1,14,-1,2,-1
201550GW3R012,2,3,0,18,0,4,0,7,0,0,1,1,2,1,20,4,125,1,-1,-1,3,-1
201550JA2A001,1,9,0,17,0,0,1,0,1,10,3,1,6,1,38,7,-1,-1,-1,-1,1,-1
201550JA2A002,1,9,0,17,0,0,1,0,2,4,1,1,6,2,25,5,-1,-1,-1,-1,1,-1
201550JA2A003,1,5,0,13,0,8,5,0,7,7,4,1,6,1,34,6,1050,1,10,-1,1,-1
201550JA2A003,2,20,0,9,0,5,0,0,0,0,3,1,1,1,47,8,-1,-1,-1,-1,2,-1
201550JA2A004,1,19,0,17,0,0,1,0,0,0,1,1,1,1,26,6,2143,2,4,-1,1,-1
201550JA2A004,2,9,0,16,0,0,0,0,0,0,1,1,6,1,37,7,-1,-1,-1,-1,3,-1
201550JA2A005,1,9,0,18,0,0,0,0,5,6,1,1,2,1,44,7,1948,1,12,-1,1,-1
201550JA2A005,2,9,0,18,0,0,0,0,0,0,0,1,2,2,50,8,1596,1,12,-1,3,-1
201550JA2C001,1,9,0,18,0,0,0,0,0,0,1,1,6,1,37,7,-1,-1,-1,-1,1,-1
201550JA2C001,2,9,0,18,0,0,0,0,0,0,2,1,6,2,44,7,998,1,13,-1,3,-1
201550JA2C002,1,5,0,18,0,0,0,0,4,0,1,1,6,1,29,6,1202,1,-1,-1,1,-1
201550JA2C003,1,9,0,18,0,6,0,0,1,4,1,1,6,1,67,10,2148,2,10,-1,1,-1
201550JA2C006,1,9,0,16,0,0,0,6,1,11,1,1,6,2,19,4,1248,1,6,-1,1,-1
201550JA2C007,1,9,0,7,0,2,0,0,0,0,1,1,2,2,24,5,-1,-1,-1,-1,3,-1
201550JA2C008,1,3,0,18,0,8,0,0,0,0,1,1,2,1,18,4,124,1,7,-1,2,-1
201550JA2C008,2,9,0,9,0,8,0,0,0,0,2,1,1,1,25,5,2956,2,14,-1,3,-1
201550JA2C009,1,9,0,18,0,0,1,0,0,0,1,1,6,1,34,6,1796,1,12,-1,2,-1
201550JA2C010,1,9,0,18,0,1,0,0,1,0,1,1,6,1,67,10,1753,2,8,-1,3,-1
201550JA2C010,2,21,0,18,0,2,0,0,0,0,4,1,1,1,38,7,11705,2,6,-1,1,-1
201550JA2C011,1,1,0,18,0,1,0,0,0,0,2,1,6,1,36,7,-1,-1,-1,-1,1,-1
201550JA2C011,2,9,0,18,0,1,0,0,0,0,1,1,6,1,62,9,1299,1,11,-1,3,-1
201550JA2D001,1,9,0,18,0,1,0,0,3,11,1,1,6,1,65,9,-1,-1,-1,-1,2,-1
201550JA2D003,1,9,0,16,0,0,0,0,0,6,1,1,6,2,25,5,1999,1,7,-1,1,-1
201550JA2D004,1,9,0,4,0,1,0,0,0,0,1,1,6,2,24,5,1560,2,8,-1,2,-1
201550JA2D006,1,9,0,9,0,6,0,0,0,0,1,1,6,2,33,6,1997,2,-1,-1,2,-1
201550JA2D006,2,9,0,17,0,8,0,0,0,0,1,1,6,2,44,7,1686,2,2,-1,1,-1
201550JA2E002,1,9,0,18,0,0,0,0,2,7,1,1,6,1,45,7,1587,1,10,-1,1,-1
201550JA2E004,1,9,0,18,0,1,0,0,0,0,0,1,6,3,-1,-1,1398,2,13,-1,-1,-1
201550JA2E004,2,11,0,18,0,1,0,0,0,0,0,1,1,1,48,8,9186,2,-1,-1,1,-1
201550JA2E005,1,9,0,4,0,0,0,0,0,0,1,1,2,1,27,6,2993,2,8,-1,1,-1
201550JA2E005,2,9,0,4,0,0,0,0,0,0,2,1,2,2,28,6,1598,2,-1,-1,1,-1
201550JA2E005,3,9,0,4,0,0,0,0,0,0,2,1,6,1,-1,-1,1598,2,2,-1,3,-1
201550JA2E006,1,9,0,18,0,0,2,0,1,4,3,1,6,2,41,7,2993,2,12,-1,1,-1
201550JA2I001,1,4,0,16,0,0,2,0,0,0,1,1,6,1,19,4,399,1,20,-1,1,-1
201550JA2I001,2,9,0,17,0,0,0,0,0,0,1,1,6,1,77,11,998,1,5,-1,2,-1
201550JC2A001,1,9,0,16,0,0,1,0,1,4,1,1,6,2,17,4,-1,-1,-1,-1,1,-1
201550JC2A003,1,9,0,17,0,0,0,0,0,0,1,1,6,1,21,5,-1,-1,-1,-1,1,-1
201550JC2A005,1,9,0,18,0,0,0,0,0,0,1,1,6,3,-1,-1,-1,-1,-1,-1,-1,-1
201550JC2A006,1,9,0,18,0,0,0,0,0,0,1,1,2,1,33,6,2979,1,10,-1,1,-1
201550JC2A006,2,9,0,18,0,0,0,0,0,0,1,1,2,2,19,4,998,1,6,-1,3,-1
201550JC2B001,1,9,0,18,0,2,5,0,0,0,1,1,2,1,24,5,-1,-1,-1,-1,2,-1
201550JC2B003,1,9,0,18,0,1,1,12,1,4,1,1,6,1,73,10,1242,1,6,-1,3,-1
201550JC2B004,1,9,0,18,0,0,1,0,0,0,1,1,2,1,33,6,1794,1,12,-1,1,-1
201550JC2B004,2,9,0,18,0,0,0,0,0,0,2,1,2,2,47,8,1598,2,6,-1,3,-1
201550JC2B004,3,9,0,18,0,0,1,0,0,0,2,1,2,1,37,7,1968,2,6,-1,3,-1
201550JC2B004,4,9,0,18,0,0,1,0,0,0,1,1,2,1,26,6,-1,-1,-1,-1,1,-1
201550JC2B004,5,9,0,18,0,0,0,0,0,0,2,1,2,1,47,8,2143,2,3,-1,3,-1
201550JC2B004,6,9,0,18,0,0,1,0,0,0,2,1,2,1,24,5,1686,2,2,-1,2,-1
201550JC2B005,1,9,0,16,0,0,0,0,0,0,2,1,6,1,66,10,1995,2,3,-1,3,-1
201550JC2B005,2,11,0,16,0,0,0,0,0,0,1,1,1,1,58,9,6871,2,6,-1,3,-1
201550JC2B005,3,9,0,16,0,0,0,0,0,0,0,1,1,1,44,7,2400,2,2,-1,1,-1
201550JC2B006,1,20,0,16,0,0,0,0,1,11,1,1,1,1,24,5,-1,-1,-1,-1,-1,-1
201550JC2B007,1,1,0,18,0,0,0,0,0,0,2,1,6,1,58,9,-1,-1,-1,-1,1,-1
201550JC2B007,2,9,0,18,0,0,0,0,0,0,1,1,6,3,-1,-1,1796,1,17,-1,-1,-1
201550JC2B008,1,9,0,17,0,0,2,0,1,4,3,1,6,1,22,5,1753,2,10,-1,3,-1
201550JC2B009,1,9,0,16,0,0,1,10,8,0,1,1,6,1,25,5,1388,1,12,-1,3,-1
201550JC2B010,1,9,0,18,0,0,1,0,1,6,1,1,6,2,42,7,1910,2,8,-1,1,-1
201550JC2B012,1,9,0,18,0,0,0,0,0,0,1,1,2,1,26,6,1299,1,7,-1,1,-1
201550JC2B014,1,9,0,9,0,8,0,0,0,0,1,1,6,2,61,9,1991,2,6,-1,2,-1
201550JC2E001,1,9,0,13,0,0,0,0,0,0,4,1,6,1,40,7,2402,2,8,-1,3,-1
201550JC2E001,2,1,0,18,0,0,5,0,1,9,3,1,6,1,55,8,-1,-1,-1,-1,2,-1
201550JC2E001,3,1,0,18,0,0,5,0,1,9,3,1,6,1,35,6,-1,-1,-1,-1,1,-1
201550JC2G001,1,9,0,17,0,0,1,6,0,0,1,1,6,2,19,4,1598,1,11,-1,1,-1
201550JC2G002,1,9,0,17,0,0,0,0,0,0,1,1,1,1,28,6,1560,2,-1,-1,-1,-1
201550JC2G002,2,19,0,18,0,0,0,0,0,0,1,1,2,1,42,7,2148,2,7,-1,1,-1
201550JC2G003,1,9,0,18,0,0,0,0,0,0,1,1,6,1,54,8,2720,2,10,-1,3,-1
201550JC2G003,2,9,0,18,0,0,0,0,0,0,1,1,2,1,49,8,1390,1,14,-1,2,-1
201550JC3H002,1,9,0,9,0,1,0,0,0,0,1,1,6,2,86,11,1298,1,12,-1,3,-1
201550JC3H002,2,1,0,18,0,8,0,0,0,0,3,1,6,2,38,7,-1,-1,-1,-1,1,-1
201550JC3H003,1,19,0,18,0,4,0,0,0,0,1,1,1,1,54,8,1598,2,4,-1,1,-1
201550JC3H003,2,9,0,3,0,4,0,0,0,0,2,1,6,2,49,8,1149,1,7,-1,2,-1
201550JC3H006,1,9,0,16,0,0,0,0,7,11,1,1,6,2,79,11,2148,2,9,-1,2,-1
201550JC3H007,1,9,0,4,0,0,1,0,0,0,1,1,6,1,18,4,1242,1,15,-1,1,-1
201550JC3H007,2,9,0,3,0,0,0,0,0,0,2,1,6,2,52,8,1685,2,2,-1,1,-1
201550JC3H008,1,9,0,3,0,4,0,0,0,0,1,1,2,1,42,7,1242,1,14,-1,1,-1
201550JC3H008,2,5,0,3,0,4,0,0,0,0,2,1,2,1,51,8,1250,1,1,-1,1,-1
201550JC3H009,1,9,0,5,0,0,1,2,0,0,4,1,6,2,37,7,1997,2,11,-1,3,-1
201550JC3H010,1,9,0,18,0,0,0,0,0,0,1,1,6,1,50,8,2995,8,-1,-1,1,-1
201550JC3H010,2,9,0,3,0,0,0,0,0,0,2,1,6,1,62,9,998,1,16,-1,1,-1
201550JC3H011,1,9,0,7,0,1,0,0,0,0,1,1,6,1,47,8,4163,1,6,-1,1,-1
201550JC3H011,2,9,0,7,0,1,0,0,0,0,2,1,6,2,66,10,999,1,2,-1,1,-1
201550JC3H012,1,9,0,7,0,1,0,0,0,0,1,1,6,1,18,4,1299,1,11,-1,1,-1
201550JC3H012,2,9,0,18,0,1,5,10,7,10,1,1,6,2,68,10,998,1,12,-1,2,-1
201550JC3H016,1,3,0,18,0,3,1,0,1,0,1,1,2,1,20,4,124,1,12,-1,3,-1
201550JC3H017,1,9,0,5,0,6,0,0,0,0,1,1,2,2,47,8,1299,1,16,-1,2,-1
201550JC3H017,2,9,0,17,0,8,0,0,0,0,4,1,2,2,32,6,1200,1,3,-1,2,-1
201550JC3H018,1,9,0,4,0,0,0,0,0,0,2,1,6,2,53,8,1242,1,13,-1,3,-1
201550JC3H018,2,1,0,18,0,0,0,0,0,0,3,1,6,2,26,6,-1,-1,-1,-1,1,-1
201550JC3H021,1,19,0,18,0,0,0,0,0,0,0,1,1,1,40,7,2402,2,15,-1,1,-1
201550JC3H022,1,4,0,18,0,0,0,0,0,0,1,1,2,1,31,6,-1,-1,-1,-1,1,-1
201550JC3H022,2,9,0,18,0,0,0,0,0,0,1,1,2,1,42,7,1396,1,11,-1,1,-1
201550JC3H024,1,19,0,1,9,2,0,0,0,0,2,1,1,1,21,5,2402,2,8,-1,2,-1
201550JC3H025,1,19,0,9,0,0,0,0,0,0,2,1,2,1,57,9,-1,-1,-1,-1,1,-1
201550JC3H025,2,5,0,18,0,0,0,0,0,0,1,1,2,1,51,8,644,1,9,-1,1,-1
201550JC3H027,1,9,0,17,0,0,2,0,2,4,1,1,6,2,18,4,1598,1,14,-1,1,-1
201550JC3H029,1,9,0,16,0,0,0,0,0,0,1,1,6,1,21,5,999,1,15,-1,3,-1
201550JC3H030,1,9,0,18,0,0,5,0,1,11,4,1,6,2,25,5,1968,2,2,-1,2,-1
201550JC3H036,1,1,0,18,5,0,0,0,0,0,1,1,2,1,39,7,-1,-1,-1,-1,3,-1
201550JC3H037,1,9,0,18,0,0,2,0,1,11,1,1,2,1,33,6,2496,2,12,-1,2,-1
201550JC3J001,1,9,0,13,0,0,0,0,0,0,4,1,6,3,-1,-1,-1,-1,-1,-1,-1,-1
201550JC3J001,2,1,0,18,0,0,0,0,0,0,3,1,2,1,40,7,-1,-1,-1,-1,3,-1
201550JC3K001,1,9,0,18,0,0,0,0,1,11,1,1,6,1,67,10,-1,-1,-1,-1,3,-1
201550JC3K002,1,9,0,17,0,0,0,0,0,0,1,1,2,1,25,5,-1,-1,-1,-1,2,-1
201550JC3K002,2,5,0,16,0,0,0,0,0,0,1,1,6,1,58,9,1170,1,4,-1,1,-1