Accident_Index,Vehicle_Reference,Vehicle_Type,Towing_and_Articulation,Vehicle_Manoeuvre,Vehicle_Location-Restricted_Lane,Junction_Location,Skidding_and_Overturning,Hit_Object_in_Carriageway,Vehicle_Leaving_Carriageway,Hit_Object_off_Carriageway,1st_Point_of_Impact,Was_Vehicle_Left_Hand_Drive?,Journey_Purpose_of_Driver,Sex_of_Driver,Age_of_Driver,Age_Band_of_Driver,Engine_Capacity_(CC),Propulsion_Code,Age_of_Vehicle,Driver_IMD_Decile,Driver_Home_Area_Type,Vehicle_IMD_Decile
201550JH3H005,2,9,0,18,0,0,0,0,0,0,0,1,6,3,-1,-1,-1,-1,-1,-1,-1,-1
201550JI2A001,1,20,0,18,0,4,0,0,0,0,1,1,6,1,22,5,-1,-1,-1,-1,1,-1
201550JI2A001,2,9,0,3,0,4,0,0,0,0,2,1,6,2,37,7,1598,1,12,-1,1,-1
201550JI2A003,1,19,0,18,0,1,0,0,0,0,1,1,1,1,62,9,1248,2,7,-1,1,-1
201550JI2A005,1,9,0,18,0,1,0,0,0,0,1,1,6,2,46,8,1124,1,11,-1,1,-1
201550JI2A005,2,9,0,3,0,1,0,0,0,0,2,1,3,2,47,8,1598,1,10,-1,1,-1
201550JI2B001,1,9,0,18,0,0,2,0,7,11,1,1,6,1,22,5,1149,1,15,-1,2,-1
201550JI2B002,1,9,0,18,0,1,1,0,0,0,1,1,6,2,18,4,1229,1,9,-1,1,-1
201550JI2B002,2,9,0,9,0,1,0,0,0,0,1,1,1,2,20,4,1229,1,10,-1,-1,-1
201550JI2B008,1,9,0,18,0,1,0,0,0,0,1,1,6,1,18,4,-1,-1,-1,-1,2,-1
201550JI2B008,2,9,0,10,0,1,0,0,0,0,2,1,6,2,20,4,1124,1,8,-1,2,-1
201550JI2C001,1,9,0,9,0,1,0,0,0,0,3,1,6,2,35,6,1360,1,14,-1,1,-1
201550JI2C001,2,9,0,18,0,1,0,0,0,0,1,1,2,1,57,9,-1,-1,-1,-1,3,-1
201550JI2C002,1,9,0,18,0,0,0,0,0,0,3,1,6,1,40,7,1360,1,15,-1,1,-1
201550JI2C003,1,9,0,18,0,0,0,0,0,0,1,1,6,1,66,10,1560,2,1,-1,1,-1
201550JI2C003,2,19,0,18,0,0,0,0,0,0,2,1,6,1,40,7,-1,-1,-1,-1,1,-1
201550JI2C005,1,9,0,18,0,1,1,0,0,0,1,1,2,1,30,6,1796,1,13,-1,1,-1
201550JI2C005,2,5,0,7,0,1,0,0,0,0,2,1,2,1,51,8,599,1,15,-1,1,-1
201550JI2C006,1,9,0,18,0,7,1,0,4,6,1,1,6,1,41,7,-1,-1,-1,-1,1,-1
201550JI2C006,2,19,0,18,0,7,1,0,1,0,2,1,1,1,74,10,-1,-1,-1,-1,1,-1
201550JI2C007,1,9,0,18,0,0,1,0,0,0,1,1,6,1,27,6,-1,-1,-1,-1,1,-1
201550JI2C007,2,9,0,7,0,0,0,0,1,11,2,1,6,2,33,6,1598,1,10,-1,1,-1
201550JI2C010,1,9,0,17,0,0,1,0,1,0,3,1,6,2,26,6,1242,1,4,-1,1,-1
201550JI2C010,2,9,0,16,0,0,0,0,0,0,3,1,6,2,18,4,1124,1,10,-1,1,-1
201550JI2C011,1,1,0,7,0,0,0,0,0,0,1,1,2,1,39,7,-1,-1,-1,-1,1,-1
201550JI2C011,2,1,0,18,0,0,0,0,0,0,3,1,6,1,59,9,-1,-1,-1,-1,1,-1
201550JI2C011,3,9,0,18,0,0,0,0,0,0,1,1,6,1,53,8,2720,2,10,-1,1,-1
201550JI2C011,4,9,0,18,0,0,0,0,0,0,1,1,6,2,56,9,1591,1,1,-1,1,-1
201550JI2C013,1,9,0,9,0,6,0,0,0,0,3,1,6,2,38,7,1984,2,2,-1,3,-1
201550JI2C013,2,9,0,18,0,1,0,0,0,0,1,1,6,2,58,9,1242,1,2,-1,2,-1
201550JI2C014,1,9,0,18,0,0,1,0,2,0,1,1,6,1,19,4,1149,1,13,-1,1,-1
201550JI2G001,1,9,0,15,0,0,2,0,1,1,1,1,6,1,24,5,1299,1,11,-1,1,-1
201550JI2G004,1,9,0,13,0,0,0,0,5,6,1,1,1,2,22,5,1598,1,13,-1,1,-1
201550JI2G005,1,9,0,18,0,0,1,0,4,6,1,1,2,1,44,7,1248,2,7,-1,2,-1
201550JI2G005,2,9,0,18,0,0,0,0,0,0,1,1,1,1,30,6,1560,2,1,-1,1,-1
201550JI2G005,3,19,0,4,0,0,0,0,0,0,2,1,1,1,35,6,1753,2,12,-1,1,-1
201550JI2G005,4,9,0,13,0,0,1,0,4,6,4,1,2,1,42,7,1995,2,3,-1,3,-1
201550JI2G005,5,9,0,18,0,0,1,0,4,6,1,1,2,1,51,8,2198,2,6,-1,1,-1
201550JI2G005,6,9,0,18,0,0,0,0,0,0,0,1,6,1,57,9,1900,2,10,-1,2,-1
201550JI2G006,1,9,0,18,0,0,0,10,0,0,1,1,6,2,34,6,1998,1,11,-1,1,-1
201550JI2G008,1,9,0,18,0,5,2,0,0,0,3,1,1,1,27,6,-1,-1,-1,-1,1,-1
201550JI2G009,1,9,0,10,0,6,0,0,0,0,1,1,6,2,28,6,1769,2,23,-1,1,-1
201550JI2G009,2,5,0,5,0,1,0,0,0,0,1,1,6,1,39,7,998,1,2,-1,1,-1
201550JI2G010,1,9,0,18,0,0,0,0,0,0,1,1,6,2,57,9,1999,1,13,-1,1,-1
201550JI2G011,1,9,0,18,0,1,0,0,3,10,1,1,6,2,56,9,1896,2,13,-1,1,-1
201550JI2G012,1,9,0,18,0,0,0,0,0,0,1,1,6,1,82,11,1360,1,11,-1,1,-1
201550JI2G012,2,9,0,4,0,0,0,0,0,0,2,1,2,1,33,6,1753,2,6,-1,1,-1
201550JI2G012,3,9,0,4,0,0,0,0,0,0,2,1,6,1,84,11,2204,2,10,-1,3,-1
201550JI2G012,4,9,0,4,0,0,0,0,0,0,2,1,6,2,53,8,1596,1,12,-1,1,-1
201550JI2G013,1,1,0,9,0,1,0,0,0,0,2,1,6,1,16,4,-1,-1,-1,-1,1,-1
201550JI2G013,2,9,0,13,0,1,0,0,0,0,4,1,6,3,-1,-1,-1,-1,-1,-1,-1,-1
201550JI2G014,1,9,0,18,0,0,0,0,0,0,4,1,6,1,58,9,1461,2,6,-1,1,-1
201550JI2I001,1,9,0,16,0,0,1,0,1,11,1,1,1,1,44,7,-1,-1,-1,-1,3,-1
201550JI2I002,1,9,0,4,0,0,0,0,0,0,1,1,6,1,36,7,1560,2,8,-1,1,-1
201550JI2I002,2,9,0,4,0,0,0,0,0,0,2,1,6,2,35,6,1956,2,1,-1,1,-1
201550JI2I002,3,9,0,4,0,0,0,0,0,0,2,1,6,2,54,8,1968,2,6,-1,1,-1
201550JI2I003,1,9,0,16,0,0,0,0,0,0,1,1,1,2,31,6,1686,2,2,-1,1,-1
201550JI2I003,2,9,0,4,0,0,0,0,0,0,2,1,1,2,46,8,1686,2,2,-1,1,-1
201550JI2I005,1,9,0,16,0,0,0,0,0,0,1,1,2,1,26,6,-1,-1,-1,-1,2,-1
201550JI2I005,2,9,0,17,0,0,0,0,0,0,1,1,1,1,35,6,1598,2,5,-1,3,-1
201550JI2I006,1,19,0,9,0,6,0,0,0,0,0,1,1,1,28,6,2198,2,2,-1,1,-1
201550JI2I006,2,9,0,18,0,1,0,0,0,0,0,1,6,2,70,10,1461,2,7,-1,2,-1
201550JI2I007,1,5,0,16,0,0,2,0,0,0,1,1,2,1,34,6,645,1,14,-1,1,-1
201550JI2I007,2,9,0,5,8,0,0,0,0,0,2,1,2,1,41,7,1997,2,1,-1,2,-1
201550JI2I010,1,9,0,11,0,0,0,0,1,0,2,1,6,1,33,6,1560,2,1,-1,1,-1
201550JI2I010,2,9,0,18,0,0,0,7,4,6,1,1,6,1,71,10,1596,1,15,-1,3,-1
201550JI2I011,1,9,0,18,0,0,1,0,0,0,1,1,1,2,25,5,1388,1,12,-1,2,-1
201550JI2I011,2,9,0,18,0,0,0,0,0,0,1,1,3,2,49,8,-1,-1,-1,-1,3,-1
201550JI2I014,1,3,0,13,0,1,0,0,7,11,4,1,1,1,21,5,124,1,4,-1,1,-1
201550JI2I014,2,9,0,9,0,5,0,0,0,0,3,1,1,1,35,6,2198,2,9,-1,1,-1
201550JI2I015,1,9,0,18,0,0,0,0,0,0,1,1,2,1,-1,-1,1399,2,7,-1,1,-1
201550JI2I015,2,19,0,18,0,0,0,0,0,0,1,1,2,1,44,7,1753,2,7,-1,3,-1
201550JI3F001,1,9,0,18,0,0,2,0,2,10,4,1,6,1,69,10,-1,-1,-1,-1,1,-1
201550JI3F002,1,20,0,9,0,1,0,0,0,0,3,1,1,1,46,8,-1,-1,-1,-1,1,-1
201550JI3F002,2,19,0,18,0,1,0,0,0,0,4,1,6,1,27,6,-1,-1,-1,-1,1,-1
201550JI3F003,1,19,0,18,0,1,0,0,0,0,1,1,6,1,73,10,1896,2,8,-1,1,-1
201550JI3F003,2,9,0,18,0,1,0,0,7,10,1,1,2,2,31,6,1587,1,14,-1,1,-1
201550JI3G001,1,19,0,18,0,0,0,0,0,0,1,1,6,3,-1,-1,1686,2,11,-1,-1,-1
201550JI3G001,2,9,0,3,0,0,0,0,0,0,2,1,6,2,39,7,1198,1,8,-1,1,-1
201550JI3G001,3,9,0,3,0,0,0,0,0,0,2,1,6,3,-1,-1,-1,-1,-1,-1,-1,-1
201550JI3G002,1,9,0,13,0,1,5,0,1,4,1,1,6,1,58,9,-1,-1,-1,-1,3,-1
201550JI3G003,1,9,0,18,0,0,0,0,0,0,3,1,6,1,56,9,1149,1,19,-1,2,-1
201550JI3G003,2,19,0,18,0,0,0,0,0,0,3,1,2,1,52,8,2402,2,5,-1,1,-1
201550JI3G004,1,9,0,18,0,0,0,0,0,0,0,1,6,1,59,9,1461,2,5,-1,2,-1
201550JI3G005,1,9,0,1,0,6,0,0,0,0,2,1,6,3,-1,-1,-1,-1,-1,-1,-1,-1
201550JI3G006,1,19,0,18,0,0,0,0,2,11,1,1,6,2,22,5,2300,2,14,-1,1,-1
201550JI3G007,1,9,0,17,0,0,1,0,8,10,1,1,6,2,20,4,1299,1,13,-1,2,-1
201550JI3G008,1,2,0,18,0,0,0,0,1,0,0,1,6,2,16,4,49,1,1,-1,3,-1
201550JI3G008,2,9,0,18,0,0,0,0,0,0,0,1,6,1,-1,-1,-1,-1,-1,-1,-1,-1
201550JI3G009,1,3,0,16,0,0,0,0,7,11,1,1,6,1,21,5,124,1,-1,-1,3,-1
201550JI3G009,2,9,0,1,0,0,0,0,0,0,2,1,6,1,53,8,1587,1,9,-1,1,-1
201550JI3G010,1,9,0,5,0,6,0,0,0,0,3,1,1,2,55,8,996,1,4,-1,1,-1
201550JI3G010,2,9,0,18,0,1,0,0,0,0,1,1,2,1,22,5,1199,1,12,-1,2,-1
201550JI3H001,1,9,0,3,0,0,2,0,1,11,4,1,6,1,17,4,-1,-1,-1,-1,2,-1
201550JI3H001,2,9,0,4,0,0,0,0,0,0,3,1,2,1,24,5,1994,1,12,-1,2,-1
201550JI3H003,1,9,0,7,0,6,0,0,0,0,1,1,1,1,18,4,1399,2,9,-1,1,-1
201550JI3H003,2,9,0,10,0,1,0,0,1,10,3,1,6,2,79,11,1275,1,18,-1,3,-1
201550JI3I001,1,9,0,18,0,0,0,0,0,0,3,1,6,2,50,8,998,1,-1,-1,-1,-1
201550JI3J001,1,9,0,18,0,1,0,0,0,0,1,1,2,2,65,9,1896,2,10,-1,3,-1
201550JI3J001,2,21,1,18,0,1,0,0,0,0,4,1,1,1,67,10,12580,2,10,-1,1,-1
201550JI3J002,1,19,0,18,0,8,0,0,0,10,1,1,6,1,-1,-1,1998,2,13,-1,-1,-1
201550JI4L001,1,9,0,18,0,0,0,11,0,10,4,1,6,2,68,10,1560,2,8,-1,3,-1
201550JI4L003,1,9,0,18,0,0,5,12,0,0,1,1,6,2,23,5,1124,1,16,-1,3,-1
201550JI4L004,1,9,0,16,0,0,0,0,0,0,1,1,1,1,24,5,1299,1,14,-1,1,-1
201550JI4L004,2,9,0,17,0,0,0,0,0,0,3,1,1,1,20,4,1149,1,8,-1,3,-1
201550JI4L005,1,9,0,18,0,0,2,0,7,10,1,1,6,1,19,4,1598,1,17,-1,1,-1
201550JI4M002,1,9,0,7,0,5,1,0,0,0,1,1,6,1,27,6,-1,-1,-1,-1,1,-1
201550JI4M002,2,9,0,18,0,6,0,0,0,0,1,1,6,1,54,8,1968,2,3,-1,1,-1
201550JI4M003,1,9,0,17,0,0,5,7,0,0,1,1,2,1,41,7,1956,2,3,-1,1,-1
201550JI4M006,1,9,0,9,0,1,0,0,0,0,1,1,6,3,-1,-1,-1,-1,-1,-1,1,-1
201550JI4M006,2,2,0,18,0,1,0,0,0,0,1,1,6,1,41,7,49,1,1,-1,1,-1
201550JI4M007,1,9,0,5,0,6,0,0,0,0,1,1,2,1,-1,-1,1149,1,14,-1,-1,-1
201550JI4M007,2,4,0,18,0,1,0,0,0,0,1,1,2,1,41,7,-1,-1,-1,-1,2,-1
201550JI4M008,1,9,0,18,0,0,0,0,0,0,0,1,6,3,-1,-1,-1,-1,-1,-1,-1,-1
201550JI4M008,2,3,0,18,0,0,0,0,0,0,0,1,6,1,26,6,-1,-1,-1,-1,3,-1
201550JI4M009,1,9,0,4,0,0,0,0,0,0,1,1,6,1,63,9,1896,2,11,-1,3,-1
201550JI4M009,2,9,0,3,0,0,0,0,0,0,2,1,6,1,44,7,-1,-1,-1,-1,1,-1
201550JI4M009,3,9,0,3,0,0,0,0,0,0,2,1,6,2,29,6,1242,1,4,-1,3,-1
201550JI4M010,1,5,0,16,0,0,5,11,1,10,1,1,6,1,26,6,690,1,2,-1,1,-1
201550JI4M011,1,9,0,18,0,0,0,0,0,0,3,1,6,1,24,5,1995,2,6,-1,1,-1
201550JI4M011,2,9,0,18,0,0,0,0,1,0,3,1,2,2,22,5,1560,2,8,-1,1,-1
201550JI4M011,3,19,0,18,0,0,0,0,0,0,3,1,2,1,47,8,1968,2,2,-1,1,-1
201550JI4M012,1,9,0,18,0,0,0,0,0,0,4,1,6,2,28,6,1198,1,7,-1,3,-1
201550JI4M014,1,9,0,18,0,6,0,0,0,0,0,1,6,3,-1,-1,-1,-1,-1,-1,-1,-1
201550JI4M014,2,9,0,18,0,6,0,0,1,0,3,1,6,2,51,8,1360,1,14,-1,1,-1
201550JI4M014,3,9,0,18,0,6,0,0,7,0,4,1,6,1,66,10,1339,1,9,-1,2,-1
201550JI4M015,1,9,0,11,0,0,0,0,4,7,3,1,1,1,37,7,1799,1,8,-1,-1,-1
201550JI4M015,2,9,0,12,0,0,0,0,0,0,0,1,6,3,-1,-1,-1,-1,-1,-1,-1,-1
201550JI4M017,1,9,0,18,0,5,0,12,0,0,0,1,1,2,23,5,1399,2,7,-1,1,-1
201550JI4M018,1,9,0,9,0,1,0,0,0,0,1,1,2,2,22,5,1229,1,10,-1,1,-1
201550JI4M018,2,9,0,17,0,8,0,0,0,0,1,1,6,1,25,5,1587,1,13,-1,1,-1
201550JK2A002,1,19,0,1,0,0,0,0,0,0,0,1,6,1,35,6,2402,2,13,-1,2,-1
201550JK2A003,1,9,0,18,0,1,0,0,0,0,1,1,6,1,26,6,1198,1,11,-1,1,-1
201550JK2A003,2,9,0,18,0,1,1,0,0,0,1,1,6,2,52,8,1968,2,-1,-1,3,-1
201550JK2A011,1,8,0,18,0,0,0,0,0,0,1,1,1,2,50,8,1968,2,6,-1,3,-1
201550JK2B002,1,9,0,18,0,1,0,0,3,10,1,1,2,1,25,5,1388,1,10,-1,3,-1
201550JK2B005,1,9,0,17,0,0,0,4,0,0,1,1,6,1,25,5,1997,1,16,-1,1,-1
201550JK2B005,2,9,0,2,0,0,0,0,0,0,2,1,6,1,20,4,1360,1,11,-1,2,-1
201550JK2B006,1,9,0,18,0,0,0,0,0,0,1,1,6,2,70,10,3059,2,17,-1,3,-1
201550JK2B008,1,90,0,17,0,0,1,0,1,10,1,1,6,1,60,9,-1,-1,-1,-1,2,-1
201550JK2B011,1,9,0,17,0,0,0,0,7,11,4,1,6,1,77,11,1998,2,12,-1,3,-1
201550JK2B011,2,9,0,16,0,0,0,0,0,0,1,1,6,1,45,7,1397,1,12,-1,3,-1
201550JK2E001,1,9,0,16,0,0,0,0,0,0,1,1,6,1,30,6,1796,1,12,-1,2,-1
201550JK2E001,2,8,0,18,0,0,0,0,0,0,1,1,1,1,56,9,2148,2,6,-1,3,-1
201550JK2E002,1,9,0,18,0,0,0,0,0,0,1,1,6,1,71,10,1598,1,12,-1,2,-1
201550JK2E003,1,9,0,16,0,0,5,0,1,11,1,1,6,1,23,5,-1,-1,-1,-1,3,-1
201550JK2H002,1,2,0,16,0,0,1,10,0,10,1,1,4,2,16,4,49,1,4,-1,2,-1
201550JK2I001,1,9,0,7,0,1,0,0,0,0,1,1,6,2,52,8,1242,1,2,-1,3,-1
201550JK2I002,1,3,0,18,0,4,0,0,0,0,1,1,6,1,17,4,125,1,-1,-1,1,-1
201550JK2I002,2,9,0,9,0,3,0,0,0,0,4,1,6,1,57,9,1468,1,20,-1,3,-1
201550JK2K001,1,5,0,18,0,1,0,0,0,0,2,1,6,1,53,8,647,1,17,-1,1,-1
201550JK2K001,2,9,0,18,0,1,0,0,0,0,1,1,6,1,32,6,1299,1,8,-1,1,-1
201550JK2K002,1,9,0,5,0,1,0,0,0,0,1,1,6,2,34,6,1461,2,4,-1,3,-1
201550JK2K002,2,5,0,18,0,1,0,0,0,0,4,1,6,1,50,8,690,1,-1,-1,3,-1
201550JK2M001,1,19,0,18,0,0,1,0,0,0,1,1,6,1,37,7,1560,2,3,-1,1,-1
201550JK2M001,2,9,0,18,0,0,0,0,0,0,1,1,6,1,30,6,1461,2,9,-1,1,-1
201550JK2M003,1,9,0,16,0,0,0,0,0,0,3,1,1,1,84,11,1997,1,-1,-1,3,-1
201550JK2M003,2,9,0,18,0,0,0,0,0,0,3,1,1,2,51,8,1870,2,6,-1,3,-1
201550JK2M004,1,5,0,17,0,8,1,0,1,0,1,1,1,1,55,8,980,1,26,-1,3,-1
201550JK2M005,1,9,0,17,0,0,0,0,0,0,1,1,6,2,59,9,1422,2,13,-1,2,-1
201550JK2M005,2,9,4,16,0,0,1,0,0,0,1,1,1,1,48,8,2495,2,11,-1,2,-1
201550JK2N001,1,9,0,4,0,3,1,10,7,0,1,1,2,1,18,4,998,1,9,-1,2,-1
201550JK2O002,1,21,0,17,0,0,0,0,0,0,3,1,1,1,34,6,12777,2,9,-1,2,-1
201550JK2O002,2,9,0,16,0,0,1,0,1,10,4,1,6,1,17,4,1299,1,14,-1,3,-1
201550JK2Q001,1,3,0,18,0,0,2,0,0,0,3,1,6,1,17,4,-1,-1,-1,-1,3,-1
201550JK2Q001,2,9,0,18,0,0,0,0,0,0,3,1,2,2,25,5,-1,-1,-1,-1,3,-1
201550JK2S001,1,9,0,16,0,0,5,10,0,10,1,1,6,1,18,4,1391,1,15,-1,1,-1
201550JK2W001,1,9,0,18,0,6,0,0,0,0,3,1,6,2,20,4,-1,-1,-1,-1,3,-1
201550JK2W001,2,9,0,18,0,1,0,0,0,0,1,1,6,1,49,8,1995,1,4,-1,2,-1
201550JK2W002,1,9,0,1,0,0,0,0,0,0,2,1,1,1,53,8,-1,-1,-1,-1,3,-1
201550JN2A001,1,9,0,18,1,0,1,0,0,0,1,1,1,1,32,6,-1,-1,-1,-1,1,-1
201550JN2A001,2,9,0,4,0,0,0,0,7,0,2,1,2,1,53,8,2183,2,5,-1,1,-1
201550JN2A001,3,19,0,4,0,0,0,0,0,0,2,1,2,1,20,4,-1,-1,-1,-1,1,-1
201550JN2A002,1,9,0,18,0,0,0,0,8,10,1,1,2,2,26,6,1199,1,1,-1,1,-1
201550JN2A004,1,9,0,5,0,1,0,0,0,0,3,1,6,1,20,4,-1,-1,-1,-1,1,-1
201550JN2A004,2,9,0,18,0,1,0,0,0,0,1,1,6,2,34,6,-1,-1,-1,-1,1,-1
201550JN2A005,1,9,0,18,0,0,5,4,0,0,1,1,6,1,74,10,-1,-1,-1,-1,1,-1
201550JN2A005,2,9,0,2,0,0,0,0,0,0,1,1,6,1,-1,-1,-1,-1,-1,-1,1,-1
201550JN2A005,3,9,0,2,0,0,0,0,0,0,2,1,6,1,-1,-1,-1,-1,-1,-1,1,-1
201550JN2A006,1,3,0,14,0,0,0,0,0,0,1,1,6,1,22,5,107,1,2,-1,1,-1
201550JN2A006,2,9,0,14,0,0,0,0,0,0,1,1,6,2,18,4,1598,1,5,-1,1,-1
201550JN2A009,1,9,0,18,0,0,0,0,0,0,0,1,6,3,-1,-1,-1,-1,-1,-1,-1,-1
201550JN2A009,2,1,0,18,0,0,0,0,0,0,0,1,6,1,41,7,-1,-1,-1,-1,1,-1
201550JN2A012,1,4,0,5,0,3,0,0,0,0,3,1,2,1,43,7,350,1,3,-1,1,-1
201550JN2A012,2,9,0,5,0,3,0,0,0,0,1,1,6,1,-1,-1,1910,2,9,-1,-1,-1
201550JN2A013,1,9,0,5,0,4,0,0,0,0,1,1,1,1,50,8,-1,-1,-1,-1,1,-1
201550JN2A013,2,1,0,5,0,4,0,0,0,0,1,1,2,1,31,6,-1,-1,-1,-1,2,-1
201550JN2A015,1,9,0,3,0,4,0,0,0,0,2,1,2,1,30,6,1149,1,13,-1,1,-1
201550JN2A015,2,3,0,4,0,4,5,0,0,0,1,1,2,1,19,4,125,1,-1,-1,2,-1
201550JN2A016,1,19,0,7,0,1,0,0,0,0,4,1,1,1,25,5,1896,2,14,-1,3,-1
201550JN2A016,2,1,0,18,0,1,0,0,0,0,1,1,6,1,40,7,-1,-1,-1,-1,1,-1
201550JN2A017,1,9,0,18,0,1,0,0,3,0,1,1,6,1,34,6,1797,1,15,-1,2,-1
201550JN2A017,2,9,0,9,0,1,0,0,0,0,1,1,6,1,59,9,1349,1,10,-1,1,-1
201550JN2A019,1,9,0,9,0,1,0,0,0,0,3,1,6,2,35,6,1686,2,9,-1,1,-1
201550JN2A019,2,1,0,3,0,1,0,0,0,0,1,1,1,1,55,8,-1,-1,-1,-1,1,-1
201550JN2B002,1,9,0,4,0,0,0,0,0,0,1,1,6,1,70,10,1296,1,15,-1,1,-1
201550JN2B002,2,9,0,4,0,0,0,0,0,0,2,1,6,1,65,9,1242,1,7,-1,3,-1
201550JN2B003,1,5,0,16,0,0,2,0,0,0,4,1,6,1,55,8,750,1,7,-1,1,-1
201550JN2B005,1,9,0,18,1,0,2,0,7,11,1,1,2,2,43,7,-1,-1,-1,-1,1,-1
201550JN2B006,1,3,0,18,0,0,0,0,0,0,1,1,2,1,49,8,124,1,1,-1,2,-1
201550JN2B010,1,19,0,4,0,1,0,0,0,0,1,1,6,1,28,6,1896,2,9,-1,1,-1
201550JN2B010,2,9,0,3,0,1,0,0,0,0,2,1,6,2,41,7,1587,1,13,-1,1,-1
201550JN2B010,3,9,0,3,0,1,0,0,0,0,2,1,6,2,35,6,1398,1,4,-1,3,-1
201550JN2B011,1,5,0,4,0,4,0,0,0,0,0,1,6,1,60,9,2294,1,-1,-1,1,-1
201550JN2B013,1,9,0,18,0,8,1,0,0,11,4,1,6,1,20,4,2000,1,6,-1,1,-1
201550JN2B013,2,9,0,10,0,6,5,0,7,0,1,1,6,1,72,10,1329,1,4,-1,1,-1
201550JN2B015,1,9,0,5,0,6,0,0,0,0,1,1,2,2,34,6,1975,1,15,-1,1,-1
201550JN2B015,2,9,0,17,0,8,0,0,7,0,3,1,6,1,30,6,1590,1,18,-1,1,-1
201550JN2B016,1,9,0,16,0,0,0,0,7,4,1,1,6,1,16,4,1599,1,16,-1,3,-1
201550JN2B020,1,9,0,3,0,4,0,0,0,0,1,1,6,2,55,8,1968,2,10,-1,3,-1
201550JN2B021,1,9,0,16,0,0,1,0,0,0,1,1,2,1,29,6,1390,1,8,-1,1,-1
201550JN2B021,2,9,0,17,0,0,0,0,0,0,1,1,6,1,50,8,2987,2,4,-1,1,-1
201550JN2B025,1,9,0,3,0,1,0,0,0,0,2,1,2,2,28,6,1598,1,13,-1,1,-1
201550JN2B025,2,9,0,18,0,1,0,0,0,0,1,1,6,2,22,5,1796,1,14,-1,2,-1
201550JN2B032,1,9,0,9,0,1,0,0,0,0,1,1,6,2,66,10,1951,2,11,-1,1,-1
201550JN2B032,2,9,0,18,0,1,0,0,0,0,4,1,6,2,41,7,1997,2,11,-1,3,-1
201550JN2C001,1,21,0,18,0,1,0,0,0,0,1,1,1,1,34,6,-1,-1,-1,-1,1,-1
201550JN2C001,2,9,0,4,0,1,0,0,0,0,2,1,6,1,77,11,1461,2,9,-1,2,-1
201550JN2C002,1,9,0,18,0,0,0,0,0,0,3,1,6,2,37,7,1296,1,8,-1,2,-1
201550JN2C002,2,5,0,18,0,0,1,0,0,0,1,1,2,1,58,9,1298,1,10,-1,1,-1
201550JN2C002,3,9,0,3,0,0,0,0,0,0,3,1,1,1,46,8,2987,2,1,-1,3,-1
201550JN2D002,1,9,0,18,0,0,0,0,0,0,1,1,6,1,47,8,2498,1,14,-1,1,-1
201550JN2D002,2,9,0,3,0,0,0,0,0,0,2,1,6,2,60,9,1560,2,3,-1,1,-1
201550JN2D003,1,9,0,18,0,0,2,0,8,4,1,1,2,2,39,7,1598,1,8,-1,1,-1
201550JN2D004,1,11,0,18,0,0,0,0,0,0,1,1,6,3,-1,-1,11000,2,9,-1,-1,-1
201550JN2D004,2,9,0,18,0,0,0,0,0,0,1,1,6,2,25,5,1968,2,-1,-1,1,-1
201550JN2E001,1,9,0,3,0,0,0,0,0,0,3,1,2,1,28,6,-1,-1,-1,-1,2,-1
201550JN2E001,2,5,0,14,0,0,0,0,0,0,4,1,2,1,28,6,790,1,12,-1,1,-1
201550JN2E003,1,9,0,16,0,0,0,0,0,0,1,1,2,1,53,8,-1,-1,-1,-1,1,-1
201550JN2E003,2,9,0,17,0,0,0,0,0,0,1,1,2,1,46,8,1242,1,9,-1,2,-1
201550JN2E004,1,5,0,18,0,1,0,0,0,0,1,1,2,1,51,8,998,1,10,-1,1,-1
201550JN2E004,2,19,0,10,0,5,0,0,0,0,2,1,1,1,38,7,-1,-1,-1,-1,1,-1
201550JN2E005,1,9,0,4,0,1,0,0,0,0,1,1,6,1,37,7,1995,2,3,-1,1,-1
201550JN2E005,2,9,0,3,0,1,0,0,0,0,2,1,1,1,50,8,2148,2,11,-1,1,-1
201550JN2E006,1,9,0,9,0,1,0,0,0,0,3,1,6,2,57,9,-1,-1,-1,-1,2,-1
201550JN2E006,2,5,0,18,0,1,0,0,0,0,4,1,1,1,46,8,750,1,6,-1,1,-1
201550JN2E007,1,9,0,18,0,1,0,0,0,0,1,1,6,3,-1,-1,-1,-1,-1,-1,-1,-1
201550JN2E007,2,1,0,18,0,1,0,0,0,0,2,1,1,1,20,4,-1,-1,-1,-1,1,-1
201550JN2E010,1,5,0,18,0,1,0,0,0,0,1,1,2,1,44,7,675,1,1,-1,1,-1
201550JN2E010,2,9,0,9,0,6,0,0,0,0,3,1,2,2,27,6,1397,1,6,-1,2,-1
201550JN2E011,1,9,0,17,0,0,0,0,0,0,1,1,6,1,51,8,1398,2,1,-1,1,-1
201550JN2E011,2,9,0,16,0,0,0,0,0,0,1,1,6,2,61,9,1388,1,7,-1,1,-1
201550JN2E012,1,5,0,13,0,1,0,0,0,0,1,1,6,1,22,5,599,1,9,-1,1,-1
201550JN2E012,2,19,0,9,0,1,0,0,0,0,3,1,6,1,65,9,-1,-1,-1,-1,2,-1
201550JN2E013,1,9,0,9,0,6,0,0,0,0,3,1,2,1,71,10,1242,1,10,-1,2,-1
201550JN2E013,2,5,0,13,0,8,0,0,0,0,1,1,2,1,48,8,798,1,4,-1,1,-1
201550JN2E014,1,9,0,18,0,0,0,0,7,0,1,1,6,1,20,4,1390,1,12,-1,3,-1
201550JN2E014,2,9,0,18,0,0,0,0,1,10,1,1,2,1,54,8,998,1,1,-1,2,-1
201550JN2E015,1,9,0,18,0,0,0,0,0,0,4,1,6,1,68,10,1461,2,4,-1,2,-1
201550JN2E017,1,9,0,18,0,0,0,0,0,0,0,1,6,3,-1,-1,-1,-1,-1,-1,-1,-1
201550JN2E018,1,9,0,10,9,6,0,0,0,0,1,1,6,1,32,6,1790,1,15,-1,1,-1
201550JN2E018,2,3,0,18,0,1,2,0,0,0,1,1,6,1,64,9,125,1,7,-1,1,-1
201550JN2F002,1,9,0,12,0,1,0,0,0,0,0,1,6,3,-1,-1,-1,-1,-1,-1,-1,-1