Accident_Index,Vehicle_Reference,Vehicle_Type,Towing_and_Articulation,Vehicle_Manoeuvre,Vehicle_Location-Restricted_Lane,Junction_Location,Skidding_and_Overturning,Hit_Object_in_Carriageway,Vehicle_Leaving_Carriageway,Hit_Object_off_Carriageway,1st_Point_of_Impact,Was_Vehicle_Left_Hand_Drive?,Journey_Purpose_of_Driver,Sex_of_Driver,Age_of_Driver,Age_Band_of_Driver,Engine_Capacity_(CC),Propulsion_Code,Age_of_Vehicle,Driver_IMD_Decile,Driver_Home_Area_Type,Vehicle_IMD_Decile
201550JN2F002,2,19,0,4,0,1,0,0,0,0,1,1,1,1,55,8,-1,-1,-1,-1,1,-1
201550JN2F002,3,19,0,5,0,1,0,0,0,0,2,1,1,1,59,9,-1,-1,-1,-1,1,-1
201550JN2F003,1,9,0,16,0,1,1,0,0,0,1,1,1,2,53,8,1149,1,7,-1,2,-1
201550JN2F003,2,9,0,9,0,1,0,0,0,0,4,1,6,1,59,9,-1,-1,-1,-1,2,-1
201550JN2F004,1,19,0,16,0,0,1,0,1,4,3,1,2,1,31,6,2198,2,8,-1,3,-1
201550JN2F004,2,17,4,17,0,0,0,0,0,0,3,1,1,1,53,8,-1,2,10,-1,2,-1
201550JN2G001,1,9,0,10,0,1,0,0,0,0,3,1,1,2,47,8,1995,1,6,-1,3,-1
201550JN2G001,2,3,0,18,0,1,0,0,0,0,1,1,6,1,18,4,-1,-1,-1,-1,1,-1
201550JN2G002,1,9,0,18,0,0,0,0,0,0,1,1,6,3,-1,-1,1900,2,15,-1,-1,-1
201550JN2G002,2,9,0,18,0,0,0,0,0,0,2,1,6,2,27,6,1339,1,7,-1,1,-1
201550JN2G003,1,9,0,17,0,0,2,0,0,0,1,1,6,1,34,6,1956,2,1,-1,1,-1
201550JN2G003,2,9,0,16,0,0,0,0,0,0,1,1,3,2,32,6,1995,2,17,-1,1,-1
201550JN2H001,1,9,0,18,0,0,0,0,0,0,1,1,6,3,-1,-1,3200,2,6,-1,-1,-1
201550JN2H001,2,9,0,3,0,0,0,0,0,0,2,1,6,2,39,7,1597,2,1,-1,2,-1
201550JN2I001,1,9,0,16,0,1,1,0,0,0,1,1,6,1,21,5,-1,-1,-1,-1,1,-1
201550JN2I003,1,9,0,5,0,8,0,0,0,0,3,1,6,1,59,9,2179,2,2,-1,3,-1
201550JN2I003,2,3,0,18,0,8,0,0,0,0,1,1,6,1,18,4,124,1,10,-1,2,-1
201550JN2I004,1,9,0,18,0,1,0,0,0,0,1,1,6,1,61,9,-1,-1,-1,-1,1,-1
201550JN2I004,2,9,0,18,0,1,0,0,0,0,1,1,6,2,27,6,1396,1,13,-1,1,-1
201550JN2I006,1,9,0,9,0,6,0,0,0,0,1,1,6,2,36,7,1587,1,8,-1,1,-1
201550JN2I006,2,5,0,18,0,8,0,0,7,0,1,1,6,1,19,4,600,1,17,-1,1,-1
201550JN2I007,1,8,0,18,0,1,0,0,0,0,1,1,1,1,35,6,1968,2,10,-1,3,-1
201550JN2I007,2,9,0,10,0,8,0,0,0,0,2,1,6,2,70,10,1248,2,7,-1,3,-1
201550JN2I008,1,9,0,18,0,1,0,0,0,0,1,1,6,2,27,6,1198,1,1,-1,1,-1
201550JN2I008,2,9,0,18,0,1,0,0,0,0,3,1,6,1,34,6,1360,1,14,-1,3,-1
201550JN2I009,1,3,0,18,0,0,1,0,0,0,0,1,1,1,20,4,124,1,2,-1,1,-1
201550JN2I010,1,9,0,18,0,1,2,0,1,10,3,1,6,1,64,9,2495,2,15,-1,2,-1
201550JN2I010,2,9,0,10,0,1,0,0,0,0,4,1,2,1,54,8,1389,1,17,-1,1,-1
201550JN2I011,1,9,0,18,0,0,0,0,0,0,1,1,6,1,56,9,-1,-1,-1,-1,1,-1
201550JN2I011,2,9,0,18,0,0,0,0,0,0,2,1,6,2,47,8,1995,1,6,-1,3,-1
201550JN2I012,1,9,0,9,0,8,0,0,0,0,3,1,6,1,35,6,2495,2,10,-1,1,-1
201550JN2I012,2,5,0,13,0,8,1,0,0,0,1,1,6,1,48,8,998,1,24,-1,2,-1
201550JN2I013,1,9,0,5,0,2,0,0,1,11,1,1,6,2,84,11,1591,1,3,-1,2,-1
201550JN2I014,1,9,0,18,0,0,0,0,0,0,1,1,2,1,53,8,2204,2,8,-1,3,-1
201550JN2J002,1,9,0,9,0,6,0,0,0,0,1,1,6,2,57,9,1850,1,14,-1,1,-1
201550JN2J002,2,1,0,18,0,8,0,0,0,0,1,1,6,1,56,9,-1,-1,-1,-1,2,-1
201550JN2J006,1,9,0,18,0,0,0,0,0,0,1,1,6,1,51,8,1598,2,3,-1,2,-1
201550JN2J006,2,9,0,18,0,0,0,0,0,0,1,1,6,3,-1,-1,-1,-1,-1,-1,-1,-1
201550JN2J011,1,2,0,18,0,1,0,0,0,0,1,1,6,1,16,4,49,1,-1,-1,1,-1
201550JN2J013,1,9,0,18,0,2,0,0,0,0,1,1,6,1,76,11,1984,1,12,-1,3,-1
201550JN2J013,2,9,0,9,0,2,0,0,0,0,2,1,6,1,38,7,998,1,8,-1,2,-1
201550JN2K004,1,9,0,18,0,1,0,0,0,0,1,1,6,2,33,6,1598,1,8,-1,1,-1
201550JN2K004,2,1,0,18,0,1,0,0,0,0,3,1,6,1,20,4,-1,-1,-1,-1,2,-1
201550JN2K006,1,9,0,16,0,0,0,0,0,0,0,1,6,3,-1,-1,-1,-1,-1,-1,-1,-1
201550JN2K006,2,3,0,17,0,0,1,0,0,0,0,1,2,1,23,5,125,1,1,-1,2,-1
201550JN2K008,1,9,0,18,0,0,0,0,5,0,1,1,6,1,34,6,1995,1,9,-1,1,-1
201550JN2K009,1,3,0,18,0,4,1,0,0,0,1,1,6,1,17,4,124,1,8,-1,1,-1
201550JN2K009,2,9,0,8,0,4,0,0,0,0,2,1,6,2,72,10,998,1,-1,-1,1,-1
201550JN2K010,1,9,0,5,0,4,0,0,0,0,1,1,6,1,47,8,1870,2,12,-1,1,-1
201550JN2K010,2,9,0,5,0,4,0,0,0,0,2,1,6,2,35,6,1596,1,13,-1,1,-1
201550JN2K012,1,19,0,6,0,3,0,0,0,0,3,1,1,1,50,8,1598,2,-1,-1,3,-1
201550JN2K012,2,9,0,4,0,3,1,0,7,0,1,1,2,2,36,7,1242,1,6,-1,1,-1
201550JN2L001,1,9,0,18,0,2,0,0,0,0,1,1,2,2,49,8,1995,2,5,-1,1,-1
201550JN2L001,2,9,0,3,0,2,0,0,0,0,2,1,6,1,49,8,1360,1,15,-1,2,-1
201550JN2L001,3,9,0,3,0,2,0,0,0,0,2,1,6,1,28,6,1800,1,16,-1,1,-1
201550JN2L003,1,9,0,4,0,4,0,10,7,0,2,1,6,1,58,9,1798,8,3,-1,1,-1
201550JN2L004,1,9,0,18,0,1,0,0,0,0,1,1,6,1,47,8,1589,1,16,-1,1,-1
201550JN2L004,2,9,0,3,0,1,0,0,0,0,2,1,6,1,43,7,2993,2,4,-1,1,-1
201550JN2L004,3,9,0,3,0,1,0,0,0,0,2,1,6,2,35,6,1796,1,15,-1,1,-1
201550JN2L005,1,9,0,4,0,1,0,0,0,0,1,1,6,2,20,4,1196,1,18,-1,1,-1
201550JN2L005,2,9,0,4,0,1,0,0,0,0,2,1,6,1,24,5,1596,1,15,-1,2,-1
201550JN2L005,3,9,0,4,0,1,0,0,0,0,2,1,2,1,50,8,1998,2,9,-1,1,-1
201550JN2L006,1,9,0,9,0,8,0,0,0,0,1,1,6,1,73,10,1587,1,11,-1,1,-1
201550JN2L006,2,1,0,18,0,1,0,0,1,0,1,1,6,1,79,11,-1,-1,-1,-1,1,-1
201550JN2L007,1,5,0,14,0,0,0,0,0,0,1,1,2,1,28,6,998,1,21,-1,1,-1
201550JN2L007,2,9,0,18,0,0,0,0,0,0,3,1,6,2,44,7,1461,2,-1,-1,1,-1
201550JN2L007,3,9,0,18,0,0,0,0,0,0,3,1,6,1,23,5,1896,2,13,-1,3,-1
201550JN2M002,1,9,0,18,0,4,0,0,0,0,1,1,6,1,75,10,1339,1,5,-1,1,-1
201550JN2M002,2,9,0,4,0,4,0,0,0,0,2,1,1,1,51,8,1796,1,8,-1,1,-1
201550JN2M003,1,5,0,14,0,5,0,0,7,10,1,1,6,1,38,7,598,1,19,-1,1,-1
201550JN2M003,2,9,0,9,0,5,0,0,0,0,3,1,6,2,45,7,-1,-1,-1,-1,3,-1
201550JN2M008,1,20,0,9,0,5,0,0,0,0,1,1,1,1,49,8,4500,2,8,-1,3,-1
201550JN2M008,2,9,0,17,0,8,0,0,0,0,3,1,6,2,31,6,1598,2,4,-1,3,-1
201550JN2M010,1,11,0,5,0,0,0,0,0,0,0,1,1,3,-1,-1,-1,-1,-1,-1,-1,-1
201550JN2M011,1,4,0,15,0,0,0,0,0,0,1,1,6,1,24,5,400,1,25,-1,1,-1
201550JN2M011,2,1,0,9,0,0,0,0,0,0,3,1,6,1,34,6,-1,-1,-1,-1,1,-1
201550JN2M012,1,9,0,18,0,4,0,0,0,0,1,1,2,2,41,7,1796,1,7,-1,1,-1
201550JN2M012,2,9,0,18,0,8,0,0,0,0,4,1,2,2,33,6,1248,2,5,-1,3,-1
201550JN2M013,1,9,0,18,0,8,0,0,0,0,1,1,6,2,71,10,-1,-1,-1,-1,3,-1
201550JN2M013,2,9,0,18,0,8,0,0,0,0,1,1,6,2,55,8,1242,1,5,-1,1,-1
201550JN2M014,1,22,0,18,0,0,0,0,0,0,1,1,6,2,68,10,-1,3,4,-1,1,-1
201550JN2M016,1,9,0,9,0,8,0,0,0,0,1,1,6,2,20,4,-1,-1,-1,-1,3,-1
201550JN2M016,2,4,0,18,0,8,0,0,0,0,4,1,6,1,57,9,1340,1,22,-1,3,-1
201550JN2M017,1,9,0,9,0,8,0,0,0,0,3,1,6,1,17,4,1598,1,7,-1,3,-1
201550JN2M017,2,1,0,18,0,1,0,0,0,0,1,1,2,1,52,8,-1,-1,-1,-1,2,-1
201550JN2M019,1,9,0,18,0,0,0,0,0,0,1,1,6,2,19,4,1299,1,14,-1,2,-1
201550JN2M019,2,9,0,3,0,0,0,0,0,0,2,1,6,1,30,6,1984,1,9,-1,1,-1
201550JN2M019,3,9,0,3,0,0,0,0,0,0,3,1,6,1,44,7,1870,2,12,-1,1,-1
201550JN2M021,1,9,0,9,0,2,0,0,0,0,1,1,2,2,71,10,2179,2,8,-1,3,-1
201550JN2M022,1,3,0,18,0,0,0,0,0,0,1,1,6,1,17,4,124,1,6,-1,1,-1
201550JN2M024,1,9,0,9,0,3,1,10,0,0,1,1,2,1,32,6,1781,1,15,-1,1,-1
201550JN2M025,1,9,0,18,0,8,0,0,0,0,1,1,6,2,59,9,1587,1,9,-1,1,-1
201550JN2M025,2,9,0,10,0,8,0,0,0,0,3,1,6,2,24,5,1598,1,16,-1,1,-1
201550JN2M027,1,9,0,4,0,4,0,0,0,0,1,1,1,1,66,10,1896,2,10,-1,1,-1
201550JN2M027,2,3,0,7,0,3,1,0,0,1,1,1,6,1,20,4,125,1,-1,-1,1,-1
201550JN2N003,1,1,0,18,0,8,0,0,0,0,3,1,6,1,19,4,-1,-1,-1,-1,1,-1
201550JN2N003,2,9,0,18,0,8,0,0,0,0,3,1,6,2,66,10,1360,1,9,-1,1,-1
201550JN2N004,1,19,0,7,0,4,0,0,0,0,1,1,1,1,56,9,-1,-1,-1,-1,-1,-1
201550JN2N004,2,19,0,18,0,8,0,0,0,0,1,1,1,1,30,6,2402,2,10,-1,3,-1
201550JN2N005,1,11,0,18,0,0,0,0,0,0,1,1,1,3,69,10,3900,2,10,-1,3,-1
201550JN2N006,1,9,0,18,0,1,0,0,0,0,1,1,6,2,84,11,1400,1,9,-1,2,-1
201550JN2N006,2,9,0,3,0,2,0,0,0,0,4,1,6,1,69,10,1298,1,15,-1,1,-1
201550JN2N008,1,9,0,4,0,0,0,0,0,0,2,1,1,1,71,10,1910,2,8,-1,3,-1
201550JN2N008,2,9,0,18,0,0,0,0,0,0,1,1,1,1,17,4,1599,1,11,-1,1,-1
201550JN2N010,1,9,0,18,0,0,0,0,0,0,1,1,6,1,86,11,1598,1,15,-1,1,-1
201550JN2N010,2,9,0,18,0,0,0,0,0,0,3,1,6,2,84,11,1296,1,7,-1,2,-1
201550JN2N011,1,9,0,18,0,0,0,0,0,0,1,1,6,2,26,6,996,1,1,-1,1,-1
201550JN2N013,1,9,0,5,0,8,0,0,0,0,1,1,6,2,19,4,998,1,1,-1,1,-1
201550JN2N013,2,1,0,18,0,8,0,0,0,0,3,1,6,1,47,8,-1,-1,-1,-1,1,-1
201550JN2N015,1,9,0,18,0,1,0,0,0,0,1,1,2,2,58,9,1360,1,13,-1,2,-1
201550JN2N015,2,9,0,3,0,1,0,0,0,0,2,1,2,1,22,5,1124,1,12,-1,2,-1
201550JN2N016,1,9,0,18,0,0,0,0,0,0,2,1,6,2,17,4,1582,2,-1,-1,1,-1
201550JN2N016,2,9,0,18,0,0,0,0,0,0,1,1,6,1,54,8,1399,2,6,-1,1,-1
201550JN2N017,1,9,0,10,0,1,0,0,0,0,2,1,2,1,24,5,1796,1,10,-1,1,-1
201550JN2N017,2,9,0,18,0,1,1,0,0,0,1,1,2,1,50,8,1686,2,15,-1,2,-1
201550JN2N019,1,3,0,18,0,0,1,0,0,0,1,1,6,2,17,4,125,1,-1,-1,2,-1
201550JN2N019,2,9,0,3,0,0,0,0,0,0,2,1,2,2,26,6,1587,1,13,-1,1,-1
201550JN2N021,1,9,0,18,0,0,0,0,0,0,1,1,6,2,52,8,1461,2,2,-1,3,-1
201550JN2N021,2,5,0,18,0,0,0,0,0,0,1,1,6,1,24,5,645,1,1,-1,1,-1
201550JN2N022,1,9,0,2,0,0,0,0,0,0,3,1,6,1,45,7,2000,2,8,-1,1,-1
201550JN2N022,2,1,0,18,0,0,0,8,0,0,1,1,6,1,40,7,-1,-1,-1,-1,-1,-1
201550JN2N023,1,9,0,1,0,0,0,0,0,0,2,1,6,2,69,10,1339,1,4,-1,1,-1
201550JN2N024,1,1,0,18,0,1,0,0,0,0,4,1,6,1,-1,-1,-1,-1,-1,-1,-1,-1
201550JN2N025,1,9,0,9,0,5,0,0,0,0,1,1,6,1,22,5,1396,1,16,-1,1,-1
201550JN2N025,2,3,0,18,0,1,0,0,0,0,1,1,6,2,33,6,125,1,3,-1,1,-1
201550JN2O001,1,19,0,9,0,5,0,0,0,0,4,1,6,1,41,7,2198,2,2,-1,1,-1
201550JN2O001,2,5,0,18,0,8,0,0,0,0,1,1,6,1,23,5,-1,-1,-1,-1,1,-1
201550JN2O007,1,9,0,4,0,1,0,0,0,0,1,1,6,2,48,8,2179,2,1,-1,1,-1
201550JN2O007,2,9,0,3,0,1,0,0,0,0,2,1,6,1,71,10,1198,1,5,-1,1,-1
201550JN2O008,1,9,0,9,0,1,0,0,0,0,3,1,6,2,65,9,998,1,14,-1,1,-1
201550JN2O008,2,4,0,17,0,1,5,0,0,0,1,1,2,1,52,8,-1,-1,-1,-1,3,-1
201550JN2O009,1,9,0,5,0,1,0,0,0,0,3,1,6,2,62,9,2776,2,12,-1,1,-1
201550JN2O009,2,5,0,16,0,1,0,0,0,0,1,1,6,1,25,5,599,1,11,-1,1,-1
201550JN2O010,1,5,0,13,0,1,0,0,0,0,1,1,6,1,42,7,1402,1,13,-1,1,-1
201550JN2O010,2,9,0,9,0,5,0,0,0,0,3,1,6,2,47,8,1229,1,8,-1,2,-1
201550JN2O013,1,9,0,9,0,6,0,0,0,0,1,1,6,2,41,7,1242,1,11,-1,3,-1
201550JN2O013,2,9,0,18,0,8,0,0,0,0,4,1,3,2,50,8,1198,1,12,-1,3,-1
201550JN2O013,3,19,0,10,0,5,0,0,0,0,3,1,2,1,46,8,2460,2,7,-1,1,-1
201550JN2O015,1,2,0,7,0,3,2,10,0,0,4,1,6,1,16,4,49,1,13,-1,3,-1
201550JN2O016,1,9,0,18,0,1,1,0,0,0,1,1,6,1,43,7,1997,2,13,-1,3,-1
201550JN2O016,2,9,0,9,0,1,0,0,0,0,2,1,6,2,50,8,1896,2,12,-1,1,-1
201550JN2O017,1,3,0,14,0,1,0,0,0,0,1,1,6,1,48,8,125,1,-1,-1,1,-1
201550JN2O017,2,9,0,5,0,1,0,0,0,0,1,1,6,2,23,5,1149,1,5,-1,1,-1
201550JN2O018,1,5,0,14,0,1,1,0,0,0,1,1,6,1,50,8,1261,1,12,-1,2,-1
201550JN2O018,2,9,0,10,0,1,0,0,0,0,3,1,2,1,27,6,1390,1,7,-1,3,-1
201550JN2O019,1,9,0,5,0,1,0,0,0,0,2,1,6,2,63,9,1870,2,9,-1,3,-1
201550JN2O019,2,9,0,5,0,1,0,0,0,0,1,1,6,1,51,8,2198,2,3,-1,1,-1
201550JN2P001,1,9,0,7,0,1,0,0,0,0,4,1,6,1,19,4,1998,2,12,-1,2,-1
201550JN2P001,2,1,0,18,0,1,0,0,0,0,3,1,6,1,19,4,-1,-1,-1,-1,2,-1
201550JN2P004,1,9,0,18,0,2,0,0,0,0,1,1,6,2,23,5,1360,1,10,-1,1,-1
201550JN2P006,1,9,0,7,0,8,0,0,0,0,1,1,6,2,80,11,1753,2,11,-1,3,-1
201550JN2P006,2,1,0,18,0,8,5,0,0,0,1,1,6,1,31,6,-1,-1,-1,-1,1,-1
201550JN2P007,1,9,0,18,0,4,0,0,0,0,1,1,1,1,48,8,-1,-1,-1,-1,1,-1
201550JN2P007,2,5,0,18,0,4,0,0,0,0,1,1,6,1,74,10,1064,1,13,-1,3,-1
201550JO2A001,1,9,0,18,0,0,0,0,0,0,1,1,6,2,52,8,1598,1,1,-1,3,-1
201550JO2A001,2,9,0,16,0,0,1,0,0,0,1,1,6,1,17,4,-1,-1,-1,-1,3,-1
201550JO2B001,1,9,0,17,0,0,0,0,0,0,1,1,1,2,50,8,1398,1,-1,-1,3,-1
201550JO2B001,2,3,0,16,0,0,1,0,0,0,1,1,2,1,35,6,124,1,1,-1,2,-1
201550JO2C001,1,9,0,18,0,0,0,0,0,0,1,1,2,1,32,6,-1,-1,-1,-1,2,-1
201550JO2C001,2,9,0,18,0,0,0,0,0,0,1,1,2,2,40,7,1998,8,-1,-1,3,-1
201550JO2C002,1,9,0,17,0,0,2,0,1,9,1,1,6,2,71,10,1995,2,3,-1,3,-1
201550JO2C002,2,9,0,16,0,0,0,0,0,0,2,1,6,1,34,6,2987,2,4,-1,3,-1
201550JO2E001,1,21,1,15,0,0,0,0,0,0,4,1,1,3,-1,-1,-1,-1,-1,-1,-1,-1
201550JO2E002,1,9,0,16,0,0,1,0,8,10,1,1,6,2,25,5,1398,2,12,-1,3,-1
201550JO2E003,1,9,0,17,0,0,5,0,1,4,3,1,6,1,34,6,1490,1,9,-1,1,-1
201550JO2G001,1,9,0,18,0,0,0,0,2,10,1,1,6,1,77,11,1998,2,3,-1,3,-1
201550JO2H001,1,9,0,16,0,0,0,0,0,0,1,1,6,2,19,4,-1,-1,-1,-1,2,-1
201550JO2H001,2,19,0,18,0,0,0,0,0,0,1,1,1,1,56,9,-1,-1,-1,-1,2,-1
201550JO2H002,1,4,0,18,0,0,1,0,0,0,0,1,6,1,20,4,-1,-1,-1,-1,3,-1
201550JO2H003,1,9,0,16,0,0,0,0,1,0,1,1,6,1,21,5,-1,-1,-1,-1,3,-1
201550JO2H005,1,9,0,18,0,1,0,0,0,0,1,1,1,1,51,8,2184,2,11,-1,3,-1
201550JO2H005,2,9,0,17,0,1,0,0,0,0,1,1,1,2,21,5,1343,1,10,-1,3,-1
201550JO2H006,1,19,0,7,0,6,0,0,0,0,1,1,1,1,30,6,2299,2,5,-1,1,-1
201550JO2H006,2,9,0,18,0,8,0,0,0,0,1,1,6,1,25,5,1968,2,11,-1,3,-1
201550JO2H007,1,9,0,16,0,0,1,0,0,0,2,1,1,2,21,5,995,1,11,-1,3,-1
201550JO2H009,1,9,0,17,0,1,0,0,1,0,3,1,1,2,31,6,1995,2,4,-1,1,-1
201550JO2H009,2,9,0,16,0,1,0,0,0,0,3,1,1,2,38,7,1461,2,3,-1,3,-1
201550JO2I001,1,9,0,18,0,0,0,0,0,0,0,1,6,1,33,6,-1,-1,-1,-1,1,-1
201550JO2J004,1,9,0,18,0,0,5,10,1,4,4,1,6,1,24,5,2200,1,14,-1,1,-1
201550JO2J005,1,9,0,4,7,7,0,4,0,0,1,1,6,1,85,11,1197,1,-1,-1,2,-1
201550JO2J005,2,9,0,2,6,1,0,0,0,0,2,1,6,2,50,8,-1,-1,-1,-1,2,-1
201550JO2J006,1,9,0,18,0,0,0,0,0,0,0,1,6,2,39,7,1999,1,8,-1,3,-1
201550JO2J006,2,9,0,3,0,0,0,0,0,0,2,1,6,2,20,4,1781,1,14,-1,2,-1
201550JO2J007,1,9,0,17,0,0,2,0,0,0,1,1,6,1,57,9,1896,2,11,-1,2,-1
201550JO2L001,1,9,0,4,0,0,0,0,0,0,1,1,6,2,35,6,1896,2,6,-1,1,-1
201550JO2L001,2,9,0,3,0,0,0,0,0,0,2,1,6,2,48,8,1997,2,10,-1,2,-1
201550JO2L001,3,9,0,3,0,0,0,0,0,0,2,1,6,1,27,6,1398,2,7,-1,1,-1
201550JO2L002,1,9,0,18,0,0,0,0,0,0,4,1,2,1,24,5,1360,1,15,-1,2,-1
201550JO2L002,2,1,0,18,0,0,5,0,0,0,3,1,2,2,25,5,-1,-1,-1,-1,3,-1
201550JO2L003,1,9,0,17,0,0,0,0,4,6,1,1,6,2,49,8,1399,1,4,-1,1,-1
201550JO2L004,1,19,0,5,0,0,0,0,0,0,4,1,1,1,53,8,2143,2,1,-1,1,-1
201550JO2L004,2,16,0,18,0,0,0,0,0,0,2,1,6,2,38,7,-1,-1,-1,-1,3,-1
201550JO2N001,1,9,0,18,0,0,0,0,0,0,1,1,6,2,32,6,1560,2,1,-1,1,-1
201550JO2N001,2,9,0,18,0,0,0,0,0,0,1,1,6,2,51,8,-1,-1,-1,-1,1,-1
201550JO2N001,3,9,0,4,0,0,0,0,0,0,2,1,6,1,36,7,1560,2,5,-1,1,-1
201550JO2N001,4,9,0,4,0,0,0,0,0,0,2,1,6,2,57,9,1995,2,4,-1,1,-1
201550JO2N002,1,9,0,18,0,0,5,0,1,4,1,1,1,1,51,8,1769,1,11,-1,2,-1
201550JO2N003,1,9,0,18,0,0,1,0,2,0,1,1,6,2,22,5,1398,2,6,-1,3,-1
201550JO2N004,1,5,0,16,0,8,2,0,0,0,1,1,6,1,50,8,998,1,8,-1,2,-1
201550JO2N004,2,9,0,9,0,8,0,0,0,0,1,1,6,2,64,9,1582,2,4,-1,1,-1
201550JO2N006,1,9,0,16,0,0,2,0,7,9,3,1,6,1,28,6,2494,1,15,-1,2,-1
201550JO2N007,1,9,0,18,0,0,0,0,7,6,1,1,6,1,30,6,1900,2,9,-1,1,-1
201550JO2N008,1,9,0,18,0,0,1,0,7,11,1,1,6,2,72,10,2354,1,8,-1,2,-1
201550JO2Q001,1,9,0,7,0,2,1,0,0,0,3,1,6,1,29,6,1988,1,12,-1,2,-1
201550JO2Q001,2,9,0,2,0,2,0,0,0,0,4,1,6,2,32,6,1995,2,3,-1,2,-1
201550JO2R001,1,9,0,5,0,8,0,0,0,0,3,1,1,1,38,7,1988,1,13,-1,2,-1
201550JO2R001,2,1,0,18,0,1,0,0,0,0,1,1,1,1,56,9,-1,-1,-1,-1,3,-1
201550JO2R002,1,9,0,14,0,0,0,4,0,0,1,1,6,1,84,11,1896,2,12,-1,3,-1
201550JO2R002,2,19,0,2,0,0,0,0,0,0,2,1,6,1,46,8,1896,2,14,-1,2,-1
201550JO2R003,1,9,0,9,0,2,0,0,0,0,1,1,1,2,21,5,1299,1,13,-1,1,-1
201550JO2R003,2,9,0,18,0,1,0,0,0,0,1,1,6,1,41,7,2183,2,5,-1,3,-1
201550JO2R006,1,9,0,5,0,1,0,0,0,0,3,1,6,1,65,9,1956,2,4,-1,2,-1
201550JO2S001,1,9,0,7,0,1,0,0,0,0,1,1,6,1,83,11,2401,2,12,-1,3,-1
201550JO2S001,2,9,0,18,0,1,0,0,0,0,1,1,6,1,58,9,1997,2,10,-1,3,-1
201550JO2S003,1,9,0,16,0,0,1,0,0,0,1,1,6,1,41,7,1341,1,10,-1,2,-1
201550JO2S003,2,9,0,17,0,0,1,0,7,0,1,1,6,2,68,10,1199,1,12,-1,3,-1
201550JO2S004,1,2,0,18,0,0,1,0,0,0,3,1,6,1,16,4,50,1,8,-1,2,-1
201550JO3B001,1,9,0,7,0,0,0,0,0,0,1,1,1,1,42,7,2495,2,17,-1,3,-1
201550JO3B001,2,9,0,18,0,0,1,0,0,0,1,1,6,2,55,8,1598,1,14,-1,3,-1
201550JO3C001,1,9,0,18,0,8,0,0,0,0,1,1,6,1,70,10,2494,1,17,-1,2,-1
201550JO3C002,1,9,0,18,0,0,0,0,0,0,1,1,6,2,62,9,996,1,3,-1,1,-1
201550JO3C002,2,9,0,18,0,0,0,0,0,0,2,1,6,1,51,8,1956,2,6,-1,2,-1
201550JO3C003,1,9,0,16,0,0,1,0,5,6,1,1,6,2,41,7,1560,2,5,-1,3,-1
201550JO3C004,1,9,0,17,0,0,1,0,7,0,1,1,6,1,20,4,-1,-1,-1,-1,1,-1
201550JO3C004,2,19,4,17,0,0,0,0,0,0,2,1,6,1,55,8,1997,2,12,-1,3,-1
201550JO3C005,1,21,0,18,0,0,0,0,0,0,3,1,1,1,50,8,10837,2,4,-1,1,-1
201550JO3C005,2,9,0,18,0,0,0,0,0,6,1,1,6,1,60,9,-1,-1,-1,-1,1,-1
201550JO3C006,1,9,0,17,0,0,1,0,7,4,3,1,6,2,22,5,1197,1,4,-1,1,-1
201550JO3C007,1,9,0,18,0,6,0,0,7,0,4,1,6,1,53,8,-1,-1,-1,-1,1,-1
201550JO3C007,2,9,0,18,0,8,0,0,7,0,1,1,6,2,53,8,1598,2,1,-1,1,-1
201550JO3C008,1,9,0,18,0,0,0,0,0,0,1,1,3,2,42,7,1896,2,11,-1,3,-1
201550JO3C008,2,9,0,3,0,0,0,0,0,0,2,1,3,2,42,7,1560,2,1,-1,3,-1
201550JO3C008,3,9,0,3,0,0,0,0,0,0,0,1,3,2,59,9,1896,2,7,-1,2,-1
201550JO3C009,1,9,0,9,0,1,0,0,0,0,1,1,6,1,70,10,1248,1,3,-1,1,-1
201550JO3C009,2,9,0,18,0,1,0,0,1,1,1,1,6,1,52,8,2204,2,10,-1,1,-1
201550JO3C010,1,5,0,16,0,0,0,0,7,10,1,1,6,1,45,7,999,1,-1,-1,1,-1
201550JO3C010,2,17,4,17,0,0,0,0,0,0,4,1,1,1,52,8,6788,2,3,-1,3,-1
201550JO3C011,1,9,0,18,0,0,0,0,0,0,1,1,6,2,23,5,1796,1,11,-1,1,-1
201550JO3C011,2,9,0,18,0,0,0,0,0,0,1,1,6,1,70,10,1798,1,3,-1,1,-1
201550JO3C012,1,9,0,18,0,0,2,0,0,0,1,1,6,1,61,9,2967,2,3,-1,2,-1
201550JO3C013,1,9,0,18,0,0,5,0,1,10,1,1,1,1,56,9,2179,2,5,-1,3,-1
201550JO3C014,1,21,0,18,0,0,0,0,0,0,1,1,1,1,51,8,9200,2,8,-1,2,-1
201550JO3C014,2,9,0,2,0,0,0,0,0,0,2,1,6,1,84,11,2401,2,12,-1,3,-1
201550JO3C015,1,9,0,9,0,6,0,0,0,0,1,1,2,2,28,6,1587,1,14,-1,2,-1
201550JO3C015,2,19,0,18,0,1,0,0,0,0,1,1,1,1,63,9,1997,2,10,-1,2,-1
201550JO3E001,1,9,0,18,0,0,0,0,0,0,1,1,6,1,58,9,1997,2,12,-1,3,-1
201550JO3E001,2,9,0,18,0,0,0,0,0,0,2,1,2,2,23,5,1242,1,5,-1,1,-1
201550JO3E002,1,9,0,18,0,0,0,12,8,6,3,1,6,2,23,5,1989,1,15,-1,3,-1
201550JO4P001,1,9,0,5,0,8,0,0,0,0,1,1,2,1,42,7,1910,2,10,-1,2,-1
201550JO4P001,2,9,0,18,0,8,0,0,0,0,1,1,2,1,53,8,1560,2,2,-1,2,-1
201550JO4P002,1,9,0,16,0,0,1,0,0,0,1,1,6,1,19,4,1997,2,14,-1,1,-1
201550JO4P002,2,9,0,18,0,0,1,0,0,0,1,1,6,1,67,10,599,1,13,-1,3,-1