Accident_Index,Vehicle_Reference,Vehicle_Type,Towing_and_Articulation,Vehicle_Manoeuvre,Vehicle_Location-Restricted_Lane,Junction_Location,Skidding_and_Overturning,Hit_Object_in_Carriageway,Vehicle_Leaving_Carriageway,Hit_Object_off_Carriageway,1st_Point_of_Impact,Was_Vehicle_Left_Hand_Drive?,Journey_Purpose_of_Driver,Sex_of_Driver,Age_of_Driver,Age_Band_of_Driver,Engine_Capacity_(CC),Propulsion_Code,Age_of_Vehicle,Driver_IMD_Decile,Driver_Home_Area_Type,Vehicle_IMD_Decile
201550JO4P003,1,21,1,16,0,0,2,0,7,10,3,1,1,1,47,8,11705,2,3,-1,3,-1
201550JO4P004,1,19,0,7,0,6,0,0,0,0,1,1,1,1,32,6,1968,2,2,-1,1,-1
201550JO4P004,2,9,0,16,0,1,1,0,0,0,1,1,1,1,21,5,-1,-1,-1,-1,3,-1
201550JO4P005,1,9,0,17,0,0,0,0,0,0,0,1,6,1,75,10,1560,2,5,-1,3,-1
201550JO4P005,2,9,0,16,0,0,0,0,0,0,0,1,6,3,-1,-1,-1,-1,-1,-1,-1,-1
201550JO4P006,1,9,0,18,0,1,1,0,1,1,1,1,6,2,43,7,1587,1,19,-1,2,-1
201550JO4Q001,1,9,0,17,0,2,0,0,0,0,1,1,6,2,60,9,1461,2,1,-1,-1,-1
201550JO4Q001,2,9,0,16,0,2,1,0,0,0,1,1,6,2,33,6,1997,2,5,-1,3,-1
201550JO4Q002,1,3,0,9,0,1,0,0,0,0,1,1,2,1,17,4,-1,-1,-1,-1,2,-1
201550JO4Q002,2,9,0,18,0,1,0,0,0,0,1,1,6,3,26,6,-1,-1,-1,-1,3,-1
201550JO4R001,1,9,0,16,0,0,1,0,0,0,1,1,6,1,62,9,-1,-1,-1,-1,2,-1
201550JO4R001,2,21,0,17,0,0,0,0,0,0,1,1,1,1,58,9,6370,2,9,-1,2,-1
201550JS2A002,1,9,0,5,0,8,0,0,0,0,1,1,1,1,57,9,1896,2,10,-1,3,-1
201550JS2A002,2,5,0,17,0,1,0,0,0,0,1,1,6,1,65,9,865,1,8,-1,3,-1
201550JS2A003,1,9,0,18,0,0,0,0,1,11,1,1,6,1,27,6,1896,2,10,-1,3,-1
201550JS2A005,1,5,0,18,0,1,0,0,0,0,2,1,6,1,48,8,649,1,17,-1,2,-1
201550JS2A005,2,9,0,3,0,1,0,0,0,0,1,1,6,1,35,6,1968,1,9,-1,1,-1
201550JS2B001,1,9,0,17,0,0,1,10,7,10,1,1,6,1,27,6,1229,1,5,-1,1,-1
201550JS2B003,1,9,0,18,0,4,0,0,0,0,1,1,2,2,36,7,1197,1,3,-1,1,-1
201550JS2B003,2,3,0,18,0,3,0,0,0,0,2,1,2,1,43,7,124,1,10,-1,3,-1
201550JS2B004,1,19,0,18,0,0,0,0,1,3,1,1,1,1,32,6,2198,2,-1,-1,1,-1
201550JS2B004,2,9,0,18,0,0,0,0,0,0,2,1,6,1,67,10,2496,1,11,-1,1,-1
201550JS2B005,1,9,0,17,0,0,1,0,2,11,4,1,6,2,27,6,1124,1,13,-1,1,-1
201550JS2B008,1,9,0,16,0,1,0,0,0,0,3,1,6,1,24,5,1596,1,15,-1,1,-1
201550JS2C002,1,9,0,16,0,0,2,0,0,0,0,1,6,2,18,4,-1,-1,-1,-1,1,-1
201550JS2C004,1,9,0,17,0,0,2,0,2,10,2,1,2,1,44,7,1973,1,18,-1,2,-1
201550JS2C006,1,9,0,18,0,7,0,0,0,0,1,1,6,3,-1,-1,1598,1,12,-1,1,-1
201550JS2C006,2,9,0,3,0,7,0,0,0,0,2,1,6,2,19,4,1149,1,3,-1,1,-1
201550JS2C007,1,9,0,18,0,0,0,0,2,4,1,1,6,2,71,10,1197,1,-1,-1,1,-1
201550JS2C009,1,9,0,18,0,0,0,0,0,0,1,1,6,1,25,5,1149,1,12,-1,1,-1
201550JS2C009,2,9,0,4,0,0,0,0,0,0,2,1,6,2,34,6,1596,1,6,-1,1,-1
201550JS2C010,1,9,0,18,0,0,0,0,1,0,1,1,6,2,80,11,1275,1,15,-1,3,-1
201550JS2C010,2,9,0,18,0,0,0,0,0,0,1,1,6,1,41,7,1896,2,12,-1,2,-1
201550JS2D001,1,9,0,18,0,0,0,0,7,11,1,1,6,1,90,11,1598,1,1,-1,3,-1
201550JS2D002,1,9,0,16,0,0,2,0,0,0,1,1,1,1,18,4,-1,-1,-1,-1,1,-1
201550JS2D002,2,9,0,17,0,0,0,0,0,0,1,1,6,2,48,8,1896,2,10,-1,3,-1
201550JS2E001,1,9,0,17,0,0,0,10,0,1,1,1,2,1,49,8,1998,1,12,-1,2,-1
201550JS2E001,2,19,0,17,0,0,0,10,0,11,4,1,1,1,56,9,-1,-1,-1,-1,1,-1
201550JS2E002,1,9,0,13,0,0,0,0,0,0,1,1,2,2,18,4,998,1,17,-1,3,-1
201550JS2E002,2,19,0,16,0,0,0,0,0,0,1,1,2,1,55,8,-1,-1,-1,-1,2,-1
201550JS2F001,1,9,0,18,0,0,1,0,1,9,1,1,6,2,17,4,-1,-1,-1,-1,2,-1
201550JS2F003,1,9,0,16,0,1,0,0,0,0,1,1,6,1,23,5,-1,-1,-1,-1,2,-1
201550JS2F004,1,9,0,17,0,0,1,0,1,10,1,1,6,1,22,5,1596,1,8,-1,2,-1
201550JS2F004,2,9,0,17,0,0,1,0,0,0,1,1,6,1,24,5,2401,2,11,-1,2,-1
201550JS2F005,1,9,0,17,0,0,0,0,0,0,1,1,2,1,52,8,1398,1,3,-1,1,-1
201550JS2F005,2,9,0,16,0,0,0,0,0,0,3,1,2,2,44,7,1998,1,10,-1,1,-1
201550JS2F006,1,9,0,17,0,0,5,0,7,4,1,1,6,1,22,5,-1,-1,-1,-1,3,-1
201550JS2F007,1,9,0,18,0,1,0,0,0,0,1,1,6,2,39,7,-1,3,1,-1,1,-1
201550JS2F007,2,9,0,5,0,8,2,0,0,0,2,1,6,1,68,10,1298,1,13,-1,1,-1
201550JS2F008,1,9,0,9,0,6,0,0,0,0,3,1,6,2,27,6,1339,1,10,-1,3,-1
201550JS2F008,2,5,0,18,0,8,0,0,0,0,1,1,6,1,53,8,1247,1,4,-1,1,-1
201550JS2F010,1,9,0,5,0,8,0,0,0,0,1,1,2,1,52,8,1229,1,3,-1,1,-1
201550JS2F010,2,3,0,18,0,8,0,0,0,0,4,1,2,1,18,4,124,1,-1,-1,1,-1
201550JS2F012,1,1,0,18,0,0,0,0,1,11,1,1,6,1,48,8,-1,-1,-1,-1,2,-1
201550JS2F012,2,9,0,5,0,0,0,0,0,0,4,1,6,2,62,9,1991,2,7,-1,2,-1
201550JS2H001,1,9,0,17,0,0,2,0,0,0,1,1,1,1,34,6,-1,-1,-1,-1,1,-1
201550JS2H003,1,9,0,18,0,0,0,0,0,0,1,1,6,1,70,10,1995,2,8,-1,1,-1
201550JS2H003,2,21,0,18,0,0,0,0,0,0,3,1,1,1,50,8,9200,2,5,-1,1,-1
201550JS2H003,3,9,0,18,0,0,0,0,0,0,0,1,6,1,47,8,1997,1,12,-1,3,-1
201550JS2H004,1,19,0,16,0,0,0,0,0,0,3,1,1,1,20,4,1998,2,11,-1,1,-1
201550JS2H004,2,21,0,17,0,0,0,0,0,0,3,2,1,1,34,6,-1,-1,-1,-1,2,-1
201550JS2H006,1,9,0,18,0,0,5,0,8,10,1,1,6,1,56,9,1360,1,13,-1,2,-1
201550JS2H007,1,9,0,4,0,1,0,0,0,0,1,1,6,2,86,11,1339,1,7,-1,3,-1
201550JS2J001,1,9,0,9,0,1,0,0,0,0,1,1,6,2,22,5,-1,-1,-1,-1,1,-1
201550JS2J001,2,9,0,18,0,1,0,0,0,0,1,1,6,1,62,9,1896,2,20,-1,3,-1
201550JS2J002,1,9,0,18,0,0,0,0,0,0,4,1,2,1,42,7,-1,-1,-1,-1,1,-1
201550JS2J003,1,4,0,18,0,0,2,12,0,0,1,1,6,1,52,8,-1,-1,-1,-1,1,-1
201550JS2J004,1,19,0,18,0,1,0,0,0,0,1,1,6,1,46,8,-1,-1,-1,-1,2,-1
201550JS2J004,2,9,0,3,0,1,0,0,0,0,2,1,2,2,33,6,1596,1,10,-1,3,-1
201550JS2J005,1,17,0,7,0,1,1,0,0,10,1,1,1,1,-1,-1,-1,-1,-1,-1,3,-1
201550JS2J005,2,19,0,18,0,1,1,0,0,0,1,1,1,1,27,6,2143,2,2,-1,1,-1
201550JS2J006,1,19,0,16,0,0,5,6,7,11,4,1,1,1,48,8,-1,-1,-1,-1,1,-1
201550JS2J007,1,9,0,18,0,8,0,0,0,0,1,1,6,1,24,5,998,1,11,-1,2,-1
201550JS2J007,2,19,0,18,0,1,0,0,0,0,1,1,1,2,48,8,-1,-1,-1,-1,1,-1
201550JS2K001,1,9,0,18,0,0,0,0,0,0,1,1,6,3,-1,-1,-1,-1,-1,-1,-1,-1
201550JS2K002,1,9,0,16,0,0,1,0,0,0,1,1,2,2,46,8,-1,-1,-1,-1,3,-1
201550JS2K003,1,9,0,18,0,0,5,0,1,0,1,1,6,2,63,9,2494,2,3,-1,3,-1
201550JS2K005,1,9,0,18,0,0,1,0,1,7,1,1,6,2,26,6,1796,1,14,-1,3,-1
201550JS2K007,1,9,0,18,0,0,0,0,0,0,1,1,2,2,25,5,1242,1,8,-1,1,-1
201550JS2K007,2,9,0,18,0,0,0,0,0,0,3,1,2,2,46,8,1598,1,4,-1,2,-1
201550JS2K007,3,9,0,18,0,0,5,0,0,0,1,1,2,1,28,6,1560,2,2,-1,1,-1
201550JS2K007,4,9,0,18,0,0,0,0,0,0,2,1,2,2,28,6,1242,1,10,-1,1,-1
201550JS2K008,1,9,0,4,0,0,0,0,0,0,2,1,1,1,33,6,1560,2,2,-1,1,-1
201550JS2K008,2,9,0,4,0,0,0,0,0,0,2,1,1,2,48,8,1796,1,11,-1,1,-1
201550JS2K008,3,9,0,3,0,0,0,0,0,0,1,1,1,1,47,8,1995,2,1,-1,1,-1
201550JS2K008,4,19,0,3,0,0,0,0,0,0,1,1,1,1,35,6,1997,2,9,-1,1,-1
201550JS2K009,1,9,0,18,0,0,2,0,8,11,1,1,6,2,53,8,1461,2,13,-1,2,-1
201550JS2K013,1,9,0,18,0,0,0,0,1,0,1,1,6,1,58,9,1998,1,10,-1,1,-1
201550JS2K013,2,9,0,18,0,0,0,0,1,0,2,1,2,1,43,7,996,1,6,-1,3,-1
201550JS2K014,1,9,0,16,0,6,0,0,0,0,4,1,6,1,21,5,1587,1,14,-1,1,-1
201550JS2K014,2,9,0,18,0,8,0,0,0,0,1,1,6,1,78,11,1560,2,9,-1,1,-1
201550JS2K014,3,9,0,4,0,1,0,0,0,0,1,1,6,1,77,11,1968,2,4,-1,1,-1
201550JS2K015,1,9,0,18,0,0,0,0,0,0,1,1,6,1,49,8,1598,2,-1,-1,1,-1
201550JS2K015,2,9,0,16,0,0,1,0,7,10,1,1,6,1,23,5,3498,1,9,-1,2,-1
201550JS2K017,1,9,0,18,0,0,1,0,7,6,1,1,6,2,26,6,1910,2,7,-1,1,-1
201550JS2L001,1,9,0,16,0,0,0,0,0,0,4,1,6,2,18,4,1198,1,11,-1,2,-1
201550JS2L001,2,3,0,18,0,0,0,0,0,0,4,1,6,1,19,4,125,1,3,-1,1,-1
201550JS2L002,1,9,0,16,0,1,0,0,7,11,1,1,6,1,72,10,1582,2,5,-1,2,-1
201550JS2L005,1,3,0,18,0,0,0,0,2,7,1,1,2,1,24,5,124,1,2,-1,1,-1
201550JS2L006,1,9,0,17,0,0,0,0,0,0,4,1,6,1,72,10,1753,2,14,-1,3,-1
201550JS2M001,1,9,0,18,0,0,0,0,0,0,1,1,6,1,64,9,993,1,15,-1,1,-1
201550JS2M001,2,9,0,18,0,0,0,0,0,0,2,1,6,2,23,5,1124,1,16,-1,1,-1
201550JS2M002,1,9,0,4,0,0,1,0,0,0,2,1,6,1,51,8,1975,1,11,-1,1,-1
201550JS2M002,2,9,0,3,0,0,0,0,0,0,1,1,1,1,40,7,2400,2,4,-1,1,-1
201550JS2M005,1,9,0,17,0,0,1,0,0,0,1,1,6,2,47,8,1968,2,3,-1,3,-1
201550JS2M005,2,9,0,16,0,0,0,0,0,0,1,1,6,2,43,7,2179,2,6,-1,3,-1
201550JS2O001,1,9,0,18,0,1,0,0,0,0,3,1,6,3,29,6,1124,1,7,-1,1,-1
201550JS2P003,1,9,0,18,0,4,0,0,0,0,3,1,2,1,61,9,1896,2,11,-1,1,-1
201550JS2P003,2,1,0,18,0,3,0,0,0,0,1,1,6,1,16,4,-1,-1,-1,-1,2,-1
201550JS2P004,1,9,0,18,0,0,0,4,0,0,1,1,6,1,39,7,1997,2,9,-1,3,-1
201550JS2P004,2,9,0,3,0,0,0,0,0,0,2,1,6,1,28,6,-1,-1,-1,-1,1,-1
201550JS2P007,1,9,0,9,0,8,0,0,0,0,3,1,6,2,19,4,-1,-1,-1,-1,1,-1
201550JS2P007,2,9,0,15,0,1,0,0,0,0,1,1,6,2,79,11,1490,1,9,-1,2,-1
201550JS2P008,1,9,0,9,0,0,0,0,0,0,1,1,1,1,57,9,2179,2,6,-1,3,-1
201550JS2P008,2,1,0,18,0,0,0,0,0,0,1,1,6,1,15,3,-1,-1,-1,-1,2,-1
201550JS2P009,1,1,0,18,0,3,0,0,0,0,1,1,6,1,44,7,-1,-1,-1,-1,3,-1
201550JS2P009,2,9,0,18,0,4,0,0,0,0,4,1,6,1,-1,-1,-1,-1,-1,-1,-1,-1
201550JS2P016,1,9,0,18,0,1,0,0,0,0,1,1,6,3,-1,-1,-1,-1,-1,-1,-1,-1
201550JS2P017,1,9,0,9,0,1,0,0,0,0,1,1,6,1,57,9,-1,-1,-1,-1,1,-1
201550JS2P018,1,9,0,18,0,0,1,0,7,0,1,1,6,2,21,5,1229,1,10,-1,3,-1
201550JS2Q001,1,19,0,16,0,1,0,0,1,11,4,1,1,1,55,8,-1,-1,-1,-1,1,-1
201550JS2Q003,1,9,0,17,0,0,0,10,0,0,1,1,6,1,44,7,1396,1,17,-1,3,-1
201550JS2R001,1,9,0,5,0,6,0,0,0,0,3,1,2,2,41,7,1598,1,16,-1,3,-1
201550JS2R001,2,3,0,18,0,1,0,0,0,0,1,1,6,1,43,7,124,1,10,-1,2,-1
201550JS2R002,1,9,0,18,0,0,0,0,0,0,1,1,6,1,67,10,1896,2,14,-1,2,-1
201550JS2R006,1,9,0,4,0,0,0,0,0,0,1,1,6,1,27,6,1995,2,8,-1,3,-1
201550JS2R006,2,9,0,4,0,0,0,0,0,0,2,1,6,2,41,7,999,1,1,-1,3,-1
201550JS2R006,3,9,0,4,0,0,0,0,0,0,2,1,6,1,-1,-1,998,1,1,-1,-1,-1
201550JS2R007,1,9,0,18,0,8,0,0,0,0,1,1,6,1,63,9,2268,2,1,-1,1,-1
201550JS2R007,2,9,0,9,0,6,0,0,0,0,3,1,6,1,89,11,1328,1,11,-1,3,-1
201550JS3N001,1,9,0,18,0,1,0,0,0,0,1,1,2,1,44,7,-1,-1,-1,-1,1,-1
201550JS3N001,2,9,0,3,0,1,0,0,0,0,2,1,6,1,40,7,1968,2,8,-1,1,-1
201550JS3N002,1,9,0,18,0,4,0,0,0,0,2,1,6,2,25,5,1398,1,1,-1,1,-1
201550JS3N002,2,9,0,18,0,4,0,0,0,0,1,1,6,3,-1,-1,-1,-1,-1,-1,-1,-1
201550JS3N005,1,21,0,3,0,4,0,0,0,0,1,1,6,1,51,8,11705,2,7,-1,1,-1
201550JS3N005,2,9,0,3,0,4,0,0,0,0,2,1,6,2,50,8,998,1,6,-1,1,-1
201550JS3N006,1,9,0,3,0,1,0,0,0,0,2,1,6,2,29,6,1896,2,17,-1,1,-1
201550JS3N006,2,9,0,4,0,1,0,0,0,0,1,1,6,1,69,10,1699,1,8,-1,1,-1
201550JS3N007,1,9,0,11,0,3,0,0,0,0,4,1,6,3,-1,-1,-1,-1,-1,-1,-1,-1
201550JS3N007,2,5,0,16,0,3,0,0,0,0,3,1,6,2,53,8,1202,1,3,-1,1,-1
201550JS3N011,1,9,0,18,0,6,0,4,0,0,1,1,6,3,-1,-1,-1,-1,-1,-1,-1,-1
201550JS3N011,2,9,0,2,0,2,0,0,0,0,2,1,6,1,25,5,1596,1,13,-1,-1,-1
201550JS3N012,1,9,0,3,0,4,2,0,0,0,2,1,6,2,47,8,1995,2,10,-1,1,-1
201550JS3N012,2,9,0,18,0,4,0,0,0,0,1,1,6,1,44,7,1997,2,5,-1,1,-1
201550JS3N013,1,9,0,4,0,4,0,0,0,0,2,1,6,2,29,6,1360,1,12,-1,1,-1
201550JS3N013,2,9,0,4,0,4,0,0,0,0,1,1,6,2,18,4,998,1,15,-1,1,-1
201550JS3N014,1,9,0,12,0,0,0,0,0,0,1,1,6,2,61,9,1596,1,14,-1,3,-1
201550JS3N014,2,9,0,18,0,0,0,0,0,0,1,1,2,2,51,8,1560,2,1,-1,1,-1
201550JS3N014,3,9,0,3,0,0,0,0,0,0,2,1,2,2,69,10,1086,1,12,-1,1,-1
201550JS3O001,1,9,0,16,0,1,2,0,0,0,1,1,6,2,31,6,1299,1,7,-1,2,-1
201550JS3O002,1,9,0,18,0,0,5,0,0,0,1,1,2,1,28,6,1242,1,6,-1,2,-1
201550JT2A001,1,21,0,17,0,0,1,0,0,0,1,1,1,1,23,5,-1,-1,-1,-1,1,-1
201550JT2A001,2,9,0,4,0,0,0,0,0,0,1,1,6,2,57,9,2800,2,21,-1,3,-1
201550JT2A002,1,3,0,18,0,8,1,0,0,0,1,1,6,1,21,5,123,1,-1,-1,1,-1
201550JT2A002,2,9,0,7,0,8,0,0,0,0,4,1,6,1,60,9,1956,2,4,-1,2,-1
201550JT2A003,1,5,0,16,0,0,1,0,0,0,1,1,6,1,42,7,953,1,7,-1,1,-1
201550JT2A003,2,9,0,18,0,0,0,0,0,0,1,1,6,1,71,10,1968,2,1,-1,2,-1
201550JT2A004,1,9,0,18,0,0,0,12,0,0,1,1,6,1,21,5,2993,2,11,-1,3,-1
201550JT2A004,2,9,0,18,0,0,0,0,0,0,1,1,6,1,21,5,1988,1,13,-1,3,-1
201550JT2B001,1,1,0,16,0,0,0,0,0,0,1,1,6,1,67,10,-1,-1,-1,-1,1,-1
201550JT2B001,2,9,0,17,0,0,0,0,0,0,0,1,6,2,40,7,-1,-1,-1,-1,3,-1
201550JT2B004,1,8,0,18,0,1,0,0,0,0,1,1,1,1,48,8,1753,2,7,-1,1,-1
201550JT2B004,2,9,0,3,0,1,0,0,0,1,2,1,6,1,25,5,1796,1,14,-1,3,-1
201550JT2B004,3,9,0,3,0,1,0,0,0,0,2,1,6,2,61,9,1299,1,8,-1,1,-1
201550JT2B004,4,9,0,3,0,1,0,0,0,0,2,1,2,2,42,7,999,1,1,-1,1,-1
201550JT2B006,1,9,0,3,0,4,0,0,0,1,3,1,6,1,78,11,-1,-1,-1,-1,3,-1
201550JT2B006,2,21,0,18,0,4,0,0,0,0,1,1,1,1,57,9,11967,2,3,-1,1,-1
201550JT2B011,1,9,0,7,0,4,0,0,0,0,3,2,6,1,-1,-1,-1,-1,-1,-1,-1,-1
201550JT2B011,2,9,0,9,0,4,0,0,0,0,1,1,1,2,18,4,1560,2,8,-1,3,-1
201550JT2B012,1,9,0,16,0,0,2,0,0,0,1,1,6,2,22,5,1896,2,10,-1,2,-1
201550JT2B013,1,9,0,18,0,1,0,0,0,0,1,1,6,2,46,8,1596,1,14,-1,-1,-1
201550JT2B014,1,9,0,18,0,1,0,0,0,0,0,1,6,3,-1,-1,-1,-1,-1,-1,-1,-1
201550JT2B014,2,1,0,18,0,1,0,0,0,0,0,1,6,1,61,9,-1,-1,-1,-1,1,-1
201550JT2B015,1,9,0,1,0,1,0,0,0,0,2,1,6,1,26,6,1781,1,15,-1,1,-1
201550JT2B015,2,1,0,3,0,2,0,0,0,0,1,1,6,2,29,6,-1,-1,-1,-1,1,-1
201550JT2B017,1,19,0,18,0,0,0,0,0,0,1,1,6,1,52,8,1870,2,12,-1,1,-1
201550JT2B017,2,9,0,3,0,0,0,0,0,0,2,1,6,1,39,7,1560,2,2,-1,1,-1
201550JT2C001,1,9,0,18,0,0,1,0,0,0,1,1,1,1,53,8,2720,2,10,-1,1,-1
201550JT2C001,2,9,0,4,0,0,0,11,0,0,2,1,1,2,23,5,1598,1,8,-1,1,-1
201550JT2C002,1,5,0,3,0,0,1,0,0,0,1,1,6,2,37,7,675,1,3,-1,1,-1
201550JT2C002,2,9,0,3,0,0,0,0,0,0,2,1,6,1,34,6,3246,1,10,-1,1,-1
201550JT2C003,1,9,0,16,0,0,1,0,0,0,1,1,6,1,20,4,1396,1,13,-1,1,-1
201550JT2C003,2,9,0,17,0,0,0,0,0,0,1,1,6,2,45,7,2967,2,5,-1,1,-1
201550JT2D001,1,9,0,18,0,0,1,0,2,10,1,1,6,1,20,4,1198,1,6,-1,3,-1
201550JT2D003,1,9,0,14,0,2,0,0,0,0,1,1,3,2,30,6,1598,1,10,-1,2,-1
201550JT2D004,1,9,0,17,0,0,5,10,1,11,1,1,2,2,19,4,1149,1,13,-1,3,-1
201550JT2D005,1,9,0,13,0,0,0,0,0,0,4,1,6,1,43,7,1584,1,9,-1,2,-1
201550JT2D005,2,3,0,18,0,0,0,0,0,0,3,1,6,1,20,4,125,1,2,-1,1,-1
201550JT2D006,1,9,0,17,0,0,0,0,1,10,1,1,6,1,56,9,2962,1,19,-1,3,-1
201550JT2D007,1,9,0,17,0,0,0,0,0,0,3,1,6,2,18,4,1360,1,13,-1,2,-1
201550JT2D007,2,9,0,16,0,0,0,0,0,0,1,1,6,1,59,9,1598,1,6,-1,3,-1
201550JT2E001,1,9,0,17,0,2,2,0,1,10,3,1,2,1,56,9,-1,-1,-1,-1,3,-1
201550JT2E002,1,9,0,18,0,6,0,0,0,10,3,1,6,1,51,8,2143,2,3,-1,1,-1
201550JT2E002,2,90,0,18,0,8,1,0,0,0,1,1,6,1,36,7,-1,-1,-1,-1,3,-1
201550JT2H001,1,4,0,18,0,0,0,0,0,0,1,1,6,1,25,5,498,1,21,-1,3,-1
201550JT2H001,2,9,0,4,0,0,0,0,0,0,2,1,2,2,50,8,2179,2,7,-1,3,-1
201550JT2H002,1,19,4,13,0,1,0,0,0,0,1,1,1,1,51,8,2402,2,13,-1,2,-1
201550JT2H002,2,17,4,9,0,5,0,0,0,0,4,1,1,1,32,6,6788,2,3,-1,3,-1
201550JT2I002,1,9,0,18,0,8,0,0,0,0,1,1,6,2,24,5,1299,1,12,-1,1,-1
201550JT2I002,2,9,0,18,0,8,1,0,1,10,3,1,6,2,33,6,1753,2,16,-1,3,-1
201550JT2I003,1,9,0,18,0,0,0,0,0,0,1,1,6,1,48,8,1968,2,10,-1,-1,-1
201550JT2I003,2,9,0,18,0,0,0,0,0,0,1,1,6,2,66,10,1951,2,10,-1,3,-1
201550JT2K001,1,9,0,18,0,0,0,0,0,10,4,1,2,1,24,5,1124,1,13,-1,1,-1
201550JT2K001,2,9,0,18,0,0,1,0,0,0,2,1,2,2,50,8,1560,2,6,-1,1,-1
201550JT2K001,3,9,0,18,0,0,1,0,0,10,1,1,2,2,28,6,1390,1,9,-1,1,-1
201550JT2K001,4,9,0,18,0,0,0,0,0,10,1,1,2,1,43,7,-1,-1,-1,-1,3,-1
201550JT2K002,1,9,0,3,0,1,0,0,0,0,0,1,6,2,26,6,1896,2,13,-1,3,-1
201550JT2K002,2,9,0,18,0,1,0,0,0,0,1,1,6,3,71,10,2685,2,13,-1,3,-1
201550JT2K003,1,9,0,18,0,2,0,0,0,0,3,1,6,1,18,4,973,1,14,-1,1,-1
201550JT2K003,2,3,0,18,0,1,0,0,0,0,1,1,6,1,-1,-1,125,1,-1,-1,3,-1
201550JT2K004,1,9,0,18,0,0,0,0,1,0,1,1,2,2,17,4,1248,2,7,-1,3,-1
201550JT2M002,1,9,0,17,0,0,1,0,0,0,1,1,1,1,53,8,1389,1,18,-1,1,-1
201550JT2M002,2,9,0,18,0,0,0,0,0,0,1,1,6,1,66,10,1560,2,5,-1,1,-1
201550JT2M003,1,9,0,16,0,0,0,0,0,0,1,1,6,2,34,6,1149,1,13,-1,3,-1
201550JT2M003,2,9,0,17,0,0,0,0,0,0,1,1,6,2,45,7,1598,1,15,-1,1,-1
201550JT2N002,1,9,0,18,0,0,0,0,0,0,1,1,6,2,67,10,1598,1,1,-1,2,-1
201550JT2N002,2,9,0,18,0,0,0,0,0,0,1,1,6,1,45,7,-1,-1,-1,-1,1,-1
201550JT2N002,3,9,0,18,0,0,0,0,0,0,1,1,6,1,55,8,2976,1,10,-1,2,-1
201550JT2N002,4,9,0,18,0,0,0,0,0,0,1,1,6,1,55,8,1956,2,1,-1,3,-1
201550JT2N003,1,9,0,18,0,0,1,0,7,11,3,1,6,1,27,6,1341,1,12,-1,2,-1
201550JT2O001,1,9,0,3,0,1,0,0,0,0,2,1,2,2,62,9,-1,-1,-1,-1,2,-1
201550JT2O001,2,9,0,18,0,1,0,0,0,0,1,1,6,2,27,6,1900,2,17,-1,3,-1
201550JT2O003,1,9,0,18,0,0,0,0,0,0,1,1,6,2,37,7,1598,2,2,-1,3,-1
201550JT2O003,2,9,0,18,0,0,0,0,0,0,1,1,6,2,42,7,1997,2,9,-1,3,-1
201550JT2Q002,1,5,0,18,0,1,0,0,0,0,1,1,6,1,61,9,-1,-1,-1,-1,-1,-1
201550JT2Q002,2,9,0,3,0,1,0,0,0,0,2,1,6,2,53,8,2494,1,15,-1,-1,-1
201550JT2Q004,1,9,0,16,0,0,2,0,2,11,1,1,6,2,18,4,1124,1,14,-1,3,-1
201550JT2R002,1,9,0,17,0,0,0,0,0,0,4,1,6,2,54,8,1364,1,11,-1,3,-1
201550JT2R004,1,9,0,16,0,0,0,0,0,0,1,1,6,2,29,6,1596,1,12,-1,2,-1
201550JT2R004,2,1,0,17,0,0,0,0,0,0,1,1,6,1,17,4,-1,-1,-1,-1,3,-1
201550JT2R005,1,9,0,9,0,6,0,0,0,0,4,1,6,1,77,11,1461,2,1,-1,1,-1
201550JT2R005,2,9,0,18,0,1,2,0,2,10,1,1,6,1,18,4,-1,-1,-1,-1,3,-1
201550JT2R006,1,9,0,1,0,6,0,0,3,0,0,1,6,2,86,11,1193,1,1,-1,1,-1
201550JT2R007,1,19,0,18,0,0,0,0,0,0,1,1,2,1,26,6,-1,-1,-1,-1,1,-1
201550JT2R007,2,9,0,18,0,0,0,0,0,0,2,1,3,2,45,7,1560,2,4,-1,2,-1
201550JT2R008,1,5,0,18,0,0,0,12,1,1,1,1,6,2,54,8,1170,1,1,-1,3,-1
201550JT2R009,1,9,0,18,0,0,0,0,7,0,1,1,1,1,62,9,1248,1,3,-1,2,-1
201550JT2R009,2,9,0,18,0,0,0,0,0,0,1,1,6,1,77,11,1998,1,7,-1,1,-1
201550JT2R010,1,9,0,18,0,0,0,0,2,11,3,1,6,1,85,11,-1,-1,-1,-1,-1,-1
201550JT2R010,2,9,0,18,0,0,0,0,0,0,1,1,6,1,23,5,1900,2,16,-1,1,-1
201550JT2R011,1,9,0,18,0,0,0,0,1,11,4,1,6,1,80,11,1588,1,13,-1,3,-1
201550JT2R012,1,5,0,4,0,1,1,12,0,0,1,1,1,1,42,7,750,1,34,-1,3,-1
201550JT2R013,1,9,0,9,0,6,0,0,3,0,3,1,6,1,86,11,998,1,20,-1,1,-1
201550JT2R013,2,9,0,18,0,1,1,0,0,0,1,1,6,1,44,7,2198,2,8,-1,1,-1
201550JT2R016,1,9,0,4,0,1,0,0,0,0,1,1,6,1,50,8,1598,2,1,-1,3,-1
201550JT2R016,2,9,0,4,0,1,0,0,0,0,2,1,6,1,48,8,1560,2,2,-1,1,-1
201550JT2R016,3,9,0,4,0,1,0,0,0,0,2,1,6,1,46,8,1995,2,2,-1,3,-1
201550JT2R017,1,9,0,18,0,1,1,0,0,0,1,1,2,2,23,5,1299,1,10,-1,1,-1
201550JT2R017,2,9,0,10,0,1,0,0,0,0,2,1,6,1,78,11,1994,1,18,-1,1,-1
201550JT2R018,1,11,0,18,0,1,0,0,1,0,1,1,1,1,69,10,9500,2,13,-1,1,-1
201550JT2R018,2,9,0,9,0,8,0,0,0,0,2,1,2,1,43,7,2198,2,20,-1,2,-1
201550JT2R019,1,9,0,9,0,5,0,0,0,0,1,1,1,1,47,8,1998,1,-1,-1,-1,-1