Accident_Index,Vehicle_Reference,Vehicle_Type,Towing_and_Articulation,Vehicle_Manoeuvre,Vehicle_Location-Restricted_Lane,Junction_Location,Skidding_and_Overturning,Hit_Object_in_Carriageway,Vehicle_Leaving_Carriageway,Hit_Object_off_Carriageway,1st_Point_of_Impact,Was_Vehicle_Left_Hand_Drive?,Journey_Purpose_of_Driver,Sex_of_Driver,Age_of_Driver,Age_Band_of_Driver,Engine_Capacity_(CC),Propulsion_Code,Age_of_Vehicle,Driver_IMD_Decile,Driver_Home_Area_Type,Vehicle_IMD_Decile
201550JT2R019,2,3,0,18,0,8,1,0,2,1,3,1,1,1,33,6,125,1,-1,-1,2,-1
201550JT2R020,1,9,0,18,0,0,0,0,0,0,1,1,6,1,-1,-1,1360,1,10,-1,3,-1
201550JT2R021,1,9,0,9,0,6,0,0,0,0,1,1,6,1,64,9,1995,2,14,-1,1,-1
201550JT2R021,2,9,0,18,0,8,0,0,0,0,1,1,6,1,65,9,1596,1,12,-1,1,-1
201550JT2S002,1,9,0,16,0,0,1,0,7,11,1,1,6,1,33,6,-1,-1,-1,-1,1,-1
201550JT2S003,1,5,0,18,0,0,5,11,0,0,1,1,6,1,59,9,865,1,4,-1,2,-1
201550JT2S003,2,9,0,18,0,0,0,0,0,0,1,1,6,1,61,9,1560,2,6,-1,-1,-1
201550JT2S004,1,9,0,16,0,0,2,12,2,10,2,1,6,1,25,5,1999,1,2,-1,-1,-1
201550JT2T001,1,9,0,18,0,0,1,0,1,10,4,1,6,1,20,4,1598,2,3,-1,2,-1
201550JT2T002,1,9,0,18,0,0,1,0,0,0,1,1,1,2,21,5,1199,1,14,-1,1,-1
201550JT2T002,2,21,1,4,0,0,0,0,0,0,1,1,1,1,60,9,12130,2,14,-1,3,-1
201550JT2V001,1,9,0,17,0,0,0,0,1,9,4,1,1,1,52,8,1368,1,3,-1,1,-1
201550JT2V004,1,9,0,9,0,1,0,0,0,0,1,1,6,1,24,5,973,1,12,-1,1,-1
201550JT2V004,2,9,0,18,0,1,0,0,0,0,1,1,6,2,17,4,1198,1,12,-1,1,-1
201550JT2V006,1,9,0,18,0,4,0,0,0,0,1,1,6,1,85,11,1242,1,9,-1,2,-1
201550JT2V006,2,9,0,9,0,8,0,0,0,0,2,1,1,2,23,5,1360,1,8,-1,1,-1
201550JT2V007,1,21,0,7,0,5,5,0,0,0,3,1,1,1,53,8,11967,2,11,-1,3,-1
201550JT2V008,1,9,0,18,0,0,0,4,0,0,1,1,6,1,67,10,1998,1,6,-1,1,-1
201550JT2V008,2,9,0,2,0,0,0,0,0,0,1,1,6,2,-1,-1,1598,2,5,-1,1,-1
201550JT2V008,3,9,0,2,0,0,0,0,0,0,1,1,6,1,-1,-1,1798,1,9,-1,1,-1
201550JT2V008,4,9,0,2,0,0,0,0,0,0,1,1,6,2,-1,-1,1329,1,-1,-1,2,-1
201550JT2V008,5,9,0,2,0,0,0,0,0,0,1,1,6,2,46,8,1596,1,7,-1,1,-1
201550JT2W002,1,9,0,4,0,0,0,0,0,0,1,1,6,2,49,8,1275,1,15,-1,1,-1
201550JT2W002,2,9,0,3,0,0,0,0,0,0,2,1,6,1,49,8,1991,2,6,-1,1,-1
201550JT2W003,1,9,0,18,0,1,1,0,0,0,1,1,6,1,17,4,2998,1,20,-1,3,-1
201550JT2W003,2,9,0,10,0,1,0,0,0,0,2,1,6,2,44,7,1198,1,11,-1,1,-1
201550JT2W004,1,9,0,18,0,0,0,0,0,0,1,1,6,2,74,10,1590,1,14,-1,1,-1
201550JT2W004,2,9,0,3,0,0,0,0,0,0,2,1,2,2,31,6,1896,2,11,-1,2,-1
201550JT2W005,1,9,0,18,0,4,0,0,0,0,1,1,6,2,23,5,2171,1,14,-1,2,-1
201550JT2W005,2,9,0,9,0,4,0,0,0,0,1,1,6,1,66,10,2295,1,14,-1,1,-1
201550JT2W006,1,19,0,5,0,4,0,0,0,0,1,1,6,1,44,7,-1,-1,-1,-1,-1,-1
201550JT3G003,1,19,0,18,0,0,1,0,7,6,1,1,1,1,40,7,1995,2,8,-1,2,-1
201550JT3G004,1,9,0,16,0,0,0,0,0,0,3,1,6,3,72,10,2495,2,20,-1,3,-1
201550JT3G004,2,9,0,17,0,0,0,0,0,0,3,1,6,1,66,10,1968,2,3,-1,3,-1
201550JT3H001,1,9,0,9,0,7,0,0,0,0,3,1,1,1,59,9,-1,-1,-1,-1,3,-1
201550JT3H001,2,9,0,18,0,1,1,0,0,0,1,1,6,1,50,8,1598,1,14,-1,3,-1
201550JT3H002,1,9,0,9,0,7,0,0,0,0,1,1,2,2,46,8,1598,1,12,-1,3,-1
201550JT3H002,2,9,0,18,0,1,0,0,0,0,1,1,6,2,45,7,1997,1,9,-1,3,-1
201550JT3H004,1,9,0,12,0,0,2,0,2,10,1,1,6,2,21,5,1242,1,3,-1,1,-1
201550JT3H005,1,9,0,18,0,6,0,0,0,0,1,1,6,1,74,10,3456,8,6,-1,3,-1
201550JT3H005,2,9,0,18,0,1,0,0,0,0,1,1,2,2,18,4,1124,1,13,-1,3,-1
201550KA2A001,1,3,0,4,0,0,2,0,0,0,4,1,6,1,58,9,124,1,5,-1,1,-1
201550KA2A002,1,9,0,4,0,1,0,0,0,0,1,1,6,1,45,7,1527,2,17,-1,2,-1
201550KA2A002,2,2,0,16,0,8,2,0,0,0,1,1,6,1,16,4,49,1,9,-1,3,-1
201550KA2A003,1,9,0,16,0,0,0,0,0,0,1,1,1,2,34,6,1798,1,8,-1,3,-1
201550KA2B001,1,9,0,9,0,7,0,0,0,0,2,1,6,1,79,11,1360,1,13,-1,3,-1
201550KA2B001,2,9,0,18,0,1,0,0,0,0,1,1,2,2,54,8,1397,1,7,-1,1,-1
201550KA2B002,1,9,0,18,0,0,0,0,7,0,1,1,6,2,70,10,-1,-1,-1,-1,2,-1
201550KA2B002,2,19,0,18,0,0,0,0,1,0,3,1,6,1,24,5,1560,2,5,-1,2,-1
201550KA2B003,1,9,0,17,0,0,0,0,0,0,1,1,6,1,23,5,-1,-1,-1,-1,2,-1
201550KA2B005,1,9,0,16,0,0,1,0,0,0,1,1,1,1,37,7,-1,-1,-1,-1,3,-1
201550KA2B005,2,9,0,17,0,0,0,0,0,0,1,1,6,2,-1,-1,-1,-1,-1,-1,3,-1
201550KA2B006,1,9,0,18,0,1,0,0,0,0,1,1,6,1,33,6,1968,2,7,-1,1,-1
201550KA2B006,2,9,0,18,0,1,0,0,0,0,2,1,6,1,59,9,1324,1,16,-1,3,-1
201550KA2B007,1,19,0,6,0,0,1,0,0,0,3,1,1,1,65,9,-1,-1,-1,-1,1,-1
201550KA2B007,2,9,0,18,0,0,5,0,0,0,1,1,6,1,53,8,2231,2,2,-1,-1,-1
201550KA2B008,1,8,0,17,0,0,0,0,0,0,1,1,1,2,36,7,1997,2,4,-1,3,-1
201550KA2B008,2,2,0,16,0,0,1,0,0,0,1,1,6,1,16,4,49,1,14,-1,-1,-1
201550KA2F001,1,9,0,18,0,1,0,0,0,0,1,1,1,1,43,7,1998,1,12,-1,1,-1
201550KA2F001,2,9,0,10,0,1,0,0,0,0,2,1,6,2,53,8,2982,2,4,-1,2,-1
201550KA2F002,1,9,0,18,0,0,0,11,0,0,1,1,6,1,45,7,-1,-1,-1,-1,2,-1
201550KA2F002,2,9,0,18,0,0,0,11,0,0,1,1,6,1,33,6,1969,2,1,-1,2,-1
201550KA2F003,1,9,0,8,0,1,0,0,0,0,2,1,1,2,36,7,1595,1,8,-1,2,-1
201550KA2F003,2,9,0,8,0,1,0,0,0,0,1,1,1,2,51,8,1997,1,5,-1,2,-1
201550KA2F004,1,9,0,9,0,6,0,0,0,0,3,1,6,1,85,11,1560,2,3,-1,2,-1
201550KA2F004,2,9,0,18,0,1,0,0,0,0,1,1,6,1,21,5,1999,1,8,-1,3,-1
201550KA2F004,3,9,0,18,0,1,0,0,0,0,2,1,6,1,32,6,1598,1,13,-1,2,-1
201550KA2F004,4,9,0,2,0,1,0,0,0,0,4,1,6,1,41,7,1560,2,8,-1,1,-1
201550KA2F005,1,9,0,3,0,1,0,0,0,0,2,1,6,2,25,5,1299,1,10,-1,3,-1
201550KA2F005,2,9,0,3,0,1,0,0,0,0,1,1,2,1,21,5,1598,1,3,-1,1,-1
201550KA2F006,1,9,0,9,0,2,0,0,0,0,4,1,6,1,64,9,2198,1,12,-1,3,-1
201550KA2F006,2,9,0,18,0,7,1,0,0,0,1,1,1,1,73,10,988,1,26,-1,2,-1
201550KA2F008,1,9,0,3,0,0,0,0,0,0,2,1,2,1,57,9,1896,2,12,-1,1,-1
201550KA2F008,2,9,0,18,0,0,0,0,0,0,1,1,6,2,31,6,1796,1,16,-1,1,-1
201550KA2F008,3,9,0,18,0,0,1,0,0,0,2,1,6,1,57,9,1868,2,13,-1,1,-1
201550KA2F008,4,9,0,18,0,0,0,0,0,0,1,1,6,2,31,6,998,1,7,-1,1,-1
201550KA2F010,1,9,0,9,0,1,0,0,0,0,4,1,6,2,67,10,1560,2,-1,-1,-1,-1
201550KA2F010,2,9,0,17,0,8,1,0,0,0,3,1,6,1,33,6,1298,1,16,-1,2,-1
201550KA2I001,1,9,0,18,0,1,0,0,0,0,1,1,6,2,39,7,1124,1,15,-1,2,-1
201550KA2I001,2,9,0,5,0,1,0,0,0,0,1,1,6,2,51,8,1248,1,3,-1,2,-1
201550KA2I002,1,9,0,18,0,0,0,0,0,0,0,1,6,1,74,10,-1,-1,-1,-1,-1,-1
201550KA2I002,2,9,0,3,0,0,0,0,0,0,0,1,6,2,65,9,1968,2,5,-1,3,-1
201550KA2I003,1,9,0,18,0,0,0,0,0,0,1,1,6,1,78,11,1197,1,-1,-1,1,-1
201550KA2I003,2,21,0,18,0,0,0,0,1,0,1,1,1,1,36,7,6374,2,2,-1,1,-1
201550KA2I005,1,19,0,18,0,1,0,0,0,0,1,1,1,1,32,6,2198,2,1,-1,1,-1
201550KA2I005,2,9,0,10,0,1,0,0,0,0,3,1,6,1,73,10,1997,1,8,-1,3,-1
201550KA2J006,1,9,0,4,0,1,0,0,0,0,1,1,6,2,30,6,1997,2,11,-1,2,-1
201550KA2J006,2,9,0,3,0,1,0,0,0,0,2,1,6,2,27,6,1598,1,10,-1,3,-1
201550KA2J006,3,9,0,10,0,1,0,0,0,0,2,1,6,2,63,9,1399,2,13,-1,-1,-1
201550KA2J008,1,21,1,16,0,5,0,0,0,10,4,1,6,3,-1,-1,12777,2,4,-1,1,-1
201550KA2J009,1,19,0,1,0,0,0,0,0,0,1,1,6,1,35,6,-1,-1,-1,-1,2,-1
201550KA2J013,1,9,0,16,0,0,0,0,0,0,1,1,6,2,53,8,1560,2,9,-1,3,-1
201550KA2J013,2,9,0,17,0,0,0,0,0,0,1,1,6,1,36,7,1598,1,-1,-1,3,-1
201550KA2J015,1,9,0,17,0,0,2,0,7,9,1,1,6,1,19,4,1124,1,14,-1,2,-1
201550KA2J016,1,9,0,18,0,0,0,0,0,0,1,1,6,1,81,11,1998,2,11,-1,2,-1
201550KA2J016,2,9,0,2,0,0,0,0,0,0,2,1,6,1,54,8,1753,2,9,-1,1,-1
201550KC2D001,1,9,0,9,0,6,0,0,0,0,2,1,2,1,70,10,2999,2,16,-1,3,-1
201550KC2D001,2,9,0,18,0,1,2,0,1,0,1,1,2,1,36,7,1796,1,13,-1,2,-1
201550KC2D003,1,9,0,16,0,0,0,0,0,0,1,1,6,2,53,8,1598,1,7,-1,3,-1
201550KC2D003,2,9,0,17,0,0,0,0,0,0,1,1,6,2,44,7,1968,2,11,-1,3,-1
201550KC2E002,1,9,0,17,0,0,1,0,7,4,4,1,1,1,21,5,2446,2,14,-1,3,-1
201550KC2G001,1,19,0,16,0,0,1,0,0,0,1,1,1,1,25,5,1753,2,9,-1,1,-1
201550KC2G001,2,9,0,17,0,0,1,0,0,0,1,1,2,2,46,8,1998,1,11,-1,3,-1
201550KC2I001,1,5,0,17,0,1,2,0,1,1,1,1,6,1,55,8,1050,1,8,-1,1,-1
201550KC2I002,1,9,0,5,0,6,0,0,0,0,4,1,6,1,79,11,1991,2,3,-1,3,-1
201550KC2I002,2,5,0,18,0,8,0,0,0,0,1,1,6,1,64,9,650,1,45,-1,3,-1
201550KC2K001,1,9,0,17,0,0,1,0,7,0,4,1,6,1,30,6,1905,2,20,-1,2,-1
201550KC2K001,2,9,0,16,0,0,0,0,0,0,1,1,6,1,27,6,1242,1,2,-1,1,-1
201550KC2K002,1,9,0,16,0,0,5,0,2,0,3,1,6,1,50,8,-1,-1,-1,-1,2,-1
201550KC2K002,2,9,0,17,0,0,0,0,0,0,3,1,6,2,30,6,-1,-1,-1,-1,3,-1
201550KC2K004,1,9,0,18,0,0,0,0,0,0,1,1,6,1,18,4,1124,1,11,-1,3,-1
201550KC2K004,2,9,0,3,0,0,0,0,0,0,2,1,2,2,49,8,1560,2,6,-1,1,-1
201550KC2K005,1,9,0,18,0,6,0,0,0,0,0,1,6,1,54,8,1905,2,20,-1,3,-1
201550KC2M002,1,9,0,18,0,1,0,0,0,0,1,1,6,1,23,5,1299,1,15,-1,2,-1
201550KC2M002,2,9,0,9,0,8,0,0,0,0,1,1,6,1,67,10,2000,1,8,-1,3,-1
201550KC2M003,1,9,0,13,0,8,0,0,0,0,4,1,6,3,-1,-1,1995,1,12,-1,-1,-1
201550KC2M003,2,9,0,18,0,8,0,0,0,0,3,1,6,1,69,10,1868,2,12,-1,2,-1
201550KC2M004,1,9,0,4,0,1,0,0,0,0,1,1,6,2,82,11,1390,1,13,-1,1,-1
201550KC2M006,1,9,0,18,0,0,2,0,8,11,1,1,6,1,41,7,1997,2,11,-1,2,-1
201550KC2M008,1,9,0,9,0,6,0,0,0,0,1,1,6,2,74,10,1388,1,6,-1,2,-1
201550KC2M008,2,9,0,18,0,6,0,0,0,0,1,1,6,2,40,7,2488,1,10,-1,2,-1
201550KC2M009,1,3,0,18,0,1,0,0,0,0,4,1,6,2,20,4,124,1,1,-1,3,-1
201550KC2M009,2,9,0,5,0,1,0,0,0,0,3,1,1,1,36,7,2993,2,1,-1,1,-1
201550KC2N001,1,9,0,18,0,0,0,0,0,0,1,1,6,1,27,6,1360,1,11,-1,3,-1
201550KC2N001,2,21,0,18,0,0,1,0,0,0,1,1,1,1,65,9,7146,2,5,-1,3,-1
201550KC2Q001,1,1,0,18,0,0,0,0,0,0,1,1,6,1,52,8,-1,-1,-1,-1,3,-1
201550KC2Q001,2,1,0,18,0,0,0,0,0,0,2,1,6,1,37,7,-1,-1,-1,-1,3,-1
201550KC2Q002,1,9,0,1,0,0,0,0,0,0,2,1,6,1,46,8,1686,2,6,-1,1,-1
201550KC2Q003,1,9,0,18,0,8,0,0,0,0,1,1,6,1,77,11,4806,1,8,-1,3,-1
201550KC2Q003,2,9,0,9,0,6,0,0,0,0,3,1,6,1,77,11,2401,2,13,-1,3,-1
201550KC2R001,1,9,0,16,0,0,0,0,0,0,1,1,1,1,22,5,1995,1,10,-1,3,-1
201550KC2R001,2,9,0,17,0,0,0,0,0,0,1,1,6,2,44,7,-1,-1,-1,-1,2,-1
201550KC2R004,1,9,0,18,0,0,0,0,0,0,1,1,6,2,50,8,1587,1,13,-1,3,-1
201550KC2R004,2,9,0,3,0,0,0,0,0,0,2,1,6,1,48,8,-1,-1,-1,-1,3,-1
201550KC2R005,1,9,0,17,0,0,5,0,1,10,4,1,6,1,22,5,1997,2,14,-1,3,-1
201550KC2R006,1,19,0,18,0,0,2,0,2,10,1,1,6,1,36,7,-1,-1,-1,-1,2,-1
201550KC2R007,1,5,0,18,0,0,2,0,0,0,3,1,6,1,42,7,1085,1,19,-1,1,-1
201550KC2S001,1,9,0,9,0,1,0,0,0,0,3,1,6,1,75,10,2765,2,20,-1,3,-1
201550KC2S001,2,9,0,18,0,1,0,0,0,0,1,1,6,1,59,9,1360,1,15,-1,3,-1
201550KC2U001,1,9,0,18,0,0,0,0,0,0,4,1,3,2,21,5,1896,2,9,-1,3,-1
201550KC2W001,1,9,0,18,0,0,0,0,0,0,1,1,6,1,-1,-1,-1,-1,-1,-1,-1,-1
201550KC2W003,1,9,0,7,0,1,0,0,0,0,1,1,6,1,50,8,1998,1,8,-1,2,-1
201550KC2W004,1,9,0,18,0,1,0,0,0,0,1,1,6,1,83,11,1298,1,19,-1,2,-1
201550KC2W004,2,9,0,4,0,1,0,0,0,0,2,1,6,2,70,10,1598,1,10,-1,2,-1
201550KC2W004,3,9,4,4,0,1,0,0,0,0,2,1,6,1,65,9,1489,1,-1,-1,2,-1
201550KC2W005,1,8,0,18,0,3,0,0,0,0,1,1,1,2,51,8,1686,2,5,-1,2,-1
201550KC2W006,1,9,0,18,0,0,0,0,0,0,1,1,1,3,-1,-1,1794,1,12,-1,-1,-1
201550KC2X001,1,3,0,18,0,0,0,0,0,0,0,1,2,1,18,4,125,1,1,-1,3,-1
201550KC2X001,2,19,0,18,0,0,0,0,0,0,2,1,2,1,49,8,2460,2,7,-1,3,-1
201550KC4A001,1,19,0,18,0,0,2,0,0,0,1,1,2,1,44,7,-1,-1,-1,-1,1,-1
201550KC4C002,1,9,0,16,0,0,0,0,7,11,1,1,6,1,-1,-1,1997,1,12,-1,-1,-1
201550KC4D001,1,9,0,4,0,0,1,0,0,0,1,1,6,1,35,6,1560,2,8,-1,3,-1
201550KC4D001,2,9,0,4,0,0,0,0,0,0,1,1,2,2,45,7,998,1,-1,-1,3,-1
201550KC5F001,1,9,0,17,0,0,0,6,1,11,3,1,6,1,23,5,1396,1,13,-1,3,-1
201550KC5F002,1,9,0,17,0,1,2,6,1,4,1,1,6,1,51,8,3000,1,7,-1,-1,-1
201550KC5F003,1,9,0,17,0,0,2,0,2,0,1,1,6,2,38,7,1596,1,12,-1,3,-1
201550KC5F004,1,19,0,18,0,2,0,0,0,0,1,1,1,1,37,7,1248,2,7,-1,2,-1
201550KC5F004,2,9,0,3,0,2,0,0,0,0,2,1,6,2,28,6,2495,2,19,-1,3,-1
201550KC5F005,1,9,0,18,0,0,2,0,1,10,3,1,6,1,30,6,-1,-1,-1,-1,2,-1
201550KC5F006,1,9,0,18,0,0,0,0,0,0,2,1,6,1,32,6,1997,1,8,-1,1,-1
201550KC5F006,2,9,0,18,0,0,0,0,0,0,1,1,6,2,50,8,1968,2,6,-1,3,-1
201550KC5F007,1,10,0,1,0,0,0,0,0,0,2,1,1,1,50,8,2400,2,9,-1,1,-1
201550KC5F008,1,9,0,17,0,0,5,0,2,4,1,1,6,1,78,11,1396,1,11,-1,3,-1
201550KC5H001,1,9,0,13,0,0,0,0,0,0,3,1,6,1,51,8,1799,1,6,-1,1,-1
201550KC5H001,2,9,0,13,0,0,5,0,8,11,1,1,6,1,39,7,3175,1,12,-1,3,-1
201550KE2A001,1,9,0,9,0,1,0,0,0,0,1,1,6,2,70,10,1997,2,12,-1,1,-1
201550KE2A001,2,1,0,18,0,1,0,0,0,0,1,1,6,2,56,9,-1,-1,-1,-1,1,-1
201550KE2B001,1,9,0,9,0,8,0,0,0,0,3,1,2,1,26,6,1895,1,15,-1,1,-1
201550KE2B001,2,2,0,18,0,8,0,0,0,0,4,1,2,1,22,5,-1,-1,-1,-1,1,-1
201550KE2B003,1,9,0,9,0,6,0,0,0,0,3,1,6,1,56,9,-1,-1,-1,-1,1,-1
201550KE2B003,2,9,0,18,0,1,0,0,0,0,1,1,2,2,29,6,1781,1,15,-1,1,-1
201550KE2B005,1,5,0,4,0,1,0,0,0,0,3,1,6,1,48,8,865,1,6,-1,1,-1
201550KE2B005,2,9,0,5,0,1,0,0,0,0,1,1,6,2,17,4,-1,-1,-1,-1,1,-1
201550KE2B006,1,9,0,10,0,8,0,0,0,0,1,1,6,2,64,9,1339,1,3,-1,2,-1
201550KE2B006,2,3,0,10,0,8,5,0,0,0,3,1,6,2,19,4,125,1,1,-1,1,-1
201550KE2B007,1,9,0,18,0,0,0,0,0,0,1,1,6,1,32,6,1997,2,8,-1,1,-1
201550KE2B007,2,9,0,2,0,0,0,0,0,0,1,1,6,1,45,7,1870,2,11,-1,1,-1
201550KE2B009,1,9,0,4,0,1,0,0,0,0,1,1,6,1,33,6,1910,2,6,-1,1,-1
201550KE2B009,2,9,0,3,0,1,0,0,0,0,2,1,6,2,49,8,1998,2,10,-1,1,-1
201550KE2B009,3,9,0,3,0,1,0,0,0,0,2,1,6,1,85,11,1390,1,13,-1,1,-1
201550KE2B013,1,9,0,18,9,0,0,10,0,2,1,1,2,1,35,6,1900,2,10,-1,1,-1
201550KE2B014,1,1,0,18,0,1,0,0,0,0,1,1,6,2,16,4,-1,-1,-1,-1,1,-1
201550KE2B014,2,9,0,1,0,1,0,0,0,0,2,1,3,2,45,7,2490,1,16,-1,-1,-1
201550KE2B016,1,9,0,9,0,6,0,0,0,0,1,1,6,2,63,9,1242,1,2,-1,1,-1
201550KE2B016,2,5,0,18,0,1,0,0,0,0,1,1,6,2,23,5,599,1,7,-1,1,-1
201550KE2B017,1,19,0,4,0,4,0,0,0,0,0,1,6,3,-1,-1,2402,2,14,-1,-1,-1
201550KE2B017,2,2,0,4,0,8,2,0,0,0,0,1,6,1,16,4,50,1,2,-1,3,-1
201550KE2B018,1,9,0,17,0,0,0,0,1,11,1,1,6,2,74,10,1560,2,-1,-1,1,-1
201550KE2B019,1,9,0,18,0,0,0,0,0,0,1,1,6,1,19,4,1397,1,7,-1,1,-1
201550KE2B019,2,9,0,18,0,0,0,0,0,0,2,1,6,1,39,7,2902,2,9,-1,1,-1
201550KE2B019,3,9,0,18,0,0,0,0,1,0,1,1,6,1,30,6,1229,1,10,-1,1,-1
201550KE2C004,1,9,0,18,0,0,0,0,3,11,1,1,6,2,90,11,1588,1,13,-1,1,-1
201550KE2C007,1,9,0,18,9,1,0,0,0,0,1,1,6,2,66,10,1390,1,3,-1,1,-1
201550KE2C009,1,9,0,3,0,1,0,0,0,0,1,1,6,2,28,6,1997,1,1,-1,1,-1
201550KE2C009,2,9,0,2,0,2,0,0,0,0,2,1,6,2,24,5,1587,1,13,-1,1,-1
201550KE2C010,1,9,0,9,0,4,0,0,0,0,1,1,6,1,72,10,1995,2,13,-1,1,-1
201550KE2C010,2,1,0,18,0,3,5,0,0,0,4,1,2,2,43,7,-1,-1,-1,-1,1,-1
201550KE2C012,1,3,0,18,0,0,0,4,0,0,1,1,6,2,29,6,124,1,-1,-1,1,-1
201550KE2C012,2,9,0,2,0,0,0,0,0,0,2,1,6,2,-1,-1,1360,1,8,-1,1,-1
201550KE2C013,1,9,0,18,0,1,0,0,0,0,3,1,6,2,31,6,1405,1,11,-1,1,-1
201550KE2C013,2,9,0,9,0,8,0,0,0,0,1,1,6,2,27,6,-1,-1,-1,-1,1,-1
201550KE2D002,1,9,0,5,3,0,0,0,0,0,1,1,6,1,-1,-1,1956,2,2,-1,-1,-1
201550KE2D004,1,9,0,4,0,2,0,0,0,0,1,1,6,1,83,11,1598,1,14,-1,1,-1
201550KE2D007,1,9,0,18,0,8,0,0,0,0,4,1,1,2,45,7,1598,2,2,-1,1,-1
201550KE2D009,1,9,0,1,0,0,0,0,0,0,2,1,1,1,-1,-1,-1,-1,-1,-1,1,-1
201550KE2D011,1,9,0,18,0,0,0,0,0,0,1,1,6,3,-1,-1,-1,-1,-1,-1,-1,-1
201550KE2D011,2,1,0,18,0,0,0,0,0,0,2,1,6,1,50,8,-1,-1,-1,-1,1,-1
201550KE2D012,1,9,0,9,0,5,0,0,0,0,1,1,6,1,56,9,1199,1,14,-1,1,-1
201550KE2D012,2,1,0,18,0,1,0,0,0,0,1,1,6,1,46,8,-1,-1,-1,-1,1,-1
201550KE2D018,1,9,0,18,0,2,0,0,0,0,3,1,6,2,51,8,1299,1,7,-1,1,-1
201550KE2E003,1,9,0,5,0,8,0,0,0,0,1,1,6,2,31,6,1582,2,6,-1,1,-1
201550KE2E003,2,1,0,18,0,8,0,0,0,0,1,1,6,1,18,4,-1,-1,-1,-1,1,-1
201550KE2E004,1,9,0,18,0,8,0,0,0,0,1,1,6,1,47,8,1796,1,16,-1,1,-1
201550KE2E004,2,9,0,3,0,8,0,0,0,0,2,1,6,1,24,5,1796,1,10,-1,1,-1
201550KE2E006,1,3,0,5,0,1,1,0,0,0,1,1,2,1,29,6,124,1,5,-1,1,-1
201550KE2E006,2,9,0,3,0,1,0,0,0,0,0,1,1,1,43,7,1968,2,7,-1,1,-1
201550KE2E007,1,9,0,5,0,0,0,0,0,0,1,1,6,1,85,11,1390,1,13,-1,1,-1
201550KE2E007,2,9,0,3,0,0,0,0,0,0,1,1,6,1,33,6,1988,1,14,-1,1,-1
201550KE2E008,1,9,0,9,0,1,0,0,0,0,3,1,2,1,31,6,1360,1,14,-1,1,-1
201550KE2E008,2,1,0,18,0,1,0,0,0,0,1,1,6,2,35,6,-1,-1,-1,-1,1,-1
201550KE2E010,1,9,0,9,0,8,0,0,0,0,1,1,6,1,69,10,1598,1,9,-1,1,-1
201550KE2E010,2,1,0,10,0,1,0,0,0,0,1,1,6,1,63,9,-1,-1,-1,-1,1,-1
201550KE2E014,1,9,0,18,0,1,0,0,0,0,1,1,6,1,24,5,1590,1,13,-1,1,-1
201550KE2E014,2,9,0,10,0,1,0,0,0,0,2,1,6,2,22,5,-1,-1,-1,-1,1,-1
201550KE2E014,3,9,0,10,0,1,0,0,0,0,2,1,1,2,59,9,1360,1,10,-1,1,-1
201550KE2E014,4,19,0,18,0,1,0,0,0,0,3,1,1,1,52,8,-1,-1,-1,-1,1,-1
201550KE2E015,1,9,0,9,0,8,0,0,0,0,4,1,6,2,17,4,1240,1,8,-1,1,-1
201550KE2E015,2,9,0,18,0,8,0,0,0,0,1,1,6,2,71,10,1596,1,10,-1,2,-1
201550KE2G003,1,9,0,4,0,1,1,0,0,0,1,1,6,1,23,5,1796,1,16,-1,1,-1
201550KE2G003,2,1,0,4,0,1,1,0,0,0,2,1,6,2,45,7,-1,-1,-1,-1,1,-1
201550KE2G004,1,9,0,18,0,0,0,0,0,0,4,1,6,1,43,7,2000,2,4,-1,2,-1
201550KE2H001,1,21,0,9,0,6,0,0,0,0,4,1,1,1,51,8,8867,2,7,-1,1,-1
201550KE2H001,2,1,0,18,0,1,0,0,0,0,1,1,2,1,22,5,-1,-1,-1,-1,1,-1
201550KE2H002,1,9,0,18,0,0,0,0,0,0,1,1,6,2,34,6,1198,1,1,-1,3,-1
201550KE2H002,2,9,0,1,0,0,0,0,0,0,3,1,6,1,59,9,1896,2,16,-1,3,-1
201550KE2H002,3,9,0,18,0,0,0,0,0,0,1,1,6,1,71,10,1997,2,9,-1,3,-1
201550KE2H003,1,9,0,18,0,1,0,0,1,9,1,1,2,1,27,6,1753,2,12,-1,1,-1
201550KE2H003,2,5,0,3,0,1,0,0,7,10,2,1,6,1,58,9,600,1,18,-1,3,-1
201550KE2H004,1,3,0,18,0,0,0,0,0,0,0,1,2,1,26,6,124,1,15,-1,1,-1
201550KE2H005,1,9,0,18,0,1,0,0,0,0,1,1,2,1,28,6,1560,2,3,-1,1,-1
201550KE2H005,2,9,0,9,0,1,0,0,0,0,2,1,2,1,26,6,1998,1,11,-1,1,-1
201550KE3G001,1,1,0,13,0,1,0,0,0,0,1,1,6,1,46,8,-1,-1,-1,-1,2,-1
201550KE3G001,2,9,0,9,0,8,0,0,0,0,3,1,6,1,59,9,1798,1,1,-1,1,-1
201550KE3G002,1,9,0,18,0,0,0,0,0,0,4,1,6,2,75,10,1800,1,21,-1,1,-1
201550KE3G005,1,9,0,18,0,0,0,0,0,0,0,1,6,3,-1,-1,-1,-1,-1,-1,-1,-1
201550KE3G008,1,9,0,9,0,6,0,0,0,0,1,1,6,2,86,11,1339,1,11,-1,2,-1
201550KE3H001,1,9,0,18,0,0,0,0,0,0,3,1,6,1,65,9,2179,2,9,-1,3,-1
201550KE3H003,1,9,0,18,0,0,2,0,0,0,1,1,6,1,17,4,-1,-1,-1,-1,1,-1
201550KE3I001,1,3,0,18,0,0,0,0,0,0,1,1,1,1,20,4,125,1,3,-1,3,-1
201550KE3I001,2,21,0,18,0,0,0,0,0,0,2,1,1,1,51,8,5880,2,7,-1,-1,-1
201550KE3J001,1,3,0,15,0,0,5,0,0,0,4,1,6,1,17,4,124,1,3,-1,3,-1
201550KE3J001,2,9,0,18,0,0,0,0,0,0,3,1,6,1,83,11,2720,2,7,-1,3,-1