Accident_Index,Vehicle_Reference,Vehicle_Type,Towing_and_Articulation,Vehicle_Manoeuvre,Vehicle_Location-Restricted_Lane,Junction_Location,Skidding_and_Overturning,Hit_Object_in_Carriageway,Vehicle_Leaving_Carriageway,Hit_Object_off_Carriageway,1st_Point_of_Impact,Was_Vehicle_Left_Hand_Drive?,Journey_Purpose_of_Driver,Sex_of_Driver,Age_of_Driver,Age_Band_of_Driver,Engine_Capacity_(CC),Propulsion_Code,Age_of_Vehicle,Driver_IMD_Decile,Driver_Home_Area_Type,Vehicle_IMD_Decile
201550KE3J001,3,9,0,2,0,0,0,0,0,0,3,1,6,1,-1,-1,1997,2,15,-1,3,-1
201550KE3J001,4,19,0,2,0,0,0,0,0,0,3,1,6,1,-1,-1,2461,2,12,-1,3,-1
201550KE3J002,1,9,0,9,0,8,0,0,0,0,4,1,6,2,25,5,3628,2,7,-1,-1,-1
201550KE3J002,2,3,0,18,0,1,0,0,0,0,1,1,6,1,17,4,125,1,-1,-1,1,-1
201550KE3K001,1,9,0,16,0,0,0,0,0,0,1,1,6,2,53,8,1598,1,14,-1,2,-1
201550KE3K001,2,19,0,17,0,0,0,0,0,0,1,1,1,1,33,6,2402,2,5,-1,1,-1
201550KE3K002,1,9,0,18,0,1,1,0,0,0,1,1,6,1,22,5,-1,-1,-1,-1,2,-1
201550KE3K002,2,4,0,10,0,1,0,0,0,0,2,1,6,1,46,8,294,1,2,-1,2,-1
201550KE3L001,1,3,0,15,0,0,0,0,0,0,1,1,1,2,28,6,100,1,8,-1,1,-1
201550KE3L001,2,9,0,10,0,0,0,0,0,0,1,1,6,1,83,11,1198,1,9,-1,2,-1
201550KE3L001,3,19,0,3,0,0,0,0,0,0,0,1,1,1,26,6,-1,-1,-1,-1,1,-1
201550KE3L002,1,19,0,4,0,0,2,0,0,0,1,1,2,1,36,7,2488,2,6,-1,1,-1
201550KE3L003,1,9,0,5,0,6,0,0,0,0,1,1,6,1,52,8,1998,2,7,-1,3,-1
201550KE3L003,2,1,0,18,0,1,0,0,0,0,1,1,1,1,42,7,-1,-1,-1,-1,1,-1
201550KE3L004,1,9,0,1,0,6,0,0,0,0,2,1,6,2,27,6,1598,1,13,-1,3,-1
201550KE3L004,2,9,0,18,0,1,0,0,0,0,1,1,6,1,44,7,1598,1,5,-1,1,-1
201550KE3L005,1,9,0,18,0,0,0,0,7,0,1,1,6,2,49,8,1360,1,7,-1,1,-1
201550KE3L005,2,9,0,18,0,0,0,0,0,0,1,1,6,2,38,7,1984,1,14,-1,1,-1
201550KE3L006,1,9,0,17,0,2,0,0,0,0,1,1,6,1,31,6,2494,2,12,-1,1,-1
201550KE3L006,2,9,0,9,0,8,0,0,0,0,1,1,6,1,50,8,999,1,-1,-1,1,-1
201550KE3L007,1,19,0,14,0,1,0,0,0,0,1,1,1,1,52,8,-1,-1,-1,-1,1,-1
201550KE3L007,2,9,0,18,0,2,0,0,0,0,1,1,1,1,27,6,1198,1,10,-1,2,-1
201550KE3M002,1,9,0,17,0,0,0,0,0,0,1,1,6,1,18,4,-1,-1,-1,-1,1,-1
201550KE3M003,1,9,0,17,0,0,5,0,1,11,1,1,6,1,34,6,-1,-1,-1,-1,1,-1
201550KE3M004,1,9,0,16,0,0,5,0,0,0,1,1,1,1,26,6,-1,-1,-1,-1,1,-1
201550KE3M005,1,9,0,17,0,0,5,0,7,4,1,1,2,2,68,10,-1,-1,-1,-1,2,-1
201550KE3M006,1,9,0,5,0,2,0,0,0,0,1,1,6,2,63,9,1527,2,21,-1,1,-1
201550KE3M006,2,9,0,18,0,1,0,0,0,0,1,1,6,2,26,6,1995,2,14,-1,2,-1
201550KE3M008,1,19,0,9,0,8,0,0,0,0,3,1,1,1,26,6,-1,-1,-1,-1,1,-1
201550KE3M008,2,5,0,18,0,8,0,0,0,0,1,1,6,1,58,9,-1,-1,-1,-1,3,-1
201550KE3M010,1,9,0,17,0,0,1,0,8,10,1,1,2,2,21,5,1390,1,9,-1,2,-1
201550KE3M011,1,9,0,18,0,0,0,0,0,0,1,1,6,1,17,4,1598,2,1,-1,3,-1
201550KE3M011,2,9,0,18,0,0,0,0,0,0,1,1,6,2,31,6,1242,1,10,-1,1,-1
201550KE3M014,1,9,0,10,0,1,0,0,0,0,2,1,6,2,22,5,1600,1,16,-1,1,-1
201550KE3M014,2,9,0,18,0,1,0,0,0,0,1,1,6,2,55,8,1560,2,8,-1,1,-1
201550KE3O001,1,9,0,18,0,0,0,0,0,0,1,1,2,2,48,8,-1,-1,-1,-1,1,-1
201550KE3O001,2,9,0,18,0,0,0,0,0,0,1,1,6,2,42,7,-1,-1,-1,-1,1,-1
201550KE3O003,1,9,0,6,0,1,0,0,0,0,2,1,2,2,55,8,1368,1,6,-1,3,-1
201550KE3O003,2,5,0,14,0,1,0,0,0,0,1,1,6,1,61,9,885,1,23,-1,3,-1
201550KE3O004,1,9,0,7,0,6,0,0,0,0,1,1,3,2,35,6,2688,2,14,-1,3,-1
201550KE3O004,2,9,0,18,0,8,0,0,0,0,1,1,6,2,45,7,3200,2,11,-1,1,-1
201550KE3O005,1,9,0,17,0,0,0,0,1,10,1,1,6,1,81,11,998,1,15,-1,1,-1
201550KE5O003,1,19,0,16,0,0,2,0,0,0,1,1,6,2,29,6,-1,-1,-1,-1,1,-1
201550KE5O003,2,9,0,17,0,0,0,0,0,0,1,1,6,1,74,10,-1,-1,-1,-1,1,-1
201550KE5O004,1,9,0,12,0,8,0,0,0,0,2,1,6,2,38,7,2000,2,10,-1,3,-1
201550KE5O004,2,9,0,18,0,8,0,0,0,0,3,1,6,2,51,8,-1,-1,-1,-1,1,-1
201550KE5O005,1,9,0,3,0,4,0,0,0,0,1,1,6,1,75,10,2400,2,2,-1,3,-1
201550KE5O005,2,9,0,3,0,4,0,0,0,0,2,1,6,1,65,9,1781,1,18,-1,2,-1
201550KE5O006,1,19,0,4,0,4,0,0,0,0,1,1,1,1,48,8,-1,-1,-1,-1,2,-1
201550KE5O006,2,9,0,16,0,4,0,0,0,0,2,1,1,1,-1,-1,1995,2,8,-1,1,-1
201550KE5O007,1,9,0,18,0,4,0,0,0,0,1,1,6,2,72,10,1598,1,10,-1,2,-1
201550KE5O007,2,9,0,4,0,4,0,0,0,0,2,1,6,2,38,7,1149,1,9,-1,1,-1
201550KE5O010,1,9,0,15,0,0,0,0,0,0,0,1,6,2,43,7,1783,1,19,-1,1,-1
201550KE5O010,2,9,0,18,0,0,0,0,1,0,0,1,6,2,19,4,1299,1,15,-1,1,-1
201550KE5O011,1,9,0,18,0,8,0,0,0,0,0,1,1,1,44,7,2993,2,1,-1,-1,-1
201550KE5O011,2,9,0,4,0,4,0,0,0,0,2,1,6,2,44,7,1587,1,7,-1,2,-1
201550KE5O011,3,9,0,5,0,4,0,0,0,0,1,1,2,1,55,8,2495,2,24,-1,-1,-1
201550KE5O012,1,9,0,18,0,0,0,0,1,4,4,1,6,1,18,4,1596,1,9,-1,1,-1
201550KE5O013,1,9,0,5,0,4,0,0,0,0,1,1,6,1,71,10,1597,2,1,-1,1,-1
201550KE5O013,2,1,0,18,0,8,0,0,0,0,2,1,6,2,44,7,-1,-1,-1,-1,2,-1
201550KE5O015,1,9,0,18,0,0,1,0,0,0,1,1,6,1,30,6,1198,1,3,-1,1,-1
201550KE5O015,2,19,0,18,0,0,0,0,0,0,2,1,6,1,55,8,-1,-1,-1,-1,1,-1
201550KE5O016,1,9,0,18,0,0,1,0,4,6,1,1,6,2,33,6,1995,2,5,-1,1,-1
201550KE5O016,2,9,0,13,0,0,1,0,4,6,1,1,6,2,21,5,1499,2,-1,-1,3,-1
201550KE5P001,1,9,0,4,0,4,0,4,0,0,1,1,6,2,77,11,-1,-1,-1,-1,2,-1
201550KE5P001,2,9,5,3,0,4,0,0,0,0,2,1,6,1,29,6,2993,2,11,-1,3,-1
201550KE5P002,1,9,0,3,0,4,0,0,0,0,1,1,6,2,18,4,-1,-1,-1,-1,1,-1
201550KE5P002,2,5,0,3,0,4,0,0,0,0,2,1,6,1,53,8,748,1,4,-1,1,-1
201550KE5P003,1,9,0,18,0,1,0,0,0,0,1,1,6,1,64,9,1461,2,1,-1,3,-1
201550KE5P003,2,9,0,3,0,1,0,0,0,0,2,1,6,2,67,10,1332,1,5,-1,3,-1
201550KE5P005,1,9,0,18,0,6,0,0,0,0,1,1,6,1,77,11,1997,1,5,-1,3,-1
201550KE5P005,2,9,0,18,0,8,0,0,0,0,4,1,6,1,58,9,1390,1,7,-1,1,-1
201550KE5Q001,1,19,0,1,0,0,0,0,0,0,2,1,6,1,76,11,-1,-1,-1,-1,3,-1
201550KE5Q001,2,9,0,2,0,0,0,0,0,0,1,1,6,1,69,10,1149,1,15,-1,3,-1
201550KE5Q002,1,9,0,18,0,8,0,0,0,0,3,1,1,1,35,6,1560,2,2,-1,2,-1
201550KE5Q002,2,21,0,17,0,8,0,0,0,0,1,1,1,1,62,9,7284,2,15,-1,1,-1
201550KE5Q003,1,9,0,3,0,1,0,0,0,0,2,1,6,1,77,11,1390,1,2,-1,3,-1
201550KE5Q003,2,9,0,3,0,1,0,0,0,0,1,1,1,2,28,6,1364,1,10,-1,2,-1
201550KE5Q004,1,9,0,12,0,0,1,0,0,0,4,1,6,1,54,8,1968,2,-1,-1,3,-1
201550KE5Q004,2,9,0,4,0,0,1,0,0,0,2,1,6,2,20,4,1995,2,10,-1,1,-1
201550KE5Q004,3,9,0,18,0,0,1,0,0,0,1,1,6,1,25,5,1248,2,3,-1,1,-1
201550KE5Q005,1,9,0,13,0,0,0,0,0,0,4,1,2,1,32,6,998,1,2,-1,1,-1
201550KE5Q005,2,1,0,18,0,0,0,0,0,0,3,1,2,2,22,5,-1,-1,-1,-1,1,-1
201550KE5Q007,1,9,0,9,0,6,0,0,0,0,1,1,2,1,47,8,1896,2,10,-1,1,-1
201550KE5Q007,2,1,0,18,0,8,0,0,0,0,1,1,2,1,54,8,-1,-1,-1,-1,1,-1
201550KE5Q009,1,9,0,18,0,0,0,0,0,0,1,1,6,2,54,8,1582,2,-1,-1,3,-1
201550KE5Q009,2,9,0,18,0,0,0,0,0,0,2,1,6,2,55,8,998,1,17,-1,1,-1
201550KE5Q010,1,9,0,4,0,1,0,0,0,0,1,1,6,1,70,10,6750,1,14,-1,3,-1
201550KE5Q010,2,9,0,3,0,1,0,0,0,0,2,1,6,1,71,10,796,1,10,-1,1,-1
201550KE5Q010,3,9,0,3,0,1,0,0,0,0,2,1,6,1,23,5,1968,2,-1,-1,2,-1
201550KE5Q012,1,19,0,9,0,1,0,0,0,0,1,1,6,2,21,5,-1,-1,-1,-1,1,-1
201550KE5Q012,2,9,0,18,0,8,0,0,0,0,1,1,6,2,29,6,998,1,6,-1,3,-1
201550KH2A001,1,9,0,4,0,0,0,0,0,0,2,1,6,2,39,7,1339,1,8,-1,1,-1
201550KH2A001,2,19,0,4,0,0,0,0,0,0,2,1,1,1,-1,-1,-1,-1,-1,-1,-1,-1
201550KH2A001,3,19,0,4,0,0,0,0,0,0,2,1,1,1,25,5,2143,2,1,-1,1,-1
201550KH2A001,4,9,0,4,0,0,0,0,0,0,1,1,6,1,69,10,1560,2,6,-1,3,-1
201550KH2A001,5,9,0,4,0,0,0,0,0,0,1,1,6,1,-1,-1,-1,-1,-1,-1,-1,-1
201550KH2A002,1,9,0,18,0,0,1,0,0,0,2,1,6,1,31,6,1396,1,12,-1,2,-1
201550KH2A002,2,9,0,18,0,0,0,0,0,0,1,1,6,2,39,7,1753,2,14,-1,1,-1
201550KH2A003,1,9,0,17,0,1,1,0,0,4,1,1,6,2,26,6,1149,1,10,-1,1,-1
201550KH2A004,1,9,0,18,0,0,0,10,1,11,1,1,1,1,39,7,1461,2,8,-1,1,-1
201550KH2A005,1,9,0,17,0,0,2,0,1,11,1,1,6,1,21,5,-1,-1,-1,-1,3,-1
201550KH2B001,1,1,0,18,0,0,0,0,0,0,2,1,6,1,22,5,-1,-1,-1,-1,1,-1
201550KH2B001,2,9,0,13,0,0,0,0,0,0,0,1,6,3,-1,-1,-1,-1,-1,-1,-1,-1
201550KH2B002,1,9,0,4,0,0,1,0,0,0,2,1,6,1,50,8,1749,1,11,-1,1,-1
201550KH2B002,2,9,0,17,0,0,0,0,0,0,1,1,2,1,34,6,1390,1,11,-1,1,-1
201550KH2B003,1,9,0,17,0,0,1,0,2,0,1,1,6,2,24,5,1598,1,12,-1,2,-1
201550KH2B005,1,5,0,17,0,0,1,0,1,0,0,1,6,1,53,8,1199,1,13,-1,1,-1
201550KH2B006,1,9,0,18,0,0,0,0,1,0,1,1,6,2,66,10,1339,1,9,-1,1,-1
201550KH2B006,2,9,0,18,0,0,0,0,1,0,1,1,6,1,42,7,1995,2,7,-1,3,-1
201550KH2B008,1,9,0,4,0,1,0,0,0,0,1,1,6,1,21,5,1149,1,14,-1,1,-1
201550KH2B008,2,9,0,8,0,5,0,0,0,0,2,1,6,2,70,10,-1,-1,-1,-1,2,-1
201550KH2B009,1,9,0,4,0,2,0,0,0,0,1,1,6,2,22,5,1300,1,16,-1,1,-1
201550KH2B009,2,9,0,4,0,2,0,0,0,0,2,1,6,1,67,10,1796,1,17,-1,2,-1
201550KH2B009,3,9,0,4,0,2,0,0,0,0,2,1,6,1,57,9,1796,1,10,-1,1,-1
201550KH2C002,1,9,0,9,0,1,0,0,0,0,4,1,6,2,23,5,1997,2,11,-1,1,-1
201550KH2C002,2,21,0,18,0,1,1,0,0,0,1,1,1,1,48,8,7146,2,4,-1,1,-1
201550KH2C003,1,9,0,4,0,1,1,0,0,0,1,1,6,2,62,9,1061,1,12,-1,2,-1
201550KH2C003,2,19,0,3,0,1,0,0,0,0,2,1,6,1,33,6,1560,2,2,-1,1,-1
201550KH2C003,3,9,0,3,0,1,0,0,0,0,2,1,1,1,51,8,1998,2,11,-1,2,-1
201550KH2D001,1,19,0,18,0,0,0,0,0,0,1,1,1,1,54,8,-1,-1,-1,-1,1,-1
201550KH2D001,2,9,0,4,0,0,0,0,0,0,2,1,6,2,30,6,1598,1,5,-1,3,-1
201550KH2D002,1,9,0,18,0,1,1,0,0,0,1,1,6,1,83,11,2765,2,27,-1,1,-1
201550KH2D002,2,9,0,3,0,1,0,0,0,0,2,1,6,2,55,8,998,1,2,-1,1,-1
201550KH2D002,3,9,0,10,0,1,0,0,0,0,2,1,6,1,27,6,3498,1,9,-1,1,-1
201550KH2D003,1,9,0,18,0,0,0,0,0,0,1,1,6,1,27,6,1299,1,13,-1,1,-1
201550KH2D003,2,9,0,18,0,0,0,0,0,0,3,1,6,1,67,10,2548,1,-1,-1,1,-1
201550KH2D004,1,9,0,18,0,0,5,0,0,0,4,1,6,2,23,5,1339,1,12,-1,3,-1
201550KH2D005,1,9,0,18,0,0,5,0,1,0,1,1,6,1,43,7,1390,1,20,-1,1,-1
201550KH2D006,1,9,0,18,0,0,0,0,0,0,1,1,6,1,79,11,1968,2,-1,-1,1,-1
201550KH2D006,2,9,0,18,0,0,0,0,0,0,1,1,6,1,58,9,2143,2,1,-1,1,-1
201550KH2D006,3,9,0,18,0,0,0,0,0,0,1,1,6,1,47,8,1951,2,9,-1,3,-1
201550KH2D006,4,9,0,18,0,0,0,0,0,0,1,1,6,1,51,8,2777,2,7,-1,-1,-1
201550KH2D007,1,9,0,18,0,0,2,0,0,4,1,1,6,2,50,8,996,1,6,-1,1,-1
201550KH2D008,1,9,0,18,0,1,0,0,0,0,1,1,6,2,50,8,2995,1,9,-1,1,-1
201550KH2D008,2,19,0,7,0,6,0,0,0,0,1,1,6,1,33,6,2953,2,9,-1,3,-1
201550KH2E002,1,9,0,18,0,0,0,0,1,0,4,1,6,1,28,6,1248,2,7,-1,1,-1
201550KH2F001,1,9,0,18,0,0,0,0,0,0,1,1,6,1,70,10,1985,1,13,-1,2,-1
201550KH2G002,1,9,0,17,0,8,2,0,1,10,1,1,6,1,22,5,1896,2,13,-1,1,-1
201550KH2G003,1,21,0,16,0,0,0,0,0,0,4,1,1,1,60,9,-1,-1,-1,-1,3,-1
201550KH2G003,2,21,0,4,0,0,0,0,0,0,4,1,1,1,44,7,4116,2,10,-1,1,-1
201550KH2H001,1,9,0,16,5,5,0,0,0,7,1,1,1,1,62,9,1951,2,10,-1,3,-1
201550KH2H002,1,9,0,18,0,1,0,0,0,0,4,1,1,1,31,6,-1,-1,-1,-1,1,-1
201550KH2H002,2,9,0,9,0,8,0,0,0,1,1,1,3,2,46,8,1197,1,1,-1,1,-1
201550KH2H005,1,19,0,18,0,0,0,0,1,0,1,1,1,1,33,6,2198,2,4,-1,1,-1
201550KH2H007,1,9,0,16,0,5,0,0,7,1,1,1,1,2,43,7,1299,1,10,-1,1,-1
201550KH2H009,1,9,0,3,0,1,0,0,0,0,4,1,6,1,47,8,2000,1,14,-1,2,-1
201550KH2H009,2,1,0,18,0,1,0,0,0,0,3,1,6,1,39,7,-1,-1,-1,-1,3,-1
201550KH2H010,1,9,0,9,0,1,0,0,0,0,2,1,6,1,24,5,1248,2,2,-1,-1,-1
201550KH2H010,2,1,0,18,0,1,0,0,0,0,1,1,6,1,47,8,-1,-1,-1,-1,1,-1
201550KH2H011,1,19,0,1,0,0,0,0,0,0,2,1,1,1,64,9,1248,2,7,-1,3,-1
201550KH2H019,1,9,0,6,8,0,0,0,0,0,1,2,6,1,-1,-1,-1,-1,-1,-1,-1,-1
201550KH2H019,2,9,0,18,0,0,1,0,6,0,2,1,6,2,58,9,1368,1,3,-1,3,-1
201550KH2H020,1,9,0,16,0,6,5,0,1,0,1,1,6,1,43,7,1596,1,13,-1,1,-1
201550KH2H021,1,19,0,2,0,0,0,0,1,1,1,1,6,1,31,6,2198,2,4,-1,1,-1
201550KH2H022,1,11,0,18,0,1,0,0,0,0,1,1,1,1,31,6,11967,2,11,-1,1,-1
201550KH2H022,2,9,0,10,0,1,0,0,0,0,2,1,6,2,45,7,1598,1,16,-1,3,-1
201550KH2H023,1,9,0,11,0,0,0,0,0,0,1,1,6,2,20,4,998,1,3,-1,3,-1
201550KH2H024,1,9,0,5,0,1,0,0,0,0,1,1,6,1,34,6,1998,2,10,-1,2,-1
201550KH2H024,2,9,0,18,0,1,5,0,0,1,3,1,1,1,68,10,2982,2,8,-1,3,-1
201550KH2I001,1,9,0,18,0,0,0,0,1,3,1,1,6,1,46,8,1956,2,4,-1,1,-1
201550KH2I002,1,9,0,3,0,1,0,0,0,0,1,1,6,1,27,6,1390,1,12,-1,1,-1
201550KH2I002,2,9,0,3,0,1,0,0,0,0,2,1,6,1,31,6,-1,-1,-1,-1,1,-1
201550KH2I002,3,9,0,3,0,1,0,0,0,0,2,1,6,1,67,10,1461,2,-1,-1,2,-1
201550KH2I002,4,9,0,3,0,1,0,0,0,0,2,1,6,1,34,6,-1,-1,-1,-1,3,-1
201550KH2M002,1,4,0,18,0,1,0,0,0,0,1,1,6,1,57,9,395,1,36,-1,1,-1
201550KH2M002,2,19,0,9,0,1,0,0,0,0,0,1,6,1,68,10,-1,-1,-1,-1,3,-1
201550KH2M002,3,9,0,3,0,1,0,0,0,0,1,1,2,2,50,8,1995,2,12,-1,2,-1
201550KH2M003,1,9,0,18,0,0,1,0,0,4,1,1,6,1,34,6,1995,2,8,-1,2,-1
201550KH2O001,1,9,0,18,0,0,1,0,1,4,1,1,6,1,21,5,-1,-1,-1,-1,1,-1
201550KH2O002,1,9,0,18,0,0,0,0,0,0,4,1,6,2,34,6,-1,-1,-1,-1,1,-1
201550KH2O002,2,9,0,18,0,0,5,0,0,0,1,1,6,1,61,9,2993,2,4,-1,1,-1
201550KH2O002,3,9,0,18,0,0,0,0,0,0,0,1,6,1,40,7,-1,-1,-1,-1,3,-1
201550KH2O003,1,3,0,16,0,1,1,0,7,0,3,1,6,1,30,6,124,1,2,-1,3,-1
201550KH2O003,2,21,0,18,0,1,0,0,0,0,1,1,1,1,49,8,6692,2,5,-1,1,-1
201550KH2Q001,1,9,0,18,0,0,1,0,0,0,1,1,2,1,28,6,-1,-1,-1,-1,1,-1
201550KH2Q003,1,9,0,18,0,0,0,0,1,4,1,1,6,1,23,5,1905,2,18,-1,3,-1
201550KH2Q004,1,21,0,18,0,1,5,0,0,0,3,1,1,1,54,8,12740,2,-1,-1,3,-1
201550KH3B001,1,9,0,1,0,0,0,4,0,0,2,1,6,3,-1,-1,-1,-1,-1,-1,-1,-1
201550KH3B001,2,9,0,2,0,0,0,0,0,0,2,1,6,1,26,6,-1,-1,-1,-1,2,-1
201550KH3D001,1,9,0,18,0,0,1,0,0,0,1,1,2,1,55,8,1587,1,17,-1,1,-1
201550KH3D001,2,21,0,18,0,0,0,0,0,0,1,1,1,1,37,7,6370,2,5,-1,1,-1
201550KH3D002,1,17,0,7,0,1,0,0,0,0,1,1,1,1,36,7,4400,2,3,-1,3,-1
201550KH3D002,2,9,0,18,0,4,0,0,7,11,1,1,1,1,47,8,-1,-1,-1,-1,3,-1
201550KH3F001,1,9,0,18,0,1,1,0,1,0,1,1,2,1,19,4,602,1,34,-1,2,-1
201550KH3F001,2,9,0,18,0,1,0,0,1,10,4,1,2,2,45,7,1910,2,8,-1,2,-1
201550KN3B001,1,19,0,18,0,1,1,0,1,9,1,1,1,1,49,8,-1,-1,-1,-1,3,-1
201550KN3B001,2,9,0,10,0,1,0,0,0,0,2,1,6,2,48,8,1248,1,5,-1,3,-1
201550KN3B002,1,9,0,3,0,1,0,0,0,0,2,1,6,1,27,6,-1,-1,-1,-1,1,-1
201550KN3B002,2,9,0,3,0,1,0,0,0,0,2,1,6,1,27,6,1198,1,8,-1,1,-1
201550KN3B002,3,9,0,4,0,1,1,0,0,0,1,1,6,1,30,6,1796,1,4,-1,2,-1
201550KN3C001,1,9,0,16,0,0,0,0,0,0,1,1,6,1,80,11,-1,-1,-1,-1,2,-1
201550KN3C001,2,9,4,17,0,0,0,0,0,0,2,1,6,1,71,10,2495,2,10,-1,3,-1
201550KN3C002,1,9,0,18,1,8,0,0,0,0,1,1,6,2,36,7,1398,1,2,-1,2,-1
201550KN3C002,2,18,0,18,1,8,0,0,0,0,1,1,1,1,77,11,-1,-1,-1,-1,2,-1
201550KN3C003,1,9,0,5,0,2,0,0,0,0,1,1,6,1,43,7,2198,1,9,-1,3,-1
201550KN3C003,2,9,0,18,0,1,5,0,0,11,4,1,6,2,73,10,1108,1,5,-1,2,-1
201550KN3C004,1,3,0,17,0,1,0,0,0,0,1,1,6,1,21,5,124,1,8,-1,2,-1
201550KN3C004,2,9,0,16,0,8,0,0,0,0,2,1,6,1,36,7,1998,1,16,-1,-1,-1
201550KN3C005,1,9,0,18,0,0,0,0,0,0,1,1,6,1,18,4,1896,2,12,-1,3,-1
201550KN3C005,2,9,0,7,0,0,0,0,0,0,4,1,6,1,72,10,1685,2,2,-1,2,-1
201550KN3C006,1,3,0,18,0,8,2,0,0,0,0,1,4,1,17,4,125,1,-1,-1,2,-1
201550KN3C006,2,9,0,9,0,6,0,0,0,0,0,1,6,3,-1,-1,-1,-1,-1,-1,-1,-1
201550KN3C007,1,9,0,16,0,0,0,0,0,0,1,1,6,1,-1,-1,1192,1,-1,-1,2,-1
201550KN3C007,2,9,0,17,0,0,0,0,0,0,1,1,2,2,62,9,1587,1,9,-1,3,-1
201550KN3C008,1,9,0,16,0,0,1,0,0,0,1,1,6,2,24,5,-1,-1,-1,-1,2,-1
201550KN3C008,2,11,0,17,0,0,0,0,0,0,1,1,1,1,35,6,8300,2,17,-1,3,-1
201550KN3D001,1,9,0,17,0,0,0,0,0,0,1,1,6,1,59,9,-1,-1,-1,-1,3,-1
201550KN3D001,2,9,0,16,0,0,0,0,0,0,1,1,6,1,30,6,1995,2,2,-1,3,-1
201550KN3D002,1,19,0,18,0,0,0,0,1,9,4,1,6,1,32,6,-1,-1,-1,-1,3,-1
201550KN3D003,1,9,0,17,0,0,2,0,1,11,4,1,6,2,18,4,1199,1,16,-1,3,-1
201550KN3D004,1,9,0,17,0,0,1,0,0,0,1,1,2,2,21,5,1598,1,14,-1,3,-1
201550KN3D005,1,9,0,17,0,0,0,0,1,3,1,1,2,1,28,6,1390,1,4,-1,3,-1
201550KN3E001,1,9,0,16,0,0,1,0,0,0,1,1,6,1,43,7,1796,1,16,-1,2,-1
201550KN3E001,2,17,0,17,0,0,1,0,0,0,1,1,1,1,23,5,-1,2,3,-1,3,-1
201550KN3E002,1,9,0,18,0,8,1,0,0,0,1,1,1,1,56,9,899,1,17,-1,1,-1
201550KN3E002,2,9,0,10,0,8,0,0,0,0,2,1,6,1,58,9,-1,-1,-1,-1,3,-1
201550KN3G002,1,9,0,1,0,0,0,0,0,0,2,1,6,2,64,9,1997,2,10,-1,2,-1
201550KN3G002,2,9,0,4,0,0,0,0,0,0,1,1,6,2,24,5,1796,1,9,-1,2,-1
201550KN3G005,1,9,0,18,0,0,0,0,0,0,4,1,6,1,-1,-1,1149,1,5,-1,2,-1
201550KN3H001,1,9,0,9,0,2,0,0,0,0,1,1,6,1,89,11,-1,-1,-1,-1,2,-1
201550KN3H001,2,9,0,18,0,1,0,0,0,0,1,1,6,1,67,10,1598,2,3,-1,3,-1
201550KN3H003,1,9,0,17,0,0,1,0,0,11,0,1,2,2,29,6,1598,1,16,-1,-1,-1
201550KN3H005,1,9,0,7,0,1,0,0,0,0,0,1,6,3,-1,-1,-1,-1,-1,-1,-1,-1
201550KN3H005,2,5,0,18,0,1,5,0,0,0,3,1,6,2,67,10,1450,1,15,-1,-1,-1
201550KN3I001,1,9,0,16,0,1,0,0,0,0,4,1,6,1,18,4,1781,1,28,-1,2,-1
201550KN3I002,1,9,0,16,0,0,5,0,1,10,1,1,6,1,27,6,1997,1,13,-1,2,-1
201550KN3I003,1,9,0,4,0,8,0,0,0,0,2,1,6,2,62,9,1198,1,13,-1,2,-1
201550KN3I003,2,1,0,4,0,8,0,0,0,0,1,1,6,1,64,9,-1,-1,-1,-1,2,-1
201550KN3J001,1,9,0,17,0,0,5,0,7,3,0,1,2,1,18,4,-1,-1,-1,-1,2,-1
201550KN3J001,2,19,0,18,0,0,0,0,0,0,0,1,6,3,-1,-1,-1,-1,-1,-1,-1,-1
201550KN3J002,1,90,0,17,0,0,0,0,0,0,1,1,6,1,76,11,-1,-1,-1,-1,1,-1
201550KN3J002,2,9,0,16,0,0,0,0,0,0,1,1,6,1,76,11,998,1,3,-1,1,-1
201550KN3J003,1,9,0,17,0,0,0,0,0,0,1,1,6,1,18,4,1598,1,10,-1,2,-1
201550KN3J003,2,9,0,16,0,0,0,0,0,0,1,1,2,1,31,6,1984,1,12,-1,2,-1
201550KN3K001,1,9,0,16,0,8,5,0,7,9,1,1,6,1,26,6,2000,1,16,-1,2,-1
201550KN3L001,1,9,0,18,0,0,1,0,0,0,1,1,6,1,18,4,973,1,14,-1,2,-1
201550KN3L001,2,9,0,18,0,0,0,0,0,0,1,1,6,1,77,11,2495,2,12,-1,2,-1
201550KO2F001,1,9,0,17,0,0,0,0,0,0,1,1,2,1,21,5,1998,1,13,-1,1,-1
201550KO2F001,2,9,0,16,0,0,0,0,0,0,1,1,6,1,66,10,2495,2,12,-1,3,-1
201550KO2I001,1,9,0,7,0,0,0,0,1,7,1,1,6,2,41,7,-1,-1,-1,-1,3,-1
201550KO2I002,1,9,0,13,0,0,0,0,0,0,0,1,6,3,-1,-1,-1,-1,-1,-1,-1,-1
201550KO2I002,2,9,0,18,0,0,0,0,5,6,3,1,1,1,44,7,1798,8,2,-1,1,-1
201550KO2I003,1,9,0,9,0,8,0,0,0,0,1,1,6,2,44,7,-1,-1,-1,-1,2,-1
201550KO2I003,2,1,0,9,0,8,0,0,0,0,0,1,6,1,45,7,-1,-1,-1,-1,3,-1
201550KO2I004,1,9,0,13,0,0,0,0,5,6,1,1,6,2,27,6,1229,1,9,-1,1,-1
201550KO2I004,2,9,0,18,0,0,0,0,1,0,1,1,6,1,55,8,1910,2,7,-1,3,-1
201550KO2J001,1,9,0,16,0,0,5,0,2,10,4,1,6,2,17,4,-1,-1,-1,-1,2,-1
201550KO2J002,1,9,0,18,0,0,0,0,0,0,1,1,6,2,18,4,998,1,10,-1,3,-1
201550KO2J004,1,9,0,18,0,0,0,0,0,0,1,1,1,1,28,6,1895,1,16,-1,2,-1
201550KO2J004,2,9,0,4,0,0,0,0,0,0,2,1,6,1,54,8,-1,-1,-1,-1,1,-1
201550KO2J005,1,1,0,16,0,0,0,4,0,0,1,1,2,1,45,7,-1,-1,-1,-1,2,-1
201550KO2J005,2,90,0,2,0,0,0,0,0,0,1,1,6,1,63,9,-1,-1,-1,-1,2,-1