Accident_Index,Vehicle_Reference,Vehicle_Type,Towing_and_Articulation,Vehicle_Manoeuvre,Vehicle_Location-Restricted_Lane,Junction_Location,Skidding_and_Overturning,Hit_Object_in_Carriageway,Vehicle_Leaving_Carriageway,Hit_Object_off_Carriageway,1st_Point_of_Impact,Was_Vehicle_Left_Hand_Drive?,Journey_Purpose_of_Driver,Sex_of_Driver,Age_of_Driver,Age_Band_of_Driver,Engine_Capacity_(CC),Propulsion_Code,Age_of_Vehicle,Driver_IMD_Decile,Driver_Home_Area_Type,Vehicle_IMD_Decile
201550KO2J006,1,9,0,5,0,8,0,0,0,0,1,1,6,1,22,5,1242,1,13,-1,2,-1
201550KO2J006,2,9,0,18,0,1,0,0,0,0,1,1,6,2,74,10,1386,1,11,-1,3,-1
201550KO2J007,1,1,0,18,0,2,0,10,0,0,1,1,6,1,13,3,-1,-1,-1,-1,2,-1
201550KO2J007,2,9,0,18,0,2,0,0,0,0,1,1,6,1,45,7,1870,2,15,-1,2,-1
201550KO2J008,1,9,0,5,0,6,0,0,0,0,1,1,6,2,61,9,1951,2,12,-1,3,-1
201550KO2J013,1,9,0,18,0,0,0,0,0,0,1,1,6,2,26,6,2295,1,16,-1,1,-1
201550KO2J014,1,9,0,3,0,1,0,0,0,0,1,1,2,1,43,7,1781,1,13,-1,2,-1
201550KO2J015,1,9,0,16,0,0,1,0,0,11,1,1,6,1,21,5,1360,1,18,-1,3,-1
201550KO2L001,1,3,0,18,0,0,1,0,0,0,1,1,6,2,26,6,108,1,1,-1,3,-1
201550KO2L001,2,9,0,3,0,0,0,0,0,0,2,1,6,2,26,6,1998,1,7,-1,1,-1
201550KO2L002,1,19,0,18,0,0,0,0,0,0,4,1,6,3,-1,-1,1968,2,6,-1,-1,-1
201550KO2L002,2,1,0,18,1,0,0,0,0,0,3,1,6,1,24,5,-1,-1,-1,-1,3,-1
201550KO2L003,1,9,0,16,0,0,2,0,2,10,4,1,2,1,23,5,-1,-1,-1,-1,3,-1
201550KO2L004,1,9,0,18,0,0,1,0,5,6,1,1,6,2,37,7,1679,1,15,-1,1,-1
201550KO2L004,2,9,0,18,0,0,0,0,0,0,3,1,6,1,66,10,1461,2,10,-1,1,-1
201550KO2L004,3,9,0,18,0,0,0,0,0,0,3,1,6,1,43,7,1560,2,3,-1,1,-1
201550KO2L005,1,9,0,4,0,2,0,0,0,0,1,1,2,2,28,6,1397,1,14,-1,2,-1
201550KO2L005,2,9,0,4,0,2,0,0,0,0,2,1,2,1,48,8,-1,-1,-1,-1,2,-1
201550KO2L006,1,9,0,12,0,0,0,0,4,6,3,1,6,1,91,11,1796,1,12,-1,1,-1
201550KO2L006,2,9,0,12,0,0,0,0,4,6,3,1,1,1,31,6,1997,2,3,-1,1,-1
201550KO2L007,1,9,3,18,0,0,3,0,1,8,1,1,6,2,48,8,1998,2,10,-1,3,-1
201550KO2L009,1,9,0,18,0,0,0,0,0,0,0,1,6,1,-1,-1,-1,-1,-1,-1,-1,-1
201550KO2L009,2,16,0,18,0,0,0,0,0,0,0,1,6,2,27,6,-1,-1,-1,-1,3,-1
201550KO2L010,1,5,0,17,0,0,2,0,0,0,1,1,6,1,37,7,898,1,1,-1,3,-1
201550KO2L010,2,9,0,17,0,0,0,0,0,0,2,1,2,1,42,7,1598,2,-1,-1,3,-1
201550KO2L011,1,5,0,14,0,0,1,0,0,0,1,1,2,1,51,8,803,1,4,-1,3,-1
201550KO2L011,2,1,0,10,0,0,0,0,0,0,2,1,6,1,17,4,-1,-1,-1,-1,3,-1
201550KO2L012,1,9,0,18,0,1,0,0,0,0,0,1,6,1,43,7,1996,2,6,-1,3,-1
201550KO2L012,2,1,0,18,0,1,0,0,0,0,0,1,6,1,-1,-1,-1,-1,-1,-1,3,-1
201550KO2L013,1,9,0,18,0,8,1,0,0,0,1,1,6,1,20,4,1595,1,24,-1,1,-1
201550KO2L013,2,9,0,18,0,8,0,0,0,0,3,1,6,2,29,6,1798,1,10,-1,1,-1
201550KO2L014,1,9,0,9,0,6,0,0,0,0,4,1,6,3,-1,-1,-1,-1,-1,-1,-1,-1
201550KO2L014,2,5,0,18,0,8,0,0,0,0,4,1,2,1,49,8,1300,1,2,-1,2,-1
201550KO2L015,1,4,0,18,0,0,1,0,0,0,3,1,6,1,44,7,498,1,13,-1,3,-1
201550KO2L016,1,9,0,18,0,2,0,0,0,0,1,1,6,2,59,9,2771,1,17,-1,2,-1
201550KO2L016,2,9,0,9,0,8,0,0,0,0,4,1,6,1,20,4,1199,1,13,-1,3,-1
201550KO2M001,1,9,4,15,0,0,0,0,0,0,0,1,6,1,21,5,-1,-1,-1,-1,3,-1
201550KO2M001,2,16,0,18,0,0,0,0,0,0,0,1,6,2,57,9,-1,-1,-1,-1,3,-1
201550KO2M002,1,9,0,18,0,0,1,0,0,0,1,1,1,1,20,4,1149,1,8,-1,3,-1
201550KO2M002,2,9,0,18,0,0,1,0,0,0,1,1,3,2,42,7,-1,-1,-1,-1,1,-1
201550KO2M003,1,9,0,18,0,0,5,0,0,0,0,1,6,1,20,4,1149,1,12,-1,3,-1
201550KO2M003,2,9,0,18,0,0,0,0,0,0,0,1,6,1,33,6,1598,2,4,-1,1,-1
201550KO2M004,1,9,0,16,0,0,1,0,5,6,1,1,6,1,69,10,1560,2,6,-1,1,-1
201550KO2M005,1,9,0,18,0,0,0,0,0,0,0,1,2,1,21,5,1248,2,3,-1,1,-1
201550KO2M005,2,9,0,18,0,0,0,0,0,0,0,1,6,1,50,8,-1,-1,-1,-1,1,-1
201550KO2M006,1,9,0,12,0,0,0,0,4,10,1,1,6,1,24,5,1242,1,6,-1,1,-1
201550KO2M006,2,9,0,18,0,0,0,0,4,10,2,1,6,2,49,8,1299,1,11,-1,1,-1
201550KO2M006,3,9,0,18,0,0,0,0,0,0,1,1,6,1,57,9,1200,1,-1,-1,1,-1
201550KO2N002,1,9,0,17,0,0,0,0,0,0,1,1,6,1,68,10,1781,1,15,-1,3,-1
201550KO2N002,2,11,0,16,0,0,0,0,0,0,1,1,1,1,52,8,4249,2,-1,-1,1,-1
201550KO2N003,1,9,0,18,0,1,0,0,0,0,1,1,2,1,42,7,-1,-1,-1,-1,2,-1
201550KO2N003,2,9,0,3,0,1,0,0,0,0,2,1,6,2,30,6,1229,1,7,-1,2,-1
201550KO2N003,3,9,0,3,0,1,0,0,0,0,2,1,6,1,49,8,1398,2,13,-1,3,-1
201550KO2R002,1,9,0,13,0,0,0,0,0,0,0,1,6,1,24,5,1242,1,15,-1,3,-1
201550KO2R002,2,9,0,16,0,0,0,0,1,0,4,1,6,2,29,6,1868,2,15,-1,1,-1
201550KO2R003,1,5,0,18,0,1,0,0,0,0,1,1,2,1,27,6,599,1,13,-1,1,-1
201550KO2R003,2,19,0,9,0,1,0,0,0,0,2,1,6,1,23,5,2399,2,20,-1,3,-1
201550KO2R004,1,9,0,17,0,0,1,0,2,10,1,1,6,1,50,8,1242,1,7,-1,1,-1
201550KO2R005,1,9,0,16,0,0,0,0,0,0,0,1,2,2,25,5,1229,1,9,-1,3,-1
201550KO2R005,2,3,0,16,0,0,1,0,0,0,0,1,6,1,19,4,124,1,1,-1,1,-1
201550KO2V001,1,9,0,18,0,0,0,0,0,0,1,1,2,1,40,7,1360,1,9,-1,1,-1
201550KO2V001,2,9,0,18,0,0,0,0,0,0,0,1,6,2,22,5,1598,1,2,-1,3,-1
201550KO2W001,1,19,0,18,0,0,0,0,0,0,4,1,6,1,53,8,-1,-1,-1,-1,2,-1
201550KO2W002,1,9,0,18,0,0,0,0,0,0,1,1,6,3,-1,-1,1596,1,14,-1,-1,-1
201550KO2W004,1,20,0,17,0,0,0,0,0,0,3,1,6,1,48,8,-1,-1,-1,-1,1,-1
201550KO2W004,2,1,0,16,0,0,1,0,0,0,1,1,6,1,68,10,-1,-1,-1,-1,2,-1
201550KO2W005,1,9,0,18,0,0,0,0,0,0,1,1,1,2,26,6,1242,1,3,-1,2,-1
201550KO2W005,2,9,0,18,0,0,0,0,0,0,1,1,1,2,26,6,996,1,5,-1,2,-1
201550KO2W008,1,11,0,16,0,0,0,0,0,0,0,1,1,1,40,7,7300,2,14,-1,3,-1
201550KO2W008,2,3,0,17,0,0,0,0,1,0,0,1,6,1,18,4,125,1,1,-1,2,-1
201550KO2W009,1,9,0,17,0,0,0,0,0,0,3,1,6,2,87,11,1597,1,15,-1,3,-1
201550KO2W009,2,9,0,16,0,0,0,0,0,10,3,1,6,2,75,10,1299,1,10,-1,3,-1
201550KO2W010,1,9,0,16,0,0,1,0,0,0,1,1,6,1,30,6,1289,1,16,-1,1,-1
201550KO2W010,2,9,0,4,0,0,0,0,0,0,3,1,6,1,71,10,1598,1,6,-1,1,-1
201550KO2W013,1,9,0,16,0,0,0,0,4,7,1,1,6,1,19,4,1149,1,12,-1,1,-1
201550KO2X001,1,9,0,18,0,1,0,0,0,0,1,1,6,2,52,8,1590,1,13,-1,2,-1
201550KO2X001,2,9,0,10,0,5,0,0,0,0,2,1,1,1,54,8,-1,-1,-1,-1,1,-1
201550KO2X001,3,9,0,18,0,1,1,0,1,10,3,1,6,1,66,10,2996,1,1,-1,3,-1
201550KO2X001,4,9,0,18,0,1,2,0,0,0,4,1,6,1,41,7,2953,2,11,-1,3,-1
201550KO2X002,1,9,0,9,0,1,0,0,0,0,1,1,6,1,59,9,796,1,13,-1,1,-1
201550KO2X002,2,9,0,18,0,1,0,0,1,0,1,1,6,2,28,6,-1,-1,-1,-1,3,-1
201550KO2X003,1,9,0,16,0,0,0,0,0,0,1,1,2,1,41,7,1995,1,17,-1,3,-1
201550KO2X003,2,9,0,2,0,0,0,0,0,0,2,1,1,2,28,6,1461,2,5,-1,2,-1
201550KO2X004,1,17,3,18,0,0,0,0,0,0,1,1,6,1,68,10,-1,2,38,-1,1,-1
201550KO2X004,2,9,0,18,0,0,0,0,0,0,1,1,1,2,42,7,1587,1,9,-1,2,-1
201550KO2X005,1,9,0,18,0,0,1,0,0,0,1,1,6,2,52,8,1685,2,3,-1,1,-1
201550KO2X005,2,9,0,18,0,0,1,0,0,0,1,1,6,2,44,7,1998,1,11,-1,1,-1
201550KO2X006,1,9,0,9,0,0,0,0,0,0,2,1,2,2,51,8,1388,1,19,-1,1,-1
201550KO2X006,2,3,0,18,0,0,0,0,0,0,1,1,6,2,24,5,125,1,13,-1,1,-1
201550KO2Y002,1,9,0,18,0,0,0,0,2,7,1,1,6,1,26,6,2198,1,12,-1,1,-1
201550KO2Y002,2,9,0,13,0,0,0,0,0,0,0,1,2,1,47,8,1248,2,9,-1,1,-1
201550KO2Y003,1,9,0,9,0,1,0,0,0,0,0,1,1,1,40,7,1598,1,8,-1,1,-1
201550KO2Y005,1,9,0,18,0,0,1,0,0,0,1,1,6,1,32,6,1560,2,8,-1,1,-1
201550KO2Y005,2,21,1,18,0,0,3,0,0,0,2,1,1,1,48,8,11967,2,3,-1,2,-1
201550KO2Y007,1,9,0,18,0,1,0,0,0,0,1,1,6,2,25,5,1968,2,7,-1,3,-1
201550KO2Y007,2,9,0,6,0,8,0,0,0,0,1,1,6,1,58,9,1598,2,1,-1,1,-1
201550KS2A002,1,9,0,18,0,1,0,0,0,0,1,1,6,1,85,11,1560,2,1,-1,3,-1
201550KS2A002,2,9,0,10,0,1,0,0,0,0,2,1,6,1,54,8,2204,2,8,-1,1,-1
201550KS2B002,1,9,0,18,0,1,0,0,0,0,1,1,6,2,40,7,998,1,3,-1,2,-1
201550KS2B003,1,9,0,17,0,0,0,0,0,0,4,1,6,1,-1,-1,1997,1,11,-1,3,-1
201550KS2B004,1,1,0,18,0,0,0,0,0,0,2,1,6,1,68,10,-1,-1,-1,-1,3,-1
201550KS2B004,2,9,0,18,0,0,0,0,0,0,1,1,6,3,-1,-1,-1,-1,-1,-1,-1,-1
201550KS2B006,1,9,0,18,0,0,0,0,0,0,1,1,6,2,60,9,1596,1,6,-1,1,-1
201550KS2B006,2,19,0,18,0,0,0,0,0,0,1,1,1,1,32,6,2143,2,3,-1,1,-1
201550KS2F001,1,9,0,17,0,0,0,0,1,9,4,1,6,2,49,8,1248,2,4,-1,3,-1
201550KS2F002,1,9,0,17,0,0,2,0,8,10,3,1,6,1,49,8,3246,1,10,-1,1,-1
201550KS2F003,1,9,0,18,0,1,0,0,0,0,2,1,1,1,50,8,-1,-1,-1,-1,1,-1
201550KS2F003,2,21,0,18,0,1,1,0,0,0,1,1,1,1,37,7,4461,2,3,-1,3,-1
201550KS2F004,1,9,0,16,0,0,0,0,0,0,3,1,6,3,-1,-1,-1,-1,-1,-1,-1,-1
201550KS2F004,2,9,0,17,0,0,0,0,0,0,3,1,6,2,52,8,1598,1,10,-1,1,-1
201550KS2F005,1,9,0,17,0,0,2,0,0,0,1,1,6,1,21,5,1229,1,11,-1,1,-1
201550KS2F006,1,9,0,18,0,0,0,0,2,10,1,1,6,1,20,4,1388,1,18,-1,3,-1
201550KS2F007,1,9,0,18,0,0,0,0,1,9,4,1,2,2,51,8,1994,2,13,-1,3,-1
201550KS2F008,1,9,0,16,0,1,0,0,7,9,1,1,6,1,31,6,1995,2,7,-1,2,-1
201550KS2F008,2,9,0,17,0,2,0,0,1,9,1,1,2,2,25,5,1496,2,-1,-1,3,-1
201550KS2G003,1,9,0,18,0,1,0,0,0,0,0,1,6,3,-1,-1,-1,-1,-1,-1,-1,-1
201550KS2G004,1,9,0,18,0,1,0,0,0,0,1,1,6,2,80,11,848,1,20,-1,1,-1
201550KS2G005,1,9,0,18,0,0,0,0,0,0,4,1,2,3,-1,-1,-1,-1,-1,-1,-1,-1
201550KS2G006,1,9,0,9,0,8,0,0,0,0,3,1,6,1,72,10,996,1,5,-1,1,-1
201550KS2G006,2,9,0,18,0,1,0,0,0,0,1,1,2,1,46,8,1598,1,8,-1,2,-1
201550KS2G007,1,9,0,7,0,8,0,0,0,0,1,1,6,3,-1,-1,-1,-1,-1,-1,-1,-1
201550KS2G007,2,1,0,7,0,8,0,0,0,0,2,1,6,1,10,2,-1,-1,-1,-1,1,-1
201550KS2G008,1,9,0,5,0,4,0,0,0,0,1,1,6,1,76,11,1796,1,11,-1,1,-1
201550KS2G008,2,9,0,9,0,3,0,0,0,0,4,1,1,2,48,8,1199,2,1,-1,1,-1
201550KS2G011,1,9,0,18,0,0,0,0,0,0,4,1,6,2,40,7,1560,2,10,-1,1,-1
201550KS2G014,1,9,0,9,0,8,0,0,0,0,1,1,6,3,86,11,1397,1,13,-1,3,-1
201550KS2G014,2,1,0,18,0,8,0,0,0,0,1,1,4,1,17,4,-1,-1,-1,-1,1,-1
201550KS2G015,1,9,0,18,0,0,5,0,1,11,1,1,1,1,55,8,1994,1,11,-1,2,-1
201550KS2G015,2,9,0,18,0,0,0,0,1,0,1,1,6,2,84,11,1339,1,10,-1,1,-1
201550KS2G015,3,19,0,18,0,0,0,0,0,0,1,1,2,1,42,7,2143,2,4,-1,2,-1
201550KS2G016,1,9,0,18,0,0,0,0,0,0,3,1,6,1,74,10,3200,2,15,-1,1,-1
201550KS2G018,1,9,0,18,0,6,0,0,0,0,4,1,1,2,53,8,1229,1,4,-1,1,-1
201550KS2G018,2,9,0,18,0,1,0,0,0,0,1,1,6,2,51,8,1389,1,12,-1,1,-1
201550KS2G019,1,9,0,18,0,0,0,0,1,11,1,1,6,1,25,5,1590,1,11,-1,3,-1
201550KS2G021,1,9,0,4,0,1,0,0,0,0,1,1,2,2,19,4,1299,1,14,-1,2,-1
201550KS2G021,2,9,0,4,0,1,0,0,0,0,2,1,2,2,34,6,1398,1,-1,-1,3,-1
201550KS2G021,3,9,0,9,0,6,0,0,0,0,0,1,6,3,-1,-1,999,1,7,-1,-1,-1
201550KS2H001,1,1,0,18,0,8,0,0,0,0,1,1,6,1,60,9,-1,-1,-1,-1,3,-1
201550KS2H001,2,9,0,9,0,8,0,0,0,0,1,1,6,2,28,6,1796,1,7,-1,3,-1
201550KS2H002,1,9,0,5,0,8,0,0,0,0,1,1,6,2,20,4,-1,-1,-1,-1,1,-1
201550KS2H002,2,9,0,18,0,8,0,0,0,0,3,1,6,2,45,7,-1,-1,-1,-1,3,-1
201550KS2H004,1,98,0,18,0,0,0,0,0,0,4,1,6,3,-1,-1,-1,-1,-1,-1,-1,-1
201550KS2H006,1,9,0,18,0,0,5,0,0,0,1,1,6,1,84,11,1896,2,11,-1,1,-1
201550KS2H006,2,9,0,2,0,0,0,0,0,0,2,1,6,1,25,5,1598,1,7,-1,1,-1
201550KS2H007,1,9,0,18,0,0,0,0,1,4,1,1,6,2,82,11,999,1,-1,-1,1,-1
201550KS2H009,1,9,0,9,0,0,0,0,0,0,1,1,6,2,31,6,1984,1,15,-1,1,-1
201550KS2H009,2,4,0,18,0,0,0,0,0,0,1,1,4,1,48,8,223,1,8,-1,1,-1
201550KT2F004,1,9,0,13,0,0,0,0,0,0,1,1,6,1,28,6,1900,2,16,-1,1,-1
201550KT2F004,2,9,0,18,0,0,0,10,1,0,1,1,6,1,60,9,1098,1,-1,-1,3,-1
201550KT2F005,1,17,4,18,0,0,0,0,0,0,3,1,1,1,25,5,-1,2,1,-1,3,-1
201550KT2F005,2,9,0,3,0,0,0,0,0,0,3,1,6,1,36,7,-1,-1,-1,-1,3,-1
201550KT2H001,1,9,0,18,0,0,0,0,0,0,1,1,1,2,55,8,1398,2,12,-1,3,-1
201550KT2H001,2,9,0,18,0,0,1,0,0,0,1,1,1,2,26,6,1399,2,11,-1,3,-1
201550KT2I002,1,9,0,18,0,0,0,0,0,0,1,1,6,2,49,8,1998,2,13,-1,1,-1
201550KT2I002,2,90,0,18,0,0,1,0,0,10,1,1,1,1,23,5,329,1,11,-1,3,-1
201550KT2J001,1,4,0,16,0,1,0,0,0,0,1,1,6,1,19,4,-1,-1,-1,-1,2,-1
201550KT2J001,2,9,0,17,0,1,0,0,0,0,1,1,6,1,65,9,1364,1,1,-1,3,-1
201550KT2J002,1,9,0,18,0,0,0,0,0,0,1,1,2,1,46,8,1997,2,15,-1,3,-1
201550KT2J002,2,9,0,18,0,0,0,0,0,0,2,1,2,1,30,6,1398,2,13,-1,3,-1
201550KT2J002,3,9,0,18,0,0,0,0,0,0,2,1,6,2,53,8,2993,2,5,-1,3,-1
201550KT2J002,4,19,0,18,0,0,0,0,0,0,0,1,3,2,43,7,-1,-1,-1,-1,3,-1
201550KT2J002,5,9,0,18,0,0,0,0,0,0,0,1,6,3,-1,-1,-1,-1,-1,-1,-1,-1
201550KT2K003,1,19,0,17,0,0,1,0,1,0,0,1,1,1,24,5,2143,2,4,-1,1,-1
201550KT2K003,2,9,0,16,0,0,0,0,0,0,0,1,6,2,26,6,1560,2,10,-1,3,-1
201550KT2K004,1,9,0,8,0,2,0,0,0,0,1,1,6,2,-1,-1,1968,2,3,-1,3,-1
201550KT2K004,2,21,0,18,0,1,0,0,0,0,1,1,1,1,62,9,9200,2,4,-1,3,-1
201550KT2K004,3,9,0,18,0,1,0,0,0,0,1,1,6,2,-1,-1,1998,2,16,-1,3,-1
201550KT2K005,1,5,0,16,0,0,1,0,8,10,3,1,6,1,65,9,955,1,9,-1,1,-1
201550KT2K006,1,19,0,18,0,0,0,0,0,0,1,1,6,2,-1,-1,-1,-1,-1,-1,1,-1
201550KT2K006,2,1,0,17,0,0,0,0,0,0,1,1,6,1,65,9,-1,-1,-1,-1,2,-1
201550KT2K007,1,9,0,1,0,0,0,0,0,0,2,1,2,2,31,6,1753,2,8,-1,1,-1
201550KT2K007,2,1,0,18,0,0,0,0,0,0,1,1,4,1,10,2,-1,-1,-1,-1,1,-1
201550KT2K008,1,9,0,18,0,1,0,0,0,0,1,1,6,1,72,10,1956,2,6,-1,3,-1
201550KT2M001,1,9,0,4,6,5,0,4,0,0,1,1,6,2,63,9,-1,-1,-1,-1,3,-1
201550KT2M001,2,9,0,2,6,1,0,4,0,0,1,1,6,1,60,9,1896,2,13,-1,3,-1
201550KT2M001,3,9,0,2,6,1,0,0,0,0,1,1,6,2,40,7,1388,1,12,-1,1,-1
201550KT2M002,1,9,0,18,0,1,1,0,0,0,1,1,6,1,37,7,-1,-1,-1,-1,3,-1
201550KT2M002,2,9,0,5,0,8,0,0,0,0,3,1,6,1,79,11,1198,1,6,-1,-1,-1
201550KT2M003,1,9,0,17,0,0,0,0,1,4,1,1,6,2,80,11,1794,1,12,-1,3,-1
201550KT2M004,1,9,0,7,0,5,0,0,1,0,4,1,6,1,80,11,1560,2,10,-1,2,-1
201550KT2M004,2,5,0,18,0,1,2,0,0,0,1,1,6,1,66,10,748,1,23,-1,1,-1
201550KT2M005,1,5,0,18,0,0,0,12,0,0,1,1,6,1,41,7,650,1,18,-1,3,-1
201550KT2M006,1,9,0,18,0,1,0,0,0,0,1,1,6,1,64,9,2999,2,16,-1,3,-1
201550KT2M006,2,5,0,18,0,1,0,0,0,0,4,1,6,1,-1,-1,583,1,20,-1,-1,-1
201550KT2O001,1,5,0,18,0,0,1,12,0,0,1,1,6,1,27,6,599,1,12,-1,3,-1
201550KT2O002,1,9,0,18,0,0,0,0,0,0,1,1,6,1,34,6,2495,2,21,-1,3,-1
201550KT2O002,2,9,0,18,0,0,0,0,0,0,1,1,6,1,19,4,2495,2,12,-1,3,-1
201550KT2R001,1,9,0,9,0,5,0,0,0,0,3,1,6,2,42,7,2143,2,4,-1,3,-1
201550KT2R001,2,9,0,14,0,1,1,0,0,0,1,1,1,1,34,6,-1,-1,-1,-1,3,-1
201550KT3A001,1,9,0,5,0,2,0,0,0,0,1,1,6,1,79,11,1197,1,2,-1,2,-1
201550KT3A001,2,9,0,8,0,2,0,0,0,0,2,1,6,2,30,6,1968,2,8,-1,1,-1
201550KT3A004,1,9,0,8,0,1,0,0,0,0,2,1,1,2,36,7,2000,2,10,-1,3,-1
201550KT3A004,2,9,0,8,0,1,0,0,0,0,1,1,6,2,35,6,1596,1,8,-1,1,-1
201550KT3B002,1,9,0,18,0,1,0,0,0,0,1,1,1,1,70,10,-1,-1,-1,-1,3,-1
201550KT3B002,2,9,0,10,0,5,0,0,0,0,2,1,6,1,49,8,1400,1,9,-1,1,-1
201550KT3B003,1,19,0,18,0,0,5,10,0,0,4,1,1,1,26,6,1461,2,11,-1,2,-1
201550KT3B004,1,9,0,18,0,0,0,0,0,10,1,1,6,2,36,7,1598,1,7,-1,1,-1
201550KT3B008,1,9,0,9,0,8,0,0,0,0,4,1,6,1,71,10,1461,2,6,-1,1,-1
201550KT3B008,2,1,0,18,0,1,0,0,0,0,3,1,6,1,45,7,-1,-1,-1,-1,1,-1
201550KT3B009,1,19,0,18,0,0,0,0,0,0,4,1,6,1,58,9,1905,2,17,-1,1,-1
201550KT3B011,1,9,0,5,0,1,0,0,0,0,3,1,6,2,50,8,1968,2,5,-1,1,-1
201550KT3B011,2,9,0,18,0,8,0,0,0,0,1,1,1,1,29,6,1299,1,11,-1,1,-1
201550KT3B012,1,9,0,18,0,0,5,0,7,11,1,1,6,1,67,10,2494,2,4,-1,3,-1
201550KT3B014,1,9,0,17,0,0,0,0,0,0,1,1,6,1,52,8,1998,2,10,-1,3,-1
201550KT3B014,2,9,0,16,0,0,0,0,0,0,1,1,6,2,48,8,1968,2,6,-1,3,-1
201550KT3C001,1,9,0,18,0,3,0,0,0,0,4,1,6,1,39,7,1461,2,13,-1,1,-1
201550KT3C001,2,21,1,18,0,4,0,0,0,0,1,1,1,1,59,9,11705,2,6,-1,2,-1
201550KT3C002,1,9,0,18,0,0,0,0,0,0,1,1,6,1,40,7,-1,-1,-1,-1,1,-1
201550KT3C002,2,9,0,3,0,0,0,0,0,0,1,1,6,1,76,11,1298,1,11,-1,2,-1
201550KT3C002,3,9,0,4,0,0,0,0,0,0,2,1,6,1,61,9,1686,2,6,-1,1,-1
201550KT3C002,4,9,0,4,0,0,0,0,0,0,0,1,2,1,25,5,1598,1,4,-1,1,-1
201550KT3C003,1,9,0,9,0,1,0,0,0,0,4,1,6,2,43,7,1995,1,10,-1,3,-1
201550KT3C003,2,5,0,18,0,1,0,0,0,0,1,1,6,1,65,9,599,1,16,-1,1,-1
201550KT3C004,1,9,0,10,0,5,0,0,0,0,2,1,6,2,33,6,1598,1,15,-1,1,-1
201550KT3C004,2,9,0,18,0,1,0,0,0,0,1,1,6,1,74,10,2188,2,8,-1,1,-1
201550KT3C005,1,9,0,5,0,0,0,0,0,0,0,1,6,1,87,11,1396,1,13,-1,1,-1
201550KT3C006,1,9,0,4,0,1,0,0,0,0,1,1,6,3,-1,-1,-1,-1,-1,-1,-1,-1
201550KT3C006,2,9,0,3,0,1,0,0,0,0,2,1,6,1,53,8,1587,1,11,-1,1,-1
201550KT3C006,3,19,0,3,0,1,0,0,0,0,2,1,3,1,29,6,1968,2,-1,-1,1,-1
201550KT3C007,1,19,0,12,0,0,0,0,1,0,1,1,2,1,43,7,2463,2,11,-1,3,-1
201550KT3C007,2,17,4,18,0,0,0,0,0,0,2,1,1,1,18,4,6728,2,1,-1,3,-1
201550KT3C011,1,1,0,18,5,1,2,0,0,0,1,1,6,1,29,6,-1,-1,-1,-1,1,-1
201550KT3C011,2,9,0,7,0,5,0,0,0,0,4,1,6,2,41,7,2488,2,8,-1,1,-1
201550KT3C015,1,9,0,18,0,6,0,0,0,0,0,1,6,3,-1,-1,-1,-1,-1,-1,-1,-1
201550KT3E001,1,9,0,18,0,8,0,0,7,11,1,1,6,2,49,8,-1,-1,-1,-1,3,-1
201550KT3E001,2,9,0,10,0,1,0,0,0,0,1,1,6,2,67,10,-1,-1,-1,-1,1,-1
201550KT3E003,1,19,0,18,0,1,0,0,0,0,1,1,1,1,53,8,-1,-1,-1,-1,1,-1
201550KT3E003,2,9,0,10,0,1,0,0,7,0,2,1,6,1,66,10,-1,-1,-1,-1,3,-1
201550KT3E004,1,1,0,16,0,0,5,0,0,0,3,1,6,1,-1,-1,-1,-1,-1,-1,1,-1
201550KT3E004,2,9,0,13,0,0,0,0,0,0,1,1,6,2,59,9,1461,2,9,-1,3,-1
201550KT3F001,1,97,0,13,0,0,0,0,0,0,3,1,6,1,-1,-1,-1,-1,-1,-1,-1,-1
201550KT3F001,2,9,0,18,0,0,0,0,0,0,3,1,6,1,47,8,1997,2,9,-1,1,-1
201550KT3F002,1,19,0,1,0,1,0,0,0,0,2,1,6,1,34,6,2461,2,17,-1,1,-1
201550KT3F002,2,1,0,3,0,1,0,0,0,0,1,1,6,1,25,5,-1,-1,-1,-1,3,-1
201550KU2B002,1,9,0,18,0,0,1,0,7,9,1,1,6,1,17,4,1242,1,10,-1,2,-1
201550KU2E001,1,9,0,5,0,1,0,0,0,0,1,1,1,1,40,7,2993,2,2,-1,3,-1
201550KU2E001,2,9,0,3,0,1,0,0,0,0,2,1,1,2,25,5,1796,1,2,-1,1,-1
201550KU2E002,1,9,0,18,0,0,0,0,0,0,1,1,6,2,75,10,-1,-1,-1,-1,3,-1
201550KU2E002,2,9,0,18,0,0,0,0,0,0,2,1,1,1,58,9,1956,2,4,-1,3,-1
201550KU2E002,3,9,0,18,0,0,0,0,0,0,2,1,1,1,69,10,2993,2,2,-1,3,-1
201550KU2E003,1,19,0,18,0,0,0,0,0,0,2,1,6,2,23,5,-1,-1,-1,-1,1,-1
201550KU2E003,2,9,0,18,0,0,0,0,4,6,1,1,2,2,23,5,1995,2,4,-1,1,-1
201550KU2E004,1,9,0,18,0,0,5,0,0,11,1,1,6,1,19,4,998,1,21,-1,2,-1
201550KU2E005,1,19,0,18,0,0,0,0,0,0,1,1,6,2,45,7,-1,-1,-1,-1,2,-1
201550KU2E005,2,9,0,18,0,0,0,0,0,0,2,1,6,2,65,9,2231,2,7,-1,3,-1
201550KU2E006,1,3,0,18,0,1,1,0,0,0,1,1,1,1,23,5,125,1,-1,-1,3,-1
201550KU2E006,2,9,0,18,0,1,0,0,0,0,2,1,6,1,29,6,-1,-1,-1,-1,3,-1
201550KU2E006,3,21,0,18,0,1,0,0,0,0,1,1,1,1,47,8,10518,2,8,-1,2,-1
201550KU2E007,1,5,0,18,0,1,0,0,0,0,4,1,6,1,45,7,749,1,24,-1,3,-1
201550KU2E008,1,9,0,18,0,0,1,0,1,1,1,1,6,1,28,6,1968,2,4,-1,3,-1
201550KU2E009,1,19,0,13,0,0,5,0,4,6,3,1,6,1,21,5,2461,2,13,-1,1,-1