Accident_Index,Vehicle_Reference,Vehicle_Type,Towing_and_Articulation,Vehicle_Manoeuvre,Vehicle_Location-Restricted_Lane,Junction_Location,Skidding_and_Overturning,Hit_Object_in_Carriageway,Vehicle_Leaving_Carriageway,Hit_Object_off_Carriageway,1st_Point_of_Impact,Was_Vehicle_Left_Hand_Drive?,Journey_Purpose_of_Driver,Sex_of_Driver,Age_of_Driver,Age_Band_of_Driver,Engine_Capacity_(CC),Propulsion_Code,Age_of_Vehicle,Driver_IMD_Decile,Driver_Home_Area_Type,Vehicle_IMD_Decile
2015520501355,1,9,0,18,0,0,0,0,0,0,3,-1,6,1,23,5,-1,-1,-1,-1,2,-1
2015520501355,2,9,0,2,0,0,0,0,1,2,2,-1,6,3,-1,-1,1910,2,10,-1,-1,-1
2015520501355,3,9,0,2,0,0,0,0,0,0,4,-1,6,3,-1,-1,2231,2,10,-1,-1,-1
2015520501356,1,9,0,18,0,0,0,0,7,9,0,-1,6,2,32,6,-1,-1,-1,-1,3,-1
2015520501393,1,9,0,18,0,0,0,0,0,0,4,-1,6,1,47,8,-1,-1,-1,-1,1,-1
2015520501398,1,9,0,18,0,0,1,0,0,0,4,-1,6,2,20,4,-1,-1,-1,-1,3,-1
2015520501399,1,9,0,3,0,0,0,0,0,0,2,-1,6,1,46,8,-1,-1,-1,-1,1,-1
2015520501399,2,9,0,18,0,0,0,0,0,0,1,-1,6,2,-1,-1,1590,1,12,-1,3,-1
2015520501402,1,9,0,7,0,8,0,0,0,0,1,-1,6,2,28,6,3311,8,9,-1,1,-1
2015520501402,2,9,0,18,0,1,0,0,0,0,4,-1,6,2,41,7,1997,2,8,-1,1,-1
2015520501404,1,9,0,16,0,0,0,0,0,0,1,-1,6,2,82,11,1560,2,8,-1,3,-1
2015520501404,2,9,0,17,1,0,0,0,0,0,1,-1,6,1,52,8,1999,1,1,-1,3,-1
2015520501423,1,9,0,18,0,0,0,0,0,0,1,-1,6,2,21,5,-1,-1,-1,-1,3,-1
2015520501423,2,9,0,18,0,0,0,0,0,0,1,-1,6,1,42,7,1560,2,4,-1,3,-1
2015520501447,1,9,0,18,0,0,0,0,0,0,1,-1,6,1,59,9,1461,2,6,-1,1,-1
2015520501447,2,9,0,18,0,0,0,0,0,0,1,-1,6,1,38,7,-1,-1,-1,-1,1,-1
2015520501448,1,9,0,18,0,2,0,0,0,0,3,-1,6,1,42,7,998,1,5,-1,1,-1
2015520501448,2,22,0,18,0,2,0,0,0,0,1,1,6,1,96,11,-1,3,1,-1,1,-1
2015520501493,1,9,0,18,0,0,0,0,7,10,1,-1,6,1,77,11,-1,-1,-1,-1,2,-1
2015520501497,1,9,0,18,0,1,0,0,0,0,1,-1,6,3,-1,-1,1995,2,3,-1,-1,-1
2015520501497,2,9,0,3,0,1,0,0,0,0,2,-1,6,2,27,6,1598,1,4,-1,2,-1
2015520501499,1,9,0,18,0,1,0,0,0,0,1,-1,6,1,-1,-1,1796,1,9,-1,3,-1
2015520501509,1,9,0,18,0,0,0,0,0,0,1,-1,6,2,44,7,-1,-1,-1,-1,1,-1
2015520501509,2,9,0,18,0,0,0,0,0,0,1,-1,6,1,41,7,-1,-1,-1,-1,3,-1
2015520501558,1,9,0,18,0,0,5,0,7,0,1,-1,6,2,31,6,-1,-1,-1,-1,1,-1
2015520501558,2,9,0,18,0,0,0,0,0,0,1,-1,6,1,43,7,-1,-1,-1,-1,1,-1
2015520501563,1,9,0,18,0,0,1,0,0,0,1,-1,1,1,39,7,-1,-1,-1,-1,1,-1
2015520501563,2,9,0,10,0,0,0,0,1,0,2,-1,6,1,25,5,1984,1,13,-1,3,-1
2015520501569,1,9,0,18,0,0,0,0,7,0,3,-1,6,1,52,8,-1,-1,-1,-1,3,-1
2015520501573,1,9,0,18,0,0,1,0,0,0,3,-1,6,1,45,7,-1,-1,-1,-1,3,-1
2015520501577,1,9,0,18,0,0,0,0,0,0,1,-1,6,3,-1,-1,-1,-1,-1,-1,-1,-1
2015520501577,2,1,0,18,0,0,0,0,0,0,1,1,6,1,35,6,-1,-1,-1,-1,-1,-1
2015520501590,1,9,0,10,0,0,0,0,0,0,2,-1,2,1,27,6,1984,1,13,-1,3,-1
2015520501590,2,9,0,18,0,0,1,0,0,0,1,-1,6,1,45,7,1997,2,11,-1,1,-1
2015520501594,1,9,0,2,0,0,0,0,0,0,3,-1,6,2,44,7,1896,2,10,-1,3,-1
2015520501594,2,1,0,18,0,0,0,0,0,0,1,1,6,1,46,8,-1,-1,-1,-1,-1,-1
2015520501603,1,9,0,2,0,0,0,0,0,0,1,-1,6,2,19,4,1198,1,4,-1,1,-1
2015520501603,2,9,0,1,0,0,0,0,0,0,2,-1,6,1,23,5,2793,1,18,-1,-1,-1
2015520501634,1,9,0,18,0,0,0,0,1,0,1,-1,6,1,46,8,2993,2,4,-1,3,-1
2015520501634,2,9,0,18,0,0,0,0,0,0,1,-1,6,1,20,4,-1,-1,-1,-1,1,-1
2015520501643,1,9,0,18,0,0,0,0,1,0,1,-1,6,1,48,8,-1,-1,-1,-1,1,-1
2015520501651,1,9,0,3,0,0,0,0,0,0,2,-1,2,2,44,7,2362,1,11,-1,-1,-1
2015520501651,2,19,0,18,0,0,1,0,0,0,1,-1,1,1,28,6,1870,2,12,-1,-1,-1
2015520501673,1,19,0,18,0,0,0,0,0,0,4,-1,6,2,35,6,-1,-1,-1,-1,-1,-1
2015520501678,1,9,0,9,0,8,0,0,0,0,4,-1,6,2,45,7,1390,1,15,-1,1,-1
2015520501678,2,3,0,18,0,8,0,0,0,0,1,1,6,1,35,6,124,1,10,-1,-1,-1
2015520501688,1,9,0,7,0,2,0,0,0,0,1,-1,6,1,18,4,998,1,12,-1,3,-1
2015520501688,2,1,0,18,0,1,0,0,0,0,1,1,6,2,49,8,-1,-1,-1,-1,3,-1
2015520501688,3,1,0,18,0,1,0,0,0,0,1,1,6,2,9,2,-1,-1,-1,-1,3,-1
2015520501689,1,9,0,18,0,0,0,0,0,0,1,-1,6,1,30,6,-1,-1,-1,-1,2,-1
2015520501689,2,9,0,18,0,0,0,0,0,0,1,-1,6,2,49,8,1242,1,2,-1,3,-1
2015520501696,1,9,0,18,0,0,0,0,0,0,3,-1,6,1,75,10,1997,2,5,-1,2,-1
2015520501696,2,9,0,18,0,0,0,0,0,0,3,-1,6,2,20,4,899,1,2,-1,1,-1
2015520501697,1,9,0,3,0,0,0,0,0,0,2,-1,6,1,47,8,2400,2,7,-1,3,-1
2015520501697,2,9,0,3,0,0,0,0,0,0,2,-1,6,2,57,9,1598,2,2,-1,3,-1
2015520501697,3,9,0,4,0,0,1,0,0,0,1,-1,6,1,37,7,-1,-1,-1,-1,3,-1
2015520501697,4,9,0,18,0,0,0,0,0,0,3,-1,6,1,53,8,-1,-1,-1,-1,2,-1
2015520501736,1,9,0,18,0,0,0,0,0,0,1,-1,6,1,48,8,1968,2,3,-1,3,-1
2015520501736,2,9,0,18,0,0,0,0,0,0,1,-1,6,1,40,7,1598,1,4,-1,1,-1
2015520501737,1,9,0,18,0,4,0,0,0,0,1,-1,6,1,40,7,-1,-1,-1,-1,1,-1
2015520501737,2,9,0,18,0,8,0,0,0,0,4,-1,6,2,44,7,-1,-1,-1,-1,1,-1
2015520501738,1,9,0,18,0,0,0,0,0,0,1,-1,6,1,26,6,-1,-1,-1,-1,1,-1
2015520501743,1,9,0,13,0,0,0,0,0,0,3,-1,6,3,-1,-1,-1,-1,-1,-1,-1,-1
2015520501743,2,1,0,18,0,0,0,0,0,0,4,1,6,2,11,3,-1,-1,-1,-1,-1,-1
2015520501743,3,1,0,18,0,0,0,0,0,0,0,1,6,2,10,2,-1,-1,-1,-1,3,-1
2015520501750,1,1,0,18,0,0,0,0,1,0,3,1,2,1,19,4,-1,-1,-1,-1,2,-1
2015520501750,2,19,0,13,0,0,0,0,0,0,4,-1,1,3,-1,-1,-1,-1,-1,-1,-1,-1
2015520501759,1,9,0,5,0,1,0,0,0,0,1,-1,6,1,39,7,1988,1,13,-1,1,-1
2015520501759,2,9,0,5,0,8,0,0,0,0,2,-1,6,2,30,6,1248,2,1,-1,2,-1
2015520501763,1,3,0,18,0,1,0,0,0,0,0,1,4,2,17,4,124,1,2,-1,2,-1
2015520501766,1,9,0,18,0,0,0,0,0,0,1,-1,6,1,18,4,999,1,15,-1,1,-1
2015520501766,2,9,0,18,0,0,0,0,0,0,2,-1,6,2,23,5,1560,2,3,-1,1,-1
2015520501774,1,9,0,3,0,0,0,0,0,0,2,-1,6,1,64,9,-1,-1,-1,-1,3,-1
2015520501774,2,3,0,18,0,0,0,0,0,0,1,1,6,2,18,4,125,1,1,-1,1,-1
2015520501776,1,9,0,18,0,0,0,0,2,10,4,-1,6,1,50,8,1587,1,21,-1,2,-1
2015520501781,1,9,0,16,0,0,0,0,0,0,3,-1,6,1,18,4,-1,-1,-1,-1,3,-1
2015520501781,2,9,0,17,0,0,0,0,0,0,3,-1,6,2,38,7,-1,-1,-1,-1,2,-1
2015520501813,1,9,0,17,0,0,5,0,7,9,3,-1,6,1,31,6,1910,2,8,-1,1,-1
2015520501815,1,9,0,18,0,1,0,0,0,0,1,-1,6,1,50,8,-1,-1,-1,-1,-1,-1
2015520501820,1,19,0,18,0,0,0,0,0,0,4,-1,6,1,28,6,-1,-1,-1,-1,1,-1
2015520501821,1,9,0,9,0,5,0,0,0,0,1,-1,6,2,78,11,1086,1,11,-1,3,-1
2015520501821,2,9,0,18,0,8,0,0,0,0,1,-1,6,1,64,9,-1,-1,-1,-1,2,-1
2015520501825,1,9,0,9,0,6,0,0,0,0,1,-1,6,1,92,11,1390,1,10,-1,1,-1
2015520501825,2,1,0,18,0,1,0,0,0,0,4,1,6,1,42,7,-1,-1,-1,-1,1,-1
2015520501827,1,9,0,18,0,0,0,0,0,0,1,-1,6,2,35,6,2401,2,10,-1,2,-1
2015520501846,1,9,0,7,0,6,0,0,0,0,1,-1,6,2,40,7,-1,-1,-1,-1,1,-1
2015520501846,2,9,0,18,0,8,0,0,0,0,4,-1,6,1,45,7,-1,-1,-1,-1,3,-1
2015520501847,1,9,0,18,0,0,0,0,0,2,3,-1,6,1,23,5,-1,-1,-1,-1,1,-1
2015520501856,1,1,0,18,0,8,0,0,0,0,2,1,6,1,16,4,-1,-1,-1,-1,1,-1
2015520501856,2,9,0,7,0,8,0,0,0,0,1,-1,6,1,73,10,1598,1,8,-1,1,-1
2015520501858,1,9,0,16,0,0,0,0,0,0,1,-1,6,1,82,11,1299,1,9,-1,2,-1
2015520501861,1,9,0,17,0,0,0,0,0,0,1,-1,6,2,21,5,-1,-1,-1,-1,1,-1
2015520501861,2,19,0,16,0,0,0,0,0,0,1,-1,6,1,24,5,1998,2,11,-1,1,-1
2015520501862,1,9,0,18,0,0,0,0,1,0,0,-1,6,1,24,5,1781,1,14,-1,3,-1
2015520501884,1,9,0,3,0,1,0,0,0,0,2,-1,6,1,53,8,-1,-1,-1,-1,1,-1
2015520501884,2,9,0,3,0,1,0,0,0,0,2,-1,6,2,31,6,-1,-1,-1,-1,1,-1
2015520501884,3,9,0,18,0,1,0,0,0,0,1,-1,6,1,56,9,-1,-1,-1,-1,2,-1
2015520501894,1,9,0,18,0,0,0,0,0,0,1,-1,6,1,27,6,1598,1,9,-1,1,-1
2015520501924,1,9,0,9,0,5,0,0,0,0,1,-1,6,2,36,7,3200,2,8,-1,2,-1
2015520501924,2,9,0,18,0,8,0,0,0,0,1,-1,6,1,47,8,1796,1,16,-1,2,-1
2015520501932,1,21,1,12,0,2,0,0,7,9,3,-1,1,2,62,9,-1,-1,-1,-1,3,-1
2015520501944,1,8,0,3,0,1,0,0,0,0,2,-1,1,1,42,7,1753,2,7,-1,1,-1
2015520501944,2,9,0,18,0,1,0,0,0,0,1,-1,6,1,22,5,1242,1,13,-1,1,-1
2015520501958,1,9,0,15,0,1,0,0,0,0,2,-1,6,1,27,6,-1,-1,-1,-1,1,-1
2015520501958,2,9,0,10,0,1,0,0,0,0,2,-1,1,2,59,9,1781,1,13,-1,3,-1
2015520501978,1,9,0,18,0,0,0,0,0,0,4,-1,6,2,80,11,1590,1,10,-1,2,-1
2015520501978,2,22,0,18,0,0,0,0,0,0,3,1,6,2,69,10,-1,-1,-1,-1,2,-1
2015520501983,1,9,0,18,0,2,0,0,0,0,1,-1,6,1,28,6,1896,2,17,-1,1,-1
2015520501983,2,9,0,4,0,2,0,0,0,0,2,-1,3,2,33,6,1798,1,11,-1,3,-1
2015520501984,1,9,0,5,0,8,0,0,0,0,1,-1,6,2,34,6,1984,1,8,-1,3,-1
2015520501984,2,8,0,3,0,8,0,0,0,0,2,-1,1,2,55,8,1910,2,8,-1,2,-1
2015520501993,1,9,0,5,0,2,0,0,0,0,1,-1,1,1,22,5,-1,-1,-1,-1,2,-1
2015520501993,2,9,0,5,0,2,0,0,0,0,2,-1,6,1,60,9,1329,1,3,-1,-1,-1
2015520501998,1,1,0,12,0,4,0,0,0,0,3,1,6,1,36,7,-1,-1,-1,-1,1,-1
2015520501998,2,9,0,18,0,6,0,0,0,0,0,-1,1,1,40,7,1199,2,2,-1,2,-1
2015520502003,1,19,0,18,0,2,0,0,0,0,1,-1,1,2,61,9,1560,2,1,-1,1,-1
2015520502009,1,19,0,9,0,8,0,0,0,0,3,-1,6,1,41,7,1248,2,8,-1,1,-1
2015520502009,2,9,0,18,0,8,0,0,0,0,3,-1,6,2,39,7,2148,2,9,-1,3,-1
2015520502015,1,9,0,16,0,0,0,0,1,10,4,-1,6,2,46,8,-1,-1,-1,-1,3,-1
2015520502018,1,9,0,1,0,5,0,0,0,0,2,-1,6,3,-1,-1,1984,1,20,-1,-1,-1
2015520502020,1,9,0,4,0,0,0,0,0,0,2,-1,6,3,-1,-1,-1,-1,-1,-1,-1,-1
2015520502020,2,1,0,5,0,0,0,0,0,10,1,1,1,1,27,6,-1,-1,-1,-1,1,-1
2015520502031,1,9,0,16,0,0,0,0,1,4,4,1,6,1,42,7,-1,-1,-1,-1,1,-1
2015520502035,1,21,0,18,0,8,0,0,0,0,1,-1,6,1,60,9,12913,2,2,-1,1,-1
2015520502035,2,9,0,9,0,8,0,0,0,0,3,-1,6,1,17,4,-1,-1,-1,-1,1,-1
2015520502039,1,9,0,17,0,0,0,0,1,1,1,-1,6,2,77,11,-1,-1,-1,-1,2,-1
2015520502041,1,5,0,18,0,0,0,0,0,0,1,1,6,1,30,6,1000,1,5,-1,1,-1
2015520502043,1,9,0,18,0,0,0,0,1,4,1,-1,6,2,20,4,1587,1,12,-1,3,-1
2015520502047,1,9,0,5,0,8,0,0,0,0,3,-1,6,2,52,8,1560,2,8,-1,3,-1
2015520502047,2,9,0,18,0,8,0,0,0,0,1,-1,6,2,89,11,1275,1,16,-1,1,-1
2015520502062,1,9,0,3,0,1,0,0,0,0,2,-1,6,2,22,5,1587,1,9,-1,1,-1
2015520502062,2,9,0,18,0,1,0,0,0,0,1,-1,1,3,-1,-1,-1,-1,-1,-1,-1,-1
2015520502096,1,9,0,18,0,0,0,0,0,0,1,-1,6,1,54,8,1596,1,13,-1,1,-1
2015520502096,2,9,0,18,0,0,0,0,0,0,1,-1,6,2,36,7,2993,2,10,-1,1,-1
2015520502096,3,9,0,2,0,0,0,0,0,0,2,-1,6,1,45,7,1910,2,10,-1,1,-1
2015520502097,1,9,0,18,0,0,0,0,0,0,1,-1,6,1,47,8,-1,-1,-1,-1,3,-1
2015520502097,2,21,1,3,0,0,0,0,0,0,2,-1,6,1,47,8,12419,2,4,-1,3,-1
2015520502112,1,3,0,16,0,0,0,0,0,0,1,1,6,1,25,5,124,1,1,-1,2,-1
2015520502112,2,9,0,17,0,0,0,0,0,0,3,1,6,1,63,9,-1,-1,-1,-1,3,-1
2015520502115,1,9,0,10,0,1,0,0,0,0,2,-1,6,1,39,7,-1,-1,-1,-1,1,-1
2015520502115,2,19,0,3,0,1,0,0,0,0,2,-1,6,1,49,8,2143,2,2,-1,3,-1
2015520502115,3,19,0,18,0,1,0,0,0,0,1,-1,6,1,71,10,-1,-1,-1,-1,2,-1
2015520502133,1,9,0,18,0,0,0,0,0,6,1,-1,6,1,24,5,-1,-1,-1,-1,1,-1
2015520502133,2,9,0,18,0,0,0,0,0,0,1,-1,6,1,59,9,-1,-1,-1,-1,3,-1
2015520502138,1,9,0,18,0,8,0,0,0,0,1,-1,3,1,18,4,1242,1,15,-1,3,-1
2015520502138,2,9,0,18,0,8,0,0,0,0,1,-1,6,2,52,8,2199,2,5,-1,3,-1
2015520502142,1,9,0,12,0,0,5,0,4,0,0,-1,6,2,23,5,1598,1,13,-1,2,-1
2015520502143,1,3,0,7,0,5,0,0,0,0,4,1,6,1,32,6,124,1,7,-1,1,-1
2015520502144,1,9,0,18,0,8,0,0,0,0,3,-1,6,2,75,10,-1,-1,-1,-1,2,-1
2015520502144,2,9,0,18,0,8,0,0,0,0,1,-1,6,1,43,7,1686,2,8,-1,1,-1
2015520502149,1,1,0,18,0,0,0,0,1,0,0,1,6,2,23,5,-1,-1,-1,-1,3,-1
2015520502149,2,20,0,18,0,0,0,0,0,0,0,-1,1,3,-1,-1,-1,-1,-1,-1,-1,-1
2015520502150,1,9,0,9,0,6,0,0,0,0,3,-1,6,2,66,10,1686,2,19,-1,1,-1
2015520502150,2,9,0,18,0,8,0,0,0,0,3,-1,6,1,53,8,1995,2,1,-1,1,-1
2015520502152,1,9,0,18,0,3,0,10,1,2,1,1,6,1,18,4,1598,1,7,-1,1,-1
2015520502155,1,9,0,9,0,5,0,0,0,0,3,-1,6,2,52,8,1895,1,15,-1,3,-1
2015520502155,2,3,0,14,0,1,0,0,0,0,4,1,6,1,20,4,124,1,1,-1,3,-1
2015520502160,1,5,0,18,0,0,0,0,0,0,3,1,6,1,31,6,899,1,17,-1,1,-1
2015520502160,2,9,0,13,0,0,0,0,0,0,4,-1,6,2,53,8,1598,1,8,-1,2,-1
2015520502160,3,9,0,18,0,0,0,0,0,0,3,-1,6,2,-1,-1,-1,-1,-1,-1,3,-1
2015520502166,1,9,0,18,0,0,0,0,0,0,1,-1,6,1,63,9,1197,1,1,-1,3,-1
2015520502166,2,9,0,18,0,0,0,0,0,0,1,-1,6,1,18,4,-1,-1,-1,-1,3,-1
2015520502194,1,5,0,14,0,0,0,0,0,0,1,1,6,1,29,6,599,1,12,-1,1,-1
2015520502199,1,1,0,17,0,8,0,0,0,0,2,1,6,1,53,8,-1,-1,-1,-1,2,-1
2015520502199,2,9,0,17,0,8,0,0,0,0,1,-1,6,1,77,11,2979,1,9,-1,2,-1
2015520502209,1,9,0,10,0,1,0,0,0,0,2,-1,6,1,19,4,-1,-1,-1,-1,3,-1
2015520502209,2,9,0,3,0,1,0,0,0,0,2,-1,6,2,30,6,2926,2,13,-1,1,-1
2015520502209,3,9,0,4,0,1,0,0,0,0,1,-1,6,2,40,7,1968,2,2,-1,3,-1
2015520502212,1,9,0,18,0,8,0,0,0,0,1,-1,6,1,36,7,1997,1,1,-1,1,-1
2015520502212,2,9,0,3,0,8,0,0,0,0,2,-1,6,2,27,6,1397,1,6,-1,1,-1
2015520502212,3,9,0,3,0,8,0,0,0,0,2,-1,6,2,25,5,1198,1,10,-1,3,-1
2015520502216,1,5,0,17,0,0,1,0,7,0,3,1,6,1,27,6,599,1,16,-1,1,-1
2015520502216,2,9,0,16,0,0,0,0,0,0,1,-1,6,1,47,8,1973,1,15,-1,1,-1
2015520502258,1,9,0,18,0,0,0,0,0,0,1,-1,6,1,22,5,-1,-1,-1,-1,2,-1
2015520502259,1,19,0,18,0,1,5,0,0,0,4,-1,6,1,62,9,2198,2,2,-1,3,-1
2015520502259,2,9,0,18,0,1,0,0,0,0,1,-1,6,2,50,8,1997,2,2,-1,3,-1
2015520502271,1,21,5,18,0,1,5,0,0,0,3,-1,6,1,52,8,12600,2,10,-1,1,-1
2015520502271,2,21,0,18,0,1,0,0,0,0,1,-1,6,1,53,8,8867,2,7,-1,3,-1
2015520502274,1,9,0,9,0,6,0,0,1,10,1,-1,6,2,64,9,-1,-1,-1,-1,2,-1
2015520502277,1,9,0,7,0,0,0,0,3,4,1,-1,6,2,20,4,-1,-1,-1,-1,1,-1
2015520502280,1,9,0,3,0,0,0,0,0,0,2,-1,6,2,56,9,1560,2,5,-1,1,-1
2015520502280,2,9,0,18,0,0,0,0,0,0,1,-1,6,1,55,8,1999,1,14,-1,3,-1
2015520502284,1,9,0,8,0,1,0,0,0,0,1,-1,6,2,21,5,1198,1,2,-1,1,-1
2015520502284,2,9,0,8,0,1,0,0,0,0,2,-1,6,1,66,10,1686,2,3,-1,3,-1
2015520502290,1,9,0,4,0,0,0,0,0,0,2,-1,6,1,37,7,1061,1,12,-1,1,-1
2015520502290,2,9,0,4,0,0,0,0,0,0,1,-1,6,2,50,8,1997,2,6,-1,3,-1
2015520502305,1,9,0,18,0,0,0,0,0,0,4,-1,6,1,72,10,1997,2,14,-1,1,-1
2015520502305,2,1,0,18,0,0,0,0,0,0,2,1,6,2,53,8,-1,-1,-1,-1,-1,-1
2015520502312,1,1,0,18,9,0,0,0,0,0,4,1,6,1,17,4,-1,-1,-1,-1,1,-1
2015520502312,2,9,0,5,9,0,0,0,0,0,1,-1,6,1,40,7,-1,-1,-1,-1,1,-1
2015520502326,1,19,0,18,0,0,0,0,0,0,1,-1,6,1,51,8,2287,2,6,-1,2,-1
2015520502326,2,9,0,18,0,0,0,0,0,0,1,-1,6,1,18,4,-1,-1,-1,-1,3,-1
2015520502339,1,9,0,18,0,0,0,0,0,0,1,-1,6,1,57,9,-1,-1,-1,-1,2,-1
2015520502341,1,9,0,18,0,0,0,0,0,0,2,-1,6,1,40,7,-1,-1,-1,-1,-1,-1
2015520502341,2,1,0,18,0,0,0,0,1,9,0,1,6,1,42,7,-1,-1,-1,-1,-1,-1
2015520502341,3,1,0,18,0,0,1,0,0,0,1,1,6,1,42,7,-1,-1,-1,-1,1,-1
2015520502358,1,3,0,14,0,0,0,0,0,0,1,1,6,1,20,4,124,1,3,-1,2,-1
2015520502358,2,9,0,18,0,0,0,0,0,0,3,-1,6,1,35,6,1969,2,-1,-1,2,-1
2015520502359,1,9,0,18,0,0,0,0,0,0,1,-1,6,2,76,11,1389,1,17,-1,1,-1
2015520502361,1,9,0,3,0,0,0,0,0,0,2,-1,6,1,27,6,-1,-1,-1,-1,1,-1
2015520502361,2,9,0,18,0,0,0,0,0,0,1,-1,6,3,-1,-1,2148,2,8,-1,-1,-1
2015520502362,1,9,0,18,0,0,0,12,7,10,1,-1,6,1,65,9,-1,-1,-1,-1,2,-1
2015520502373,1,9,0,3,0,1,0,0,0,0,2,-1,6,1,26,6,1197,1,1,-1,1,-1
2015520502373,2,9,0,4,0,1,0,0,0,0,2,-1,6,1,54,8,1388,1,9,-1,1,-1
2015520502373,3,9,0,4,0,1,0,0,0,0,1,-1,6,2,38,7,1560,2,8,-1,2,-1
2015520502374,1,9,0,18,0,0,0,0,0,0,1,-1,6,2,23,5,-1,-1,-1,-1,1,-1
2015520502374,2,9,0,4,0,0,0,0,0,0,2,-1,6,1,40,7,2494,2,3,-1,1,-1
2015520502378,1,9,0,10,0,8,0,0,0,0,1,-1,6,1,21,5,1999,1,7,-1,2,-1
2015520502378,2,9,0,18,0,8,0,0,0,0,3,-1,6,2,49,8,2599,1,23,-1,1,-1
2015520502380,1,5,0,18,0,1,0,0,0,0,1,1,6,1,40,7,998,1,9,-1,1,-1
2015520502380,2,9,0,10,0,6,0,0,0,0,1,-1,6,2,17,4,1198,1,13,-1,1,-1
2015520502381,1,9,0,18,0,1,0,0,0,0,3,-1,6,1,49,8,-1,-1,-1,-1,1,-1
2015520502381,2,9,0,18,0,1,0,0,0,0,3,-1,6,1,64,9,-1,-1,-1,-1,1,-1
2015520502381,3,9,0,18,0,1,0,0,0,0,1,-1,6,2,35,6,1246,1,7,-1,1,-1
2015520502386,1,9,0,10,0,6,0,0,0,0,1,-1,6,2,24,5,-1,-1,-1,-1,1,-1
2015520502386,2,9,0,18,0,1,0,0,0,0,4,-1,6,1,58,9,-1,-1,-1,-1,1,-1
2015520502394,1,9,0,5,0,4,0,0,0,0,2,-1,6,1,58,9,2184,2,5,-1,1,-1
2015520502394,2,9,0,18,0,4,0,0,0,0,1,-1,6,2,33,6,1799,1,8,-1,1,-1
2015520502398,1,9,0,18,0,0,0,0,0,0,1,-1,6,2,18,4,1149,1,12,-1,1,-1
2015520502398,2,9,0,2,0,0,0,0,0,0,0,-1,1,1,-1,-1,-1,-1,-1,-1,-1,-1
2015520502411,1,9,0,9,0,5,0,0,0,0,2,1,6,1,72,10,1951,2,11,-1,2,-1
2015520502411,2,21,0,13,0,8,0,0,0,0,1,1,6,1,45,7,-1,-1,-1,-1,-1,-1
2015520502418,1,9,0,9,0,4,0,0,0,0,1,1,1,1,73,10,1998,2,21,-1,3,-1
2015520502418,2,9,0,18,0,3,0,0,0,0,4,1,6,1,29,6,1974,2,18,-1,1,-1
2015520502430,1,9,0,17,0,0,0,0,0,0,1,-1,6,2,50,8,1422,2,7,-1,1,-1
2015520502430,2,1,0,18,0,0,0,0,0,0,1,1,6,1,14,3,-1,-1,-1,-1,-1,-1
2015520502442,1,9,0,10,0,6,0,0,0,0,1,-1,6,2,50,8,1560,2,8,-1,3,-1
2015520502442,2,1,0,10,0,5,0,0,0,0,3,1,6,1,67,10,-1,-1,-1,-1,3,-1
2015520502454,1,9,0,3,0,4,0,0,0,0,1,1,6,2,55,8,1560,2,7,-1,3,-1
2015520502454,2,9,0,3,0,4,0,0,0,0,2,1,6,2,27,6,1596,1,13,-1,1,-1
2015520502458,1,9,0,18,0,1,0,0,0,0,4,-1,6,2,38,7,-1,-1,-1,-1,2,-1
2015520502458,2,9,0,5,0,1,0,0,3,10,1,-1,6,2,73,10,-1,-1,-1,-1,2,-1
2015520502461,1,9,0,18,0,0,0,0,0,0,1,-1,6,2,48,8,998,1,1,-1,1,-1
2015520502461,2,9,0,18,0,0,0,0,0,0,1,-1,6,1,47,8,-1,-1,-1,-1,1,-1
2015520502476,1,9,0,18,0,0,5,0,0,0,3,-1,6,1,21,5,1905,2,17,-1,3,-1
2015520502476,2,9,0,18,0,0,0,0,0,0,3,-1,6,2,69,10,1596,1,13,-1,3,-1
2015520502478,1,9,0,18,0,8,0,0,0,0,4,-1,6,1,52,8,-1,-1,-1,-1,1,-1
2015520502478,2,9,0,9,0,6,0,0,0,0,1,-1,6,2,20,4,1896,2,14,-1,1,-1
2015520502482,1,9,0,18,0,0,0,0,0,4,1,-1,6,1,24,5,1396,1,11,-1,2,-1
2015520502497,1,9,0,17,0,8,0,0,0,0,1,-1,6,2,22,5,1391,1,15,-1,1,-1
2015520502497,2,9,0,16,0,1,0,0,0,0,1,-1,6,2,56,9,-1,-1,-1,-1,1,-1
2015520502506,1,9,0,18,0,0,0,0,0,0,1,-1,6,1,18,4,1461,2,13,-1,3,-1
2015520502506,2,9,0,18,0,0,0,0,0,0,1,-1,6,1,37,7,-1,-1,-1,-1,2,-1
2015520502537,1,9,0,18,0,0,0,0,0,10,1,-1,6,2,23,5,1199,1,13,-1,1,-1
2015520502540,1,9,0,18,0,0,0,0,0,0,1,-1,6,2,75,10,1124,1,14,-1,1,-1
2015520502540,2,9,0,18,0,0,0,0,0,0,1,-1,6,1,68,10,-1,-1,-1,-1,3,-1
2015520502557,1,9,0,17,0,0,0,0,0,0,1,1,6,1,27,6,1388,1,13,-1,-1,-1
2015520502557,2,9,0,16,0,0,0,0,0,0,1,1,6,1,51,8,2495,1,14,-1,2,-1
2015520502564,1,9,0,18,0,1,0,0,0,0,2,-1,6,2,21,5,-1,-1,-1,-1,1,-1
2015520502564,2,9,0,4,0,1,0,0,0,0,1,-1,6,3,-1,-1,-1,-1,-1,-1,-1,-1