Accident_Index,Vehicle_Reference,Vehicle_Type,Towing_and_Articulation,Vehicle_Manoeuvre,Vehicle_Location-Restricted_Lane,Junction_Location,Skidding_and_Overturning,Hit_Object_in_Carriageway,Vehicle_Leaving_Carriageway,Hit_Object_off_Carriageway,1st_Point_of_Impact,Was_Vehicle_Left_Hand_Drive?,Journey_Purpose_of_Driver,Sex_of_Driver,Age_of_Driver,Age_Band_of_Driver,Engine_Capacity_(CC),Propulsion_Code,Age_of_Vehicle,Driver_IMD_Decile,Driver_Home_Area_Type,Vehicle_IMD_Decile
2015520503857,1,9,0,9,0,1,0,0,0,0,3,1,6,2,22,5,1587,1,7,-1,2,-1
2015520503857,2,5,0,9,0,1,0,0,0,0,4,1,6,1,-1,-1,-1,-1,-1,-1,1,-1
2015520503876,1,9,0,7,0,1,0,0,3,0,0,1,6,1,27,6,1149,1,14,-1,1,-1
2015520503884,1,9,0,10,0,8,0,0,0,0,1,1,6,1,37,7,1560,2,3,-1,1,-1
2015520503884,2,9,0,4,0,8,0,0,0,0,2,1,6,1,66,10,-1,-1,-1,-1,3,-1
2015520503901,1,9,0,18,0,0,0,0,0,0,3,1,6,1,29,6,1598,1,16,-1,1,-1
2015520503901,2,9,0,4,0,0,0,0,0,6,3,1,6,2,50,8,1399,1,8,-1,1,-1
2015520503908,1,9,0,7,0,5,0,0,0,0,2,1,6,1,65,9,1560,2,3,-1,1,-1
2015520503908,2,20,0,18,0,6,0,0,0,0,1,1,6,3,-1,-1,-1,-1,-1,-1,-1,-1
2015520503912,1,5,0,18,0,0,0,0,0,0,1,1,6,1,49,8,1100,1,35,-1,1,-1
2015520503912,2,9,0,18,0,0,0,0,0,0,1,1,6,3,25,5,-1,-1,-1,-1,-1,-1
2015520503928,1,9,0,18,0,0,0,0,0,0,1,1,6,2,43,7,1998,2,11,-1,2,-1
2015520503928,2,9,0,18,0,0,0,0,0,0,1,1,6,2,38,7,-1,-1,-1,-1,1,-1
2015520503930,1,9,0,13,0,0,0,0,0,0,3,1,6,1,51,8,1998,2,1,-1,2,-1
2015520503930,2,5,0,13,0,0,0,0,0,0,4,1,6,1,46,8,1000,1,6,-1,2,-1
2015520503962,1,20,0,18,0,2,0,0,0,0,4,1,1,1,62,9,2198,2,3,-1,1,-1
2015520503975,1,9,0,2,0,0,0,0,0,0,3,1,6,2,22,5,1870,2,9,-1,2,-1
2015520503975,2,19,0,18,0,0,0,8,0,0,3,1,6,1,-1,-1,2402,2,4,-1,3,-1
2015520503999,1,9,0,18,0,0,0,0,0,0,1,1,6,1,21,5,1598,1,10,-1,1,-1
2015520503999,2,9,0,18,0,0,0,0,0,0,1,1,6,1,58,9,1196,1,19,-1,1,-1
2015520504000,1,9,0,9,0,6,0,0,0,0,1,1,6,2,44,7,1461,2,5,-1,2,-1
2015520504000,2,5,0,10,0,5,0,0,0,0,3,1,6,1,34,6,-1,-1,-1,-1,3,-1
2015520504003,1,9,0,2,9,0,0,0,0,0,0,1,6,3,-1,-1,-1,-1,-1,-1,-1,-1
2015520504015,1,9,0,18,0,1,0,0,1,2,1,1,6,1,17,4,1686,2,10,-1,3,-1
2015520504026,1,9,0,18,0,0,0,0,0,0,4,1,6,1,49,8,-1,-1,-1,-1,2,-1
2015520504027,1,9,0,18,0,0,0,0,0,0,0,1,6,3,-1,-1,-1,-1,-1,-1,-1,-1
2015520504034,1,9,0,1,0,1,0,0,0,0,3,1,6,2,48,8,1769,1,10,-1,3,-1
2015520504034,2,1,0,18,0,1,0,0,0,0,1,1,6,1,51,8,-1,-1,-1,-1,3,-1
2015520504037,1,9,0,9,0,6,0,0,0,0,3,1,6,2,76,11,3956,1,14,-1,3,-1
2015520504037,2,20,0,18,0,1,0,0,0,0,1,1,6,1,60,9,12740,2,5,-1,3,-1
2015520504039,1,9,0,16,0,8,0,0,1,10,1,1,6,2,17,4,1299,1,12,-1,3,-1
2015520504042,1,9,0,18,0,0,0,0,0,4,4,1,6,1,20,4,1242,1,15,-1,2,-1
2015520504046,1,9,0,13,0,0,0,0,1,10,4,1,6,2,55,8,1248,1,2,-1,1,-1
2015520504088,1,9,0,18,0,8,0,11,1,2,1,1,6,1,19,4,1895,1,16,-1,3,-1
2015520504106,1,5,0,16,0,0,0,0,0,0,4,1,6,1,48,8,618,1,13,-1,1,-1
2015520504107,1,9,0,9,0,6,0,0,0,0,1,1,6,2,18,4,1242,1,12,-1,3,-1
2015520504107,2,9,0,18,0,8,0,0,0,0,1,1,6,1,29,6,1840,1,14,-1,1,-1
2015520504117,1,9,0,18,0,0,0,0,7,10,1,1,6,1,39,7,2171,1,14,-1,3,-1
2015520504120,1,9,0,18,0,0,0,10,8,4,4,1,6,1,21,5,1951,2,11,-1,2,-1
2015520504121,1,9,0,18,0,0,0,0,0,0,3,1,6,1,78,11,1560,2,9,-1,3,-1
2015520504121,2,21,5,18,0,0,0,0,0,0,3,1,6,3,-1,-1,-1,-1,-1,-1,-1,-1
2015520504132,1,9,0,12,0,0,0,0,0,6,1,1,6,1,27,6,1796,1,15,-1,1,-1
2015520504132,2,9,0,18,0,0,0,0,0,0,1,1,6,1,53,8,-1,-1,-1,-1,1,-1
2015520504142,1,9,0,18,0,0,0,0,0,0,3,1,6,2,30,6,1339,1,11,-1,1,-1
2015520504142,2,21,1,18,0,0,0,0,0,0,3,1,1,1,45,7,12902,2,2,-1,1,-1
2015520504161,1,1,0,18,0,3,0,0,0,0,3,1,2,2,32,6,-1,-1,-1,-1,1,-1
2015520504161,2,11,0,18,0,3,0,0,0,0,4,1,6,1,55,8,-1,-1,-1,-1,1,-1
2015520504185,1,9,0,18,0,0,0,0,0,0,4,1,6,1,78,11,1991,2,6,-1,1,-1
2015520504185,2,9,0,6,0,0,0,0,0,0,3,1,6,2,69,10,-1,-1,-1,-1,3,-1
2015520504208,1,9,0,18,0,1,0,0,0,0,2,1,6,1,72,10,1390,1,16,-1,1,-1
2015520504208,2,9,0,18,0,1,0,0,0,0,1,1,6,1,76,11,998,1,3,-1,2,-1
2015520504213,1,9,0,18,0,0,0,0,0,0,1,1,6,2,24,5,1197,1,5,-1,2,-1
2015520504213,2,9,0,18,0,0,0,0,0,0,2,1,6,1,27,6,1994,1,15,-1,1,-1
2015520504220,1,21,0,18,0,0,0,0,0,0,4,1,6,1,42,7,-1,-1,-1,-1,-1,-1
2015520504220,2,9,0,13,0,0,0,0,1,10,3,1,6,2,55,8,1995,2,9,-1,1,-1
2015520504227,1,9,0,4,0,0,0,0,0,0,4,1,6,1,60,9,1997,2,14,-1,3,-1
2015520504230,1,9,0,9,0,8,0,0,7,0,3,1,6,1,25,5,1590,1,11,-1,1,-1
2015520504230,2,9,0,18,0,8,5,0,1,0,2,1,6,1,32,6,2148,2,6,-1,1,-1
2015520504234,1,9,0,18,0,0,0,0,0,0,0,1,6,1,-1,-1,1242,1,8,-1,-1,-1
2015520504260,1,9,0,18,0,8,0,0,0,0,3,1,6,1,45,7,1796,1,18,-1,1,-1
2015520504260,2,9,0,18,0,8,0,0,0,0,1,1,6,1,39,7,1560,2,6,-1,1,-1
2015520504260,3,9,0,18,0,8,0,0,0,0,1,1,6,1,51,8,1749,1,14,-1,3,-1
2015520504288,1,9,0,18,0,0,5,0,1,0,1,1,6,2,26,6,1398,2,9,-1,1,-1
2015520504288,2,19,0,18,0,0,0,0,0,0,2,1,6,1,51,8,2198,2,5,-1,2,-1
2015520504303,1,5,0,17,0,8,0,0,1,10,4,1,6,1,34,6,750,1,18,-1,3,-1
2015520504303,2,9,0,16,0,8,0,0,0,0,1,1,2,1,66,10,1995,1,9,-1,3,-1
2015520504308,1,9,0,8,0,1,0,0,0,0,1,1,6,1,61,9,1560,2,5,-1,1,-1
2015520504308,2,1,0,18,0,5,0,0,0,0,1,1,6,1,12,3,-1,-1,-1,-1,1,-1
2015520504341,1,19,0,3,0,0,0,0,0,0,0,1,1,1,31,6,-1,-1,-1,-1,1,-1
2015520504341,2,9,0,3,0,0,0,0,0,0,0,1,1,2,40,7,1598,2,1,-1,-1,-1
2015520504363,1,9,0,9,0,1,0,0,0,0,3,1,6,1,36,7,1968,2,-1,-1,1,-1
2015520504363,2,9,0,18,0,8,0,0,0,0,1,1,6,1,52,8,1339,1,6,-1,1,-1
2015520504365,1,9,0,12,0,0,0,0,0,0,3,1,6,1,25,5,-1,-1,-1,-1,2,-1
2015520504365,2,9,0,18,0,0,0,0,6,4,3,1,6,2,32,6,1197,1,1,-1,1,-1
2015520504380,1,9,0,18,0,0,0,0,0,0,1,1,6,3,-1,-1,-1,-1,-1,-1,-1,-1
2015520504421,1,9,0,1,0,0,0,0,0,0,0,1,6,1,48,8,1598,1,14,-1,1,-1
2015520504440,1,9,0,18,0,1,0,0,0,0,1,1,6,1,33,6,-1,-1,-1,-1,1,-1
2015520504440,2,9,0,10,0,1,0,0,0,0,2,1,6,1,44,7,1598,1,11,-1,1,-1
2015520504440,3,9,0,10,0,1,0,0,0,0,2,1,6,2,33,6,1461,2,-1,-1,1,-1
2015520504467,1,9,0,18,0,1,0,0,7,0,4,1,6,2,66,10,2143,12,2,-1,3,-1
2015520504467,2,1,0,18,0,1,0,0,0,0,1,1,6,1,35,6,-1,-1,-1,-1,-1,-1
2015520504498,1,9,0,18,0,0,0,0,0,0,1,1,6,2,45,7,1242,1,11,-1,3,-1
2015520504498,2,9,0,18,0,0,0,0,0,0,1,1,6,1,57,9,-1,-1,-1,-1,3,-1
2015520504500,1,9,0,7,0,6,0,0,0,0,1,1,6,2,78,11,-1,-1,-1,-1,2,-1
2015520504500,2,9,0,18,0,8,0,0,0,0,4,1,6,2,41,7,1997,2,6,-1,3,-1
2015520504511,1,9,0,3,0,0,0,0,0,0,2,1,6,2,31,6,1149,1,-1,-1,1,-1
2015520504511,2,9,0,18,0,0,0,0,0,0,1,1,6,2,66,10,1598,1,4,-1,3,-1
2015520504524,1,9,0,4,0,1,0,0,0,0,1,1,6,2,20,4,998,1,18,-1,3,-1
2015520504530,1,9,0,17,0,0,5,0,7,10,1,1,6,2,21,5,1240,1,12,-1,2,-1
2015520504532,1,9,0,18,0,1,0,0,0,0,1,1,6,2,29,6,1560,2,3,-1,1,-1
2015520504532,2,9,0,18,0,8,0,0,0,0,3,1,6,1,79,11,1988,2,10,-1,3,-1
2015520504534,1,9,0,7,0,1,0,0,0,0,1,1,6,1,46,8,-1,-1,-1,-1,3,-1
2015520504534,2,20,0,18,0,1,0,0,0,0,1,1,6,1,53,8,-1,-1,-1,-1,3,-1
2015520504563,1,9,0,18,0,1,0,0,0,0,1,1,6,1,21,5,2171,2,14,-1,3,-1
2015520504563,2,9,0,18,0,8,0,0,0,0,3,1,6,1,76,11,1896,2,12,-1,3,-1
2015520504571,1,1,0,18,0,2,0,0,0,0,3,1,1,1,32,6,-1,-1,-1,-1,1,-1
2015520504571,2,9,0,18,0,2,0,0,0,0,4,1,6,3,-1,-1,-1,-1,-1,-1,-1,-1
2015520504577,1,9,0,5,0,8,0,0,0,0,1,1,6,1,33,6,1968,2,2,-1,3,-1
2015520504577,2,1,0,18,0,8,0,0,0,0,1,1,6,2,34,6,-1,-1,-1,-1,1,-1
2015520504578,1,9,0,18,0,1,0,0,0,0,1,1,6,2,58,9,1360,1,4,-1,3,-1
2015520504578,2,9,0,18,0,1,0,0,0,0,1,1,6,1,37,7,1248,2,5,-1,2,-1
2015520504591,1,9,0,18,0,0,0,0,0,0,1,1,6,1,38,7,1910,2,4,-1,1,-1
2015520504591,2,9,0,4,0,0,0,0,0,0,2,1,6,2,29,6,3222,2,11,-1,3,-1
2015520504600,1,9,0,18,0,0,0,0,0,0,1,1,6,2,26,6,1242,1,7,-1,1,-1
2015520504600,2,9,0,18,0,0,0,0,0,0,3,1,6,2,21,5,1753,2,7,-1,1,-1
2015520504600,3,9,0,18,0,0,0,0,0,0,0,1,6,2,52,8,3456,8,4,-1,1,-1
2015520504618,1,9,0,9,0,6,0,0,0,0,3,1,6,1,66,10,2143,12,1,-1,3,-1
2015520504618,2,9,0,18,0,8,0,0,0,0,1,1,6,1,23,5,1397,1,15,-1,1,-1
2015520504620,1,9,0,18,0,0,0,0,0,0,3,1,6,1,30,6,-1,-1,-1,-1,3,-1
2015520504620,2,9,0,18,0,0,0,0,0,0,3,1,6,1,50,8,-1,-1,-1,-1,3,-1
2015520504636,1,9,0,18,0,0,0,0,0,0,0,1,6,1,56,9,1870,2,14,-1,1,-1
2015520504636,2,9,0,18,0,0,0,0,7,0,0,1,6,2,18,4,1360,1,16,-1,1,-1
2015520504655,1,9,0,18,0,0,0,0,0,0,1,1,6,1,60,9,-1,-1,-1,-1,2,-1
2015520504655,2,9,0,4,0,0,0,0,0,0,2,1,6,1,23,5,1910,2,9,-1,1,-1
2015520504655,3,9,0,3,0,0,0,0,0,0,2,1,6,2,43,7,1399,1,11,-1,2,-1
2015520504664,1,9,0,18,0,0,0,0,0,0,0,1,6,1,92,11,1598,1,6,-1,3,-1
2015520504666,1,1,0,18,0,0,0,0,0,0,2,1,6,1,34,6,-1,-1,-1,-1,-1,-1
2015520504666,2,-1,0,18,0,0,0,0,0,0,4,1,6,3,-1,-1,-1,-1,-1,-1,-1,-1
2015520504672,1,9,0,7,0,1,0,0,0,0,3,1,6,2,49,8,-1,-1,-1,-1,3,-1
2015520504672,2,9,0,7,0,1,0,0,0,0,4,1,6,1,21,5,1840,1,15,-1,1,-1
2015520504672,3,9,0,3,0,1,0,0,0,0,3,1,6,1,47,8,-1,-1,-1,-1,1,-1
2015520504673,1,9,0,18,0,1,0,0,0,0,1,1,6,2,62,9,1229,1,2,-1,1,-1
2015520504676,1,9,0,4,0,0,0,0,0,0,1,1,6,2,19,4,1422,2,5,-1,3,-1
2015520504676,2,9,0,4,0,0,0,0,0,0,2,1,6,1,27,6,1497,1,10,-1,1,-1
2015520504682,1,9,0,18,0,0,0,4,0,0,1,1,6,1,82,11,1984,1,8,-1,2,-1
2015520504682,2,9,0,2,0,0,0,0,0,0,2,1,6,1,51,8,-1,-1,-1,-1,-1,-1
2015520504682,3,19,0,18,0,0,0,0,0,0,0,1,6,1,40,7,12130,2,10,-1,-1,-1
2015520504685,1,9,0,9,0,6,0,0,0,0,1,1,6,1,21,5,1198,1,12,-1,1,-1
2015520504685,2,9,0,18,0,8,0,0,0,0,3,1,6,2,19,4,2184,2,13,-1,1,-1
2015520504688,1,9,0,18,0,0,0,0,1,10,4,1,6,1,22,5,1995,2,6,-1,1,-1
2015520504700,1,17,0,9,0,1,0,0,0,0,0,1,6,1,20,4,6728,2,4,-1,3,-1
2015520504700,2,9,0,18,0,1,0,0,0,0,1,1,6,1,24,5,-1,-1,-1,-1,1,-1
2015520504701,1,9,0,17,0,0,1,0,7,11,1,1,6,2,35,6,-1,-1,-1,-1,2,-1
2015520504701,2,9,0,16,0,0,0,0,0,0,1,1,6,2,29,6,1598,2,2,-1,2,-1
2015520504710,1,9,0,18,0,1,0,0,0,0,0,1,6,2,29,6,1596,1,8,-1,2,-1
2015520504710,2,9,0,18,0,1,0,0,0,0,0,1,6,2,24,5,1497,8,6,-1,1,-1
2015520504710,3,9,0,4,0,1,0,0,0,0,1,1,6,1,52,8,1995,2,-1,-1,1,-1
2015520504710,4,9,0,18,0,1,0,0,0,0,2,1,6,2,26,6,1389,1,14,-1,1,-1
2015520504715,1,9,0,18,0,1,0,0,0,0,1,1,6,2,21,5,1598,1,13,-1,1,-1
2015520504715,2,9,0,18,0,1,0,0,0,0,2,1,6,1,21,5,1997,2,10,-1,1,-1
2015520504715,3,9,0,18,0,1,0,0,0,0,2,1,6,2,44,7,998,1,1,-1,1,-1
2015520504716,1,9,0,18,0,0,0,0,0,0,0,1,6,2,67,10,998,1,-1,-1,1,-1
2015520504717,1,9,0,9,0,5,0,0,0,0,2,1,6,1,-1,-1,1600,1,15,-1,3,-1
2015520504717,2,1,0,18,0,1,0,0,0,0,1,1,6,1,41,7,-1,-1,-1,-1,1,-1
2015520504721,1,9,0,18,0,0,0,10,1,4,1,1,6,1,23,5,2979,1,13,-1,2,-1
2015520504736,1,9,0,10,0,0,0,0,0,0,3,1,6,2,50,8,1560,2,10,-1,1,-1
2015520504736,2,5,0,14,0,0,0,0,0,0,0,1,6,1,73,10,790,1,14,-1,3,-1
2015520504740,1,9,0,4,0,1,0,0,0,0,2,1,6,2,65,9,993,1,12,-1,3,-1
2015520504740,2,5,0,18,0,1,0,0,0,0,1,1,6,1,67,10,1171,1,10,-1,1,-1
2015520504743,1,9,0,2,0,1,0,0,0,0,3,1,6,3,-1,-1,-1,-1,-1,-1,-1,-1
2015520504763,1,9,0,18,0,0,0,0,0,0,1,1,6,2,56,9,1596,1,9,-1,3,-1
2015520504763,2,9,0,18,0,0,0,0,0,0,3,1,6,2,55,8,1598,2,2,-1,1,-1
2015520504767,1,9,0,18,0,0,0,0,1,0,4,1,6,2,45,7,1275,1,19,-1,2,-1
2015520504791,1,9,0,9,0,8,0,0,0,0,3,1,6,2,17,4,1200,1,13,-1,3,-1
2015520504791,2,5,0,18,0,8,0,0,3,1,4,1,6,1,46,8,-1,-1,-1,-1,-1,-1
2015520504822,1,9,0,18,0,0,0,0,0,0,1,1,6,1,21,5,1390,1,4,-1,1,-1
2015520504822,2,9,0,18,0,0,0,0,0,0,1,1,6,1,44,7,1597,1,15,-1,1,-1
2015520504824,1,9,0,18,0,0,0,0,0,0,1,1,6,1,68,10,1587,1,11,-1,1,-1
2015520504824,2,9,0,2,0,0,0,0,0,0,2,1,6,3,-1,-1,1796,1,18,-1,-1,-1
2015520504824,3,9,0,2,0,0,0,0,0,0,1,1,6,3,-1,-1,1364,1,9,-1,-1,-1
2015520504825,1,21,1,4,0,8,0,0,0,0,1,1,1,1,32,6,12777,2,9,-1,1,-1
2015520504825,2,9,0,9,0,6,0,0,0,0,3,1,6,2,18,4,-1,-1,-1,-1,2,-1
2015520504827,1,9,0,18,0,0,0,0,0,0,3,1,6,1,28,6,1989,1,15,-1,2,-1
2015520504827,2,9,0,7,0,0,0,0,0,0,3,1,6,1,30,6,2204,2,8,-1,-1,-1
2015520504843,1,9,0,9,0,1,0,0,0,0,3,1,6,2,70,10,2143,2,3,-1,3,-1
2015520504843,2,9,0,18,0,1,0,0,0,0,1,1,6,2,61,9,1686,2,7,-1,1,-1
2015520504844,1,9,0,18,0,0,1,10,4,10,1,1,6,2,34,6,-1,-1,-1,-1,1,-1
2015520504844,2,21,1,18,0,0,0,0,0,0,3,1,6,1,28,6,8867,2,6,-1,1,-1
2015520504844,3,9,0,18,0,0,0,0,0,0,0,1,6,1,55,8,-1,-1,-1,-1,1,-1
2015520504846,1,9,0,18,0,0,0,0,0,0,3,1,6,2,18,4,1198,1,6,-1,3,-1
2015520504846,2,3,0,18,0,0,0,0,0,0,1,1,6,1,18,4,124,1,1,-1,1,-1
2015520504848,1,9,0,9,0,1,0,0,0,0,3,1,6,1,31,6,1997,2,13,-1,2,-1
2015520504848,2,19,0,2,0,2,0,0,0,0,0,1,6,1,47,8,2198,2,3,-1,3,-1
2015520504872,1,9,0,18,0,0,0,0,0,0,1,1,6,1,38,7,1999,1,12,-1,1,-1
2015520504872,2,1,0,18,0,0,0,0,0,0,2,1,6,1,38,7,-1,-1,-1,-1,3,-1
2015520504873,1,9,0,18,0,0,0,0,0,0,1,1,1,1,55,8,1796,1,6,-1,2,-1
2015520504873,2,9,0,18,0,0,0,0,0,0,1,1,6,1,35,6,1910,2,8,-1,1,-1
2015520504878,1,9,0,9,0,8,0,0,0,0,3,1,6,1,66,10,2985,2,9,-1,1,-1
2015520504878,2,9,0,18,0,1,0,0,0,0,1,1,6,1,36,7,1868,2,16,-1,3,-1
2015520504879,1,9,0,6,0,6,0,0,0,0,1,1,6,2,32,6,1229,1,10,-1,1,-1
2015520504879,2,9,0,18,0,1,0,0,0,0,1,1,6,2,34,6,-1,-1,-1,-1,2,-1
2015520504885,1,5,0,18,0,0,0,0,0,0,1,1,6,1,32,6,1340,1,1,-1,1,-1
2015520504885,2,9,0,13,0,0,0,0,0,0,1,1,6,1,26,6,1984,1,4,-1,3,-1
2015520504893,1,9,0,18,0,8,0,0,0,0,1,1,6,1,48,8,1461,2,4,-1,2,-1
2015520504900,1,20,0,18,0,0,0,0,0,0,1,1,6,1,48,8,10518,2,3,-1,1,-1
2015520504946,1,21,0,6,8,0,0,0,0,0,3,1,1,1,55,8,6692,2,7,-1,1,-1
2015520504946,2,9,0,18,0,0,0,0,0,0,1,1,6,1,52,8,2993,2,3,-1,1,-1
2015520504954,1,9,0,7,0,5,0,0,0,0,1,1,6,2,60,9,2495,1,12,-1,3,-1
2015520504963,1,9,4,10,0,1,0,0,0,0,1,1,6,2,24,5,2495,2,17,-1,3,-1
2015520504963,2,9,0,18,0,8,0,0,0,0,1,1,6,2,32,6,-1,-1,-1,-1,2,-1
2015520505000,1,9,0,4,0,0,0,0,0,0,2,1,6,2,26,6,1390,1,4,-1,3,-1
2015520505000,2,9,0,18,0,0,0,0,0,0,1,1,6,1,30,6,-1,-1,-1,-1,1,-1
2015520505006,1,9,0,18,0,8,0,0,0,0,1,1,6,2,44,7,1248,1,5,-1,1,-1
2015520505006,2,9,0,18,0,8,0,0,0,0,1,1,6,2,46,8,1868,2,15,-1,1,-1
2015520505007,1,9,0,18,0,0,0,0,0,0,1,1,6,1,19,4,1149,1,15,-1,1,-1
2015520505007,2,9,0,18,0,0,0,0,0,0,1,1,6,1,45,7,-1,-1,-1,-1,1,-1
2015520505007,3,9,0,18,0,0,0,0,0,0,1,1,6,2,37,7,1560,2,5,-1,3,-1
2015520505014,1,9,0,1,0,0,0,0,0,0,2,1,6,2,68,10,1398,1,5,-1,1,-1
2015520505014,2,9,0,2,0,0,0,0,0,0,2,1,6,3,-1,-1,1343,1,21,-1,-1,-1
2015520505024,1,1,0,18,0,0,0,0,8,0,3,1,6,1,33,6,-1,-1,-1,-1,-1,-1
2015520505024,2,19,0,3,0,0,0,0,0,0,3,1,6,3,45,7,-1,-1,-1,-1,-1,-1
2015520505037,1,19,0,3,0,1,0,4,0,0,2,1,2,1,31,6,1560,2,1,-1,1,-1
2015520505037,2,9,0,3,0,1,0,0,0,0,2,1,6,1,40,7,1560,2,2,-1,1,-1
2015520505037,3,9,0,4,0,1,0,0,0,0,1,1,6,3,-1,-1,-1,-1,-1,-1,-1,-1
2015520505046,1,9,0,1,0,0,0,0,0,0,2,1,6,1,64,9,1240,1,10,-1,1,-1
2015520505048,1,1,0,18,0,3,0,0,0,0,3,1,6,1,54,8,-1,-1,-1,-1,2,-1
2015520505048,2,8,0,18,0,3,0,0,0,0,1,1,1,1,50,8,-1,-1,-1,-1,-1,-1
2015520505051,1,9,0,1,0,0,0,0,0,0,2,1,6,1,55,8,-1,-1,-1,-1,-1,-1
2015520505062,1,9,0,18,0,0,0,0,0,0,1,1,6,1,25,5,1997,2,16,-1,3,-1
2015520505081,1,9,0,18,0,0,0,0,0,0,1,1,6,2,21,5,1124,1,11,-1,1,-1
2015520505081,2,1,0,18,0,0,0,0,0,0,2,1,6,1,15,3,-1,-1,-1,-1,1,-1
2015520505083,1,9,0,18,0,0,0,0,4,6,3,1,6,1,31,6,1896,2,7,-1,1,-1
2015520505083,2,9,0,18,0,0,0,0,0,0,1,1,6,1,86,11,998,1,1,-1,3,-1
2015520505090,1,9,0,18,0,1,0,0,0,0,1,1,6,1,63,9,875,1,3,-1,1,-1
2015520505090,2,9,0,18,0,1,0,0,0,0,1,1,6,1,48,8,1968,2,-1,-1,1,-1
2015520505097,1,9,0,4,0,1,0,0,0,0,3,1,2,2,27,6,1242,1,14,-1,1,-1
2015520505097,2,9,0,9,0,1,0,0,0,0,1,1,6,1,70,10,1198,1,6,-1,-1,-1
2015520505102,1,1,0,18,0,1,0,10,0,0,1,1,6,2,44,7,-1,-1,-1,-1,3,-1
2015520505102,2,9,0,9,0,1,0,0,0,0,0,1,6,2,50,8,998,1,9,-1,-1,-1
2015520505119,1,9,0,18,0,0,0,0,0,0,1,1,6,1,28,6,-1,-1,-1,-1,3,-1
2015520505119,2,5,0,13,0,0,0,0,0,0,4,1,6,1,50,8,1450,1,14,-1,1,-1
2015520505120,1,9,0,4,0,1,0,0,0,0,1,1,1,2,45,7,1598,1,13,-1,1,-1
2015520505120,2,1,0,18,0,1,0,0,0,0,4,1,6,1,13,3,-1,-1,-1,-1,-1,-1
2015520505128,1,9,0,18,0,0,0,0,0,0,1,1,6,1,34,6,1896,2,13,-1,1,-1
2015520505128,2,5,0,18,0,0,0,0,0,0,1,1,6,1,43,7,748,1,18,-1,2,-1
2015520505130,1,5,0,18,0,0,0,0,0,0,1,1,6,1,28,6,749,1,7,-1,1,-1
2015520505130,2,9,0,9,0,0,0,0,0,0,3,1,6,1,-1,-1,1596,1,8,-1,2,-1
2015520505144,1,9,0,13,0,0,5,0,1,10,1,1,6,1,33,6,1560,2,8,-1,3,-1
2015520505147,1,9,0,18,0,0,0,0,0,0,1,1,6,2,31,6,1896,2,5,-1,3,-1
2015520505147,2,9,0,18,0,0,0,0,0,0,0,1,6,2,33,6,1399,1,11,-1,3,-1
2015520505153,1,9,0,18,0,0,0,0,0,0,3,1,6,2,33,6,1598,1,7,-1,1,-1
2015520505153,2,9,0,18,0,0,1,0,7,10,3,1,6,2,29,6,1598,1,15,-1,1,-1
2015520505154,1,9,0,18,0,8,0,0,0,0,1,1,6,1,21,5,1686,2,12,-1,2,-1
2015520505154,2,9,0,18,0,8,0,0,0,0,4,1,6,1,69,10,-1,-1,-1,-1,-1,-1
2015520505159,1,4,0,13,0,0,0,0,1,1,1,1,6,1,39,7,996,1,14,-1,1,-1
2015520505163,1,9,0,4,0,0,0,0,0,0,2,1,6,1,22,5,1781,1,10,-1,1,-1
2015520505163,2,9,0,18,0,0,0,0,0,0,1,1,6,1,23,5,1242,1,18,-1,-1,-1
2015520505165,1,9,0,5,0,3,0,0,3,0,0,1,6,1,28,6,-1,-1,-1,-1,1,-1
2015520505165,2,9,0,18,0,4,0,0,0,0,4,1,6,2,75,10,1497,8,-1,-1,-1,-1
2015520505187,1,9,0,18,0,5,0,0,0,0,2,1,6,1,24,5,-1,-1,-1,-1,1,-1
2015520505187,2,9,0,18,0,5,0,0,0,0,2,1,6,1,53,8,1598,2,2,-1,1,-1
2015520505187,3,9,0,18,0,5,0,0,0,0,2,1,6,1,38,7,2261,1,8,-1,1,-1
2015520505187,4,9,0,18,0,5,0,0,0,0,1,1,6,2,46,8,-1,-1,-1,-1,1,-1
2015520505187,5,21,0,18,0,5,0,0,0,0,1,1,6,1,66,10,6870,2,8,-1,1,-1
2015520505209,1,9,0,18,0,1,0,0,0,0,4,1,6,1,38,7,-1,-1,-1,-1,1,-1
2015520505209,2,9,0,7,0,6,0,0,0,0,1,1,6,1,20,4,1388,1,12,-1,1,-1
2015520505215,1,9,0,18,0,1,0,0,0,0,1,1,6,1,37,7,1560,2,1,-1,2,-1
2015520505215,2,9,0,9,0,1,0,0,0,0,1,1,6,1,44,7,1995,2,6,-1,1,-1
2015520505216,1,9,0,18,0,0,0,0,0,0,1,1,6,2,23,5,-1,-1,-1,-1,3,-1
2015520505221,1,9,0,18,0,0,0,0,0,0,1,1,6,1,36,7,1910,2,10,-1,1,-1
2015520505222,1,9,0,18,0,8,0,0,0,0,1,1,6,1,81,11,1560,2,3,-1,1,-1
2015520505229,1,9,0,18,0,0,0,0,0,0,1,1,6,1,37,7,-1,-1,-1,-1,2,-1