Accident_Index,Vehicle_Reference,Vehicle_Type,Towing_and_Articulation,Vehicle_Manoeuvre,Vehicle_Location-Restricted_Lane,Junction_Location,Skidding_and_Overturning,Hit_Object_in_Carriageway,Vehicle_Leaving_Carriageway,Hit_Object_off_Carriageway,1st_Point_of_Impact,Was_Vehicle_Left_Hand_Drive?,Journey_Purpose_of_Driver,Sex_of_Driver,Age_of_Driver,Age_Band_of_Driver,Engine_Capacity_(CC),Propulsion_Code,Age_of_Vehicle,Driver_IMD_Decile,Driver_Home_Area_Type,Vehicle_IMD_Decile
2015520505229,2,5,0,18,0,0,0,0,0,0,1,1,6,1,49,8,998,1,9,-1,3,-1
2015520505231,1,1,0,12,0,7,0,0,0,0,3,1,2,1,32,6,-1,-1,-1,-1,1,-1
2015520505231,2,19,0,18,0,2,0,0,0,0,4,1,6,1,40,7,-1,-1,-1,-1,-1,-1
2015520505242,1,9,0,9,0,1,0,0,0,0,3,1,6,1,66,10,1598,2,4,-1,2,-1
2015520505242,2,5,0,18,0,1,0,0,0,0,1,1,6,1,21,5,1137,1,12,-1,1,-1
2015520505261,1,9,0,18,0,1,0,0,0,0,3,1,6,1,52,8,1686,2,10,-1,1,-1
2015520505261,2,9,0,18,0,1,0,0,0,0,1,1,6,1,65,9,2198,2,10,-1,3,-1
2015520505268,1,9,0,18,0,0,0,0,0,0,1,1,6,2,74,10,2286,1,29,-1,3,-1
2015520505271,1,1,0,18,0,1,1,0,0,0,0,1,6,2,25,5,-1,-1,-1,-1,3,-1
2015520505271,2,1,0,18,0,1,1,0,0,0,0,1,6,1,11,3,-1,-1,-1,-1,3,-1
2015520505271,3,17,4,18,0,2,0,0,0,0,0,1,6,1,30,6,-1,-1,-1,-1,-1,-1
2015520505280,1,9,0,18,0,0,0,0,1,10,1,1,6,2,24,5,1388,1,13,-1,1,-1
2015520505285,1,9,0,18,0,0,0,0,7,10,2,1,6,1,34,6,1975,1,15,-1,3,-1
2015520505292,1,9,0,18,0,1,0,0,0,0,1,1,6,1,53,8,-1,-1,-1,-1,1,-1
2015520505292,2,19,0,2,0,1,0,0,0,0,1,1,6,3,-1,-1,2402,2,9,-1,-1,-1
2015520505311,1,5,0,18,0,8,0,0,0,0,1,1,6,1,40,7,749,1,17,-1,1,-1
2015520505311,2,9,0,18,0,8,0,0,0,0,3,1,6,1,37,7,-1,-1,-1,-1,1,-1
2015520505313,1,5,0,18,0,0,0,0,0,0,3,1,6,1,19,4,599,1,5,-1,3,-1
2015520505313,2,9,0,9,0,0,0,0,0,0,0,1,6,3,-1,-1,-1,-1,-1,-1,-1,-1
2015520505315,1,9,0,9,0,4,1,0,0,0,1,1,6,2,25,5,1997,2,10,-1,-1,-1
2015520505315,2,9,0,18,0,4,0,0,0,0,1,1,6,3,53,8,1328,1,12,-1,3,-1
2015520505316,1,9,0,4,0,4,0,0,0,0,2,1,6,2,32,6,1598,1,10,-1,1,-1
2015520505316,2,9,0,4,0,1,0,0,0,0,1,1,6,1,44,7,1896,2,11,-1,1,-1
2015520505325,1,11,0,4,0,0,0,0,0,0,4,1,1,3,-1,-1,6700,2,2,-1,-1,-1
2015520505327,1,1,0,18,0,1,0,0,1,4,3,1,6,1,25,5,-1,-1,-1,-1,1,-1
2015520505327,2,9,0,18,0,1,0,0,0,0,1,1,6,1,50,8,-1,-1,-1,-1,-1,-1
2015520505339,1,9,0,5,0,1,0,0,0,0,2,1,6,1,57,9,1783,1,14,-1,1,-1
2015520505339,2,9,0,5,0,1,0,0,0,0,1,1,6,1,30,6,1560,2,-1,-1,-1,-1
2015520505358,1,9,0,9,0,6,0,0,0,0,1,1,6,2,78,11,1796,1,15,-1,3,-1
2015520505358,2,9,0,18,0,1,0,0,0,0,1,1,6,2,58,9,1560,2,6,-1,3,-1
2015520505358,3,9,0,10,0,1,0,0,0,0,0,1,6,1,45,7,1362,1,3,-1,2,-1
2015520505363,1,9,0,18,0,0,0,0,0,0,1,1,6,2,43,7,1896,2,11,-1,1,-1
2015520505363,2,9,0,18,0,0,0,0,0,0,1,1,6,1,46,8,1798,1,8,-1,1,-1
2015520505363,3,9,0,18,0,0,0,0,0,0,2,1,6,2,40,7,1997,1,14,-1,1,-1
2015520505370,1,9,0,18,0,0,0,0,0,0,0,1,6,2,62,9,1086,1,11,-1,1,-1
2015520505370,2,21,1,18,0,0,0,0,0,0,2,1,6,1,56,9,12900,2,4,-1,1,-1
2015520505372,1,1,0,18,0,8,0,0,0,0,3,1,6,2,13,3,-1,-1,-1,-1,1,-1
2015520505372,2,11,0,13,0,8,0,0,0,0,4,1,6,1,40,7,-1,-1,-1,-1,-1,-1
2015520505383,1,9,0,18,0,0,0,0,0,0,1,1,6,2,47,8,1399,2,7,-1,1,-1
2015520505383,2,9,0,4,0,0,0,0,0,0,2,1,6,1,52,8,2401,2,10,-1,2,-1
2015520505384,1,9,0,18,0,8,0,0,0,0,1,1,6,1,57,9,1896,2,10,-1,1,-1
2015520505384,2,9,0,18,0,8,0,0,0,0,1,1,6,2,49,8,2198,1,11,-1,3,-1
2015520505385,1,9,0,6,0,0,0,0,0,0,3,1,6,2,86,11,1298,1,12,-1,3,-1
2015520505385,2,9,0,18,0,0,0,0,0,0,1,1,6,1,60,9,-1,-1,-1,-1,2,-1
2015520505386,1,9,0,18,0,0,0,0,0,0,2,1,6,2,36,7,1834,1,11,-1,1,-1
2015520505386,2,9,0,18,0,0,0,0,0,0,1,1,6,2,18,4,1388,1,10,-1,3,-1
2015520505390,1,9,0,18,0,1,0,0,0,0,1,1,6,2,62,9,998,1,11,-1,3,-1
2015520505390,2,9,0,3,0,1,0,0,0,0,2,1,6,2,51,8,1498,1,15,-1,1,-1
2015520505390,3,9,0,10,0,8,0,0,0,0,2,1,6,1,52,8,1124,1,14,-1,1,-1
2015520505395,1,9,0,18,0,0,0,0,0,0,1,1,6,2,43,7,1461,2,2,-1,1,-1
2015520505395,2,9,0,18,0,0,0,0,0,0,1,1,6,1,23,5,1242,1,2,-1,3,-1
2015520505401,1,9,0,18,0,0,0,0,0,0,3,1,6,2,72,10,-1,-1,-1,-1,1,-1
2015520505401,2,9,0,18,0,0,0,0,0,0,1,1,6,1,29,6,1242,1,4,-1,1,-1
2015520505401,3,9,0,18,0,0,0,0,0,0,3,1,6,1,53,8,-1,-1,-1,-1,3,-1
2015520505420,1,3,0,18,0,1,0,0,0,0,3,1,6,1,29,6,125,1,2,-1,1,-1
2015520505421,1,9,0,18,0,1,0,0,7,0,1,1,6,1,23,5,1796,1,10,-1,1,-1
2015520505428,1,9,0,16,0,0,1,0,0,0,1,1,6,1,44,7,1388,1,12,-1,3,-1
2015520505428,2,9,0,17,0,0,0,0,0,0,1,1,6,1,70,10,1999,2,-1,-1,2,-1
2015520505430,1,9,0,9,0,6,0,0,0,0,1,1,6,2,34,6,1560,2,1,-1,1,-1
2015520505430,2,9,0,18,0,8,0,0,0,0,4,1,6,1,23,5,1124,1,9,-1,1,-1
2015520505432,1,9,0,9,0,1,0,0,0,0,1,1,6,1,52,8,1798,1,15,-1,3,-1
2015520505432,2,9,0,18,0,1,0,0,0,0,1,1,6,1,55,8,2183,2,5,-1,1,-1
2015520505452,1,9,0,3,0,1,0,0,0,0,2,1,6,1,67,10,1968,2,2,-1,1,-1
2015520505452,2,5,0,3,0,1,0,0,0,0,2,1,6,1,32,6,1301,1,1,-1,1,-1
2015520505452,3,9,0,18,0,1,0,0,0,0,1,1,6,2,80,11,1596,1,1,-1,3,-1
2015520505465,1,3,0,18,0,8,0,0,0,0,1,1,6,1,25,5,1050,1,-1,-1,1,-1
2015520505465,2,9,0,9,0,8,0,0,0,0,2,1,6,1,61,9,1995,2,11,-1,1,-1
2015520505466,1,9,0,18,0,0,0,0,0,0,1,1,6,2,51,8,2993,2,4,-1,3,-1
2015520505466,2,9,0,18,0,0,0,0,0,0,1,1,6,1,62,9,998,1,8,-1,3,-1
2015520505476,1,9,0,18,0,0,2,0,5,6,3,1,6,1,21,5,1149,1,12,-1,3,-1
2015520505478,1,9,0,18,0,0,0,0,0,0,1,1,6,1,19,4,1598,1,10,-1,3,-1
2015520505479,1,11,0,9,0,1,0,0,0,0,0,1,6,1,61,9,5900,2,18,-1,1,-1
2015520505486,1,11,0,17,0,0,0,0,0,0,2,1,1,1,36,7,4250,2,5,-1,1,-1
2015520505486,2,9,0,16,0,0,0,0,0,0,1,1,6,1,20,4,1242,1,15,-1,-1,-1
2015520505490,1,9,0,9,0,8,0,0,0,0,1,1,6,2,19,4,998,1,2,-1,2,-1
2015520505490,2,9,0,7,0,8,0,0,0,0,2,1,6,1,43,7,4164,2,8,-1,-1,-1
2015520505505,1,1,0,18,6,0,0,0,0,0,3,1,6,1,11,3,-1,-1,-1,-1,1,-1
2015520505505,2,9,0,18,0,0,0,0,0,0,4,1,6,1,25,5,-1,-1,-1,-1,-1,-1
2015520505533,1,19,0,2,0,5,0,0,0,0,1,1,1,3,-1,-1,2402,2,11,-1,-1,-1
2015520505533,2,9,0,18,0,5,0,0,0,0,1,1,6,2,60,9,1995,2,11,-1,-1,-1
2015520505535,1,9,0,18,0,0,0,0,0,0,1,1,6,1,77,11,1386,1,4,-1,2,-1
2015520505535,2,9,0,3,0,0,0,0,0,0,2,1,6,2,57,9,1598,1,9,-1,2,-1
2015520505535,3,9,0,3,0,0,0,0,0,0,2,1,6,1,44,7,2184,2,9,-1,2,-1
2015520505535,4,9,0,3,0,0,0,0,0,0,2,1,6,2,32,6,1910,2,10,-1,2,-1
2015520505536,1,9,0,10,0,0,0,0,0,0,2,1,6,1,44,7,1956,2,3,-1,2,-1
2015520505536,2,9,0,3,0,0,0,0,0,0,2,1,6,1,46,8,1399,2,11,-1,1,-1
2015520505536,3,9,0,17,0,0,0,0,0,0,1,1,6,1,19,4,1984,1,10,-1,1,-1
2015520505547,1,21,1,18,0,2,0,0,0,0,1,1,6,1,69,10,-1,-1,-1,-1,3,-1
2015520505547,2,9,0,18,0,2,0,0,0,0,3,1,6,1,65,9,1422,2,10,-1,1,-1
2015520505548,1,9,0,9,0,8,0,0,0,0,1,1,6,1,53,8,1598,1,15,-1,2,-1
2015520505548,2,9,0,18,0,8,0,0,0,0,1,1,6,1,24,5,1598,1,13,-1,1,-1
2015520505548,3,9,0,3,0,8,0,0,0,0,1,1,6,1,65,9,4367,2,2,-1,3,-1
2015520505561,1,19,0,18,0,1,0,0,0,0,2,1,1,3,-1,-1,-1,-1,-1,-1,-1,-1
2015520505574,1,9,0,17,0,0,0,0,0,0,1,1,6,1,35,6,1997,2,13,-1,1,-1
2015520505574,2,9,0,5,0,0,0,0,1,4,3,1,6,1,63,9,1461,2,3,-1,1,-1
2015520505588,1,9,0,18,0,8,0,0,0,0,1,1,6,1,25,5,-1,-1,-1,-1,2,-1
2015520505588,2,9,0,18,0,8,0,0,0,0,1,1,6,2,29,6,1761,1,16,-1,3,-1
2015520505590,1,9,0,10,0,5,0,0,0,0,3,1,6,2,38,7,1896,2,8,-1,1,-1
2015520505590,2,19,0,18,0,1,0,0,0,0,1,1,6,1,31,6,2148,2,11,-1,1,-1
2015520505591,1,9,0,18,0,0,0,0,0,0,1,1,6,1,27,6,1997,2,15,-1,1,-1
2015520505591,2,9,0,2,0,0,0,0,0,0,1,1,6,3,-1,-1,-1,-1,-1,-1,-1,-1
2015520505601,1,9,0,18,0,8,0,0,0,0,1,1,6,1,74,10,1198,1,9,-1,1,-1
2015520505601,2,2,0,9,0,8,0,0,0,0,3,1,6,1,54,8,49,1,2,-1,3,-1
2015520505621,1,19,0,9,0,5,0,0,0,0,4,1,1,1,33,6,2198,2,-1,-1,1,-1
2015520505621,2,1,0,18,0,1,0,0,0,0,1,1,6,1,52,8,-1,-1,-1,-1,3,-1
2015520505626,1,9,0,18,0,0,0,0,0,0,1,1,6,1,47,8,2000,1,16,-1,3,-1
2015520505626,2,9,0,18,0,0,0,0,0,0,1,1,6,2,54,8,1598,1,3,-1,3,-1
2015520505626,3,9,0,18,0,0,0,0,0,0,1,1,6,2,28,6,1242,1,-1,-1,1,-1
2015520505630,1,9,0,18,0,0,0,0,0,0,1,1,6,2,44,7,1998,1,11,-1,1,-1
2015520505630,2,1,0,18,0,0,0,0,0,0,1,1,6,1,53,8,-1,-1,-1,-1,1,-1
2015520505645,1,9,0,2,0,0,0,0,0,0,2,1,6,3,-1,-1,1598,1,11,-1,-1,-1
2015520505645,2,9,0,18,0,0,0,0,0,0,1,1,6,1,72,10,1796,1,8,-1,1,-1
2015520505645,3,9,0,2,0,0,0,0,0,0,3,1,6,3,-1,-1,-1,-1,-1,-1,-1,-1
2015520505645,4,9,0,18,0,0,0,0,0,0,3,1,6,1,75,10,1870,2,14,-1,1,-1
2015520505645,5,9,0,18,0,0,0,0,0,0,3,1,6,1,35,6,-1,-1,-1,-1,1,-1
2015520505672,1,9,0,2,0,0,0,0,0,0,2,1,6,2,63,9,1598,1,8,-1,1,-1
2015520505672,2,9,0,18,0,0,0,0,0,0,1,1,6,2,88,11,1275,1,16,-1,3,-1
2015520505672,3,9,0,2,0,0,0,0,0,0,2,1,6,3,-1,-1,-1,-1,-1,-1,-1,-1
2015520505687,1,1,0,18,0,0,0,0,1,9,1,1,6,1,51,8,-1,-1,-1,-1,1,-1
2015520505687,2,9,0,15,0,0,0,0,0,0,1,1,6,3,30,6,-1,-1,-1,-1,-1,-1
2015520505692,1,9,0,18,0,0,0,0,0,0,1,1,6,3,53,8,-1,-1,-1,-1,1,-1
2015520505693,1,9,0,3,0,0,0,0,0,0,0,1,6,2,47,8,-1,-1,-1,-1,1,-1
2015520505693,2,9,0,5,0,0,0,0,0,0,1,1,6,3,-1,-1,1997,1,13,-1,-1,-1
2015520505699,1,9,0,7,0,8,0,0,0,0,2,1,6,2,36,7,1560,2,-1,-1,1,-1
2015520505699,2,9,0,7,0,8,0,0,0,0,1,1,6,1,-1,-1,-1,-1,-1,-1,1,-1
2015520505701,1,9,0,18,0,0,1,0,0,0,1,1,6,1,22,5,2494,1,17,-1,1,-1
2015520505701,2,9,0,10,0,0,0,0,0,0,2,1,6,1,50,8,1560,2,5,-1,1,-1
2015520505701,3,9,0,18,0,0,0,0,0,0,0,1,6,1,51,8,1686,2,2,-1,-1,-1
2015520505715,1,19,0,18,0,0,0,0,0,0,1,1,6,3,-1,-1,-1,-1,-1,-1,-1,-1
2015520505715,2,1,0,18,0,0,0,0,0,0,1,1,6,1,20,4,-1,-1,-1,-1,-1,-1
2015520505730,1,9,0,10,0,8,0,0,0,0,2,1,6,2,25,5,1242,1,10,-1,1,-1
2015520505730,2,9,0,18,0,8,0,0,0,0,1,1,6,2,69,10,1896,1,17,-1,3,-1
2015520505735,1,9,0,18,0,0,0,0,0,0,3,1,6,2,61,9,1368,1,4,-1,3,-1
2015520505735,2,9,0,18,0,0,0,0,0,0,3,1,6,1,30,6,-1,-1,-1,-1,1,-1
2015520505742,1,9,0,17,0,0,2,0,1,10,1,1,6,1,19,4,-1,-1,-1,-1,2,-1
2015520505746,1,9,0,17,0,0,0,0,7,3,2,1,6,1,23,5,1590,1,14,-1,3,-1
2015520505756,1,9,0,17,0,1,0,0,0,0,1,1,6,2,22,5,1198,1,8,-1,3,-1
2015520505756,2,9,0,18,0,2,0,0,0,0,2,1,6,1,30,6,1199,1,13,-1,1,-1
2015520505761,1,9,0,18,0,0,0,0,8,0,4,1,6,1,66,10,1560,2,4,-1,1,-1
2015520505764,1,9,0,4,0,1,0,0,0,0,2,1,6,1,24,5,1422,2,10,-1,1,-1
2015520505764,2,3,0,4,0,1,0,0,0,0,1,1,6,1,16,4,-1,-1,-1,-1,1,-1
2015520505772,1,9,0,18,0,0,0,0,1,4,1,1,6,1,22,5,1242,1,14,-1,2,-1
2015520505776,1,9,0,9,0,5,0,0,0,0,1,1,6,2,20,4,1229,1,6,-1,1,-1
2015520505776,2,9,0,18,0,1,0,0,0,0,1,1,6,1,19,4,1149,1,12,-1,2,-1
2015520505788,1,9,0,5,0,6,0,0,0,0,1,1,6,1,57,9,-1,-1,-1,-1,1,-1
2015520505788,2,2,0,17,0,1,0,0,0,0,1,1,6,1,16,4,49,1,1,-1,1,-1
2015520505790,1,4,0,18,0,3,0,0,0,0,4,1,6,1,53,8,800,1,2,-1,2,-1
2015520505790,2,9,0,18,0,3,0,0,0,0,4,1,6,1,64,9,1198,1,3,-1,1,-1
2015520505791,1,9,0,13,0,0,0,0,0,0,1,1,6,3,-1,-1,-1,-1,-1,-1,-1,-1
2015520505791,2,1,0,18,0,0,0,0,0,0,1,1,6,1,44,7,-1,-1,-1,-1,1,-1
2015520505803,1,20,0,18,0,0,0,0,1,4,3,1,6,1,61,9,11705,2,10,-1,3,-1
2015520505805,1,9,0,18,0,0,0,0,0,0,1,1,6,1,73,10,-1,-1,-1,-1,1,-1
2015520505805,2,9,0,18,0,0,0,0,0,0,1,1,6,1,81,11,1992,2,9,-1,1,-1
2015520505806,1,9,0,16,0,0,0,0,0,0,1,1,6,1,23,5,2494,1,13,-1,2,-1
2015520505806,2,9,0,2,0,0,0,4,0,0,2,1,6,1,43,7,-1,-1,-1,-1,2,-1
2015520505820,1,21,1,4,0,0,0,0,0,0,2,1,6,1,36,7,9200,2,7,-1,1,-1
2015520505820,2,9,0,18,0,0,0,0,0,0,1,1,6,1,47,8,1560,2,7,-1,1,-1
2015520505824,1,9,0,17,0,0,5,0,7,0,3,1,6,1,50,8,-1,-1,-1,-1,3,-1
2015520505827,1,9,0,14,0,1,1,0,0,0,1,1,6,1,26,6,1390,1,14,-1,3,-1
2015520505827,2,9,0,14,0,1,1,0,0,0,2,1,6,2,51,8,1560,2,1,-1,3,-1
2015520505827,3,11,0,5,0,1,0,0,0,0,0,1,6,1,45,7,-1,-1,-1,-1,-1,-1
2015520505833,1,9,0,18,0,8,5,0,1,10,1,1,6,1,47,8,998,1,11,-1,1,-1
2015520505833,2,9,0,18,0,8,0,0,0,0,1,1,6,1,23,5,1390,1,12,-1,1,-1
2015520505833,3,9,0,4,0,8,0,0,0,0,3,1,6,1,32,6,-1,-1,-1,-1,1,-1
2015520505837,1,9,0,3,0,2,0,0,0,0,2,1,6,2,25,5,1422,2,7,-1,3,-1
2015520505837,2,9,0,3,0,2,0,0,0,0,2,1,6,1,35,6,1461,2,-1,-1,1,-1
2015520505837,3,9,0,4,0,2,0,0,0,0,1,1,6,1,21,5,2198,2,10,-1,3,-1
2015520505843,1,9,0,18,0,0,0,0,0,0,1,1,6,2,34,6,1560,2,3,-1,2,-1
2015520505849,1,9,0,18,0,0,1,0,1,7,4,1,6,1,61,9,1596,1,14,-1,1,-1
2015520505849,2,9,3,18,0,0,5,0,0,0,3,1,6,2,51,8,1997,2,11,-1,2,-1
2015520505855,1,9,0,18,0,8,0,0,0,0,3,1,6,2,22,5,2993,2,1,-1,1,-1
2015520505855,2,9,0,5,0,8,0,0,0,0,1,1,6,1,30,6,1968,2,2,-1,1,-1
2015520505864,1,9,0,18,0,1,0,0,0,0,0,1,6,1,30,6,1997,2,13,-1,3,-1
2015520505864,2,9,0,18,0,6,0,0,0,0,0,1,6,3,-1,-1,-1,-1,-1,-1,-1,-1
2015520505868,1,9,0,18,0,2,0,0,0,0,1,1,6,1,55,8,2496,2,8,-1,2,-1
2015520505868,2,9,0,18,0,1,0,0,0,0,1,1,6,1,56,9,1248,1,2,-1,3,-1
2015520505881,1,1,0,18,0,0,0,0,0,0,3,1,6,1,45,7,-1,-1,-1,-1,1,-1
2015520505881,2,22,0,9,0,0,0,0,0,0,0,1,6,3,-1,-1,-1,-1,-1,-1,-1,-1
2015520505881,3,9,0,18,0,0,0,0,0,0,3,1,6,3,-1,-1,-1,-1,-1,-1,-1,-1
2015520505894,1,5,0,17,0,0,0,0,1,10,1,1,6,1,51,8,998,1,6,-1,2,-1
2015520505908,1,9,0,1,0,0,0,0,0,0,2,1,6,1,60,9,2143,2,1,-1,-1,-1
2015520505938,1,9,0,3,0,0,0,0,0,0,2,1,6,1,50,8,1896,2,10,-1,1,-1
2015520505938,2,9,0,18,0,0,0,0,0,0,1,1,6,1,18,4,1390,1,12,-1,-1,-1
2015520505938,3,9,0,4,0,0,0,0,0,0,2,1,6,1,75,10,1796,1,11,-1,-1,-1
2015520505941,1,9,0,18,0,8,0,0,0,0,1,1,6,1,40,7,1686,2,4,-1,1,-1
2015520505941,2,1,0,7,0,4,0,0,0,0,3,1,6,1,60,9,-1,-1,-1,-1,2,-1
2015520505950,1,9,0,18,0,0,0,0,0,0,4,1,6,1,31,6,1968,2,3,-1,2,-1
2015520505950,2,9,0,2,0,0,0,0,0,0,2,1,6,1,42,7,1995,2,7,-1,3,-1
2015520505956,1,9,0,4,0,0,0,0,0,0,2,1,6,2,28,6,1560,2,9,-1,1,-1
2015520505956,2,9,0,4,0,0,0,0,0,0,1,1,6,2,45,7,1560,2,11,-1,1,-1
2015520505956,3,9,0,3,0,0,0,0,0,0,2,1,6,2,32,6,1398,1,3,-1,2,-1
2015520505956,4,9,0,18,0,0,0,0,0,0,1,1,6,1,64,9,3200,2,14,-1,1,-1
2015520505965,1,9,0,13,0,2,0,0,0,0,1,1,6,2,33,6,1124,1,14,-1,1,-1
2015520505965,2,9,0,18,0,1,0,0,0,0,1,1,6,1,36,7,-1,-1,-1,-1,1,-1
2015520505972,1,9,0,18,0,8,0,0,0,0,1,1,6,3,25,5,1596,1,15,-1,-1,-1
2015520505977,1,19,0,18,0,1,0,0,0,0,1,1,1,1,26,6,2402,2,13,-1,2,-1
2015520505977,2,9,0,7,0,5,1,0,1,0,4,1,6,1,53,8,1995,2,3,-1,2,-1
2015520505977,3,9,0,7,0,1,0,0,0,0,3,1,6,1,81,11,-1,-1,-1,-1,1,-1
2015520505991,1,9,0,18,0,0,0,0,0,0,1,1,6,1,40,7,1198,1,8,-1,3,-1
2015520505991,2,9,0,18,0,0,0,0,0,0,3,1,6,1,32,6,-1,-1,-1,-1,1,-1
2015520505994,1,9,0,18,0,0,0,11,4,6,4,1,6,2,22,5,1796,1,12,-1,1,-1
2015520505994,2,9,0,18,0,0,0,11,0,0,3,1,6,1,67,10,-1,-1,-1,-1,2,-1
2015520505994,3,9,0,18,0,0,0,11,0,0,1,1,6,2,65,9,1360,1,8,-1,1,-1
2015520506003,1,9,0,18,0,8,0,0,0,0,1,1,2,2,29,6,-1,-1,-1,-1,1,-1
2015520506003,2,1,0,9,0,6,0,0,0,0,3,1,6,1,10,2,-1,-1,-1,-1,1,-1
2015520506021,1,9,0,18,0,0,0,12,7,1,1,1,6,1,78,11,999,1,6,-1,1,-1
2015520506053,1,1,0,4,0,8,1,0,0,0,1,1,6,1,27,6,-1,-1,-1,-1,1,-1
2015520506053,2,9,0,9,0,1,0,0,0,0,3,1,6,2,22,5,1590,1,14,-1,2,-1
2015520506060,1,9,0,4,0,0,0,0,0,0,2,1,6,1,25,5,1951,2,10,-1,2,-1
2015520506060,2,9,0,18,0,0,0,0,0,0,1,1,6,1,45,7,2720,2,8,-1,-1,-1
2015520506085,1,9,0,18,0,8,5,0,1,10,1,1,6,1,56,9,-1,-1,-1,-1,1,-1
2015520506085,2,9,0,18,0,8,0,0,0,0,1,1,6,2,77,11,1598,1,9,-1,3,-1
2015520506086,1,9,0,18,0,1,0,0,0,0,1,1,6,2,32,6,1796,1,15,-1,1,-1
2015520506086,2,9,0,9,0,5,0,0,0,0,1,1,6,1,62,9,-1,-1,-1,-1,-1,-1
2015520506092,1,9,0,4,0,1,0,0,0,0,2,1,6,1,64,9,1798,8,2,-1,2,-1
2015520506092,2,9,0,4,0,1,0,0,0,0,2,1,6,1,39,7,1997,1,13,-1,3,-1
2015520506092,3,9,0,4,0,1,0,0,0,0,1,1,6,2,20,4,1298,1,18,-1,2,-1
2015520506093,1,9,0,18,0,0,0,0,0,0,4,1,6,1,-1,-1,1796,1,13,-1,1,-1
2015520506093,2,9,0,18,0,0,0,0,0,0,1,1,6,1,48,8,1582,2,3,-1,2,-1
2015520506093,3,9,0,18,0,0,0,0,0,0,1,1,6,1,68,10,1968,2,8,-1,1,-1
2015520506101,1,9,0,18,0,8,0,0,0,0,1,1,6,2,40,7,1998,2,8,-1,1,-1
2015520506101,2,9,0,9,0,8,0,0,0,0,1,1,6,1,73,10,2996,1,9,-1,3,-1
2015520506102,1,9,0,4,0,8,0,0,0,0,2,1,6,2,56,9,-1,-1,-1,-1,1,-1
2015520506102,2,9,0,4,0,8,0,0,0,0,1,1,6,2,31,6,1984,1,14,-1,3,-1
2015520506102,3,9,0,18,0,8,0,0,0,0,1,1,6,1,26,6,1587,1,14,-1,1,-1
2015520506125,1,9,0,9,0,5,0,0,0,0,1,1,6,1,18,4,1149,1,13,-1,3,-1
2015520506125,2,5,0,5,0,6,0,0,0,0,1,1,6,1,51,8,999,1,1,-1,1,-1
2015520506128,1,9,0,18,0,0,0,0,0,0,2,1,2,2,40,7,1997,2,8,-1,3,-1
2015520506128,2,9,0,18,0,0,0,0,0,0,1,1,6,2,25,5,2435,1,13,-1,2,-1
2015520506146,1,9,0,18,0,0,0,0,0,0,1,1,6,1,17,4,1360,1,13,-1,1,-1
2015520506146,2,9,0,18,0,0,0,0,0,0,2,1,6,1,44,7,-1,-1,-1,-1,1,-1
2015520506152,1,9,0,4,0,0,0,0,0,0,2,1,6,1,31,6,2792,1,18,-1,1,-1
2015520506152,2,9,0,4,0,0,1,0,0,0,1,1,6,1,19,4,1242,1,12,-1,1,-1
2015520506159,1,9,0,18,0,0,0,0,0,0,1,1,6,1,23,5,2494,1,17,-1,2,-1
2015520506159,2,9,0,18,0,0,0,0,0,0,1,1,6,1,29,6,1598,1,9,-1,3,-1
2015520506166,1,9,0,4,0,0,0,0,0,0,2,1,6,1,53,8,1896,2,12,-1,3,-1
2015520506166,2,1,0,18,0,0,0,0,0,0,1,1,6,1,21,5,-1,-1,-1,-1,3,-1
2015520506191,1,9,0,4,0,1,0,0,0,0,4,1,6,1,53,8,1968,2,9,-1,1,-1
2015520506207,1,9,0,18,0,0,0,0,0,0,0,1,6,1,-1,-1,-1,-1,-1,-1,3,-1
2015520506207,2,16,0,18,0,0,0,0,0,0,0,1,6,2,48,8,-1,-1,-1,-1,3,-1
2015520506231,1,9,0,13,0,1,0,0,0,0,1,1,6,1,47,8,1984,1,1,-1,1,-1
2015520506231,2,9,0,10,0,1,0,0,0,0,4,1,6,1,-1,-1,1560,2,11,-1,3,-1
2015520506231,3,9,0,18,0,1,0,0,0,0,1,1,6,1,-1,-1,1968,2,2,-1,3,-1
2015520506231,4,9,0,18,0,8,0,0,0,0,0,1,6,1,25,5,1493,2,9,-1,-1,-1
2015520506231,5,20,0,18,0,1,0,0,0,0,3,1,6,1,26,6,-1,-1,-1,-1,2,-1
2015520506247,1,9,0,16,0,0,0,0,0,0,1,1,6,1,18,4,-1,-1,-1,-1,1,-1
2015520506247,2,9,0,17,0,0,0,0,0,0,1,1,6,1,47,8,-1,-1,-1,-1,1,-1
2015520506248,1,9,0,18,0,0,0,0,0,0,1,1,6,1,62,9,-1,-1,-1,-1,2,-1
2015520506248,2,9,0,18,0,0,0,0,0,0,1,1,6,2,72,10,-1,-1,-1,-1,1,-1
2015520506248,3,9,0,18,0,0,0,0,0,0,2,1,6,1,52,8,2179,2,8,-1,1,-1
2015520506248,4,9,0,18,0,0,0,0,0,0,1,1,6,1,42,7,998,1,10,-1,1,-1
2015520506251,1,9,0,16,0,0,0,0,8,10,4,1,6,1,55,8,1870,2,11,-1,2,-1