Accident_Index,Vehicle_Reference,Vehicle_Type,Towing_and_Articulation,Vehicle_Manoeuvre,Vehicle_Location-Restricted_Lane,Junction_Location,Skidding_and_Overturning,Hit_Object_in_Carriageway,Vehicle_Leaving_Carriageway,Hit_Object_off_Carriageway,1st_Point_of_Impact,Was_Vehicle_Left_Hand_Drive?,Journey_Purpose_of_Driver,Sex_of_Driver,Age_of_Driver,Age_Band_of_Driver,Engine_Capacity_(CC),Propulsion_Code,Age_of_Vehicle,Driver_IMD_Decile,Driver_Home_Area_Type,Vehicle_IMD_Decile
2015520507281,4,9,0,18,0,0,0,0,0,0,1,1,6,1,50,8,1248,2,9,-1,3,-1
2015520507281,5,9,0,18,0,0,0,0,0,0,1,1,6,3,-1,-1,-1,-1,-1,-1,-1,-1
2015520507292,1,9,0,5,0,6,0,0,0,0,1,1,6,1,39,7,1598,1,1,-1,3,-1
2015520507297,1,9,0,5,0,1,0,0,0,0,3,1,6,1,60,9,1798,1,5,-1,1,-1
2015520507297,2,9,0,18,0,1,0,0,0,0,3,1,6,1,43,7,1299,1,12,-1,2,-1
2015520507302,1,9,0,18,0,1,0,0,0,0,4,1,6,1,60,9,-1,-1,-1,-1,-1,-1
2015520507306,1,1,0,18,0,1,0,0,0,0,1,1,2,1,41,7,-1,-1,-1,-1,1,-1
2015520507306,2,9,0,7,0,5,0,0,0,0,1,1,2,2,50,8,1248,1,6,-1,-1,-1
2015520507309,1,9,0,16,0,0,1,0,0,0,1,1,6,1,21,5,1596,1,13,-1,3,-1
2015520507309,2,9,0,14,0,0,0,0,0,0,1,1,6,1,74,10,1339,1,1,-1,1,-1
2015520507309,3,20,0,2,0,0,0,0,0,0,0,1,6,1,35,6,-1,-1,-1,-1,2,-1
2015520507311,1,9,0,4,0,8,0,0,0,0,2,1,6,2,18,4,1198,1,10,-1,3,-1
2015520507311,2,9,0,18,0,8,0,0,0,0,1,1,6,1,44,7,1995,2,1,-1,1,-1
2015520507326,1,9,0,13,0,0,0,0,0,0,4,1,6,2,58,9,1997,1,7,-1,2,-1
2015520507326,2,1,0,18,0,0,0,10,1,0,3,1,6,2,26,6,-1,-1,-1,-1,1,-1
2015520507331,1,21,0,18,0,0,0,0,0,0,2,1,1,1,52,8,2998,2,4,-1,1,-1
2015520507331,2,19,0,18,0,0,0,0,0,0,1,1,6,2,59,9,2198,2,8,-1,3,-1
2015520507334,1,9,0,13,0,8,0,0,0,0,1,1,6,1,31,6,1598,1,15,-1,2,-1
2015520507334,2,1,0,10,0,5,0,0,0,0,3,1,6,1,42,7,-1,-1,-1,-1,-1,-1
2015520507356,1,9,0,3,0,0,0,0,0,0,2,1,6,1,55,8,1560,2,-1,-1,1,-1
2015520507356,2,9,0,18,0,0,0,0,0,0,1,1,6,2,18,4,1124,1,17,-1,1,-1
2015520507358,1,9,0,18,0,0,0,0,0,0,3,1,6,1,22,5,1781,1,17,-1,1,-1
2015520507358,2,9,0,2,0,0,0,0,0,0,4,1,6,3,-1,-1,1587,1,15,-1,-1,-1
2015520507358,3,9,0,5,0,0,0,0,0,0,4,1,6,1,44,7,-1,-1,-1,-1,1,-1
2015520507362,1,9,0,18,0,1,0,0,0,0,1,1,6,1,27,6,-1,-1,-1,-1,3,-1
2015520507362,2,9,0,9,0,1,0,0,0,0,4,1,6,2,65,9,1197,1,4,-1,1,-1
2015520507391,1,9,0,2,0,0,0,0,0,0,1,1,6,1,30,6,2488,7,7,-1,-1,-1
2015520507391,2,9,0,18,0,0,0,0,0,0,1,1,6,3,-1,-1,1596,1,11,-1,-1,-1
2015520507429,1,9,0,4,0,0,0,0,0,0,2,1,6,2,45,7,1242,1,6,-1,2,-1
2015520507429,2,9,0,18,0,0,0,0,0,0,1,1,6,2,26,6,1560,2,7,-1,1,-1
2015520507429,3,9,0,4,0,0,0,0,0,0,1,1,6,2,44,7,1198,1,1,-1,2,-1
2015520507434,1,9,0,5,0,8,0,0,0,0,1,1,6,2,37,7,1360,1,11,-1,2,-1
2015520507434,2,9,0,3,0,8,0,0,0,0,2,1,6,2,38,7,1968,2,2,-1,3,-1
2015520507439,1,9,0,18,0,0,0,0,0,0,1,1,6,1,31,6,-1,-1,-1,-1,1,-1
2015520507439,2,1,0,18,0,0,0,0,0,0,1,1,6,1,51,8,-1,-1,-1,-1,1,-1
2015520507445,1,9,0,18,0,8,0,0,0,0,4,1,6,1,35,6,-1,-1,-1,-1,1,-1
2015520507445,2,1,0,7,0,8,0,0,0,0,1,1,6,1,16,4,-1,-1,-1,-1,3,-1
2015520507446,1,9,0,10,0,1,0,0,0,0,2,1,6,2,30,6,1997,1,13,-1,1,-1
2015520507446,2,9,0,18,0,1,0,0,0,0,1,1,6,1,31,6,1984,1,13,-1,1,-1
2015520507463,1,9,0,18,0,0,5,4,7,0,4,1,6,1,88,11,1386,1,7,-1,1,-1
2015520507463,2,9,0,2,0,0,0,0,0,0,3,1,6,3,-1,-1,1984,1,15,-1,-1,-1
2015520507489,1,9,0,4,0,0,0,0,0,0,2,1,6,1,54,8,1998,2,-1,-1,2,-1
2015520507489,2,9,0,18,0,0,0,0,0,0,1,1,6,1,19,4,-1,-1,-1,-1,2,-1
2015520507492,1,3,0,14,0,1,0,0,7,9,1,1,6,1,19,4,124,1,1,-1,1,-1
2015520507492,2,9,0,9,0,1,0,0,0,0,3,1,6,1,23,5,1600,1,17,-1,1,-1
2015520507509,1,9,0,7,0,8,0,0,0,0,4,1,6,1,66,10,-1,-1,-1,-1,1,-1
2015520507511,1,9,0,16,0,0,5,0,7,0,4,1,6,1,18,4,1149,1,12,-1,2,-1
2015520507511,2,9,0,16,0,0,0,0,7,10,1,1,6,1,18,4,1596,1,1,-1,2,-1
2015520507512,1,9,0,4,0,0,0,0,0,0,2,1,6,1,32,6,-1,-1,-1,-1,3,-1
2015520507512,2,9,0,18,0,0,0,0,0,0,2,1,6,2,37,7,1910,2,6,-1,2,-1
2015520507512,3,9,0,18,0,0,0,0,0,0,1,1,6,2,37,7,-1,-1,-1,-1,2,-1
2015520507518,1,9,0,18,0,8,0,0,0,0,0,1,6,2,28,6,1299,1,14,-1,1,-1
2015520507518,2,9,0,7,0,8,0,0,0,0,0,1,6,2,61,9,1870,2,8,-1,1,-1
2015520507524,1,2,0,14,0,2,0,0,0,0,4,1,6,1,17,4,49,1,8,-1,1,-1
2015520507524,2,9,0,2,0,2,0,0,0,0,3,1,6,3,50,8,-1,-1,-1,-1,-1,-1
2015520507533,1,9,0,18,0,8,0,0,0,0,1,1,6,2,31,6,1360,1,8,-1,1,-1
2015520507533,2,9,0,5,0,6,0,0,0,0,3,1,6,2,43,7,3000,1,13,-1,3,-1
2015520507557,1,9,0,4,0,0,0,0,0,0,2,1,6,2,45,7,1753,2,9,-1,2,-1
2015520507557,2,9,0,18,0,0,0,0,0,0,1,1,6,1,83,11,1364,1,7,-1,2,-1
2015520507557,3,9,0,18,0,0,0,0,0,0,2,1,6,2,38,7,1995,2,12,-1,1,-1
2015520507557,4,9,0,18,0,0,0,0,0,0,1,1,6,2,22,5,1753,2,11,-1,1,-1
2015520507566,1,1,0,18,0,0,0,0,0,0,3,1,6,2,34,6,-1,-1,-1,-1,2,-1
2015520507566,2,9,0,18,0,0,0,0,0,0,4,1,6,3,-1,-1,2835,2,20,-1,-1,-1
2015520507570,1,9,0,18,0,0,0,0,0,0,3,1,6,2,30,6,1296,1,7,-1,1,-1
2015520507570,2,9,0,18,0,0,0,0,0,0,1,1,6,2,42,7,1560,2,4,-1,3,-1
2015520507572,1,9,0,4,0,0,0,0,1,0,3,1,6,1,58,9,1388,1,12,-1,1,-1
2015520507572,2,9,0,18,0,0,0,0,0,0,4,1,6,1,35,6,1560,2,9,-1,-1,-1
2015520507599,1,20,0,18,0,0,0,0,0,0,3,1,6,1,78,11,-1,-1,-1,-1,2,-1
2015520507599,2,20,1,18,0,0,0,0,0,0,3,1,6,1,64,9,-1,-1,-1,-1,2,-1
2015520507604,1,9,0,18,0,0,0,0,0,0,3,1,6,2,84,11,1390,1,11,-1,2,-1
2015520507604,2,20,0,18,0,0,5,0,0,0,0,1,6,1,48,8,-1,-1,-1,-1,1,-1
2015520507606,1,9,0,9,0,6,0,0,0,0,1,1,6,2,58,9,1587,1,10,-1,3,-1
2015520507606,2,9,0,18,0,1,0,0,0,0,1,1,6,2,66,10,1229,1,10,-1,3,-1
2015520507613,1,19,0,18,0,0,0,0,0,0,0,1,1,3,-1,-1,-1,-1,-1,-1,-1,-1
2015520507615,1,9,0,18,0,0,0,0,1,1,3,1,6,1,28,6,1590,1,13,-1,1,-1
2015520507651,1,9,0,18,0,0,0,0,0,0,1,1,6,1,25,5,1997,1,15,-1,-1,-1
2015520507651,2,9,0,18,0,0,0,0,0,0,1,1,6,2,55,8,1242,1,17,-1,3,-1
2015520507651,3,9,0,18,0,0,0,0,0,0,1,1,6,1,31,6,-1,-1,-1,-1,2,-1
2015520507657,1,9,0,18,0,0,0,0,0,6,1,1,6,1,18,4,973,1,14,-1,1,-1
2015520507713,1,9,0,18,0,0,0,0,0,0,1,1,1,1,92,11,1198,1,7,-1,1,-1
2015520507723,1,9,0,9,0,8,0,0,0,0,0,1,6,2,19,4,1124,1,14,-1,-1,-1
2015520507723,2,1,0,18,0,8,1,0,0,0,0,1,6,2,44,7,-1,-1,-1,-1,-1,-1
2015520507748,1,19,0,18,0,0,0,0,0,0,4,1,6,1,47,8,1870,2,10,-1,3,-1
2015520507748,2,9,0,17,0,0,0,0,0,0,2,1,6,1,20,4,1000,1,15,-1,-1,-1
2015520507757,1,9,0,18,0,8,0,0,0,0,1,1,6,2,50,8,-1,-1,-1,-1,3,-1
2015520507757,2,9,0,18,0,8,0,0,0,0,1,1,6,2,52,8,-1,-1,-1,-1,1,-1
2015520507757,3,9,0,2,0,8,0,0,0,0,0,1,6,1,28,6,1986,2,7,-1,2,-1
2015520507774,1,1,0,18,0,1,0,0,0,0,3,1,1,1,51,8,-1,-1,-1,-1,3,-1
2015520507774,2,9,0,18,0,2,0,0,0,0,3,1,6,3,-1,-1,-1,-1,-1,-1,-1,-1
2015520507780,1,9,0,14,0,0,0,0,0,0,0,1,6,1,51,8,-1,-1,-1,-1,1,-1
2015520507780,2,3,0,18,0,0,0,0,0,0,0,1,6,1,20,4,124,1,6,-1,3,-1
2015520507780,3,9,0,2,0,0,0,0,0,0,0,1,6,3,-1,-1,-1,-1,-1,-1,-1,-1
2015520507805,1,16,0,7,0,0,0,0,0,0,0,1,6,2,16,4,-1,-1,-1,-1,2,-1
2015520507805,2,20,0,18,0,0,0,0,0,0,0,1,1,3,-1,-1,-1,-1,-1,-1,-1,-1
2015520507819,1,9,0,4,0,1,0,0,0,0,2,1,6,2,31,6,1598,1,7,-1,1,-1
2015520507819,2,9,0,18,0,1,0,0,0,0,1,1,6,1,26,6,-1,-1,-1,-1,1,-1
2015520507821,1,9,0,18,0,0,0,0,0,0,1,1,6,2,50,8,796,1,13,-1,1,-1
2015520507822,1,9,0,9,0,5,0,0,0,0,1,1,6,1,87,11,1390,1,10,-1,1,-1
2015520507822,2,1,0,9,0,5,0,0,0,0,1,1,6,1,27,6,-1,-1,-1,-1,1,-1
2015520507825,1,19,0,18,0,0,0,0,0,0,1,1,6,1,54,8,-1,-1,-1,-1,1,-1
2015520507825,2,19,0,18,0,0,0,0,0,0,2,1,6,1,39,7,6693,2,1,-1,1,-1
2015520507825,3,19,0,18,0,0,0,1,0,0,2,1,6,1,24,5,2299,2,18,-1,1,-1
2015520507825,4,21,0,18,0,0,0,0,0,0,2,1,6,1,61,9,11946,2,3,-1,1,-1
2015520507846,1,9,0,9,0,6,0,0,0,0,3,1,2,2,22,5,1984,1,9,-1,2,-1
2015520507846,2,5,0,18,0,8,0,0,0,0,1,1,6,1,78,11,598,1,17,-1,-1,-1
2015520507854,1,9,0,18,0,1,0,0,0,0,1,1,6,1,20,4,1388,1,11,-1,1,-1
2015520507865,1,2,0,13,0,8,0,0,0,0,3,1,6,2,16,4,49,1,4,-1,2,-1
2015520507865,2,9,0,9,0,8,0,0,0,0,4,1,6,1,18,4,1242,1,13,-1,1,-1
2015520507866,1,9,0,17,0,0,0,0,0,0,1,1,6,2,67,10,1390,1,13,-1,1,-1
2015520507866,2,9,0,18,0,0,0,0,0,0,1,1,6,1,40,7,2494,2,2,-1,2,-1
2015520507898,1,9,0,18,0,0,0,0,0,0,2,1,6,1,45,7,-1,-1,-1,-1,3,-1
2015520507898,2,9,0,18,0,0,0,0,1,0,1,1,6,1,27,6,1995,2,10,-1,1,-1
2015520507903,1,17,0,17,0,8,0,0,0,0,1,1,1,1,30,6,4400,2,-1,-1,1,-1
2015520507903,2,2,0,16,0,8,0,0,0,0,1,1,6,2,16,4,49,1,-1,-1,3,-1
2015520507931,1,9,0,9,0,8,0,0,0,0,1,1,6,1,84,11,1388,1,12,-1,1,-1
2015520507931,2,9,0,18,0,8,0,0,0,0,1,1,6,2,26,6,1242,1,1,-1,2,-1
2015520507931,3,9,0,18,0,8,0,0,0,0,4,1,6,1,65,9,-1,-1,-1,-1,3,-1
2015520507942,1,9,0,18,0,0,0,0,0,0,3,1,6,2,45,7,3378,6,16,-1,3,-1
2015520507942,2,9,0,18,0,0,0,0,0,0,3,1,6,1,55,8,-1,-1,-1,-1,1,-1
2015520507947,1,9,0,18,0,0,0,0,1,10,0,1,6,1,53,8,-1,-1,-1,-1,1,-1
2015520507958,1,4,0,5,0,3,1,0,0,0,3,1,2,1,18,4,124,1,-1,-1,2,-1
2015520507958,2,9,0,5,0,3,0,0,0,0,1,1,6,2,40,7,-1,-1,-1,-1,-1,-1
2015520507972,1,9,0,18,0,0,0,0,0,0,1,1,6,1,27,6,-1,-1,-1,-1,-1,-1
2015520507972,2,9,0,2,6,0,0,0,0,0,1,1,6,3,-1,-1,-1,-1,-1,-1,-1,-1
2015520507983,1,9,0,9,0,8,0,0,0,0,1,1,6,1,75,10,1910,2,7,-1,1,-1
2015520507983,2,5,0,18,0,8,0,0,0,0,1,1,6,1,30,6,892,1,16,-1,1,-1
2015520507984,1,3,0,18,0,0,0,0,0,0,1,1,6,2,49,8,124,1,13,-1,1,-1
2015520507984,2,9,0,4,0,0,0,0,0,0,2,1,6,2,49,8,1398,2,4,-1,1,-1
2015520507996,1,9,0,5,0,6,0,0,0,0,4,1,6,1,47,8,998,1,-1,-1,3,-1
2015520507996,2,1,0,18,0,1,0,0,0,0,1,1,6,2,61,9,-1,-1,-1,-1,3,-1
2015520507999,1,9,0,3,0,4,0,0,0,0,2,1,6,1,31,6,998,1,16,-1,1,-1
2015520507999,2,21,0,4,0,1,0,0,0,0,1,1,1,1,53,8,-1,-1,-1,-1,1,-1
2015520508012,1,9,0,18,0,8,0,0,0,0,4,1,6,2,43,7,1997,2,7,-1,1,-1
2015520508012,2,9,0,7,0,8,0,0,0,0,3,1,6,1,72,10,1560,2,5,-1,1,-1
2015520508015,1,9,0,18,0,0,0,0,0,0,1,1,6,1,61,9,1596,1,11,-1,3,-1
2015520508019,1,9,0,18,0,0,0,0,1,1,1,1,6,1,20,4,-1,-1,-1,-1,3,-1
2015520508041,1,5,0,18,0,0,0,0,0,0,1,1,6,1,45,7,1043,1,4,-1,1,-1
2015520508041,2,9,0,9,0,0,0,0,0,0,3,1,6,1,20,4,1392,1,17,-1,-1,-1
2015520508065,1,9,0,18,0,0,0,0,1,10,4,1,6,1,30,6,2487,2,15,-1,3,-1
2015520508092,1,2,0,4,0,1,0,0,0,0,3,1,6,1,17,4,49,1,10,-1,3,-1
2015520508092,2,2,0,4,0,1,0,0,0,0,0,1,6,2,16,4,50,1,-1,-1,2,-1
2015520508092,3,9,0,15,0,1,0,0,0,0,4,1,6,2,75,10,1598,1,18,-1,-1,-1
2015520508107,1,9,0,9,0,8,0,0,0,0,4,1,6,2,38,7,1493,2,7,-1,3,-1
2015520508107,2,9,0,18,0,8,0,0,0,0,1,1,6,2,17,4,-1,-1,-1,-1,1,-1
2015520508110,1,9,0,18,0,2,0,0,0,0,4,1,6,1,76,11,1199,1,13,-1,2,-1
2015520508116,1,9,0,18,0,0,0,0,0,0,1,1,6,1,20,4,1781,1,14,-1,2,-1
2015520508122,1,9,0,9,0,1,0,0,0,0,1,1,6,2,57,9,1905,2,19,-1,3,-1
2015520508122,2,1,0,9,0,3,0,0,0,0,1,1,6,2,39,7,-1,-1,-1,-1,1,-1
2015520508128,1,9,0,18,0,1,0,0,0,0,1,1,6,2,48,8,1997,2,15,-1,3,-1
2015520508128,2,9,0,7,0,2,0,0,0,0,3,1,6,1,28,6,1951,2,11,-1,2,-1
2015520508129,1,19,0,18,0,0,0,0,0,0,0,1,6,3,-1,-1,-1,-1,-1,-1,-1,-1
2015520508129,2,9,0,18,0,0,2,0,0,0,1,1,6,2,20,4,1360,1,14,-1,3,-1
2015520508130,1,9,0,12,0,8,0,0,0,0,3,1,6,1,25,5,1598,1,1,-1,1,-1
2015520508130,2,4,0,18,0,8,0,0,0,0,0,1,6,1,47,8,498,1,28,-1,2,-1
2015520508153,1,9,0,18,0,0,0,0,0,0,1,1,6,1,50,8,1497,1,12,-1,1,-1
2015520508153,2,9,0,18,0,0,0,0,0,0,1,1,6,1,82,11,1398,1,15,-1,3,-1
2015520508181,1,9,0,4,0,8,0,0,0,0,2,1,6,1,72,10,1328,1,12,-1,2,-1
2015520508181,2,9,0,18,0,8,0,0,0,0,1,1,6,1,28,6,1995,2,4,-1,3,-1
2015520508198,1,9,0,6,0,0,0,0,0,0,3,1,6,1,45,7,1753,2,13,-1,2,-1
2015520508198,2,3,0,18,0,0,0,0,0,0,1,1,6,1,20,4,398,1,23,-1,3,-1
2015520508201,1,2,0,18,0,8,0,0,0,0,3,1,6,1,19,4,49,1,8,-1,2,-1
2015520508201,2,9,0,18,0,8,0,0,0,0,0,1,6,1,75,10,1951,2,12,-1,2,-1
2015520508204,1,9,0,18,0,0,0,0,0,0,1,1,6,2,17,4,1242,1,15,-1,2,-1
2015520508204,2,9,0,18,0,0,0,0,0,0,3,1,6,2,36,7,1686,2,1,-1,1,-1
2015520508208,1,9,0,18,0,0,0,0,0,0,1,1,6,1,38,7,-1,-1,-1,-1,3,-1
2015520508208,2,9,0,18,0,0,0,0,0,0,1,1,6,1,40,7,998,1,12,-1,2,-1
2015520508210,1,9,0,18,0,0,0,0,0,0,1,1,6,3,-1,-1,1198,1,5,-1,-1,-1
2015520508211,1,9,0,4,0,0,0,0,0,0,1,1,6,1,22,5,1496,2,-1,-1,2,-1
2015520508220,1,9,0,18,0,0,0,0,0,0,1,1,6,2,42,7,1598,1,10,-1,3,-1
2015520508222,1,9,0,9,0,8,0,0,0,0,4,1,6,1,46,8,1999,1,12,-1,3,-1
2015520508231,1,9,0,9,0,5,0,0,0,0,0,1,6,1,20,4,1240,1,11,-1,3,-1
2015520508231,2,9,0,18,0,1,0,0,0,0,0,1,6,1,22,5,-1,-1,-1,-1,3,-1
2015520508236,1,9,0,18,0,0,0,0,0,0,1,1,6,1,19,4,1596,1,13,-1,1,-1
2015520508240,1,9,0,18,0,0,0,0,0,0,1,1,6,2,53,8,1968,2,8,-1,2,-1
2015520508240,2,9,0,18,0,0,0,0,0,0,1,1,6,1,71,10,1598,1,10,-1,2,-1
2015520508241,1,9,0,1,9,0,0,0,0,0,2,1,6,2,47,8,1598,1,6,-1,1,-1
2015520508241,2,1,0,18,0,0,0,0,0,0,1,1,6,1,13,3,-1,-1,-1,-1,1,-1
2015520508243,1,1,0,18,0,0,0,0,0,0,1,1,6,1,21,5,-1,-1,-1,-1,1,-1
2015520508243,2,9,0,2,0,0,0,0,0,0,3,1,6,2,25,5,1968,2,9,-1,-1,-1
2015520508250,1,9,0,9,0,1,0,0,0,0,1,1,6,1,48,8,1798,1,9,-1,1,-1
2015520508250,2,4,0,18,0,1,0,0,0,0,1,1,6,1,27,6,124,1,2,-1,1,-1
2015520508259,1,9,0,3,0,0,0,0,0,0,2,1,2,2,48,8,1198,1,5,-1,1,-1
2015520508259,2,9,0,18,0,0,0,0,0,0,1,1,6,1,38,7,1988,1,17,-1,-1,-1
2015520508298,1,3,0,4,0,1,1,0,0,0,1,1,6,1,21,5,1100,1,17,-1,3,-1
2015520508298,2,20,0,10,0,5,0,0,0,0,2,1,1,2,36,7,-1,-1,-1,-1,1,-1
2015520508303,1,9,0,18,0,1,0,0,0,0,1,1,6,1,31,6,1998,2,11,-1,1,-1
2015520508303,2,9,0,5,0,8,0,0,0,0,1,1,6,1,77,11,1679,1,14,-1,1,-1
2015520508319,1,9,0,3,0,3,0,0,0,0,2,1,6,2,25,5,998,1,1,-1,3,-1
2015520508319,2,9,0,5,0,4,0,0,0,0,1,1,6,3,-1,-1,-1,-1,-1,-1,-1,-1
2015520508326,1,9,0,18,0,0,0,0,0,0,3,1,6,1,37,7,1910,2,10,-1,3,-1
2015520508326,2,9,0,18,0,0,0,0,0,0,3,1,6,2,-1,-1,-1,-1,-1,-1,3,-1
2015520508384,1,9,0,9,0,8,0,0,7,10,1,1,6,1,28,6,1598,2,1,-1,1,-1
2015520508384,2,9,0,18,0,1,0,0,1,10,1,1,6,1,52,8,1868,2,16,-1,1,-1
2015520508386,1,9,0,18,0,8,0,0,1,10,1,1,6,1,55,8,2204,2,8,-1,1,-1
2015520508386,2,9,0,9,0,6,0,0,1,10,3,1,6,2,62,9,2204,2,9,-1,3,-1
2015520508399,1,9,0,18,0,1,0,0,0,0,0,1,6,2,55,8,-1,-1,-1,-1,3,-1
2015520508404,1,9,0,7,0,5,0,0,0,0,4,1,6,3,-1,-1,-1,-1,-1,-1,-1,-1
2015520508409,1,1,0,7,0,6,0,0,0,0,1,1,6,1,21,5,-1,-1,-1,-1,2,-1
2015520508409,2,9,0,18,0,8,0,0,0,0,1,1,6,1,38,7,-1,-1,-1,-1,1,-1
2015520508419,1,9,0,1,0,1,0,0,0,0,0,1,6,1,28,6,1968,2,8,-1,-1,-1
2015520508457,1,9,0,18,0,0,0,0,0,0,1,1,6,1,47,8,1560,2,6,-1,2,-1
2015520508457,2,9,0,18,0,0,0,0,0,0,3,1,6,2,31,6,1598,1,13,-1,3,-1
2015520508466,1,9,0,5,0,0,0,0,0,0,0,1,6,2,22,5,1398,1,-1,-1,3,-1
2015520508477,1,19,0,18,0,0,5,0,5,6,3,1,6,1,51,8,2461,2,10,-1,1,-1
2015520508477,2,9,0,18,0,0,0,0,0,0,0,1,6,2,33,6,1560,2,10,-1,1,-1
2015520508479,1,9,0,1,0,5,0,0,0,0,2,1,6,2,40,7,-1,-1,-1,-1,-1,-1
2015520508505,1,9,0,17,0,0,5,0,0,0,1,1,6,2,49,8,973,1,12,-1,3,-1
2015520508510,1,9,0,9,0,6,0,0,0,0,1,1,6,2,67,10,1242,1,8,-1,2,-1
2015520508510,2,9,0,18,0,8,0,0,0,0,1,1,6,2,26,6,1248,2,5,-1,1,-1
2015520508513,1,21,1,18,0,0,0,0,0,0,3,1,1,1,35,6,12740,2,-1,-1,1,-1
2015520508513,2,20,0,18,0,0,0,0,0,0,4,1,1,3,-1,-1,-1,-1,-1,-1,-1,-1
2015520508529,1,9,0,18,0,0,0,0,0,0,3,1,6,3,-1,-1,-1,-1,-1,-1,-1,-1
2015520508531,1,9,0,9,0,6,0,0,7,0,4,1,6,2,24,5,1560,2,4,-1,1,-1
2015520508531,2,9,0,18,0,8,0,0,7,0,1,1,6,2,47,8,1200,1,2,-1,3,-1
2015520508538,1,9,0,18,0,8,0,0,0,0,0,1,6,2,39,7,998,1,3,-1,3,-1
2015520508542,1,9,0,18,7,2,0,0,0,0,1,1,6,1,62,9,999,1,-1,-1,1,-1
2015520508542,2,21,1,4,6,5,0,0,0,0,2,1,1,1,42,7,-1,-1,-1,-1,-1,-1
2015520508544,1,9,0,18,0,0,0,0,0,0,4,1,6,1,34,6,1796,2,1,-1,1,-1
2015520508547,1,9,0,18,0,0,5,0,0,0,1,1,6,2,26,6,1596,1,6,-1,2,-1
2015520508548,1,9,0,18,0,0,0,0,0,0,0,1,6,3,-1,-1,1796,1,3,-1,-1,-1
2015520508550,1,9,0,18,0,0,0,0,0,0,1,1,6,1,21,5,1242,1,5,-1,1,-1
2015520508550,2,9,0,4,0,0,0,0,0,0,2,1,6,1,46,8,1753,2,11,-1,1,-1
2015520508555,1,9,0,18,0,0,0,0,0,0,1,1,6,2,24,5,1396,1,10,-1,1,-1
2015520508556,1,9,0,18,0,8,0,0,0,0,1,1,6,1,41,7,1910,2,5,-1,1,-1
2015520508556,2,9,0,18,0,8,0,0,0,0,3,1,6,1,17,4,1242,1,12,-1,3,-1
2015520508558,1,9,0,18,0,0,0,0,0,0,1,1,6,2,62,9,1397,1,11,-1,1,-1
2015520508571,1,9,0,18,0,0,0,0,0,0,1,1,6,1,25,5,-1,-1,-1,-1,1,-1
2015520508571,2,22,0,18,0,0,0,0,0,0,1,1,6,2,89,11,-1,-1,-1,-1,1,-1
2015520508583,1,9,0,18,0,0,1,0,0,0,1,1,6,1,68,10,1242,1,14,-1,1,-1
2015520508583,2,9,0,18,0,0,0,0,0,0,1,1,6,2,64,9,-1,-1,-1,-1,3,-1
2015520508587,1,22,0,18,9,0,0,0,0,0,1,1,6,2,65,9,-1,-1,-1,-1,-1,-1
2015520508589,1,9,0,18,0,0,1,0,0,0,3,1,6,2,18,4,1242,1,12,-1,2,-1
2015520508595,1,9,0,4,0,4,0,0,0,0,2,1,6,1,29,6,1299,1,14,-1,1,-1
2015520508595,2,9,0,18,0,4,0,0,0,0,1,1,6,2,58,9,-1,-1,-1,-1,1,-1
2015520508598,1,9,0,17,0,0,0,0,0,0,3,1,2,1,33,6,1360,1,17,-1,2,-1
2015520508598,2,9,0,16,0,0,0,0,0,0,3,1,6,1,32,6,1399,2,10,-1,1,-1
2015520508601,1,9,0,9,0,0,0,0,0,0,1,1,6,2,77,11,1598,1,7,-1,2,-1
2015520508601,2,1,0,18,0,0,0,0,0,0,3,1,6,1,65,9,-1,-1,-1,-1,2,-1
2015520508654,1,9,0,18,0,8,0,0,0,0,0,1,6,2,47,8,-1,-1,-1,-1,1,-1
2015520508655,1,9,0,18,0,0,5,0,0,0,2,1,6,1,23,5,1753,2,13,-1,3,-1
2015520508664,1,9,0,8,0,1,0,0,0,0,0,1,6,2,47,8,1124,1,13,-1,3,-1
2015520508664,2,19,0,8,0,1,0,0,0,0,2,1,6,1,20,4,1248,2,10,-1,1,-1
2015520508671,1,9,0,18,0,8,5,0,0,0,1,1,6,2,19,4,998,1,3,-1,1,-1
2015520508678,1,9,0,5,0,0,0,0,0,0,0,1,6,1,-1,-1,-1,-1,-1,-1,-1,-1
2015520508679,1,9,0,18,0,0,0,0,0,0,1,1,6,1,49,8,-1,-1,-1,-1,1,-1
2015520508679,2,9,0,18,0,0,0,0,0,0,2,1,6,1,63,9,1560,2,8,-1,3,-1
2015520508690,1,9,0,9,0,0,0,0,0,10,4,1,6,1,59,9,-1,-1,-1,-1,1,-1
2015520508690,2,9,0,2,0,0,0,0,0,0,3,1,6,3,-1,-1,-1,-1,-1,-1,-1,-1
2015520508692,1,9,0,8,0,4,0,0,0,0,2,1,6,1,26,6,1896,2,14,-1,1,-1
2015520508692,2,9,0,8,0,4,0,0,0,0,1,1,6,2,26,6,1598,1,10,-1,-1,-1
2015520508703,1,9,0,18,0,0,0,0,0,0,1,1,6,2,-1,-1,1397,1,7,-1,1,-1
2015520508703,2,9,0,18,0,0,0,0,0,0,1,1,6,2,-1,-1,2995,1,12,-1,1,-1