Accident_Index,Vehicle_Reference,Vehicle_Type,Towing_and_Articulation,Vehicle_Manoeuvre,Vehicle_Location-Restricted_Lane,Junction_Location,Skidding_and_Overturning,Hit_Object_in_Carriageway,Vehicle_Leaving_Carriageway,Hit_Object_off_Carriageway,1st_Point_of_Impact,Was_Vehicle_Left_Hand_Drive?,Journey_Purpose_of_Driver,Sex_of_Driver,Age_of_Driver,Age_Band_of_Driver,Engine_Capacity_(CC),Propulsion_Code,Age_of_Vehicle,Driver_IMD_Decile,Driver_Home_Area_Type,Vehicle_IMD_Decile
2015520508718,1,9,0,18,0,0,0,0,0,0,3,1,6,1,38,7,1753,2,9,-1,1,-1
2015520508718,2,9,0,18,0,0,0,0,0,0,3,1,6,2,57,9,1995,2,2,-1,1,-1
2015520508736,1,21,0,7,0,6,0,0,0,0,3,1,1,1,68,10,5480,2,14,-1,1,-1
2015520508736,2,9,0,18,0,8,0,0,0,0,4,1,6,1,32,6,1997,2,12,-1,1,-1
2015520508740,1,9,0,18,0,0,5,0,0,0,3,1,6,2,17,4,1124,1,14,-1,3,-1
2015520508752,1,9,0,18,0,0,5,0,7,0,3,1,6,1,27,6,1400,1,15,-1,3,-1
2015520508753,1,9,0,4,0,0,0,0,0,0,2,1,6,1,40,7,1598,1,2,-1,3,-1
2015520508753,2,4,0,18,0,0,0,0,0,0,1,1,6,1,19,4,125,1,-1,-1,2,-1
2015520508753,3,9,0,4,0,0,0,0,0,0,3,1,6,2,52,8,1995,2,2,-1,3,-1
2015520508754,1,9,0,18,0,0,1,0,7,10,1,1,6,1,26,6,1396,1,11,-1,3,-1
2015520508754,2,9,0,18,0,0,0,0,0,0,1,1,6,1,65,9,1598,1,4,-1,1,-1
2015520508755,1,9,0,18,0,0,0,0,4,0,1,1,6,1,40,7,1299,1,8,-1,1,-1
2015520508755,2,9,0,18,0,0,0,0,0,0,1,1,6,1,78,11,1870,2,8,-1,2,-1
2015520508768,1,9,0,18,0,0,0,0,0,0,1,1,6,2,26,6,998,1,16,-1,1,-1
2015520508768,2,9,0,18,0,0,0,0,0,0,1,1,6,1,56,9,1999,1,5,-1,2,-1
2015520508769,1,5,0,16,0,1,0,10,7,2,1,1,6,1,32,6,918,1,19,-1,3,-1
2015520508769,2,9,0,4,0,1,0,0,0,0,3,1,6,1,56,9,1896,2,14,-1,3,-1
2015520508773,1,9,0,18,0,0,0,0,0,0,1,1,6,1,25,5,1798,1,12,-1,1,-1
2015520508773,2,9,0,2,0,0,0,0,0,0,4,1,6,1,49,8,1781,1,13,-1,1,-1
2015520508773,3,9,0,2,0,0,0,0,0,0,1,1,6,1,33,6,2099,2,9,-1,1,-1
2015520508777,1,9,0,18,0,0,0,0,0,0,1,1,6,1,42,7,1956,2,6,-1,1,-1
2015520508777,2,9,0,18,0,0,0,0,0,0,1,1,6,2,35,6,2987,2,-1,-1,3,-1
2015520508790,1,9,0,18,0,0,0,0,0,0,3,1,6,1,29,6,1396,1,11,-1,1,-1
2015520508790,2,9,0,18,0,0,0,0,0,0,3,1,6,1,25,5,1396,1,16,-1,-1,-1
2015520508792,1,9,0,18,0,0,0,0,8,0,1,1,6,1,23,5,1968,2,-1,-1,1,-1
2015520508800,1,9,0,7,0,0,0,0,0,0,4,1,6,1,76,11,2198,2,9,-1,1,-1
2015520508800,2,9,0,18,0,0,0,0,2,0,1,1,6,2,81,11,1360,1,12,-1,2,-1
2015520508800,3,9,0,2,0,0,0,0,0,0,0,1,6,2,51,8,1596,1,3,-1,1,-1
2015520508800,4,9,0,2,0,0,0,0,0,0,0,1,6,1,63,9,1386,1,6,-1,2,-1
2015520508801,1,9,0,9,0,5,0,0,0,0,4,1,6,2,42,7,1794,1,12,-1,3,-1
2015520508801,2,1,0,15,0,8,0,0,0,0,3,1,6,1,66,10,-1,-1,-1,-1,3,-1
2015520508810,1,9,0,13,0,0,0,0,0,0,4,1,6,1,60,9,1360,1,16,-1,1,-1
2015520508810,2,1,0,18,0,0,0,0,0,0,1,1,6,1,27,6,-1,-1,-1,-1,-1,-1
2015520508822,1,9,0,10,0,1,0,0,0,0,4,1,6,2,78,11,1328,1,11,-1,1,-1
2015520508822,2,9,0,10,0,1,0,0,0,0,3,1,6,2,53,8,1999,1,14,-1,2,-1
2015520508825,1,9,0,18,0,8,0,0,0,0,1,1,6,2,32,6,1343,1,11,-1,1,-1
2015520508825,2,9,0,18,0,8,0,0,0,0,2,1,6,1,32,6,1986,2,10,-1,2,-1
2015520508827,1,9,0,18,0,8,0,0,0,0,0,1,6,2,44,7,998,1,2,-1,-1,-1
2015520508840,1,9,0,17,0,0,2,0,1,10,1,1,6,1,53,8,2261,1,11,-1,1,-1
2015520508889,1,9,0,16,0,1,1,0,3,1,1,1,6,1,20,4,1596,1,13,-1,1,-1
2015520508913,1,17,0,18,0,0,0,12,0,0,4,1,1,1,45,7,1028,2,3,-1,3,-1
2015520508920,1,9,0,18,0,8,0,0,0,0,1,1,6,1,70,10,1527,2,17,-1,3,-1
2015520508920,2,9,0,18,0,8,0,0,0,0,1,1,6,1,50,8,1968,2,5,-1,1,-1
2015520508923,1,9,0,18,0,1,0,0,0,0,2,1,6,2,22,5,1248,2,6,-1,1,-1
2015520508923,2,9,0,18,0,1,0,0,0,0,1,1,6,2,19,4,1390,1,12,-1,1,-1
2015520508925,1,9,0,9,0,8,0,0,0,0,3,1,6,1,61,9,-1,-1,-1,-1,1,-1
2015520508925,2,9,0,18,0,8,0,0,0,0,1,1,6,1,18,4,1198,1,12,-1,1,-1
2015520508927,1,9,0,8,0,0,0,0,0,0,2,1,6,2,35,6,1598,1,17,-1,1,-1
2015520508927,2,9,0,18,0,0,0,0,0,0,0,1,6,1,50,8,-1,-1,-1,-1,-1,-1
2015520508927,3,9,0,18,0,0,0,0,0,0,1,1,6,2,40,7,2720,2,9,-1,3,-1
2015520508934,1,9,0,18,0,0,0,0,7,10,1,1,6,1,86,11,1248,2,9,-1,2,-1
2015520508934,2,9,0,18,0,0,0,0,1,10,4,1,6,1,50,8,1586,1,8,-1,3,-1
2015520508934,3,9,0,13,0,0,0,0,0,0,1,1,6,3,-1,-1,-1,-1,-1,-1,-1,-1
2015520508955,1,9,0,18,0,4,0,0,0,0,1,1,6,1,68,10,698,1,11,-1,3,-1
2015520508955,2,9,0,3,0,1,0,0,0,0,2,1,6,2,35,6,1199,1,13,-1,1,-1
2015520508955,3,9,0,18,0,8,0,0,0,0,2,1,6,2,47,8,1248,2,7,-1,1,-1
2015520508971,1,9,0,18,0,8,0,0,0,0,1,1,6,2,60,9,1390,1,15,-1,2,-1
2015520508971,2,1,0,9,0,8,0,0,0,0,2,1,6,1,20,4,-1,-1,-1,-1,1,-1
2015520508974,1,9,0,9,0,0,0,0,0,0,0,1,6,3,-1,-1,-1,-1,-1,-1,-1,-1
2015520508974,2,1,0,18,4,0,0,0,0,0,1,1,6,2,18,4,-1,-1,-1,-1,1,-1
2015520508981,1,9,0,9,0,6,0,0,0,0,4,1,6,2,24,5,1587,1,11,-1,1,-1
2015520508981,2,1,0,18,0,1,0,0,0,0,1,1,6,2,22,5,-1,-1,-1,-1,1,-1
2015520508985,1,9,0,18,0,0,0,0,0,0,1,1,6,1,82,11,1587,1,11,-1,1,-1
2015520508985,2,19,0,2,0,0,0,0,0,0,0,1,6,1,46,8,5880,2,9,-1,1,-1
2015520508993,1,9,0,8,0,1,0,0,0,0,2,1,6,1,73,10,1991,2,7,-1,3,-1
2015520508993,2,9,0,18,0,1,0,0,0,0,1,1,6,1,40,7,-1,-1,-1,-1,2,-1
2015520509004,1,9,0,18,0,0,5,0,0,0,1,1,6,1,20,4,1389,1,14,-1,1,-1
2015520509038,1,9,0,18,0,0,0,0,1,10,1,1,6,2,19,4,1149,1,12,-1,1,-1
2015520509048,1,5,0,9,0,0,1,0,0,0,1,1,6,1,27,6,1215,1,-1,-1,2,-1
2015520509068,1,9,0,18,0,0,0,0,0,0,3,1,6,1,44,7,-1,-1,-1,-1,1,-1
2015520509068,2,9,0,18,0,0,1,0,0,0,1,1,6,1,22,5,1600,1,11,-1,3,-1
2015520509092,1,9,0,3,0,0,0,0,0,0,2,1,6,1,62,9,2967,1,16,-1,1,-1
2015520509092,2,9,0,12,0,0,0,0,0,0,1,1,6,1,27,6,-1,-1,-1,-1,-1,-1
2015520509094,1,9,0,2,0,0,0,0,0,0,3,1,6,3,-1,-1,1199,1,11,-1,-1,-1
2015520509094,2,9,0,17,0,0,0,0,0,0,4,1,6,2,22,5,1795,1,15,-1,3,-1
2015520509095,1,9,0,9,0,8,0,0,0,0,1,1,6,2,35,6,1868,2,12,-1,1,-1
2015520509095,2,5,0,18,0,1,0,0,0,0,1,1,6,1,30,6,1000,1,9,-1,1,-1
2015520509097,1,9,0,18,0,1,0,0,0,0,1,1,6,1,32,6,-1,-1,-1,-1,1,-1
2015520509098,1,9,0,18,0,0,0,0,0,0,1,1,6,2,45,7,1968,2,11,-1,1,-1
2015520509098,2,9,0,18,0,0,0,0,0,0,1,1,6,1,53,8,1398,1,-1,-1,1,-1
2015520509098,3,9,0,18,0,0,0,0,0,0,3,1,6,1,78,11,2993,2,2,-1,1,-1
2015520509098,4,9,0,18,0,0,0,0,0,0,3,1,6,1,24,5,-1,-1,-1,-1,1,-1
2015520509103,1,9,0,18,0,1,0,0,0,0,1,1,6,2,43,7,1396,2,-1,-1,3,-1
2015520509103,2,1,0,18,0,3,0,0,0,0,2,1,6,1,51,8,-1,-1,-1,-1,2,-1
2015520509104,1,22,0,18,0,8,0,0,0,0,0,1,6,2,70,10,-1,-1,-1,-1,1,-1
2015520509104,2,9,0,18,0,8,0,0,0,0,0,1,6,1,50,8,-1,-1,-1,-1,1,-1
2015520509115,1,9,0,18,0,8,0,0,0,0,1,1,6,2,30,6,1900,2,17,-1,1,-1
2015520509115,2,9,0,18,0,1,0,0,0,0,1,1,6,2,24,5,2204,2,9,-1,3,-1
2015520509117,1,9,0,18,0,4,0,0,0,0,1,1,6,1,25,5,1390,1,14,-1,2,-1
2015520509117,2,9,0,18,0,8,0,0,0,0,3,1,6,2,25,5,1598,1,10,-1,2,-1
2015520509149,1,9,0,13,0,0,0,0,0,0,1,1,6,1,58,9,5379,1,18,-1,1,-1
2015520509149,2,9,0,18,0,0,0,0,0,0,3,1,6,2,30,6,1598,1,10,-1,1,-1
2015520509154,1,9,0,18,0,0,0,0,0,0,1,1,6,1,39,7,-1,-1,-1,-1,1,-1
2015520509154,2,9,0,14,0,0,0,0,0,0,1,1,6,1,52,8,-1,-1,-1,-1,1,-1
2015520509154,3,9,0,18,0,0,0,0,0,0,3,1,6,2,67,10,-1,-1,-1,-1,1,-1
2015520509199,1,17,0,18,0,0,0,0,0,0,1,1,6,1,18,4,-1,2,1,-1,3,-1
2015520509199,2,9,0,18,0,0,0,0,0,0,1,1,6,2,82,11,1248,1,2,-1,3,-1
2015520509201,1,9,0,18,0,0,0,0,1,0,1,1,6,1,56,9,1595,1,1,-1,1,-1
2015520509201,2,9,0,16,0,0,0,0,0,0,1,1,6,1,27,6,2993,2,12,-1,1,-1
2015520509203,1,9,0,9,0,6,0,0,0,0,3,1,6,2,39,7,1086,1,5,-1,3,-1
2015520509203,2,3,0,18,0,8,0,0,0,0,3,1,6,1,18,4,125,1,2,-1,3,-1
2015520509204,1,4,0,18,0,1,0,0,0,0,1,1,6,1,31,6,248,1,3,-1,3,-1
2015520509204,2,9,0,9,0,1,0,0,0,0,1,1,6,2,29,6,998,1,2,-1,1,-1
2015520509208,1,9,0,18,0,8,0,0,0,0,4,1,6,2,42,7,1997,1,10,-1,3,-1
2015520509216,1,9,0,10,0,4,0,0,0,0,0,1,6,1,38,7,1753,2,12,-1,1,-1
2015520509216,2,9,0,18,0,4,0,0,0,0,1,1,6,1,55,8,1999,1,12,-1,-1,-1
2015520509217,1,9,0,6,0,0,0,0,0,0,1,1,6,1,30,6,-1,-1,-1,-1,2,-1
2015520509217,2,9,0,18,0,0,0,0,1,4,3,1,6,1,55,8,1591,1,4,-1,1,-1
2015520509217,3,9,0,2,0,0,0,0,0,0,2,1,6,1,24,5,1248,2,3,-1,3,-1
2015520509224,1,9,0,2,6,1,0,0,0,0,1,1,6,1,61,9,1124,1,18,-1,2,-1
2015520509224,2,9,0,1,0,1,0,0,0,0,2,1,6,1,50,8,-1,-1,-1,-1,3,-1
2015520509227,1,9,0,18,0,0,0,0,0,0,4,1,6,1,26,6,-1,-1,-1,-1,1,-1
2015520509227,2,1,0,18,0,0,0,0,0,0,3,1,6,1,27,6,-1,-1,-1,-1,2,-1
2015520509229,1,9,0,18,0,0,0,0,0,0,1,1,6,2,39,7,1390,1,3,-1,1,-1
2015520509231,1,2,0,18,0,8,0,0,0,0,1,1,6,1,16,4,49,1,13,-1,1,-1
2015520509231,2,9,0,9,0,8,0,0,0,0,1,1,6,1,91,11,1298,1,7,-1,3,-1
2015520509255,1,9,0,18,0,0,0,0,0,0,1,1,6,1,41,7,1560,2,5,-1,3,-1
2015520509255,2,9,0,18,0,0,5,0,0,0,1,1,6,1,31,6,-1,-1,-1,-1,1,-1
2015520509255,3,9,0,18,0,0,0,0,0,0,0,1,6,2,19,4,1124,1,10,-1,1,-1
2015520509267,1,9,0,18,0,2,0,0,1,10,1,1,6,1,54,8,2498,2,18,-1,1,-1
2015520600009,1,9,0,18,0,0,0,0,0,0,1,1,6,1,23,5,1598,2,-1,-1,1,-1
2015520600009,2,9,0,1,0,0,0,0,0,0,2,1,6,1,23,5,1796,1,10,-1,1,-1
2015520600040,1,21,0,18,0,0,0,0,0,0,1,1,6,1,56,9,-1,-1,-1,-1,1,-1
2015520600040,2,9,0,9,0,0,0,0,0,0,2,1,6,1,38,7,2171,2,13,-1,1,-1
2015520600042,1,21,1,18,0,0,0,0,0,0,1,1,1,1,42,7,12777,2,3,-1,1,-1
2015520600042,2,17,4,18,0,0,0,0,0,0,2,1,1,1,52,8,6788,2,-1,-1,3,-1
2015520600044,1,9,0,9,0,5,0,0,0,0,3,1,6,1,85,11,1240,1,6,-1,3,-1
2015520600044,2,9,0,18,0,8,0,0,0,0,3,1,6,1,46,8,1796,1,9,-1,3,-1
2015520600057,1,9,0,5,0,0,0,0,0,0,3,1,6,3,-1,-1,-1,-1,-1,-1,-1,-1
2015520600057,2,1,0,18,0,0,0,0,0,0,4,1,6,1,21,5,-1,-1,-1,-1,1,-1
2015520600077,1,9,0,10,0,0,0,0,0,0,2,1,6,2,20,4,1299,1,12,-1,3,-1
2015520600077,2,9,0,14,0,0,0,0,0,0,1,1,6,2,41,7,1679,1,13,-1,3,-1
2015520600077,3,9,0,18,0,0,0,0,0,0,1,1,6,1,59,9,-1,-1,-1,-1,1,-1
2015520600077,4,9,0,18,0,0,0,0,0,0,1,1,6,1,28,6,-1,-1,-1,-1,1,-1
2015520600099,1,9,0,9,0,5,0,0,0,0,1,1,6,2,49,8,1896,2,13,-1,3,-1
2015520600099,2,3,0,18,0,8,0,0,0,0,1,1,6,2,58,9,124,1,15,-1,1,-1
2015520600102,1,9,0,18,0,6,0,0,0,0,3,1,6,1,40,7,1686,2,4,-1,1,-1
2015520600102,2,9,0,18,0,8,0,0,0,0,1,1,6,1,47,8,2494,2,-1,-1,1,-1
2015520600104,1,9,0,18,0,8,0,0,0,0,1,1,6,2,47,8,1598,1,10,-1,1,-1
2015520600125,1,9,0,9,0,8,0,0,0,0,1,1,6,1,22,5,-1,-1,-1,-1,3,-1
2015520600125,2,9,0,18,0,8,0,0,0,0,1,1,6,1,50,8,-1,-1,-1,-1,3,-1
2015520600130,1,9,0,18,0,1,0,0,0,0,1,1,6,2,33,6,2000,2,10,-1,3,-1
2015520600130,2,9,0,18,0,1,0,0,0,0,3,1,6,1,31,6,1798,1,14,-1,1,-1
2015520600173,1,9,0,9,0,8,0,0,0,0,1,1,6,2,19,4,1299,1,12,-1,2,-1
2015520600173,2,9,0,18,0,1,0,0,0,0,1,1,6,1,25,5,-1,-1,-1,-1,3,-1
2015520600179,1,9,0,18,0,6,0,0,0,0,1,1,6,2,25,5,-1,-1,-1,-1,2,-1
2015520600179,2,9,0,18,0,1,0,0,0,0,1,1,6,1,19,4,1995,2,4,-1,3,-1
2015520600181,1,9,0,18,0,8,0,0,0,0,3,1,6,1,63,9,1598,1,11,-1,3,-1
2015520600181,2,9,0,9,0,5,0,0,0,0,1,1,6,1,85,11,1598,1,7,-1,1,-1
2015520600183,1,9,0,18,0,0,0,0,0,0,1,1,6,2,43,7,1560,2,7,-1,1,-1
2015520600191,1,21,1,18,0,0,0,0,0,0,1,1,6,1,61,9,11967,2,4,-1,1,-1
2015520600191,2,9,0,4,0,0,0,0,0,0,2,1,6,1,19,4,1598,1,1,-1,3,-1
2015520600191,3,9,0,4,0,0,0,0,0,0,2,1,6,1,58,9,-1,-1,-1,-1,1,-1
2015520600203,1,9,0,18,0,2,0,0,0,0,1,1,6,2,18,4,998,1,16,-1,3,-1
2015520600207,1,9,0,18,0,8,0,0,0,0,1,1,6,2,56,9,1229,1,6,-1,2,-1
2015520600207,2,9,0,18,0,8,0,0,0,0,3,1,6,1,72,10,1984,1,8,-1,2,-1
2015520600211,1,9,0,16,0,3,0,0,0,0,4,1,6,2,25,5,1794,1,11,-1,1,-1
2015520600211,2,9,0,18,0,8,0,0,0,0,3,1,6,1,59,9,2188,2,9,-1,3,-1
2015520600214,1,9,0,18,0,1,1,0,1,3,1,1,6,1,24,5,-1,-1,-1,-1,1,-1
2015520600214,2,9,0,9,0,1,0,0,0,0,0,1,6,2,42,7,1124,1,10,-1,3,-1
2015520600239,1,19,0,18,0,0,5,0,1,7,1,1,1,1,42,7,-1,-1,-1,-1,3,-1
2015520600242,1,9,0,5,0,8,0,0,0,0,4,1,6,1,32,6,1997,1,13,-1,1,-1
2015520600242,2,9,0,18,0,8,0,0,0,0,1,1,6,2,23,5,1299,1,8,-1,2,-1
2015520600243,1,9,0,18,0,1,0,0,0,0,1,1,6,2,26,6,-1,-1,-1,-1,1,-1
2015520600248,1,9,0,18,0,0,0,0,0,0,1,1,6,2,82,11,1360,1,13,-1,3,-1
2015520600248,2,9,0,18,0,0,0,0,0,0,1,1,6,1,18,4,2171,2,12,-1,3,-1
2015520600252,1,9,0,18,0,8,0,0,0,0,1,1,6,1,43,7,1896,2,15,-1,3,-1
2015520600289,1,9,0,18,0,1,0,0,7,9,1,1,6,2,32,6,1598,1,6,-1,-1,-1
2015520600289,2,9,0,18,0,1,0,0,0,0,1,1,6,2,80,11,1198,1,4,-1,3,-1
2015520600289,3,9,0,18,0,1,0,0,7,0,1,1,6,1,63,9,1968,2,3,-1,3,-1
2015520600294,1,9,0,9,0,6,0,0,0,0,1,1,6,2,64,9,1895,1,16,-1,2,-1
2015520600294,2,9,0,18,0,1,0,0,0,0,4,1,6,2,53,8,1560,2,-1,-1,1,-1
2015520600299,1,9,0,9,0,5,0,0,0,0,1,1,6,1,78,11,1598,1,11,-1,1,-1
2015520600358,1,9,0,18,0,1,0,0,0,0,1,1,6,2,51,8,1951,2,13,-1,3,-1
2015520600362,1,9,0,18,0,0,0,0,0,0,1,1,6,1,21,5,1968,2,6,-1,1,-1
2015520600362,2,3,0,13,0,0,0,0,0,0,1,1,6,1,18,4,125,1,-1,-1,1,-1
2015520600370,1,9,0,17,0,0,0,0,0,0,3,1,6,1,80,11,1995,2,1,-1,2,-1
2015520600370,2,9,0,16,0,0,0,0,0,0,3,1,6,1,73,10,1686,2,4,-1,3,-1
2015520600377,1,3,0,18,0,0,0,0,0,0,1,1,6,1,40,7,124,1,2,-1,2,-1
2015520600377,2,19,0,5,0,0,0,0,0,0,1,1,6,1,41,7,1998,2,11,-1,3,-1
2015520600378,1,9,0,18,0,0,0,0,0,0,1,1,6,1,74,10,1149,1,4,-1,3,-1
2015520600407,1,9,0,17,0,0,0,0,0,0,3,1,6,1,44,7,1796,1,9,-1,1,-1
2015520600407,2,9,0,16,0,0,0,0,0,0,3,1,6,1,18,4,1598,1,12,-1,3,-1
2015520600426,1,9,0,18,0,0,0,0,0,0,1,1,6,1,18,4,1388,1,15,-1,3,-1
2015520600426,2,9,0,18,0,0,0,0,0,0,1,1,6,1,21,5,-1,-1,-1,-1,2,-1
2015520600436,1,9,0,18,0,1,0,0,0,0,1,1,6,1,52,8,-1,-1,-1,-1,3,-1
2015520600436,2,9,0,9,0,1,0,0,0,0,1,1,6,1,82,11,1997,2,12,-1,2,-1
2015520600450,1,9,0,18,0,8,0,0,0,0,1,1,6,1,73,10,1360,1,4,-1,1,-1
2015520600450,2,9,0,18,0,1,0,0,0,0,1,1,6,1,42,7,-1,-1,-1,-1,1,-1
2015520600506,1,9,0,18,0,0,5,0,0,0,1,1,6,2,68,10,1598,2,4,-1,2,-1
2015520600506,2,9,0,17,0,0,0,0,0,0,1,1,6,1,39,7,1998,1,12,-1,1,-1
2015520600506,3,9,0,18,0,0,0,0,1,10,1,1,6,2,48,8,1995,2,5,-1,3,-1
2015520600578,1,2,0,18,0,0,0,0,0,0,1,1,6,1,16,4,50,1,1,-1,3,-1
2015520600580,1,9,0,9,0,8,0,0,0,0,1,1,6,2,20,4,1398,2,11,-1,1,-1
2015520600582,1,9,0,18,0,0,2,0,1,1,4,1,6,2,19,4,1499,2,-1,-1,2,-1
2015520600588,1,9,0,18,0,0,0,0,0,0,1,1,6,3,-1,-1,-1,-1,-1,-1,-1,-1
2015520600610,1,9,0,4,0,8,0,0,0,0,1,1,6,1,28,6,-1,-1,-1,-1,1,-1
2015520600610,2,9,0,18,0,8,0,0,0,0,2,1,6,1,64,9,-1,-1,-1,-1,2,-1
2015520600610,3,9,0,4,0,8,0,0,0,0,1,1,6,2,33,6,1910,2,8,-1,3,-1
2015520600610,4,9,0,4,0,8,0,0,0,0,2,1,6,2,45,7,1598,1,6,-1,1,-1
2015520600611,1,9,0,4,0,0,0,0,0,0,2,1,6,2,45,7,1968,2,2,-1,3,-1
2015520600611,2,5,0,18,0,0,0,0,7,0,1,1,6,1,26,6,600,1,15,-1,-1,-1
2015520600621,1,9,0,18,0,0,0,0,0,0,2,1,6,2,63,9,1984,1,9,-1,1,-1
2015520600621,2,9,0,18,0,0,0,0,0,0,1,1,6,3,-1,-1,2494,1,18,-1,-1,-1
2015520600623,1,9,0,18,0,0,0,0,1,10,1,1,6,1,34,6,1400,1,15,-1,3,-1
2015520600634,1,9,0,1,0,0,0,0,0,0,4,1,6,2,20,4,998,1,7,-1,3,-1
2015520600634,2,9,0,18,0,0,0,0,0,0,1,1,6,1,46,8,1390,1,15,-1,3,-1
2015520600648,1,9,0,18,0,8,0,0,0,0,3,1,6,1,73,10,-1,-1,-1,-1,3,-1
2015520600648,2,1,0,18,0,8,0,0,0,0,1,1,6,1,19,4,-1,-1,-1,-1,3,-1
2015520600650,1,9,0,4,0,0,0,0,0,0,4,1,6,1,51,8,-1,-1,-1,-1,2,-1
2015520600650,2,9,0,4,0,0,0,0,0,0,2,1,6,1,68,10,1598,1,14,-1,2,-1
2015520600686,1,9,0,18,0,8,0,0,7,0,1,1,6,1,53,8,1896,2,11,-1,2,-1
2015520600686,2,9,0,18,0,8,0,0,7,0,3,1,6,1,74,10,1995,2,14,-1,1,-1
2015520600688,1,1,0,18,0,1,0,0,0,0,2,1,6,1,49,8,-1,-1,-1,-1,3,-1
2015520600688,2,9,0,18,0,1,0,0,0,0,1,1,6,3,-1,-1,-1,-1,-1,-1,-1,-1
2015520600690,1,9,0,18,0,8,0,0,0,0,1,1,6,2,33,6,1596,1,9,-1,1,-1
2015520600690,2,3,0,9,0,8,0,0,0,0,1,1,6,1,43,7,49,1,15,-1,1,-1
2015520600693,1,9,0,5,0,6,0,0,0,0,4,1,6,1,24,5,1753,2,13,-1,1,-1
2015520600693,2,9,0,18,0,8,0,0,0,0,1,1,6,2,54,8,998,1,20,-1,1,-1
2015520600701,1,9,0,5,0,6,0,0,0,0,1,1,6,2,63,9,1599,1,11,-1,3,-1
2015520600701,2,1,0,18,0,8,0,0,0,0,2,1,6,1,46,8,-1,-1,-1,-1,1,-1
2015520600749,1,9,0,18,0,1,0,0,0,0,1,1,6,1,50,8,1600,1,4,-1,3,-1
2015520600749,2,9,0,4,0,1,0,0,0,0,4,1,6,1,77,11,1339,1,10,-1,3,-1
2015520600775,1,5,0,16,0,1,0,0,7,1,1,1,6,1,21,5,400,1,22,-1,1,-1
2015520600797,1,19,4,4,0,0,0,0,0,0,2,1,6,1,37,7,2198,2,3,-1,1,-1
2015520600797,2,19,0,18,0,0,0,0,0,0,1,1,6,2,34,6,2198,2,1,-1,3,-1
2015520600853,1,9,0,18,0,0,0,0,0,0,1,1,6,1,72,10,1997,2,-1,-1,1,-1
2015520600899,1,9,0,18,0,8,0,0,0,0,2,1,6,2,18,4,1390,1,9,-1,3,-1
2015520600899,2,9,0,18,0,8,0,0,0,0,1,1,6,1,69,10,1061,1,10,-1,1,-1
2015520600979,1,9,0,4,0,1,0,0,0,0,2,1,6,1,41,7,1968,2,4,-1,1,-1
2015520600979,2,9,0,4,0,8,0,0,0,0,1,1,6,1,28,6,2204,2,6,-1,1,-1
2015520600988,1,9,0,18,0,0,0,0,0,0,1,1,6,2,43,7,1997,2,12,-1,3,-1
2015520600988,2,9,0,14,0,0,0,0,0,0,1,1,6,1,23,5,1124,1,18,-1,-1,-1
2015520601046,1,9,0,18,0,8,1,0,0,4,4,1,6,3,-1,-1,1796,1,22,-1,-1,-1
2015520601095,1,9,0,18,0,0,0,4,7,10,1,1,6,1,23,5,1995,2,6,-1,3,-1
2015520601095,2,9,0,2,0,0,0,0,0,0,1,1,6,3,-1,-1,1997,2,17,-1,-1,-1
2015520601835,1,9,0,18,0,0,0,0,0,0,1,1,6,1,40,7,2987,2,6,-1,1,-1
2015520601835,2,9,0,3,0,0,0,0,0,0,2,1,6,1,62,9,1995,2,1,-1,3,-1
2015520602587,1,9,0,1,0,0,0,0,0,0,2,1,6,2,26,6,1598,1,5,-1,2,-1
2015521500092,1,9,0,11,0,0,0,0,0,0,0,1,6,3,30,6,1461,2,5,-1,-1,-1
2015521500092,2,1,0,3,0,0,0,0,0,0,4,1,6,1,43,7,-1,-1,-1,-1,1,-1
2015521500122,1,9,0,18,0,4,0,0,0,0,4,1,6,1,42,7,-1,-1,-1,-1,1,-1
2015521500125,1,9,0,1,9,8,0,0,0,0,2,1,4,2,33,6,1998,1,13,-1,1,-1
2015521500131,1,9,0,18,0,0,0,0,0,0,1,1,6,2,23,5,-1,-1,-1,-1,1,-1
2015521500136,1,20,0,1,9,0,0,0,0,0,2,1,6,3,-1,-1,-1,-1,-1,-1,-1,-1
2015521500145,1,1,0,18,0,8,0,0,0,0,3,1,4,1,15,3,-1,-1,-1,-1,1,-1
2015521500145,2,9,0,9,0,1,0,0,0,0,3,1,6,2,45,7,1896,2,13,-1,-1,-1
2015521500170,1,9,0,18,0,0,0,0,7,11,1,1,6,2,75,10,-1,-1,-1,-1,1,-1
2015521500190,1,9,0,12,0,0,0,0,0,0,3,1,6,2,32,6,1968,2,2,-1,1,-1
2015521500190,2,5,0,18,0,0,0,0,0,0,4,1,6,1,51,8,-1,-1,-1,-1,1,-1
2015521500198,1,3,0,7,0,5,0,0,0,0,1,1,6,1,27,6,-1,-1,-1,-1,1,-1
2015521500202,1,9,0,3,0,1,0,0,0,0,2,1,6,2,38,7,1598,1,14,-1,1,-1