Accident_Index,Vehicle_Reference,Vehicle_Type,Towing_and_Articulation,Vehicle_Manoeuvre,Vehicle_Location-Restricted_Lane,Junction_Location,Skidding_and_Overturning,Hit_Object_in_Carriageway,Vehicle_Leaving_Carriageway,Hit_Object_off_Carriageway,1st_Point_of_Impact,Was_Vehicle_Left_Hand_Drive?,Journey_Purpose_of_Driver,Sex_of_Driver,Age_of_Driver,Age_Band_of_Driver,Engine_Capacity_(CC),Propulsion_Code,Age_of_Vehicle,Driver_IMD_Decile,Driver_Home_Area_Type,Vehicle_IMD_Decile
2015521501109,1,9,0,18,0,1,0,0,0,0,1,1,6,2,22,5,-1,-1,-1,-1,3,-1
2015521501109,2,9,0,4,0,1,0,0,0,0,1,1,6,1,56,9,1896,2,20,-1,3,-1
2015521501112,1,3,0,18,0,0,0,0,0,0,3,1,6,1,23,5,124,1,11,-1,1,-1
2015521501112,2,9,0,9,0,0,0,0,0,0,1,1,6,1,39,7,1560,2,10,-1,3,-1
2015521501126,1,9,0,3,0,1,0,0,0,0,2,1,6,2,29,6,-1,-1,-1,-1,2,-1
2015521501126,2,9,0,18,0,1,0,0,0,0,1,1,6,3,28,6,-1,-1,-1,-1,1,-1
2015521501129,1,9,0,17,0,0,0,0,0,0,1,1,6,1,30,6,2148,2,7,-1,1,-1
2015521501129,2,9,0,16,0,0,1,0,0,0,1,1,6,1,22,5,-1,-1,-1,-1,1,-1
2015521501134,1,9,0,9,0,5,0,0,0,0,1,1,6,1,26,6,1398,1,5,-1,1,-1
2015521501141,1,9,0,18,0,1,1,0,0,0,3,1,6,2,23,5,-1,-1,-1,-1,1,-1
2015521501141,2,9,0,18,0,1,0,0,0,0,1,1,6,1,50,8,1997,2,5,-1,3,-1
2015521501144,1,9,0,9,0,5,0,0,0,0,4,1,6,2,37,7,1587,1,13,-1,1,-1
2015521501144,2,1,0,18,0,8,0,0,0,0,1,1,6,1,48,8,-1,-1,-1,-1,1,-1
2015521501145,1,9,0,3,0,1,0,0,0,0,2,1,6,1,51,8,1200,1,2,-1,1,-1
2015521501145,2,19,0,18,0,1,0,0,0,0,1,1,6,2,40,7,-1,-1,-1,-1,-1,-1
2015521501153,1,1,0,18,0,8,0,0,0,0,4,1,6,1,31,6,-1,-1,-1,-1,1,-1
2015521501153,2,9,0,5,0,8,0,0,0,0,1,1,6,1,35,6,1198,1,7,-1,-1,-1
2015521501155,1,9,0,4,0,1,0,0,0,0,1,1,6,1,27,6,1995,2,9,-1,1,-1
2015521501155,2,9,0,18,0,1,0,0,7,10,1,1,6,2,60,9,-1,-1,-1,-1,1,-1
2015521501156,1,9,0,9,0,6,0,0,0,0,2,1,1,2,22,5,998,1,2,-1,1,-1
2015521501156,2,9,0,9,0,6,0,0,0,0,1,1,6,2,25,5,1596,1,12,-1,-1,-1
2015521501170,1,21,0,18,0,0,5,0,1,10,4,-1,1,1,19,4,11021,2,11,-1,3,-1
2015521501170,2,9,0,2,0,0,0,0,0,0,3,-1,6,1,57,9,-1,-1,-1,-1,-1,-1
2015521501170,3,9,0,18,0,0,0,0,0,0,3,-1,1,1,57,9,1593,1,29,-1,3,-1
2015521501170,4,9,0,18,0,0,0,0,0,0,3,-1,6,2,40,7,1390,1,11,-1,1,-1
2015521501170,5,9,0,18,0,0,0,0,0,0,1,-1,1,1,34,6,1984,2,2,-1,1,-1
2015521501170,6,9,0,2,0,0,0,0,0,0,3,-1,6,3,-1,-1,3498,1,10,-1,-1,-1
2015521501170,7,9,0,2,0,0,0,0,0,0,3,-1,6,3,30,6,1997,2,5,-1,-1,-1
2015521501174,1,9,0,7,0,6,0,0,0,0,1,1,2,1,31,6,1242,1,15,-1,1,-1
2015521501174,2,9,0,10,0,1,0,0,0,0,2,1,1,1,25,5,-1,-1,-1,-1,3,-1
2015521501175,1,9,0,18,0,1,0,0,0,0,3,1,1,1,42,7,-1,-1,-1,-1,1,-1
2015521501175,2,1,0,18,0,8,0,0,0,0,4,1,6,2,26,6,-1,-1,-1,-1,1,-1
2015521501176,1,9,0,3,0,0,0,0,0,0,2,1,6,2,70,10,1598,1,14,-1,1,-1
2015521501176,2,19,0,18,0,0,0,0,0,0,1,1,1,1,23,5,-1,-1,-1,-1,-1,-1
2015521501187,1,9,0,9,0,6,0,0,0,0,1,1,6,2,51,8,-1,-1,-1,-1,1,-1
2015521501187,2,19,0,18,0,8,0,0,0,0,1,1,1,1,69,10,2496,2,15,-1,1,-1
2015521501188,1,9,0,3,0,2,0,0,0,0,2,1,6,1,70,10,1998,1,9,-1,1,-1
2015521501188,2,8,0,18,0,2,0,0,0,0,1,1,6,3,18,4,1796,1,16,-1,-1,-1
2015521501191,1,9,0,9,0,6,0,0,0,0,3,1,6,2,31,6,1910,2,8,-1,1,-1
2015521501191,2,1,0,17,0,8,0,0,0,0,1,1,6,1,37,7,-1,-1,-1,-1,1,-1
2015521501194,1,9,0,3,0,2,0,0,0,0,2,1,6,2,36,7,1686,2,4,-1,1,-1
2015521501194,2,9,0,5,0,8,0,0,0,0,1,1,6,2,18,4,998,1,16,-1,1,-1
2015521501202,1,9,0,7,0,6,0,0,0,0,3,1,6,2,89,11,1299,1,13,-1,1,-1
2015521501202,2,9,0,17,0,8,0,0,0,0,4,1,6,1,43,7,1998,1,10,-1,1,-1
2015521501204,1,9,0,18,0,0,0,0,0,0,2,1,6,1,30,6,1242,1,11,-1,1,-1
2015521501204,2,2,0,13,0,0,0,0,0,0,1,1,6,1,22,5,124,1,3,-1,3,-1
2015521501206,1,9,0,9,0,5,0,0,0,0,1,1,6,2,49,8,1596,1,13,-1,1,-1
2015521501206,2,1,0,18,0,8,0,0,0,0,3,1,6,2,24,5,-1,-1,-1,-1,2,-1
2015521501214,1,3,0,18,0,8,0,0,0,0,4,1,6,1,41,7,102,1,10,-1,1,-1
2015521501214,2,9,0,1,0,6,0,0,0,0,2,1,6,2,35,6,1587,1,7,-1,1,-1
2015521501215,1,9,0,3,0,0,0,0,0,0,2,1,6,1,66,10,1598,1,7,-1,1,-1
2015521501215,2,9,0,18,0,0,0,0,0,0,1,1,6,1,35,6,599,1,13,-1,1,-1
2015521501227,1,9,0,18,0,0,1,0,0,0,4,1,6,3,70,10,1596,1,6,-1,-1,-1
2015521501237,1,9,0,10,0,8,0,0,0,0,1,1,6,2,48,8,1598,1,9,-1,1,-1
2015521501237,2,9,0,18,0,1,0,0,0,0,4,1,6,1,59,9,1968,2,5,-1,3,-1
2015521501252,1,9,0,7,0,6,0,0,0,0,3,1,6,2,39,7,3436,1,5,-1,1,-1
2015521501252,2,1,0,18,0,8,0,0,0,0,1,1,6,1,30,6,-1,-1,-1,-1,1,-1
2015521501255,1,9,0,3,0,2,0,0,0,0,0,-1,6,2,37,7,-1,-1,-1,-1,1,-1
2015521501255,2,9,0,18,0,1,0,0,0,0,1,-1,6,1,18,4,-1,-1,-1,-1,-1,-1
2015521501256,1,9,0,9,0,6,0,0,0,0,3,1,6,2,21,5,-1,-1,-1,-1,1,-1
2015521501256,2,9,0,18,0,8,0,0,0,0,1,1,6,2,55,8,-1,-1,-1,-1,1,-1
2015521501257,1,20,0,12,0,0,0,0,0,0,0,1,6,3,-1,-1,-1,-1,-1,-1,-1,-1
2015521501257,2,9,0,18,0,0,0,0,5,6,3,1,6,2,21,5,1598,1,12,-1,1,-1
2015521501267,1,9,0,18,0,0,0,0,0,0,4,1,6,3,-1,-1,-1,-1,-1,-1,-1,-1
2015521501270,1,1,0,18,0,8,0,0,0,0,1,1,6,2,19,4,-1,-1,-1,-1,1,-1
2015521501270,2,1,0,18,0,8,0,0,0,0,1,1,6,1,18,4,-1,-1,-1,-1,1,-1
2015521501270,3,9,0,18,0,6,0,0,0,0,3,1,6,2,45,7,1124,1,10,-1,-1,-1
2015521501272,1,9,0,18,0,0,0,0,0,0,1,1,6,1,27,6,-1,-1,-1,-1,1,-1
2015521501272,2,9,0,4,0,0,0,0,0,0,2,1,6,1,54,8,1596,1,15,-1,1,-1
2015521501275,1,9,0,17,0,8,0,0,0,0,2,1,6,1,49,8,2290,1,18,-1,2,-1
2015521501275,2,9,0,18,0,8,0,0,0,0,1,1,6,1,31,6,-1,-1,-1,-1,1,-1
2015521501275,3,9,0,18,0,8,0,0,0,0,3,1,6,2,29,6,1390,1,8,-1,1,-1
2015521501277,1,9,0,4,0,1,0,0,0,0,2,1,6,1,48,8,1363,2,12,-1,3,-1
2015521501277,2,9,0,18,0,1,0,0,0,0,1,1,6,1,32,6,-1,-1,-1,-1,1,-1
2015521501283,1,9,0,18,0,0,0,0,0,0,4,1,6,3,-1,-1,-1,-1,-1,-1,-1,-1
2015521501284,1,1,0,18,0,8,0,0,0,0,1,1,2,1,53,8,-1,-1,-1,-1,1,-1
2015521501284,2,9,0,7,0,6,0,0,0,0,1,1,2,1,40,7,1968,2,1,-1,-1,-1
2015521501285,1,9,0,18,0,1,0,0,0,0,1,1,6,1,17,4,998,1,13,-1,1,-1
2015521501285,2,9,0,3,0,1,0,0,0,0,2,1,6,2,43,7,1997,2,12,-1,1,-1
2015521501292,1,9,0,7,0,8,0,0,0,0,1,1,6,1,47,8,1200,1,1,-1,1,-1
2015521501292,2,1,0,18,0,8,0,0,0,0,4,1,6,2,61,9,-1,-1,-1,-1,1,-1
2015521501293,1,16,0,18,0,0,0,0,0,0,2,1,6,2,21,5,-1,-1,-1,-1,3,-1
2015521501293,2,9,0,18,0,0,0,0,0,0,1,1,6,2,90,11,1086,1,10,-1,1,-1
2015521501296,1,9,0,18,0,0,1,0,4,6,2,1,6,2,79,11,-1,-1,-1,-1,1,-1
2015521501296,2,9,0,18,0,0,0,0,0,0,1,1,6,1,42,7,1896,2,11,-1,-1,-1
2015521501301,1,9,0,18,0,0,1,0,0,0,1,1,6,2,57,9,-1,-1,-1,-1,1,-1
2015521501301,2,9,0,18,0,0,0,0,0,0,1,1,6,1,22,5,1598,1,10,-1,3,-1
2015521501301,3,9,0,18,0,0,0,0,0,0,1,1,6,1,42,7,1598,2,4,-1,1,-1
2015521501301,4,9,0,11,0,0,0,0,0,0,0,1,6,3,-1,-1,-1,-1,-1,-1,-1,-1
2015521501314,1,9,0,9,0,6,0,0,0,0,1,1,6,2,89,11,1299,1,16,-1,1,-1
2015521501314,2,9,0,18,0,8,0,0,0,0,4,1,6,2,63,9,1329,1,6,-1,1,-1
2015521501316,1,9,0,3,0,0,0,0,0,0,2,1,6,2,47,8,-1,-1,-1,-1,1,-1
2015521501316,2,9,0,18,0,0,0,0,0,0,1,1,6,3,-1,-1,1997,2,1,-1,-1,-1
2015521501321,1,9,0,18,0,0,0,0,0,0,1,1,6,1,42,7,1299,1,11,-1,1,-1
2015521501321,2,9,0,18,0,0,0,0,0,0,1,1,6,1,35,6,-1,-1,-1,-1,3,-1
2015521501332,1,9,0,2,0,1,0,8,0,0,3,1,6,2,34,6,1951,2,14,-1,1,-1
2015521501332,2,9,0,18,0,1,0,0,0,0,1,1,6,1,40,7,1199,1,11,-1,1,-1
2015521501335,1,9,0,18,0,8,0,0,1,10,1,1,6,1,83,11,1598,1,8,-1,1,-1
2015521501336,1,9,0,18,0,2,0,0,0,0,4,1,6,2,21,5,-1,-1,-1,-1,3,-1
2015521501339,1,1,0,18,0,8,0,0,0,0,2,1,6,1,12,3,-1,-1,-1,-1,1,-1
2015521501339,2,9,0,18,0,8,0,0,0,0,1,1,6,3,-1,-1,-1,-1,-1,-1,-1,-1
2015521501343,1,9,0,18,0,0,0,0,1,3,1,1,6,2,18,4,1242,1,6,-1,3,-1
2015521501345,1,1,0,18,0,1,0,0,0,0,3,1,6,1,15,3,-1,-1,-1,-1,2,-1
2015521501345,2,8,0,13,0,1,0,0,0,0,4,1,6,1,-1,-1,1997,1,8,-1,1,-1
2015521501346,1,9,0,18,0,8,0,0,0,0,1,1,6,1,24,5,1781,1,11,-1,1,-1
2015521501347,1,9,0,18,0,1,0,0,0,0,4,1,6,1,53,8,-1,-1,-1,-1,1,-1
2015521501348,1,9,0,18,0,0,0,0,0,0,4,1,6,3,-1,-1,-1,-1,-1,-1,-1,-1
2015521501349,1,1,0,18,0,8,0,0,0,0,1,1,2,1,36,7,-1,-1,-1,-1,1,-1
2015521501349,2,9,0,6,0,8,0,0,0,0,3,1,6,3,-1,-1,-1,-1,-1,-1,-1,-1
2015521501379,1,9,0,3,0,1,0,0,0,0,2,1,6,2,20,4,1560,2,2,-1,2,-1
2015521501379,2,9,0,4,0,1,0,0,0,0,1,1,6,1,24,5,1896,2,14,-1,1,-1
2015521501394,1,9,0,1,0,1,0,0,0,0,2,1,6,1,26,6,1560,2,9,-1,1,-1
2015521501394,2,9,0,7,0,5,0,0,0,0,1,1,6,1,38,7,1389,1,17,-1,1,-1
2015521501395,1,11,0,18,0,0,0,4,0,0,1,1,1,1,47,8,5900,2,18,-1,1,-1
2015521501395,2,9,0,2,0,0,0,4,0,0,1,1,6,3,-1,-1,1364,1,6,-1,-1,-1
2015521501395,3,9,0,2,0,0,0,4,0,0,2,1,6,3,-1,-1,-1,-1,-1,-1,-1,-1
2015521501395,4,9,0,2,0,0,0,4,0,0,2,1,6,3,-1,-1,2148,2,7,-1,-1,-1
2015521501395,5,9,0,2,0,0,0,0,0,0,2,1,6,3,-1,-1,1240,1,5,-1,-1,-1
2015521501396,1,9,0,18,0,8,0,0,0,0,2,1,6,2,30,6,2953,1,4,-1,1,-1
2015521501396,2,9,0,18,0,8,0,0,0,0,1,1,6,2,51,8,-1,-1,-1,-1,1,-1
2015521501401,1,9,0,18,0,1,0,0,1,11,1,1,6,1,39,7,1390,2,13,-1,1,-1
2015521501401,2,9,0,5,0,6,0,0,0,0,1,1,6,2,21,5,1686,2,10,-1,1,-1
2015521501407,1,9,0,10,0,6,0,0,0,0,3,1,6,1,66,10,1598,1,6,-1,1,-1
2015521501407,2,9,0,9,0,5,0,0,0,0,3,1,6,1,23,5,1968,2,3,-1,1,-1
2015521501416,1,9,0,18,0,0,1,0,0,0,4,1,6,1,20,4,1596,1,13,-1,1,-1
2015521501416,2,9,0,18,0,0,0,0,0,0,1,1,6,1,41,7,-1,-1,-1,-1,1,-1
2015521501418,1,1,0,18,0,8,0,0,0,0,1,1,6,1,48,8,-1,-1,-1,-1,1,-1
2015521501418,2,9,0,9,0,6,0,0,0,0,3,1,6,3,-1,-1,1598,2,5,-1,-1,-1
2015521501426,1,9,0,3,0,1,0,0,0,0,2,1,6,2,21,5,1999,1,11,-1,1,-1
2015521501426,2,9,0,18,0,1,0,0,0,0,1,1,6,3,30,6,1149,1,16,-1,-1,-1
2015521501427,1,9,0,3,0,0,0,0,0,0,0,1,6,1,21,5,999,1,14,-1,1,-1
2015521501431,1,9,0,7,0,5,0,0,0,0,3,1,2,2,36,7,1390,1,14,-1,1,-1
2015521501434,1,9,0,18,0,1,0,0,0,0,4,1,6,2,25,5,-1,-1,-1,-1,1,-1
2015521501437,1,9,0,18,0,6,0,0,0,0,1,1,6,2,18,4,1199,1,14,-1,1,-1
2015521501437,2,9,0,18,0,8,0,0,0,0,1,1,6,1,31,6,1991,1,15,-1,1,-1
2015521501439,1,9,0,18,0,0,0,0,0,0,1,1,6,1,21,5,-1,-1,-1,-1,1,-1
2015521501439,2,9,0,3,0,0,0,0,0,0,2,1,6,2,44,7,996,1,3,-1,1,-1
2015521501440,1,9,0,18,0,0,0,0,0,0,1,1,6,2,83,11,1149,1,8,-1,1,-1
2015521501450,1,9,0,18,0,0,0,0,0,0,3,1,6,1,50,8,-1,-1,-1,-1,-1,-1
2015521501450,2,1,0,18,0,0,0,0,0,0,1,1,6,2,32,6,-1,-1,-1,-1,1,-1
2015521501455,1,9,0,18,0,8,0,0,0,0,4,1,6,1,74,10,1598,1,12,-1,1,-1
2015521501455,2,1,0,18,0,6,0,0,0,0,1,1,6,1,19,4,-1,-1,-1,-1,-1,-1
2015521501459,1,9,0,7,0,8,0,0,0,0,0,1,6,1,47,8,1896,2,6,-1,1,-1
2015521501459,2,1,0,18,0,1,0,0,0,0,0,1,6,2,27,6,-1,-1,-1,-1,1,-1
2015521501462,1,3,0,18,0,8,0,0,0,0,1,1,2,1,-1,-1,125,1,1,-1,1,-1
2015521501462,2,1,0,9,0,5,0,0,0,0,4,1,2,1,-1,-1,-1,-1,-1,-1,1,-1
2015521501466,1,9,0,3,0,0,0,0,0,0,2,1,6,1,29,6,1339,1,7,-1,2,-1
2015521501466,2,9,0,18,0,0,0,0,0,0,1,1,6,3,-1,-1,-1,-1,-1,-1,-1,-1
2015521501467,1,1,0,18,0,8,0,0,0,0,4,1,6,1,11,3,-1,-1,-1,-1,1,-1
2015521501467,2,9,0,7,0,6,0,0,0,0,1,1,6,2,25,5,-1,-1,-1,-1,-1,-1
2015521501469,1,9,0,16,0,0,0,0,7,0,3,1,6,1,30,6,1461,2,10,-1,3,-1
2015521501475,1,9,0,12,0,0,0,0,0,0,1,1,6,1,28,6,-1,-1,-1,-1,1,-1
2015521501475,2,9,0,18,0,0,0,0,0,0,1,1,6,1,76,11,1597,1,15,-1,1,-1
2015521501480,1,9,0,18,0,0,0,0,0,0,1,1,6,1,17,4,1388,1,10,-1,1,-1
2015521501481,1,5,0,9,0,6,0,0,0,0,3,1,6,1,48,8,600,1,10,-1,1,-1
2015521501481,2,1,0,18,4,8,0,0,0,0,4,1,6,1,21,5,-1,-1,-1,-1,1,-1
2015521501486,1,9,0,3,0,1,0,0,0,0,2,1,6,2,32,6,1242,1,10,-1,1,-1
2015521501486,2,9,0,18,0,1,0,0,0,0,1,1,6,1,50,8,-1,-1,-1,-1,-1,-1
2015521501492,1,9,0,18,0,0,0,0,0,0,1,1,6,1,17,4,1795,1,17,-1,2,-1
2015521501492,2,9,0,16,0,0,0,7,7,4,1,1,6,1,46,8,1596,1,13,-1,1,-1
2015521501498,1,1,0,18,0,8,0,0,0,0,1,1,6,1,40,7,-1,-1,-1,-1,1,-1
2015521501498,2,9,0,5,0,1,0,0,0,0,4,1,6,1,30,6,1560,2,1,-1,1,-1
2015521501502,1,9,0,18,0,8,0,0,0,0,1,1,6,1,48,8,898,1,1,-1,1,-1
2015521501502,2,1,0,18,0,6,0,0,0,0,2,1,6,2,32,6,-1,-1,-1,-1,1,-1
2015521501510,1,5,0,12,0,0,0,0,0,0,1,1,6,1,28,6,599,1,20,-1,2,-1
2015521501513,1,5,0,18,0,0,0,0,0,0,1,1,6,1,50,8,650,1,15,-1,1,-1
2015521501513,2,9,0,13,0,0,0,0,0,0,3,1,6,2,47,8,1968,2,2,-1,1,-1
2015521501519,1,9,0,18,0,1,0,0,0,0,3,1,6,1,55,8,-1,-1,-1,-1,1,-1
2015521501519,2,9,0,18,0,1,0,0,0,0,3,1,6,1,76,11,1796,1,12,-1,3,-1
2015521501534,1,9,0,4,0,1,0,0,0,0,2,1,6,1,31,6,1199,1,14,-1,1,-1
2015521501534,2,9,0,18,0,1,0,0,0,0,1,1,6,3,19,4,1968,2,9,-1,-1,-1
2015521501536,1,9,0,3,0,1,0,0,0,0,2,1,6,2,63,9,1242,1,15,-1,1,-1
2015521501536,2,9,0,4,0,1,0,0,0,0,1,1,6,2,24,5,875,1,4,-1,1,-1
2015521501547,1,9,0,3,0,0,0,0,0,0,2,1,6,2,31,6,-1,-1,-1,-1,1,-1
2015521501547,2,9,0,4,0,0,0,0,0,0,1,1,6,2,40,7,1896,2,10,-1,1,-1
2015521501559,1,9,0,7,0,6,0,0,0,0,1,1,6,1,-1,-1,-1,-1,-1,-1,-1,-1
2015521501581,1,9,0,9,0,5,0,0,0,0,4,1,6,1,30,6,1596,1,13,-1,1,-1
2015521501581,2,3,0,18,0,8,0,0,0,0,1,1,4,1,21,5,125,1,1,-1,1,-1
2015521501582,1,9,0,18,0,8,0,0,0,0,4,1,6,2,64,9,998,1,8,-1,1,-1
2015521501582,2,9,0,7,0,6,0,0,0,0,1,1,6,1,30,6,1799,1,6,-1,1,-1
2015521501587,1,9,0,9,0,2,0,0,0,0,1,1,3,2,23,5,998,1,2,-1,1,-1
2015521501611,1,1,0,18,0,8,0,0,0,0,4,1,1,2,29,6,-1,-1,-1,-1,1,-1
2015521501611,2,9,0,7,0,6,0,0,0,0,1,1,1,1,35,6,1968,2,6,-1,1,-1
2015521501621,1,19,0,18,0,0,0,4,0,0,4,1,6,1,31,6,1753,2,11,-1,1,-1
2015521501621,2,9,0,2,0,0,0,0,0,0,3,1,6,3,-1,-1,-1,-1,-1,-1,-1,-1
2015521501621,3,9,0,2,0,0,0,0,0,0,3,1,6,3,-1,-1,1299,1,12,-1,-1,-1
2015521501626,1,9,0,18,0,0,0,0,0,0,3,1,6,1,49,8,2495,2,21,-1,1,-1
2015521501626,2,11,0,18,0,0,0,0,0,0,1,1,1,1,52,8,7300,2,8,-1,1,-1
2015521501626,3,9,0,18,0,0,0,0,0,0,1,1,6,1,42,7,1968,2,-1,-1,2,-1
2015521501627,1,9,0,9,0,5,0,0,0,0,1,1,6,2,32,6,1997,2,7,-1,1,-1
2015521501627,2,1,0,3,0,1,0,0,0,0,1,1,2,1,37,7,-1,-1,-1,-1,2,-1
2015521501628,1,1,0,18,0,8,0,0,0,0,4,1,2,2,41,7,-1,-1,-1,-1,1,-1
2015521501628,2,9,0,7,0,6,0,0,0,0,3,1,6,1,30,6,-1,-1,-1,-1,-1,-1
2015521501629,1,9,0,18,0,0,0,0,0,0,1,1,6,2,25,5,1388,1,5,-1,1,-1
2015521501629,2,9,0,3,0,0,0,0,0,0,2,1,6,1,43,7,-1,-1,-1,-1,1,-1
2015521501633,1,9,0,18,0,8,0,0,0,0,1,1,6,1,69,10,-1,-1,-1,-1,1,-1
2015521501633,2,9,0,9,0,5,0,0,0,0,1,1,6,2,21,5,1995,2,5,-1,1,-1
2015521501635,1,9,0,6,0,0,0,0,0,0,3,1,6,1,22,5,1910,2,11,-1,1,-1
2015521501635,2,1,0,18,0,0,0,0,0,0,1,1,2,1,47,8,-1,-1,-1,-1,1,-1
2015521501642,1,9,0,18,0,0,0,0,1,3,1,1,6,1,20,4,-1,-1,-1,-1,1,-1
2015521501644,1,9,0,18,0,0,0,0,0,0,1,1,6,1,46,8,1398,1,13,-1,1,-1
2015521501646,1,4,0,4,0,8,0,0,0,0,0,1,2,1,34,6,-1,-1,-1,-1,1,-1
2015521501646,2,9,0,13,0,8,0,0,0,0,0,1,6,1,57,9,1246,1,7,-1,1,-1
2015521501649,1,4,0,18,0,8,0,0,7,10,1,1,6,1,27,6,-1,-1,-1,-1,1,-1
2015521501666,1,3,0,9,0,8,0,0,0,0,3,1,6,1,24,5,125,1,1,-1,1,-1
2015521501666,2,9,0,18,0,8,0,0,0,0,1,1,6,1,58,9,1769,1,15,-1,1,-1
2015521501668,1,9,0,9,0,8,0,0,0,0,4,1,6,2,23,5,1388,1,10,-1,3,-1
2015521501668,2,9,0,18,0,4,0,0,0,0,3,1,6,3,-1,-1,2000,2,4,-1,-1,-1
2015521501675,1,9,0,18,0,1,0,0,0,0,1,1,6,1,43,7,1362,1,3,-1,1,-1
2015521501675,2,9,0,18,0,1,0,0,0,0,1,1,1,1,35,6,1753,2,6,-1,1,-1
2015521501675,3,9,0,7,0,1,0,0,0,0,2,1,6,1,37,7,2148,2,10,-1,1,-1
2015521501675,4,9,0,18,0,1,0,0,0,0,2,1,6,2,68,10,2179,2,5,-1,2,-1
2015521501694,1,1,0,18,0,8,0,0,0,0,4,1,6,1,40,7,-1,-1,-1,-1,1,-1
2015521501694,2,9,0,7,0,6,0,0,0,0,1,1,6,2,35,6,2497,2,9,-1,-1,-1
2015521501731,1,9,0,18,0,0,0,0,0,0,1,1,6,1,19,4,1149,1,14,-1,1,-1
2015521501747,1,1,0,18,0,0,0,0,0,0,3,1,6,1,40,7,-1,-1,-1,-1,1,-1
2015521501747,2,9,0,7,0,0,0,0,0,0,1,1,6,1,30,6,-1,-1,-1,-1,-1,-1
2015521501752,1,9,0,9,0,6,0,0,0,0,1,1,6,1,35,6,799,2,6,-1,1,-1
2015521501752,2,1,0,18,4,8,0,0,0,0,4,1,6,1,43,7,-1,-1,-1,-1,1,-1
2015521501755,1,9,0,18,0,0,0,0,0,0,1,1,6,1,69,10,1686,2,1,-1,1,-1
2015521501767,1,9,0,9,0,5,0,0,0,0,4,1,6,2,28,6,1242,1,4,-1,1,-1
2015521501767,2,1,0,18,0,8,0,0,0,0,1,1,6,1,21,5,-1,-1,-1,-1,1,-1
2015521501778,1,9,0,18,0,8,0,0,0,0,4,1,3,1,70,10,1368,1,6,-1,1,-1
2015521501778,2,9,0,9,0,6,0,0,0,0,4,1,6,3,-1,-1,1360,1,15,-1,1,-1
2015521501784,1,1,0,10,0,6,0,0,0,0,1,1,6,1,32,6,-1,-1,-1,-1,1,-1
2015521501784,2,9,0,9,0,5,0,0,0,0,1,1,6,1,35,6,2996,2,5,-1,-1,-1
2015521501790,1,19,0,18,0,0,0,0,0,0,1,1,6,3,-1,-1,-1,-1,-1,-1,-1,-1
2015521501794,1,9,0,17,0,0,0,0,1,0,4,1,6,1,22,5,998,1,3,-1,1,-1
2015521501794,2,9,0,16,0,0,0,0,0,0,4,1,6,1,37,7,-1,-1,-1,-1,1,-1
2015521501796,1,9,0,8,0,1,0,0,0,0,2,1,6,2,71,10,-1,-1,-1,-1,1,-1
2015521501796,2,9,0,5,0,1,0,0,0,0,1,1,6,2,52,8,1998,1,21,-1,1,-1
2015521501797,1,1,0,18,4,8,0,0,0,0,1,1,6,1,20,4,-1,-1,-1,-1,1,-1
2015521501797,2,9,0,9,0,6,0,0,0,0,3,1,6,3,-1,-1,1753,2,13,-1,-1,-1
2015521501799,1,9,0,18,0,0,0,0,0,0,1,1,6,3,-1,-1,-1,-1,-1,-1,-1,-1
2015521501803,1,9,0,9,0,6,0,0,0,0,3,1,6,1,36,7,-1,-1,-1,-1,1,-1
2015521501803,2,4,0,18,0,1,0,0,0,0,1,1,6,1,30,6,124,1,8,-1,2,-1
2015521501807,1,9,0,9,0,6,0,0,0,0,3,1,6,2,34,6,1598,1,3,-1,1,-1
2015521501807,2,9,0,18,0,8,0,0,0,0,3,1,6,1,30,6,1986,2,10,-1,1,-1
2015521501808,1,9,0,4,0,0,0,0,0,0,2,1,6,1,66,10,1591,1,5,-1,1,-1
2015521501808,2,9,5,4,0,0,1,0,0,0,1,1,6,2,40,7,2495,2,21,-1,1,-1
2015521501809,1,21,0,18,0,0,0,0,0,0,3,1,1,1,41,7,6693,2,2,-1,1,-1
2015521501809,2,21,0,18,0,0,0,0,0,0,3,1,1,1,20,4,6692,2,6,-1,-1,-1
2015521501811,1,9,0,9,0,1,0,0,0,0,3,1,6,2,17,4,-1,-1,-1,-1,1,-1
2015521501811,2,3,0,18,0,1,1,0,0,0,1,1,6,1,47,8,124,1,12,-1,2,-1
2015521501816,1,9,0,18,0,0,0,0,0,0,1,1,6,2,36,7,1992,2,10,-1,1,-1
2015521501816,2,9,0,18,0,0,0,0,0,0,1,1,6,1,29,6,-1,-1,-1,-1,1,-1
2015521501816,3,2,0,18,0,0,0,0,0,0,2,1,6,2,21,5,48,1,2,-1,3,-1
2015521501818,1,9,0,18,0,0,0,0,0,0,1,1,6,1,33,6,-1,-1,-1,-1,1,-1
2015521501818,2,9,0,9,0,0,0,0,0,0,2,1,6,1,51,8,2497,1,5,-1,3,-1
2015521501823,1,9,0,18,0,0,0,0,0,0,1,1,6,1,41,7,2000,2,10,-1,1,-1
2015521501835,1,8,0,16,0,0,0,0,0,0,1,1,1,1,40,7,2362,1,11,-1,1,-1
2015521501836,1,9,0,4,0,1,0,0,0,0,2,1,6,1,28,6,-1,-1,-1,-1,1,-1
2015521501836,2,9,0,18,0,1,0,0,0,0,1,1,6,1,53,8,2982,2,1,-1,3,-1