Accident_Index,Vehicle_Reference,Vehicle_Type,Towing_and_Articulation,Vehicle_Manoeuvre,Vehicle_Location-Restricted_Lane,Junction_Location,Skidding_and_Overturning,Hit_Object_in_Carriageway,Vehicle_Leaving_Carriageway,Hit_Object_off_Carriageway,1st_Point_of_Impact,Was_Vehicle_Left_Hand_Drive?,Journey_Purpose_of_Driver,Sex_of_Driver,Age_of_Driver,Age_Band_of_Driver,Engine_Capacity_(CC),Propulsion_Code,Age_of_Vehicle,Driver_IMD_Decile,Driver_Home_Area_Type,Vehicle_IMD_Decile
2015521501837,1,9,0,3,0,8,0,0,0,0,2,1,6,2,22,5,-1,-1,-1,-1,3,-1
2015521501837,2,9,0,18,0,8,0,0,0,0,1,1,6,3,-1,-1,2495,2,12,-1,-1,-1
2015521501839,1,9,0,18,0,5,5,0,1,1,1,1,6,1,31,6,-1,-1,-1,-1,1,-1
2015521501848,1,9,0,18,0,8,0,0,0,0,3,1,6,2,29,6,1242,1,5,-1,1,-1
2015521501848,2,1,0,18,0,8,0,0,0,0,1,1,6,1,55,8,-1,-1,-1,-1,-1,-1
2015521501849,1,9,0,1,0,8,0,0,0,0,2,1,6,1,37,7,1956,2,1,-1,1,-1
2015521501849,2,3,0,7,0,6,0,0,0,0,1,1,6,1,26,6,124,1,6,-1,1,-1
2015521501850,1,9,0,16,0,2,0,0,7,10,1,1,6,1,18,4,-1,-1,-1,-1,1,-1
2015521501850,2,9,0,16,0,2,0,0,0,0,0,1,6,1,30,6,1560,2,4,-1,-1,-1
2015521501852,1,9,0,9,0,8,0,10,0,0,1,1,6,1,34,6,1229,1,4,-1,3,-1
2015521501852,2,9,0,5,0,8,0,0,0,0,3,1,6,1,67,10,-1,-1,-1,-1,1,-1
2015521501852,3,9,0,18,0,8,0,7,7,0,1,1,6,1,27,6,1896,2,13,-1,1,-1
2015521501863,1,9,0,4,0,0,0,0,0,0,2,1,6,2,43,7,-1,-1,-1,-1,2,-1
2015521501863,2,9,0,18,0,0,0,0,0,0,1,1,6,2,36,7,-1,-1,-1,-1,3,-1
2015521501866,1,9,0,18,0,1,0,0,0,0,1,1,6,1,40,7,-1,-1,-1,-1,1,-1
2015521501866,2,9,0,3,0,1,0,0,0,0,2,1,6,2,43,7,2204,2,8,-1,1,-1
2015521501868,1,9,0,18,0,1,0,0,0,0,3,1,6,1,26,6,1968,2,1,-1,1,-1
2015521501869,1,16,0,18,0,0,0,0,0,0,3,1,6,2,35,6,-1,-1,-1,-1,1,-1
2015521501869,2,9,0,4,0,0,0,0,0,0,3,1,6,1,81,11,1596,1,6,-1,3,-1
2015521501872,1,9,0,18,0,0,0,0,0,0,4,1,6,3,-1,-1,1149,1,13,-1,-1,-1
2015521501873,1,9,0,9,0,5,0,0,0,0,2,1,6,2,34,6,1595,1,7,-1,1,-1
2015521501873,2,1,0,13,0,8,0,0,0,0,1,1,6,1,30,6,-1,-1,-1,-1,-1,-1
2015521501874,1,1,0,18,0,0,0,0,0,0,2,1,6,1,23,5,-1,-1,-1,-1,1,-1
2015521501874,2,9,0,18,0,0,0,0,0,0,1,1,6,3,-1,-1,-1,-1,-1,-1,-1,-1
2015521501877,1,11,0,18,0,0,0,0,0,0,4,1,1,3,-1,-1,-1,-1,-1,-1,-1,-1
2015521501878,1,9,0,11,0,0,1,4,0,0,1,1,6,1,29,6,1796,1,16,-1,1,-1
2015521501878,2,9,0,2,0,0,0,0,0,0,3,1,6,3,-1,-1,1560,2,3,-1,-1,-1
2015521501878,3,9,0,18,0,0,0,0,0,0,1,1,6,1,43,7,1839,1,19,-1,3,-1
2015521501878,4,9,0,2,0,0,0,0,0,0,3,1,6,3,-1,-1,-1,-1,-1,-1,-1,-1
2015521501879,1,9,0,5,0,1,0,0,0,0,1,1,6,2,21,5,1390,1,11,-1,1,-1
2015521501879,2,1,0,5,0,6,0,0,0,0,3,1,6,1,51,8,-1,-1,-1,-1,1,-1
2015521501880,1,9,0,18,0,0,0,0,0,0,1,1,6,2,90,11,-1,-1,-1,-1,1,-1
2015521501880,2,9,0,2,0,0,0,0,0,0,3,1,6,3,-1,-1,1896,2,12,-1,-1,-1
2015521501881,1,3,0,13,0,1,0,0,1,0,0,1,6,1,24,5,125,1,1,-1,1,-1
2015521501881,2,9,0,3,0,1,0,0,0,0,0,1,6,1,35,6,1998,2,5,-1,1,-1
2015521501881,3,9,0,4,0,1,0,0,0,0,0,1,1,2,49,8,1390,1,3,-1,3,-1
2015521501882,1,9,0,9,0,8,0,0,0,0,3,1,6,1,31,6,-1,-1,-1,-1,1,-1
2015521501882,2,9,0,18,0,8,0,0,0,0,1,1,6,2,22,5,998,1,4,-1,1,-1
2015521501889,1,9,0,11,0,8,0,0,0,0,4,1,6,2,31,6,1896,2,12,-1,3,-1
2015521501889,2,3,0,17,0,8,0,0,0,0,3,1,6,2,41,7,124,1,3,-1,1,-1
2015521501911,1,9,0,18,0,8,0,0,0,0,4,1,6,2,36,7,995,1,10,-1,1,-1
2015521501911,2,9,0,9,0,6,0,0,0,0,1,1,6,1,30,6,-1,-1,-1,-1,-1,-1
2015521501915,1,9,0,18,0,0,0,0,0,0,1,1,6,2,30,6,1956,2,3,-1,1,-1
2015521501915,2,9,0,3,0,0,0,0,0,0,2,1,6,2,19,4,1229,1,4,-1,1,-1
2015521501915,3,9,0,3,0,0,0,0,0,0,2,1,6,1,54,8,1997,2,11,-1,1,-1
2015521501920,1,19,0,12,9,0,0,0,0,0,1,1,1,1,35,6,2402,2,5,-1,1,-1
2015521501922,1,9,0,18,0,1,0,0,0,0,1,1,6,3,-1,-1,-1,-1,-1,-1,-1,-1
2015521501923,1,9,0,18,0,8,0,0,7,11,1,1,6,1,58,9,-1,-1,-1,-1,1,-1
2015521501925,1,1,0,17,4,8,0,0,0,0,1,1,6,1,38,7,-1,-1,-1,-1,1,-1
2015521501925,2,9,0,7,0,6,0,0,0,0,1,1,6,2,31,6,1796,1,11,-1,1,-1
2015521501926,1,9,0,3,0,0,0,0,0,0,1,1,6,1,19,4,1229,1,1,-1,1,-1
2015521501926,2,9,0,1,0,0,0,0,0,0,2,1,6,1,20,4,1997,1,11,-1,-1,-1
2015521501927,1,19,0,3,0,1,0,0,0,0,4,1,1,1,-1,-1,4461,2,3,-1,1,-1
2015521501927,2,1,0,15,0,1,0,8,0,0,3,1,6,1,58,9,-1,-1,-1,-1,1,-1
2015521501928,1,9,0,18,0,0,5,0,0,0,1,1,6,2,22,5,-1,-1,-1,-1,1,-1
2015521501928,2,9,0,18,0,0,0,0,0,0,3,1,6,1,48,8,-1,-1,-1,-1,1,-1
2015521501933,1,11,0,3,0,0,0,0,0,0,0,1,1,1,36,7,6370,2,13,-1,1,-1
2015521501935,1,9,5,3,0,0,0,0,0,0,2,1,6,2,84,11,1242,1,15,-1,1,-1
2015521501935,2,9,0,18,0,0,0,0,0,0,1,1,6,2,30,6,1968,2,10,-1,-1,-1
2015521501942,1,3,0,18,0,2,0,0,0,0,4,1,6,1,-1,-1,-1,-1,-1,-1,-1,-1
2015521501951,1,9,0,18,0,8,0,0,0,10,1,1,6,1,20,4,1598,1,3,-1,2,-1
2015521501952,1,9,0,1,0,6,0,0,0,0,2,1,6,1,25,5,899,1,1,-1,1,-1
2015521501954,1,9,0,18,0,1,0,0,0,0,1,1,6,1,23,5,1149,1,15,-1,3,-1
2015521501954,2,1,0,9,0,6,0,0,0,0,1,1,6,2,16,4,-1,-1,-1,-1,1,-1
2015521501955,1,19,0,18,0,0,0,0,0,0,1,1,1,1,56,9,2179,2,12,-1,1,-1
2015521501956,1,9,0,17,0,0,1,10,0,0,4,1,1,1,20,4,-1,-1,-1,-1,-1,-1
2015521501957,1,9,0,18,0,0,0,0,0,0,1,1,6,2,29,6,998,1,5,-1,1,-1
2015521501970,1,1,0,18,0,0,0,8,0,0,1,1,2,1,41,7,-1,-1,-1,-1,1,-1
2015521501970,2,9,0,2,0,0,0,0,0,0,3,1,6,3,-1,-1,-1,-1,-1,-1,-1,-1
2015521501974,1,9,0,7,0,6,0,0,0,0,1,1,6,2,56,9,1299,1,7,-1,1,-1
2015521501974,2,1,0,18,0,8,0,0,0,0,1,1,4,1,15,3,-1,-1,-1,-1,1,-1
2015521501976,1,9,0,18,0,0,0,4,0,0,1,1,6,1,75,10,4196,1,10,-1,1,-1
2015521501976,2,9,0,2,0,0,0,0,0,0,4,1,6,3,-1,-1,1596,1,2,-1,-1,-1
2015521501976,3,9,0,2,0,0,0,4,0,0,4,1,6,3,-1,-1,-1,-1,-1,-1,-1,-1
2015521501976,4,9,0,2,0,0,0,4,0,0,2,1,6,3,-1,-1,1998,2,12,-1,-1,-1
2015521501976,5,9,0,2,0,0,0,0,0,0,2,1,1,2,53,8,2967,2,3,-1,3,-1
2015521501980,1,9,0,18,0,0,0,0,0,0,1,1,6,1,21,5,1390,1,14,-1,1,-1
2015521501980,2,9,0,3,0,0,0,0,0,0,2,1,6,1,24,5,1396,1,17,-1,1,-1
2015521501986,1,9,0,18,0,0,0,0,2,1,1,1,6,1,44,7,-1,-1,-1,-1,1,-1
2015521501990,1,1,0,18,4,0,0,0,0,0,3,1,2,2,38,7,-1,-1,-1,-1,1,-1
2015521501990,2,11,0,13,0,0,0,0,0,0,4,1,1,1,24,5,-1,-1,-1,-1,-1,-1
2015521501991,1,1,0,5,0,4,0,0,0,0,1,1,1,1,42,7,-1,-1,-1,-1,1,-1
2015521501991,2,9,0,18,0,4,0,0,0,0,2,1,6,3,-1,-1,-1,-1,-1,-1,-1,-1
2015521501994,1,9,0,18,0,1,0,0,0,0,3,1,6,2,51,8,1596,1,4,-1,1,-1
2015521502005,1,9,0,13,0,8,0,0,0,0,1,1,6,1,42,7,1390,1,3,-1,1,-1
2015521502005,2,1,0,12,0,8,0,0,0,10,1,1,6,1,37,7,-1,-1,-1,-1,1,-1
2015521502007,1,9,0,10,0,8,0,0,0,0,2,1,6,1,27,6,1896,2,6,-1,1,-1
2015521502007,2,19,0,4,0,1,0,0,0,0,2,1,6,1,27,6,1598,2,1,-1,1,-1
2015521502007,3,9,0,18,0,1,0,0,0,0,1,1,6,1,57,9,1364,1,6,-1,1,-1
2015521502011,1,21,1,18,0,0,1,0,0,0,1,1,1,1,54,8,-1,2,16,-1,1,-1
2015521502011,2,9,0,3,0,0,0,0,0,0,2,1,6,1,46,8,998,1,1,-1,1,-1
2015521502011,3,9,0,3,0,0,0,0,0,0,2,1,6,2,29,6,1560,2,8,-1,1,-1
2015521502014,1,11,0,10,0,1,0,0,0,0,0,1,6,1,40,7,-1,-1,-1,-1,-1,-1
2015521502017,1,9,0,5,0,0,0,0,0,0,1,1,6,1,52,8,3628,2,6,-1,1,-1
2015521502017,2,9,0,3,0,0,0,0,0,0,2,1,6,2,39,7,1299,1,15,-1,1,-1
2015521502019,1,9,0,18,0,0,0,0,1,7,4,1,6,1,30,6,1995,2,5,-1,2,-1
2015521502029,1,9,0,3,0,0,0,0,0,0,2,1,6,2,29,6,1461,2,3,-1,1,-1
2015521502029,2,9,0,18,0,0,0,0,1,0,1,1,6,2,39,7,-1,-1,-1,-1,1,-1
2015521502040,1,21,0,11,0,0,0,0,0,0,3,1,6,1,21,5,12000,2,9,-1,3,-1
2015521502040,2,9,0,18,0,0,0,0,0,0,4,1,6,2,53,8,2685,2,11,-1,1,-1
2015521502044,1,9,0,9,0,4,0,0,0,0,1,1,6,1,-1,-1,1390,1,18,-1,1,-1
2015521502044,2,1,0,18,0,8,0,0,0,0,1,1,6,2,29,6,-1,-1,-1,-1,2,-1
2015521502048,1,9,0,18,0,1,0,0,0,0,1,1,6,1,32,6,-1,-1,-1,-1,1,-1
2015521502048,2,9,0,3,0,1,0,0,0,0,2,1,6,1,41,7,1242,1,9,-1,1,-1
2015521502049,1,8,0,9,0,5,0,0,0,0,3,1,1,3,-1,-1,-1,-1,-1,-1,-1,-1
2015521502056,1,9,0,9,0,8,0,0,0,0,1,1,1,1,28,6,1368,1,8,-1,1,-1
2015521502056,2,9,0,18,2,8,0,0,0,0,1,1,1,1,35,6,-1,-1,-1,-1,-1,-1
2015521502069,1,11,0,9,0,5,0,0,0,0,0,1,6,1,51,8,6300,2,8,-1,1,-1
2015521502072,1,9,0,18,0,4,0,0,0,0,3,1,6,1,47,8,-1,-1,-1,-1,1,-1
2015521502072,2,9,0,18,0,8,0,0,0,0,1,1,6,3,-1,-1,1598,2,2,-1,-1,-1
2015521502084,1,9,0,5,0,4,0,0,0,0,3,1,6,2,62,9,1560,2,5,-1,1,-1
2015521502084,2,3,0,18,0,3,0,0,0,0,1,1,6,1,18,4,-1,-1,-1,-1,1,-1
2015521502088,1,19,0,18,0,0,0,0,0,0,1,1,6,1,35,6,2402,2,5,-1,1,-1
2015521502088,2,1,0,18,0,0,0,0,0,0,3,1,6,2,24,5,-1,-1,-1,-1,1,-1
2015521502091,1,9,0,9,0,5,0,0,0,0,4,1,6,1,26,6,1242,1,1,-1,1,-1
2015521502091,2,1,0,5,0,8,0,0,0,0,1,1,6,1,41,7,-1,-1,-1,-1,1,-1
2015521502104,1,9,0,12,0,0,5,0,6,0,1,1,6,1,53,8,2446,2,15,-1,1,-1
2015521502104,2,9,0,18,0,0,0,0,0,0,1,1,6,1,47,8,-1,-1,-1,-1,1,-1
2015521502104,3,5,0,18,0,0,0,0,0,0,1,1,6,1,48,8,1000,1,1,-1,2,-1
2015521502107,1,19,0,9,0,6,0,0,0,0,3,1,6,1,48,8,2198,2,8,-1,3,-1
2015521502107,2,9,0,18,0,8,0,0,0,0,1,1,6,2,70,10,-1,-1,-1,-1,3,-1
2015521502111,1,11,0,18,0,1,0,0,0,0,2,1,6,3,-1,-1,-1,-1,-1,-1,-1,-1
2015521502122,1,9,0,9,0,5,0,0,0,0,4,1,6,1,27,6,-1,-1,-1,-1,1,-1
2015521502124,1,9,0,18,0,4,0,0,0,0,4,1,6,1,26,6,-1,-1,-1,-1,1,-1
2015521502124,2,4,0,5,0,8,0,0,0,0,1,1,6,1,58,9,1063,1,24,-1,1,-1
2015521502127,1,9,0,18,0,8,0,10,1,10,4,1,6,1,32,6,1595,1,10,-1,1,-1
2015521502129,1,9,0,3,0,1,0,0,0,0,2,1,1,1,51,8,1560,2,4,-1,1,-1
2015521502129,2,9,0,18,0,1,0,0,0,0,1,1,6,1,73,10,-1,-1,-1,-1,2,-1
2015521502130,1,9,0,18,0,1,0,0,0,0,3,1,6,1,39,7,1598,1,9,-1,1,-1
2015521502137,1,9,0,5,0,6,0,0,0,0,4,1,6,1,56,9,-1,-1,-1,-1,1,-1
2015521502137,2,1,0,18,0,8,0,0,0,0,1,1,6,1,27,6,-1,-1,-1,-1,1,-1
2015521502145,1,9,0,18,0,0,0,0,0,0,1,1,6,1,32,6,1596,1,10,-1,1,-1
2015521502146,1,9,0,18,0,0,0,0,1,10,1,1,6,2,22,5,-1,-1,-1,-1,1,-1
2015521502146,2,9,0,12,0,0,5,0,0,0,3,1,6,1,54,8,-1,-1,-1,-1,1,-1
2015521502153,1,9,0,3,0,0,0,0,0,0,2,1,6,1,36,7,998,1,18,-1,-1,-1
2015521502153,2,9,0,3,0,0,0,0,0,0,2,1,6,2,23,5,-1,-1,-1,-1,2,-1
2015521502153,3,9,0,18,0,0,0,0,0,0,1,1,6,1,28,6,1499,2,2,-1,1,-1
2015521502156,1,9,0,18,0,2,0,7,0,0,1,1,6,1,18,4,1229,1,8,-1,1,-1
2015521502162,1,9,0,18,0,0,0,0,4,6,1,1,6,1,37,7,1587,1,15,-1,2,-1
2015521502163,1,9,0,18,0,8,0,7,0,0,3,1,6,1,53,8,1242,1,11,-1,1,-1
2015521502163,2,9,0,9,0,6,0,0,0,0,1,1,6,2,30,6,1685,2,2,-1,1,-1
2015521502172,1,9,0,18,0,8,0,0,0,0,1,1,6,1,18,4,-1,-1,-1,-1,1,-1
2015521502172,2,9,0,9,0,6,0,0,0,0,1,1,6,1,60,9,-1,-1,-1,-1,1,-1
2015521502174,1,9,0,7,0,6,0,0,0,0,3,1,6,2,22,5,998,1,3,-1,1,-1
2015521502174,2,9,0,18,0,8,1,0,0,0,4,1,6,1,30,6,1995,2,4,-1,1,-1
2015521502181,1,9,0,18,0,0,0,0,0,0,1,1,6,1,84,11,-1,-1,-1,-1,3,-1
2015521502181,2,9,0,3,0,0,0,0,0,0,2,1,6,1,58,9,-1,-1,-1,-1,3,-1
2015521502202,1,9,0,3,0,0,0,0,0,0,0,1,6,3,-1,-1,-1,-1,-1,-1,-1,-1
2015521502202,2,9,0,3,0,0,0,0,0,0,2,1,6,3,-1,-1,-1,-1,-1,-1,-1,-1
2015521502202,3,9,0,18,0,0,0,0,0,0,1,1,6,2,47,8,1396,1,10,-1,1,-1
2015521502214,1,9,0,18,0,0,0,0,0,0,1,1,6,1,27,6,-1,-1,-1,-1,1,-1
2015521502214,2,9,0,3,0,0,0,0,0,0,2,1,6,2,41,7,-1,-1,-1,-1,1,-1
2015521502214,3,9,0,13,0,0,0,0,0,0,0,1,6,1,-1,-1,1753,2,4,-1,-1,-1
2015521502217,1,9,0,12,0,2,0,0,0,0,3,1,6,1,39,7,1988,1,12,-1,1,-1
2015521502217,2,9,0,18,0,2,0,0,0,0,4,1,6,1,46,8,998,1,17,-1,1,-1
2015521502222,1,9,0,7,0,5,0,0,0,0,2,1,6,1,21,5,-1,-1,-1,-1,1,-1
2015521502222,2,9,0,7,0,5,0,0,0,0,1,1,6,1,77,11,1968,2,7,-1,1,-1
2015521502226,1,20,1,18,0,0,0,0,0,0,1,1,6,1,58,9,-1,-1,-1,-1,-1,-1
2015521502226,2,9,0,18,0,0,0,0,0,0,2,1,6,1,38,7,2295,1,13,-1,1,-1
2015521502230,1,9,0,18,0,1,0,0,0,0,2,1,6,1,51,8,-1,-1,-1,-1,1,-1
2015521502230,2,9,0,18,0,1,0,0,0,0,1,1,6,2,42,7,1753,2,11,-1,1,-1
2015521502231,1,3,0,5,0,8,0,0,0,0,1,1,6,1,59,9,942,1,1,-1,1,-1
2015521502231,2,9,0,11,0,8,0,0,0,0,4,1,6,1,37,7,998,1,12,-1,1,-1
2015521502233,1,9,0,16,0,0,0,0,0,0,1,1,6,1,40,7,1299,1,16,-1,1,-1
2015521502233,2,9,0,17,0,0,0,0,0,0,1,1,6,2,32,6,1149,1,6,-1,1,-1
2015521502234,1,9,0,1,9,0,0,0,0,0,2,1,6,2,42,7,1598,1,11,-1,1,-1
2015521502236,1,9,0,18,0,0,5,4,0,0,1,1,6,1,27,6,1397,1,8,-1,1,-1
2015521502236,2,9,0,2,0,0,0,4,0,0,1,1,6,1,48,8,998,1,1,-1,1,-1
2015521502236,3,9,0,2,0,0,0,0,0,0,1,1,6,1,57,9,2494,1,12,-1,3,-1
2015521502236,4,9,0,18,0,0,0,0,0,0,2,1,6,2,26,6,-1,-1,-1,-1,1,-1
2015521502248,1,9,0,12,0,8,0,0,0,0,3,1,6,2,29,6,-1,-1,-1,-1,1,-1
2015521502248,2,9,0,9,0,8,0,0,0,0,4,1,6,1,30,6,-1,-1,-1,-1,-1,-1
2015521502261,1,9,0,18,0,8,0,0,0,0,1,1,6,1,41,7,1986,2,7,-1,2,-1
2015521502261,2,9,0,9,0,5,0,0,0,0,4,1,6,2,58,9,-1,-1,-1,-1,1,-1
2015521502264,1,9,0,18,0,1,0,0,0,0,1,1,6,1,43,7,1968,2,5,-1,1,-1
2015521502264,2,9,0,9,0,5,0,0,0,0,2,1,6,1,29,6,1896,2,14,-1,1,-1
2015521502265,1,9,0,18,0,1,0,0,0,0,1,1,6,1,40,7,1332,1,22,-1,1,-1
2015521502270,1,1,0,9,0,8,1,0,0,0,3,1,6,2,19,4,-1,-1,-1,-1,1,-1
2015521502270,2,19,0,7,0,3,0,0,0,0,4,1,6,1,45,7,-1,-1,-1,-1,-1,-1
2015521502275,1,9,0,9,0,6,0,0,0,0,4,1,6,1,51,8,1560,2,-1,-1,1,-1
2015521502275,2,1,0,18,0,8,0,0,0,0,1,1,6,1,35,6,-1,-1,-1,-1,-1,-1
2015521502276,1,9,0,18,0,2,0,0,0,0,4,1,6,1,72,10,1364,1,2,-1,1,-1
2015521502283,1,9,0,11,0,3,0,0,0,0,4,1,6,1,54,8,1389,1,18,-1,1,-1
2015521502283,2,9,0,18,0,3,0,0,0,0,3,1,6,2,49,8,1242,1,6,-1,1,-1
2015521502285,1,11,0,9,0,8,0,0,0,0,0,1,1,1,22,5,4461,2,1,-1,1,-1
2015521502289,1,9,0,3,0,1,0,0,0,0,2,1,6,1,53,8,1686,2,4,-1,1,-1
2015521502289,2,1,0,18,0,1,0,0,0,0,1,1,6,1,41,7,-1,-1,-1,-1,1,-1
2015521502292,1,1,0,18,0,0,0,0,0,0,3,1,2,2,32,6,-1,-1,-1,-1,1,-1
2015521502292,2,9,0,4,7,0,0,0,0,0,4,1,6,1,35,6,-1,-1,-1,-1,-1,-1
2015521502293,1,9,0,4,0,0,1,0,0,10,4,1,6,2,54,8,1997,2,8,-1,1,-1
2015521502294,1,9,0,9,0,5,0,0,0,0,3,1,6,2,40,7,2996,1,8,-1,1,-1
2015521502294,2,9,0,13,0,8,0,0,0,0,4,1,6,1,71,10,1560,2,2,-1,1,-1
2015521502300,1,1,0,18,0,1,0,0,0,0,1,1,2,2,23,5,-1,-1,-1,-1,1,-1
2015521502303,1,9,0,9,0,5,0,0,0,0,4,1,6,2,26,6,1910,2,10,-1,1,-1
2015521502303,2,1,0,18,0,8,0,0,0,0,1,1,6,1,47,8,-1,-1,-1,-1,1,-1
2015521502307,1,9,0,14,0,0,0,0,0,0,0,1,6,2,29,6,1149,1,8,-1,3,-1
2015521502311,1,1,0,18,0,8,0,0,0,0,3,1,6,1,38,7,-1,-1,-1,-1,1,-1
2015521502311,2,9,0,9,0,5,0,0,0,0,3,1,6,3,-1,-1,-1,-1,-1,-1,-1,-1
2015521502314,1,9,0,18,0,6,0,0,0,0,4,1,6,2,28,6,1560,2,4,-1,1,-1
2015521502314,2,5,0,18,0,8,0,0,0,0,1,1,6,1,32,6,618,1,12,-1,3,-1
2015521502316,1,9,0,18,0,0,0,0,0,0,1,1,6,1,34,6,1598,1,2,-1,1,-1
2015521502316,2,9,0,14,0,0,0,0,0,0,1,1,6,1,22,5,-1,-1,-1,-1,1,-1
2015521502323,1,19,0,18,0,8,0,0,0,0,4,1,1,1,26,6,2198,2,-1,-1,2,-1
2015521502323,2,9,0,18,0,2,0,0,0,0,0,1,6,1,70,10,1390,1,2,-1,-1,-1
2015521502328,1,19,0,3,0,0,0,0,0,0,2,1,6,1,48,8,1598,2,4,-1,3,-1
2015521502328,2,3,0,12,0,0,0,0,0,0,1,1,6,1,42,7,750,1,9,-1,1,-1
2015521502332,1,8,0,18,0,2,0,0,0,0,3,1,1,3,-1,-1,-1,-1,-1,-1,-1,-1
2015521502333,1,3,0,3,0,1,0,0,0,0,2,1,6,2,27,6,599,1,12,-1,1,-1
2015521502333,2,20,0,5,0,1,0,0,0,0,4,1,6,1,60,9,12900,2,6,-1,1,-1
2015521502334,1,3,0,18,0,8,0,0,0,0,4,1,6,1,52,8,-1,-1,-1,-1,1,-1
2015521502334,2,9,0,12,0,8,0,0,0,0,3,1,6,2,48,8,1299,1,13,-1,1,-1
2015521502336,1,1,0,18,0,8,0,0,0,0,1,1,1,2,50,8,-1,-1,-1,-1,1,-1
2015521502336,2,9,0,11,0,3,0,0,0,0,4,1,6,1,70,10,1398,1,2,-1,-1,-1
2015521502343,1,9,0,18,0,0,0,0,0,0,1,1,6,2,17,4,2477,2,9,-1,1,-1
2015521502344,1,9,0,18,0,0,0,0,0,0,4,1,6,3,-1,-1,-1,-1,-1,-1,-1,-1
2015521502345,1,9,0,18,0,8,0,0,0,0,1,1,6,1,29,6,-1,-1,-1,-1,1,-1
2015521502345,2,9,0,7,0,6,0,0,0,0,3,1,6,1,19,4,1199,1,1,-1,1,-1
2015521502346,1,8,0,5,0,8,0,0,0,0,1,1,6,1,47,8,2664,2,14,-1,1,-1
2015521502346,2,1,0,5,4,8,0,0,0,0,2,1,6,1,33,6,-1,-1,-1,-1,1,-1
2015521502348,1,9,0,4,0,0,0,0,0,0,1,1,6,2,53,8,1840,1,17,-1,1,-1
2015521502349,1,9,0,6,0,0,0,0,0,0,3,1,6,2,70,10,1362,1,2,-1,1,-1
2015521502349,2,1,0,18,0,0,0,0,0,0,1,1,6,1,64,9,-1,-1,-1,-1,1,-1
2015521502352,1,9,0,10,0,8,0,0,0,0,0,1,6,2,23,5,1299,1,15,-1,1,-1
2015521502352,2,3,0,18,0,8,1,0,0,0,0,1,6,1,41,7,124,1,5,-1,1,-1
2015521502354,1,9,0,18,0,0,0,0,0,0,3,1,6,1,30,6,-1,-1,-1,-1,1,-1
2015521502354,2,9,0,18,0,0,0,0,0,0,3,1,6,2,33,6,1896,2,8,-1,1,-1
2015521502357,1,9,0,16,0,1,0,0,0,0,1,1,6,1,54,8,-1,-1,-1,-1,1,-1
2015521502357,2,9,0,3,0,1,0,0,0,0,2,1,6,2,47,8,-1,-1,-1,-1,1,-1
2015521502360,1,9,0,18,0,8,0,0,0,0,1,1,1,1,24,5,1242,1,13,-1,1,-1
2015521502376,1,9,0,17,0,0,0,0,0,0,3,1,6,2,22,5,-1,-1,-1,-1,1,-1
2015521502376,2,1,0,12,0,0,0,0,0,0,1,1,6,1,34,6,-1,-1,-1,-1,1,-1
2015521502389,1,1,0,18,0,0,0,0,0,0,1,1,6,1,23,5,-1,-1,-1,-1,1,-1
2015521502389,2,9,0,12,0,0,0,0,0,0,4,1,6,1,82,11,1997,1,14,-1,1,-1
2015521502391,1,90,0,1,9,1,5,0,0,0,3,1,1,1,60,9,-1,-1,-1,-1,1,-1
2015521502392,1,9,0,4,0,1,0,0,0,0,2,1,6,1,24,5,1998,1,20,-1,2,-1
2015521502392,2,5,0,4,0,1,0,0,0,0,1,1,6,1,22,5,599,1,18,-1,1,-1
2015521502397,1,9,0,17,0,0,0,11,0,0,1,1,6,1,57,9,4966,1,13,-1,1,-1
2015521502399,1,9,0,18,0,8,0,0,0,0,1,1,6,1,50,8,1995,2,13,-1,1,-1
2015521502399,2,9,0,18,0,6,5,0,0,0,4,1,6,2,46,8,-1,-1,-1,-1,1,-1
2015521502401,1,9,0,9,0,5,0,0,0,0,1,1,6,1,42,7,1995,2,5,-1,1,-1
2015521502401,2,3,0,18,0,8,0,0,0,0,1,1,6,1,19,4,124,1,6,-1,1,-1
2015521502420,1,9,0,2,0,0,0,0,0,0,4,1,6,2,17,4,1229,1,7,-1,1,-1
2015521502420,2,9,0,18,0,0,0,0,0,0,4,1,6,3,-1,-1,-1,-1,-1,-1,-1,-1
2015521502424,1,1,0,18,0,8,0,0,0,0,3,1,6,1,21,5,-1,-1,-1,-1,1,-1
2015521502424,2,9,0,7,0,5,0,0,0,0,4,1,6,1,40,7,2231,2,8,-1,-1,-1
2015521502426,1,9,0,9,0,2,0,0,0,0,3,1,6,2,17,4,-1,-1,-1,-1,1,-1
2015521502426,2,4,0,18,0,1,0,0,0,0,1,1,6,1,50,8,750,1,14,-1,-1,-1
2015521502446,1,9,0,3,0,0,0,0,0,0,2,1,6,2,21,5,-1,-1,-1,-1,1,-1
2015521502446,2,5,0,5,0,0,0,0,0,0,1,1,6,1,51,8,675,1,2,-1,3,-1
2015521502449,1,1,0,12,0,0,0,0,0,0,1,1,6,1,32,6,-1,-1,-1,-1,1,-1
2015521502449,2,9,0,18,0,0,0,0,0,0,4,1,6,1,65,9,1997,2,11,-1,1,-1
2015521502455,1,1,0,18,0,8,0,0,0,0,1,1,6,1,46,8,-1,-1,-1,-1,1,-1
2015521502455,2,9,0,13,0,8,0,0,0,0,4,1,6,3,-1,-1,-1,-1,-1,-1,-1,-1