Accident_Index,Vehicle_Reference,Vehicle_Type,Towing_and_Articulation,Vehicle_Manoeuvre,Vehicle_Location-Restricted_Lane,Junction_Location,Skidding_and_Overturning,Hit_Object_in_Carriageway,Vehicle_Leaving_Carriageway,Hit_Object_off_Carriageway,1st_Point_of_Impact,Was_Vehicle_Left_Hand_Drive?,Journey_Purpose_of_Driver,Sex_of_Driver,Age_of_Driver,Age_Band_of_Driver,Engine_Capacity_(CC),Propulsion_Code,Age_of_Vehicle,Driver_IMD_Decile,Driver_Home_Area_Type,Vehicle_IMD_Decile
2015521502460,1,9,0,7,0,6,0,0,0,0,4,1,6,3,-1,-1,-1,-1,-1,-1,-1,-1
2015521502465,1,1,0,9,0,1,0,0,0,0,3,1,6,1,35,6,-1,-1,-1,-1,1,-1
2015521502465,2,19,0,13,0,1,0,0,0,0,4,1,6,1,50,8,2999,2,13,-1,1,-1
2015521502466,1,9,0,18,0,8,0,0,0,0,1,1,6,1,38,7,1598,1,10,-1,1,-1
2015521502466,2,1,0,9,0,6,0,0,0,0,1,1,6,1,17,4,-1,-1,-1,-1,1,-1
2015521502473,1,9,0,9,0,8,0,0,0,0,3,1,6,1,71,10,1396,1,2,-1,1,-1
2015521502473,2,9,0,18,0,8,0,0,0,0,3,1,6,1,44,7,-1,-1,-1,-1,1,-1
2015521502474,1,3,0,18,0,1,0,0,0,0,0,1,6,2,20,4,124,1,2,-1,1,-1
2015521502474,2,19,0,9,0,5,0,0,0,0,0,1,6,3,30,6,-1,-1,-1,-1,-1,-1
2015521502477,1,4,0,13,0,0,0,0,0,0,1,1,6,1,41,7,847,1,-1,-1,1,-1
2015521502477,2,9,0,12,0,0,0,0,0,0,2,1,6,1,27,6,1998,1,12,-1,2,-1
2015521502479,1,11,0,18,0,0,0,0,0,0,0,1,6,1,42,7,6930,2,11,-1,1,-1
2015521502480,1,9,0,7,0,3,0,0,0,0,4,1,6,2,19,4,998,1,4,-1,1,-1
2015521502480,2,1,0,18,0,4,0,0,0,0,1,1,6,1,58,9,-1,-1,-1,-1,1,-1
2015521502488,1,9,0,9,0,6,0,0,0,0,3,1,6,2,62,9,1997,2,16,-1,1,-1
2015521502488,2,3,0,18,0,8,1,0,0,0,3,1,6,1,22,5,125,1,10,-1,1,-1
2015521502490,1,19,0,9,0,6,0,0,0,0,3,1,6,1,43,7,2143,2,6,-1,1,-1
2015521502495,1,9,0,18,0,8,1,0,1,11,1,1,6,1,25,5,-1,-1,-1,-1,1,-1
2015521502495,2,9,0,9,0,6,0,0,0,0,2,1,6,1,42,7,1596,1,11,-1,1,-1
2015521502501,1,9,0,18,0,0,0,0,0,0,1,1,6,1,21,5,1242,1,11,-1,1,-1
2015521502502,1,9,0,3,0,1,0,0,0,0,2,1,6,1,49,8,1360,1,5,-1,1,-1
2015521502502,2,9,0,18,0,1,0,0,0,0,1,1,6,2,25,5,-1,-1,-1,-1,1,-1
2015521502504,1,9,0,16,0,0,5,0,0,0,3,1,6,2,29,6,1299,1,14,-1,1,-1
2015521502504,2,9,0,17,0,0,0,0,0,0,3,1,6,1,37,7,1956,2,1,-1,3,-1
2015521502509,1,9,0,9,0,6,0,0,0,0,1,1,6,2,58,9,1240,1,5,-1,1,-1
2015521502509,2,3,0,18,0,8,0,0,0,0,3,1,6,1,17,4,125,1,13,-1,1,-1
2015521502513,1,8,0,18,0,0,0,0,0,0,0,1,6,3,-1,-1,-1,-1,-1,-1,-1,-1
2015521502516,1,9,0,18,0,0,0,0,0,0,3,1,6,1,68,10,1560,2,3,-1,3,-1
2015521502516,2,1,0,5,0,0,0,0,0,0,4,1,6,2,18,4,-1,-1,-1,-1,1,-1
2015521502518,1,1,0,18,0,8,0,0,0,0,1,1,6,1,42,7,-1,-1,-1,-1,1,-1
2015521502518,2,9,0,9,0,5,0,0,0,0,1,1,6,2,24,5,1796,1,11,-1,1,-1
2015521502519,1,9,0,9,0,6,0,0,0,0,3,1,6,2,29,6,1242,1,12,-1,1,-1
2015521502519,2,1,0,18,0,8,0,0,0,0,1,1,6,2,51,8,-1,-1,-1,-1,1,-1
2015521502523,1,9,0,13,0,8,0,0,0,0,1,1,6,1,27,6,1986,1,2,-1,1,-1
2015521502523,2,9,0,18,0,8,0,0,0,0,1,1,6,1,62,9,-1,-1,-1,-1,1,-1
2015521502528,1,9,0,18,0,8,0,0,0,0,3,1,6,1,36,7,-1,-1,-1,-1,-1,-1
2015521502528,2,9,0,18,0,8,0,4,0,0,3,1,6,1,73,10,1798,1,14,-1,1,-1
2015521502528,3,9,0,2,0,1,0,0,0,0,3,1,6,3,-1,-1,1398,2,2,-1,-1,-1
2015521502529,1,9,0,10,0,0,0,0,0,0,2,1,6,2,33,6,2179,2,3,-1,3,-1
2015521502529,2,9,0,18,0,0,0,0,0,0,1,1,6,2,22,5,998,1,1,-1,1,-1
2015521502542,1,21,1,11,0,0,0,0,0,0,1,1,1,1,60,9,6871,2,1,-1,1,-1
2015521502542,2,9,0,18,0,0,0,0,0,0,3,1,6,2,23,5,1390,1,14,-1,1,-1
2015521502543,1,9,0,13,0,8,0,0,0,0,4,1,6,2,47,8,2179,2,1,-1,1,-1
2015521502543,2,1,0,18,0,8,0,0,0,0,1,1,6,1,16,4,-1,-1,-1,-1,-1,-1
2015521502547,1,5,0,18,0,8,0,0,0,0,4,1,6,1,66,10,599,1,13,-1,1,-1
2015521502547,2,9,0,18,0,8,0,0,0,0,2,1,6,1,-1,-1,1242,1,2,-1,1,-1
2015521502548,1,1,0,18,4,8,0,0,0,0,4,1,6,1,52,8,-1,-1,-1,-1,1,-1
2015521502548,2,9,0,5,0,6,0,0,0,0,1,1,6,2,40,7,1997,1,11,-1,-1,-1
2015521502551,1,9,0,3,0,0,0,0,0,0,2,1,6,2,18,4,-1,-1,-1,-1,1,-1
2015521502551,2,9,0,18,0,0,0,0,0,0,1,1,6,2,-1,-1,1796,1,12,-1,-1,-1
2015521502560,1,9,0,6,0,8,0,0,0,0,0,1,6,1,44,7,1998,1,11,-1,3,-1
2015521502560,2,9,0,18,0,8,0,0,0,0,1,1,6,1,25,5,2261,1,8,-1,1,-1
2015521502560,3,9,0,3,0,1,0,0,0,0,1,1,6,1,42,7,1998,1,9,-1,2,-1
2015521502560,4,9,0,3,0,1,0,0,0,0,3,1,6,2,55,8,1997,2,13,-1,1,-1
2015521502562,1,9,0,1,0,8,0,0,0,0,2,1,6,3,-1,-1,-1,-1,-1,-1,-1,-1
2015521502592,1,9,0,16,0,0,0,0,7,10,1,1,6,1,30,6,1997,2,5,-1,-1,-1
2015521502592,2,9,0,1,0,0,0,0,0,0,2,1,6,1,-1,-1,-1,-1,-1,-1,-1,-1
2015521502620,1,9,0,13,0,8,0,0,0,0,4,1,6,1,82,11,1461,2,10,-1,1,-1
2015521502620,2,1,0,9,0,8,0,0,0,0,1,1,6,1,67,10,-1,-1,-1,-1,1,-1
2015521502627,1,9,0,18,0,0,0,0,0,0,1,1,6,1,26,6,-1,-1,-1,-1,3,-1
2015521502627,2,9,0,3,0,0,0,0,0,0,2,1,6,1,27,6,-1,-1,-1,-1,1,-1
2015521502627,3,9,0,18,0,0,0,0,0,0,1,1,6,1,42,7,1995,2,3,-1,1,-1
2015521502631,1,9,0,18,0,8,0,0,0,0,3,1,6,2,51,8,1991,2,11,-1,1,-1
2015521502631,2,9,0,11,0,8,0,0,0,0,4,1,6,1,43,7,2143,2,4,-1,1,-1
2015521502640,1,9,0,18,0,8,0,0,0,0,1,1,6,1,71,10,1124,1,14,-1,1,-1
2015521502640,2,9,0,2,0,8,0,0,0,0,0,1,6,3,-1,-1,1796,1,12,-1,-1,-1
2015521502649,1,9,0,2,0,0,0,0,0,0,1,1,6,3,-1,-1,1598,1,15,-1,-1,-1
2015521502649,2,2,0,18,0,0,0,0,0,0,1,1,6,1,16,4,49,1,1,-1,1,-1
2015521502651,1,9,0,14,0,0,0,0,0,0,1,1,6,1,48,8,-1,-1,-1,-1,1,-1
2015521502651,2,11,0,2,0,0,0,0,0,0,2,1,6,1,45,7,7300,2,7,-1,1,-1
2015521502653,1,9,0,7,0,8,0,0,0,0,1,1,6,2,22,5,1896,2,8,-1,3,-1
2015521502653,2,5,0,18,0,8,0,0,0,0,1,1,6,1,26,6,749,1,1,-1,1,-1
2015521502654,1,9,0,6,0,8,0,0,0,0,3,1,6,1,32,6,-1,-1,-1,-1,1,-1
2015521502654,2,3,0,13,0,8,0,0,0,0,1,1,6,1,90,11,114,1,1,-1,1,-1
2015521502656,1,9,0,9,0,5,0,0,0,0,4,1,6,2,71,10,1598,1,14,-1,1,-1
2015521502656,2,1,0,18,0,1,0,0,0,0,1,1,6,1,35,6,-1,-1,-1,-1,1,-1
2015521502657,1,19,0,18,0,1,0,0,0,0,1,1,6,3,-1,-1,2496,2,17,-1,-1,-1
2015521502658,1,1,0,18,0,8,0,0,0,0,1,1,6,1,46,8,-1,-1,-1,-1,1,-1
2015521502658,2,9,0,9,0,5,0,0,0,0,1,1,6,2,43,7,1198,1,2,-1,1,-1
2015521502667,1,9,0,9,0,5,0,0,0,0,3,1,6,1,21,5,1896,2,13,-1,1,-1
2015521502667,2,5,0,18,2,8,1,0,0,0,1,1,6,1,49,8,1043,1,1,-1,1,-1
2015521502673,1,1,0,17,0,1,0,0,0,0,1,1,6,1,48,8,-1,-1,-1,-1,1,-1
2015521502673,2,21,1,7,0,5,0,0,0,0,1,1,1,1,61,9,6374,2,2,-1,1,-1
2015521502685,1,9,0,13,0,1,0,0,0,0,1,1,6,1,26,6,3000,1,14,-1,1,-1
2015521502685,2,11,0,18,0,1,0,0,0,0,3,1,1,1,52,8,4500,2,6,-1,1,-1
2015521502685,3,9,0,7,0,6,0,0,0,0,1,1,6,1,22,5,1490,1,11,-1,1,-1
2015521502686,1,21,1,14,0,0,0,0,0,0,4,1,6,1,65,9,12900,2,4,-1,1,-1
2015521502686,2,1,0,18,0,0,0,0,0,0,3,1,6,1,36,7,-1,-1,-1,-1,3,-1
2015521502691,1,9,0,3,0,0,0,0,0,0,2,1,6,1,61,9,1199,1,12,-1,1,-1
2015521502691,2,9,0,4,0,0,0,0,0,0,1,1,6,2,25,5,1598,2,2,-1,-1,-1
2015521502692,1,1,0,18,0,0,0,0,1,0,3,1,2,1,26,6,-1,-1,-1,-1,1,-1
2015521502692,2,20,4,13,0,0,0,0,0,0,4,1,6,3,-1,-1,-1,-1,-1,-1,-1,-1
2015521502694,1,9,0,9,0,1,0,0,0,0,3,1,6,2,39,7,1242,1,1,-1,1,-1
2015521502694,2,9,0,18,0,1,0,0,0,0,1,1,6,2,55,8,1341,1,11,-1,1,-1
2015521502699,1,9,0,9,0,8,0,0,1,1,1,1,6,1,30,6,-1,-1,-1,-1,1,-1
2015521502699,2,9,0,9,0,8,0,0,0,0,1,1,6,3,-1,-1,1461,2,8,-1,-1,-1
2015521502702,1,9,0,18,0,1,0,0,0,0,1,1,6,1,57,9,-1,-1,-1,-1,1,-1
2015521502702,2,9,0,3,0,1,0,0,0,0,2,1,6,2,51,8,1598,1,1,-1,1,-1
2015521502702,3,9,0,3,0,1,0,0,0,0,2,1,6,2,44,7,1199,1,17,-1,1,-1
2015521502707,1,9,0,9,0,6,0,0,0,0,1,1,6,1,84,11,1299,1,11,-1,1,-1
2015521502707,2,9,0,18,0,8,0,4,0,0,1,1,6,1,32,6,1362,1,2,-1,1,-1
2015521502707,3,9,0,2,0,8,0,0,0,0,4,1,6,2,36,7,-1,-1,-1,-1,1,-1
2015521502708,1,9,0,9,0,6,0,0,0,0,1,1,6,1,31,6,-1,-1,-1,-1,1,-1
2015521502708,2,9,0,18,0,8,0,0,0,0,4,1,6,1,61,9,1499,1,6,-1,1,-1
2015521502709,1,9,0,18,0,0,0,0,0,0,1,1,6,1,60,9,1339,8,8,-1,1,-1
2015521502712,1,9,0,2,0,0,0,0,0,0,2,1,6,1,-1,-1,1461,2,4,-1,2,-1
2015521502712,2,9,0,18,0,0,0,0,0,0,1,1,6,2,50,8,1248,2,7,-1,1,-1
2015521502715,1,4,0,18,0,0,0,0,0,0,3,1,6,1,50,8,234,1,7,-1,1,-1
2015521502715,2,9,0,11,0,0,0,0,0,0,4,1,6,1,31,6,-1,-1,-1,-1,1,-1
2015521502716,1,9,0,18,0,0,0,0,0,0,1,1,6,1,30,6,1984,1,9,-1,1,-1
2015521502717,1,11,0,18,2,0,0,0,0,0,3,1,1,1,35,6,7300,2,10,-1,1,-1
2015521502720,1,9,0,5,0,1,0,0,0,0,1,1,1,2,62,9,-1,-1,-1,-1,1,-1
2015521502726,1,9,0,5,0,6,0,0,1,10,3,1,6,2,32,6,1587,1,18,-1,1,-1
2015521502726,2,9,0,18,0,8,0,0,0,0,4,1,6,1,41,7,1984,1,12,-1,1,-1
2015521502730,1,19,0,18,0,0,1,0,0,0,1,1,6,1,34,6,1753,2,5,-1,1,-1
2015521502734,1,97,0,12,9,0,0,4,0,0,1,1,6,1,15,3,-1,-1,-1,-1,1,-1
2015521502734,2,9,0,2,0,0,0,0,0,0,2,1,6,3,-1,-1,1997,2,9,-1,-1,-1
2015521502739,1,9,0,18,0,0,0,0,0,0,4,1,1,2,41,7,1598,2,1,-1,1,-1
2015521502739,2,9,0,12,0,0,0,0,0,0,3,1,6,1,-1,-1,1998,1,13,-1,-1,-1
2015521502740,1,9,0,2,0,2,0,0,0,0,2,1,6,1,30,6,-1,-1,-1,-1,1,-1
2015521502740,2,21,0,18,0,2,0,0,0,0,1,1,6,3,-1,-1,2198,2,2,-1,-1,-1
2015521502751,1,1,0,18,0,0,0,0,0,0,4,1,1,1,42,7,-1,-1,-1,-1,1,-1
2015521502751,2,9,0,13,0,0,0,0,0,0,1,1,6,1,20,4,1199,1,12,-1,-1,-1
2015521502763,1,9,0,5,0,6,0,0,0,0,1,1,6,1,71,10,1461,2,2,-1,1,-1
2015521502763,2,9,0,18,0,8,0,0,1,0,3,1,6,1,27,6,3387,1,7,-1,1,-1
2015521502763,3,9,0,3,0,1,0,0,1,11,3,1,6,1,23,5,-1,-1,-1,-1,1,-1
2015521502769,1,9,0,3,0,0,0,0,0,0,2,1,6,1,21,5,-1,-1,-1,-1,1,-1
2015521502769,2,9,0,18,0,0,0,0,0,0,1,1,6,1,21,5,2401,2,13,-1,1,-1
2015521502770,1,9,0,3,0,1,0,0,0,0,2,1,6,2,24,5,1364,1,10,-1,1,-1
2015521502770,2,9,0,18,0,1,0,0,0,0,1,1,6,1,40,7,1968,2,1,-1,-1,-1
2015521502776,1,9,0,9,0,5,0,0,0,0,3,1,6,1,63,9,1598,2,1,-1,2,-1
2015521502776,2,16,0,18,0,1,0,0,0,0,1,1,6,2,34,6,-1,-1,-1,-1,1,-1
2015521502776,3,4,0,18,0,1,0,0,0,0,0,1,6,3,-1,-1,-1,-1,-1,-1,-1,-1
2015521502778,1,11,0,17,0,8,0,0,0,0,3,1,6,1,51,8,8300,2,15,-1,1,-1
2015521502778,2,17,0,16,0,8,0,0,0,0,1,1,6,1,58,9,-1,-1,-1,-1,3,-1
2015521502784,1,11,0,18,0,1,0,0,0,0,1,1,6,1,27,6,6700,2,7,-1,1,-1
2015521502784,2,1,0,3,4,1,0,0,0,0,2,1,6,1,34,6,-1,-1,-1,-1,1,-1
2015521502785,1,9,0,18,0,0,0,0,0,0,1,1,6,1,23,5,1991,1,21,-1,3,-1
2015521502785,2,9,0,18,0,0,0,0,0,0,1,1,6,2,57,9,1951,2,10,-1,1,-1
2015521502789,1,9,0,18,0,8,0,0,0,0,1,1,6,1,42,7,1242,1,9,-1,1,-1
2015521502789,2,3,0,9,0,4,0,0,0,0,3,1,6,1,21,5,124,1,3,-1,2,-1
2015521502792,1,9,0,18,0,0,0,0,0,0,4,1,6,2,42,7,1796,1,11,-1,1,-1
2015521502793,1,9,0,18,0,0,0,0,0,0,1,1,6,2,30,6,-1,-1,-1,-1,1,-1
2015521502793,2,9,0,12,0,0,0,0,0,0,1,1,6,1,18,4,998,1,9,-1,1,-1
2015521502803,1,9,0,1,0,0,0,0,0,0,2,1,6,2,28,6,1229,1,10,-1,1,-1
2015521502809,1,5,0,18,0,0,0,0,1,0,0,1,6,1,66,10,1200,1,19,-1,1,-1
2015521502811,1,9,0,10,0,8,0,0,0,0,3,1,2,1,29,6,1598,1,1,-1,1,-1
2015521502811,2,11,0,18,2,8,0,0,0,0,3,1,1,3,30,6,3900,2,9,-1,-1,-1
2015521502820,1,9,0,18,0,0,0,0,0,0,1,1,6,1,32,6,1984,1,8,-1,1,-1
2015521502820,2,1,0,12,0,0,0,0,0,0,1,1,6,1,28,6,-1,-1,-1,-1,1,-1
2015521502821,1,9,0,9,0,5,0,0,0,0,2,1,6,1,53,8,-1,-1,-1,-1,1,-1
2015521502821,2,19,0,18,0,1,0,0,0,0,3,1,6,1,30,6,10837,2,4,-1,1,-1
2015521502821,3,19,0,18,0,8,0,0,0,0,3,1,6,1,26,6,2299,2,2,-1,1,-1
2015521502828,1,9,0,3,0,0,0,0,0,0,2,1,6,2,51,8,1560,2,4,-1,1,-1
2015521502828,2,9,0,3,0,0,0,0,0,0,2,1,6,2,28,6,1598,1,9,-1,1,-1
2015521502828,3,9,0,16,0,0,0,0,0,0,1,1,6,1,22,5,2496,2,14,-1,1,-1
2015521502829,1,9,0,9,0,5,0,0,0,0,4,1,6,1,25,5,1798,1,11,-1,1,-1
2015521502829,2,3,0,18,2,8,0,0,0,0,1,1,6,1,20,4,-1,-1,-1,-1,1,-1
2015521502832,1,11,0,18,0,8,0,0,0,0,4,1,1,1,53,8,6700,2,6,-1,1,-1
2015521502832,2,9,0,9,0,6,0,0,0,0,1,1,6,2,21,5,-1,-1,-1,-1,1,-1
2015521502833,1,9,0,12,0,0,0,0,0,0,3,1,6,1,45,7,1598,2,4,-1,1,-1
2015521502833,2,1,0,18,0,0,0,0,0,0,1,1,6,1,52,8,-1,-1,-1,-1,1,-1
2015521502841,1,9,0,8,0,1,0,0,0,0,2,1,6,1,59,9,1596,1,9,-1,1,-1
2015521502841,2,9,0,18,0,1,0,0,0,0,1,1,6,2,36,7,1560,2,6,-1,-1,-1
2015521502842,1,9,0,18,0,0,0,0,0,0,1,1,6,2,42,7,-1,-1,-1,-1,1,-1
2015521502844,1,9,0,18,0,0,0,0,0,0,3,1,6,1,32,6,2521,1,8,-1,2,-1
2015521502844,2,9,0,18,0,0,0,0,0,0,4,1,6,1,18,4,-1,-1,-1,-1,1,-1
2015521502844,3,9,0,18,0,0,0,0,0,0,3,1,6,1,20,4,1995,2,10,-1,3,-1
2015521502846,1,4,0,18,0,3,0,0,0,0,4,1,6,2,61,9,124,1,11,-1,1,-1
2015521502846,2,9,0,4,0,4,0,0,0,0,1,1,6,2,-1,-1,-1,-1,-1,-1,-1,-1
2015521502847,1,9,0,9,0,5,0,0,0,0,1,1,6,2,40,7,-1,-1,-1,-1,-1,-1
2015521502847,2,1,0,18,0,8,0,0,0,0,3,1,6,1,40,7,-1,-1,-1,-1,1,-1
2015521502850,1,9,0,18,0,8,0,0,0,0,1,1,6,2,53,8,2771,2,19,-1,1,-1
2015521502850,2,9,0,12,0,8,0,4,0,0,1,1,6,1,34,6,-1,-1,-1,-1,1,-1
2015521502850,3,9,0,2,0,2,0,0,0,0,3,1,6,3,-1,-1,1598,1,16,-1,-1,-1
2015521502861,1,9,0,18,0,0,0,0,0,0,1,1,6,1,24,5,1299,1,9,-1,1,-1
2015521502861,2,9,0,3,0,0,0,0,0,0,2,1,6,2,29,6,999,1,15,-1,1,-1
2015521502885,1,9,0,18,0,4,0,0,0,0,1,1,1,2,22,5,1968,2,1,-1,1,-1
2015521502885,2,1,0,18,0,8,0,0,0,0,4,1,6,1,62,9,-1,-1,-1,-1,1,-1
2015521502888,1,9,0,9,0,6,0,0,0,0,1,1,6,1,44,7,1999,1,13,-1,2,-1
2015521502888,2,9,0,18,0,8,0,0,0,0,1,1,6,1,47,8,2179,2,14,-1,1,-1
2015521502890,1,9,0,2,0,8,0,0,0,0,2,1,6,1,60,9,1199,1,15,-1,2,-1
2015521502890,2,9,0,18,0,8,0,0,0,0,1,1,6,1,80,11,1199,1,14,-1,1,-1
2015521502894,1,9,0,7,0,6,0,0,0,0,3,1,6,2,51,8,1991,1,12,-1,1,-1
2015521502894,2,9,4,18,0,8,0,0,0,0,3,1,6,1,76,11,2495,2,21,-1,1,-1
2015521502896,1,11,0,4,0,4,0,0,0,0,0,1,1,1,58,9,-1,2,15,-1,1,-1
2015521502896,2,9,0,9,0,8,0,0,0,0,0,1,6,3,-1,-1,-1,-1,-1,-1,-1,-1
2015521502899,1,4,0,7,0,6,0,0,0,0,2,1,6,1,58,9,196,1,34,-1,1,-1
2015521502899,2,9,0,7,0,6,0,0,0,0,1,1,6,1,51,8,-1,-1,-1,-1,1,-1
2015521502900,1,9,0,18,0,8,0,0,0,0,3,1,6,1,27,6,1968,2,6,-1,1,-1
2015521502900,2,1,0,9,0,8,0,0,0,0,4,1,1,1,46,8,-1,-1,-1,-1,3,-1
2015521502910,1,9,0,17,0,8,1,0,0,0,3,1,6,2,38,7,2771,1,15,-1,1,-1
2015521502910,2,9,0,7,0,3,1,0,0,0,4,1,6,1,20,4,-1,-1,-1,-1,-1,-1
2015521502914,1,9,0,3,0,0,0,0,0,0,2,1,6,1,52,8,1968,2,2,-1,1,-1
2015521502914,2,1,0,18,0,0,0,0,0,0,1,1,6,1,30,6,-1,-1,-1,-1,-1,-1
2015521502927,1,1,0,18,0,8,0,0,0,0,4,1,6,1,27,6,-1,-1,-1,-1,1,-1
2015521502927,2,9,0,7,0,4,0,0,0,0,1,1,6,1,27,6,1329,1,6,-1,-1,-1
2015521502932,1,9,0,2,0,0,0,0,0,0,2,1,6,1,37,7,1781,1,14,-1,1,-1
2015521502932,2,9,0,18,0,0,0,0,0,0,1,1,6,3,-1,-1,-1,-1,-1,-1,-1,-1
2015521502951,1,9,3,18,0,0,5,0,0,0,3,1,1,2,47,8,2477,2,12,-1,1,-1
2015521502951,2,9,0,18,0,0,0,0,4,6,4,1,1,2,31,6,1598,2,5,-1,1,-1
2015521502966,1,9,0,9,0,5,0,0,0,0,1,1,6,2,17,4,1229,1,3,-1,3,-1
2015521502966,2,9,0,18,0,8,0,0,0,0,1,1,6,1,33,6,-1,-1,-1,-1,1,-1
2015521502967,1,9,0,18,0,8,0,0,0,0,4,1,6,2,22,5,1242,1,4,-1,2,-1
2015521502967,2,9,0,7,0,6,0,0,0,0,3,1,6,1,39,7,1596,1,9,-1,1,-1
2015521502971,1,9,0,18,0,8,0,0,0,0,1,1,6,1,56,9,1598,1,8,-1,1,-1
2015521502971,2,1,0,5,0,8,0,0,0,0,4,1,6,1,22,5,-1,-1,-1,-1,1,-1
2015521502976,1,9,0,4,0,0,0,0,0,0,2,1,6,2,44,7,1587,1,9,-1,1,-1
2015521502976,2,9,0,18,0,0,0,0,0,0,1,1,6,1,29,6,1108,1,7,-1,1,-1
2015521502983,1,9,0,2,0,1,0,0,0,0,4,1,6,1,28,6,1781,1,14,-1,1,-1
2015521502983,2,2,0,18,0,5,0,0,0,0,0,1,6,3,-1,-1,-1,-1,-1,-1,-1,-1
2015521502986,1,9,0,18,0,4,5,0,0,0,1,1,6,2,18,4,-1,-1,-1,-1,1,-1
2015521502989,1,9,0,9,0,8,0,0,0,0,1,1,6,1,18,4,-1,-1,-1,-1,1,-1
2015521502989,2,9,0,18,0,8,0,0,0,0,3,1,6,2,42,7,1391,1,20,-1,1,-1
2015521502993,1,9,0,18,2,8,0,0,1,2,1,1,6,1,29,6,1998,1,10,-1,1,-1
2015521502993,2,9,0,9,0,5,0,0,0,0,0,1,6,3,-1,-1,-1,-1,-1,-1,-1,-1
2015521502996,1,9,0,18,0,0,0,0,0,0,1,1,6,1,42,7,1598,2,3,-1,1,-1
2015521503002,1,9,0,3,0,1,0,0,1,0,2,1,6,2,34,6,-1,-1,-1,-1,3,-1
2015521503002,2,9,0,3,0,1,0,0,0,0,1,1,6,1,-1,-1,1997,2,15,-1,-1,-1
2015521503003,1,1,0,17,0,8,0,0,0,0,1,1,6,2,31,6,-1,-1,-1,-1,1,-1
2015521503003,2,9,0,18,0,8,0,0,0,0,2,1,6,2,22,5,-1,-1,-1,-1,-1,-1
2015521503010,1,3,0,18,0,0,0,0,0,0,1,1,6,3,18,4,-1,-1,-1,-1,-1,-1
2015521503015,1,9,0,17,0,0,0,0,0,0,1,1,6,1,19,4,1490,1,9,-1,1,-1
2015521503037,1,9,0,6,0,1,0,0,0,0,1,1,6,1,17,4,1242,1,14,-1,3,-1
2015521503037,2,2,0,18,0,1,0,0,0,0,1,1,6,1,18,4,-1,-1,-1,-1,1,-1
2015521503045,1,9,0,9,0,6,0,0,0,0,1,1,6,1,35,6,2000,2,6,-1,1,-1
2015521503045,2,5,0,18,0,1,0,0,0,0,1,1,6,1,27,6,675,1,9,-1,3,-1
2015521503051,1,1,0,18,0,1,0,0,0,0,3,1,6,1,53,8,-1,-1,-1,-1,1,-1
2015521503051,2,17,0,13,0,1,0,0,0,0,4,1,6,1,40,7,-1,-1,-1,-1,-1,-1
2015521503053,1,9,0,18,0,8,5,0,0,0,1,1,6,1,68,10,2435,1,15,-1,1,-1
2015521503053,2,9,0,2,0,2,0,0,0,0,3,1,6,1,37,7,1391,1,14,-1,1,-1
2015521503054,1,9,0,6,0,8,0,0,0,0,3,1,6,1,28,6,1242,1,1,-1,1,-1
2015521503054,2,1,0,18,0,1,0,0,0,0,1,1,6,1,44,7,-1,-1,-1,-1,1,-1
2015521503055,1,11,0,9,0,5,0,0,0,0,1,1,1,1,41,7,4250,2,17,-1,-1,-1
2015521503055,2,9,0,18,0,8,0,0,0,0,1,1,6,2,-1,-1,1299,1,12,-1,1,-1
2015521503058,1,9,0,2,0,1,0,0,0,0,3,1,6,1,30,6,-1,-1,-1,-1,1,-1
2015521503058,2,9,0,9,0,5,0,4,0,0,1,1,6,3,-1,-1,1968,2,10,-1,-1,-1
2015521503059,1,9,0,18,0,2,0,0,0,0,1,1,6,1,43,7,1796,1,10,-1,1,-1
2015521503063,1,9,0,3,0,2,0,0,0,0,3,1,6,1,33,6,1598,1,9,-1,3,-1
2015521503063,2,3,0,9,0,5,0,0,0,0,1,1,6,1,22,5,98,1,11,-1,1,-1
2015521503072,1,9,0,18,0,8,0,0,0,0,2,1,6,2,38,7,1968,2,2,-1,1,-1
2015521503072,2,9,0,11,0,8,0,0,0,0,1,1,6,1,25,5,1599,1,10,-1,-1,-1
2015521503074,1,9,0,9,0,6,1,0,0,0,1,1,2,2,29,6,998,1,12,-1,1,-1
2015521503074,2,19,0,18,0,8,1,0,0,0,1,1,1,2,49,8,1560,2,3,-1,1,-1
2015521503074,3,9,0,18,0,8,1,0,0,0,1,1,2,1,48,8,-1,-1,-1,-1,1,-1
2015521503082,1,9,0,3,0,2,0,0,0,0,4,1,3,2,39,7,1995,2,1,-1,1,-1
2015521503082,2,9,0,9,0,2,0,8,0,0,1,1,6,3,-1,-1,-1,-1,-1,-1,-1,-1
2015521503088,1,9,0,16,0,0,0,0,0,0,3,1,6,1,66,10,1991,2,7,-1,1,-1
2015521503088,2,9,0,17,0,0,0,0,0,0,1,1,6,1,86,11,1298,1,11,-1,1,-1
2015521503088,3,9,0,2,0,0,0,0,0,0,3,1,6,1,30,6,1339,1,11,-1,2,-1
2015521503099,1,5,0,18,0,0,0,0,7,0,4,1,6,1,40,7,652,1,10,-1,1,-1
2015521503099,2,9,0,6,0,0,0,0,0,0,3,1,6,1,40,7,1348,1,13,-1,1,-1
2015521503101,1,9,0,18,0,8,1,10,1,2,1,1,6,1,17,4,-1,-1,-1,-1,1,-1