Accident_Index,Vehicle_Reference,Vehicle_Type,Towing_and_Articulation,Vehicle_Manoeuvre,Vehicle_Location-Restricted_Lane,Junction_Location,Skidding_and_Overturning,Hit_Object_in_Carriageway,Vehicle_Leaving_Carriageway,Hit_Object_off_Carriageway,1st_Point_of_Impact,Was_Vehicle_Left_Hand_Drive?,Journey_Purpose_of_Driver,Sex_of_Driver,Age_of_Driver,Age_Band_of_Driver,Engine_Capacity_(CC),Propulsion_Code,Age_of_Vehicle,Driver_IMD_Decile,Driver_Home_Area_Type,Vehicle_IMD_Decile
2015521504444,1,9,0,18,0,0,0,0,7,4,1,1,6,2,23,5,-1,-1,-1,-1,1,-1
2015521504449,1,9,0,18,0,8,0,0,0,0,1,1,6,1,21,5,1781,1,11,-1,1,-1
2015521504449,2,9,0,9,0,8,0,0,0,0,4,1,6,2,28,6,1596,1,12,-1,1,-1
2015521504454,1,9,0,12,0,0,0,0,0,0,3,1,6,1,26,6,1299,1,14,-1,2,-1
2015521504454,2,9,0,18,0,0,0,0,0,0,3,1,6,2,34,6,1799,1,9,-1,1,-1
2015521504455,1,9,0,3,0,1,0,0,0,0,2,1,6,2,51,8,1229,1,5,-1,1,-1
2015521504455,2,9,0,18,0,1,0,0,0,0,1,1,6,3,30,6,1149,1,13,-1,-1,-1
2015521504459,1,9,0,12,0,0,0,0,0,0,1,1,6,2,53,8,1242,1,4,-1,1,-1
2015521504459,2,1,0,18,0,0,0,0,0,0,1,1,6,2,21,5,-1,-1,-1,-1,1,-1
2015521504466,1,9,0,1,0,5,0,0,0,0,2,1,6,1,36,7,1598,1,7,-1,1,-1
2015521504468,1,9,0,18,0,8,0,0,0,0,1,1,6,1,41,7,1910,2,9,-1,1,-1
2015521504492,1,9,0,18,0,0,0,0,7,3,1,1,6,1,45,7,-1,-1,-1,-1,1,-1
2015521504493,1,9,0,9,0,5,0,0,0,0,3,1,6,2,18,4,1198,1,1,-1,1,-1
2015521504493,2,9,0,18,2,8,0,0,0,0,4,1,6,1,43,7,-1,-1,-1,-1,1,-1
2015521504494,1,9,0,12,0,0,0,0,0,0,3,1,6,1,59,9,1391,1,19,-1,1,-1
2015521504494,2,5,0,18,0,0,0,0,0,0,4,1,6,1,27,6,998,1,12,-1,1,-1
2015521504496,1,9,0,18,0,8,0,0,0,0,2,-1,6,1,28,6,1360,1,12,-1,1,-1
2015521504496,2,9,0,4,0,8,0,0,0,0,1,-1,6,2,30,6,-1,-1,-1,-1,1,-1
2015521504502,1,9,0,18,0,1,0,0,0,0,1,1,6,2,45,7,2401,2,8,-1,1,-1
2015521504502,2,9,0,4,0,1,0,0,0,0,2,1,6,2,49,8,1198,1,-1,-1,2,-1
2015521504503,1,1,0,18,0,8,0,0,0,0,1,1,6,2,37,7,-1,-1,-1,-1,1,-1
2015521504503,2,9,0,9,0,5,0,0,0,0,3,1,6,2,76,11,995,1,10,-1,1,-1
2015521504504,1,9,0,16,0,0,0,0,0,0,1,1,6,1,48,8,-1,-1,-1,-1,1,-1
2015521504509,1,9,0,9,0,5,0,0,0,0,1,1,6,2,50,8,998,1,17,-1,1,-1
2015521504509,2,1,0,18,0,8,0,0,0,0,1,1,6,2,18,4,-1,-1,-1,-1,1,-1
2015521504513,1,3,0,17,0,8,0,0,0,0,4,1,6,1,18,4,124,1,5,-1,1,-1
2015521504513,2,9,0,7,0,6,0,0,0,0,1,1,6,1,47,8,1299,1,14,-1,1,-1
2015521504514,1,9,0,9,0,6,0,0,0,0,1,1,6,2,26,6,-1,-1,-1,-1,3,-1
2015521504514,2,3,0,18,0,8,0,0,0,0,1,1,6,1,51,8,625,1,11,-1,-1,-1
2015521504527,1,9,0,18,0,8,1,0,7,1,1,1,6,2,38,7,998,1,9,-1,2,-1
2015521504538,1,9,0,16,0,0,0,0,0,0,1,1,6,1,53,8,1995,2,3,-1,3,-1
2015521504538,2,9,0,17,0,0,0,0,0,0,1,1,6,2,21,5,1399,1,7,-1,1,-1
2015521504547,1,1,0,10,0,0,0,0,0,0,3,1,6,2,35,6,-1,-1,-1,-1,1,-1
2015521504547,2,9,0,13,0,0,0,0,0,0,4,1,6,1,60,9,-1,-1,-1,-1,-1,-1
2015521504549,1,9,0,16,0,0,0,0,0,0,3,1,6,1,42,7,-1,-1,-1,-1,1,-1
2015521504549,2,9,0,17,0,0,0,0,0,0,3,1,6,1,34,6,1598,1,13,-1,2,-1
2015521504561,1,4,0,15,0,8,0,0,0,0,1,1,6,1,30,6,675,1,1,-1,1,-1
2015521504561,2,9,0,9,0,5,0,0,0,0,4,1,6,2,33,6,1560,2,3,-1,3,-1
2015521504562,1,19,0,18,9,8,0,0,1,0,1,1,6,1,45,7,1700,2,16,-1,1,-1
2015521504562,2,1,0,18,9,8,0,0,0,0,2,1,6,1,31,6,-1,-1,-1,-1,1,-1
2015521504565,1,9,0,18,0,0,0,0,0,0,4,1,6,1,28,6,-1,-1,-1,-1,1,-1
2015521504566,1,9,0,7,0,5,0,0,0,0,4,1,6,2,23,5,1560,2,5,-1,3,-1
2015521504566,2,1,0,18,0,8,0,0,0,0,3,1,6,1,54,8,-1,-1,-1,-1,1,-1
2015521504567,1,9,0,18,0,0,0,0,0,0,1,1,6,1,54,8,-1,-1,-1,-1,1,-1
2015521504567,2,9,0,18,0,0,0,0,0,0,0,1,6,1,-1,-1,-1,-1,-1,-1,1,-1
2015521504567,3,9,0,18,0,0,0,0,0,0,1,1,6,1,48,8,1997,1,16,-1,1,-1
2015521504568,1,1,0,18,0,8,0,0,0,0,3,1,6,1,25,5,-1,-1,-1,-1,1,-1
2015521504568,2,9,0,7,0,5,0,0,0,0,4,1,6,2,45,7,2143,2,1,-1,1,-1
2015521504572,1,1,0,18,0,0,0,0,0,0,4,1,6,1,23,5,-1,-1,-1,-1,1,-1
2015521504572,2,9,0,2,0,0,0,0,0,0,3,1,6,1,50,8,-1,-1,-1,-1,-1,-1
2015521504581,1,9,0,3,0,8,0,0,0,0,0,1,6,3,-1,-1,2993,2,9,-1,-1,-1
2015521504581,2,9,0,18,0,8,0,0,0,0,2,1,6,1,29,6,1685,2,-1,-1,1,-1
2015521504585,1,9,0,18,0,0,0,0,0,0,1,1,6,2,33,6,1332,1,17,-1,1,-1
2015521504585,2,9,0,18,0,0,0,0,0,0,1,1,6,2,32,6,1242,1,13,-1,1,-1
2015521504587,1,1,0,9,0,5,0,0,0,0,2,1,6,2,40,7,-1,-1,-1,-1,1,-1
2015521504587,2,9,0,18,0,8,0,0,0,0,1,1,6,1,25,5,1199,1,15,-1,-1,-1
2015521504588,1,9,0,4,0,0,0,0,0,0,2,1,6,1,31,6,2401,2,12,-1,1,-1
2015521504588,2,3,0,18,0,0,0,0,0,0,1,1,6,1,25,5,124,1,13,-1,1,-1
2015521504596,1,9,0,9,0,5,0,0,0,0,1,1,6,2,80,11,1124,1,5,-1,1,-1
2015521504596,2,5,0,13,0,8,0,0,7,0,1,1,6,1,61,9,1402,1,8,-1,1,-1
2015521504608,1,9,0,18,0,1,0,0,0,0,1,1,6,1,32,6,1397,1,13,-1,1,-1
2015521504608,2,9,0,7,0,1,0,0,0,0,2,1,6,2,20,4,1956,2,2,-1,-1,-1
2015521504613,1,9,0,18,0,0,0,0,0,0,1,1,6,3,-1,-1,-1,-1,-1,-1,-1,-1
2015521504621,1,3,0,11,0,8,0,0,0,0,4,1,6,1,68,10,125,1,51,-1,1,-1
2015521504621,2,9,0,18,0,8,0,0,0,0,3,1,6,2,-1,-1,1598,1,-1,-1,1,-1
2015521504622,1,9,0,18,0,0,0,0,0,0,1,1,6,1,45,7,1124,1,10,-1,3,-1
2015521504622,2,9,0,18,0,0,0,0,0,0,2,1,6,1,54,8,1124,1,12,-1,3,-1
2015521504648,1,90,0,18,0,1,0,0,0,0,2,1,6,2,33,6,2987,2,5,-1,1,-1
2015521504648,2,2,0,11,0,1,0,0,0,0,1,1,6,1,20,4,49,1,5,-1,-1,-1
2015521504649,1,9,0,18,0,0,0,0,0,0,1,1,6,1,77,11,1997,2,-1,-1,1,-1
2015521504649,2,9,0,18,0,0,0,0,0,0,1,1,6,2,50,8,-1,-1,-1,-1,2,-1
2015521504653,1,8,0,18,0,0,0,0,0,0,1,1,6,3,-1,-1,-1,-1,-1,-1,-1,-1
2015521504656,1,19,0,1,0,8,0,0,0,0,2,1,1,1,55,8,2143,2,3,-1,3,-1
2015521504656,2,5,0,3,0,8,0,0,0,0,1,1,6,1,55,8,-1,-1,-1,-1,1,-1
2015521504657,1,9,0,9,0,6,0,0,0,0,3,1,6,1,40,7,-1,-1,-1,-1,1,-1
2015521504657,2,4,0,18,0,1,0,0,0,0,1,1,6,1,20,4,124,1,3,-1,1,-1
2015521504660,1,9,0,9,0,1,0,0,0,0,3,1,6,2,22,5,1086,1,4,-1,1,-1
2015521504660,2,9,0,18,0,1,0,0,0,0,1,1,6,1,46,8,1598,1,12,-1,1,-1
2015521504663,1,9,0,18,0,0,0,0,0,0,3,1,6,2,19,4,973,1,14,-1,1,-1
2015521504663,2,9,0,18,0,0,0,0,0,0,3,1,6,1,19,4,1496,2,-1,-1,1,-1
2015521504669,1,9,0,17,0,8,5,0,7,11,4,1,6,1,21,5,1999,1,2,-1,3,-1
2015521504674,1,9,0,2,0,0,0,0,0,0,4,1,6,1,83,11,998,1,17,-1,1,-1
2015521504674,2,9,0,1,0,0,0,0,0,0,2,1,6,2,49,8,-1,-1,-1,-1,1,-1
2015521504680,1,9,0,7,0,6,0,0,0,0,3,1,6,2,24,5,1390,1,6,-1,1,-1
2015521504680,2,9,0,18,0,8,0,0,0,0,1,1,6,1,-1,-1,1242,1,10,-1,-1,-1
2015521504687,1,9,0,18,0,8,0,0,0,0,1,1,6,1,83,11,1198,1,1,-1,2,-1
2015521504687,2,5,0,18,0,8,0,0,0,0,1,1,6,1,31,6,645,1,15,-1,2,-1
2015521504689,1,9,0,18,0,0,0,0,5,6,3,1,6,1,22,5,1761,1,15,-1,3,-1
2015521504691,1,9,0,9,0,8,0,0,0,0,1,1,6,1,61,9,1598,1,11,-1,1,-1
2015521504691,2,1,0,18,0,8,0,0,0,0,1,1,6,1,48,8,-1,-1,-1,-1,1,-1
2015521504696,1,9,0,7,0,5,0,0,0,0,4,1,6,3,-1,-1,-1,-1,-1,-1,-1,-1
2015521504696,2,1,0,18,0,1,0,0,0,0,1,1,6,1,26,6,-1,-1,-1,-1,1,-1
2015521504699,1,9,0,7,0,6,0,0,0,0,1,1,1,1,36,7,1995,2,5,-1,1,-1
2015521504699,2,1,0,18,0,1,0,0,0,0,1,1,6,1,50,8,-1,-1,-1,-1,2,-1
2015521504704,1,9,0,1,0,1,0,0,0,0,2,1,6,1,20,4,-1,-1,-1,-1,2,-1
2015521504704,2,9,0,18,0,1,0,0,0,0,1,1,6,2,34,6,1598,1,7,-1,1,-1
2015521504705,1,9,0,18,0,0,0,0,0,0,1,1,6,1,42,7,1753,2,13,-1,1,-1
2015521504705,2,1,0,18,0,0,0,0,0,0,0,1,6,1,28,6,-1,-1,-1,-1,1,-1
2015521504706,1,9,0,18,0,1,0,0,0,0,1,1,6,1,58,9,-1,-1,-1,-1,1,-1
2015521504706,2,19,0,10,0,1,0,0,0,0,2,1,6,1,34,6,2298,2,1,-1,1,-1
2015521504706,3,9,0,18,0,1,0,0,0,0,1,1,6,1,29,6,1349,1,1,-1,1,-1
2015521504719,1,9,0,18,0,0,0,0,0,0,1,1,1,1,41,7,1753,2,16,-1,1,-1
2015521504719,2,9,0,18,0,0,0,0,0,0,2,1,6,1,47,8,2993,2,3,-1,2,-1
2015521504726,1,9,0,18,0,0,0,0,0,0,3,1,6,1,19,4,1149,1,10,-1,1,-1
2015521504726,2,9,0,18,0,0,5,0,0,0,3,1,6,1,38,7,1560,2,1,-1,1,-1
2015521504733,1,9,0,4,0,0,0,0,0,0,2,1,6,1,50,8,1910,2,10,-1,1,-1
2015521504733,2,3,0,18,0,0,0,0,0,0,1,1,6,1,18,4,125,1,-1,-1,2,-1
2015521504734,1,9,0,18,0,0,0,0,0,0,4,1,6,2,27,6,1390,1,7,-1,1,-1
2015521504734,2,1,0,5,9,0,0,0,0,0,1,1,6,1,9,2,-1,-1,-1,-1,1,-1
2015521504735,1,21,0,18,0,1,0,0,0,0,1,1,6,1,70,10,11021,2,14,-1,2,-1
2015521504735,2,9,0,18,0,1,0,0,0,0,2,1,6,1,41,7,1598,2,3,-1,1,-1
2015521504735,3,90,5,18,0,1,0,0,0,0,2,1,6,1,59,9,-1,-1,-1,-1,2,-1
2015521504737,1,9,0,4,0,8,0,0,0,0,2,1,6,1,65,9,1199,1,12,-1,1,-1
2015521504737,2,9,0,18,0,8,0,0,0,0,1,1,6,1,62,9,1596,1,12,-1,1,-1
2015521504744,1,11,0,2,2,0,0,0,0,0,2,1,1,1,52,8,12600,2,12,-1,1,-1
2015521504744,2,1,0,18,2,0,0,0,0,0,1,1,6,1,46,8,-1,-1,-1,-1,1,-1
2015521504749,1,9,0,18,0,1,0,0,0,0,1,1,6,1,35,6,1588,1,11,-1,1,-1
2015521504749,2,9,0,18,0,1,0,0,0,0,1,1,6,2,57,9,1199,1,11,-1,1,-1
2015521504751,1,9,0,18,0,8,0,0,0,0,3,1,6,1,29,6,1198,1,1,-1,1,-1
2015521504751,2,9,0,18,0,8,0,0,0,0,1,1,6,2,52,8,1149,1,8,-1,1,-1
2015521504757,1,17,4,18,0,0,0,0,0,0,1,1,1,1,67,10,-1,-1,-1,-1,1,-1
2015521504757,2,9,0,12,0,0,0,0,0,0,1,1,6,2,54,8,1389,1,13,-1,1,-1
2015521504759,1,9,0,18,0,0,1,0,0,0,1,1,6,1,48,8,2982,2,21,-1,1,-1
2015521504759,2,9,0,18,0,0,0,0,0,0,3,1,6,1,35,6,1968,2,4,-1,3,-1
2015521504760,1,9,0,11,0,1,0,0,0,0,4,1,6,1,24,5,-1,-1,-1,-1,1,-1
2015521504760,2,1,0,18,0,1,0,0,0,0,0,1,6,1,51,8,-1,-1,-1,-1,1,-1
2015521504766,1,9,0,10,0,1,0,0,0,0,3,1,6,2,38,7,1398,2,10,-1,1,-1
2015521504766,2,9,0,18,0,1,0,0,0,0,1,1,6,2,34,6,-1,-1,-1,-1,1,-1
2015521504770,1,9,0,18,0,8,0,0,0,0,4,1,6,1,44,7,-1,-1,-1,-1,1,-1
2015521504770,2,9,0,9,0,8,0,0,0,0,4,1,6,1,18,4,1000,1,15,-1,1,-1
2015521504772,1,9,0,2,0,0,0,0,0,0,1,1,6,1,46,8,1997,2,9,-1,-1,-1
2015521504772,2,9,0,1,0,0,0,0,0,0,2,1,6,1,24,5,1388,1,12,-1,1,-1
2015521504775,1,1,0,18,0,0,0,0,0,0,1,1,6,1,30,6,-1,-1,-1,-1,1,-1
2015521504775,2,19,0,18,0,0,0,0,0,0,1,1,6,3,-1,-1,2198,2,1,-1,-1,-1
2015521504778,1,9,0,18,0,0,0,0,0,0,1,1,6,1,60,9,1388,1,8,-1,1,-1
2015521504786,1,9,0,18,0,8,0,0,0,0,1,1,6,2,41,7,-1,-1,-1,-1,1,-1
2015521504786,2,9,0,9,0,6,0,0,0,0,3,1,6,2,45,7,3378,1,16,-1,1,-1
2015521504787,1,1,0,13,0,1,0,0,0,0,4,1,6,1,32,6,-1,-1,-1,-1,1,-1
2015521504787,2,17,5,9,0,5,0,0,0,0,3,1,6,1,60,9,-1,2,14,-1,3,-1
2015521504819,1,9,0,4,0,1,0,0,0,0,2,1,6,1,58,9,1341,1,15,-1,1,-1
2015521504819,2,9,0,18,0,1,0,0,0,0,1,1,6,3,30,6,-1,-1,-1,-1,-1,-1
2015521504828,1,9,0,9,0,8,0,0,0,0,1,1,6,1,44,7,998,1,7,-1,1,-1
2015521504828,2,1,0,18,0,8,0,0,0,0,1,1,6,1,30,6,-1,-1,-1,-1,1,-1
2015521504832,1,9,0,9,0,8,0,0,0,0,1,1,6,2,36,7,1587,1,8,-1,1,-1
2015521504841,1,1,0,18,0,8,0,0,0,0,1,1,6,1,25,5,-1,-1,-1,-1,1,-1
2015521504841,2,8,0,9,0,8,0,0,0,0,2,1,6,1,53,8,1910,2,11,-1,1,-1
2015521504847,1,5,0,18,0,2,0,0,0,0,1,1,6,1,53,8,1002,1,17,-1,1,-1
2015521504847,2,9,0,6,0,2,0,0,0,0,4,1,6,1,28,6,1598,2,3,-1,3,-1
2015521504860,1,9,0,18,0,1,5,4,0,0,4,1,6,2,29,6,1397,1,8,-1,1,-1
2015521504860,2,9,0,2,0,2,0,0,0,0,3,1,6,3,-1,-1,2171,1,12,-1,-1,-1
2015521504862,1,9,0,4,0,0,0,0,0,0,1,1,6,2,54,8,1197,1,3,-1,3,-1
2015521504862,2,1,0,4,0,0,0,0,0,0,2,1,6,2,64,9,-1,-1,-1,-1,1,-1
2015521504863,1,9,0,18,0,0,0,0,0,0,1,1,6,1,61,9,1997,2,8,-1,1,-1
2015521504863,2,9,0,4,0,0,0,0,0,0,2,1,6,3,-1,-1,-1,-1,-1,-1,-1,-1
2015521504867,1,9,0,4,0,5,5,0,0,0,2,1,6,1,55,8,1368,1,6,-1,2,-1
2015521504867,2,9,0,18,0,5,0,0,0,0,1,1,6,1,23,5,1598,1,6,-1,1,-1
2015521504868,1,9,0,16,0,1,0,0,0,0,1,1,6,1,28,6,1798,1,14,-1,1,-1
2015521504868,2,2,0,9,0,2,0,0,0,0,1,1,6,2,21,5,49,1,12,-1,1,-1
2015521504877,1,9,0,12,0,8,0,0,0,0,1,1,6,1,33,6,1984,1,9,-1,1,-1
2015521504877,2,9,0,3,0,8,0,0,0,0,2,1,6,2,30,6,1596,1,7,-1,1,-1
2015521504881,1,11,0,18,0,4,0,0,0,0,1,1,6,1,56,9,9360,2,7,-1,1,-1
2015521504881,2,8,0,11,0,4,0,0,0,0,4,1,6,1,34,6,1997,2,1,-1,1,-1
2015521504882,1,4,0,14,0,0,0,0,0,0,1,1,2,1,53,8,125,1,5,-1,3,-1
2015521504882,2,19,0,9,0,0,0,0,0,0,3,1,1,1,40,7,1868,2,10,-1,-1,-1
2015521504888,1,9,0,1,9,0,0,0,0,0,2,1,6,2,50,8,-1,-1,-1,-1,-1,-1
2015521504891,1,9,0,10,0,1,0,0,0,0,2,1,6,1,37,7,1242,1,1,-1,3,-1
2015521504891,2,9,0,3,0,1,0,0,0,0,2,1,6,2,22,5,1390,1,8,-1,1,-1
2015521504891,3,21,0,18,0,1,0,0,0,0,1,1,6,1,56,9,11705,2,6,-1,1,-1
2015521504902,1,1,0,18,0,0,0,4,0,0,1,1,6,1,13,3,-1,-1,-1,-1,1,-1
2015521504902,2,9,0,2,0,0,0,0,0,0,2,1,6,1,43,7,1598,2,2,-1,1,-1
2015521504906,1,1,0,18,0,8,0,0,0,0,1,1,1,1,44,7,-1,-1,-1,-1,1,-1
2015521504906,2,9,0,7,0,5,0,0,0,0,1,1,6,1,37,7,-1,-1,-1,-1,-1,-1
2015521504907,1,9,0,1,0,2,0,0,0,0,2,1,6,1,25,5,1995,2,13,-1,1,-1
2015521504907,2,9,0,3,0,1,0,0,0,0,1,1,6,2,22,5,1716,2,16,-1,1,-1
2015521504908,1,9,0,18,0,0,0,0,0,0,1,1,6,1,23,5,1343,1,20,-1,3,-1
2015521504908,2,9,0,18,0,0,0,0,0,0,2,1,6,1,26,6,1390,1,5,-1,1,-1
2015521504911,1,9,0,18,0,1,1,0,7,0,3,1,6,1,20,4,-1,-1,-1,-1,1,-1
2015521504912,1,9,0,18,0,0,0,0,0,11,1,1,6,1,25,5,-1,-1,-1,-1,2,-1
2015521504914,1,9,0,4,0,0,0,0,0,0,2,1,6,1,42,7,1396,1,-1,-1,1,-1
2015521504914,2,9,0,4,0,0,0,0,0,0,2,1,6,1,52,8,1968,2,3,-1,3,-1
2015521504914,3,9,0,4,0,0,0,0,0,0,1,1,6,2,23,5,1590,1,10,-1,2,-1
2015521504916,1,1,0,7,0,8,0,0,0,0,3,1,6,2,39,7,-1,-1,-1,-1,1,-1
2015521504916,2,19,0,7,0,8,0,0,0,0,4,1,1,1,30,6,2299,2,4,-1,-1,-1
2015521504918,1,9,0,16,0,0,0,0,0,0,1,1,6,1,35,6,1388,1,11,-1,3,-1
2015521504918,2,9,0,17,0,0,0,0,0,0,1,1,6,2,30,6,1968,2,3,-1,3,-1
2015521504928,1,9,0,9,0,8,0,0,0,0,1,1,6,1,42,7,1796,1,13,-1,1,-1
2015521504928,2,9,0,7,0,8,0,0,0,0,1,1,6,2,84,11,998,1,5,-1,1,-1
2015521504929,1,9,0,18,0,1,0,0,0,0,2,1,6,2,29,6,1368,1,11,-1,3,-1
2015521504929,2,1,0,18,0,1,0,0,0,0,1,1,6,1,15,3,-1,-1,-1,-1,1,-1
2015521504933,1,9,0,3,0,8,0,0,0,0,2,-1,6,1,45,7,1582,2,7,-1,1,-1
2015521504933,2,3,0,18,0,8,0,0,0,0,3,1,6,1,20,4,125,1,7,-1,3,-1
2015521504937,1,9,0,18,0,0,0,4,0,0,1,1,6,1,30,6,-1,-1,-1,-1,-1,-1
2015521504937,2,9,0,2,0,0,0,0,0,0,2,1,6,3,-1,-1,1598,1,7,-1,-1,-1
2015521504952,1,9,0,11,0,1,0,0,0,0,4,1,6,1,34,6,1587,1,5,-1,2,-1
2015521504952,2,9,0,18,0,1,0,0,0,0,1,1,6,2,50,8,1248,1,3,-1,2,-1
2015521504961,1,9,0,7,0,5,0,0,0,0,3,1,6,1,33,6,1587,1,14,-1,1,-1
2015521504961,2,9,0,18,0,1,0,0,0,0,3,1,6,1,50,8,2143,2,2,-1,1,-1
2015521504973,1,9,0,18,0,0,5,0,1,10,3,1,6,1,54,8,-1,-1,-1,-1,3,-1
2015521504973,2,9,0,18,0,0,0,0,0,0,0,1,6,3,-1,-1,3246,1,11,-1,-1,-1
2015521504983,1,9,0,9,0,5,0,0,0,0,4,1,1,2,63,9,1390,1,11,-1,1,-1
2015521504983,2,1,0,18,9,1,0,0,0,0,1,1,6,1,25,5,-1,-1,-1,-1,-1,-1
2015521505004,1,9,0,3,0,1,0,0,0,0,2,1,6,2,37,7,998,1,2,-1,1,-1
2015521505004,2,9,0,18,0,1,0,0,0,0,1,1,6,1,29,6,1995,2,9,-1,1,-1
2015521505010,1,9,0,9,0,8,0,0,0,0,1,1,6,2,56,9,1398,1,2,-1,1,-1
2015521505010,2,1,0,18,0,8,0,0,0,0,1,1,6,1,26,6,-1,-1,-1,-1,1,-1
2015521505011,1,9,0,1,0,0,0,0,0,0,4,1,6,1,55,8,1796,1,10,-1,1,-1
2015521505018,1,9,0,18,0,1,0,0,0,0,1,1,6,1,44,7,1796,1,12,-1,1,-1
2015521505018,2,1,0,18,0,8,0,0,0,0,0,1,6,1,8,2,-1,-1,-1,-1,1,-1
2015521505022,1,9,0,18,0,0,0,0,0,0,0,1,6,1,17,4,1596,1,8,-1,1,-1
2015521505022,2,9,0,18,0,0,0,0,0,0,2,1,6,1,35,6,1240,1,13,-1,1,-1
2015521505026,1,9,0,18,0,6,0,0,0,0,1,1,6,2,55,8,1296,1,7,-1,1,-1
2015521505026,2,9,0,18,0,8,0,0,0,0,2,1,6,2,50,8,1781,1,13,-1,1,-1
2015521505032,1,9,0,4,0,1,0,0,0,0,2,1,1,2,21,5,-1,-1,-1,-1,1,-1
2015521505032,2,9,0,18,0,1,0,0,0,0,1,1,6,3,-1,-1,-1,-1,-1,-1,-1,-1
2015521505042,1,9,0,18,0,0,0,0,0,0,1,1,6,1,77,11,1598,1,10,-1,1,-1
2015521505042,2,9,0,18,0,0,0,0,0,0,1,1,6,1,74,10,1968,2,11,-1,3,-1
2015521505043,1,3,0,18,0,0,0,0,0,0,1,1,6,1,26,6,124,1,23,-1,1,-1
2015521505043,2,9,0,2,0,0,0,0,0,0,2,1,6,3,-1,-1,1995,2,11,-1,-1,-1
2015521505044,1,9,0,7,0,6,0,0,0,0,1,1,6,1,25,5,1596,1,14,-1,1,-1
2015521505044,2,1,0,18,0,8,0,0,0,0,1,1,6,1,28,6,-1,-1,-1,-1,1,-1
2015521505045,1,9,0,5,0,8,0,0,0,0,1,1,6,2,23,5,1390,1,5,-1,1,-1
2015521505045,2,1,0,18,0,8,0,0,0,0,1,1,6,1,41,7,-1,-1,-1,-1,1,-1
2015521505049,1,9,0,9,0,5,0,0,0,0,1,1,6,1,90,11,1086,1,9,-1,1,-1
2015521505049,2,1,0,18,0,8,0,0,0,0,3,1,6,1,30,6,-1,-1,-1,-1,2,-1
2015521505050,1,3,0,18,0,8,0,0,0,0,1,1,6,1,18,4,-1,-1,-1,-1,1,-1
2015521505053,1,1,0,18,0,8,1,0,0,0,1,1,2,1,36,7,-1,-1,-1,-1,1,-1
2015521505053,2,97,0,18,0,6,0,0,0,0,4,1,6,3,-1,-1,-1,-1,-1,-1,-1,-1
2015521505056,1,19,0,2,0,0,0,0,0,0,2,1,6,1,43,7,-1,-1,-1,-1,1,-1
2015521505056,2,1,0,18,0,0,0,0,0,0,1,1,6,1,50,8,-1,-1,-1,-1,1,-1
2015521505057,1,90,0,18,0,1,0,0,0,0,1,1,1,1,39,7,-1,-1,-1,-1,1,-1
2015521505057,2,1,0,12,0,1,0,0,0,0,2,1,6,2,33,6,-1,-1,-1,-1,1,-1
2015521505058,1,9,0,9,0,6,0,0,0,0,0,1,6,1,73,10,-1,-1,-1,-1,1,-1
2015521505058,2,5,0,18,0,1,1,0,0,0,0,1,6,1,-1,-1,749,1,23,-1,1,-1
2015521505060,1,11,0,9,0,8,0,0,0,0,0,1,6,1,51,8,7698,2,1,-1,2,-1
2015521505063,1,9,0,9,0,8,0,0,0,0,1,1,6,2,30,6,-1,-1,-1,-1,-1,-1
2015521505063,2,1,0,18,0,1,0,0,0,0,1,1,6,1,33,6,-1,-1,-1,-1,1,-1
2015521505065,1,5,0,18,0,1,0,0,0,0,1,1,6,1,22,5,49,1,1,-1,1,-1
2015521505065,2,9,0,6,0,1,0,0,0,0,0,1,6,1,47,8,1560,2,3,-1,1,-1
2015521505072,1,9,0,18,0,2,0,4,0,0,1,1,6,2,66,10,1399,1,6,-1,1,-1
2015521505072,2,9,0,2,0,2,0,0,0,0,1,1,6,2,23,5,1199,1,16,-1,1,-1
2015521505074,1,9,0,9,0,8,0,0,0,0,4,1,6,1,27,6,1348,1,13,-1,1,-1
2015521505074,2,9,0,18,0,4,0,0,0,0,1,1,6,1,50,8,-1,-1,-1,-1,1,-1
2015521505076,1,21,0,18,0,0,0,0,0,0,1,1,6,1,44,7,12902,2,3,-1,1,-1
2015521505076,2,19,0,4,0,0,0,0,0,0,2,1,6,1,30,6,1753,2,5,-1,-1,-1
2015521505084,1,9,0,6,0,8,0,0,0,0,1,1,6,1,35,6,1896,2,14,-1,1,-1
2015521505084,2,1,0,18,0,8,0,0,0,0,1,1,6,1,45,7,-1,-1,-1,-1,1,-1
2015521505089,1,9,0,18,0,0,0,0,0,0,1,1,6,1,42,7,1497,8,8,-1,1,-1
2015521505100,1,9,0,4,0,0,0,0,0,0,2,1,6,2,18,4,1390,1,11,-1,1,-1
2015521505100,2,9,0,4,0,0,0,0,0,0,2,1,6,1,43,7,-1,-1,-1,-1,1,-1
2015521505100,3,9,0,4,0,0,0,0,0,0,1,1,6,1,25,5,-1,-1,-1,-1,1,-1
2015521505105,1,9,0,16,0,8,0,0,0,0,1,1,6,1,20,4,1199,1,12,-1,1,-1
2015521505105,2,9,0,17,0,8,0,0,0,0,1,1,6,2,71,10,1895,1,13,-1,3,-1
2015521505105,3,9,0,17,0,8,0,0,0,0,3,1,6,1,50,8,1985,1,17,-1,1,-1