Accident_Index,Vehicle_Reference,Vehicle_Type,Towing_and_Articulation,Vehicle_Manoeuvre,Vehicle_Location-Restricted_Lane,Junction_Location,Skidding_and_Overturning,Hit_Object_in_Carriageway,Vehicle_Leaving_Carriageway,Hit_Object_off_Carriageway,1st_Point_of_Impact,Was_Vehicle_Left_Hand_Drive?,Journey_Purpose_of_Driver,Sex_of_Driver,Age_of_Driver,Age_Band_of_Driver,Engine_Capacity_(CC),Propulsion_Code,Age_of_Vehicle,Driver_IMD_Decile,Driver_Home_Area_Type,Vehicle_IMD_Decile
2015521506281,2,1,0,7,0,6,0,0,0,0,1,1,6,2,20,4,-1,-1,-1,-1,-1,-1
2015521506282,1,1,0,18,0,0,0,0,0,0,1,1,6,1,47,8,-1,-1,-1,-1,1,-1
2015521506282,2,9,0,18,0,0,0,0,0,0,1,1,6,1,36,7,1997,1,14,-1,1,-1
2015521506283,1,9,0,18,0,1,0,0,0,0,1,1,6,1,40,7,1598,2,3,-1,1,-1
2015521506283,2,9,0,9,0,5,0,0,0,0,4,1,6,1,44,7,1388,1,13,-1,1,-1
2015521506285,1,9,0,18,0,3,0,0,0,0,4,1,6,1,34,6,-1,-1,-1,-1,1,-1
2015521506285,2,1,0,2,0,3,0,0,0,0,0,1,6,1,30,6,-1,-1,-1,-1,-1,-1
2015521506297,1,1,0,18,2,1,0,0,0,0,1,1,2,1,35,6,-1,-1,-1,-1,1,-1
2015521506297,2,9,0,18,2,1,0,0,0,0,1,1,6,3,35,6,998,1,14,-1,-1,-1
2015521506298,1,1,0,18,0,1,0,0,0,0,1,1,2,1,31,6,-1,-1,-1,-1,1,-1
2015521506298,2,9,0,9,0,1,0,0,0,0,1,1,6,1,35,6,1560,2,6,-1,1,-1
2015521506305,1,9,0,3,0,0,0,0,0,0,2,1,6,2,65,9,1240,1,12,-1,2,-1
2015521506305,2,9,0,3,0,0,0,0,0,0,2,1,6,1,18,4,1390,1,16,-1,1,-1
2015521506305,3,9,0,18,0,0,0,0,0,0,1,1,6,1,50,8,1596,1,12,-1,1,-1
2015521506306,1,9,0,3,0,2,0,0,0,0,2,1,6,1,68,10,1242,1,11,-1,1,-1
2015521506306,2,9,0,18,0,2,0,0,0,0,1,1,6,3,-1,-1,1968,2,4,-1,-1,-1
2015521506309,1,9,0,9,0,6,0,0,0,0,0,1,6,1,65,9,1240,1,9,-1,1,-1
2015521506309,2,3,0,18,0,1,1,0,0,0,0,1,6,2,47,8,124,1,5,-1,1,-1
2015521506311,1,9,0,9,0,8,0,0,0,0,3,1,6,1,27,6,1560,2,2,-1,1,-1
2015521506311,2,9,0,18,0,8,0,0,0,0,1,1,6,3,55,8,-1,-1,-1,-1,1,-1
2015521506314,1,9,0,18,0,8,0,9,3,1,1,1,6,1,30,6,2494,1,11,-1,1,-1
2015521506324,1,9,0,18,0,1,0,0,0,0,1,1,6,1,49,8,1968,2,5,-1,1,-1
2015521506324,2,9,0,18,0,1,0,0,0,0,1,1,6,1,51,8,-1,-1,-1,-1,-1,-1
2015521506324,3,9,0,18,0,1,0,0,0,0,2,1,6,1,28,6,-1,-1,-1,-1,1,-1
2015521506324,4,19,0,9,0,1,0,0,0,0,0,1,6,1,58,9,2148,2,9,-1,-1,-1
2015521506327,1,4,0,18,0,1,0,0,0,0,1,1,4,1,18,4,125,1,-1,-1,1,-1
2015521506327,2,8,0,9,0,2,0,0,0,0,3,1,6,1,40,7,-1,-1,-1,-1,1,-1
2015521506340,1,9,0,18,0,0,0,0,0,0,2,1,6,1,20,4,-1,-1,-1,-1,1,-1
2015521506340,2,5,0,18,0,0,0,0,0,0,1,1,6,1,20,4,-1,-1,-1,-1,2,-1
2015521506355,1,9,0,3,0,0,0,0,0,0,2,1,6,1,22,5,1995,2,2,-1,1,-1
2015521506355,2,9,0,18,0,0,0,0,0,0,1,1,6,2,52,8,1299,1,12,-1,1,-1
2015521506355,3,9,0,18,0,0,0,0,0,0,1,1,6,2,31,6,1339,1,11,-1,1,-1
2015521506356,1,9,0,18,0,1,0,0,0,0,1,1,6,1,72,10,-1,-1,-1,-1,1,-1
2015521506358,1,1,0,18,0,0,0,0,0,0,3,1,6,1,23,5,-1,-1,-1,-1,1,-1
2015521506358,2,9,0,2,0,0,0,0,0,0,3,1,1,1,40,7,-1,-1,-1,-1,-1,-1
2015521506359,1,9,0,16,0,0,0,0,0,0,1,1,6,1,27,6,-1,-1,-1,-1,1,-1
2015521506359,2,9,0,17,0,0,0,0,0,0,1,1,6,1,28,6,-1,-1,-1,-1,1,-1
2015521506363,1,9,0,18,0,8,0,0,0,0,4,1,6,1,81,11,1956,2,4,-1,3,-1
2015521506363,2,2,0,18,0,8,0,0,0,0,3,1,6,1,48,8,198,1,14,-1,1,-1
2015521506364,1,9,0,18,0,3,0,0,0,0,4,1,6,2,21,5,999,1,1,-1,1,-1
2015521506364,2,9,0,9,0,8,0,0,0,0,3,1,6,1,32,6,1598,1,9,-1,1,-1
2015521506365,1,9,0,9,0,1,0,0,0,0,3,1,6,1,24,5,1468,1,9,-1,1,-1
2015521506365,2,1,0,18,0,1,0,0,0,0,1,1,6,2,35,6,-1,-1,-1,-1,1,-1
2015521506374,1,9,0,3,0,1,0,0,0,0,1,1,2,2,33,6,1598,1,12,-1,1,-1
2015521506374,2,9,0,1,0,1,0,0,0,0,2,1,6,3,-1,-1,1598,1,10,-1,-1,-1
2015521506375,1,1,0,18,0,0,0,0,0,0,4,1,2,1,38,7,-1,-1,-1,-1,1,-1
2015521506375,2,9,0,15,0,0,0,0,0,0,4,1,6,2,40,7,1910,2,7,-1,-1,-1
2015521506406,1,9,0,18,0,8,0,0,0,0,1,1,6,1,42,7,1398,1,4,-1,1,-1
2015521506406,2,21,0,18,0,8,0,0,0,0,1,1,6,1,52,8,12000,2,11,-1,1,-1
2015521506408,1,9,0,9,0,6,0,0,0,0,1,1,6,2,31,6,1590,1,13,-1,1,-1
2015521506409,1,9,0,9,0,5,0,0,0,0,3,1,6,1,45,7,2926,2,13,-1,3,-1
2015521506409,2,9,0,18,0,8,0,0,0,0,1,1,6,1,29,6,-1,-1,-1,-1,3,-1
2015521506419,1,9,0,1,0,8,0,0,0,0,0,1,6,1,25,5,1968,2,7,-1,1,-1
2015521506430,1,21,1,7,0,8,5,0,0,0,3,1,1,1,27,6,12777,2,9,-1,1,-1
2015521506431,1,9,0,18,0,1,0,0,0,0,4,1,6,2,36,7,1995,2,11,-1,2,-1
2015521506431,2,9,0,9,0,6,0,0,0,0,1,1,6,1,29,6,1896,2,13,-1,1,-1
2015521506433,1,9,0,10,0,1,0,0,0,0,2,1,6,2,76,11,1598,1,11,-1,1,-1
2015521506433,2,3,0,18,0,1,0,0,0,0,1,1,6,1,18,4,124,1,9,-1,1,-1
2015521506438,1,9,0,17,0,1,1,0,1,4,1,1,6,2,20,4,1240,1,6,-1,1,-1
2015521506450,1,9,0,9,0,8,0,0,0,0,0,1,6,1,25,5,1390,1,12,-1,1,-1
2015521506450,2,1,0,18,0,8,0,0,0,0,1,1,6,2,49,8,-1,-1,-1,-1,1,-1
2015521506455,1,9,0,9,0,5,0,0,0,0,1,1,6,2,74,10,1248,1,5,-1,3,-1
2015521506455,2,9,0,18,0,8,0,0,0,0,3,1,6,1,52,8,-1,-1,-1,-1,-1,-1
2015521506457,1,9,0,18,0,8,0,0,0,0,1,1,6,1,59,9,1798,1,13,-1,1,-1
2015521506457,2,9,0,18,0,8,5,0,0,0,1,1,6,2,48,8,1329,1,1,-1,1,-1
2015521506467,1,9,0,18,0,1,0,0,0,0,1,1,6,1,19,4,-1,-1,-1,-1,3,-1
2015521506467,2,9,0,7,0,5,0,0,0,0,2,1,6,1,46,8,1796,1,14,-1,1,-1
2015521506468,1,9,0,4,0,1,0,0,0,0,2,1,6,1,28,6,1598,2,3,-1,1,-1
2015521506468,2,9,0,4,0,1,0,0,0,0,1,1,6,2,56,9,-1,-1,-1,-1,1,-1
2015521506473,1,9,0,9,0,4,0,0,0,0,1,1,6,1,66,10,-1,-1,-1,-1,1,-1
2015521506473,2,3,0,9,0,8,0,0,0,0,3,1,6,1,17,4,124,1,-1,-1,1,-1
2015521506474,1,9,0,18,0,8,0,0,0,0,1,1,6,1,68,10,-1,-1,-1,-1,1,-1
2015521506474,2,9,0,9,0,8,0,0,0,0,1,1,6,2,61,9,998,1,15,-1,1,-1
2015521506482,1,9,0,18,0,1,0,0,0,0,1,1,6,2,67,10,1997,2,5,-1,1,-1
2015521506490,1,9,0,17,0,0,0,0,0,0,1,1,6,2,19,4,1086,1,10,-1,1,-1
2015521506500,1,9,0,18,0,0,0,0,0,0,1,1,6,1,18,4,1149,1,15,-1,3,-1
2015521506500,2,1,0,13,0,0,0,0,0,0,1,1,6,1,36,7,-1,-1,-1,-1,1,-1
2015521506501,1,8,0,18,0,3,0,0,0,0,0,1,6,1,29,6,1910,2,10,-1,1,-1
2015521506507,1,9,0,1,0,6,0,0,0,0,2,1,6,1,48,8,-1,-1,-1,-1,3,-1
2015521506507,2,9,0,18,0,1,0,0,0,0,1,1,6,1,82,11,1248,2,4,-1,1,-1
2015521506509,1,9,0,18,0,8,0,0,0,0,0,1,6,2,21,5,1598,1,12,-1,1,-1
2015521506509,2,1,0,18,0,1,0,0,0,0,3,1,6,2,35,6,-1,-1,-1,-1,-1,-1
2015521506517,1,9,0,18,0,0,0,0,0,0,1,1,6,1,87,11,-1,-1,-1,-1,1,-1
2015521506517,2,9,0,18,0,0,0,0,0,0,1,1,6,1,33,6,2300,1,14,-1,3,-1
2015521506523,1,9,0,7,0,5,0,0,0,0,2,1,1,3,24,5,1995,2,4,-1,-1,-1
2015521506523,2,3,0,18,0,8,0,0,0,0,1,1,1,2,29,6,-1,-1,-1,-1,-1,-1
2015521506525,1,5,0,18,0,0,1,0,0,0,0,1,6,1,22,5,600,1,14,-1,1,-1
2015521506525,2,9,0,5,0,0,0,0,0,0,0,1,6,1,30,6,-1,-1,-1,-1,-1,-1
2015521506526,1,21,1,18,0,1,0,0,0,0,1,1,6,1,45,7,11967,2,4,-1,1,-1
2015521506526,2,9,0,4,0,1,0,0,0,0,2,1,6,2,29,6,1242,1,4,-1,1,-1
2015521506528,1,9,0,1,0,6,0,0,0,0,2,1,1,1,62,9,1999,1,8,-1,3,-1
2015521506530,1,9,0,18,0,8,0,0,0,0,3,1,6,2,39,7,2496,2,12,-1,1,-1
2015521506530,2,9,0,18,0,6,0,0,0,0,1,1,6,2,27,6,1229,1,4,-1,1,-1
2015521506539,1,9,0,14,0,2,0,0,0,0,1,1,3,2,43,7,1598,1,5,-1,1,-1
2015521506544,1,19,0,6,0,0,0,0,0,0,3,1,6,1,40,7,-1,-1,-1,-1,-1,-1
2015521506547,1,9,0,18,0,0,0,0,0,0,1,1,6,1,57,9,-1,-1,-1,-1,1,-1
2015521506547,2,1,0,1,0,0,0,0,0,0,1,1,6,1,39,7,-1,-1,-1,-1,3,-1
2015521506550,1,9,0,5,0,1,0,0,0,0,1,1,2,2,40,7,1753,2,8,-1,1,-1
2015521506550,2,3,0,3,0,1,0,0,0,0,2,1,2,1,17,4,-1,-1,-1,-1,1,-1
2015521506557,1,9,0,18,0,8,0,0,0,0,1,1,6,3,-1,-1,-1,-1,-1,-1,-1,-1
2015521506560,1,9,0,18,0,0,0,0,0,0,1,1,6,2,20,4,1360,1,12,-1,2,-1
2015521506567,1,9,0,18,0,0,0,0,0,0,2,1,6,2,31,6,1796,1,9,-1,1,-1
2015521506567,2,9,0,18,0,0,0,0,0,0,1,1,6,1,35,6,1587,1,13,-1,1,-1
2015521506569,1,9,0,3,0,0,0,0,0,0,2,1,6,2,55,8,1598,2,2,-1,3,-1
2015521506569,2,9,0,18,0,0,0,0,0,0,1,1,6,2,18,4,1124,1,14,-1,1,-1
2015521506608,1,9,0,3,0,0,0,0,0,0,1,1,6,2,21,5,1242,1,2,-1,1,-1
2015521506608,2,9,0,18,0,0,0,0,0,0,1,1,6,2,49,8,1951,2,14,-1,3,-1
2015521506608,3,9,0,4,0,0,0,0,0,0,1,1,6,1,49,8,1796,1,12,-1,1,-1
2015521506609,1,1,0,10,0,6,0,0,0,0,2,1,6,1,19,4,-1,-1,-1,-1,1,-1
2015521506609,2,9,0,4,0,1,0,0,0,0,1,1,6,1,78,11,-1,-1,-1,-1,1,-1
2015521506610,1,9,0,18,0,0,0,0,0,0,1,1,6,2,76,11,995,1,9,-1,1,-1
2015521506611,1,9,0,7,0,1,0,0,0,0,4,1,6,2,-1,-1,1598,1,13,-1,1,-1
2015521506611,2,3,0,18,2,1,0,0,0,0,1,1,6,1,29,6,124,1,3,-1,1,-1
2015521506612,1,11,0,5,2,0,0,0,0,0,1,1,1,1,56,9,9360,2,6,-1,1,-1
2015521506623,1,9,0,18,0,0,0,0,0,0,1,1,6,1,45,7,1598,1,8,-1,1,-1
2015521506623,2,9,0,18,0,0,0,0,0,0,2,1,6,1,49,8,-1,-1,-1,-1,1,-1
2015521506629,1,3,0,14,0,1,0,7,0,0,3,1,6,1,17,4,124,1,3,-1,3,-1
2015521506632,1,9,0,16,0,0,5,0,7,10,1,-1,6,1,49,8,1598,2,4,-1,1,-1
2015521506634,1,9,0,18,0,0,0,0,0,0,1,1,6,3,-1,-1,2231,2,9,-1,-1,-1
2015521506634,2,9,0,4,0,0,0,0,0,0,2,1,6,2,38,7,1997,2,1,-1,1,-1
2015521506634,3,9,0,4,0,0,0,0,0,0,2,1,6,3,-1,-1,1896,2,12,-1,-1,-1
2015521506637,1,2,0,18,0,0,0,0,0,0,1,1,6,2,48,8,124,1,2,-1,1,-1
2015521506640,1,9,0,18,0,2,0,0,0,0,1,1,6,1,29,6,1390,1,8,-1,1,-1
2015521506642,1,9,0,18,0,0,0,0,0,0,1,1,6,2,25,5,1390,1,4,-1,1,-1
2015521506648,1,9,0,18,0,1,0,0,0,0,3,1,6,1,50,8,1598,1,7,-1,1,-1
2015521506665,1,4,0,18,0,1,0,0,0,0,0,1,1,1,21,5,125,1,-1,-1,1,-1
2015521506665,2,8,0,1,0,1,0,0,0,0,0,1,6,3,-1,-1,-1,-1,-1,-1,-1,-1
2015521506675,1,9,0,3,0,1,0,0,0,0,2,1,3,2,48,8,1796,1,9,-1,1,-1
2015521506675,2,19,0,18,0,1,0,0,0,0,1,1,6,1,35,6,1998,2,11,-1,3,-1
2015521506680,1,9,0,9,0,6,0,0,1,10,1,1,6,1,85,11,1339,1,9,-1,1,-1
2015521506689,1,9,0,9,0,0,0,0,0,0,0,1,6,1,32,6,1799,1,8,-1,1,-1
2015521506689,2,5,0,18,0,0,0,4,0,0,1,1,6,1,50,8,1299,1,12,-1,1,-1
2015521506689,3,9,0,2,0,0,0,0,0,0,1,1,6,3,-1,-1,-1,-1,-1,-1,-1,-1
2015521506690,1,9,0,18,0,8,0,0,0,0,1,1,6,1,26,6,1598,1,14,-1,1,-1
2015521506690,2,9,0,18,0,8,0,0,0,0,1,1,6,1,78,11,1061,1,11,-1,3,-1
2015521506691,1,9,0,18,0,0,0,0,0,0,1,1,6,2,34,6,1968,2,4,-1,3,-1
2015521506691,2,9,0,4,0,0,0,0,0,0,2,1,6,1,50,8,-1,-1,-1,-1,1,-1
2015521506696,1,9,0,5,0,0,0,0,0,0,4,1,6,1,66,10,1997,2,7,-1,2,-1
2015521506696,2,3,0,18,4,0,0,8,0,0,1,1,6,2,19,4,124,1,9,-1,1,-1
2015521506700,1,9,0,18,0,0,0,0,0,0,1,1,6,1,38,7,1997,2,2,-1,3,-1
2015521506700,2,9,0,3,0,0,0,0,0,0,2,1,6,1,37,7,1896,2,13,-1,1,-1
2015521506700,3,9,0,3,0,0,0,0,0,0,2,1,6,1,35,6,1995,2,12,-1,1,-1
2015521506720,1,5,0,18,0,0,0,0,3,10,1,1,6,1,39,7,847,1,1,-1,1,-1
2015521506720,2,9,0,2,0,0,0,0,0,0,0,1,6,3,-1,-1,-1,-1,-1,-1,-1,-1
2015521506721,1,9,0,18,0,8,0,0,0,0,1,1,6,1,66,10,647,8,1,-1,1,-1
2015521506731,1,1,0,18,0,0,0,0,0,0,0,1,-1,1,-1,-1,-1,-1,-1,-1,-1,-1
2015521506731,2,9,0,13,0,0,0,0,0,0,0,1,-1,1,-1,-1,-1,-1,-1,-1,-1,-1
2015521506734,1,9,0,18,0,8,0,0,0,0,0,1,-1,1,-1,-1,-1,-1,-1,-1,-1,-1
2015521506734,2,9,0,18,0,1,0,0,0,0,0,1,-1,1,-1,-1,-1,-1,-1,-1,-1,-1
2015521506738,1,9,0,8,0,1,0,0,0,0,0,1,6,1,25,5,-1,-1,-1,-1,1,-1
2015521506738,2,21,0,4,0,1,0,0,0,0,2,1,1,3,-1,-1,-1,-1,-1,-1,-1,-1
2015521506757,1,9,0,18,0,0,0,0,0,0,1,1,6,1,25,5,1229,1,8,-1,1,-1
2015521506758,1,9,0,18,0,8,5,0,0,0,1,1,6,1,23,5,1198,1,11,-1,1,-1
2015521506758,2,9,0,9,0,6,0,0,0,0,1,1,6,1,48,8,1560,2,2,-1,-1,-1
2015521506758,3,9,0,3,0,1,0,0,0,0,1,1,6,1,42,7,2400,2,6,-1,3,-1
2015521506759,1,9,0,18,0,0,0,0,0,0,4,1,6,1,28,6,1910,2,8,-1,1,-1
2015521506764,1,9,0,18,0,6,0,0,0,0,1,1,6,1,20,4,1242,1,17,-1,1,-1
2015521506764,2,9,0,18,0,2,0,0,0,0,2,1,6,1,23,5,-1,-1,-1,-1,1,-1
2015521506781,1,9,0,18,0,0,0,0,0,0,4,1,6,2,35,6,1798,1,7,-1,2,-1
2015521506782,1,9,0,7,0,5,0,0,0,0,3,1,6,1,26,6,-1,-1,-1,-1,3,-1
2015521506782,2,9,0,13,0,1,0,0,0,0,4,1,6,1,41,7,-1,-1,-1,-1,3,-1
2015521506789,1,4,0,3,0,1,0,0,0,0,2,1,6,1,44,7,400,1,30,-1,1,-1
2015521506789,2,9,0,18,0,1,0,0,0,0,1,1,6,1,24,5,1910,2,9,-1,1,-1
2015521506800,1,9,0,18,0,5,0,0,0,0,1,1,6,1,36,7,1598,1,12,-1,1,-1
2015521506800,2,9,0,9,0,1,0,0,0,0,1,1,6,1,34,6,1994,1,14,-1,1,-1
2015521506801,1,9,0,9,0,8,0,0,0,0,2,1,6,1,25,5,998,1,1,-1,1,-1
2015521506801,2,9,0,7,0,3,0,0,0,0,1,1,6,3,-1,-1,3199,1,15,-1,-1,-1
2015521506803,1,21,1,11,0,0,0,0,0,0,4,1,6,1,66,10,-1,-1,-1,-1,3,-1
2015521506803,2,9,0,18,0,0,0,0,0,0,3,1,6,2,45,7,1686,2,10,-1,3,-1
2015521506804,1,9,0,9,0,5,0,0,0,0,1,1,6,2,18,4,1299,1,14,-1,1,-1
2015521506804,2,2,0,18,2,8,0,0,0,0,1,1,6,1,52,8,49,1,1,-1,1,-1
2015521506807,1,9,0,4,0,8,0,0,0,0,2,1,6,2,33,6,1364,1,8,-1,1,-1
2015521506807,2,9,0,4,0,8,0,0,0,0,2,1,6,2,40,7,-1,-1,-1,-1,-1,-1
2015521506807,3,9,0,4,0,8,0,0,0,0,1,1,6,1,25,5,-1,-1,-1,-1,-1,-1
2015521506815,1,3,0,18,0,4,0,0,0,0,3,1,6,1,22,5,-1,-1,-1,-1,1,-1
2015521506815,2,9,0,18,0,8,0,0,0,0,1,1,6,2,26,6,-1,-1,-1,-1,3,-1
2015521506817,1,9,0,7,0,1,0,0,0,0,3,1,6,1,41,7,1796,1,17,-1,1,-1
2015521506817,2,9,0,18,0,1,0,0,0,0,1,1,6,1,17,4,1390,1,10,-1,1,-1
2015521506822,1,9,0,9,0,6,0,0,0,0,1,1,6,1,49,8,2926,2,12,-1,1,-1
2015521506822,2,9,0,18,0,1,0,0,0,0,1,1,6,2,77,11,1399,1,10,-1,1,-1
2015521506823,1,9,0,7,0,6,0,0,0,0,1,1,6,3,-1,-1,-1,-1,-1,-1,-1,-1
2015521506823,2,9,0,18,0,8,0,0,0,0,3,1,6,2,58,9,1595,1,10,-1,1,-1
2015521506823,3,9,0,2,0,2,0,0,0,0,4,1,6,3,-1,-1,-1,-1,-1,-1,-1,-1
2015521506827,1,5,0,18,2,1,0,0,0,0,1,1,6,1,33,6,599,1,17,-1,1,-1
2015521506827,2,9,0,18,0,5,0,0,0,0,1,1,6,1,47,8,1242,1,12,-1,2,-1
2015521506833,1,9,0,18,0,0,0,4,0,0,1,1,6,1,21,5,-1,-1,-1,-1,1,-1
2015521506833,2,9,0,2,0,0,0,4,0,0,2,1,6,3,-1,-1,1796,1,13,-1,-1,-1
2015521506833,3,9,0,2,0,0,0,0,0,0,2,1,6,3,-1,-1,1360,1,15,-1,-1,-1
2015521506842,1,9,0,1,9,6,0,0,0,0,2,1,6,2,36,7,-1,-1,-1,-1,1,-1
2015521506844,1,19,0,18,0,3,0,0,7,2,1,1,6,1,20,4,1998,2,11,-1,1,-1
2015521506845,1,9,0,4,0,1,0,0,0,0,1,1,6,1,76,11,1497,8,2,-1,1,-1
2015521506845,2,9,0,4,0,1,0,0,0,0,2,1,6,1,53,8,999,1,1,-1,1,-1
2015521506846,1,9,0,4,0,0,0,0,0,0,1,1,6,1,19,4,1686,2,10,-1,1,-1
2015521506846,2,9,0,4,0,0,0,0,0,0,2,1,6,1,20,4,1598,2,4,-1,1,-1
2015521506847,1,9,0,18,0,1,0,0,0,0,1,1,6,1,24,5,1796,1,6,-1,1,-1
2015521506847,2,19,0,9,0,6,0,0,0,0,1,1,1,1,36,7,1598,2,2,-1,1,-1
2015521506848,1,1,0,14,0,1,0,0,0,0,1,1,6,1,19,4,-1,-1,-1,-1,1,-1
2015521506853,1,9,0,4,0,0,0,0,0,0,2,1,6,1,86,11,1598,1,8,-1,1,-1
2015521506853,2,5,0,18,0,0,0,0,0,0,1,1,6,1,47,8,899,1,16,-1,1,-1
2015521506859,1,9,0,18,0,1,0,0,0,0,1,1,6,1,51,8,1390,1,4,-1,-1,-1
2015521506860,1,9,0,13,0,0,0,0,0,0,4,1,6,3,-1,-1,-1,-1,-1,-1,-1,-1
2015521506860,2,3,0,18,0,0,0,0,0,0,3,1,6,1,22,5,124,1,15,-1,1,-1
2015521506863,1,9,0,18,0,0,0,0,7,10,3,1,6,1,30,6,1596,1,6,-1,1,-1
2015521506866,1,9,0,3,0,0,0,0,0,0,1,1,6,1,27,6,1396,1,10,-1,1,-1
2015521506869,1,9,0,12,0,0,0,0,0,0,3,1,6,1,46,8,1339,1,11,-1,2,-1
2015521506869,2,9,0,18,0,0,0,0,0,0,4,1,6,1,25,5,1595,1,16,-1,1,-1
2015521506871,1,9,0,18,0,0,0,0,0,0,1,1,6,1,24,5,1984,1,11,-1,1,-1
2015521506871,2,9,0,2,0,0,0,0,1,10,1,1,6,3,-1,-1,1600,1,15,-1,-1,-1
2015521506872,1,9,0,16,0,1,0,0,0,0,1,1,6,2,23,5,1796,1,9,-1,1,-1
2015521506872,2,9,0,18,0,1,0,0,0,0,1,1,6,1,45,7,1956,2,2,-1,1,-1
2015521506878,1,9,0,3,0,1,0,0,0,0,2,1,6,1,30,6,1396,1,14,-1,1,-1
2015521506878,2,9,0,3,0,1,0,0,0,0,2,1,6,2,29,6,1968,2,7,-1,1,-1
2015521506878,3,9,0,18,0,1,0,0,0,0,1,1,6,3,-1,-1,-1,-1,-1,-1,-1,-1
2015521506881,1,19,0,18,0,1,0,0,0,0,1,1,6,1,39,7,2198,2,7,-1,1,-1
2015521506881,2,9,0,3,0,1,0,0,0,0,2,1,6,2,25,5,1229,1,5,-1,1,-1
2015521506881,3,9,0,3,0,1,0,0,0,0,2,1,6,1,34,6,1968,2,8,-1,1,-1
2015521506883,1,9,0,9,0,1,0,0,0,0,1,1,6,1,30,6,-1,-1,-1,-1,1,-1
2015521506883,2,1,0,3,0,1,0,0,0,0,1,1,6,1,38,7,-1,-1,-1,-1,2,-1
2015521506884,1,9,0,18,0,5,0,0,0,0,1,1,6,2,34,6,1598,1,10,-1,3,-1
2015521506884,2,9,0,4,0,5,0,0,0,0,2,1,6,1,28,6,1389,1,14,-1,1,-1
2015521506886,1,9,0,18,0,0,0,0,0,0,4,1,6,1,34,6,2993,2,3,-1,1,-1
2015521506887,1,1,0,9,0,6,0,0,0,0,1,1,6,1,34,6,-1,-1,-1,-1,1,-1
2015521506887,2,9,0,9,0,6,0,0,0,0,1,1,6,1,43,7,1598,1,2,-1,2,-1
2015521506892,1,9,0,9,0,4,0,0,0,0,3,1,6,2,32,6,1968,2,6,-1,1,-1
2015521506892,2,5,0,18,0,4,0,0,0,0,4,1,6,1,25,5,1150,1,7,-1,1,-1
2015521506894,1,9,0,18,0,1,0,0,1,1,1,1,6,1,27,6,1796,1,12,-1,1,-1
2015521506894,2,9,0,18,0,1,0,0,0,0,1,1,6,2,30,6,1248,2,9,-1,1,-1
2015521506894,3,9,0,18,0,1,0,0,0,0,1,1,6,2,17,4,-1,-1,-1,-1,3,-1
2015521506896,1,9,0,16,0,0,0,10,2,11,1,1,6,1,81,11,1795,1,15,-1,1,-1
2015521506899,1,9,0,18,0,8,0,0,0,0,1,1,6,3,-1,-1,-1,-1,-1,-1,-1,-1
2015521506900,1,9,0,7,0,8,0,0,0,0,2,1,6,2,50,8,998,1,18,-1,1,-1
2015521506900,2,9,0,7,0,8,0,0,0,0,1,1,6,1,59,9,1998,1,9,-1,2,-1
2015521506902,1,21,0,2,0,0,0,0,0,0,2,1,1,1,52,8,6693,2,2,-1,1,-1
2015521506902,2,9,0,4,0,0,0,0,0,0,2,1,6,2,43,7,1339,1,9,-1,1,-1
2015521506902,3,9,0,18,0,0,0,0,0,0,1,1,6,2,20,4,998,1,1,-1,3,-1
2015521506904,1,9,0,18,0,6,0,0,3,11,1,1,6,1,76,11,1798,1,6,-1,1,-1
2015521506905,1,9,0,18,0,1,0,0,0,0,2,1,6,2,25,5,1997,2,5,-1,1,-1
2015521506905,2,9,0,18,0,1,0,0,0,0,1,1,6,1,77,11,1598,1,7,-1,1,-1
2015521506906,1,9,0,7,0,8,0,0,0,0,4,1,6,1,28,6,1598,1,10,-1,1,-1
2015521506906,2,3,0,18,0,8,0,0,0,0,1,1,6,1,46,8,98,1,23,-1,1,-1
2015521506907,1,9,0,18,0,0,2,0,1,10,3,1,6,1,24,5,1360,1,14,-1,1,-1
2015521506907,2,9,0,18,0,0,0,0,0,0,3,1,6,2,24,5,1398,2,11,-1,1,-1
2015521506913,1,9,0,18,0,0,0,0,0,0,1,1,6,1,28,6,1600,1,11,-1,1,-1
2015521506915,1,9,0,18,0,1,0,0,0,0,2,1,6,2,40,7,1299,1,11,-1,1,-1
2015521506915,2,9,0,18,0,1,0,0,0,0,1,1,6,3,-1,-1,-1,-1,-1,-1,-1,-1
2015521506920,1,9,0,4,0,1,1,0,0,0,1,1,6,1,18,4,1229,1,8,-1,1,-1
2015521506920,2,9,0,4,0,1,0,0,0,0,2,1,6,2,23,5,1896,2,13,-1,1,-1
2015521506921,1,1,0,18,0,1,0,0,0,0,3,1,6,1,43,7,-1,-1,-1,-1,1,-1
2015521506921,2,9,0,9,0,1,0,0,0,0,3,1,6,3,-1,-1,-1,-1,-1,-1,-1,-1
2015521506924,1,9,0,18,0,0,0,0,1,9,1,1,6,1,59,9,-1,-1,-1,-1,1,-1
2015521506924,2,9,0,13,0,0,0,0,1,9,4,1,6,2,75,10,1599,1,11,-1,1,-1
2015521506925,1,1,0,18,0,1,0,0,0,0,4,1,2,1,21,5,-1,-1,-1,-1,1,-1