Accident_Index,Vehicle_Reference,Vehicle_Type,Towing_and_Articulation,Vehicle_Manoeuvre,Vehicle_Location-Restricted_Lane,Junction_Location,Skidding_and_Overturning,Hit_Object_in_Carriageway,Vehicle_Leaving_Carriageway,Hit_Object_off_Carriageway,1st_Point_of_Impact,Was_Vehicle_Left_Hand_Drive?,Journey_Purpose_of_Driver,Sex_of_Driver,Age_of_Driver,Age_Band_of_Driver,Engine_Capacity_(CC),Propulsion_Code,Age_of_Vehicle,Driver_IMD_Decile,Driver_Home_Area_Type,Vehicle_IMD_Decile
2015521506925,2,9,0,2,0,1,0,0,0,0,0,1,6,2,-1,-1,1124,1,9,-1,1,-1
2015521506926,1,9,0,18,0,8,0,0,0,0,4,1,6,1,64,9,1994,2,8,-1,1,-1
2015521506926,2,9,4,18,0,8,0,0,0,0,3,1,6,1,51,8,4398,1,14,-1,1,-1
2015521506926,3,9,0,18,0,8,0,0,0,0,1,1,6,1,80,11,1598,1,3,-1,1,-1
2015521506927,1,3,0,18,0,1,0,0,0,0,1,1,6,1,17,4,125,1,7,-1,1,-1
2015521506927,2,9,0,7,0,6,0,0,0,0,1,1,6,1,-1,-1,1560,2,10,-1,3,-1
2015521506932,1,9,0,5,6,1,0,0,0,0,1,1,6,1,32,6,1596,1,12,-1,1,-1
2015521506932,2,9,0,18,0,1,0,0,0,0,1,1,6,2,27,6,1598,1,15,-1,1,-1
2015521506938,1,9,0,18,0,0,0,0,0,0,4,1,6,1,77,11,998,1,-1,-1,1,-1
2015521506945,1,5,0,13,0,1,0,0,0,0,1,1,6,1,44,7,-1,-1,-1,-1,1,-1
2015521506945,2,9,0,5,0,6,0,0,0,0,3,1,6,2,38,7,1995,1,6,-1,1,-1
2015521506946,1,2,0,18,0,1,0,0,0,0,1,1,6,2,26,6,49,1,13,-1,1,-1
2015521506946,2,1,0,18,0,8,0,0,0,0,3,1,6,1,17,4,-1,-1,-1,-1,1,-1
2015521506950,1,9,0,9,0,8,0,0,0,0,4,1,6,2,79,11,1086,1,10,-1,1,-1
2015521506950,2,9,0,7,0,4,0,0,1,10,1,1,6,2,80,11,1339,1,4,-1,2,-1
2015521506954,1,9,0,18,0,8,0,0,0,0,3,1,6,1,51,8,1598,1,7,-1,1,-1
2015521506954,2,1,0,18,0,8,0,0,0,0,0,1,6,2,44,7,-1,-1,-1,-1,1,-1
2015521506955,1,11,0,9,0,8,0,0,0,0,4,1,6,1,34,6,4461,2,2,-1,-1,-1
2015521506960,1,3,0,18,0,8,0,4,0,0,2,1,6,1,16,4,-1,-1,-1,-1,1,-1
2015521506960,2,9,0,2,0,2,0,0,0,0,4,1,6,1,20,4,1598,1,15,-1,1,-1
2015521506960,3,9,0,18,0,8,0,0,0,0,1,1,6,3,-1,-1,-1,-1,-1,-1,-1,-1
2015521506965,1,9,0,18,0,0,0,0,0,0,1,1,6,1,42,7,2143,2,2,-1,1,-1
2015521506965,2,9,0,18,0,0,0,0,0,0,2,1,6,2,37,7,2000,2,11,-1,1,-1
2015521506965,3,9,0,18,0,0,0,0,0,0,2,1,6,1,54,8,2987,2,3,-1,3,-1
2015521506968,1,9,0,9,0,1,0,0,0,0,1,1,6,1,28,6,1595,1,16,-1,1,-1
2015521506968,2,1,0,18,0,1,0,0,0,0,1,1,6,1,27,6,-1,-1,-1,-1,1,-1
2015521506973,1,9,0,5,0,6,0,0,0,0,1,1,6,2,29,6,1769,1,11,-1,1,-1
2015521506973,2,1,0,17,0,8,0,0,0,0,4,1,6,2,30,6,-1,-1,-1,-1,1,-1
2015521506975,1,3,0,18,0,8,0,0,0,0,1,1,6,1,24,5,125,1,6,-1,1,-1
2015521506975,2,9,0,9,0,5,0,0,0,0,1,1,6,3,-1,-1,1598,1,2,-1,-1,-1
2015521506977,1,9,0,18,0,0,0,0,0,0,1,1,6,1,50,8,1390,1,13,-1,1,-1
2015521506977,2,9,0,4,0,0,0,0,0,0,2,1,6,1,50,8,-1,-1,-1,-1,1,-1
2015521506978,1,9,0,18,0,8,0,0,0,0,1,1,6,1,57,9,1686,2,5,-1,3,-1
2015521506978,2,9,0,9,0,8,0,0,0,0,1,1,6,2,27,6,1242,1,-1,-1,2,-1
2015521506981,1,11,0,18,0,0,0,0,0,0,0,1,6,1,35,6,-1,-1,-1,-1,1,-1
2015521506982,1,9,0,9,0,5,0,0,0,0,3,1,6,1,56,9,1796,1,1,-1,1,-1
2015521506982,2,9,0,18,0,1,0,0,0,0,1,1,6,1,20,4,-1,-1,-1,-1,1,-1
2015521506984,1,9,0,18,0,0,0,0,0,0,4,1,6,1,57,9,-1,-1,-1,-1,1,-1
2015521506984,2,1,0,12,0,0,0,0,0,0,3,1,6,2,25,5,-1,-1,-1,-1,2,-1
2015521506987,1,9,0,9,0,5,0,0,0,0,4,1,6,1,23,5,1999,1,9,-1,1,-1
2015521506987,2,9,0,18,0,8,0,0,0,0,1,1,6,2,28,6,1896,2,13,-1,1,-1
2015521506990,1,1,0,16,0,0,0,0,0,0,1,1,6,1,23,5,-1,-1,-1,-1,-1,-1
2015521506990,2,9,0,17,0,0,0,0,0,0,1,1,6,1,45,7,1339,1,-1,-1,1,-1
2015521506991,1,1,0,18,0,0,0,0,0,0,1,1,6,1,45,7,-1,-1,-1,-1,1,-1
2015521506991,2,9,0,6,0,0,0,0,0,0,2,1,6,1,28,6,1896,2,13,-1,-1,-1
2015521507008,1,9,0,18,0,1,0,0,0,0,1,1,6,1,31,6,1399,2,6,-1,1,-1
2015521507008,2,9,0,18,0,1,0,0,0,0,2,1,6,1,47,8,-1,-1,-1,-1,1,-1
2015521507010,1,9,0,18,0,1,0,0,0,0,1,1,6,2,36,7,1596,1,10,-1,1,-1
2015521507010,2,9,0,9,0,5,0,0,0,0,1,1,6,2,25,5,1798,1,6,-1,1,-1
2015521507018,1,9,0,18,0,0,0,0,0,0,1,1,6,1,24,5,1198,1,5,-1,1,-1
2015521507018,2,9,0,4,0,0,0,0,0,0,2,1,6,1,49,8,-1,-1,-1,-1,1,-1
2015521507019,1,9,0,18,0,1,0,0,0,0,2,1,6,2,73,10,1242,1,7,-1,2,-1
2015521507019,2,9,0,18,0,1,0,0,0,0,1,1,6,1,30,6,1984,1,12,-1,1,-1
2015521507020,1,9,0,18,0,8,0,0,0,0,1,1,6,2,31,6,1587,1,8,-1,1,-1
2015521507020,2,9,0,2,0,2,0,0,0,0,1,1,6,2,49,8,1390,1,10,-1,1,-1
2015521507022,1,9,0,18,0,0,5,0,1,0,0,1,6,2,19,4,998,1,8,-1,2,-1
2015521507024,1,1,0,18,0,1,0,0,0,0,1,1,6,2,45,7,-1,-1,-1,-1,1,-1
2015521507024,2,9,0,7,0,1,0,0,0,0,0,1,6,3,-1,-1,2685,2,11,-1,-1,-1
2015521507025,1,9,0,18,0,0,0,0,0,0,1,1,6,1,23,5,1796,1,11,-1,2,-1
2015521507029,1,9,0,18,0,8,0,0,0,0,1,1,6,3,-1,-1,-1,-1,-1,-1,-1,-1
2015521507029,2,9,0,2,0,8,0,0,0,0,1,1,6,2,44,7,-1,-1,-1,-1,-1,-1
2015521507039,1,9,0,9,0,0,0,0,0,0,3,1,6,1,23,5,1968,2,4,-1,3,-1
2015521507039,2,3,0,18,0,0,0,0,0,0,1,1,6,1,21,5,125,1,-1,-1,1,-1
2015521507040,1,9,0,7,0,2,0,0,0,0,2,1,6,2,22,5,1598,1,13,-1,1,-1
2015521507040,2,9,0,7,0,2,0,0,0,0,1,1,6,3,-1,-1,1171,1,15,-1,-1,-1
2015521507050,1,19,0,13,0,1,0,0,0,0,4,1,2,1,30,6,-1,-1,-1,-1,1,-1
2015521507050,2,1,0,9,0,5,0,0,0,0,1,1,6,1,16,4,-1,-1,-1,-1,1,-1
2015521507055,1,9,0,17,0,8,0,0,0,0,3,1,6,1,51,8,1298,1,3,-1,1,-1
2015521507055,2,1,0,18,0,8,0,0,0,0,1,1,6,1,27,6,-1,-1,-1,-1,1,-1
2015521507057,1,20,1,18,0,8,0,0,0,0,4,1,1,1,52,8,3920,2,11,-1,3,-1
2015521507057,2,1,0,18,0,8,0,0,0,0,1,1,6,1,16,4,-1,-1,-1,-1,1,-1
2015521507059,1,8,0,18,0,0,0,0,0,0,1,1,1,1,52,8,1995,2,1,-1,1,-1
2015521507062,1,3,0,18,0,0,0,0,0,0,4,1,6,1,34,6,124,1,-1,-1,1,-1
2015521507062,2,19,0,5,0,0,0,0,0,0,3,1,1,1,35,6,1995,2,2,-1,-1,-1
2015521507064,1,9,0,18,0,0,0,0,0,0,1,1,6,1,72,10,999,1,-1,-1,2,-1
2015521507064,2,9,0,17,0,0,0,0,0,0,1,1,6,1,40,7,2143,2,2,-1,1,-1
2015521507068,1,9,0,18,0,0,0,0,0,0,1,1,6,2,25,5,-1,-1,-1,-1,1,-1
2015521507075,1,9,0,7,0,6,0,0,0,0,0,1,6,3,-1,-1,1896,2,13,-1,-1,-1
2015521507075,2,1,0,18,0,8,0,0,0,0,4,1,6,1,29,6,-1,-1,-1,-1,1,-1
2015521507080,1,1,0,18,0,1,0,0,0,0,1,1,6,1,49,8,-1,-1,-1,-1,1,-1
2015521507080,2,9,0,7,0,1,0,0,0,0,3,1,6,1,38,7,1769,1,11,-1,1,-1
2015521507088,1,9,0,18,0,8,0,0,0,0,1,1,6,1,18,4,1199,1,12,-1,1,-1
2015521507090,1,9,0,18,0,0,1,0,1,7,1,1,6,1,26,6,1461,2,-1,-1,1,-1
2015521507090,2,9,0,11,0,0,0,0,0,0,0,1,6,3,-1,-1,-1,-1,-1,-1,-1,-1
2015521507096,1,9,0,18,0,8,0,0,0,0,1,1,6,1,28,6,1396,1,12,-1,1,-1
2015521507096,2,9,0,18,0,8,0,0,0,0,1,1,6,1,24,5,1560,2,1,-1,1,-1
2015521507100,1,9,0,5,0,0,0,0,0,0,1,1,6,2,54,8,2199,2,5,-1,3,-1
2015521507101,1,9,0,10,0,0,0,0,1,4,1,1,6,1,53,8,1988,1,17,-1,1,-1
2015521507101,2,9,0,11,0,0,0,0,0,0,0,1,6,1,51,8,1997,2,2,-1,1,-1
2015521507102,1,9,0,9,0,6,0,0,0,0,3,1,6,2,29,6,1390,1,4,-1,1,-1
2015521507102,2,9,0,18,0,8,0,0,0,0,1,1,6,1,20,4,1781,1,18,-1,1,-1
2015521507103,1,9,0,17,0,0,5,0,7,0,1,1,6,1,65,9,1364,1,8,-1,1,-1
2015521507103,2,9,0,16,0,0,0,0,7,10,4,1,6,1,23,5,973,1,12,-1,1,-1
2015521507103,3,9,0,16,0,0,0,0,0,0,4,1,6,1,35,6,2393,1,13,-1,1,-1
2015521507103,4,9,0,16,0,0,0,0,0,0,3,1,6,2,-1,-1,1896,2,13,-1,1,-1
2015521507105,1,9,0,3,0,1,0,0,0,0,2,1,1,2,31,6,1461,2,-1,-1,1,-1
2015521507105,2,9,0,18,0,1,0,0,0,0,1,1,6,1,50,8,-1,-1,-1,-1,1,-1
2015521507106,1,1,0,5,0,6,0,0,0,0,3,1,4,1,13,3,-1,-1,-1,-1,1,-1
2015521507106,2,9,0,18,0,1,0,0,0,0,1,1,6,1,50,8,-1,-1,-1,-1,-1,-1
2015521507108,1,1,0,18,0,0,0,0,1,10,3,1,2,1,28,6,-1,-1,-1,-1,1,-1
2015521507108,2,11,0,11,0,0,0,0,0,0,4,1,1,1,31,6,5900,2,17,-1,-1,-1
2015521507110,1,1,0,18,0,8,0,0,0,0,3,1,6,1,20,4,-1,-1,-1,-1,1,-1
2015521507110,2,20,0,9,0,8,0,0,0,0,1,1,-1,3,-1,-1,-1,-1,-1,-1,-1,-1
2015521507111,1,9,0,9,0,6,0,0,0,0,3,1,6,3,-1,-1,-1,-1,-1,-1,-1,-1
2015521507115,1,9,0,5,0,0,0,0,0,0,1,1,6,1,38,7,1248,2,11,-1,-1,-1
2015521507115,2,1,0,18,0,0,0,0,0,0,0,1,6,2,22,5,-1,-1,-1,-1,1,-1
2015521507120,1,4,0,18,0,1,0,0,0,0,3,1,6,2,29,6,124,1,-1,-1,1,-1
2015521507120,2,9,0,18,0,1,0,0,0,0,4,1,6,3,-1,-1,-1,-1,-1,-1,-1,-1
2015521507122,1,9,0,18,0,1,0,0,0,0,1,1,6,1,42,7,1493,1,16,-1,1,-1
2015521507122,2,9,0,4,0,1,0,0,0,0,2,1,6,1,53,8,2143,2,3,-1,1,-1
2015521507123,1,9,0,18,0,6,0,0,0,0,1,1,6,1,-1,-1,-1,-1,-1,-1,1,-1
2015521507126,1,9,0,9,0,1,0,0,0,0,0,1,6,1,40,7,1199,2,1,-1,1,-1
2015521507126,2,1,0,18,0,1,0,0,0,0,1,1,-1,1,38,7,-1,-1,-1,-1,1,-1
2015521507137,1,9,0,18,0,4,0,0,0,0,4,1,6,1,20,4,-1,-1,-1,-1,1,-1
2015521507137,2,9,0,18,0,4,0,0,0,0,3,1,6,1,62,9,1598,1,8,-1,3,-1
2015521507138,1,9,0,17,0,8,0,0,0,0,1,1,6,1,49,8,-1,-1,-1,-1,1,-1
2015521507154,1,9,0,9,0,5,0,0,0,0,1,1,6,2,39,7,1461,2,5,-1,1,-1
2015521507154,2,3,0,18,0,8,0,0,0,0,1,1,6,1,26,6,125,1,-1,-1,1,-1
2015521507155,1,9,0,3,0,0,0,0,0,0,2,1,6,2,30,6,998,1,9,-1,1,-1
2015521507155,2,9,0,3,0,0,0,0,0,0,2,1,6,1,25,5,1753,2,8,-1,1,-1
2015521507155,3,9,0,18,0,0,0,0,0,0,1,1,6,2,18,4,-1,-1,-1,-1,1,-1
2015521507161,1,9,0,18,0,2,0,0,0,0,2,1,6,1,43,7,1998,1,11,-1,1,-1
2015521507161,2,9,0,3,0,1,0,0,0,0,3,1,6,2,43,7,1796,1,7,-1,3,-1
2015521507162,1,9,0,3,0,1,0,0,0,0,3,1,6,2,52,8,1968,2,9,-1,1,-1
2015521507162,2,9,0,18,0,8,0,10,0,0,1,1,6,2,59,9,2700,1,13,-1,1,-1
2015521507162,3,9,0,3,0,1,0,0,0,0,3,1,6,2,-1,-1,1248,1,1,-1,1,-1
2015521507163,1,1,0,18,4,1,0,0,0,0,1,1,6,1,21,5,-1,-1,-1,-1,1,-1
2015521507163,2,9,0,7,0,5,0,0,1,0,4,1,6,2,35,6,1242,1,6,-1,-1,-1
2015521507165,1,9,0,9,0,5,0,0,0,0,3,1,6,2,40,7,-1,-1,-1,-1,1,-1
2015521507165,2,1,0,18,0,8,0,0,0,0,1,1,6,1,40,7,-1,-1,-1,-1,-1,-1
2015521507167,1,9,0,18,0,0,0,0,0,0,0,1,6,1,18,4,1242,1,4,-1,3,-1
2015521507168,1,21,0,5,0,3,0,0,0,0,4,1,1,1,41,7,11946,2,4,-1,1,-1
2015521507168,2,9,0,5,0,3,0,0,0,0,2,1,6,1,20,4,2000,2,11,-1,3,-1
2015521507169,1,9,0,18,0,0,2,0,0,0,1,1,6,1,31,6,1398,1,-1,-1,1,-1
2015521507169,2,9,0,2,0,0,0,0,0,0,1,1,6,3,-1,-1,1461,2,10,-1,-1,-1
2015521507172,1,9,0,2,0,0,0,0,0,0,3,1,6,1,35,6,1360,1,14,-1,1,-1
2015521507172,2,1,0,18,0,0,0,0,0,0,3,1,6,1,35,6,-1,-1,-1,-1,1,-1
2015521507174,1,9,0,18,0,0,0,0,0,0,1,1,6,1,26,6,1399,2,6,-1,1,-1
2015521507174,2,9,0,18,0,0,0,0,7,0,1,1,6,1,77,11,1497,8,-1,-1,2,-1
2015521507192,1,8,0,1,0,0,0,0,0,0,2,1,1,1,35,6,1995,2,4,-1,1,-1
2015521507200,1,1,0,18,0,1,0,0,0,0,1,1,6,1,18,4,-1,-1,-1,-1,1,-1
2015521507200,2,19,0,7,0,6,0,0,0,0,0,1,1,1,40,7,2198,2,3,-1,-1,-1
2015521507204,1,9,0,18,0,8,0,0,0,0,1,1,6,1,27,6,-1,-1,-1,-1,1,-1
2015521507204,2,9,0,18,0,8,0,0,0,0,3,1,6,1,52,8,1991,2,4,-1,1,-1
2015521507207,1,9,0,16,0,0,0,0,0,0,1,1,2,1,24,5,-1,-1,-1,-1,1,-1
2015521507207,2,9,0,17,0,0,0,0,0,0,1,1,2,2,29,6,1968,2,1,-1,1,-1
2015521507207,3,9,0,2,0,0,0,0,0,0,4,1,6,3,-1,-1,-1,-1,-1,-1,-1,-1
2015521507211,1,1,0,1,1,8,0,0,0,0,1,1,-1,1,11,3,-1,-1,-1,-1,-1,-1
2015521507211,2,9,0,-1,1,8,0,0,0,0,1,1,-1,-1,-1,-1,-1,-1,-1,-1,-1,-1
2015521507215,1,9,0,7,4,0,0,0,0,0,4,1,6,1,38,7,1560,2,-1,-1,1,-1
2015521507215,2,1,0,18,4,0,0,0,0,0,1,1,6,1,25,5,-1,-1,-1,-1,3,-1
2015521507216,1,9,0,17,0,0,0,0,0,0,1,1,6,1,31,6,1896,2,11,-1,1,-1
2015521507216,2,9,0,16,0,0,1,0,0,0,1,1,6,1,55,8,1560,2,2,-1,3,-1
2015521507226,1,9,0,6,0,0,0,0,0,0,0,1,6,2,48,8,1598,1,13,-1,1,-1
2015521507226,2,3,0,4,0,0,1,0,0,0,0,1,6,1,34,6,-1,-1,-1,-1,1,-1
2015521507227,1,1,0,5,0,8,0,0,0,0,2,1,2,1,34,6,-1,-1,-1,-1,1,-1
2015521507227,2,19,0,5,0,4,0,0,0,0,1,1,6,1,55,8,-1,-1,-1,-1,3,-1
2015521507228,1,9,0,18,0,0,0,0,0,0,1,1,6,2,21,5,-1,-1,-1,-1,1,-1
2015521507228,2,9,0,3,0,0,0,0,0,0,2,1,6,2,31,6,1339,1,11,-1,1,-1
2015521507229,1,9,0,18,0,0,0,4,0,0,3,1,6,3,-1,-1,1598,1,9,-1,-1,-1
2015521507229,2,9,0,2,0,0,0,0,7,10,1,1,6,2,31,6,973,1,12,-1,1,-1
2015521507229,3,9,0,2,0,0,0,0,0,0,0,1,6,3,-1,-1,2387,2,12,-1,-1,-1
2015521507235,1,9,0,18,0,0,0,0,0,0,0,1,6,2,38,7,1360,1,15,-1,1,-1
2015521507235,2,9,0,2,0,0,0,0,0,0,3,1,6,3,-1,-1,1560,2,8,-1,-1,-1
2015521507237,1,9,0,18,0,1,0,0,1,2,1,1,6,2,21,5,1248,2,4,-1,1,-1
2015521507246,1,9,0,1,9,6,0,0,0,0,2,1,6,1,35,6,-1,-1,-1,-1,-1,-1
2015521507252,1,9,0,4,0,1,0,0,0,0,1,1,6,1,40,7,-1,-1,-1,-1,1,-1
2015521507252,2,9,0,3,0,1,0,0,0,0,2,1,6,1,38,7,1242,1,13,-1,1,-1
2015521507252,3,9,0,3,0,1,0,0,0,0,2,1,6,1,26,6,-1,-1,-1,-1,1,-1
2015521507253,1,9,0,18,0,0,0,0,0,0,1,1,6,2,31,6,1124,1,10,-1,2,-1
2015521507254,1,11,0,5,2,0,0,0,0,0,0,1,6,1,39,7,9600,2,15,-1,1,-1
2015521507257,1,9,0,11,0,0,1,0,2,4,4,1,6,1,29,6,1995,2,6,-1,1,-1
2015521507267,1,9,0,9,0,8,0,0,0,0,3,1,6,2,38,7,899,1,1,-1,1,-1
2015521507267,2,9,0,9,0,8,0,0,0,0,4,1,6,1,46,8,-1,-1,-1,-1,1,-1
2015521507268,1,9,0,18,0,1,0,0,0,0,4,1,6,3,-1,-1,-1,-1,-1,-1,-1,-1
2015521507273,1,5,0,18,0,1,0,0,0,0,1,1,6,1,49,8,1731,1,4,-1,3,-1
2015521507273,2,9,0,18,0,1,0,0,0,0,1,1,6,2,49,8,1995,1,4,-1,1,-1
2015521507276,1,11,0,18,0,1,0,0,0,0,0,1,6,3,-1,-1,-1,-1,-1,-1,-1,-1
2015521507276,2,16,0,18,0,1,0,0,0,0,0,1,6,2,-1,-1,-1,-1,-1,-1,1,-1
2015521507277,1,9,0,18,0,8,0,0,0,0,1,1,6,1,32,6,1299,1,13,-1,1,-1
2015521507277,2,1,0,18,0,8,0,0,0,0,3,1,6,1,58,9,-1,-1,-1,-1,1,-1
2015521507278,1,9,0,3,0,6,0,0,0,0,2,1,6,2,27,6,998,1,15,-1,2,-1
2015521507278,2,9,0,3,0,6,0,0,0,0,1,1,6,3,-1,-1,1390,1,16,-1,-1,-1
2015521507288,1,9,0,3,0,1,0,0,0,0,2,1,6,2,62,9,1984,1,14,-1,3,-1
2015521507288,2,9,0,3,0,1,0,0,0,0,1,1,6,2,40,7,1242,1,1,-1,-1,-1
2015521507294,1,9,0,7,0,4,0,0,0,0,3,1,6,1,25,5,-1,-1,-1,-1,1,-1
2015521507294,2,9,0,18,0,8,0,0,0,0,1,1,6,1,19,4,1590,1,11,-1,2,-1
2015521507307,1,9,0,18,0,8,0,0,0,0,4,1,6,3,-1,-1,-1,-1,-1,-1,-1,-1
2015521507310,1,9,0,18,0,0,0,0,0,0,0,1,6,2,44,7,1590,1,12,-1,1,-1
2015521507310,2,1,0,18,0,0,0,0,0,0,4,1,6,1,16,4,-1,-1,-1,-1,-1,-1
2015521507315,1,9,0,13,0,0,0,0,7,0,1,1,6,1,70,10,3498,1,10,-1,3,-1
2015521507315,2,17,0,9,0,0,0,0,0,0,3,1,6,1,64,9,3200,2,4,-1,3,-1
2015521507320,1,9,0,2,0,0,0,0,0,0,1,1,6,1,30,6,1229,1,10,-1,1,-1
2015521507320,2,9,0,2,0,0,0,0,0,0,2,1,6,3,-1,-1,1364,1,6,-1,-1,-1
2015521507324,1,9,0,9,0,6,0,0,0,0,0,1,6,1,27,6,-1,-1,-1,-1,1,-1
2015521507324,2,1,0,18,0,8,0,0,0,0,0,1,6,2,51,8,-1,-1,-1,-1,1,-1
2015521507327,1,9,0,9,0,8,0,0,0,0,1,1,6,1,45,7,1560,2,6,-1,1,-1
2015521507327,2,1,0,18,0,1,0,0,0,0,1,1,6,1,16,4,-1,-1,-1,-1,1,-1
2015521507328,1,9,0,18,0,8,0,0,0,0,3,1,1,2,39,7,1200,1,-1,-1,1,-1
2015521507330,1,9,0,18,0,2,0,0,0,0,4,1,6,1,24,5,-1,-1,-1,-1,1,-1
2015521507330,2,1,0,18,0,2,0,0,0,0,3,1,6,2,28,6,-1,-1,-1,-1,1,-1
2015521507339,1,20,4,7,0,8,0,0,0,0,1,1,1,1,30,6,-1,-1,-1,-1,-1,-1
2015521507339,2,22,0,18,9,8,0,0,0,0,3,1,6,1,35,6,-1,-1,-1,-1,1,-1
2015521507350,1,1,0,18,0,1,0,0,0,0,3,1,6,1,19,4,-1,-1,-1,-1,1,-1
2015521507350,2,9,0,9,0,1,0,0,0,0,1,1,6,1,38,7,1896,2,7,-1,1,-1
2015521507351,1,3,0,18,0,8,0,0,0,0,4,1,6,1,19,4,125,1,5,-1,1,-1
2015521507351,2,9,0,2,0,1,0,0,0,0,2,1,6,3,-1,-1,1596,1,9,-1,-1,-1
2015521507351,3,9,0,2,0,2,0,0,0,0,2,1,6,3,-1,-1,1997,2,11,-1,-1,-1
2015521507357,1,9,0,18,0,8,0,0,7,10,4,1,6,1,72,10,2148,2,14,-1,3,-1
2015521507357,2,9,0,9,0,6,0,0,0,0,1,1,6,2,43,7,2401,2,9,-1,2,-1
2015521507366,1,19,0,18,0,1,0,0,0,0,3,1,6,1,40,7,1248,2,2,-1,1,-1
2015521507366,2,9,0,18,0,1,0,0,0,0,4,1,6,3,-1,-1,-1,-1,-1,-1,-1,-1
2015521507392,1,9,0,12,0,1,0,0,0,0,1,1,6,2,52,8,1390,1,-1,-1,2,-1
2015521507392,2,9,0,13,0,1,0,0,0,0,4,1,6,2,36,7,1396,1,5,-1,3,-1
2015521507393,1,3,0,18,0,1,0,0,0,0,0,1,6,1,18,4,-1,-1,-1,-1,1,-1
2015521507393,2,9,0,18,0,1,0,0,0,0,0,1,6,3,-1,-1,-1,-1,-1,-1,-1,-1
2015521507394,1,9,0,18,0,0,0,0,0,0,4,1,6,3,-1,-1,-1,-1,-1,-1,-1,-1
2015521507401,1,1,0,18,0,1,0,0,0,0,3,1,6,1,59,9,-1,-1,-1,-1,-1,-1
2015521507401,2,21,0,18,0,1,0,0,0,0,4,1,6,3,30,6,2143,2,-1,-1,-1,-1
2015521507402,1,9,0,5,0,1,0,0,0,0,1,1,6,1,72,10,2204,2,6,-1,1,-1
2015521507402,2,9,0,18,0,1,0,0,0,0,4,1,6,2,40,7,1398,1,2,-1,1,-1
2015521507404,1,1,0,13,0,0,0,0,0,0,4,1,2,1,49,8,-1,-1,-1,-1,1,-1
2015521507404,2,9,0,18,0,0,0,0,0,0,1,1,6,3,-1,-1,-1,-1,-1,-1,-1,-1
2015521507405,1,1,0,18,0,8,0,0,0,0,3,1,6,1,34,6,-1,-1,-1,-1,1,-1
2015521507405,2,9,0,9,0,5,0,0,0,0,1,1,6,3,-1,-1,-1,-1,-1,-1,-1,-1
2015521507407,1,9,0,9,0,8,0,0,0,0,3,1,6,1,39,7,1598,1,4,-1,1,-1
2015521507407,2,1,0,13,0,8,0,0,0,0,1,1,6,1,18,4,-1,-1,-1,-1,-1,-1
2015521507420,1,3,0,5,0,8,0,0,0,0,1,1,6,1,30,6,125,1,4,-1,3,-1
2015521507423,1,5,0,18,0,4,1,10,0,0,1,1,6,1,30,6,535,1,18,-1,1,-1
2015521507425,1,5,0,4,0,0,0,0,0,0,1,1,6,1,32,6,-1,-1,-1,-1,1,-1
2015521507433,1,9,0,9,0,8,0,0,0,0,1,1,6,2,31,6,1229,1,7,-1,1,-1
2015521507433,2,9,0,18,0,1,0,0,0,0,4,1,6,2,66,10,1086,1,8,-1,1,-1
2015521507436,1,9,0,18,0,8,0,0,0,0,1,1,6,1,28,6,1598,1,8,-1,1,-1
2015521507436,2,4,0,18,0,8,0,0,1,0,1,1,6,1,25,5,125,1,3,-1,1,-1
2015521507436,3,9,0,3,0,8,0,0,0,0,1,1,6,2,41,7,1997,1,16,-1,1,-1
2015521507437,1,9,0,18,0,0,0,0,0,0,0,1,6,1,26,6,1781,1,11,-1,1,-1
2015521507438,1,9,0,18,0,4,0,0,0,0,1,1,6,2,52,8,1368,1,5,-1,1,-1
2015521507438,2,9,0,18,0,1,0,0,0,0,1,1,6,2,50,8,1598,1,9,-1,1,-1
2015521507440,1,3,0,18,0,8,0,0,0,0,1,1,6,1,21,5,124,1,2,-1,1,-1
2015521507440,2,9,0,9,0,8,0,0,0,0,1,1,6,2,51,8,1997,2,6,-1,3,-1
2015521507443,1,9,0,18,0,0,0,0,0,0,1,1,6,2,41,7,1799,1,8,-1,1,-1
2015521507443,2,9,0,3,0,0,0,0,0,0,2,1,6,2,56,9,1560,2,1,-1,3,-1
2015521507443,3,9,0,3,0,0,0,0,0,0,2,1,6,2,21,5,1124,1,10,-1,1,-1
2015521507444,1,9,0,18,0,1,0,0,0,0,1,1,6,2,28,6,1124,1,18,-1,1,-1
2015521507444,2,9,0,9,0,1,0,0,0,0,2,1,6,1,26,6,899,1,14,-1,1,-1
2015521507448,1,19,0,4,0,8,0,0,0,0,2,1,6,1,43,7,2402,2,3,-1,1,-1
2015521507448,2,9,0,18,0,8,0,0,0,0,1,1,6,2,21,5,1199,1,11,-1,1,-1
2015521507450,1,11,0,2,2,0,0,0,0,0,2,1,6,1,49,8,5132,2,-1,-1,-1,-1
2015521507450,2,9,0,18,0,0,0,0,0,0,4,1,6,2,22,5,1598,1,-1,-1,1,-1
2015521507450,3,1,0,14,0,0,0,0,0,0,3,1,6,2,29,6,-1,-1,-1,-1,1,-1
2015521507451,1,9,0,9,0,6,0,0,0,0,3,1,6,1,63,9,1461,2,1,-1,1,-1
2015521507451,2,9,0,18,0,1,0,0,0,0,1,1,6,1,56,9,-1,-1,-1,-1,1,-1
2015521507451,3,4,0,13,0,8,1,0,0,0,4,1,6,1,-1,-1,-1,-1,-1,-1,1,-1