Accident_Index,Vehicle_Reference,Vehicle_Type,Towing_and_Articulation,Vehicle_Manoeuvre,Vehicle_Location-Restricted_Lane,Junction_Location,Skidding_and_Overturning,Hit_Object_in_Carriageway,Vehicle_Leaving_Carriageway,Hit_Object_off_Carriageway,1st_Point_of_Impact,Was_Vehicle_Left_Hand_Drive?,Journey_Purpose_of_Driver,Sex_of_Driver,Age_of_Driver,Age_Band_of_Driver,Engine_Capacity_(CC),Propulsion_Code,Age_of_Vehicle,Driver_IMD_Decile,Driver_Home_Area_Type,Vehicle_IMD_Decile
2015521507454,1,9,0,3,0,0,0,0,0,0,2,1,6,2,41,7,1390,1,3,-1,1,-1
2015521507454,2,9,0,3,0,0,0,0,0,0,2,1,6,1,58,9,1560,2,6,-1,1,-1
2015521507454,3,9,0,18,0,0,0,0,0,0,1,1,6,1,-1,-1,1995,2,7,-1,3,-1
2015521507456,1,8,0,18,0,0,0,0,0,0,3,1,6,2,35,6,1995,2,10,-1,1,-1
2015521507456,2,8,0,11,0,0,0,0,0,0,4,1,6,3,-1,-1,1997,2,3,-1,-1,-1
2015521507472,1,9,0,18,0,1,0,0,0,0,1,1,6,1,35,6,2521,1,9,-1,1,-1
2015521507472,2,10,0,3,0,1,0,0,0,0,2,1,6,2,52,8,2464,2,6,-1,1,-1
2015521507474,1,9,0,18,0,0,0,0,0,0,4,1,6,1,60,9,-1,-1,-1,-1,1,-1
2015521507475,1,9,0,18,0,3,0,0,0,0,2,1,6,2,26,6,1422,2,-1,-1,3,-1
2015521507475,2,9,0,18,0,3,0,0,0,0,1,1,6,2,18,4,1242,1,13,-1,1,-1
2015521507482,1,9,0,18,0,8,0,0,0,0,4,1,6,1,57,9,1796,1,7,-1,1,-1
2015521507482,2,9,0,11,0,8,0,0,0,0,1,1,6,1,24,5,1968,2,-1,-1,3,-1
2015521507486,1,9,0,9,0,6,0,0,0,0,3,1,6,1,20,4,998,1,14,-1,1,-1
2015521507486,2,1,0,18,0,8,0,0,0,0,1,1,6,1,30,6,-1,-1,-1,-1,1,-1
2015521507487,1,9,0,1,0,1,0,0,0,0,4,1,6,3,-1,-1,-1,-1,-1,-1,1,-1
2015521507490,1,9,0,9,0,8,0,0,0,0,1,1,6,2,47,8,1997,2,10,-1,1,-1
2015521507490,2,11,0,18,0,1,0,0,0,0,1,1,6,1,34,6,-1,-1,-1,-1,1,-1
2015521507491,1,9,0,3,0,0,0,0,0,0,2,1,6,1,28,6,1329,1,6,-1,1,-1
2015521507491,2,9,0,18,0,0,0,0,0,0,1,1,6,1,48,8,1999,1,2,-1,1,-1
2015521507491,3,9,0,18,0,0,0,0,0,0,1,1,6,1,22,5,1242,1,13,-1,2,-1
2015521507491,4,9,0,18,0,0,0,0,0,0,4,1,6,1,38,7,2987,2,9,-1,1,-1
2015521507491,5,9,0,18,0,0,0,11,0,0,0,1,6,2,41,7,1896,2,10,-1,1,-1
2015521507493,1,9,0,18,0,8,0,0,0,0,4,1,6,2,44,7,1360,1,9,-1,1,-1
2015521507498,1,90,0,2,6,2,0,0,0,0,2,1,1,2,45,7,-1,-1,-1,-1,-1,-1
2015521507498,2,5,0,18,0,2,0,4,0,0,1,1,6,1,33,6,636,1,10,-1,1,-1
2015521507501,1,9,0,18,0,0,0,0,0,0,4,1,6,2,48,8,1328,1,13,-1,1,-1
2015521507507,1,9,0,18,0,0,0,0,0,0,1,1,6,2,44,7,1968,2,5,-1,3,-1
2015521507507,2,9,0,4,0,0,0,0,0,0,2,1,6,1,45,7,-1,-1,-1,-1,2,-1
2015521507513,1,9,0,5,0,0,0,0,0,0,1,1,6,2,48,8,1388,1,11,-1,3,-1
2015521507514,1,9,0,7,0,4,0,0,0,0,3,1,6,2,25,5,1299,1,17,-1,1,-1
2015521507514,2,9,0,18,0,8,0,0,0,0,1,1,6,3,-1,-1,-1,-1,-1,-1,-1,-1
2015521507515,1,9,0,18,0,8,0,0,0,0,4,1,6,2,23,5,1422,2,11,-1,1,-1
2015521507515,2,9,0,7,0,8,0,0,0,0,1,1,6,1,32,6,-1,-1,-1,-1,1,-1
2015521507525,1,9,0,18,0,1,0,0,0,0,1,1,6,1,65,9,-1,-1,-1,-1,1,-1
2015521507525,2,3,0,18,0,8,0,0,0,0,4,1,6,1,53,8,124,1,20,-1,1,-1
2015521507526,1,9,0,18,0,0,0,10,1,0,4,1,6,2,28,6,-1,-1,-1,-1,1,-1
2015521507528,1,9,0,9,0,1,0,0,0,0,4,1,6,1,37,7,2143,2,1,-1,1,-1
2015521507528,2,4,0,18,0,1,0,0,0,0,1,1,6,1,21,5,-1,-1,-1,-1,2,-1
2015521507529,1,9,0,18,0,0,0,0,0,0,0,1,6,2,64,9,998,1,3,-1,1,-1
2015521507531,1,9,0,17,0,0,1,0,7,10,3,1,6,2,18,4,-1,-1,-1,-1,1,-1
2015521507540,1,8,0,18,0,8,0,0,1,0,4,1,6,2,19,4,1248,2,5,-1,1,-1
2015521507540,2,8,0,18,0,4,0,0,0,0,1,1,6,3,-1,-1,-1,-1,-1,-1,-1,-1
2015521507544,1,9,0,10,0,8,0,0,0,0,2,1,2,1,37,7,998,1,3,-1,1,-1
2015521507544,2,9,0,3,0,1,0,0,0,0,1,1,6,1,26,6,1329,1,4,-1,-1,-1
2015521507544,3,11,0,18,0,1,0,0,0,0,1,1,1,1,45,7,8300,2,15,-1,-1,-1
2015521507555,1,9,0,10,0,1,0,0,0,0,1,1,6,2,28,6,1390,1,2,-1,1,-1
2015521507555,2,9,0,18,0,2,0,0,0,0,1,1,6,2,46,8,1596,1,9,-1,3,-1
2015521507565,1,9,0,3,0,1,0,0,0,0,2,1,6,2,27,6,1956,2,4,-1,3,-1
2015521507565,2,9,0,18,0,8,0,0,0,0,1,1,6,2,64,9,1461,2,11,-1,1,-1
2015521507569,1,9,0,11,0,1,0,0,0,0,3,1,6,2,29,6,998,1,7,-1,1,-1
2015521507569,2,3,0,14,0,1,0,0,0,0,4,1,6,1,22,5,124,1,2,-1,1,-1
2015521507571,1,9,0,18,0,8,0,0,0,0,3,1,6,1,40,7,2143,2,3,-1,1,-1
2015521507571,2,9,0,18,0,1,0,0,0,0,1,1,6,2,66,10,1086,1,10,-1,1,-1
2015521507577,1,9,0,18,0,8,0,0,0,0,1,1,6,1,83,11,1781,1,14,-1,1,-1
2015521507577,2,9,0,18,0,8,0,0,0,0,1,1,6,1,40,7,1896,2,15,-1,1,-1
2015521507585,1,1,0,18,0,8,0,0,0,0,2,1,1,1,44,7,-1,-1,-1,-1,1,-1
2015521507585,2,9,0,5,0,8,0,0,0,0,1,1,6,1,44,7,1999,1,10,-1,-1,-1
2015521507592,1,9,0,18,0,0,0,0,0,0,4,1,6,1,34,6,-1,-1,-1,-1,1,-1
2015521507592,2,1,0,18,0,0,0,0,0,0,0,1,6,1,57,9,-1,-1,-1,-1,1,-1
2015521507597,1,9,0,7,0,6,0,0,0,0,1,1,6,1,-1,-1,-1,-1,-1,-1,-1,-1
2015521507603,1,9,0,13,0,0,0,0,0,0,4,1,6,1,40,7,1390,2,12,-1,1,-1
2015521507603,2,9,0,18,0,0,1,0,4,0,3,1,6,1,20,4,1995,2,5,-1,1,-1
2015521507624,1,9,0,18,0,8,0,0,0,0,1,1,6,1,26,6,1995,2,10,-1,1,-1
2015521507624,2,4,0,9,0,1,0,0,0,0,1,1,6,1,25,5,125,1,-1,-1,1,-1
2015521507627,1,4,0,18,0,1,0,0,0,0,1,1,6,1,42,7,675,1,7,-1,1,-1
2015521507627,2,9,0,9,0,5,0,0,0,0,2,1,6,1,25,5,1598,1,2,-1,1,-1
2015521507628,1,9,0,18,0,0,0,0,0,0,1,1,6,1,27,6,1596,1,12,-1,1,-1
2015521507628,2,9,0,5,0,0,0,0,0,0,2,1,6,1,44,7,1396,1,12,-1,1,-1
2015521507636,1,9,0,18,0,2,0,0,0,0,2,1,6,2,29,6,1598,1,11,-1,1,-1
2015521507636,2,9,0,18,0,2,0,0,0,0,1,1,6,3,-1,-1,1596,1,12,-1,-1,-1
2015521507643,1,9,0,7,0,8,0,0,0,0,1,1,6,2,43,7,1997,2,14,-1,1,-1
2015521507643,2,1,0,18,0,8,0,0,0,0,2,1,6,2,16,4,-1,-1,-1,-1,1,-1
2015521507645,1,1,0,18,0,2,0,0,0,0,0,1,6,1,29,6,-1,-1,-1,-1,1,-1
2015521507645,2,9,0,9,0,2,0,0,0,0,3,1,6,1,-1,-1,1794,1,8,-1,-1,-1
2015521507648,1,9,0,7,0,6,0,0,0,0,1,1,6,3,-1,-1,2996,1,7,-1,-1,-1
2015521507648,2,9,0,18,0,1,0,0,0,0,1,1,6,1,63,9,1461,2,5,-1,1,-1
2015521507648,3,9,0,2,0,8,0,0,0,0,2,1,6,3,-1,-1,1598,1,14,-1,-1,-1
2015521507648,4,9,0,2,0,8,0,0,0,0,2,1,6,3,-1,-1,1390,1,13,-1,-1,-1
2015521507649,1,9,0,18,0,8,5,4,0,0,4,1,6,2,24,5,-1,-1,-1,-1,1,-1
2015521507649,2,9,0,2,0,8,0,0,0,0,1,1,6,1,19,4,1598,2,2,-1,1,-1
2015521507653,1,11,0,18,0,0,0,0,0,0,1,1,6,1,44,7,-1,-1,-1,-1,1,-1
2015521507653,2,9,0,18,0,0,0,0,0,0,1,1,6,2,28,6,-1,-1,-1,-1,1,-1
2015521507659,1,9,0,17,0,0,0,0,0,0,1,1,6,3,-1,-1,-1,-1,-1,-1,-1,-1
2015521507669,1,9,0,18,0,1,0,0,0,0,1,1,6,2,20,4,1332,1,9,-1,1,-1
2015521507669,2,9,0,10,0,1,0,0,0,0,2,1,6,1,25,5,996,1,6,-1,2,-1
2015521507669,3,9,0,18,0,8,0,0,0,0,3,1,6,1,19,4,1598,2,4,-1,1,-1
2015521507677,1,9,0,18,0,0,0,0,0,0,1,1,6,1,54,8,2793,1,16,-1,1,-1
2015521507677,2,9,0,18,0,0,0,0,0,0,1,1,6,1,35,6,998,1,12,-1,2,-1
2015521507678,1,9,0,18,0,0,0,0,0,0,1,1,6,2,29,6,1839,1,11,-1,1,-1
2015521507678,2,1,0,18,0,0,0,0,0,0,3,1,4,2,8,2,-1,-1,-1,-1,1,-1
2015521507683,1,3,0,7,0,2,0,4,0,0,1,1,6,1,17,4,124,1,9,-1,1,-1
2015521507683,2,9,0,2,0,2,0,0,0,0,3,1,6,3,-1,-1,-1,-1,-1,-1,-1,-1
2015521507684,1,9,0,18,0,1,0,0,0,0,1,1,6,2,32,6,2143,2,-1,-1,1,-1
2015521507684,2,9,0,9,0,1,0,0,0,0,1,1,6,1,81,11,1591,1,4,-1,2,-1
2015521507687,1,11,0,18,0,0,0,0,0,0,1,1,6,1,45,7,6370,2,13,-1,1,-1
2015521507687,2,9,0,18,0,0,0,0,0,0,1,1,6,1,22,5,1590,1,13,-1,1,-1
2015521507689,1,9,0,18,0,0,0,0,0,0,0,1,6,1,44,7,-1,-1,-1,-1,1,-1
2015521507689,2,9,0,18,0,0,0,0,0,0,1,1,6,1,-1,-1,1791,8,4,-1,1,-1
2015521507697,1,4,0,18,0,0,0,0,0,0,1,1,6,1,44,7,97,1,30,-1,1,-1
2015521507697,2,19,0,18,2,0,0,0,0,0,4,1,6,1,30,6,2198,2,1,-1,-1,-1
2015521507699,1,9,0,18,0,3,0,0,0,0,3,1,6,1,19,4,1199,1,13,-1,1,-1
2015521507699,2,9,0,11,0,3,0,0,0,0,4,1,6,3,-1,-1,-1,-1,-1,-1,-1,-1
2015521507722,1,1,0,18,0,1,0,4,0,10,1,1,1,1,47,8,-1,-1,-1,-1,1,-1
2015521507722,2,9,0,2,0,2,0,0,0,10,1,1,6,1,40,7,-1,-1,-1,-1,-1,-1
2015521507725,1,3,0,18,0,8,0,0,0,0,1,1,6,1,42,7,124,1,8,-1,1,-1
2015521507725,2,9,0,7,0,8,0,0,0,0,3,1,6,2,46,8,1397,1,6,-1,3,-1
2015521507727,1,3,0,3,0,0,0,0,0,0,1,1,6,1,17,4,124,1,6,-1,-1,-1
2015521507727,2,9,0,9,0,0,0,0,0,0,3,1,6,2,20,4,1587,1,12,-1,3,-1
2015521507732,1,9,0,18,0,1,0,0,0,0,1,1,6,1,60,9,998,1,13,-1,1,-1
2015521507732,2,9,0,9,0,8,0,0,0,0,1,1,6,1,-1,-1,1596,1,14,-1,-1,-1
2015521507736,1,9,0,7,0,5,0,0,0,0,0,1,6,1,62,9,1997,2,3,-1,3,-1
2015521507736,2,1,0,18,0,8,0,0,0,0,1,1,6,1,28,6,-1,-1,-1,-1,1,-1
2015521507741,1,9,0,18,0,0,0,0,0,0,1,1,6,2,24,5,1368,1,1,-1,1,-1
2015521507743,1,9,0,18,0,0,0,0,0,0,1,1,6,2,35,6,1598,1,10,-1,2,-1
2015521507743,2,9,0,18,0,0,0,0,0,0,1,1,6,2,46,8,1749,1,13,-1,1,-1
2015521507744,1,1,0,18,0,8,0,0,0,0,3,1,6,1,66,10,-1,-1,-1,-1,1,-1
2015521507744,2,9,0,7,0,3,0,0,0,0,4,1,6,3,-1,-1,-1,-1,-1,-1,-1,-1
2015521507749,1,9,0,18,0,8,5,0,0,0,4,1,6,1,33,6,1951,2,10,-1,1,-1
2015521507749,2,9,0,9,0,6,0,0,0,0,1,1,6,2,43,7,1995,2,7,-1,1,-1
2015521507759,1,9,0,18,0,8,0,0,0,0,1,1,6,1,69,10,998,1,12,-1,1,-1
2015521507761,1,9,0,18,0,0,5,0,1,0,4,1,6,2,27,6,1242,1,7,-1,1,-1
2015521507762,1,3,0,18,0,1,0,0,0,0,1,1,6,1,19,4,124,1,-1,-1,1,-1
2015521507762,2,9,0,2,0,2,0,0,0,0,1,1,6,3,-1,-1,1997,2,14,-1,-1,-1
2015521507764,1,9,0,9,0,8,0,0,0,0,1,1,6,1,38,7,1995,2,8,-1,2,-1
2015521507764,2,9,0,3,0,8,0,0,0,0,2,1,1,1,30,6,1997,2,8,-1,-1,-1
2015521507764,3,9,0,18,0,4,0,0,0,0,0,1,1,2,36,7,2993,2,5,-1,-1,-1
2015521507765,1,20,0,7,0,5,0,0,0,0,4,1,6,1,24,5,6693,2,1,-1,1,-1
2015521507765,2,3,0,15,0,8,0,0,0,0,3,1,6,1,22,5,124,1,1,-1,1,-1
2015521507769,1,21,1,18,0,0,0,0,1,9,4,1,1,1,28,6,-1,-1,-1,-1,-1,-1
2015521507770,1,9,0,18,0,0,0,0,0,0,0,1,6,1,45,7,-1,-1,-1,-1,2,-1
2015521507770,2,3,0,4,0,0,1,0,0,0,0,1,6,1,19,4,125,1,22,-1,1,-1
2015521507770,3,9,0,3,0,0,0,0,0,0,0,1,6,2,29,6,-1,-1,-1,-1,3,-1
2015521507771,1,1,0,18,0,1,0,0,0,0,1,1,6,1,38,7,-1,-1,-1,-1,1,-1
2015521507771,2,19,0,9,0,6,0,0,0,0,4,1,6,1,24,5,1686,2,13,-1,3,-1
2015521507772,1,9,0,2,0,2,0,0,0,0,3,1,6,2,50,8,1299,1,13,-1,1,-1
2015521507772,2,1,0,7,0,2,0,0,0,0,1,1,6,1,36,7,-1,-1,-1,-1,1,-1
2015521507775,1,9,0,18,0,0,0,0,0,0,1,1,6,1,33,6,-1,-1,-1,-1,1,-1
2015521507775,2,97,0,18,0,0,0,0,0,0,1,1,6,2,56,9,-1,-1,-1,-1,3,-1
2015521507775,3,9,0,18,0,0,0,0,0,0,0,1,6,1,62,9,-1,-1,-1,-1,1,-1
2015521507777,1,9,0,10,0,8,0,0,0,0,1,1,6,1,47,8,1587,1,13,-1,1,-1
2015521507777,2,9,0,18,0,8,0,0,0,0,1,1,6,2,29,6,1242,1,9,-1,1,-1
2015521507779,1,9,0,18,0,1,0,0,0,0,1,1,6,2,35,6,1995,2,2,-1,1,-1
2015521507779,2,9,0,3,0,1,0,0,0,0,2,1,6,1,25,5,1149,1,11,-1,1,-1
2015521507779,3,9,0,3,0,1,0,0,0,0,2,1,6,1,65,9,-1,-1,-1,-1,1,-1
2015521507781,1,9,0,9,0,8,0,0,0,0,4,1,6,1,72,10,1298,1,11,-1,1,-1
2015521507781,2,9,0,18,0,8,0,0,0,0,1,1,6,1,50,8,2400,2,7,-1,1,-1
2015521507782,1,19,0,18,0,0,0,0,0,0,4,1,6,3,-1,-1,-1,-1,-1,-1,-1,-1
2015521507783,1,2,0,5,0,0,0,0,0,0,1,1,6,1,25,5,125,1,3,-1,1,-1
2015521507783,2,9,0,18,0,0,0,0,0,0,1,1,6,1,-1,-1,1995,2,10,-1,3,-1
2015521507784,1,1,0,18,0,0,0,0,0,0,1,1,6,3,-1,-1,-1,-1,-1,-1,-1,-1
2015521507784,2,19,0,3,0,0,0,0,0,0,0,1,1,1,43,7,-1,-1,-1,-1,-1,-1
2015521507785,1,9,0,18,0,1,0,0,0,0,1,1,6,1,35,6,1339,1,13,-1,1,-1
2015521507787,1,9,0,16,0,3,0,0,1,10,1,1,6,1,26,6,998,1,13,-1,1,-1
2015521507795,1,9,0,18,0,0,0,0,0,0,3,1,6,1,39,7,1339,1,2,-1,1,-1
2015521507795,2,9,0,18,0,0,0,0,0,0,4,1,6,1,30,6,-1,-1,-1,-1,-1,-1
2015521507802,1,19,0,3,0,0,0,0,0,0,2,1,1,1,23,5,2198,2,1,-1,1,-1
2015521507802,2,9,4,18,0,0,0,4,0,0,1,1,6,1,50,8,3059,2,18,-1,-1,-1
2015521507804,1,90,0,18,9,1,0,0,0,0,3,1,6,1,65,9,-1,-1,-1,-1,1,-1
2015521507804,2,9,0,9,0,8,0,0,0,0,1,1,6,1,40,7,998,1,15,-1,1,-1
2015521507806,1,9,0,18,0,1,0,0,0,0,0,1,6,1,25,5,1800,1,16,-1,1,-1
2015521507827,1,9,0,18,0,1,5,0,0,0,0,1,6,1,27,6,1598,1,8,-1,1,-1
2015521507839,1,90,0,18,0,1,0,0,0,0,1,1,1,1,48,8,6871,2,8,-1,1,-1
2015521507839,2,9,0,7,0,6,0,0,0,0,3,1,6,2,33,6,1685,2,2,-1,1,-1
2015521507840,1,3,0,18,0,0,1,0,0,0,4,1,6,1,23,5,123,1,8,-1,1,-1
2015521507840,2,9,0,18,0,0,1,0,1,0,4,1,6,1,28,6,-1,-1,-1,-1,3,-1
2015521507843,1,9,0,9,0,6,0,0,0,0,3,1,6,2,37,7,1590,1,10,-1,1,-1
2015521507843,2,1,0,13,0,6,0,0,0,0,1,1,6,1,17,4,-1,-1,-1,-1,1,-1
2015521507844,1,9,0,3,0,1,0,0,0,0,2,1,6,1,52,8,1796,1,11,-1,2,-1
2015521507844,2,9,0,18,0,1,0,0,0,0,1,1,6,1,52,8,-1,-1,-1,-1,1,-1
2015521507845,1,9,0,9,0,6,0,0,0,0,4,1,6,1,18,4,1390,1,17,-1,1,-1
2015521507845,2,9,0,18,0,8,0,0,0,0,1,1,6,2,33,6,1242,1,2,-1,1,-1
2015521507848,1,9,0,18,0,8,0,0,0,0,1,1,6,2,56,9,1995,2,9,-1,2,-1
2015521507848,2,9,0,3,0,8,0,0,0,0,2,1,6,1,32,6,1390,1,13,-1,1,-1
2015521507848,3,9,0,3,0,8,0,0,0,0,2,1,6,1,36,7,1395,1,2,-1,1,-1
2015521507851,1,2,0,18,0,0,0,0,0,0,1,1,6,1,15,3,125,1,7,-1,1,-1
2015521507852,1,9,0,9,0,8,0,0,0,0,1,1,6,2,21,5,1796,1,11,-1,1,-1
2015521507852,2,9,0,18,0,1,0,0,0,0,4,1,6,2,18,4,998,1,7,-1,1,-1
2015521507855,1,9,0,9,0,6,0,0,0,0,3,1,6,2,53,8,-1,-1,-1,-1,3,-1
2015521507855,2,9,0,18,0,1,0,0,0,0,1,1,6,2,21,5,1299,1,8,-1,1,-1
2015521507857,1,1,0,18,0,8,0,0,0,0,0,1,6,2,19,4,-1,-1,-1,-1,1,-1
2015521507857,2,21,0,9,0,6,0,0,0,0,0,1,6,3,40,7,-1,-1,-1,-1,-1,-1
2015521507859,1,9,0,18,0,0,0,0,0,0,1,1,6,2,18,4,1368,1,6,-1,1,-1
2015521507860,1,9,0,18,0,4,0,0,0,0,3,1,6,1,56,9,-1,-1,-1,-1,1,-1
2015521507860,2,1,0,9,0,3,0,0,0,0,4,1,6,2,21,5,-1,-1,-1,-1,1,-1
2015521507861,1,9,0,3,0,0,0,0,0,0,2,1,6,1,55,8,1198,1,1,-1,2,-1
2015521507861,2,3,0,18,0,0,0,0,0,0,1,1,6,1,22,5,124,1,7,-1,1,-1
2015521507862,1,9,0,18,0,1,0,0,0,0,1,1,6,1,44,7,1997,2,14,-1,1,-1
2015521507862,2,9,0,18,0,1,0,0,0,0,2,1,6,2,19,4,998,1,2,-1,1,-1
2015521507868,1,9,0,9,0,6,0,0,0,0,1,1,6,1,50,8,2993,2,7,-1,1,-1
2015521507878,1,9,0,18,0,1,0,0,0,0,3,-1,6,1,69,10,1796,1,13,-1,3,-1
2015521507878,2,9,0,9,0,1,0,0,0,0,1,-1,6,1,50,8,998,1,1,-1,1,-1
2015521507892,1,1,0,18,0,1,0,0,0,0,4,1,4,1,21,5,-1,-1,-1,-1,1,-1
2015521507892,2,9,0,2,0,1,0,0,0,0,3,1,6,3,-1,-1,1598,1,6,-1,-1,-1
2015521507893,1,9,0,18,0,8,0,0,0,0,1,1,6,1,21,5,1124,1,12,-1,1,-1
2015521507893,2,1,0,18,0,8,0,0,0,0,1,1,6,1,56,9,-1,-1,-1,-1,1,-1
2015521507895,1,9,0,7,6,8,0,0,0,0,1,1,6,2,52,8,998,1,8,-1,1,-1
2015521507895,2,9,0,18,0,8,0,0,0,0,1,1,6,1,18,4,1364,1,8,-1,1,-1
2015521507909,1,11,0,4,0,0,0,0,0,0,1,1,1,1,39,7,7300,2,2,-1,1,-1
2015521507911,1,9,0,18,0,1,0,0,0,0,0,1,6,2,-1,-1,-1,-1,-1,-1,-1,-1
2015521507912,1,9,0,18,0,1,0,0,0,0,1,1,6,1,58,9,-1,-1,-1,-1,1,-1
2015521507914,1,1,0,18,0,0,0,0,0,0,2,1,6,1,20,4,-1,-1,-1,-1,1,-1
2015521507914,2,21,1,18,0,0,0,0,0,0,4,1,6,1,55,8,10837,2,8,-1,1,-1
2015521507915,1,9,0,18,0,0,0,4,0,0,1,1,6,1,43,7,-1,-1,-1,-1,1,-1
2015521507915,2,9,0,2,0,0,0,0,0,0,1,1,6,1,67,10,1598,1,2,-1,1,-1
2015521507915,3,9,0,2,0,0,0,0,0,0,1,1,6,1,58,9,-1,-1,-1,-1,1,-1
2015521507919,1,9,0,18,0,0,0,0,0,0,1,1,6,3,-1,-1,-1,-1,-1,-1,-1,-1
2015521507921,1,19,0,1,0,0,0,0,0,0,2,1,6,1,55,8,1560,2,-1,-1,1,-1
2015521507921,2,1,0,18,0,0,0,0,0,0,1,1,6,2,20,4,-1,-1,-1,-1,1,-1
2015521507928,1,9,0,1,0,1,0,0,0,0,2,1,6,3,18,4,1328,1,11,-1,-1,-1
2015521507928,2,1,0,5,0,1,0,0,0,0,3,1,6,2,23,5,-1,-1,-1,-1,1,-1
2015521507930,1,9,0,18,0,0,0,0,0,0,1,1,6,2,31,6,1339,1,9,-1,1,-1
2015521507937,1,9,0,4,0,0,0,0,0,0,2,1,6,2,51,8,1422,2,15,-1,1,-1
2015521507937,2,9,0,4,0,0,0,0,0,0,2,1,6,1,48,8,1598,1,11,-1,1,-1
2015521507937,3,21,0,18,0,0,0,0,0,0,1,1,1,1,52,8,12902,2,2,-1,1,-1
2015521507939,1,4,0,18,0,8,0,0,0,0,0,1,6,1,58,9,180,1,13,-1,1,-1
2015521507943,1,9,0,9,0,6,0,0,0,0,3,1,6,1,24,5,1149,1,12,-1,1,-1
2015521507943,2,9,0,18,0,8,0,0,0,0,1,1,6,1,38,7,1910,2,11,-1,1,-1
2015521507945,1,21,0,4,0,0,0,0,0,0,2,1,1,1,52,8,10837,2,1,-1,2,-1
2015521507945,2,9,0,4,0,0,0,0,0,0,2,1,6,2,36,7,1360,1,9,-1,1,-1
2015521507945,3,9,0,18,0,0,0,0,0,0,1,1,6,1,58,9,1685,2,3,-1,1,-1
2015521507948,1,9,0,3,0,0,0,0,0,0,2,1,6,2,43,7,1596,1,11,-1,1,-1
2015521507948,2,9,0,3,0,0,0,0,0,0,2,1,6,1,67,10,-1,-1,-1,-1,1,-1
2015521507948,3,9,0,18,0,0,0,0,0,0,1,1,6,2,37,7,-1,-1,-1,-1,1,-1
2015521507951,1,9,0,18,0,0,0,0,0,0,1,1,6,1,31,6,1995,2,-1,-1,1,-1
2015521507951,2,9,0,18,0,0,0,0,0,0,1,1,6,1,23,5,-1,-1,-1,-1,1,-1
2015521507956,1,9,0,18,0,0,0,0,0,0,1,1,6,1,25,5,1998,1,13,-1,3,-1
2015521507956,2,9,0,18,0,0,0,0,0,0,1,1,6,1,57,9,1796,1,13,-1,1,-1
2015521507956,3,9,0,18,0,0,0,0,0,0,1,1,6,1,73,10,1796,1,11,-1,3,-1
2015521507965,1,19,0,1,0,5,0,0,0,0,2,1,6,1,40,7,1968,2,3,-1,-1,-1
2015521507967,1,9,0,18,0,6,0,0,0,0,4,1,6,2,74,10,1242,1,5,-1,1,-1
2015521507967,2,1,0,18,0,8,0,0,0,0,1,1,6,2,61,9,-1,-1,-1,-1,1,-1
2015521507970,1,9,0,18,0,8,0,0,0,0,1,1,6,1,24,5,1364,1,7,-1,1,-1
2015521507970,2,1,0,18,0,8,0,0,0,0,1,1,6,1,19,4,-1,-1,-1,-1,1,-1
2015521507973,1,9,0,18,0,8,0,0,0,0,1,1,6,2,45,7,1896,2,5,-1,1,-1
2015521507973,2,9,0,18,0,8,0,0,0,0,1,1,6,1,22,5,-1,-1,-1,-1,1,-1
2015521507978,1,9,0,18,0,8,0,0,0,0,4,1,6,1,33,6,998,1,14,-1,1,-1
2015521507978,2,1,0,18,0,8,0,0,0,0,1,1,6,1,50,8,-1,-1,-1,-1,1,-1
2015521507979,1,9,0,17,0,8,0,0,7,4,1,1,6,1,21,5,1199,1,13,-1,1,-1
2015521507980,1,90,0,4,0,8,0,0,0,0,1,1,6,1,22,5,-1,-1,-1,-1,1,-1
2015521507980,2,9,0,18,0,8,0,0,0,0,4,1,6,1,34,6,-1,-1,-1,-1,1,-1
2015521507985,1,19,0,5,0,0,0,0,0,0,1,1,1,1,46,8,1560,2,1,-1,1,-1
2015521507986,1,9,0,18,0,8,0,0,0,0,1,1,6,2,31,6,898,1,-1,-1,1,-1
2015521507986,2,1,0,18,0,8,0,0,0,0,1,1,6,2,33,6,-1,-1,-1,-1,1,-1
2015521507990,1,9,0,11,0,0,1,0,1,9,1,1,6,2,49,8,1798,1,9,-1,1,-1
2015521507990,2,9,0,18,0,0,5,0,1,0,3,1,6,1,47,8,1870,2,13,-1,1,-1
2015521507998,1,9,0,18,0,2,0,0,0,0,1,1,6,1,23,5,1124,1,15,-1,1,-1
2015521507998,2,9,0,2,0,2,0,0,0,0,3,1,6,3,-1,-1,1364,1,11,-1,-1,-1
2015521507998,3,9,0,2,0,2,0,0,0,0,1,1,6,3,-1,-1,1390,1,8,-1,-1,-1
2015521507998,4,9,0,2,0,2,0,0,0,0,3,1,6,3,-1,-1,1598,1,8,-1,-1,-1
2015521508007,1,9,0,18,0,0,5,0,1,2,1,1,6,2,18,4,1229,1,9,-1,1,-1
2015521508007,2,9,0,2,0,0,0,0,0,0,0,1,6,3,-1,-1,1896,2,11,-1,-1,-1
2015521508007,3,9,0,2,0,0,0,0,0,0,2,1,6,3,-1,-1,1896,2,6,-1,-1,-1
2015521508008,1,9,0,9,0,6,0,0,0,0,1,1,6,2,75,10,1991,2,10,-1,3,-1