Accident_Index,Vehicle_Reference,Vehicle_Type,Towing_and_Articulation,Vehicle_Manoeuvre,Vehicle_Location-Restricted_Lane,Junction_Location,Skidding_and_Overturning,Hit_Object_in_Carriageway,Vehicle_Leaving_Carriageway,Hit_Object_off_Carriageway,1st_Point_of_Impact,Was_Vehicle_Left_Hand_Drive?,Journey_Purpose_of_Driver,Sex_of_Driver,Age_of_Driver,Age_Band_of_Driver,Engine_Capacity_(CC),Propulsion_Code,Age_of_Vehicle,Driver_IMD_Decile,Driver_Home_Area_Type,Vehicle_IMD_Decile
2015521508008,2,9,0,18,0,8,0,0,0,0,3,1,6,1,73,10,1796,1,13,-1,1,-1
2015521508014,1,9,0,18,0,0,0,0,0,0,4,1,6,3,-1,-1,-1,-1,-1,-1,-1,-1
2015521508014,2,9,0,2,0,0,0,0,0,0,4,1,6,1,25,5,2460,2,10,-1,1,-1
2015521508016,1,9,0,17,0,0,0,0,0,0,1,1,6,1,28,6,1124,1,14,-1,1,-1
2015521508016,2,9,0,16,0,0,0,0,0,0,1,1,6,1,70,10,1598,1,9,-1,1,-1
2015521508017,1,9,0,18,0,0,0,0,0,0,1,1,6,1,34,6,1994,2,12,-1,1,-1
2015521508017,2,9,0,4,0,0,0,0,0,0,2,1,6,1,29,6,1598,2,-1,-1,2,-1
2015521508018,1,9,0,9,0,6,0,0,0,0,4,1,6,1,55,8,-1,-1,-1,-1,1,-1
2015521508018,2,9,0,18,0,8,0,0,0,0,3,1,6,1,22,5,-1,-1,-1,-1,1,-1
2015521508021,1,1,0,18,0,1,0,0,0,0,0,1,6,1,26,6,-1,-1,-1,-1,1,-1
2015521508021,2,9,0,7,0,1,0,0,0,0,1,1,6,2,22,5,1149,1,13,-1,-1,-1
2015521508022,1,9,0,2,0,0,0,0,0,0,3,1,6,1,34,6,1998,2,11,-1,1,-1
2015521508022,2,1,0,18,0,0,0,0,0,0,1,1,6,1,47,8,-1,-1,-1,-1,1,-1
2015521508023,1,9,0,9,0,8,0,0,0,0,1,1,6,2,40,7,1870,2,11,-1,1,-1
2015521508023,2,9,0,7,0,8,0,0,0,0,1,1,6,1,37,7,-1,-1,-1,-1,1,-1
2015521508023,3,9,0,7,0,8,0,0,0,0,0,1,6,3,-1,-1,-1,-1,-1,-1,-1,-1
2015521508023,4,9,0,18,0,8,0,0,0,0,0,1,6,1,20,4,-1,-1,-1,-1,1,-1
2015521508025,1,9,0,4,0,0,0,6,0,0,1,1,3,2,55,8,1997,1,14,-1,1,-1
2015521508025,2,21,0,18,0,0,0,0,0,0,0,1,1,3,-1,-1,6692,2,6,-1,-1,-1
2015521508029,1,3,0,18,0,8,0,0,0,0,1,1,6,1,17,4,-1,-1,-1,-1,1,-1
2015521508029,2,9,0,3,0,8,0,0,0,0,0,1,6,3,-1,-1,-1,-1,-1,-1,-1,-1
2015521508032,1,9,0,8,0,6,0,0,0,0,0,1,6,3,-1,-1,1229,1,10,-1,-1,-1
2015521508033,1,9,0,18,0,8,0,0,0,0,4,1,6,1,46,8,1997,2,4,-1,1,-1
2015521508033,2,9,0,9,0,8,0,0,0,0,1,1,6,2,53,8,1968,2,-1,-1,1,-1
2015521508042,1,9,0,4,0,0,0,0,0,0,1,1,6,2,20,4,1598,1,5,-1,-1,-1
2015521508054,1,5,0,16,0,0,0,11,0,0,1,1,6,1,47,8,1199,1,15,-1,1,-1
2015521508055,1,9,0,18,0,1,0,0,0,0,1,1,6,1,59,9,1598,2,-1,-1,1,-1
2015521508055,2,9,0,9,0,1,0,0,0,0,1,1,6,1,18,4,1242,1,14,-1,1,-1
2015521508056,1,9,0,18,0,0,0,0,0,0,1,1,6,1,23,5,1596,1,11,-1,1,-1
2015521508056,2,9,0,18,0,0,0,0,0,0,3,1,6,1,-1,-1,1395,1,1,-1,1,-1
2015521508056,3,9,0,18,0,0,0,0,0,0,1,1,6,1,53,8,2143,2,1,-1,1,-1
2015521508056,4,9,0,18,0,0,0,0,0,0,3,1,6,1,51,8,1598,2,-1,-1,1,-1
2015521508066,1,9,0,7,0,4,0,0,0,0,1,1,6,1,62,9,1997,2,12,-1,1,-1
2015521508066,2,1,0,18,0,3,0,0,0,0,4,1,6,1,54,8,-1,-1,-1,-1,1,-1
2015521508068,1,9,0,9,0,5,0,0,0,0,1,1,6,2,41,7,1124,1,6,-1,1,-1
2015521508077,1,8,0,2,0,0,0,0,0,0,3,1,3,2,37,7,1781,1,14,-1,-1,-1
2015521508077,2,8,0,14,0,0,0,0,0,0,4,1,6,3,-1,-1,1149,1,12,-1,-1,-1
2015521508094,1,9,0,3,0,1,0,0,0,0,2,1,6,2,32,6,1198,1,8,-1,1,-1
2015521508094,2,9,0,18,0,1,0,0,0,0,1,1,6,1,25,5,-1,-1,-1,-1,-1,-1
2015521508098,1,9,0,3,0,0,0,0,0,0,2,1,6,1,55,8,1395,1,15,-1,-1,-1
2015521508098,2,19,0,18,0,0,0,0,0,0,1,1,6,3,55,8,-1,-1,-1,-1,-1,-1
2015521508104,1,9,0,12,0,6,0,0,0,0,2,1,6,2,46,8,-1,-1,-1,-1,1,-1
2015521508104,2,9,0,12,0,6,0,0,0,0,2,1,6,2,52,8,1598,2,3,-1,1,-1
2015521508104,3,9,0,18,0,1,0,0,0,0,1,1,6,2,26,6,1360,1,10,-1,1,-1
2015521508109,1,9,0,18,0,8,0,0,0,0,1,1,6,1,22,5,1896,2,13,-1,1,-1
2015521508109,2,9,0,4,0,8,0,0,0,0,2,1,6,2,24,5,998,1,19,-1,3,-1
2015521508113,1,9,0,18,0,0,0,0,0,0,1,1,6,1,42,7,1870,2,10,-1,1,-1
2015521508113,2,9,0,18,0,0,0,0,0,0,2,1,6,1,28,6,1560,2,11,-1,3,-1
2015521508113,3,9,0,18,0,0,0,1,0,0,3,1,6,1,44,7,1956,2,3,-1,1,-1
2015521508115,1,9,0,2,0,1,0,0,0,0,3,1,6,2,43,7,1149,1,8,-1,1,-1
2015521508115,2,9,0,7,0,6,0,0,0,0,0,1,6,3,-1,-1,-1,-1,-1,-1,-1,-1
2015521508121,1,9,0,9,0,8,0,0,0,0,1,1,6,1,55,8,2987,2,5,-1,3,-1
2015521508121,2,2,0,18,0,8,0,0,0,0,1,1,6,1,20,4,49,1,7,-1,1,-1
2015521508132,1,9,0,18,0,2,0,0,0,0,4,1,6,3,-1,-1,2179,2,4,-1,-1,-1
2015521508134,1,19,0,18,0,1,0,0,0,0,1,1,1,1,55,8,2287,2,2,-1,1,-1
2015521508134,2,9,0,4,0,1,0,0,0,0,2,1,6,1,38,7,1596,1,6,-1,3,-1
2015521508135,1,9,0,18,0,8,0,0,0,0,4,1,6,1,50,8,1390,1,11,-1,1,-1
2015521508135,2,9,0,7,0,8,0,0,0,0,1,1,6,1,86,11,1360,1,5,-1,1,-1
2015521508135,3,9,0,9,0,8,0,0,0,0,0,1,6,3,-1,-1,-1,-1,-1,-1,-1,-1
2015521508136,1,9,0,3,0,1,0,0,0,0,2,1,6,1,63,9,898,1,-1,-1,1,-1
2015521508136,2,2,0,4,0,1,1,0,0,0,4,1,6,2,21,5,125,1,-1,-1,1,-1
2015521508155,1,9,0,18,0,8,0,0,0,0,4,1,6,2,30,6,1560,2,10,-1,-1,-1
2015521508155,2,9,0,18,0,6,0,0,0,0,1,1,6,2,45,7,1796,1,15,-1,-1,-1
2015521508156,1,9,0,4,0,2,0,0,0,0,2,1,6,2,32,6,1560,2,4,-1,1,-1
2015521508156,2,9,0,18,0,1,0,0,0,0,1,1,6,3,-1,-1,-1,-1,-1,-1,-1,-1
2015521508164,1,1,0,18,5,8,0,0,0,0,4,1,6,2,46,8,-1,-1,-1,-1,1,-1
2015521508164,2,9,0,5,9,8,0,0,0,0,1,1,6,1,50,8,1590,1,13,-1,-1,-1
2015521508168,1,11,0,2,0,0,0,0,0,0,2,1,6,1,26,6,7300,2,12,-1,1,-1
2015521508168,2,9,0,18,0,0,0,0,0,0,1,1,6,1,33,6,-1,-1,-1,-1,1,-1
2015521508169,1,1,0,18,0,0,0,0,0,0,1,1,6,1,17,4,-1,-1,-1,-1,2,-1
2015521508169,2,21,0,18,0,0,0,0,0,0,1,1,6,3,-1,-1,-1,-1,-1,-1,-1,-1
2015521508170,1,9,0,18,0,0,0,0,0,0,1,1,6,2,84,11,1198,1,-1,-1,1,-1
2015521508170,2,9,0,2,0,0,0,0,0,0,2,1,6,3,-1,-1,1595,1,15,-1,-1,-1
2015521508170,3,9,0,2,0,0,0,0,0,0,2,1,6,3,-1,-1,1997,1,12,-1,-1,-1
2015521508176,1,1,0,18,0,0,0,0,0,0,1,1,6,2,33,6,-1,-1,-1,-1,1,-1
2015521508176,2,9,0,1,0,0,0,0,0,0,1,1,6,3,-1,-1,998,1,-1,-1,-1,-1
2015521508178,1,9,0,10,0,8,0,0,0,0,2,1,3,2,36,7,1686,2,11,-1,1,-1
2015521508178,2,9,0,18,0,1,0,0,0,0,1,1,6,2,50,8,998,1,7,-1,-1,-1
2015521508179,1,9,0,18,0,0,0,0,0,0,1,1,6,1,19,4,-1,-1,-1,-1,1,-1
2015521508179,2,1,0,18,0,0,0,0,0,0,2,1,6,1,51,8,-1,-1,-1,-1,1,-1
2015521508180,1,9,0,9,0,4,0,0,0,0,3,1,6,2,27,6,998,1,2,-1,1,-1
2015521508180,2,5,0,18,0,8,0,0,0,0,1,1,6,1,60,9,750,1,3,-1,1,-1
2015521508183,1,3,0,13,0,8,0,0,0,0,4,1,6,1,35,6,125,1,-1,-1,1,-1
2015521508183,2,9,0,9,0,5,0,0,0,0,1,1,6,1,41,7,1598,1,15,-1,1,-1
2015521508187,1,9,0,18,0,1,0,0,0,0,1,1,6,1,20,4,1388,1,11,-1,2,-1
2015521508187,2,5,0,18,0,1,0,0,0,0,1,1,6,1,58,9,-1,-1,-1,-1,1,-1
2015521508190,1,9,0,18,0,4,0,0,0,0,3,1,1,1,54,8,1364,1,4,-1,1,-1
2015521508190,2,1,0,18,0,8,0,0,0,0,1,1,6,1,53,8,-1,-1,-1,-1,1,-1
2015521508192,1,9,0,5,0,1,0,0,0,0,3,1,6,1,59,9,1560,2,2,-1,1,-1
2015521508192,2,1,0,18,0,2,0,0,0,0,4,1,6,1,67,10,-1,-1,-1,-1,-1,-1
2015521508194,1,9,0,18,0,0,0,0,0,0,1,1,6,2,45,7,1108,1,5,-1,1,-1
2015521508196,1,9,0,9,0,6,0,0,0,0,1,1,6,1,18,4,1596,1,8,-1,1,-1
2015521508196,2,3,0,18,0,8,0,0,0,0,1,1,6,1,40,7,-1,-1,-1,-1,1,-1
2015521508200,1,9,0,12,0,0,0,0,0,0,1,1,6,2,50,8,1956,2,1,-1,1,-1
2015521508200,2,9,0,18,0,0,0,0,0,0,2,1,6,2,71,10,1390,1,5,-1,1,-1
2015521508205,1,1,0,18,0,1,0,0,0,0,1,1,6,2,18,4,-1,-1,-1,-1,1,-1
2015521508205,2,9,0,7,0,1,0,0,0,0,4,1,6,3,25,5,1898,1,13,-1,-1,-1
2015521508206,1,19,0,9,0,8,0,0,0,0,3,1,6,1,29,6,1753,2,9,-1,3,-1
2015521508206,2,1,0,18,0,8,0,0,0,0,1,1,6,1,33,6,-1,-1,-1,-1,1,-1
2015521508207,1,5,0,18,0,0,0,0,0,0,4,1,6,1,35,6,749,1,13,-1,1,-1
2015521508214,1,9,0,18,0,0,0,0,0,0,1,1,6,1,48,8,-1,-1,-1,-1,1,-1
2015521508215,1,8,0,2,0,0,0,0,0,0,3,1,1,1,43,7,1598,2,3,-1,1,-1
2015521508215,2,9,0,18,0,0,0,0,0,0,4,1,6,1,-1,-1,-1,-1,-1,-1,3,-1
2015521508216,1,9,0,18,0,0,0,0,0,0,2,1,6,2,27,6,1360,1,11,-1,-1,-1
2015521508216,2,9,0,18,0,0,0,0,0,0,1,1,6,1,40,7,3628,2,8,-1,1,-1
2015521508218,1,9,0,18,0,8,0,0,0,0,1,1,6,1,32,6,1596,1,12,-1,1,-1
2015521508219,1,19,0,18,0,1,0,0,1,0,1,1,6,3,-1,-1,-1,-1,-1,-1,-1,-1
2015521508221,1,8,0,18,0,0,0,0,0,0,1,1,6,1,43,7,1794,1,6,-1,1,-1
2015521508223,1,9,0,18,0,1,0,0,0,0,1,1,6,3,-1,-1,-1,-1,-1,-1,-1,-1
2015521508224,1,11,0,2,0,0,0,0,0,0,0,1,1,1,39,7,-1,-1,-1,-1,1,-1
2015521508224,2,3,0,14,0,0,1,0,0,0,0,1,6,1,40,7,647,1,14,-1,1,-1
2015521508228,1,9,0,5,0,1,0,0,0,0,1,1,6,1,46,8,1360,1,7,-1,1,-1
2015521508228,2,1,0,18,0,1,0,0,0,0,1,1,6,1,34,6,-1,-1,-1,-1,1,-1
2015521508245,1,9,0,18,0,0,0,0,0,0,1,1,6,1,61,9,1124,1,14,-1,1,-1
2015521508245,2,9,0,18,0,0,0,0,0,0,3,1,6,1,54,8,1995,1,13,-1,3,-1
2015521508246,1,9,0,17,0,0,0,0,0,0,1,1,6,1,72,10,-1,-1,-1,-1,1,-1
2015521508246,2,9,0,17,0,0,0,0,0,0,1,1,6,2,43,7,1598,1,9,-1,2,-1
2015521508246,3,9,0,17,0,0,0,0,0,0,1,1,6,1,19,4,1198,1,12,-1,3,-1
2015521508247,1,5,0,13,0,0,0,0,0,0,4,1,2,1,63,9,645,1,2,-1,1,-1
2015521508247,2,9,0,18,0,0,0,0,0,0,3,1,2,2,25,5,-1,-1,-1,-1,1,-1
2015521508248,1,2,0,18,0,1,0,0,0,0,0,1,6,3,-1,-1,49,1,1,-1,-1,-1
2015521508248,2,1,0,18,0,8,0,0,0,0,2,1,6,2,42,7,-1,-1,-1,-1,1,-1
2015521508249,1,9,0,9,0,2,0,0,0,0,1,1,6,1,37,7,2199,2,7,-1,1,-1
2015521508249,2,9,0,18,0,1,0,0,0,0,1,1,6,1,18,4,-1,-1,-1,-1,1,-1
2015521508251,1,3,0,18,0,0,0,0,6,0,3,1,6,2,29,6,125,1,-1,-1,1,-1
2015521508251,2,9,0,6,0,0,0,0,0,0,3,1,6,1,56,9,2400,2,2,-1,1,-1
2015521508251,3,9,0,18,0,0,0,0,0,0,3,1,6,2,30,6,-1,-1,-1,-1,1,-1
2015521508253,1,9,0,9,0,6,0,0,0,0,1,1,6,1,31,6,1796,1,14,-1,1,-1
2015521508253,2,3,0,18,2,1,0,0,0,0,1,1,6,1,39,7,125,1,-1,-1,1,-1
2015521508272,1,9,0,5,0,8,0,0,0,0,3,1,6,2,29,6,1242,1,16,-1,1,-1
2015521508272,2,9,0,9,0,8,0,0,0,0,4,1,6,3,30,6,1968,2,6,-1,-1,-1
2015521508281,1,1,0,18,0,1,0,0,1,0,3,1,2,1,39,7,-1,-1,-1,-1,1,-1
2015521508281,2,19,0,3,0,1,0,0,0,0,4,1,6,3,-1,-1,1560,2,1,-1,-1,-1
2015521508282,1,9,0,3,0,0,0,0,0,0,2,1,6,2,34,6,1596,1,8,-1,1,-1
2015521508282,2,9,0,18,0,0,0,0,0,0,1,1,6,3,-1,-1,1685,2,-1,-1,-1,-1
2015521508283,1,9,0,9,0,5,0,0,0,0,1,1,6,1,58,9,1995,2,11,-1,1,-1
2015521508294,1,9,0,5,0,8,0,0,0,0,1,1,6,2,75,10,1386,1,6,-1,1,-1
2015521508294,2,22,0,18,0,8,0,0,0,0,3,1,6,1,93,11,-1,-1,-1,-1,1,-1
2015521508297,1,9,0,4,0,1,0,0,0,0,2,1,6,2,38,7,-1,-1,-1,-1,2,-1
2015521508297,2,9,0,4,0,1,1,0,0,0,1,1,6,2,21,5,1242,1,13,-1,1,-1
2015521508310,1,9,0,9,0,6,0,0,0,0,1,-1,6,1,52,8,1596,1,10,-1,1,-1
2015521508310,2,5,0,18,0,8,0,0,0,0,1,1,6,1,59,9,599,1,8,-1,1,-1
2015521508316,1,20,0,18,0,0,0,0,0,0,4,1,1,2,28,6,-1,-1,-1,-1,-1,-1
2015521508322,1,9,0,17,0,0,0,0,0,0,1,1,6,1,24,5,2800,2,21,-1,1,-1
2015521508322,2,9,0,16,0,0,0,0,0,0,1,1,6,1,69,10,1560,2,2,-1,1,-1
2015521508323,1,9,0,18,0,4,0,0,0,0,1,1,6,1,20,4,-1,-1,-1,-1,1,-1
2015521508323,2,9,0,18,0,8,0,0,0,0,4,1,6,2,35,6,1598,1,2,-1,1,-1
2015521508327,1,3,0,18,0,0,0,0,0,0,1,1,6,1,16,4,49,1,-1,-1,3,-1
2015521508327,2,9,0,9,0,0,0,0,0,0,3,1,6,1,31,6,1995,1,6,-1,1,-1
2015521508331,1,2,0,5,0,0,1,0,0,0,1,1,6,1,17,4,49,1,11,-1,1,-1
2015521508331,2,9,0,5,0,0,0,0,0,0,2,1,6,2,35,6,-1,-1,-1,-1,-1,-1
2015521508356,1,1,0,18,0,1,0,0,0,0,1,1,2,1,26,6,-1,-1,-1,-1,1,-1
2015521508356,2,9,0,9,0,7,0,0,0,0,1,1,6,1,30,6,-1,-1,-1,-1,-1,-1
2015521508360,1,1,0,5,0,2,0,0,0,0,4,1,6,1,30,6,-1,-1,-1,-1,1,-1
2015521508360,2,9,0,5,0,2,0,0,0,0,1,1,6,2,30,6,1398,1,4,-1,-1,-1
2015521508365,1,9,0,5,0,6,0,0,0,0,4,1,6,1,45,7,1599,1,12,-1,1,-1
2015521508365,2,9,0,18,0,8,0,0,0,0,4,1,6,1,36,7,1796,1,3,-1,1,-1
2015521508365,3,9,0,2,0,2,0,0,0,0,1,1,6,3,-1,-1,1388,1,12,-1,-1,-1
2015521508365,4,9,0,2,0,2,0,0,0,0,1,1,6,3,-1,-1,1246,1,10,-1,-1,-1
2015521508365,5,9,0,2,0,2,0,0,0,0,1,1,6,3,-1,-1,1360,1,13,-1,-1,-1
2015521508375,1,9,0,18,0,0,0,0,0,11,4,1,6,1,-1,-1,2776,2,10,-1,1,-1
2015521508377,1,9,0,7,0,8,0,0,0,0,0,1,6,2,18,4,1329,1,5,-1,1,-1
2015521508377,2,9,0,18,0,1,1,0,0,1,0,1,6,1,20,4,-1,-1,-1,-1,1,-1
2015521508379,1,9,0,13,0,0,0,0,7,11,1,1,6,1,33,6,1598,1,8,-1,1,-1
2015521508379,2,9,0,18,0,0,0,0,0,0,2,1,6,1,30,6,3498,1,10,-1,1,-1
2015521508381,1,9,0,2,0,0,0,0,0,0,3,1,6,1,20,4,1995,2,1,-1,1,-1
2015521508385,1,9,0,18,0,0,0,0,0,0,1,1,6,1,18,4,1124,1,11,-1,1,-1
2015521508385,2,9,0,18,0,0,0,0,0,0,2,1,6,2,30,6,1360,1,7,-1,1,-1
2015521508390,1,9,0,18,0,0,0,0,0,0,4,1,6,2,27,6,1753,2,8,-1,1,-1
2015521508390,2,9,0,2,0,0,0,0,0,0,0,1,6,1,60,9,998,1,3,-1,1,-1
2015521508400,1,9,0,9,0,1,0,0,0,0,1,1,6,1,61,9,-1,-1,-1,-1,3,-1
2015521508402,1,19,0,18,0,8,0,0,0,0,1,1,6,1,52,8,2402,2,8,-1,1,-1
2015521508402,2,1,0,18,0,8,0,0,0,0,1,1,6,1,17,4,-1,-1,-1,-1,1,-1
2015521508405,1,9,0,5,0,1,0,0,0,0,3,1,6,1,50,8,998,1,10,-1,-1,-1
2015521508410,1,9,0,6,0,8,0,0,0,0,3,1,6,1,38,7,1349,1,11,-1,-1,-1
2015521508410,2,5,0,4,0,2,0,0,0,0,1,1,6,2,21,5,600,1,9,-1,1,-1
2015521508429,1,1,0,16,0,8,0,0,0,0,1,1,6,1,21,5,-1,-1,-1,-1,1,-1
2015521508429,2,9,0,17,0,8,0,0,0,0,1,1,6,1,28,6,-1,-1,-1,-1,-1,-1
2015521508436,1,9,0,18,0,0,0,0,0,0,0,1,6,2,21,5,999,1,-1,-1,1,-1
2015521508436,2,9,0,18,0,0,0,0,0,0,4,1,6,1,40,7,1587,1,15,-1,-1,-1
2015521508438,1,9,0,18,0,1,0,0,0,0,3,1,6,2,49,8,1796,1,11,-1,1,-1
2015521508438,2,9,0,5,0,6,0,0,0,0,4,1,6,1,24,5,-1,-1,-1,-1,1,-1
2015521508442,1,9,0,18,0,1,0,0,0,0,4,1,6,2,53,8,1364,2,-1,-1,1,-1
2015521508449,1,9,0,16,0,0,0,0,7,0,1,1,6,2,21,5,1388,1,13,-1,2,-1
2015521508449,2,19,0,17,0,0,0,0,0,0,3,1,6,1,28,6,7146,2,8,-1,1,-1
2015521508449,3,9,0,16,0,0,5,0,0,0,3,1,6,1,47,8,-1,-1,-1,-1,1,-1
2015521508456,1,9,0,17,0,6,0,0,0,0,3,1,6,1,38,7,-1,-1,-1,-1,1,-1
2015521508456,2,9,0,18,0,1,0,0,0,0,1,1,6,1,35,6,1896,2,10,-1,3,-1
2015521508459,1,9,0,18,0,2,0,0,0,0,1,1,6,2,53,8,2171,1,12,-1,1,-1
2015521508460,1,9,0,16,0,3,0,0,0,0,2,1,6,2,23,5,1388,1,11,-1,1,-1
2015521508460,2,9,0,9,0,3,0,0,0,0,1,1,6,3,-1,-1,1984,1,1,-1,-1,-1
2015521508463,1,9,0,12,0,0,0,0,0,0,3,1,6,2,34,6,1388,1,5,-1,1,-1
2015521508463,2,9,0,12,0,0,0,0,0,0,1,1,6,1,51,8,1910,2,9,-1,1,-1
2015521508467,1,9,0,16,0,0,1,0,8,11,1,1,6,1,17,4,998,1,11,-1,1,-1
2015521508471,1,9,0,18,0,1,0,0,0,0,1,1,6,3,-1,-1,-1,-1,-1,-1,-1,-1
2015521508472,1,3,0,18,0,0,0,0,0,0,1,1,6,1,43,7,279,1,8,-1,1,-1
2015521508472,2,9,0,18,0,0,0,0,0,0,4,1,6,2,45,7,-1,-1,-1,-1,-1,-1
2015521508484,1,9,0,1,0,0,0,0,0,0,4,1,6,1,26,6,1800,1,15,-1,1,-1
2015521508484,2,9,0,18,0,0,0,0,0,0,1,1,6,1,90,11,1596,1,10,-1,1,-1
2015521508486,1,9,0,3,0,8,0,0,0,0,2,1,6,2,36,7,1796,1,7,-1,1,-1
2015521508486,2,9,0,18,0,8,0,0,0,0,1,1,6,2,-1,-1,1596,1,7,-1,-1,-1
2015521508490,1,9,4,7,0,2,0,0,0,0,3,1,6,1,70,10,-1,-1,-1,-1,3,-1
2015521508495,1,9,0,9,0,8,0,0,0,0,1,1,6,2,51,8,1598,1,10,-1,1,-1
2015521508496,1,21,1,4,0,0,0,0,0,0,1,1,6,1,32,6,6370,2,6,-1,1,-1
2015521508496,2,21,4,4,0,0,0,0,0,0,2,1,6,1,50,8,12740,2,2,-1,1,-1
2015521508497,1,9,0,17,0,0,1,0,0,0,1,1,6,1,19,4,-1,-1,-1,-1,1,-1
2015521508497,2,9,0,18,0,0,0,0,0,0,1,1,6,1,49,8,2179,2,6,-1,1,-1
2015521508503,1,9,0,18,0,8,0,0,0,0,4,1,6,1,76,11,-1,-1,-1,-1,1,-1
2015521508504,1,9,0,18,0,8,0,0,0,0,3,-1,6,1,60,9,1997,2,1,-1,3,-1
2015521508504,2,1,0,18,0,8,0,0,0,0,4,1,6,1,23,5,-1,-1,-1,-1,1,-1
2015521508507,1,9,0,18,0,0,0,0,0,0,1,1,6,1,49,8,-1,-1,-1,-1,3,-1
2015521508507,2,9,0,3,0,0,0,0,0,0,2,1,6,1,33,6,-1,-1,-1,-1,1,-1
2015521508511,1,19,0,12,0,1,0,0,0,0,1,1,6,1,30,6,2198,2,7,-1,1,-1
2015521508511,2,9,0,9,0,6,0,0,0,0,3,1,6,1,82,11,1197,1,5,-1,1,-1
2015521508514,1,19,0,17,0,0,0,0,0,0,4,1,6,3,-1,-1,1968,2,2,-1,-1,-1
2015521508527,1,3,0,18,0,0,0,0,0,0,0,1,6,1,16,4,-1,-1,-1,-1,1,-1
2015521508533,1,9,0,9,0,5,0,0,0,0,1,1,6,2,45,7,1753,2,11,-1,1,-1
2015521508536,1,9,0,13,0,1,0,0,0,0,1,1,6,1,27,6,1598,1,12,-1,1,-1
2015521508536,2,1,0,9,0,5,0,0,0,0,3,1,6,1,42,7,-1,-1,-1,-1,2,-1
2015521508539,1,1,0,17,0,8,0,0,0,0,1,1,6,1,52,8,-1,-1,-1,-1,1,-1
2015521508539,2,9,0,10,0,8,0,0,0,0,1,1,6,2,64,9,1086,1,9,-1,1,-1
2015521508541,1,9,0,18,0,8,0,0,0,0,0,1,6,2,-1,-1,1753,2,4,-1,1,-1
2015521508541,2,4,0,18,0,8,0,0,0,0,0,1,6,1,55,8,918,1,16,-1,3,-1
2015521508546,1,9,0,18,0,0,0,0,0,0,1,1,6,1,27,6,-1,-1,-1,-1,-1,-1
2015521508551,1,9,0,9,0,8,0,0,0,0,1,1,6,1,64,9,1796,1,5,-1,1,-1
2015521508551,2,9,0,9,0,8,0,0,0,0,1,1,6,1,57,9,1240,1,11,-1,1,-1
2015521508552,1,9,0,1,0,8,0,0,0,0,2,1,6,1,34,6,1422,2,6,-1,1,-1
2015521508553,1,9,0,18,0,0,0,0,0,0,1,1,6,2,47,8,1598,1,5,-1,1,-1
2015521508565,1,9,0,13,0,1,1,10,0,0,1,1,6,1,22,5,1242,1,13,-1,1,-1
2015521508565,2,9,0,9,0,1,0,0,0,0,1,1,6,1,49,8,1997,2,2,-1,1,-1
2015521508565,3,9,0,10,0,1,0,0,0,0,3,1,6,1,55,8,1686,2,7,-1,2,-1
2015521508575,1,2,0,18,0,8,0,0,0,0,1,1,6,2,44,7,49,1,2,-1,1,-1
2015521508575,2,9,0,5,0,6,0,0,0,0,1,1,6,1,20,4,1299,1,14,-1,2,-1
2015521508577,1,9,0,17,0,0,0,0,0,0,1,1,6,1,24,5,1598,1,13,-1,1,-1
2015521508577,2,9,0,16,0,0,0,0,0,0,1,1,6,1,39,7,1149,1,11,-1,2,-1
2015521508580,1,4,0,4,0,0,1,0,0,0,4,1,6,1,39,7,-1,-1,-1,-1,1,-1
2015521508584,1,9,0,18,0,0,1,0,0,0,1,1,6,1,57,9,1598,2,3,-1,1,-1
2015521508586,1,9,0,4,0,6,0,0,0,0,1,1,6,1,29,6,-1,-1,-1,-1,1,-1
2015521508586,2,3,0,4,0,1,1,0,0,0,1,1,6,1,26,6,-1,-1,-1,-1,1,-1
2015521508594,1,9,0,18,0,8,0,0,0,0,1,1,6,1,68,10,1796,1,11,-1,1,-1
2015521508594,2,5,0,18,0,8,0,0,0,0,1,1,6,1,25,5,649,1,1,-1,2,-1
2015521508596,1,1,0,7,4,1,0,0,0,0,3,1,6,1,42,7,-1,-1,-1,-1,1,-1
2015521508596,2,9,0,7,0,1,0,0,1,0,4,1,6,3,-1,-1,-1,-1,-1,-1,-1,-1
2015521508604,1,9,0,9,0,8,0,0,0,0,0,1,1,1,41,7,2993,2,5,-1,1,-1
2015521508604,2,1,0,3,4,8,0,0,0,0,0,1,6,1,63,9,-1,-1,-1,-1,1,-1
2015521508605,1,9,0,4,0,0,0,0,0,0,2,1,6,1,45,7,1995,2,2,-1,3,-1
2015521508605,2,9,0,4,0,0,0,0,0,0,2,1,6,1,56,9,2902,2,12,-1,1,-1
2015521508605,3,9,0,4,0,0,0,0,0,0,1,1,6,1,60,9,1998,2,8,-1,3,-1
2015521508609,1,9,0,3,0,1,0,0,0,0,1,1,6,2,46,8,3200,2,12,-1,1,-1
2015521508609,2,9,0,4,0,1,0,0,0,0,2,1,6,1,-1,-1,2982,2,2,-1,1,-1
2015521508611,1,9,0,18,0,8,0,0,0,0,1,1,6,2,33,6,1248,1,6,-1,1,-1
2015521508616,1,20,0,16,0,0,0,0,0,0,1,1,6,1,36,7,10518,2,1,-1,1,-1