Accident_Index,Vehicle_Reference,Vehicle_Type,Towing_and_Articulation,Vehicle_Manoeuvre,Vehicle_Location-Restricted_Lane,Junction_Location,Skidding_and_Overturning,Hit_Object_in_Carriageway,Vehicle_Leaving_Carriageway,Hit_Object_off_Carriageway,1st_Point_of_Impact,Was_Vehicle_Left_Hand_Drive?,Journey_Purpose_of_Driver,Sex_of_Driver,Age_of_Driver,Age_Band_of_Driver,Engine_Capacity_(CC),Propulsion_Code,Age_of_Vehicle,Driver_IMD_Decile,Driver_Home_Area_Type,Vehicle_IMD_Decile
2015530209331,1,9,0,18,0,0,0,0,0,0,1,1,6,1,51,8,-1,-1,-1,-1,2,-1
2015530209331,2,9,0,18,0,0,0,0,1,0,1,1,6,2,43,7,-1,-1,-1,-1,1,-1
2015530209332,1,9,0,18,0,0,0,0,1,4,1,1,6,1,89,11,1339,1,11,-1,1,-1
2015530209333,1,21,0,17,0,8,2,0,1,10,1,1,1,1,32,6,5880,2,9,-1,1,-1
2015530209333,2,9,0,16,0,8,0,0,0,0,3,1,1,2,41,7,1896,2,7,-1,2,-1
2015530209334,1,9,0,18,0,0,0,0,1,4,3,1,6,2,22,5,1124,1,18,-1,2,-1
2015530209336,1,9,0,18,0,8,0,9,7,1,1,1,6,2,23,5,1229,1,1,-1,1,-1
2015530209338,1,9,0,8,0,6,0,0,0,0,2,1,6,1,28,6,1368,1,8,-1,1,-1
2015530209338,2,3,0,14,0,8,0,0,0,0,1,1,6,1,20,4,125,1,4,-1,1,-1
2015530209339,1,9,0,18,0,6,0,0,0,0,3,1,6,2,39,7,1596,1,10,-1,1,-1
2015530209339,2,9,0,18,0,8,0,0,0,0,1,1,6,1,71,10,1896,2,6,-1,3,-1
2015530209340,1,21,1,18,0,0,2,10,0,0,4,1,1,1,27,6,12740,2,2,-1,1,-1
2015530209341,1,21,0,1,0,0,0,0,0,0,2,1,1,1,50,8,6693,2,2,-1,1,-1
2015530209341,2,21,0,2,0,0,0,0,0,0,3,1,6,3,-1,-1,6692,2,4,-1,-1,-1
2015530209343,1,21,1,4,0,0,0,0,0,0,1,1,1,1,45,7,11021,2,15,-1,2,-1
2015530209343,2,9,0,4,0,0,0,0,0,0,2,1,6,1,58,9,2143,2,2,-1,-1,-1
2015530209343,3,19,0,18,0,0,0,0,0,0,0,1,6,3,-1,-1,-1,-1,-1,-1,-1,-1
2015530209365,1,9,0,5,0,6,0,0,0,0,3,1,1,1,28,6,-1,-1,-1,-1,1,-1
2015530209365,2,4,0,17,0,8,0,0,0,0,1,1,2,1,23,5,498,1,19,-1,1,-1
2015530209366,1,9,0,18,0,2,0,10,1,3,1,1,6,1,20,4,-1,-1,-1,-1,-1,-1
2015530209367,1,9,0,5,0,1,0,0,0,0,1,1,6,2,38,7,1896,2,9,-1,1,-1
2015530209367,2,10,0,8,0,1,0,0,0,0,2,1,2,1,45,7,1870,2,11,-1,3,-1
2015530209368,1,9,0,5,0,4,0,0,0,0,1,1,2,1,45,7,2720,2,8,-1,1,-1
2015530209368,2,1,0,18,0,8,0,0,0,0,4,1,2,2,42,7,-1,-1,-1,-1,1,-1
2015530209369,1,3,0,18,0,0,0,12,0,0,1,1,2,1,17,4,125,1,1,-1,2,-1
2015530209370,1,9,0,18,0,1,0,0,0,0,2,1,6,1,65,9,-1,-1,-1,-1,2,-1
2015530209370,2,9,0,18,0,1,0,0,0,0,1,1,6,2,82,11,1896,2,10,-1,3,-1
2015530209371,1,9,0,18,0,0,0,0,0,0,0,1,2,1,50,8,1896,2,11,-1,-1,-1
2015530209371,2,9,0,3,0,0,0,0,0,0,2,1,2,2,33,6,1248,2,7,-1,-1,-1
2015530209372,1,9,0,16,9,0,0,0,1,0,1,1,6,1,29,6,1595,1,23,-1,1,-1
2015530209373,1,9,0,18,0,8,0,0,0,0,1,1,6,1,44,7,-1,-1,-1,-1,-1,-1
2015530209373,2,1,0,18,0,1,0,0,0,0,4,1,6,1,43,7,-1,-1,-1,-1,-1,-1
2015530209374,1,9,0,4,0,1,0,0,0,0,0,1,6,1,18,4,-1,-1,-1,-1,-1,-1
2015530209374,2,9,0,4,0,1,0,0,0,0,1,1,6,2,26,6,-1,-1,-1,-1,3,-1
2015530209374,3,19,0,18,0,1,0,0,0,0,2,1,6,1,46,8,3900,2,11,-1,1,-1
2015530209375,1,9,0,16,0,0,0,0,0,0,1,1,6,1,28,6,1968,2,2,-1,-1,-1
2015530209377,1,9,0,18,0,1,0,0,0,0,1,1,2,1,22,5,-1,-1,-1,-1,3,-1
2015530209377,2,9,0,3,0,1,0,0,0,0,2,1,6,1,55,8,-1,-1,-1,-1,2,-1
2015530209378,1,11,0,9,0,8,0,0,0,0,3,1,1,1,48,8,8268,2,12,-1,1,-1
2015530209379,1,9,0,12,0,4,0,0,0,0,0,1,6,1,25,5,-1,-1,-1,-1,-1,-1
2015530209379,2,9,0,5,0,4,1,9,0,0,1,1,6,2,21,5,1388,1,13,-1,1,-1
2015530209380,1,9,0,18,0,1,0,0,0,0,1,1,6,1,19,4,1390,1,12,-1,-1,-1
2015530209380,2,9,0,3,0,1,0,0,0,0,2,1,2,2,34,6,-1,-1,-1,-1,1,-1
2015530209381,1,9,0,18,0,0,0,0,0,0,4,1,2,2,59,9,1248,1,5,-1,1,-1
2015530209381,2,1,0,14,0,0,0,0,0,0,3,1,4,1,13,3,-1,-1,-1,-1,1,-1
2015530209382,1,9,0,18,0,0,0,0,0,0,0,1,6,1,18,4,1199,1,17,-1,-1,-1
2015530209382,2,9,0,18,0,0,0,0,0,0,1,1,6,1,54,8,1598,1,2,-1,3,-1
2015530209382,3,9,0,2,0,0,0,0,0,0,2,1,6,1,62,9,1586,1,2,-1,-1,-1
2015530209382,4,9,0,2,0,0,0,0,0,0,1,1,6,1,76,11,2987,2,5,-1,1,-1
2015530209383,1,11,0,18,0,2,0,0,0,0,1,1,1,1,53,8,6871,2,7,-1,1,-1
2015530209383,2,1,0,12,0,2,0,0,0,0,2,1,2,2,24,5,-1,-1,-1,-1,1,-1
2015530209384,1,9,0,18,0,1,0,0,0,0,4,1,6,1,33,6,2987,2,5,-1,1,-1
2015530209385,1,9,0,7,0,6,0,0,0,0,1,1,2,2,21,5,1242,1,15,-1,1,-1
2015530209385,2,1,0,18,0,8,0,0,0,0,3,1,6,1,75,10,-1,-1,-1,-1,1,-1
2015530209386,1,9,0,11,0,0,0,0,0,0,1,1,6,1,33,6,-1,-1,-1,-1,-1,-1
2015530209386,2,9,0,18,0,0,0,0,0,0,3,1,6,1,49,8,-1,-1,-1,-1,1,-1
2015530209387,1,9,0,18,0,0,0,0,0,0,1,1,2,1,19,4,-1,-1,-1,-1,3,-1
2015530209387,2,9,0,2,0,0,0,0,0,0,1,1,6,1,44,7,-1,-1,-1,-1,3,-1
2015530209388,1,9,0,5,0,8,0,0,0,0,1,1,6,2,56,9,1560,2,1,-1,1,-1
2015530209388,2,1,0,18,0,8,0,0,0,0,2,1,6,1,49,8,-1,-1,-1,-1,1,-1
2015530209389,1,9,0,18,0,1,0,0,0,0,1,1,2,1,37,7,-1,-1,-1,-1,1,-1
2015530209390,1,9,0,1,0,1,0,0,0,0,2,1,6,1,52,8,2765,2,23,-1,1,-1
2015530209391,1,9,0,18,0,1,0,0,0,0,1,1,6,1,-1,-1,-1,-1,-1,-1,-1,-1
2015530209391,2,9,0,4,0,1,0,0,0,0,2,1,6,2,24,5,1299,1,9,-1,3,-1
2015530209392,1,9,0,7,0,6,0,0,0,0,1,1,2,2,33,6,1984,1,9,-1,-1,-1
2015530209392,2,1,0,18,0,8,0,0,0,0,1,1,2,1,58,9,-1,-1,-1,-1,1,-1
2015530209393,1,9,0,18,0,0,0,0,0,0,1,1,6,3,-1,-1,-1,-1,-1,-1,-1,-1
2015530209394,1,9,0,18,0,1,0,0,0,0,1,1,2,1,25,5,-1,-1,-1,-1,1,-1
2015530209394,2,9,0,18,0,2,0,0,0,0,1,1,2,1,19,4,1229,1,5,-1,1,-1
2015530209395,1,3,0,16,0,1,0,10,0,0,1,1,6,1,19,4,124,1,3,-1,1,-1
2015530209397,1,9,0,18,0,0,0,0,0,0,1,1,2,2,31,6,1389,1,11,-1,1,-1
2015530209398,1,1,0,18,0,0,0,0,0,0,3,1,2,1,50,8,-1,-1,-1,-1,1,-1
2015530209398,2,9,0,4,0,0,0,0,0,0,3,1,6,1,59,9,1956,2,4,-1,1,-1
2015530209400,1,9,0,9,0,6,0,0,0,0,1,1,6,1,48,8,2204,2,8,-1,1,-1
2015530209400,2,3,0,18,0,8,0,0,0,0,1,1,6,1,19,4,125,1,13,-1,1,-1
2015530209400,3,9,0,18,0,1,0,0,0,0,1,1,6,2,49,8,1299,1,14,-1,1,-1
2015530209401,1,9,0,9,0,6,0,0,0,0,1,1,6,2,18,4,1390,1,19,-1,3,-1
2015530209401,2,1,0,18,0,8,0,0,0,0,1,1,6,1,17,4,-1,-1,-1,-1,2,-1
2015530209402,1,1,0,18,9,0,0,0,0,0,4,1,6,2,52,8,-1,-1,-1,-1,-1,-1
2015530209403,1,9,0,13,0,0,0,0,0,0,4,1,6,1,56,9,2295,1,12,-1,1,-1
2015530209403,2,1,0,18,0,0,0,0,0,0,3,1,6,1,16,4,-1,-1,-1,-1,1,-1
2015530209403,3,1,0,18,0,0,0,0,0,0,0,1,6,1,15,3,-1,-1,-1,-1,1,-1
2015530209404,1,9,0,18,0,8,0,0,0,0,1,1,6,2,30,6,1560,2,10,-1,1,-1
2015530209404,2,3,0,4,0,8,0,0,0,0,2,1,6,1,26,6,125,1,7,-1,1,-1
2015530209405,1,9,0,18,0,4,0,0,0,0,1,1,2,2,24,5,1197,1,-1,-1,1,-1
2015530209405,2,1,0,9,0,8,0,0,0,0,4,1,2,2,43,7,-1,-1,-1,-1,1,-1
2015530209406,1,9,0,4,0,0,0,0,0,0,1,1,6,2,67,10,1995,2,9,-1,3,-1
2015530209406,2,9,0,4,0,0,0,0,0,0,2,1,6,1,27,6,1896,2,12,-1,1,-1
2015530209408,1,9,0,5,0,4,0,0,0,0,1,1,6,2,50,8,1896,2,9,-1,-1,-1
2015530209408,2,1,0,9,0,8,0,0,0,0,4,1,6,1,44,7,-1,-1,-1,-1,3,-1
2015530209409,1,9,0,17,0,0,0,0,2,7,1,1,6,1,78,11,1199,1,13,-1,1,-1
2015530209410,1,9,0,18,0,0,0,0,0,0,4,1,6,3,-1,-1,-1,-1,-1,-1,-1,-1
2015530209411,1,9,0,18,0,0,0,0,0,0,0,1,6,1,50,8,-1,-1,-1,-1,3,-1
2015530209412,1,9,0,9,0,5,0,0,0,0,3,2,2,2,46,8,1124,1,10,-1,1,-1
2015530209412,2,2,0,13,0,8,1,0,0,0,4,1,6,1,17,4,49,1,2,-1,1,-1
2015530209413,1,9,4,18,0,0,5,4,0,0,1,1,6,2,35,6,-1,-1,-1,-1,2,-1
2015530209413,2,9,0,2,0,0,0,0,0,0,2,1,6,2,30,6,-1,-1,-1,-1,3,-1
2015530209413,3,9,0,2,0,0,0,0,0,0,0,1,6,1,30,6,1598,2,1,-1,-1,-1
2015530209414,1,1,0,18,0,8,0,0,0,0,1,1,2,2,45,7,-1,-1,-1,-1,1,-1
2015530209414,2,9,0,18,0,3,2,0,0,0,3,1,2,1,30,6,-1,-1,-1,-1,1,-1
2015530209415,1,5,0,13,0,2,0,0,7,9,4,1,6,1,53,8,916,1,19,-1,3,-1
2015530209415,2,17,0,9,0,2,0,0,0,0,3,1,1,1,27,6,4525,2,5,-1,3,-1
2015530209416,1,9,0,18,0,8,0,0,0,0,0,1,6,2,55,8,-1,-1,-1,-1,3,-1
2015530209416,2,9,0,9,0,5,0,0,0,0,0,1,6,1,21,5,-1,-1,-1,-1,3,-1
2015530209417,1,1,0,18,0,4,0,0,0,0,1,1,6,1,28,6,-1,-1,-1,-1,1,-1
2015530209417,2,9,0,9,0,8,0,0,0,0,4,1,6,1,47,8,1560,2,6,-1,1,-1
2015530209418,1,9,0,7,0,2,0,0,0,0,1,1,6,2,75,10,1997,2,7,-1,1,-1
2015530209418,2,1,0,18,0,1,0,0,0,0,4,1,2,1,48,8,-1,-1,-1,-1,1,-1
2015530209419,1,9,0,3,0,0,0,0,0,0,2,1,6,2,35,6,1422,2,14,-1,-1,-1
2015530209419,2,9,0,18,0,0,0,0,0,0,1,1,6,2,25,5,1229,1,9,-1,-1,-1
2015530209420,1,9,0,4,0,4,0,0,0,0,1,1,6,1,35,6,1896,2,21,-1,3,-1
2015530209421,1,9,0,5,0,6,0,0,0,0,0,1,6,3,-1,-1,-1,-1,-1,-1,-1,-1
2015530209421,2,5,0,18,0,1,0,0,1,9,1,1,6,1,52,8,1000,1,10,-1,3,-1
2015530209422,1,5,0,17,0,2,5,0,1,0,4,1,6,1,63,9,1202,1,5,-1,3,-1
2015530209423,1,9,0,9,0,5,0,0,0,0,0,1,1,1,45,7,-1,-1,-1,-1,2,-1
2015530209423,2,5,0,18,0,8,0,0,0,0,4,1,6,1,38,7,1050,1,9,-1,1,-1
2015530209424,1,9,0,18,5,8,0,0,0,0,1,2,6,1,30,6,-1,-1,-1,-1,1,-1
2015530209425,1,9,0,18,0,0,5,0,1,9,1,1,3,2,49,8,2495,2,21,-1,3,-1
2015530209426,1,9,0,18,0,0,0,0,0,0,1,1,6,3,-1,-1,-1,-1,-1,-1,-1,-1
2015530209426,2,9,0,4,0,0,0,0,0,0,2,1,6,2,19,4,1341,1,12,-1,1,-1
2015530209427,1,9,0,9,0,6,0,0,0,0,1,1,6,1,64,9,1753,2,9,-1,-1,-1
2015530209427,2,20,0,18,0,8,0,0,7,10,1,1,6,1,24,5,-1,-1,-1,-1,1,-1
2015530209428,1,5,0,18,0,0,1,0,0,0,4,1,6,1,40,7,998,1,8,-1,1,-1
2015530209429,1,9,0,12,0,0,0,0,0,0,3,2,6,2,29,6,3200,2,12,-1,3,-1
2015530209429,2,9,0,13,0,0,1,0,0,0,4,1,6,1,78,11,1700,1,25,-1,-1,-1
2015530209430,1,9,0,4,0,1,0,0,0,0,1,1,6,2,50,8,1242,1,3,-1,1,-1
2015530209431,1,9,0,18,0,1,0,0,0,0,1,1,6,3,-1,-1,-1,-1,-1,-1,-1,-1
2015530209432,1,2,0,13,0,8,0,0,0,0,4,1,6,1,16,4,50,1,2,-1,3,-1
2015530209432,2,9,0,9,0,5,0,0,0,0,3,1,6,1,47,8,2268,2,4,-1,1,-1
2015530209433,1,2,0,18,0,8,0,0,0,0,1,1,6,1,17,4,49,1,14,-1,2,-1
2015530209433,2,9,0,18,0,8,0,0,0,0,2,1,6,2,20,4,1199,1,13,-1,2,-1
2015530209434,1,9,0,18,0,4,0,0,0,0,4,2,6,3,-1,-1,-1,-1,-1,-1,-1,-1
2015530209434,2,9,0,18,0,4,0,0,0,0,3,2,6,2,47,8,1398,2,1,-1,1,-1
2015530209435,1,9,0,9,0,0,0,0,0,0,1,1,6,2,24,5,1984,1,21,-1,1,-1
2015530209435,2,1,0,18,0,0,0,0,0,0,1,1,6,1,4,1,-1,-1,-1,-1,1,-1
2015530209436,1,9,0,18,0,0,0,0,0,0,3,1,6,2,73,10,-1,-1,-1,-1,1,-1
2015530209437,1,9,0,18,0,0,0,0,0,0,4,1,6,1,68,10,-1,-1,-1,-1,3,-1
2015530209438,1,9,0,18,0,0,0,0,0,0,4,1,6,1,53,8,1896,2,9,-1,2,-1
2015530209439,1,9,0,18,0,2,1,0,0,0,1,1,2,2,42,7,998,1,7,-1,1,-1
2015530209439,2,1,0,18,0,2,0,0,0,0,2,1,2,1,55,8,-1,-1,-1,-1,1,-1
2015530209440,1,9,0,16,0,0,2,0,7,11,1,1,6,1,53,8,1995,2,14,-1,-1,-1
2015530209441,1,9,0,18,0,0,0,0,0,0,4,1,6,3,-1,-1,-1,-1,-1,-1,-1,-1
2015530209442,1,9,0,11,0,3,0,0,0,0,1,1,1,1,46,8,-1,-1,-1,-1,3,-1
2015530209442,2,9,0,18,0,8,0,0,0,0,1,1,6,1,27,6,1910,2,9,-1,1,-1
2015530209442,3,9,0,18,0,8,0,0,0,0,2,1,6,1,55,8,1991,2,6,-1,-1,-1
2015530209442,4,9,0,18,0,3,0,0,0,0,0,1,6,3,-1,-1,-1,-1,-1,-1,-1,-1
2015530209443,1,9,0,7,0,6,0,0,0,0,1,1,6,1,45,7,1910,2,9,-1,1,-1
2015530209443,2,1,0,18,0,8,0,0,0,0,1,1,6,1,63,9,-1,-1,-1,-1,1,-1
2015530209444,1,9,0,18,0,0,0,0,0,0,1,1,6,1,27,6,1948,1,17,-1,1,-1
2015530209444,2,9,0,3,0,0,0,0,0,0,2,1,6,1,24,5,-1,-1,-1,-1,1,-1
2015530209445,1,9,0,17,0,0,2,10,2,10,4,1,6,1,18,4,1198,1,10,-1,2,-1
2015530209445,2,9,0,16,0,0,0,0,0,0,1,1,6,2,35,6,1197,1,-1,-1,1,-1
2015530209445,3,9,0,16,0,0,0,0,0,0,3,1,6,1,30,6,-1,-1,-1,-1,1,-1
2015530209446,1,4,0,13,0,0,1,10,0,0,0,1,6,1,27,6,599,1,6,-1,1,-1
2015530209447,1,5,0,18,0,0,2,0,4,6,1,1,2,1,48,8,998,1,8,-1,1,-1
2015530209447,2,9,0,4,0,0,0,0,0,0,2,1,2,1,55,8,-1,-1,-1,-1,1,-1
2015530209448,1,9,0,16,0,1,5,7,8,1,1,1,6,1,42,7,2198,2,3,-1,2,-1
2015530209449,1,19,0,14,0,0,0,0,0,0,3,1,6,1,43,7,2148,2,9,-1,-1,-1
2015530209449,2,1,0,18,0,0,0,0,0,0,1,1,6,1,13,3,-1,-1,-1,-1,2,-1
2015530209450,1,9,0,9,0,5,0,0,0,0,1,1,6,1,30,6,1995,2,1,-1,3,-1
2015530209450,2,1,0,4,0,1,0,0,0,0,2,1,6,1,50,8,-1,-1,-1,-1,3,-1
2015530209451,1,9,0,18,0,0,2,10,7,11,1,1,6,1,25,5,1390,1,15,-1,-1,-1
2015530209452,1,9,0,13,0,0,0,0,0,0,4,1,1,1,35,6,1956,2,6,-1,1,-1
2015530209452,2,3,0,18,0,0,0,0,1,0,3,1,1,1,20,4,-1,-1,-1,-1,1,-1
2015530209453,1,9,0,2,0,0,0,0,0,0,1,1,6,2,50,8,1299,1,16,-1,1,-1
2015530209453,2,9,0,5,0,0,0,0,0,0,4,1,1,1,25,5,-1,-1,-1,-1,1,-1
2015530209454,1,9,0,18,0,8,0,10,1,10,1,1,6,1,83,11,1396,1,2,-1,-1,-1
2015530209455,1,9,0,18,0,0,0,0,0,0,1,1,6,1,78,11,1795,1,17,-1,1,-1
2015530209456,1,1,0,18,0,0,0,0,0,0,4,1,6,1,31,6,-1,-1,-1,-1,1,-1
2015530209456,2,9,0,3,0,0,0,0,0,0,4,1,6,1,44,7,1596,1,9,-1,1,-1
2015530209457,1,9,0,9,0,5,0,0,0,0,4,1,2,2,49,8,1598,1,10,-1,-1,-1
2015530209457,2,1,0,18,0,8,0,0,0,0,4,1,6,1,50,8,-1,-1,-1,-1,1,-1
2015530209458,1,9,0,9,0,6,0,0,0,0,1,1,2,1,26,6,1149,1,11,-1,1,-1
2015530209458,2,9,0,17,0,8,0,0,0,0,1,1,2,1,24,5,1242,1,10,-1,1,-1
2015530209459,1,9,0,5,0,1,0,0,0,0,1,1,2,1,33,6,1968,2,5,-1,1,-1
2015530209459,2,9,0,4,0,1,0,0,0,0,2,1,2,2,53,8,1896,2,12,-1,2,-1
2015530209459,3,9,0,3,0,1,0,0,0,0,2,1,6,1,71,10,-1,-1,-1,-1,1,-1
2015530209460,1,9,0,18,0,1,1,9,5,4,1,1,6,1,36,7,1598,1,12,-1,1,-1
2015530209461,1,9,0,9,0,6,0,0,0,0,3,1,6,1,83,11,-1,-1,-1,-1,-1,-1
2015530209461,2,9,0,17,0,8,0,0,0,0,1,1,6,2,36,7,1910,2,6,-1,1,-1
2015530209462,1,9,0,9,0,6,0,0,0,0,3,1,6,2,42,7,1149,1,6,-1,1,-1
2015530209462,2,9,0,18,0,8,0,0,0,0,1,1,6,1,87,11,998,1,1,-1,1,-1
2015530209463,1,9,0,18,0,0,0,0,0,0,1,1,6,1,22,5,999,1,1,-1,1,-1
2015530209464,1,9,0,5,0,6,0,0,0,0,3,1,6,1,45,7,1596,1,13,-1,1,-1
2015530209464,2,1,0,17,0,8,0,0,0,0,1,1,6,2,32,6,-1,-1,-1,-1,1,-1
2015530209465,1,9,0,9,0,6,0,0,0,0,3,1,6,2,47,8,1995,2,8,-1,1,-1
2015530209465,2,9,0,18,0,8,0,0,0,0,1,1,6,2,23,5,1598,1,5,-1,1,-1
2015530209466,1,9,0,15,0,1,0,0,0,0,1,1,6,2,86,11,1596,1,10,-1,3,-1
2015530209466,2,9,0,10,0,1,0,0,0,0,2,1,6,2,43,7,1582,2,5,-1,3,-1
2015530209467,1,5,0,18,0,8,0,0,0,0,3,1,6,3,-1,-1,-1,-1,-1,-1,1,-1
2015530209467,2,1,0,9,0,8,0,0,0,0,4,1,6,2,55,8,-1,-1,-1,-1,1,-1
2015530209468,1,9,0,18,0,8,0,0,0,0,1,1,6,2,50,8,1248,1,2,-1,2,-1
2015530209468,2,9,0,18,0,6,0,0,0,0,3,1,6,1,73,10,2148,2,6,-1,1,-1
2015530209469,1,9,0,5,0,0,0,0,0,0,1,1,6,2,25,5,1388,1,6,-1,1,-1
2015530209470,1,9,0,18,0,8,0,0,0,0,1,1,2,2,48,8,1497,1,14,-1,1,-1
2015530209470,2,9,0,18,0,4,0,0,0,0,1,1,1,2,54,8,-1,-1,-1,-1,1,-1
2015530209471,1,9,0,5,0,4,0,0,0,0,0,1,6,2,65,9,-1,-1,-1,-1,-1,-1
2015530209471,2,9,0,18,0,8,0,0,0,0,0,1,2,1,18,4,-1,-1,-1,-1,3,-1
2015530209472,1,9,0,18,0,0,0,0,0,0,1,1,6,1,61,9,1896,2,10,-1,3,-1
2015530209473,1,9,0,1,0,2,0,0,0,0,2,1,1,1,65,9,1495,1,16,-1,1,-1
2015530209473,2,1,0,2,0,2,0,0,0,0,2,1,1,2,33,6,-1,-1,-1,-1,1,-1
2015530209474,1,9,0,9,0,5,0,0,0,0,4,1,6,1,17,4,1124,1,16,-1,1,-1
2015530209474,2,9,0,18,0,8,0,0,0,0,1,1,6,1,31,6,1896,2,12,-1,1,-1
2015530209475,1,9,0,18,0,1,1,0,0,0,1,1,6,1,25,5,-1,-1,-1,-1,1,-1
2015530209475,2,9,0,10,0,5,0,0,7,0,2,1,6,1,18,4,1299,1,7,-1,2,-1
2015530209476,1,9,0,16,0,1,2,10,8,10,3,1,6,1,23,5,1000,1,15,-1,1,-1
2015530209477,1,9,0,7,0,6,0,0,0,0,3,1,2,1,25,5,-1,-1,-1,-1,1,-1
2015530209477,2,1,0,18,0,8,1,0,0,0,1,1,6,2,30,6,-1,-1,-1,-1,-1,-1
2015530209478,1,9,0,18,0,0,1,0,0,0,1,1,6,2,25,5,1497,1,14,-1,1,-1
2015530209478,2,9,0,18,0,0,0,0,0,0,2,1,6,1,64,9,1560,2,1,-1,1,-1
2015530209479,1,9,0,9,0,6,0,0,0,0,3,1,6,2,50,8,-1,-1,-1,-1,-1,-1
2015530209479,2,1,0,18,0,8,0,0,0,0,1,1,6,1,16,4,-1,-1,-1,-1,1,-1
2015530209480,1,9,0,5,0,0,0,0,0,0,0,1,3,1,18,4,1299,1,15,-1,1,-1
2015530209481,1,1,0,18,0,1,1,0,0,0,3,1,4,1,13,3,-1,-1,-1,-1,1,-1
2015530209481,2,9,0,5,0,8,0,0,0,0,4,1,6,1,25,5,1753,2,10,-1,1,-1
2015530209482,1,9,0,5,0,4,0,0,0,0,3,1,6,2,45,7,1240,1,6,-1,1,-1
2015530209482,2,9,0,18,0,8,0,0,0,0,1,1,1,1,30,6,1798,1,12,-1,1,-1
2015530209483,1,9,0,18,0,6,0,0,0,0,1,1,6,1,35,6,1398,1,4,-1,-1,-1
2015530209483,2,9,0,18,0,1,0,0,0,0,2,1,6,1,42,7,-1,-1,-1,-1,1,-1
2015530209484,1,19,0,5,0,1,0,0,0,0,1,1,6,1,-1,-1,-1,-1,-1,-1,-1,-1
2015530209484,2,9,0,3,0,1,0,0,0,0,2,1,6,2,21,5,1587,1,11,-1,1,-1
2015530209485,1,9,0,13,0,0,0,0,0,0,2,1,6,2,53,8,1242,1,3,-1,1,-1
2015530209485,2,1,0,18,0,0,0,0,0,0,1,1,2,1,48,8,-1,-1,-1,-1,3,-1
2015530209486,1,1,0,18,0,0,0,0,1,0,0,1,6,1,44,7,-1,-1,-1,-1,1,-1
2015530209487,1,9,0,16,0,0,0,0,0,0,1,1,6,2,44,7,1399,1,10,-1,1,-1
2015530209487,2,9,0,17,0,0,0,0,1,9,1,1,6,2,58,9,1198,1,3,-1,3,-1
2015530209488,1,9,0,9,0,6,0,0,0,0,1,1,6,2,28,6,-1,-1,-1,-1,-1,-1
2015530209488,2,1,0,5,0,8,0,0,0,0,3,1,1,2,53,8,-1,-1,-1,-1,1,-1
2015530209489,1,3,0,18,0,0,1,0,0,0,1,1,6,1,27,6,123,1,-1,-1,1,-1
2015530209489,2,9,0,4,0,0,0,0,0,0,2,1,6,2,26,6,1997,2,13,-1,1,-1
2015530209491,1,9,0,3,0,0,0,0,0,0,2,1,6,1,55,8,1988,1,12,-1,3,-1
2015530209491,2,1,0,18,0,0,1,0,0,0,1,1,6,1,40,7,-1,-1,-1,-1,-1,-1
2015530209492,1,9,0,18,0,8,0,0,0,0,1,1,6,1,35,6,1968,2,-1,-1,1,-1
2015530209492,2,9,0,3,0,8,0,0,0,0,2,1,6,1,38,7,1587,1,13,-1,1,-1
2015530209493,1,9,0,18,0,0,0,0,0,0,1,1,6,2,58,9,-1,-1,-1,-1,3,-1
2015530209493,2,9,0,18,0,0,0,0,0,0,1,1,6,1,45,7,1388,1,14,-1,3,-1
2015530209494,1,9,0,18,0,8,2,0,7,0,1,1,1,2,26,6,-1,-1,-1,-1,2,-1
2015530209494,2,9,0,18,0,6,1,0,7,0,1,1,6,2,66,10,1200,1,2,-1,2,-1
2015530209495,1,3,0,13,0,8,1,0,0,0,1,1,6,1,66,10,-1,-1,-1,-1,1,-1
2015530209495,2,9,0,9,0,5,0,0,0,0,3,1,6,2,47,8,-1,-1,-1,-1,1,-1
2015530209496,1,9,0,18,0,4,0,0,0,0,1,1,2,1,39,7,1240,1,10,-1,1,-1
2015530209496,2,1,0,18,0,8,0,0,0,0,4,1,1,1,25,5,-1,-1,-1,-1,1,-1
2015530209497,1,9,0,16,0,0,1,0,2,1,1,1,6,2,57,9,2184,2,11,-1,2,-1
2015530209497,2,9,0,18,0,0,0,0,0,0,1,1,1,1,45,7,2199,2,5,-1,2,-1
2015530209499,1,9,0,9,0,5,0,0,0,0,1,1,6,1,67,10,1998,1,-1,-1,-1,-1
2015530209499,2,9,0,18,0,8,0,0,0,0,1,1,6,2,67,10,1388,1,6,-1,1,-1
2015530209500,1,9,0,9,0,6,0,0,0,0,4,1,2,1,44,7,1797,8,5,-1,-1,-1
2015530209500,2,9,0,18,0,8,0,0,0,0,1,1,2,1,25,5,-1,-1,-1,-1,-1,-1
2015530209501,1,19,0,18,0,0,0,0,0,0,1,1,1,1,45,7,1995,2,1,-1,1,-1
2015530209502,1,9,0,5,0,0,0,10,0,0,1,1,6,2,35,6,1968,2,8,-1,1,-1
2015530209503,1,9,0,18,0,1,0,0,0,0,1,1,3,2,55,8,998,1,16,-1,-1,-1
2015530209504,1,19,0,9,0,5,0,0,0,0,1,1,2,1,24,5,-1,-1,-1,-1,1,-1
2015530209504,2,19,0,18,0,8,1,0,8,1,4,1,2,1,23,5,-1,-1,-1,-1,1,-1