Accident_Index,Vehicle_Reference,Vehicle_Type,Towing_and_Articulation,Vehicle_Manoeuvre,Vehicle_Location-Restricted_Lane,Junction_Location,Skidding_and_Overturning,Hit_Object_in_Carriageway,Vehicle_Leaving_Carriageway,Hit_Object_off_Carriageway,1st_Point_of_Impact,Was_Vehicle_Left_Hand_Drive?,Journey_Purpose_of_Driver,Sex_of_Driver,Age_of_Driver,Age_Band_of_Driver,Engine_Capacity_(CC),Propulsion_Code,Age_of_Vehicle,Driver_IMD_Decile,Driver_Home_Area_Type,Vehicle_IMD_Decile
2015530209504,3,3,0,18,0,1,1,0,8,1,1,1,2,1,50,8,125,1,2,-1,1,-1
2015530209505,1,9,0,16,0,2,0,0,0,0,1,1,6,1,17,4,1422,2,13,-1,3,-1
2015530209505,2,1,0,5,0,8,0,0,0,0,3,1,6,1,45,7,-1,-1,-1,-1,1,-1
2015530209506,1,9,0,4,0,1,0,0,0,0,3,1,3,2,35,6,1997,2,4,-1,2,-1
2015530209507,1,9,0,9,0,2,0,0,0,0,1,1,6,1,75,10,3456,8,2,-1,2,-1
2015530209508,1,9,0,9,0,6,0,0,0,0,1,1,6,1,24,5,2497,2,12,-1,1,-1
2015530209508,2,9,0,18,0,8,0,0,0,0,4,1,1,2,42,7,-1,-1,-1,-1,1,-1
2015530209509,1,9,0,18,0,6,0,0,0,0,1,1,1,1,36,7,1686,2,3,-1,1,-1
2015530209509,2,1,0,18,9,8,0,0,0,0,1,1,6,1,47,8,-1,-1,-1,-1,1,-1
2015530209510,1,9,0,4,0,1,0,0,0,0,1,1,6,2,64,9,1124,1,13,-1,1,-1
2015530209511,1,9,0,5,0,8,0,0,0,0,1,1,6,1,74,10,1360,1,9,-1,-1,-1
2015530209511,2,9,0,5,0,8,0,0,0,0,1,1,1,1,35,6,1753,2,8,-1,1,-1
2015530209512,1,9,0,18,0,0,5,0,0,0,1,1,6,2,76,11,1998,1,12,-1,1,-1
2015530209512,2,9,0,2,0,0,0,0,0,0,3,1,6,1,50,8,1598,1,8,-1,1,-1
2015530209513,1,9,0,7,0,8,2,10,1,4,1,1,6,2,17,4,1796,1,6,-1,3,-1
2015530209514,1,9,0,18,0,6,0,0,0,0,1,1,6,2,30,6,1968,2,2,-1,1,-1
2015530209514,2,9,0,18,0,8,2,0,7,0,3,1,6,1,51,8,2993,2,10,-1,3,-1
2015530209516,1,19,0,18,0,0,0,0,8,4,1,1,1,1,25,5,2198,2,4,-1,-1,-1
2015530209517,1,9,0,18,0,1,0,0,0,0,1,1,6,2,21,5,1086,1,7,-1,1,-1
2015530209518,1,9,0,18,0,1,0,0,0,0,1,1,6,1,21,5,1598,1,5,-1,1,-1
2015530209519,1,9,0,7,0,2,0,0,0,0,1,1,6,2,51,8,-1,-1,-1,-1,-1,-1
2015530209519,2,1,0,18,0,1,0,0,0,0,1,1,6,1,42,7,-1,-1,-1,-1,1,-1
2015530209520,1,9,0,4,0,0,0,0,0,0,1,1,6,2,39,7,1598,2,1,-1,1,-1
2015530209520,2,9,0,4,0,0,0,0,0,0,1,1,6,1,37,7,1968,2,8,-1,1,-1
2015530209521,1,9,0,4,0,0,0,0,0,0,1,1,6,2,21,5,1229,1,4,-1,1,-1
2015530209521,2,9,0,4,0,0,0,0,0,0,2,1,6,2,31,6,1392,1,16,-1,1,-1
2015530209522,1,9,0,5,0,4,0,0,0,0,3,1,3,2,37,7,1995,2,-1,-1,2,-1
2015530209522,2,3,0,17,0,8,0,0,0,0,1,1,6,1,17,4,125,1,1,-1,1,-1
2015530209523,1,5,0,13,0,8,0,0,0,0,1,1,2,1,46,8,-1,-1,-1,-1,-1,-1
2015530209523,2,9,0,9,0,5,0,0,0,0,3,1,1,1,31,6,-1,-1,-1,-1,1,-1
2015530209524,1,9,0,4,0,8,5,0,1,3,1,1,6,1,79,11,998,1,3,-1,1,-1
2015530209524,2,9,0,4,0,8,0,0,0,0,2,1,6,2,63,9,1598,1,2,-1,1,-1
2015530209524,3,9,0,5,0,8,0,0,0,0,2,1,6,2,21,5,1598,1,12,-1,1,-1
2015530209525,1,9,0,18,0,4,0,0,0,0,4,1,6,2,64,9,1598,1,8,-1,1,-1
2015530209525,2,1,0,9,0,8,0,0,0,0,1,1,6,1,74,10,-1,-1,-1,-1,1,-1
2015530209526,1,9,0,11,0,0,1,2,2,7,1,1,6,1,41,7,2498,1,18,-1,2,-1
2015530209526,2,21,1,18,0,0,0,0,0,0,3,1,1,1,59,9,12740,2,1,-1,1,-1
2015530209527,1,9,0,18,0,0,0,0,0,0,1,1,6,1,52,8,1124,1,9,-1,1,-1
2015530209528,1,9,0,5,0,1,0,10,7,10,1,1,6,1,62,9,2521,1,3,-1,-1,-1
2015530209529,1,9,0,14,0,0,0,0,0,0,1,1,6,1,44,7,-1,-1,-1,-1,1,-1
2015530209529,2,1,0,18,0,0,0,0,0,0,0,1,6,1,49,8,-1,-1,-1,-1,1,-1
2015530209530,1,1,0,3,0,1,0,0,0,0,2,1,6,1,39,7,-1,-1,-1,-1,1,-1
2015530209530,2,9,0,3,0,1,0,0,0,0,1,1,6,1,34,6,-1,-1,-1,-1,1,-1
2015530209531,1,9,0,5,0,1,0,0,0,0,1,1,6,1,68,10,1991,2,9,-1,1,-1
2015530209531,2,1,0,3,0,1,0,0,0,0,2,1,6,1,50,8,-1,-1,-1,-1,-1,-1
2015530209532,1,9,0,4,0,0,0,0,0,0,1,1,6,2,18,4,1061,1,11,-1,1,-1
2015530209532,2,9,0,4,0,0,0,0,0,0,2,1,6,1,68,10,1596,1,2,-1,1,-1
2015530209533,1,9,0,5,0,0,0,4,0,0,1,1,6,1,69,10,998,1,1,-1,1,-1
2015530209533,2,9,0,2,0,0,0,0,0,0,2,1,6,2,41,7,1198,1,1,-1,1,-1
2015530209534,1,9,0,5,0,1,0,0,0,0,4,1,6,1,-1,-1,-1,-1,-1,-1,-1,-1
2015530209535,1,1,0,18,0,0,0,0,0,0,3,1,1,1,35,6,-1,-1,-1,-1,-1,-1
2015530209535,2,9,0,18,0,0,0,0,0,0,1,1,1,1,42,7,1895,1,15,-1,-1,-1
2015530209536,1,9,0,1,0,0,0,0,0,0,2,1,6,2,79,11,1328,1,6,-1,3,-1
2015530209536,2,9,0,2,0,0,0,0,0,0,1,1,6,2,28,6,2765,2,19,-1,3,-1
2015530209537,1,9,0,18,0,0,0,0,0,0,3,1,1,1,49,8,1991,2,10,-1,1,-1
2015530209538,1,9,0,18,0,2,0,0,0,0,4,1,6,1,74,10,-1,-1,-1,-1,1,-1
2015530209538,2,1,0,18,0,1,0,0,0,0,4,1,6,1,30,6,-1,-1,-1,-1,-1,-1
2015530209539,1,1,0,14,0,0,0,0,0,0,3,1,1,1,30,6,-1,-1,-1,-1,1,-1
2015530209539,2,9,0,14,0,0,0,0,0,0,3,1,6,1,40,7,1753,2,8,-1,-1,-1
2015530209540,1,9,0,17,0,0,0,0,0,0,1,1,6,1,21,5,1560,2,7,-1,1,-1
2015530209541,1,9,0,13,0,0,0,10,7,0,1,1,6,1,45,7,1798,1,8,-1,-1,-1
2015530209541,2,9,0,6,0,0,0,0,7,0,0,1,6,2,52,8,-1,-1,-1,-1,-1,-1
2015530209542,1,9,0,8,0,1,0,0,0,0,3,1,6,1,64,9,1968,2,4,-1,3,-1
2015530209542,2,1,0,16,0,2,0,0,0,0,1,1,2,1,52,8,-1,-1,-1,-1,-1,-1
2015530209543,1,9,0,5,0,6,0,0,0,0,1,1,6,1,23,5,-1,-1,-1,-1,1,-1
2015530209543,2,1,0,4,0,8,0,0,0,0,1,1,6,2,56,9,-1,-1,-1,-1,1,-1
2015530209544,1,9,0,9,0,4,0,0,0,0,1,1,2,1,31,6,1598,1,5,-1,1,-1
2015530209544,2,1,0,18,0,8,0,0,0,0,4,1,2,1,53,8,-1,-1,-1,-1,1,-1
2015530209545,1,9,0,5,0,2,0,0,0,0,3,1,1,2,36,7,2179,2,3,-1,3,-1
2015530209545,2,9,0,18,0,1,0,0,0,0,1,1,1,2,37,7,1242,1,9,-1,3,-1
2015530209546,1,9,0,9,0,1,0,0,0,0,1,1,3,1,37,7,-1,-1,-1,-1,3,-1
2015530209546,2,4,0,14,0,1,0,0,0,0,1,1,6,1,33,6,125,1,1,-1,3,-1
2015530209547,1,9,0,17,0,1,0,0,0,0,1,1,6,1,19,4,1493,1,19,-1,3,-1
2015530209547,2,9,0,7,0,2,0,0,0,0,1,1,6,1,23,5,1998,1,17,-1,2,-1
2015530209548,1,9,0,9,0,8,0,0,0,0,4,1,2,1,20,4,1496,2,-1,-1,2,-1
2015530209548,2,9,0,18,0,8,0,0,0,0,1,1,2,1,21,5,-1,-1,-1,-1,3,-1
2015530209549,1,9,0,18,0,8,0,0,0,0,1,1,6,1,62,9,1339,1,12,-1,1,-1
2015530209549,2,9,0,9,0,5,0,0,0,0,1,1,6,1,72,10,-1,-1,-1,-1,1,-1
2015530209550,1,9,0,18,0,0,0,0,0,0,1,1,6,1,61,9,2987,2,6,-1,1,-1
2015530209550,2,1,0,18,0,0,0,0,0,0,1,1,6,1,14,3,-1,-1,-1,-1,1,-1
2015530209551,1,19,0,18,0,0,0,0,0,0,0,1,1,1,44,7,-1,-1,-1,-1,1,-1
2015530209552,1,9,0,4,0,6,0,0,0,0,1,1,6,2,28,6,1598,1,10,-1,1,-1
2015530209552,2,9,0,18,0,8,0,0,0,0,3,1,6,2,34,6,-1,-1,-1,-1,1,-1
2015530209553,1,4,0,9,0,6,0,0,0,0,1,1,6,2,37,7,244,1,7,-1,1,-1
2015530209553,2,9,0,18,0,8,0,0,0,0,4,1,6,2,46,8,2143,2,2,-1,-1,-1
2015530209554,1,1,0,18,0,8,0,0,0,0,1,1,2,2,57,9,-1,-1,-1,-1,1,-1
2015530209554,2,9,0,7,0,5,0,0,0,0,4,1,6,3,-1,-1,-1,-1,-1,-1,-1,-1
2015530209555,1,4,0,18,0,5,0,4,0,0,1,1,2,1,26,6,124,1,8,-1,1,-1
2015530209555,2,9,0,3,0,5,0,0,0,0,2,1,2,2,27,6,1339,1,8,-1,1,-1
2015530209556,1,9,0,17,0,0,5,0,1,1,1,1,6,2,39,7,1596,1,14,-1,-1,-1
2015530209556,2,9,0,17,0,0,5,0,1,1,2,1,2,1,48,8,-1,-1,-1,-1,3,-1
2015530209557,1,9,0,18,0,0,0,0,0,0,1,1,6,1,74,10,-1,-1,-1,-1,-1,-1
2015530209557,2,9,0,18,0,0,0,0,0,0,1,1,1,1,39,7,1968,2,1,-1,2,-1
2015530209558,1,1,0,4,0,0,0,0,0,0,1,1,6,1,29,6,-1,-1,-1,-1,1,-1
2015530209558,2,1,0,4,0,0,0,0,0,0,1,1,6,1,32,6,-1,-1,-1,-1,1,-1
2015530209558,3,9,0,3,0,0,0,0,0,0,1,1,6,2,40,7,1240,1,10,-1,3,-1
2015530209559,1,9,0,18,0,8,0,0,1,4,1,1,6,1,84,11,1398,1,-1,-1,3,-1
2015530209559,2,9,0,5,0,6,0,0,0,0,1,1,6,2,35,6,1248,1,1,-1,3,-1
2015530209559,3,9,0,18,0,1,0,0,0,0,1,1,6,1,42,7,2143,2,-1,-1,1,-1
2015530209560,1,9,0,18,0,0,0,0,0,0,1,1,6,1,48,8,-1,-1,-1,-1,1,-1
2015530209560,2,9,0,18,0,0,0,0,0,0,3,1,6,2,21,5,1560,2,2,-1,2,-1
2015530209561,1,9,0,14,0,0,0,4,0,0,4,1,6,2,23,5,1390,1,5,-1,1,-1
2015530209561,2,9,0,2,0,0,0,0,0,0,1,1,6,2,30,6,1997,2,5,-1,1,-1
2015530209562,1,9,0,16,0,0,0,0,0,0,2,1,1,1,68,10,-1,-1,-1,-1,1,-1
2015530209562,2,9,0,3,0,0,0,0,0,0,2,1,2,1,51,8,-1,-1,-1,-1,1,-1
2015530209562,3,9,0,3,0,0,1,0,0,0,1,1,6,1,30,6,998,1,16,-1,1,-1
2015530209563,1,19,0,18,0,2,0,0,0,0,1,1,6,2,25,5,1598,2,-1,-1,-1,-1
2015530209563,2,19,0,3,0,2,0,0,0,0,2,1,6,1,40,7,1753,2,9,-1,1,-1
2015530209563,3,9,0,3,0,2,0,0,0,0,2,1,6,2,21,5,-1,-1,-1,-1,1,-1
2015530209564,1,9,0,9,0,6,0,0,0,0,3,1,6,1,18,4,1149,1,13,-1,1,-1
2015530209564,2,1,0,18,0,1,0,0,0,0,1,1,2,1,47,8,-1,-1,-1,-1,1,-1
2015530209565,1,9,0,5,0,4,0,0,0,0,3,1,2,1,43,7,1596,1,14,-1,1,-1
2015530209565,2,9,0,18,0,8,0,0,0,0,4,1,2,1,44,7,1240,1,11,-1,1,-1
2015530209566,1,1,0,18,0,8,0,0,0,0,1,1,6,1,48,8,-1,-1,-1,-1,1,-1
2015530209566,2,9,0,5,0,4,0,0,0,0,3,1,2,2,29,6,2000,2,9,-1,1,-1
2015530209567,1,5,0,18,0,1,0,0,0,0,1,1,6,1,41,7,998,1,4,-1,-1,-1
2015530209567,2,5,0,3,0,1,0,0,0,0,2,1,6,1,46,8,1043,1,4,-1,1,-1
2015530209567,3,9,0,3,0,1,0,0,0,0,1,1,6,1,45,7,1999,1,10,-1,1,-1
2015530209567,4,9,0,18,0,1,0,0,0,0,1,1,6,1,28,6,1749,1,12,-1,1,-1
2015530209567,5,9,0,18,0,1,0,0,0,0,1,1,6,1,49,8,-1,-1,-1,-1,3,-1
2015530209568,1,9,0,17,0,0,0,10,0,0,1,1,3,2,34,6,1896,2,9,-1,1,-1
2015530209568,2,9,0,16,0,0,0,0,0,0,1,1,1,1,47,8,2494,2,2,-1,1,-1
2015530209569,1,9,0,3,0,0,0,0,0,0,2,1,1,2,34,6,1198,1,9,-1,1,-1
2015530209569,2,9,0,3,0,0,0,0,0,0,2,1,6,2,20,4,998,1,7,-1,1,-1
2015530209569,3,9,0,4,0,0,1,0,0,0,1,1,6,1,63,9,1560,2,-1,-1,1,-1
2015530209570,1,9,0,18,0,2,0,0,7,10,1,1,1,1,57,9,1686,2,1,-1,1,-1
2015530209571,1,9,0,12,0,0,0,0,0,0,3,1,2,1,42,7,1968,2,1,-1,-1,-1
2015530209571,2,9,0,18,0,0,0,10,0,0,4,1,6,1,69,10,-1,-1,-1,-1,-1,-1
2015530209572,1,9,0,5,0,6,0,0,0,0,1,1,6,2,44,7,-1,-1,-1,-1,1,-1
2015530209572,2,9,0,18,0,8,0,0,0,0,4,1,6,3,-1,-1,-1,-1,-1,-1,-1,-1
2015530209573,1,9,0,9,0,5,0,0,0,0,1,1,6,2,82,11,2179,2,3,-1,3,-1
2015530209573,2,9,0,18,0,8,0,0,0,0,1,1,6,1,29,6,1686,2,5,-1,-1,-1
2015530209574,1,9,0,3,0,0,0,0,0,0,2,1,6,2,22,5,1360,1,11,-1,3,-1
2015530209574,2,9,0,16,0,0,0,0,0,0,1,1,6,1,50,8,1398,2,12,-1,-1,-1
2015530209575,1,9,0,18,0,0,5,0,1,10,4,1,6,2,55,8,1994,1,13,-1,3,-1
2015530209576,1,9,0,13,0,8,1,0,3,10,4,1,1,1,23,5,1997,2,3,-1,1,-1
2015530209576,2,20,0,9,0,5,1,0,1,0,3,1,1,1,56,9,2496,2,16,-1,1,-1
2015530209576,3,9,0,2,0,1,0,0,0,0,2,1,6,1,40,7,1984,1,6,-1,-1,-1
2015530209577,1,9,0,5,0,4,0,0,0,0,3,1,6,2,27,6,1598,1,9,-1,1,-1
2015530209577,2,9,0,11,0,4,0,0,0,0,4,1,6,3,-1,-1,-1,-1,-1,-1,-1,-1
2015530209578,1,9,0,4,0,1,1,0,1,5,1,1,6,1,22,5,1896,2,13,-1,-1,-1
2015530209578,2,9,0,10,0,1,0,0,1,9,2,1,6,2,55,8,2933,1,25,-1,3,-1
2015530209579,1,9,0,18,0,0,0,0,0,0,1,1,6,2,41,7,1753,2,5,-1,-1,-1
2015530209579,2,1,0,5,0,0,0,0,0,0,2,1,6,2,51,8,-1,-1,-1,-1,1,-1
2015530209580,1,19,0,18,0,0,2,10,1,4,1,1,6,1,46,8,2298,2,5,-1,2,-1
2015530209581,1,9,0,14,0,8,0,0,0,0,1,1,1,1,44,7,-1,-1,-1,-1,1,-1
2015530209581,2,9,0,18,0,8,0,0,0,0,1,1,6,1,54,8,1598,2,4,-1,3,-1
2015530209581,3,9,0,10,0,1,0,0,0,0,0,1,6,3,-1,-1,-1,-1,-1,-1,-1,-1
2015530209582,1,19,0,18,0,0,0,0,0,0,1,1,2,1,51,8,2198,2,3,-1,3,-1
2015530209583,1,9,0,9,0,5,0,0,0,0,4,1,2,1,27,6,1998,1,12,-1,1,-1
2015530209583,2,1,0,18,0,8,0,0,0,0,1,1,6,1,47,8,-1,-1,-1,-1,1,-1
2015530209589,1,9,0,18,0,0,2,0,5,6,1,1,6,1,51,8,1598,1,7,-1,-1,-1
2015530209589,2,21,1,18,0,0,0,0,0,0,2,1,1,1,55,8,12900,2,4,-1,3,-1
2015530209590,1,5,0,18,0,1,0,0,0,0,1,1,2,1,28,6,749,1,17,-1,-1,-1
2015530209590,2,9,0,3,0,1,0,0,0,0,3,1,6,1,37,7,1794,1,14,-1,-1,-1
2015530209591,1,9,0,1,0,8,0,0,0,0,2,1,6,1,52,8,1995,2,3,-1,-1,-1
2015530209592,1,1,0,18,0,8,0,0,0,0,3,1,6,1,54,8,-1,-1,-1,-1,1,-1
2015530209592,2,5,0,18,0,1,0,0,0,0,1,1,6,1,23,5,636,1,13,-1,1,-1
2015530209594,1,9,0,13,0,0,0,0,0,0,4,1,6,1,26,6,1951,2,14,-1,-1,-1
2015530209594,2,9,0,17,0,0,0,0,1,0,3,1,6,2,26,6,998,1,3,-1,1,-1
2015530209595,1,9,0,18,0,0,1,4,0,0,1,1,6,1,28,6,1984,1,8,-1,3,-1
2015530209595,2,9,0,2,0,0,0,0,0,0,0,1,6,1,55,8,1389,1,18,-1,-1,-1
2015530209595,3,9,0,2,0,0,0,0,0,0,0,1,6,1,35,6,1242,1,2,-1,1,-1
2015530209595,4,9,0,2,0,0,0,0,0,0,0,1,6,1,33,6,1997,2,11,-1,-1,-1
2015530209596,1,9,0,18,0,8,0,0,0,0,1,1,1,2,33,6,1753,2,11,-1,-1,-1
2015530209596,2,1,0,9,0,6,0,0,0,0,1,1,4,1,15,3,-1,-1,-1,-1,1,-1
2015530209597,1,9,0,7,0,2,0,0,0,0,1,1,6,1,33,6,1596,1,12,-1,2,-1
2015530209598,1,9,0,5,0,4,0,0,0,0,1,1,6,2,44,7,1598,1,4,-1,-1,-1
2015530209598,2,1,0,18,0,8,0,0,0,0,1,1,6,1,25,5,-1,-1,-1,-1,-1,-1
2015530209599,1,9,0,9,0,8,0,0,1,4,1,1,6,1,41,7,1198,1,4,-1,1,-1
2015530209600,1,9,0,18,0,0,0,0,0,0,1,1,6,1,84,11,1995,2,2,-1,1,-1
2015530209600,2,21,0,18,0,0,0,0,0,0,2,1,1,1,51,8,12419,2,2,-1,2,-1
2015530209601,1,9,0,13,0,8,1,0,7,10,1,1,2,1,19,4,1560,2,1,-1,-1,-1
2015530209601,2,8,0,18,0,8,1,0,1,4,3,1,1,1,50,8,1998,1,6,-1,1,-1
2015530209602,1,9,0,18,0,8,0,0,0,0,1,1,6,1,27,6,1910,2,9,-1,3,-1
2015530209602,2,3,0,5,0,8,0,0,0,0,2,1,6,1,25,5,1298,1,12,-1,1,-1
2015530209603,1,9,0,18,0,0,1,0,0,0,1,1,6,2,63,9,1398,1,14,-1,1,-1
2015530209603,2,9,0,18,0,0,0,0,0,0,2,1,6,2,33,6,1124,1,13,-1,-1,-1
2015530209604,1,9,0,18,0,0,0,0,0,0,1,1,6,1,-1,-1,-1,-1,-1,-1,-1,-1
2015530209604,2,9,0,18,0,0,0,0,0,0,2,1,6,2,23,5,1598,1,3,-1,1,-1
2015530209605,1,9,0,18,0,0,0,0,7,10,4,1,6,1,31,6,2799,1,19,-1,2,-1
2015530209605,2,19,0,18,0,0,2,0,0,0,4,1,2,1,33,6,1968,2,3,-1,1,-1
2015530209606,1,9,0,5,0,6,0,0,0,0,1,1,6,1,-1,-1,-1,-1,-1,-1,-1,-1
2015530209606,2,9,0,18,0,8,0,0,0,0,3,1,6,2,58,9,1753,2,15,-1,3,-1
2015530209607,1,9,0,3,0,8,0,0,0,0,2,1,6,1,40,7,-1,-1,-1,-1,3,-1
2015530209607,2,1,0,18,0,8,1,0,0,0,2,1,6,1,42,7,-1,-1,-1,-1,3,-1
2015530209609,1,9,0,16,0,0,0,0,7,0,3,1,6,1,27,6,1598,2,-1,-1,1,-1
2015530209609,2,9,0,17,0,0,0,0,1,0,3,1,6,1,63,9,1968,2,-1,-1,-1,-1
2015530209610,1,9,0,18,0,1,0,0,0,0,1,1,6,1,25,5,2987,2,7,-1,1,-1
2015530209610,2,9,0,3,0,1,0,0,0,0,2,1,6,1,36,7,1910,2,8,-1,1,-1
2015530209611,1,9,0,13,0,0,0,0,0,0,1,1,2,1,24,5,1598,1,9,-1,3,-1
2015530209611,2,9,0,18,0,0,0,0,1,0,1,1,6,1,49,8,1598,1,6,-1,3,-1
2015530209611,3,21,1,14,0,0,0,0,0,0,2,1,1,1,27,6,-1,-1,-1,-1,1,-1
2015530209612,1,21,1,17,0,0,0,0,0,0,1,1,1,1,58,9,-1,-1,-1,-1,3,-1
2015530209613,1,9,0,18,0,0,2,0,0,0,3,1,6,1,21,5,1997,2,13,-1,1,-1
2015530209614,1,9,0,1,9,1,0,0,1,10,2,1,6,1,35,6,1896,2,13,-1,3,-1
2015530209615,1,10,0,4,0,0,0,0,0,0,1,1,1,1,40,7,-1,-1,-1,-1,-1,-1
2015530209616,1,90,0,18,0,0,0,0,0,0,2,1,1,1,74,10,-1,-1,-1,-1,1,-1
2015530209618,1,9,0,4,0,0,0,0,0,0,1,1,1,2,22,5,1396,1,13,-1,1,-1
2015530209618,2,1,0,3,0,0,0,0,0,0,2,1,2,1,50,8,-1,-1,-1,-1,-1,-1
2015530209619,1,9,0,18,0,0,1,0,1,0,1,1,6,2,49,8,1798,1,9,-1,1,-1
2015530209619,2,9,0,18,0,0,5,0,1,0,3,1,6,1,47,8,1870,2,13,-1,1,-1
2015530209620,1,9,0,15,0,0,0,0,0,0,4,1,6,2,23,5,998,1,10,-1,3,-1
2015530209620,2,9,0,18,0,0,1,0,1,9,3,1,6,1,89,11,-1,-1,-1,-1,3,-1
2015530209621,1,9,0,18,0,2,0,0,0,0,3,1,1,1,54,8,1988,1,13,-1,1,-1
2015530209621,2,9,0,4,0,1,0,0,0,0,3,1,6,2,64,9,1896,2,8,-1,1,-1
2015530209622,1,9,0,18,0,0,0,0,0,0,1,1,6,1,84,11,1995,2,2,-1,1,-1
2015530209622,2,21,0,18,0,0,0,0,0,0,2,1,1,1,49,8,12419,2,2,-1,2,-1
2015530209623,1,9,0,18,0,8,0,0,0,0,4,1,1,2,27,6,1339,1,8,-1,2,-1
2015530209623,2,9,0,18,0,6,0,0,7,1,1,1,6,1,47,8,1956,2,2,-1,1,-1
2015530209624,1,9,0,13,0,0,0,0,0,0,1,1,6,1,25,5,1560,2,2,-1,1,-1
2015530209624,2,21,0,18,0,0,0,0,0,0,1,1,1,1,37,7,4580,2,2,-1,-1,-1
2015530209625,1,9,0,11,0,0,0,0,0,0,1,1,6,1,33,6,2982,2,2,-1,1,-1
2015530209625,2,9,0,18,0,0,0,0,2,7,2,1,6,1,60,9,3199,1,18,-1,1,-1
2015530209626,1,9,0,18,0,1,0,0,0,0,1,1,6,1,22,5,1988,1,19,-1,3,-1
2015530209626,2,9,0,3,0,1,0,0,0,0,2,1,6,1,53,8,1988,1,10,-1,1,-1
2015530209626,3,9,0,10,0,8,0,0,0,0,2,1,6,1,68,10,1984,1,13,-1,3,-1
2015530209627,1,9,0,13,0,1,0,0,0,0,1,1,6,2,57,9,-1,-1,-1,-1,3,-1
2015530209627,2,9,0,10,0,8,0,0,0,0,2,1,2,2,72,10,1896,2,14,-1,2,-1
2015530209627,3,19,0,18,0,1,0,0,0,0,1,1,1,1,37,7,2148,2,9,-1,2,-1
2015530209628,1,9,0,17,0,0,0,0,1,0,1,1,6,2,21,5,1197,1,1,-1,1,-1
2015530209628,2,5,0,16,0,0,2,0,7,0,1,1,6,1,42,7,919,1,13,-1,3,-1
2015530209628,3,5,0,16,0,0,0,0,7,0,1,1,6,1,43,7,1043,1,5,-1,2,-1
2015530209629,1,90,0,18,0,4,1,0,0,0,1,1,1,1,53,8,7146,2,3,-1,1,-1
2015530209629,2,3,0,18,0,8,0,0,0,0,4,1,6,1,71,10,125,1,8,-1,1,-1
2015530209630,1,9,0,17,0,0,1,0,7,4,4,1,6,1,20,4,1339,1,7,-1,-1,-1
2015530209630,2,9,0,18,0,0,0,0,0,0,1,1,6,2,43,7,1796,1,11,-1,3,-1
2015530209631,1,9,0,13,0,0,1,7,5,6,3,1,6,1,25,5,-1,-1,-1,-1,3,-1
2015530209631,2,5,0,16,0,0,1,4,0,0,1,1,6,1,49,8,999,1,10,-1,2,-1
2015530209632,1,9,0,9,0,5,0,0,0,0,1,1,6,1,46,8,1200,1,2,-1,-1,-1
2015530209632,2,9,0,18,0,8,0,0,0,0,1,1,6,1,79,11,-1,-1,-1,-1,-1,-1
2015530209633,1,9,0,9,0,2,0,10,1,4,1,1,6,2,80,11,1994,1,13,-1,3,-1
2015530209634,1,1,0,17,0,0,0,0,0,0,1,1,6,1,37,7,-1,-1,-1,-1,-1,-1
2015530209634,2,9,0,18,0,0,0,0,0,0,1,1,1,1,57,9,-1,-1,-1,-1,1,-1
2015530209635,1,9,0,18,0,0,0,0,0,0,1,1,6,1,44,7,1598,1,9,-1,1,-1
2015530209636,1,9,0,18,0,0,0,0,0,0,1,1,6,1,52,8,2148,2,7,-1,1,-1
2015530209638,1,1,0,12,0,0,0,0,0,0,1,1,1,1,15,3,-1,-1,-1,-1,1,-1
2015530209638,2,9,0,13,0,0,0,0,0,0,4,1,6,1,28,6,1988,1,12,-1,1,-1
2015530209639,1,9,0,17,0,2,2,10,7,4,1,1,6,1,18,4,1149,1,13,-1,2,-1
2015530209640,1,9,0,18,0,8,1,0,7,11,1,1,2,2,29,6,1598,1,14,-1,1,-1
2015530209640,2,9,0,18,0,8,1,0,0,0,3,1,6,2,52,8,2316,1,19,-1,1,-1
2015530209640,3,9,0,18,0,8,0,0,0,0,1,1,6,1,71,10,2987,2,9,-1,1,-1
2015530209641,1,9,0,18,0,1,0,0,0,0,1,1,6,1,31,6,-1,-1,-1,-1,3,-1
2015530209642,1,4,0,13,0,0,0,0,7,1,1,1,6,1,39,7,998,1,17,-1,3,-1
2015530209642,2,9,0,14,0,0,0,0,0,0,0,1,6,1,22,5,1968,2,4,-1,3,-1
2015530209643,1,1,0,7,0,5,1,0,0,0,4,1,6,2,45,7,-1,-1,-1,-1,3,-1
2015530209644,1,9,0,18,0,6,0,0,1,0,1,1,6,1,25,5,1968,2,1,-1,1,-1
2015530209644,2,9,0,18,0,8,1,0,0,0,1,1,6,1,57,9,1796,1,7,-1,1,-1
2015530209645,1,3,0,17,0,0,1,0,0,0,1,1,6,1,18,4,124,1,6,-1,3,-1
2015530209645,2,20,0,16,0,0,0,0,0,0,1,1,1,1,60,9,12777,2,2,-1,-1,-1
2015530209646,1,4,0,18,0,0,0,12,0,0,1,1,6,1,71,10,400,1,21,-1,2,-1
2015530209647,1,9,0,18,0,0,0,0,4,6,1,1,6,2,24,5,1398,2,3,-1,-1,-1