Accident_Index,Vehicle_Reference,Vehicle_Type,Towing_and_Articulation,Vehicle_Manoeuvre,Vehicle_Location-Restricted_Lane,Junction_Location,Skidding_and_Overturning,Hit_Object_in_Carriageway,Vehicle_Leaving_Carriageway,Hit_Object_off_Carriageway,1st_Point_of_Impact,Was_Vehicle_Left_Hand_Drive?,Journey_Purpose_of_Driver,Sex_of_Driver,Age_of_Driver,Age_Band_of_Driver,Engine_Capacity_(CC),Propulsion_Code,Age_of_Vehicle,Driver_IMD_Decile,Driver_Home_Area_Type,Vehicle_IMD_Decile
2015530209647,2,17,4,18,0,0,0,0,0,0,2,1,1,1,29,6,4400,2,4,-1,3,-1
2015530209648,1,9,0,3,0,1,0,0,0,0,2,1,6,2,36,7,-1,-1,-1,-1,2,-1
2015530209648,2,9,0,4,0,1,0,0,0,0,0,1,1,1,71,10,2987,2,8,-1,3,-1
2015530209649,1,9,0,4,0,1,2,0,5,7,1,1,6,1,74,10,1796,1,8,-1,2,-1
2015530209650,1,9,0,12,0,1,0,0,0,0,1,1,6,2,19,4,998,1,2,-1,1,-1
2015530209650,2,3,0,18,0,1,0,0,0,0,4,1,6,1,27,6,125,1,2,-1,1,-1
2015530209651,1,19,0,18,0,0,0,0,0,0,3,1,1,1,39,7,2198,2,7,-1,1,-1
2015530209651,2,9,0,18,0,0,0,0,0,0,3,1,2,1,45,7,1995,2,4,-1,3,-1
2015530209652,1,9,0,4,0,0,1,0,0,0,1,1,2,1,24,5,2993,2,7,-1,1,-1
2015530209652,2,9,0,3,0,0,0,0,0,0,2,1,1,1,46,8,-1,-1,-1,-1,1,-1
2015530209653,1,9,0,4,0,0,0,0,0,0,1,1,6,2,34,6,-1,-1,-1,-1,1,-1
2015530209653,2,9,0,4,0,0,0,0,0,0,2,1,6,2,34,6,1242,1,1,-1,1,-1
2015530209653,3,9,0,4,0,0,0,0,0,0,2,1,6,1,42,7,1968,2,-1,-1,1,-1
2015530209654,1,9,0,18,0,4,0,0,0,0,1,1,1,1,48,8,-1,-1,-1,-1,-1,-1
2015530209654,2,9,0,18,0,4,0,0,0,0,2,1,2,1,23,5,-1,-1,-1,-1,-1,-1
2015530209655,1,9,0,5,0,4,0,0,0,0,0,1,6,1,26,6,1591,1,-1,-1,1,-1
2015530209655,2,1,0,3,0,1,0,0,0,0,3,1,6,2,58,9,-1,-1,-1,-1,1,-1
2015530209656,1,9,0,4,0,1,0,0,0,0,1,1,6,1,52,8,998,1,1,-1,1,-1
2015530209656,2,9,0,3,0,1,0,0,0,0,2,1,6,1,28,6,1360,1,12,-1,3,-1
2015530209656,3,9,0,3,0,1,0,0,0,0,2,1,6,2,33,6,1896,2,12,-1,-1,-1
2015530209656,4,9,0,3,0,1,0,0,0,0,2,1,6,1,62,9,1493,2,10,-1,1,-1
2015530209656,5,9,0,10,0,8,0,0,0,0,2,1,6,2,25,5,-1,-1,-1,-1,3,-1
2015530209657,1,9,0,18,0,0,0,0,1,4,1,1,6,1,27,6,2171,2,14,-1,3,-1
2015530209658,1,9,0,3,0,0,0,0,0,0,2,1,6,1,33,6,1242,1,1,-1,1,-1
2015530209658,2,9,0,14,0,0,0,0,0,0,2,1,6,1,52,8,1753,2,10,-1,3,-1
2015530209659,1,9,0,18,0,0,0,0,0,0,1,1,6,1,55,8,-1,-1,-1,-1,-1,-1
2015530209660,1,9,0,18,0,8,0,0,0,0,3,1,2,2,58,9,1598,1,12,-1,-1,-1
2015530209660,2,9,0,9,0,5,0,0,0,0,4,1,6,1,83,11,-1,-1,-1,-1,-1,-1
2015530209661,1,9,0,11,0,0,1,0,1,9,1,1,6,1,37,7,-1,-1,-1,-1,2,-1
2015530209662,1,9,0,9,0,2,0,0,0,0,1,1,6,2,50,8,1749,1,14,-1,1,-1
2015530209663,1,9,0,18,0,1,0,0,0,0,1,1,6,1,-1,-1,-1,-1,-1,-1,-1,-1
2015530209664,1,9,0,5,0,6,0,0,0,0,0,1,6,1,24,5,2521,1,5,-1,1,-1
2015530209664,2,9,0,18,0,8,0,0,0,0,0,1,6,2,41,7,1870,2,10,-1,1,-1
2015530209665,1,9,0,18,0,0,0,0,1,4,1,1,2,1,29,6,1995,1,12,-1,1,-1
2015530209666,1,5,0,18,0,1,1,0,0,0,1,1,6,1,60,9,599,1,25,-1,3,-1
2015530209666,2,9,0,10,0,1,0,0,0,0,2,1,6,1,40,7,3000,2,19,-1,1,-1
2015530209667,1,9,0,1,0,0,0,0,0,0,2,1,6,1,21,5,1596,1,10,-1,3,-1
2015530209668,1,9,0,17,0,1,5,10,1,10,1,1,6,1,18,4,1242,1,15,-1,-1,-1
2015530209669,1,1,0,18,0,8,0,0,0,0,4,1,6,1,40,7,-1,-1,-1,-1,-1,-1
2015530209669,2,9,0,9,0,5,0,0,0,0,3,1,1,1,39,7,1598,2,2,-1,3,-1
2015530209670,1,9,0,9,0,5,0,0,0,0,4,1,6,1,28,6,1560,2,3,-1,-1,-1
2015530209670,2,9,0,18,0,8,1,0,0,0,1,1,6,1,42,7,1686,2,12,-1,-1,-1
2015530209671,1,9,0,4,0,1,0,0,0,0,1,1,6,2,45,7,1598,1,13,-1,1,-1
2015530209671,2,9,0,3,0,1,0,0,0,0,2,1,6,2,55,8,1461,2,1,-1,1,-1
2015530209672,1,9,0,4,0,0,0,0,0,0,1,1,2,1,30,6,2148,2,12,-1,3,-1
2015530209672,2,9,0,3,0,0,0,0,0,0,2,1,2,1,27,6,1598,1,9,-1,3,-1
2015530209672,3,90,0,2,0,0,0,0,0,0,2,1,1,2,52,8,2998,2,3,-1,3,-1
2015530209673,1,9,0,5,0,8,0,0,0,0,1,1,6,2,43,7,-1,-1,-1,-1,1,-1
2015530209673,2,9,0,18,0,8,0,0,0,0,3,1,6,1,58,9,1364,1,6,-1,1,-1
2015530209684,1,9,0,9,0,2,0,0,0,0,1,1,6,2,21,5,1339,1,12,-1,1,-1
2015530209685,1,9,0,9,0,5,0,0,0,0,1,2,6,1,50,8,-1,-1,-1,-1,-1,-1
2015530209685,2,9,0,18,0,8,0,0,1,11,1,1,6,2,80,11,1997,2,14,-1,3,-1
2015530209686,1,9,0,13,0,0,0,0,0,0,0,1,6,1,28,6,1360,1,9,-1,1,-1
2015530209686,2,3,0,13,0,0,0,0,7,0,0,1,6,1,19,4,124,1,-1,-1,2,-1
2015530209687,1,9,0,12,0,0,5,0,1,0,3,1,6,2,29,6,1398,2,9,-1,1,-1
2015530209687,2,9,0,13,0,0,0,0,0,0,4,1,6,1,43,7,1999,1,12,-1,1,-1
2015530209688,1,9,0,18,0,0,0,0,0,0,1,1,6,1,69,10,2720,2,9,-1,3,-1
2015530209688,2,9,0,4,0,0,0,0,0,0,1,1,6,2,72,10,2231,2,-1,-1,3,-1
2015530209689,1,9,0,5,0,6,0,0,0,0,3,1,6,1,84,11,1598,1,4,-1,3,-1
2015530209689,2,9,0,18,0,8,0,0,0,0,1,1,6,2,46,8,1198,1,9,-1,2,-1
2015530209690,1,19,0,18,0,4,0,0,0,0,1,1,1,1,52,8,1995,2,6,-1,1,-1
2015530209690,2,1,0,18,0,8,0,0,0,0,2,1,2,2,39,7,-1,-1,-1,-1,1,-1
2015530209691,1,9,0,18,0,0,0,0,0,0,1,1,1,1,44,7,-1,-1,-1,-1,1,-1
2015530209691,2,1,0,18,0,0,0,0,0,0,2,1,6,1,37,7,-1,-1,-1,-1,-1,-1
2015530209692,1,9,0,13,0,8,0,0,0,0,1,2,6,1,62,9,1582,1,52,-1,-1,-1
2015530209692,2,9,0,18,0,8,0,0,0,0,1,1,6,1,66,10,1596,1,14,-1,2,-1
2015530209692,3,9,0,7,0,5,0,0,0,0,0,1,6,3,-1,-1,-1,-1,-1,-1,-1,-1
2015530209693,1,1,0,7,0,2,0,0,0,0,2,1,6,1,45,7,-1,-1,-1,-1,1,-1
2015530209693,2,9,0,3,0,2,0,0,0,0,1,1,6,1,25,5,-1,-1,-1,-1,-1,-1
2015530209694,1,9,0,9,0,6,0,10,0,0,3,1,6,1,19,4,1388,1,6,-1,-1,-1
2015530209694,2,9,0,17,0,8,1,0,0,0,0,1,6,1,22,5,1360,1,16,-1,2,-1
2015530209695,1,3,0,13,0,1,0,0,0,0,1,1,2,1,19,4,124,1,1,-1,1,-1
2015530209695,2,9,0,12,0,1,0,0,0,0,3,1,6,1,39,7,1753,2,7,-1,2,-1
2015530209696,1,9,0,3,0,0,0,0,0,0,1,1,1,2,30,6,1560,2,3,-1,3,-1
2015530209696,2,9,0,3,0,0,0,0,0,0,3,1,2,1,20,4,2148,2,11,-1,2,-1
2015530209696,3,9,0,4,0,0,0,0,0,0,0,1,2,1,45,7,1997,2,3,-1,1,-1
2015530209697,1,9,0,18,0,0,0,0,7,11,1,1,6,1,20,4,1600,1,16,-1,-1,-1
2015530209698,1,9,0,18,0,0,0,0,0,0,0,1,6,2,55,8,-1,-1,-1,-1,-1,-1
2015530209698,2,9,0,4,0,0,0,0,0,0,3,1,6,1,60,9,1896,2,7,-1,3,-1
2015530209698,3,9,0,4,0,0,0,0,0,0,2,1,6,1,45,7,1998,2,4,-1,1,-1
2015530209698,4,5,0,4,0,0,1,0,0,0,1,1,2,1,44,7,998,1,15,-1,2,-1
2015530209699,1,9,0,7,0,6,0,0,0,0,2,1,6,2,71,10,1598,1,8,-1,2,-1
2015530209699,2,9,0,18,0,8,0,0,0,0,1,1,6,1,19,4,-1,-1,-1,-1,1,-1
2015530209700,1,9,0,4,0,0,0,0,0,0,4,1,2,2,61,9,1596,1,6,-1,2,-1
2015530209701,1,4,0,16,0,2,1,0,7,11,4,1,6,1,26,6,599,1,3,-1,1,-1
2015530209702,1,9,0,18,0,1,0,0,0,0,1,1,1,1,45,7,-1,-1,-1,-1,1,-1
2015530209702,2,9,0,10,0,1,0,0,0,0,2,1,1,2,55,8,1796,1,9,-1,1,-1
2015530209703,1,9,0,18,0,0,0,0,0,0,1,1,2,2,25,5,-1,-1,-1,-1,1,-1
2015530209703,2,9,0,18,0,0,1,0,7,0,3,1,2,2,23,5,1124,1,12,-1,1,-1
2015530209704,1,9,0,18,0,0,0,0,0,0,1,1,6,1,34,6,-1,-1,-1,-1,3,-1
2015530209705,1,9,0,18,0,1,0,0,0,0,2,1,6,3,-1,-1,1586,1,4,-1,-1,-1
2015530209705,2,5,0,18,0,2,0,0,0,0,1,1,1,1,58,9,1195,1,1,-1,1,-1
2015530209706,1,9,0,9,0,2,0,0,0,0,0,1,6,1,74,10,1600,2,4,-1,3,-1
2015530209706,2,9,0,18,0,2,1,0,0,0,0,1,6,2,37,7,1149,1,11,-1,2,-1
2015530209707,1,9,0,18,0,0,2,0,2,10,4,1,6,1,17,4,1198,1,13,-1,1,-1
2015530209708,1,2,0,18,9,1,0,0,0,0,1,1,6,3,-1,-1,-1,-1,-1,-1,-1,-1
2015530209708,2,1,0,18,9,2,0,4,0,0,1,1,1,1,16,4,-1,-1,-1,-1,1,-1
2015530209708,3,9,0,2,0,2,0,0,0,0,4,1,6,3,-1,-1,-1,-1,-1,-1,-1,-1
2015530209709,1,19,0,18,0,1,0,0,0,0,1,1,1,1,42,7,1560,2,5,-1,1,-1
2015530209709,2,19,0,4,0,1,0,0,0,0,2,1,1,1,44,7,-1,-1,-1,-1,1,-1
2015530209710,1,3,0,18,0,8,0,0,0,0,3,1,6,1,30,6,100,1,12,-1,1,-1
2015530209710,2,9,0,9,0,6,0,0,0,0,3,1,6,1,43,7,2204,2,9,-1,1,-1
2015530209711,1,5,0,18,0,0,0,10,0,0,1,1,6,1,22,5,636,1,9,-1,1,-1
2015530209712,1,9,0,17,0,1,0,0,1,0,1,1,6,1,29,6,1968,2,8,-1,2,-1
2015530209712,2,1,0,16,0,2,2,0,0,0,1,1,6,1,18,4,-1,-1,-1,-1,1,-1
2015530209713,1,4,0,4,0,2,0,0,0,0,1,1,1,1,64,9,649,1,7,-1,2,-1
2015530209713,2,9,0,2,0,2,0,0,0,0,2,1,1,1,57,9,-1,-1,-1,-1,1,-1
2015530209714,1,3,0,18,0,2,0,0,7,1,1,1,6,1,25,5,125,1,17,-1,1,-1
2015530209715,1,9,0,9,0,5,0,0,0,0,1,1,6,1,22,5,1242,1,-1,-1,-1,-1
2015530209715,2,3,0,18,0,8,0,0,0,0,1,1,6,1,20,4,-1,-1,-1,-1,1,-1
2015530209716,1,9,0,18,0,6,0,0,0,0,1,1,2,1,59,9,1596,1,10,-1,3,-1
2015530209716,2,9,0,18,0,8,0,0,0,0,3,1,6,1,60,9,1598,2,2,-1,2,-1
2015530209716,3,19,0,18,0,8,0,0,0,0,1,1,6,1,44,7,1995,2,2,-1,-1,-1
2015530209718,1,5,0,18,0,1,0,0,0,0,0,1,6,1,56,9,1585,1,5,-1,-1,-1
2015530209718,2,9,0,18,0,1,0,0,0,0,0,1,6,1,32,6,1984,1,16,-1,2,-1
2015530209719,1,9,0,18,0,6,0,0,0,0,1,1,2,1,42,7,1988,1,16,-1,1,-1
2015530209719,2,1,0,18,0,8,0,0,0,0,1,1,2,1,34,6,-1,-1,-1,-1,1,-1
2015530209720,1,9,0,18,0,0,0,0,0,0,1,1,2,1,50,8,1498,1,7,-1,1,-1
2015530209721,1,9,0,5,0,3,0,0,0,0,1,1,1,1,56,9,1956,2,1,-1,2,-1
2015530209721,2,3,0,8,0,3,0,0,0,0,2,1,2,2,57,9,125,1,1,-1,2,-1
2015530209722,1,1,0,18,0,3,0,0,0,0,4,1,1,1,55,8,-1,-1,-1,-1,1,-1
2015530209722,2,9,0,18,0,4,0,0,0,0,1,1,6,2,34,6,1560,2,3,-1,1,-1
2015530209724,1,9,0,18,0,6,0,0,0,0,1,1,6,1,77,11,-1,-1,-1,-1,1,-1
2015530209724,2,9,0,18,0,8,1,0,1,1,1,1,6,1,55,8,1997,2,1,-1,1,-1
2015530209725,1,9,0,18,0,0,0,0,0,0,1,1,1,2,36,7,1685,2,2,-1,1,-1
2015530209725,2,19,0,4,0,0,0,0,0,0,2,1,1,1,33,6,1995,2,3,-1,1,-1
2015530209725,3,9,0,4,0,0,0,0,0,0,1,1,1,1,61,9,1997,2,3,-1,3,-1
2015530209727,1,9,0,3,0,1,0,0,0,0,2,1,6,1,31,6,1242,1,11,-1,3,-1
2015530209727,2,9,0,11,0,1,0,0,0,0,1,1,6,1,65,9,1968,2,5,-1,3,-1
2015530209728,1,9,0,18,0,1,1,0,0,0,1,1,6,1,30,6,1975,1,8,-1,-1,-1
2015530209728,2,9,0,18,0,1,0,0,0,0,2,1,6,2,40,7,1686,2,4,-1,3,-1
2015530209728,3,9,0,18,0,1,0,0,0,0,2,1,6,1,50,8,1798,8,1,-1,2,-1
2015530209729,1,9,0,9,9,5,0,0,0,0,3,1,2,2,25,5,-1,-1,-1,-1,1,-1
2015530209730,1,9,0,5,0,4,0,0,0,0,1,2,6,1,-1,-1,-1,-1,-1,-1,-1,-1
2015530209730,2,9,0,5,0,4,1,0,0,0,1,1,6,2,40,7,1995,2,3,-1,1,-1
2015530209732,1,9,0,18,0,0,0,0,0,0,1,1,6,1,-1,-1,-1,-1,-1,-1,-1,-1
2015530209733,1,4,0,14,0,8,5,4,7,9,1,1,1,1,34,6,-1,-1,-1,-1,2,-1
2015530209733,2,9,0,9,0,5,0,0,0,0,2,1,6,1,23,5,-1,-1,-1,-1,1,-1
2015530209734,1,8,0,17,0,0,0,0,0,0,2,1,1,1,34,6,1999,1,4,-1,1,-1
2015530209735,1,9,0,9,0,2,0,0,7,4,1,1,6,2,82,11,1388,1,6,-1,1,-1
2015530209736,1,9,0,17,0,0,0,0,0,0,1,1,6,1,39,7,-1,-1,-1,-1,3,-1
2015530209736,2,9,0,16,0,0,0,0,0,0,1,1,6,2,81,11,1598,1,5,-1,-1,-1
2015530209737,1,9,0,18,0,1,0,0,0,0,1,1,6,1,69,10,1956,2,2,-1,1,-1
2015530209737,2,9,0,18,0,1,0,0,0,0,3,1,6,1,23,5,1686,2,11,-1,1,-1
2015530209738,1,19,0,9,0,5,0,0,0,0,1,1,1,1,29,6,2143,2,1,-1,1,-1
2015530209738,2,19,0,18,0,8,0,0,0,0,1,1,1,1,60,9,1998,2,15,-1,1,-1
2015530209739,1,9,0,18,0,0,0,0,1,3,4,1,6,2,26,6,3200,1,7,-1,1,-1
2015530209740,1,11,0,4,0,0,0,0,0,0,0,1,1,1,58,9,9000,2,2,-1,1,-1
2015530209743,1,9,0,7,0,6,0,0,0,0,1,1,2,2,53,8,1299,1,12,-1,1,-1
2015530209743,2,1,0,18,0,8,0,0,0,0,1,1,2,1,66,10,-1,-1,-1,-1,1,-1
2015530209744,1,9,0,9,0,5,0,0,0,0,1,1,6,1,72,10,1596,1,3,-1,1,-1
2015530209744,2,1,0,18,0,8,0,0,0,0,1,1,6,1,33,6,-1,-1,-1,-1,-1,-1
2015530209745,1,9,0,18,0,0,0,0,4,6,1,1,6,1,71,10,1834,1,15,-1,3,-1
2015530209746,1,9,0,3,0,1,0,0,0,0,4,1,1,1,28,6,2268,2,2,-1,1,-1
2015530209746,2,9,0,5,0,1,0,0,0,0,1,1,6,1,58,9,1968,2,10,-1,-1,-1
2015530209747,1,9,0,18,0,1,0,0,0,0,1,1,2,2,44,7,1686,2,2,-1,3,-1
2015530209747,2,9,0,3,0,1,0,0,0,0,2,1,6,2,70,10,1339,1,9,-1,1,-1
2015530209748,1,9,0,9,0,5,0,0,0,0,1,1,2,2,30,6,1598,1,13,-1,3,-1
2015530209748,2,5,0,18,0,8,0,0,0,0,1,1,6,1,25,5,636,1,1,-1,1,-1
2015530209750,1,9,0,18,0,8,0,0,0,0,1,1,6,1,50,8,998,1,18,-1,1,-1
2015530209750,2,9,0,9,0,5,0,0,0,0,2,1,6,1,40,7,995,1,2,-1,1,-1
2015530209751,1,9,0,9,0,5,0,0,0,0,3,1,2,1,43,7,-1,-1,-1,-1,1,-1
2015530209751,2,3,0,13,0,8,0,0,0,0,1,1,6,1,27,6,125,1,-1,-1,1,-1
2015530209752,1,3,0,12,0,3,1,0,0,0,3,1,6,1,19,4,125,1,5,-1,2,-1
2015530209752,2,9,0,12,0,3,0,0,0,0,4,1,6,2,51,8,-1,-1,-1,-1,3,-1
2015530209753,1,9,0,18,0,3,5,0,1,0,1,1,6,1,47,8,1973,1,16,-1,-1,-1
2015530209753,2,21,0,18,0,8,0,0,0,0,1,1,1,2,27,6,12740,2,1,-1,1,-1
2015530209754,1,9,0,18,0,1,0,0,0,0,1,1,1,1,19,4,1998,2,11,-1,3,-1
2015530209754,2,9,0,3,0,8,0,0,0,0,2,1,1,2,44,7,2184,2,1,-1,-1,-1
2015530209755,1,9,0,18,0,0,0,0,1,11,1,1,6,2,23,5,-1,-1,-1,-1,1,-1
2015530209756,1,9,0,10,0,0,0,0,0,0,2,1,1,2,21,5,-1,-1,-1,-1,-1,-1
2015530209756,2,21,0,18,0,0,0,0,0,0,1,1,1,1,47,8,10518,2,4,-1,1,-1
2015530209757,1,9,0,18,0,8,5,0,1,4,1,1,6,1,50,8,1598,1,5,-1,1,-1
2015530209758,1,9,0,1,0,0,0,0,0,0,2,1,3,2,30,6,1796,1,7,-1,1,-1
2015530209760,1,9,0,18,0,8,0,0,0,0,1,1,2,1,23,5,1995,2,10,-1,1,-1
2015530209760,2,9,0,4,0,8,0,0,0,0,2,1,2,2,55,8,998,1,1,-1,1,-1
2015530209760,3,9,0,4,0,8,0,0,0,0,2,1,6,2,44,7,1560,2,7,-1,1,-1
2015530209760,4,9,0,3,0,8,0,0,0,0,2,1,6,1,55,8,1968,2,1,-1,1,-1
2015530209761,1,1,0,18,0,8,0,0,0,0,1,1,1,1,41,7,-1,-1,-1,-1,-1,-1
2015530209761,2,9,0,9,0,8,0,0,0,0,2,1,6,2,54,8,1984,1,4,-1,1,-1
2015530209762,1,5,0,17,0,0,2,0,1,9,1,1,6,1,28,6,1170,1,7,-1,1,-1
2015530209763,1,9,0,18,0,0,0,0,0,0,1,1,6,1,44,7,-1,-1,-1,-1,-1,-1
2015530209763,2,9,0,4,0,0,0,0,0,0,2,1,1,2,37,7,1240,1,11,-1,1,-1
2015530209764,1,9,0,18,0,8,0,0,0,0,1,1,6,1,65,9,1598,2,4,-1,1,-1
2015530209764,2,1,0,18,0,6,0,0,0,0,4,1,6,1,15,3,-1,-1,-1,-1,1,-1
2015530209765,1,21,0,16,0,0,0,0,0,0,1,1,6,1,69,10,-1,-1,-1,-1,1,-1
2015530209766,1,9,0,18,0,0,0,0,0,0,1,1,2,1,33,6,1598,2,3,-1,1,-1
2015530209766,2,9,0,4,0,0,0,0,0,0,2,1,2,2,42,7,998,1,8,-1,3,-1
2015530209768,1,9,0,13,0,8,0,0,0,0,1,1,1,1,39,7,1997,2,7,-1,1,-1
2015530209768,2,9,0,9,0,5,0,0,0,0,3,1,2,1,26,6,2204,2,9,-1,1,-1
2015530209769,1,9,0,9,0,6,0,0,0,0,1,1,2,2,36,7,1951,2,9,-1,3,-1
2015530209769,2,9,0,18,0,8,0,0,0,0,1,1,2,1,43,7,1968,2,2,-1,1,-1
2015530209770,1,9,0,9,0,1,0,0,0,0,4,1,1,1,63,9,1995,2,6,-1,1,-1
2015530209770,2,5,0,13,0,1,0,0,0,0,1,1,2,1,35,6,559,1,15,-1,1,-1
2015530209771,1,9,0,4,0,1,0,0,0,0,1,1,2,1,61,9,1242,1,19,-1,1,-1
2015530209772,1,9,0,18,0,0,0,0,0,0,1,1,2,2,21,5,1149,1,12,-1,1,-1
2015530209773,1,9,0,18,0,0,0,0,0,0,1,1,6,2,40,7,1598,2,4,-1,3,-1
2015530209774,1,9,0,18,0,0,1,0,1,2,1,1,6,1,19,4,1560,2,-1,-1,1,-1
2015530209775,1,1,0,18,0,1,0,0,0,0,1,1,6,1,28,6,-1,-1,-1,-1,1,-1
2015530209775,2,9,0,9,0,1,0,0,0,0,3,1,6,1,69,10,1598,1,13,-1,2,-1
2015530209776,1,9,0,18,0,1,0,0,0,0,1,1,6,2,38,7,1390,1,9,-1,2,-1
2015530209776,2,9,0,2,0,1,0,0,0,0,0,1,6,2,35,6,-1,-1,-1,-1,2,-1
2015530209777,1,17,0,18,0,0,0,5,0,0,1,1,1,1,71,10,4000,2,5,-1,3,-1
2015530209778,1,9,0,18,0,2,0,0,0,0,4,1,6,2,85,11,1389,1,11,-1,1,-1
2015530209779,1,9,0,13,0,1,0,0,0,0,1,1,2,1,52,8,2987,2,1,-1,1,-1
2015530209779,2,9,0,10,0,1,0,0,7,1,1,1,2,1,68,10,-1,-1,-1,-1,3,-1
2015530209780,1,9,0,18,0,8,0,0,0,0,1,1,6,1,32,6,-1,-1,-1,-1,-1,-1
2015530209780,2,1,0,18,0,8,0,0,0,0,1,1,6,1,19,4,-1,-1,-1,-1,-1,-1
2015530209781,1,9,0,18,0,6,0,0,0,0,1,1,6,1,19,4,-1,-1,-1,-1,2,-1
2015530209781,2,9,0,18,0,8,0,0,0,0,3,1,6,2,31,6,-1,-1,-1,-1,2,-1
2015530209782,1,9,0,18,0,0,0,0,0,0,1,1,6,1,51,8,1968,2,10,-1,1,-1
2015530209783,1,9,0,18,0,0,0,0,0,0,1,1,6,1,28,6,1896,2,12,-1,1,-1
2015530209784,1,9,0,18,0,0,0,0,0,0,1,1,6,2,30,6,1598,1,16,-1,1,-1
2015530209785,1,9,0,6,0,0,0,0,0,0,2,1,6,1,47,8,1199,1,12,-1,1,-1
2015530209785,2,9,0,17,0,0,0,0,0,0,1,1,6,1,28,6,1390,1,8,-1,1,-1
2015530209786,1,9,0,9,0,6,0,0,0,0,3,1,6,2,43,7,1368,1,4,-1,1,-1
2015530209786,2,1,0,18,0,8,0,0,0,0,1,1,6,2,43,7,-1,-1,-1,-1,1,-1
2015530209787,1,9,0,16,0,0,0,0,0,0,1,1,3,1,52,8,2495,2,20,-1,-1,-1
2015530209787,2,19,0,17,0,0,0,0,0,0,1,1,1,1,59,9,2402,2,9,-1,3,-1
2015530209788,1,9,0,18,0,4,0,0,0,0,1,1,1,2,50,8,1248,1,6,-1,-1,-1
2015530209788,2,1,0,18,0,4,0,0,0,0,4,1,1,2,23,5,-1,-1,-1,-1,1,-1
2015530209789,1,9,0,16,0,1,0,0,0,0,4,1,6,2,18,4,1229,1,9,-1,1,-1
2015530209790,1,9,0,18,0,0,0,0,0,0,1,1,6,1,55,8,-1,-1,-1,-1,1,-1
2015530209790,2,1,0,18,0,0,0,0,0,0,1,1,6,1,35,6,-1,-1,-1,-1,1,-1
2015530209791,1,9,0,5,0,0,0,4,0,0,1,1,6,1,57,9,2979,1,13,-1,1,-1
2015530209791,2,9,0,2,0,0,0,0,0,0,1,1,6,1,72,10,2295,1,13,-1,3,-1
2015530209791,3,9,0,2,0,0,0,0,0,0,1,1,6,2,28,6,1596,1,5,-1,1,-1
2015530209792,1,9,0,18,0,0,0,0,0,0,1,1,1,2,18,4,973,1,14,-1,1,-1
2015530209792,2,9,0,18,0,0,0,0,0,0,1,1,1,1,48,8,1995,2,12,-1,-1,-1
2015530209792,3,9,0,18,0,0,0,0,0,0,2,1,1,2,34,6,998,1,13,-1,1,-1
2015530209793,1,9,0,16,0,0,0,0,7,0,1,1,6,1,75,10,1329,1,1,-1,-1,-1
2015530209793,2,9,0,17,0,0,5,0,1,0,3,1,6,2,34,6,-1,-1,-1,-1,-1,-1
2015530209793,3,9,0,17,0,0,0,0,0,0,1,1,6,1,39,7,-1,-1,-1,-1,-1,-1
2015530209794,1,9,0,9,0,0,0,0,0,0,2,1,6,1,31,6,1490,1,11,-1,1,-1
2015530209794,2,9,0,18,0,0,0,0,0,0,1,1,6,1,55,8,-1,-1,-1,-1,3,-1
2015530209795,1,9,0,4,0,1,0,0,0,0,1,1,1,1,23,5,1396,1,19,-1,1,-1
2015530209795,2,9,0,4,0,1,0,0,0,0,2,1,1,1,43,7,1395,1,1,-1,1,-1
2015530209796,1,9,0,18,0,8,0,0,0,0,1,1,6,2,40,7,1242,1,11,-1,1,-1
2015530209796,2,9,0,9,0,8,0,0,0,0,2,1,6,2,61,9,2148,2,12,-1,1,-1
2015530209797,1,9,0,18,0,6,0,0,0,0,3,1,6,1,24,5,1781,1,17,-1,2,-1
2015530209797,2,9,0,18,0,8,0,0,0,0,1,1,6,1,25,5,1968,2,11,-1,1,-1
2015530209798,1,9,0,18,0,2,0,0,0,0,1,1,6,1,61,9,1560,2,-1,-1,3,-1
2015530209798,2,9,0,3,0,1,0,0,0,0,3,1,6,2,28,6,1968,2,7,-1,3,-1
2015530209798,3,9,0,3,0,2,0,0,0,0,3,1,6,2,49,8,1242,1,3,-1,2,-1
2015530209799,1,9,0,18,0,0,1,0,7,4,3,1,1,1,60,9,1499,2,-1,-1,1,-1
2015530209799,2,9,0,18,0,0,1,0,7,4,3,1,2,1,38,7,2231,2,3,-1,1,-1
2015530209800,1,9,0,4,0,0,0,0,0,0,2,1,1,2,36,7,1242,1,10,-1,1,-1
2015530209800,2,9,0,18,0,0,0,0,0,0,1,1,6,1,55,8,-1,-1,-1,-1,-1,-1
2015530209801,1,9,0,9,0,6,0,0,0,0,4,1,1,1,39,7,-1,-1,-1,-1,3,-1
2015530209801,2,9,0,18,0,8,0,0,0,0,1,1,6,2,19,4,1242,1,8,-1,1,-1
2015530209802,1,9,0,18,0,1,0,0,7,0,4,1,6,1,66,10,1995,2,4,-1,3,-1
2015530209802,2,9,0,7,0,1,0,0,1,0,3,1,6,1,72,10,1598,1,10,-1,3,-1
2015530209803,1,9,0,18,0,8,0,0,0,0,1,1,6,1,50,8,-1,-1,-1,-1,-1,-1