Accident_Index,Vehicle_Reference,Vehicle_Type,Towing_and_Articulation,Vehicle_Manoeuvre,Vehicle_Location-Restricted_Lane,Junction_Location,Skidding_and_Overturning,Hit_Object_in_Carriageway,Vehicle_Leaving_Carriageway,Hit_Object_off_Carriageway,1st_Point_of_Impact,Was_Vehicle_Left_Hand_Drive?,Journey_Purpose_of_Driver,Sex_of_Driver,Age_of_Driver,Age_Band_of_Driver,Engine_Capacity_(CC),Propulsion_Code,Age_of_Vehicle,Driver_IMD_Decile,Driver_Home_Area_Type,Vehicle_IMD_Decile
2015530209803,2,1,0,18,0,8,0,0,0,0,4,1,6,1,15,3,-1,-1,-1,-1,1,-1
2015530209804,1,9,0,4,0,0,1,0,0,0,1,1,6,1,23,5,2982,2,2,-1,3,-1
2015530209804,2,9,0,3,0,0,0,0,0,0,2,1,6,1,26,6,1781,1,13,-1,1,-1
2015530209804,3,9,0,18,0,0,0,0,0,0,1,1,6,2,54,8,1198,1,5,-1,1,-1
2015530209805,1,5,0,12,0,2,2,0,6,10,1,1,6,1,25,5,599,1,11,-1,1,-1
2015530209805,2,9,0,12,0,2,0,0,0,0,2,1,6,1,19,4,1896,2,9,-1,2,-1
2015530209806,1,9,0,9,0,6,0,0,0,0,4,1,2,2,32,6,1598,2,3,-1,1,-1
2015530209806,2,9,0,18,0,1,0,0,0,0,4,1,6,1,25,5,1390,1,8,-1,1,-1
2015530209807,1,9,0,13,0,0,0,0,0,0,4,1,6,1,-1,-1,-1,-1,-1,-1,-1,-1
2015530209807,2,1,0,18,0,0,0,0,0,0,0,1,6,1,43,7,-1,-1,-1,-1,-1,-1
2015530209808,1,9,0,18,0,0,2,0,0,0,3,1,6,1,21,5,1360,1,13,-1,1,-1
2015530209808,2,9,0,18,0,0,0,0,0,0,4,1,6,2,58,9,-1,-1,-1,-1,3,-1
2015530209809,1,9,0,18,0,0,0,0,0,0,1,1,6,2,27,6,1242,1,-1,-1,1,-1
2015530209809,2,9,0,18,0,0,0,0,0,0,2,1,6,1,28,6,1560,2,5,-1,3,-1
2015530209810,1,19,0,18,0,0,0,0,0,0,1,1,2,1,53,8,1753,2,11,-1,1,-1
2015530209810,2,9,0,18,0,0,0,0,1,0,1,1,6,2,56,9,998,1,18,-1,2,-1
2015530209811,1,3,0,12,0,1,0,0,0,0,1,1,6,1,26,6,125,1,7,-1,1,-1
2015530209811,2,9,0,18,0,2,0,0,0,0,1,1,6,1,50,8,1596,1,5,-1,1,-1
2015530209812,1,9,0,18,0,0,0,0,0,0,1,1,1,2,57,9,1398,2,12,-1,1,-1
2015530209812,2,9,0,18,0,0,0,0,1,0,1,1,1,2,26,6,1124,1,17,-1,1,-1
2015530209812,3,19,0,2,0,0,0,0,0,0,0,1,6,3,-1,-1,-1,-1,-1,-1,-1,-1
2015530209813,1,9,0,16,0,0,2,0,1,0,1,1,6,1,26,6,1598,1,15,-1,-1,-1
2015530209813,2,9,0,16,0,0,0,0,7,9,3,1,6,1,23,5,2967,2,9,-1,-1,-1
2015530209813,3,21,1,17,0,0,0,0,0,0,1,1,1,1,33,6,12777,2,2,-1,2,-1
2015530209814,1,5,0,18,0,1,0,0,0,0,1,1,2,1,26,6,1150,1,3,-1,1,-1
2015530209814,2,9,0,6,0,1,0,0,0,0,4,1,1,2,50,8,1896,2,6,-1,1,-1
2015530209815,1,9,0,1,0,6,0,0,0,0,2,1,3,1,37,7,1599,1,12,-1,1,-1
2015530209816,1,5,0,18,0,8,0,0,0,0,1,1,6,1,65,9,781,1,17,-1,-1,-1
2015530209816,2,9,0,9,0,6,0,0,0,0,2,1,6,1,62,9,1796,2,2,-1,1,-1
2015530209817,1,9,0,18,0,0,1,10,7,4,1,1,6,1,27,6,-1,-1,-1,-1,1,-1
2015530209818,1,9,0,9,0,5,0,0,0,0,1,1,6,1,-1,-1,-1,-1,-1,-1,-1,-1
2015530209818,2,1,0,17,0,1,0,0,0,0,1,1,1,1,55,8,-1,-1,-1,-1,1,-1
2015530209819,1,9,0,18,0,3,0,10,1,2,1,1,6,1,38,7,1997,1,13,-1,1,-1
2015530209820,1,9,0,11,0,0,5,0,2,7,4,1,2,1,24,5,2494,1,14,-1,1,-1
2015530209820,2,9,0,18,0,0,0,0,2,7,3,1,2,1,76,11,2499,1,6,-1,1,-1
2015530209821,1,9,0,18,0,0,0,4,8,4,1,1,6,1,29,6,1896,2,12,-1,1,-1
2015530209821,2,9,0,2,0,0,0,0,0,0,3,1,6,1,62,9,2993,2,4,-1,1,-1
2015530209822,1,9,0,9,0,5,0,0,0,0,1,1,6,1,28,6,1984,1,15,-1,1,-1
2015530209822,2,9,0,18,0,8,0,0,1,0,3,1,6,1,39,7,-1,-1,-1,-1,1,-1
2015530209823,1,9,0,12,0,8,0,0,0,0,1,1,6,2,66,10,1699,1,5,-1,-1,-1
2015530209823,2,5,0,18,0,8,0,0,0,0,2,1,6,1,46,8,1198,1,-1,-1,3,-1
2015530209824,1,9,0,9,0,2,0,0,0,0,1,1,1,1,35,6,1988,2,10,-1,1,-1
2015530209825,1,9,0,13,0,8,0,0,0,0,1,1,6,1,28,6,1968,2,2,-1,1,-1
2015530209825,2,9,0,9,0,5,0,0,0,0,3,1,6,1,47,8,1560,2,5,-1,1,-1
2015530209826,1,9,0,18,0,2,0,0,0,0,1,1,6,2,88,11,1596,1,13,-1,2,-1
2015530209826,2,9,0,2,0,2,0,0,0,0,2,1,6,2,81,11,-1,-1,-1,-1,3,-1
2015530209827,1,19,0,16,0,0,0,0,0,0,3,1,1,1,39,7,1868,2,14,-1,-1,-1
2015530209827,2,9,0,17,0,0,0,0,0,0,1,1,6,1,24,5,1598,1,6,-1,3,-1
2015530209828,1,9,0,16,0,2,1,0,0,0,1,1,6,1,46,8,1198,1,6,-1,-1,-1
2015530209828,2,9,0,17,0,1,2,0,0,0,1,1,6,1,77,11,2179,2,12,-1,1,-1
2015530209829,1,9,0,18,0,8,1,0,0,0,1,1,6,1,44,7,-1,-1,-1,-1,2,-1
2015530209830,1,9,0,1,0,0,0,0,0,0,2,1,6,1,67,10,1595,1,2,-1,1,-1
2015530209831,1,9,0,18,0,4,1,0,0,0,3,1,6,3,-1,-1,-1,-1,-1,-1,-1,-1
2015530209831,2,9,0,18,0,8,0,0,0,0,4,1,2,2,35,6,1753,2,9,-1,1,-1
2015530209832,1,9,0,18,0,0,0,0,0,0,0,1,1,2,42,7,999,1,-1,-1,1,-1
2015530209833,1,4,0,18,0,1,1,0,0,0,0,1,2,1,44,7,124,1,4,-1,1,-1
2015530209834,1,5,0,3,0,2,0,0,0,0,0,1,2,1,25,5,-1,-1,-1,-1,-1,-1
2015530209834,2,9,0,18,0,2,0,0,0,0,4,1,6,1,90,11,1198,1,4,-1,1,-1
2015530209835,1,9,0,9,0,8,0,0,0,0,1,1,6,2,75,10,1398,1,-1,-1,1,-1
2015530209835,2,21,1,18,0,8,1,0,0,0,1,1,1,1,50,8,10518,2,2,-1,-1,-1
2015530209836,1,21,1,4,0,0,0,0,0,0,1,1,1,1,33,6,10837,2,2,-1,1,-1
2015530209836,2,9,0,3,0,0,0,0,0,0,2,1,6,1,23,5,1997,2,12,-1,3,-1
2015530209836,3,21,1,3,0,0,0,0,0,0,2,1,1,1,49,8,-1,-1,-1,-1,2,-1
2015530209836,4,9,0,3,0,0,0,0,0,0,2,1,6,1,44,7,1997,2,9,-1,3,-1
2015530209836,5,9,0,3,0,0,0,0,0,0,2,1,6,1,42,7,1598,2,4,-1,2,-1
2015530209836,6,9,0,3,0,0,0,0,0,0,2,1,6,2,23,5,1242,1,3,-1,1,-1
2015530209836,7,9,0,3,0,0,0,0,0,0,2,1,6,1,19,4,1124,1,15,-1,-1,-1
2015530209837,1,9,0,9,0,6,0,0,0,0,0,1,2,1,29,6,1560,2,1,-1,2,-1
2015530209837,2,9,0,18,0,1,2,10,2,10,4,1,2,2,22,5,1595,1,4,-1,-1,-1
2015530209838,1,5,0,16,0,0,0,0,1,0,1,1,2,1,58,9,1255,1,3,-1,1,-1
2015530209838,2,9,0,17,0,0,0,0,0,0,0,1,6,3,-1,-1,-1,-1,-1,-1,-1,-1
2015530209839,1,9,0,18,0,3,0,0,0,0,1,1,6,1,55,8,2979,1,12,-1,-1,-1
2015530209839,2,1,0,18,0,8,1,0,0,0,3,1,6,1,9,2,-1,-1,-1,-1,-1,-1
2015530209840,1,9,0,7,0,6,0,0,0,0,3,1,6,1,30,6,1364,1,10,-1,-1,-1
2015530209840,2,4,0,9,0,8,0,0,0,0,4,1,6,1,43,7,-1,-1,-1,-1,1,-1
2015530209841,1,9,0,9,0,5,0,0,0,0,1,1,6,1,56,9,2987,2,9,-1,1,-1
2015530209841,2,9,0,18,0,8,0,0,0,0,2,1,6,1,73,10,1995,2,7,-1,1,-1
2015530209842,1,9,0,18,0,0,0,0,0,0,1,1,6,2,25,5,1197,1,-1,-1,-1,-1
2015530209842,2,9,0,18,0,0,0,0,0,0,1,1,6,1,32,6,1968,2,3,-1,1,-1
2015530209843,1,9,0,18,0,0,0,0,0,0,4,1,6,1,64,9,1598,1,14,-1,1,-1
2015530209844,1,9,0,18,0,0,0,0,0,0,1,1,6,2,59,9,1590,1,12,-1,1,-1
2015530209845,1,9,0,5,0,1,0,0,0,0,1,1,1,1,60,9,1998,2,14,-1,1,-1
2015530209845,2,9,0,5,0,1,0,0,0,0,1,1,1,1,24,5,-1,-1,-1,-1,1,-1
2015530209845,3,9,0,3,0,1,0,0,0,0,2,1,1,2,35,6,-1,-1,-1,-1,1,-1
2015530209846,1,9,0,18,0,0,1,10,7,10,1,1,6,3,-1,-1,1994,2,17,-1,-1,-1
2015530209846,2,90,0,18,0,0,0,0,0,0,0,1,1,1,30,6,-1,-1,-1,-1,-1,-1
2015530209846,3,9,0,18,0,0,0,10,1,10,1,1,6,2,31,6,1995,2,6,-1,1,-1
2015530209846,4,9,0,18,0,0,0,0,0,0,2,1,6,1,49,8,2401,2,10,-1,1,-1
2015530209848,1,9,0,17,0,0,5,0,1,4,1,1,6,2,23,5,1753,2,8,-1,-1,-1
2015530209849,1,9,0,9,0,6,0,0,0,0,1,1,1,1,29,6,1390,1,10,-1,1,-1
2015530209849,2,9,0,18,0,8,0,0,7,10,1,1,1,1,34,6,-1,-1,-1,-1,-1,-1
2015530209850,1,9,0,13,0,0,0,0,0,0,1,1,6,1,49,8,1896,2,9,-1,1,-1
2015530209850,2,19,0,18,0,0,0,0,0,0,3,1,6,1,51,8,2799,2,14,-1,1,-1
2015530209851,1,9,0,18,0,0,0,0,0,0,3,1,6,1,-1,-1,2179,2,1,-1,-1,-1
2015530209852,1,9,0,18,0,4,1,9,7,1,1,1,6,1,28,6,2979,1,12,-1,2,-1
2015530209853,1,9,0,9,0,6,0,0,0,0,1,1,6,2,56,9,1389,1,20,-1,-1,-1
2015530209853,2,9,0,17,0,8,0,0,0,0,1,1,6,2,30,6,1242,1,3,-1,1,-1
2015530209854,1,9,0,9,0,8,0,0,0,0,4,1,6,2,34,6,1796,1,11,-1,1,-1
2015530209854,2,2,0,18,0,8,0,0,0,0,1,1,2,2,23,5,49,1,1,-1,1,-1
2015530209855,1,9,0,6,0,0,0,0,0,0,3,1,6,1,37,7,1199,1,11,-1,1,-1
2015530209855,2,5,0,13,0,0,0,0,0,0,1,1,6,1,45,7,650,1,14,-1,-1,-1
2015530209857,1,1,0,9,0,0,0,0,0,0,1,1,6,1,37,7,-1,-1,-1,-1,1,-1
2015530209857,2,9,0,18,0,0,0,0,0,0,3,1,6,1,50,8,-1,-1,-1,-1,-1,-1
2015530209858,1,9,0,11,0,3,0,0,0,0,4,1,6,1,75,10,998,1,7,-1,1,-1
2015530209858,2,1,0,17,0,1,0,0,0,0,3,1,6,1,49,8,-1,-1,-1,-1,-1,-1
2015530209859,1,9,0,16,0,0,1,0,2,10,1,1,2,2,20,4,1796,1,11,-1,3,-1
2015530209859,2,19,0,17,0,0,0,0,0,0,1,1,1,1,40,7,-1,-1,-1,-1,-1,-1
2015530209860,1,9,0,4,0,1,0,0,0,0,1,1,2,1,30,6,998,1,18,-1,-1,-1
2015530209860,2,1,0,9,5,1,5,0,0,0,4,1,2,1,56,9,-1,-1,-1,-1,-1,-1
2015530209861,1,21,0,18,0,0,1,0,0,0,1,1,1,1,22,5,6871,2,11,-1,1,-1
2015530209861,2,20,0,18,0,0,0,0,0,0,2,1,1,1,27,6,-1,-1,-1,-1,3,-1
2015530209861,3,9,0,18,0,0,1,0,0,0,1,1,6,2,36,7,1900,2,10,-1,1,-1
2015530209862,1,9,0,18,0,0,0,0,0,0,1,1,6,1,-1,-1,1796,1,13,-1,-1,-1
2015530209862,2,9,0,18,0,0,0,0,0,0,1,1,6,1,50,8,-1,-1,-1,-1,-1,-1
2015530209863,1,9,0,9,0,1,0,0,0,0,4,1,1,1,32,6,1396,1,11,-1,1,-1
2015530209863,2,9,0,18,0,1,0,0,0,0,1,1,6,2,63,9,1997,2,5,-1,-1,-1
2015530209864,1,9,0,16,0,4,0,0,0,0,1,1,6,2,55,8,-1,-1,-1,-1,1,-1
2015530209864,2,9,0,17,0,3,0,0,0,0,1,1,6,1,19,4,1598,2,3,-1,2,-1
2015530209865,1,21,0,6,0,1,0,0,0,0,1,1,1,1,57,9,4500,2,-1,-1,2,-1
2015530209865,2,9,0,4,0,1,0,0,0,0,4,1,3,2,44,7,998,1,8,-1,3,-1
2015530209867,1,9,0,9,0,1,0,0,0,0,1,1,6,2,26,6,1329,1,3,-1,3,-1
2015530209867,2,9,0,18,0,1,0,10,0,0,1,1,6,2,41,7,2204,2,9,-1,-1,-1
2015530209868,1,9,0,14,0,1,0,0,0,0,1,1,6,1,29,6,1397,1,13,-1,1,-1
2015530209868,2,9,0,10,0,1,0,0,0,0,1,1,6,2,31,6,1560,2,7,-1,3,-1
2015530209869,1,9,0,5,0,0,0,0,0,0,3,1,1,1,21,5,1229,1,2,-1,1,-1
2015530209869,2,9,0,18,0,0,0,0,0,0,1,1,6,1,17,4,-1,-1,-1,-1,1,-1
2015530209870,1,5,0,4,0,4,1,0,0,0,1,1,6,1,60,9,598,1,20,-1,3,-1
2015530209871,1,17,4,17,0,0,0,0,0,0,2,1,1,1,55,8,-1,2,12,-1,3,-1
2015530209871,2,9,0,16,0,0,0,0,0,0,1,1,6,1,49,8,1781,1,12,-1,3,-1
2015530209872,1,8,0,18,0,8,0,0,0,0,1,1,1,1,22,5,1598,1,11,-1,1,-1
2015530209872,2,9,0,9,0,8,0,0,0,0,4,1,2,1,51,8,1968,2,9,-1,1,-1
2015530209873,1,9,0,18,0,1,0,7,0,0,1,1,6,1,26,6,-1,-1,-1,-1,-1,-1
2015530209873,2,9,0,18,0,1,0,0,0,0,3,1,1,1,36,7,-1,-1,-1,-1,-1,-1
2015530209874,1,9,5,18,0,0,3,0,0,0,2,1,6,1,58,9,1997,2,15,-1,1,-1
2015530209874,2,9,0,16,0,0,0,0,0,0,1,1,6,1,23,5,1956,2,6,-1,1,-1
2015530209874,3,9,0,18,0,0,0,0,0,0,2,1,6,1,50,8,1598,2,4,-1,3,-1
2015530209876,1,9,0,17,0,2,1,0,1,11,1,1,6,1,22,5,1242,1,8,-1,2,-1
2015530209877,1,9,0,9,0,5,0,0,0,0,4,1,6,2,58,9,1598,1,2,-1,1,-1
2015530209877,2,20,0,18,0,8,1,0,1,0,1,1,1,1,29,6,6870,2,3,-1,1,-1
2015530209877,3,19,0,8,0,1,0,0,1,0,1,1,1,1,34,6,1968,2,2,-1,1,-1
2015530209878,1,9,0,18,0,4,0,0,0,0,1,1,2,1,30,6,1796,1,2,-1,1,-1
2015530209878,2,1,0,9,0,8,1,0,0,0,2,1,2,1,41,7,-1,-1,-1,-1,1,-1
2015530209879,1,9,0,9,0,6,0,0,1,10,1,1,6,1,70,10,-1,-1,-1,-1,-1,-1
2015530209879,2,9,0,18,0,8,0,0,7,10,4,1,6,2,42,7,1984,1,19,-1,3,-1
2015530209880,1,9,0,18,0,0,0,0,0,0,4,1,6,1,32,6,1800,1,15,-1,1,-1
2015530209881,1,9,0,13,0,1,1,0,0,0,1,1,6,3,-1,-1,1124,1,15,-1,-1,-1
2015530209881,2,9,0,17,0,1,0,0,0,0,3,1,6,2,51,8,2231,2,3,-1,-1,-1
2015530209882,1,9,0,17,0,0,0,0,8,4,1,1,6,2,21,5,1299,1,14,-1,2,-1
2015530209883,1,9,0,13,0,0,0,0,0,0,4,1,6,1,-1,-1,-1,-1,-1,-1,-1,-1
2015530209883,2,1,0,18,0,0,0,0,0,0,3,1,6,1,44,7,-1,-1,-1,-1,-1,-1
2015530209884,1,9,0,18,0,2,0,0,0,0,1,1,6,2,25,5,1364,1,8,-1,-1,-1
2015530209884,2,2,0,14,0,1,0,0,0,0,2,1,6,1,16,4,49,1,15,-1,1,-1
2015530209885,1,9,0,9,0,6,0,0,0,0,3,1,1,1,35,6,1560,2,9,-1,1,-1
2015530209885,2,9,0,18,0,8,1,0,0,0,1,1,1,1,36,7,2151,2,14,-1,1,-1
2015530209886,1,9,0,18,0,0,0,0,0,0,1,1,6,1,27,6,2497,2,9,-1,3,-1
2015530209886,2,9,0,18,0,0,1,0,2,7,2,1,6,1,77,11,1968,2,9,-1,2,-1
2015530209887,1,9,0,10,0,1,0,0,0,0,1,1,1,1,20,4,1242,1,16,-1,2,-1
2015530209887,2,9,0,10,0,1,0,0,0,0,2,1,1,2,45,7,-1,-1,-1,-1,2,-1
2015530209887,3,9,0,10,0,1,0,0,0,0,2,1,1,2,45,7,1560,2,1,-1,1,-1
2015530209888,1,9,0,18,0,1,0,0,0,0,1,1,6,1,19,4,1299,1,10,-1,2,-1
2015530209888,2,9,0,18,0,8,0,0,0,0,3,1,1,1,57,9,-1,-1,-1,-1,1,-1
2015530209889,1,1,0,18,4,8,0,0,0,0,1,1,2,1,36,7,-1,-1,-1,-1,-1,-1
2015530209889,2,9,0,9,0,1,0,0,0,0,1,1,2,2,25,5,1997,2,13,-1,1,-1
2015530209890,1,9,0,2,0,0,0,0,0,0,0,1,2,1,53,8,1997,2,3,-1,-1,-1
2015530209890,2,9,0,18,0,0,0,0,0,0,2,1,6,1,-1,-1,-1,-1,-1,-1,-1,-1
2015530209891,1,9,0,2,0,0,0,0,0,0,3,1,6,3,-1,-1,-1,-1,-1,-1,-1,-1
2015530209891,2,1,0,18,0,0,0,4,0,0,1,1,6,1,16,4,-1,-1,-1,-1,1,-1
2015530209892,1,9,0,18,0,1,0,0,0,0,1,1,6,2,40,7,1422,2,8,-1,-1,-1
2015530209892,2,9,0,18,0,1,0,0,0,0,1,1,6,2,35,6,1951,2,13,-1,1,-1
2015530209892,3,9,0,3,0,1,0,0,0,0,2,1,6,1,55,8,1598,1,5,-1,1,-1
2015530209892,4,9,0,3,0,1,0,0,0,0,2,1,6,1,40,7,2967,2,6,-1,1,-1
2015530209893,1,9,0,18,0,0,0,0,0,0,1,1,6,1,59,9,2400,2,7,-1,1,-1
2015530209893,2,9,0,3,0,0,0,0,0,0,2,1,6,1,60,9,2979,1,12,-1,1,-1
2015530209894,1,9,0,7,0,6,0,0,0,0,1,1,6,1,90,11,1596,1,12,-1,1,-1
2015530209894,2,90,0,18,0,8,0,0,0,0,4,1,1,1,-1,-1,-1,-1,-1,-1,1,-1
2015530209895,1,5,0,18,0,0,0,0,0,0,1,1,6,1,40,7,696,1,5,-1,-1,-1
2015530209895,2,9,0,18,0,0,0,0,0,0,1,1,6,1,75,10,1199,1,13,-1,3,-1
2015530209895,3,9,0,18,0,0,0,0,0,0,1,1,6,1,66,10,1598,1,9,-1,1,-1
2015530209895,4,9,0,18,0,0,0,0,0,0,1,1,6,1,20,4,-1,-1,-1,-1,3,-1
2015530209896,1,9,0,7,0,5,0,0,0,0,1,1,6,1,71,10,1596,1,11,-1,1,-1
2015530209897,1,9,0,9,0,6,0,0,0,0,3,1,6,1,41,7,1968,2,7,-1,1,-1
2015530209897,2,5,0,18,0,8,0,0,0,0,1,1,6,1,45,7,-1,-1,-1,-1,1,-1
2015530209898,1,4,0,18,0,1,0,0,0,0,1,1,2,1,24,5,124,1,8,-1,1,-1
2015530209898,2,9,0,4,0,1,0,0,0,0,2,1,2,2,27,6,1242,1,6,-1,1,-1
2015530209899,1,9,0,4,0,0,0,0,0,0,1,1,2,1,25,5,1461,2,7,-1,3,-1
2015530209900,1,9,0,9,0,6,0,0,0,0,1,1,6,1,40,7,2494,1,18,-1,1,-1
2015530209900,2,3,0,18,0,8,0,0,0,0,2,1,6,1,21,5,125,1,3,-1,1,-1
2015530209901,1,9,0,9,0,8,0,0,0,0,1,1,6,2,64,9,1968,2,2,-1,3,-1
2015530209901,2,9,0,18,0,3,0,0,0,0,4,1,6,1,19,4,1998,2,8,-1,3,-1
2015530209902,1,9,0,17,0,0,5,0,2,11,1,1,6,2,22,5,1149,1,1,-1,1,-1
2015530209902,2,9,0,16,0,0,0,0,0,0,0,1,6,1,44,7,-1,-1,-1,-1,2,-1
2015530209903,1,9,0,9,0,1,0,0,0,0,3,1,6,1,60,9,1598,2,3,-1,3,-1
2015530209903,2,5,0,14,0,1,1,0,7,0,1,1,6,1,30,6,645,1,6,-1,2,-1
2015530209904,1,5,0,14,0,8,0,0,0,0,1,1,6,1,43,7,1085,1,16,-1,1,-1
2015530209904,2,9,0,9,0,6,0,0,0,0,1,1,6,1,48,8,1796,1,13,-1,1,-1
2015530209905,1,9,0,1,0,8,0,0,0,0,2,1,6,1,56,9,1598,1,10,-1,1,-1
2015530209905,2,1,0,18,0,8,0,0,0,0,1,1,6,1,18,4,-1,-1,-1,-1,1,-1
2015530209906,1,5,0,18,0,1,0,0,0,0,1,1,2,1,35,6,1195,1,1,-1,-1,-1
2015530209906,2,9,0,9,0,1,0,0,0,0,4,1,6,2,70,10,1339,1,4,-1,-1,-1
2015530209907,1,21,0,12,0,0,0,0,0,0,1,1,1,1,49,8,10518,2,-1,-1,1,-1
2015530209907,2,9,0,18,0,0,0,0,1,0,2,1,2,1,49,8,-1,-1,-1,-1,1,-1
2015530209908,1,9,0,18,0,4,0,0,0,0,3,1,2,1,41,7,1975,1,9,-1,1,-1
2015530209908,2,1,0,18,0,8,0,0,0,0,4,1,2,1,32,6,-1,-1,-1,-1,-1,-1
2015530209909,1,2,0,18,0,1,1,0,0,0,1,1,2,2,25,5,108,1,1,-1,3,-1
2015530209909,2,9,0,9,0,1,1,0,0,0,2,1,6,1,62,9,1289,1,16,-1,1,-1
2015530209910,1,9,0,18,0,0,0,0,0,0,4,1,6,2,77,11,2204,2,9,-1,3,-1
2015530209911,1,9,0,1,0,0,0,0,0,0,2,1,6,1,21,5,1390,1,5,-1,1,-1
2015530209911,2,4,0,18,0,0,0,0,0,0,1,1,1,2,22,5,-1,-1,-1,-1,1,-1
2015530209912,1,9,0,18,0,0,0,0,0,0,1,1,6,2,63,9,1360,1,14,-1,1,-1
2015530209912,2,9,0,3,0,0,0,0,0,0,2,1,6,2,22,5,1499,2,1,-1,1,-1
2015530209913,1,9,0,3,0,1,0,0,0,0,2,1,6,2,44,7,-1,-1,-1,-1,1,-1
2015530209913,2,9,0,18,0,1,0,0,0,0,1,1,6,1,37,7,2171,1,10,-1,2,-1
2015530209914,1,2,0,4,0,1,2,0,0,0,1,1,2,1,22,5,124,1,2,-1,1,-1
2015530209914,2,9,0,10,0,8,0,0,0,0,2,1,6,1,68,10,1296,1,7,-1,1,-1
2015530209915,1,2,0,17,0,0,1,0,0,0,3,1,6,1,18,4,49,1,9,-1,1,-1
2015530209921,1,9,0,11,0,0,0,0,0,0,3,1,6,1,72,10,1753,2,13,-1,2,-1
2015530209921,2,19,0,2,0,0,0,0,0,0,4,1,6,1,29,6,-1,-1,-1,-1,3,-1
2015530209921,3,9,0,4,0,0,0,0,0,0,4,1,6,2,53,8,1596,1,12,-1,2,-1
2015530209921,4,19,0,2,0,0,0,0,0,0,4,1,6,1,-1,-1,2459,2,18,-1,2,-1
2015530209922,1,9,0,4,0,1,1,0,0,0,1,1,2,1,43,7,1850,1,15,-1,1,-1
2015530209922,2,9,0,3,0,1,1,0,0,0,2,1,1,1,57,9,1461,2,-1,-1,1,-1
2015530209923,1,1,0,18,0,8,0,0,0,0,4,1,1,1,16,4,-1,-1,-1,-1,1,-1
2015530209923,2,9,0,18,0,2,0,0,0,0,1,1,1,2,34,6,1000,1,24,-1,1,-1
2015530209924,1,9,0,5,0,8,0,0,0,0,0,1,6,1,-1,-1,-1,-1,-1,-1,-1,-1
2015530209924,2,11,0,5,0,8,0,0,0,0,0,1,1,1,55,8,6871,2,6,-1,1,-1
2015530209925,1,9,0,18,0,0,0,0,0,0,1,1,6,1,29,6,1596,1,14,-1,1,-1
2015530209925,2,9,0,18,0,0,0,0,0,0,3,1,6,2,54,8,1386,1,10,-1,3,-1
2015530209926,1,3,0,5,0,1,0,0,0,0,1,1,6,1,16,4,-1,-1,-1,-1,1,-1
2015530209926,2,3,0,4,0,1,0,0,0,0,2,1,6,1,16,4,-1,-1,-1,-1,1,-1
2015530209927,1,9,0,18,0,2,0,0,0,0,1,1,6,1,40,7,-1,-1,-1,-1,-1,-1
2015530209928,1,9,0,12,0,8,0,0,0,0,0,1,6,3,-1,-1,-1,-1,-1,-1,-1,-1
2015530209928,2,9,0,18,0,8,0,0,0,0,0,1,6,3,-1,-1,-1,-1,-1,-1,-1,-1
2015530209928,3,9,0,18,0,8,0,0,0,0,1,1,6,1,-1,-1,1896,2,6,-1,1,-1
2015530209928,4,9,0,18,0,8,0,0,0,0,2,1,6,2,34,6,1968,2,8,-1,2,-1
2015530209929,1,9,0,18,0,0,0,0,0,0,4,1,6,1,92,11,1995,1,8,-1,1,-1
2015530209929,2,1,0,18,0,0,0,0,0,0,3,1,6,2,33,6,-1,-1,-1,-1,1,-1
2015530209930,1,9,0,5,0,6,0,0,0,0,4,1,2,1,25,5,1299,1,10,-1,1,-1
2015530209930,2,1,0,14,0,1,0,0,0,0,1,1,2,1,64,9,-1,-1,-1,-1,1,-1
2015530209931,1,9,0,18,0,8,0,0,0,0,2,1,6,1,31,6,-1,-1,-1,-1,1,-1
2015530209931,2,9,0,18,0,8,0,0,0,0,1,1,6,1,83,11,1496,1,-1,-1,1,-1
2015530209932,1,9,0,18,0,0,0,0,0,0,1,1,2,1,43,7,1991,2,7,-1,1,-1
2015530209933,1,9,0,18,0,0,0,10,1,0,1,1,6,1,51,8,1956,2,3,-1,1,-1
2015530209934,1,9,0,13,0,1,0,0,0,0,4,1,6,1,46,8,2179,2,13,-1,1,-1
2015530209934,2,1,0,18,0,1,0,0,0,0,3,1,6,1,35,6,-1,-1,-1,-1,3,-1
2015530209935,1,9,0,9,0,6,0,0,0,0,3,1,6,2,53,8,1396,1,12,-1,1,-1
2015530209935,2,1,0,10,0,8,0,0,0,0,3,1,6,1,39,7,-1,-1,-1,-1,1,-1
2015530209936,1,9,0,18,0,1,0,0,0,0,1,1,6,2,27,6,-1,-1,-1,-1,1,-1
2015530209936,2,1,0,18,0,8,0,0,0,0,4,1,6,2,12,3,-1,-1,-1,-1,1,-1
2015530209937,1,21,1,18,0,0,0,0,0,0,0,1,1,1,53,8,12900,2,4,-1,1,-1
2015530209938,1,9,0,1,0,0,0,0,0,0,2,1,6,2,42,7,1796,1,10,-1,1,-1
2015530209939,1,9,0,16,0,0,2,0,1,10,1,1,2,2,18,4,1199,1,14,-1,2,-1
2015530209940,1,9,0,18,0,0,2,0,7,7,1,1,6,1,43,7,-1,-1,-1,-1,1,-1