Accident_Index,Vehicle_Reference,Vehicle_Type,Towing_and_Articulation,Vehicle_Manoeuvre,Vehicle_Location-Restricted_Lane,Junction_Location,Skidding_and_Overturning,Hit_Object_in_Carriageway,Vehicle_Leaving_Carriageway,Hit_Object_off_Carriageway,1st_Point_of_Impact,Was_Vehicle_Left_Hand_Drive?,Journey_Purpose_of_Driver,Sex_of_Driver,Age_of_Driver,Age_Band_of_Driver,Engine_Capacity_(CC),Propulsion_Code,Age_of_Vehicle,Driver_IMD_Decile,Driver_Home_Area_Type,Vehicle_IMD_Decile
2015530209941,1,9,0,18,0,1,0,0,0,0,2,1,6,1,40,7,1329,1,5,-1,-1,-1
2015530209941,2,9,0,3,0,1,0,0,0,0,2,1,6,2,21,5,-1,-1,-1,-1,1,-1
2015530209942,1,9,0,18,0,0,0,0,0,0,4,1,6,1,-1,-1,-1,-1,-1,-1,-1,-1
2015530209943,1,9,0,17,0,0,5,0,1,2,1,1,6,1,25,5,998,1,15,-1,1,-1
2015530209944,1,9,0,18,0,0,0,0,0,0,1,1,6,2,85,11,1242,1,3,-1,1,-1
2015530209944,2,9,0,3,0,0,0,0,0,0,2,1,6,1,49,8,1995,2,1,-1,1,-1
2015530209945,1,9,0,18,0,1,2,10,2,10,1,1,6,2,17,4,1598,1,11,-1,1,-1
2015530209946,1,9,0,18,0,0,0,0,0,0,1,1,2,2,54,8,1984,1,7,-1,2,-1
2015530209946,2,9,0,3,0,0,0,0,0,0,2,1,2,2,33,6,1596,1,11,-1,2,-1
2015530209947,1,9,0,18,9,1,0,0,0,0,3,1,6,1,54,8,1910,2,10,-1,1,-1
2015530209947,2,1,0,18,9,8,0,0,0,0,1,1,6,1,9,2,-1,-1,-1,-1,1,-1
2015530209948,1,9,0,18,0,4,0,0,0,0,1,1,6,2,34,6,1598,1,10,-1,1,-1
2015530209948,2,1,0,18,0,8,0,0,0,0,2,1,6,2,30,6,-1,-1,-1,-1,-1,-1
2015530209949,1,2,0,18,0,1,1,0,0,0,1,1,2,1,19,4,-1,-1,-1,-1,2,-1
2015530209949,2,9,0,4,0,1,0,0,0,0,4,1,2,2,28,6,1422,2,11,-1,2,-1
2015530209951,1,9,0,9,0,8,0,0,0,0,1,1,1,1,30,6,2993,2,-1,-1,1,-1
2015530209952,1,9,0,5,0,6,0,0,0,0,0,1,6,3,-1,-1,-1,-1,-1,-1,-1,-1
2015530209952,2,9,0,18,0,1,1,0,0,0,1,1,6,1,24,5,1461,2,3,-1,-1,-1
2015530209953,1,9,0,18,0,0,0,10,0,0,4,1,6,1,58,9,-1,-1,-1,-1,3,-1
2015530209954,1,9,0,1,0,1,0,0,0,0,2,1,1,2,27,6,1398,2,11,-1,1,-1
2015530209954,2,4,0,3,0,1,0,0,0,0,1,1,6,1,52,8,278,1,-1,-1,1,-1
2015530209955,1,9,0,4,0,0,0,0,0,0,1,1,2,1,29,6,-1,-1,-1,-1,3,-1
2015530209955,2,9,0,3,0,0,0,0,0,0,1,1,2,1,40,7,1596,1,8,-1,1,-1
2015530209955,3,9,0,3,0,0,0,0,0,0,2,1,2,1,49,8,1956,2,2,-1,1,-1
2015530209956,1,3,0,13,0,0,1,0,1,0,1,1,2,1,25,5,-1,-1,-1,-1,3,-1
2015530209956,2,9,0,13,0,0,0,0,0,0,2,1,1,2,40,7,-1,-1,-1,-1,-1,-1
2015530209957,1,9,0,16,0,3,1,0,1,4,0,1,6,1,17,4,1299,1,13,-1,1,-1
2015530209958,1,9,0,4,0,0,0,0,0,0,2,1,6,1,23,5,700,1,8,-1,-1,-1
2015530209958,2,9,0,18,0,0,0,0,0,0,1,1,6,1,55,8,-1,-1,-1,-1,3,-1
2015530209959,1,9,0,3,0,1,0,0,0,0,1,1,6,2,24,5,-1,-1,-1,-1,1,-1
2015530209959,2,1,0,3,0,1,0,0,0,0,2,1,6,2,49,8,-1,-1,-1,-1,1,-1
2015530209960,1,9,0,18,0,0,0,0,1,0,3,1,6,1,59,9,1796,1,14,-1,1,-1
2015530209960,2,1,0,18,0,0,0,0,0,0,3,1,6,1,24,5,-1,-1,-1,-1,-1,-1
2015530209961,1,9,0,13,0,0,0,0,0,0,4,1,6,3,-1,-1,-1,-1,-1,-1,-1,-1
2015530209961,2,1,0,18,0,0,5,0,0,0,3,1,2,1,25,5,-1,-1,-1,-1,1,-1
2015530209962,1,9,0,18,0,8,0,0,0,0,4,1,3,2,27,6,-1,-1,-1,-1,1,-1
2015530209962,2,1,0,18,0,5,0,0,0,0,0,1,2,1,36,7,-1,-1,-1,-1,1,-1
2015530209963,1,9,0,18,0,3,0,0,0,0,2,1,3,2,54,8,1968,2,7,-1,1,-1
2015530209963,2,1,0,5,0,4,0,0,0,0,1,1,4,1,11,3,-1,-1,-1,-1,1,-1
2015530209964,1,9,0,3,0,0,0,0,0,0,2,1,6,2,53,8,-1,-1,-1,-1,1,-1
2015530209964,2,90,0,4,0,0,0,0,0,0,1,1,1,1,20,4,-1,-1,-1,-1,1,-1
2015530209965,1,9,0,18,0,0,0,0,0,0,4,1,2,2,46,8,1968,2,8,-1,1,-1
2015530209966,1,9,0,9,0,1,0,0,0,0,2,1,6,1,54,8,1968,2,8,-1,-1,-1
2015530209966,2,9,0,18,0,6,0,0,0,0,1,1,6,2,30,6,998,1,16,-1,1,-1
2015530209967,1,9,0,13,0,8,0,0,0,0,1,1,6,2,48,8,1461,2,9,-1,1,-1
2015530209967,2,9,0,9,0,5,0,0,0,0,3,1,6,2,44,7,3497,1,17,-1,2,-1
2015530209968,1,11,0,18,2,0,0,0,0,0,0,1,1,1,18,4,9000,2,2,-1,3,-1
2015530209969,1,9,0,9,0,1,0,0,0,0,1,1,2,1,52,8,1896,2,10,-1,-1,-1
2015530209969,2,3,0,18,0,1,0,0,0,0,2,1,6,1,17,4,124,1,8,-1,1,-1
2015530209970,1,9,0,5,0,4,0,0,0,0,3,1,6,1,51,8,-1,-1,-1,-1,1,-1
2015530209970,2,9,0,7,0,3,0,0,0,0,2,1,6,2,23,5,1598,1,6,-1,1,-1
2015530209971,1,9,0,5,0,1,0,0,0,0,1,1,2,2,40,7,1796,1,13,-1,1,-1
2015530209971,2,1,0,18,0,1,0,0,0,0,3,1,6,2,42,7,-1,-1,-1,-1,1,-1
2015530209972,1,9,0,7,0,2,0,0,0,0,1,1,1,2,57,9,1198,1,1,-1,1,-1
2015530209973,1,9,0,9,0,6,0,0,0,0,3,1,2,2,23,5,1395,1,-1,-1,1,-1
2015530209973,2,19,0,18,0,8,0,0,0,0,1,1,1,1,60,9,2148,2,8,-1,1,-1
2015530209975,1,21,0,14,0,1,0,0,0,0,4,1,1,1,54,8,6693,2,2,-1,3,-1
2015530209975,2,19,0,2,0,1,0,0,0,0,3,1,1,1,30,6,2464,2,8,-1,1,-1
2015530209976,1,4,0,9,0,5,0,0,0,0,1,1,2,1,47,8,955,1,14,-1,3,-1
2015530209976,2,9,0,13,0,1,0,0,0,0,3,1,2,1,38,7,2497,2,5,-1,3,-1
2015530209977,1,9,0,18,0,0,0,0,0,0,2,1,6,2,46,8,1956,2,2,-1,2,-1
2015530209977,2,19,0,18,0,0,0,0,0,0,1,1,1,1,52,8,11705,2,9,-1,-1,-1
2015530209978,1,9,0,18,0,0,0,0,0,0,4,1,6,2,40,7,4398,1,16,-1,-1,-1
2015530209979,1,9,0,18,0,0,0,0,0,0,1,1,6,2,24,5,1686,2,3,-1,1,-1
2015530209979,2,9,0,18,0,0,0,0,0,0,2,1,1,1,62,9,1956,2,2,-1,1,-1
2015530209979,3,9,0,18,0,0,0,0,0,0,2,1,1,2,49,8,-1,3,-1,-1,-1,-1
2015530209979,4,9,0,18,0,0,0,0,0,0,2,1,1,2,45,7,-1,-1,-1,-1,-1,-1
2015530209980,1,9,0,17,0,8,0,0,0,0,1,1,6,2,30,6,2400,2,8,-1,1,-1
2015530209980,2,9,0,16,0,8,0,0,0,0,1,1,2,1,67,10,1124,1,10,-1,3,-1
2015530209981,1,9,0,4,0,0,0,0,0,0,2,1,2,2,47,8,1560,2,4,-1,1,-1
2015530209981,2,9,0,4,0,0,0,0,0,0,1,1,2,2,51,8,1364,2,3,-1,-1,-1
2015530209981,3,9,0,4,0,0,0,0,0,0,2,1,3,1,31,6,1796,1,1,-1,1,-1
2015530209981,4,9,0,4,0,0,0,0,0,0,2,1,2,2,51,8,1598,2,-1,-1,1,-1
2015530209982,1,9,0,9,0,6,0,0,0,0,4,1,6,1,-1,-1,1762,1,16,-1,-1,-1
2015530209982,2,9,0,18,0,1,0,0,0,0,3,1,6,2,30,6,1198,1,7,-1,3,-1
2015530209983,1,9,0,18,0,1,0,10,0,0,1,1,6,1,25,5,1596,1,14,-1,1,-1
2015530209983,2,9,0,3,0,1,1,10,0,0,2,1,6,2,70,10,1598,2,1,-1,3,-1
2015530209984,1,10,0,18,0,0,0,0,0,0,1,1,1,1,49,8,-1,-1,-1,-1,1,-1
2015530209985,1,9,0,18,0,6,0,10,0,0,4,1,6,2,47,8,1598,2,2,-1,2,-1
2015530209985,2,9,0,18,0,8,0,0,0,0,1,1,6,1,70,10,-1,-1,-1,-1,1,-1
2015530209986,1,9,0,18,0,0,0,0,0,0,1,1,6,1,-1,-1,-1,-1,-1,-1,-1,-1
2015530209987,1,9,0,9,0,6,0,0,0,0,1,1,6,3,-1,-1,-1,-1,-1,-1,-1,-1
2015530209987,2,9,0,9,0,8,0,0,0,0,4,1,6,2,35,6,1797,1,17,-1,3,-1
2015530209988,1,9,0,18,0,7,0,0,0,0,1,1,6,3,50,8,-1,-1,-1,-1,-1,-1
2015530209988,2,9,0,18,0,7,0,0,0,0,2,1,6,2,35,6,-1,-1,-1,-1,1,-1
2015530209989,1,9,0,18,0,0,0,0,0,0,1,1,6,1,38,7,1999,1,4,-1,1,-1
2015530209990,1,9,0,4,0,2,0,0,0,0,1,1,3,2,54,8,1560,2,7,-1,1,-1
2015530209990,2,8,0,4,0,2,0,0,0,0,2,1,1,1,53,8,1560,2,8,-1,1,-1
2015530209990,3,9,0,4,0,2,0,0,0,0,2,1,6,1,52,8,1461,2,6,-1,1,-1
2015530209991,1,4,0,12,8,0,0,0,0,0,3,1,1,1,21,5,398,1,21,-1,1,-1
2015530209993,1,3,0,4,0,1,1,0,1,0,4,1,6,1,19,4,125,1,3,-1,1,-1
2015530209994,1,21,1,18,0,8,0,0,0,0,4,1,1,1,67,10,12900,2,7,-1,3,-1
2015530209994,2,20,0,2,9,1,0,0,0,0,4,1,1,1,58,9,4899,2,5,-1,-1,-1
2015530209995,1,5,0,18,0,0,0,0,0,0,0,1,6,1,22,5,749,1,22,-1,1,-1
2015530209996,1,9,0,9,0,5,0,0,0,0,4,1,6,1,66,10,1969,2,-1,-1,1,-1
2015530209996,2,1,0,18,0,8,0,0,0,0,1,1,6,1,55,8,-1,-1,-1,-1,-1,-1
2015530209998,1,9,0,9,0,6,0,0,0,0,1,1,2,2,57,9,1399,2,13,-1,1,-1
2015530209998,2,9,0,18,0,8,0,0,0,0,2,1,2,2,56,9,1368,1,7,-1,1,-1
2015530209998,3,9,0,18,0,8,0,0,0,0,3,1,2,2,23,5,-1,-1,-1,-1,3,-1
2015530209998,4,9,0,18,0,8,0,0,0,0,3,1,2,2,63,9,2143,2,2,-1,3,-1
2015530209999,1,9,0,9,0,8,0,0,0,0,1,1,6,1,-1,-1,-1,-1,-1,-1,-1,-1
2015530210000,1,19,0,7,0,6,0,0,0,0,2,1,6,1,53,8,-1,-1,-1,-1,3,-1
2015530210000,2,4,0,18,0,6,0,0,0,0,1,1,6,1,20,4,124,1,-1,-1,1,-1
2015530210001,1,9,0,18,0,0,0,0,0,0,4,1,6,2,24,5,1199,1,11,-1,1,-1
2015530210001,2,1,0,18,0,0,0,0,0,0,1,1,6,1,44,7,-1,-1,-1,-1,1,-1
2015530210002,1,9,0,18,0,1,0,0,0,0,1,1,6,1,31,6,2926,2,11,-1,1,-1
2015530210002,2,9,0,7,0,5,0,0,0,0,4,1,6,1,51,8,1895,1,14,-1,1,-1
2015530210003,1,9,0,18,0,0,0,0,0,0,1,1,6,1,30,6,1396,1,1,-1,1,-1
2015530210003,2,9,0,4,0,0,0,0,0,0,2,1,6,2,49,8,1956,2,4,-1,1,-1
2015530210004,1,9,0,4,0,0,0,0,0,0,1,1,6,1,82,11,1984,2,3,-1,1,-1
2015530210004,2,9,0,4,0,0,0,0,0,0,1,1,1,2,31,6,1997,2,7,-1,-1,-1
2015530210005,1,9,0,9,0,8,0,0,0,0,1,1,1,1,51,8,1596,1,8,-1,1,-1
2015530210005,2,1,0,9,0,8,0,0,0,0,2,1,1,1,48,8,-1,-1,-1,-1,1,-1
2015530210006,1,9,0,12,0,0,0,0,0,0,3,1,2,1,44,7,1598,2,-1,-1,1,-1
2015530210006,2,1,0,13,0,0,0,0,0,0,1,1,2,1,50,8,-1,-1,-1,-1,1,-1
2015530210007,1,9,0,18,0,1,0,0,0,0,1,1,1,1,49,8,1560,2,-1,-1,2,-1
2015530210007,2,9,0,18,0,1,0,0,0,0,2,1,1,1,51,8,1995,2,11,-1,2,-1
2015530210008,1,9,0,1,0,0,0,0,0,0,2,1,3,2,36,7,1390,1,4,-1,2,-1
2015530210009,1,9,0,18,0,2,0,0,0,0,1,1,6,2,-1,-1,-1,-1,-1,-1,-1,-1
2015530210010,1,9,0,9,0,5,0,0,0,0,1,1,1,1,28,6,1198,1,7,-1,1,-1
2015530210010,2,9,0,18,0,8,0,0,0,0,1,1,1,1,50,8,1753,2,6,-1,1,-1
2015530210011,1,5,0,18,0,8,0,0,0,0,4,1,1,1,51,8,1284,1,8,-1,3,-1
2015530210011,2,9,0,9,0,6,0,0,0,0,1,1,1,1,26,6,-1,-1,-1,-1,1,-1
2015530210012,1,9,0,16,0,1,0,0,0,0,1,1,6,2,94,11,1124,1,11,-1,3,-1
2015530210012,2,21,0,17,0,1,0,0,0,0,1,1,1,1,33,6,10518,2,1,-1,1,-1
2015530210013,1,9,0,18,0,0,0,0,0,0,1,1,6,2,30,6,998,1,17,-1,1,-1
2015530210013,2,9,0,18,0,0,0,0,0,0,2,1,6,1,24,5,1686,2,1,-1,1,-1
2015530210014,1,19,0,9,0,5,0,0,0,0,3,2,1,1,31,6,-1,-1,-1,-1,-1,-1
2015530210014,2,3,0,18,2,8,5,0,0,0,1,1,6,1,39,7,124,1,-1,-1,1,-1
2015530210015,1,1,0,18,9,8,0,0,0,0,1,1,1,1,24,5,-1,-1,-1,-1,1,-1
2015530210015,2,9,0,7,9,6,0,0,0,0,1,1,1,1,41,7,1686,2,1,-1,-1,-1
2015530210016,1,9,0,9,0,4,0,0,0,0,1,1,6,1,51,8,999,1,1,-1,3,-1
2015530210016,2,1,0,18,0,8,0,0,0,0,4,1,2,1,43,7,-1,-1,-1,-1,1,-1
2015530210017,1,9,0,12,0,2,0,0,0,0,3,1,6,1,68,10,1997,2,9,-1,1,-1
2015530210017,2,2,0,18,0,2,0,0,0,0,4,1,6,1,17,4,49,1,2,-1,3,-1
2015530210018,1,9,0,9,0,6,0,0,0,0,1,1,6,2,46,8,1973,1,15,-1,2,-1
2015530210018,2,9,0,18,0,8,0,0,0,0,1,1,6,2,31,6,-1,-1,-1,-1,2,-1
2015530210019,1,19,0,17,0,0,5,0,2,4,1,1,1,1,27,6,1995,2,7,-1,1,-1
2015530210020,1,9,0,16,0,0,1,0,0,0,1,1,6,1,26,6,2179,2,11,-1,2,-1
2015530210020,2,9,0,17,0,0,0,0,0,0,1,1,6,2,50,8,1997,2,-1,-1,3,-1
2015530210021,1,9,0,9,0,6,0,0,0,0,1,1,1,1,20,4,1149,1,8,-1,-1,-1
2015530210021,2,5,0,18,0,8,0,0,0,0,1,1,1,1,44,7,599,1,10,-1,1,-1
2015530210024,1,9,0,18,0,8,0,0,0,0,1,1,6,1,20,4,1242,1,4,-1,1,-1
2015530210024,2,9,0,18,0,8,0,0,0,0,1,1,6,1,69,10,1560,2,1,-1,-1,-1
2015530210026,1,9,0,18,0,0,0,0,0,0,1,1,6,1,77,11,1339,1,11,-1,1,-1
2015530210027,1,9,0,18,0,0,0,0,0,0,1,1,6,2,23,5,999,1,-1,-1,1,-1
2015530210029,1,9,0,16,0,0,1,0,0,0,1,1,6,2,21,5,1242,1,9,-1,3,-1
2015530210029,2,9,0,18,0,0,0,0,0,0,1,1,6,2,45,7,1796,1,5,-1,1,-1
2015530210030,1,9,0,16,0,0,0,0,0,0,1,1,6,2,37,7,1919,2,7,-1,3,-1
2015530210030,2,9,0,17,0,0,0,0,1,1,3,1,6,1,46,8,-1,-1,-1,-1,-1,-1
2015530210031,1,9,0,9,0,6,0,0,0,0,3,1,6,2,68,10,1995,2,3,-1,3,-1
2015530210031,2,19,0,18,0,8,0,0,0,0,1,1,6,1,51,8,-1,-1,-1,-1,1,-1
2015530210032,1,9,0,11,0,0,0,0,0,0,1,1,6,1,49,8,5654,1,8,-1,1,-1
2015530210032,2,9,0,18,0,0,0,0,0,0,3,1,6,1,40,7,-1,-1,-1,-1,-1,-1
2015530210034,1,9,0,13,0,8,0,0,0,0,3,1,6,1,31,6,1796,1,13,-1,1,-1
2015530210034,2,9,0,5,0,5,0,0,0,0,3,1,6,2,36,7,1995,2,8,-1,1,-1
2015530210035,1,21,1,13,0,0,0,0,0,0,1,1,1,1,49,8,12900,2,7,-1,1,-1
2015530210035,2,21,1,17,0,0,0,0,0,0,1,1,1,1,50,8,11967,2,4,-1,1,-1
2015530210035,3,9,0,16,0,0,0,0,0,0,1,1,2,1,37,7,-1,-1,-1,-1,1,-1
2015530210037,1,9,0,18,0,0,0,0,2,10,1,1,6,1,84,11,1796,2,2,-1,2,-1
2015530210038,1,9,0,18,0,0,0,0,0,0,1,1,6,1,-1,-1,-1,-1,-1,-1,-1,-1
2015530210039,1,9,0,18,0,0,0,0,0,0,1,1,6,1,58,9,-1,-1,-1,-1,1,-1
2015530210040,1,9,0,18,0,0,1,0,5,7,1,1,2,1,21,5,1995,2,2,-1,1,-1
2015530210040,2,21,1,18,0,0,1,0,0,0,3,1,1,1,63,9,12740,2,1,-1,2,-1
2015530210041,1,9,0,17,0,0,1,0,7,4,3,1,6,2,26,6,1896,2,11,-1,1,-1
2015530210203,1,9,0,17,0,0,1,0,7,4,1,1,6,2,43,7,1299,1,22,-1,2,-1
2015530210204,1,9,0,13,0,0,0,0,0,0,1,1,2,1,35,6,1560,2,7,-1,1,-1
2015530210204,2,21,0,17,0,0,0,0,0,0,1,1,1,1,48,8,6700,2,-1,-1,1,-1
2015530210204,3,21,0,16,0,0,0,0,0,0,2,1,1,1,58,9,12900,2,3,-1,1,-1
2015530210205,1,9,0,18,0,2,0,0,1,4,2,1,6,1,42,7,-1,-1,-1,-1,1,-1
2015530210205,2,9,0,18,0,2,0,0,1,9,1,1,6,2,65,9,1598,1,2,-1,3,-1
2015530210206,1,9,0,17,0,0,1,0,0,0,4,1,6,2,51,8,998,1,6,-1,1,-1
2015530210206,2,9,0,18,0,0,0,0,0,0,1,1,6,1,30,6,1560,2,7,-1,1,-1
2015530210207,1,9,0,17,0,8,0,0,7,11,1,1,6,1,17,4,998,1,1,-1,3,-1
2015530210215,1,9,0,9,0,5,0,0,0,0,4,1,6,2,30,6,1590,1,15,-1,2,-1
2015530210215,2,9,0,18,0,6,2,0,0,0,1,1,6,2,27,6,-1,-1,-1,-1,2,-1
2015530210216,1,9,0,16,0,0,1,0,7,11,1,1,6,1,33,6,-1,-1,-1,-1,1,-1
2015530210216,2,9,0,17,0,0,1,0,0,0,1,1,6,1,54,8,1598,1,5,-1,2,-1
2015530210217,1,19,0,13,0,0,0,0,0,0,1,1,1,1,56,9,-1,-1,-1,-1,-1,-1
2015530210217,2,9,0,18,0,0,0,0,1,0,1,1,6,2,68,10,2143,2,1,-1,3,-1
2015530210219,1,9,0,18,0,8,0,0,0,0,1,1,2,1,39,7,1149,1,13,-1,1,-1
2015530210219,2,9,0,9,0,6,0,0,0,0,3,1,2,2,52,8,1560,2,8,-1,1,-1
2015530210220,1,9,0,17,0,0,1,0,1,5,1,1,2,2,27,6,-1,-1,-1,-1,2,-1
2015530210232,1,19,0,18,0,0,0,0,0,0,1,1,2,1,20,4,1686,2,9,-1,1,-1
2015530210232,2,1,0,18,0,0,0,0,0,0,3,1,6,1,47,8,-1,-1,-1,-1,-1,-1
2015530210233,1,19,0,4,0,1,0,0,0,0,1,1,6,1,-1,-1,-1,-1,-1,-1,1,-1
2015530210233,2,9,0,3,0,1,0,0,0,0,2,1,6,2,48,8,1242,1,2,-1,1,-1
2015530210234,1,9,0,18,0,0,0,0,0,0,1,1,6,1,55,8,-1,-1,-1,-1,1,-1
2015530210235,1,9,0,9,0,6,0,0,0,0,1,1,6,1,33,6,1896,2,13,-1,2,-1
2015530210235,2,9,0,18,0,8,0,0,0,0,1,1,6,1,20,4,1390,1,14,-1,1,-1
2015530210312,1,9,0,4,0,1,0,0,0,0,1,1,6,1,-1,-1,1988,1,14,-1,-1,-1
2015530210312,2,9,0,10,0,8,0,0,0,0,2,1,6,2,61,9,1199,1,12,-1,1,-1
2015530210327,1,9,0,17,0,0,1,0,8,4,1,1,6,1,17,4,1598,1,13,-1,1,-1
2015540014815,1,9,0,18,0,0,5,0,0,0,3,1,6,1,17,4,1242,1,6,-1,3,-1
2015540014815,2,9,0,18,0,0,0,0,0,0,3,1,6,1,42,7,2497,2,16,-1,1,-1
2015540018915,1,9,0,9,0,6,0,0,0,0,3,1,2,2,33,6,1896,2,12,-1,1,-1
2015540018915,2,3,0,18,0,8,0,0,0,0,1,1,6,1,20,4,124,1,11,-1,1,-1
2015540023615,1,9,0,16,0,0,1,0,1,4,3,1,6,1,32,6,-1,-1,-1,-1,3,-1
2015540033315,1,9,0,1,0,0,0,0,0,0,2,1,6,2,48,8,1999,1,10,-1,1,-1
2015540042215,1,9,0,4,0,1,0,0,0,0,1,1,1,1,51,8,-1,-1,-1,-1,1,-1
2015540042215,2,9,0,3,0,1,0,0,0,0,2,1,6,2,34,6,1995,2,10,-1,1,-1
2015540042215,3,9,0,3,0,1,0,0,0,0,2,1,6,1,45,7,1560,2,5,-1,1,-1
2015540057815,1,9,0,18,0,4,0,9,7,1,1,1,6,1,56,9,1997,2,4,-1,3,-1
2015540068815,1,9,0,18,0,8,0,0,0,0,1,1,6,1,20,4,1349,1,4,-1,3,-1
2015540068815,2,9,0,4,0,8,0,0,0,0,2,1,6,2,38,7,-1,-1,-1,-1,1,-1
2015540074315,1,3,0,18,0,8,0,0,0,0,1,1,6,1,21,5,125,1,2,-1,1,-1
2015540074315,2,9,0,9,0,6,0,0,0,0,1,1,6,2,66,10,1769,1,10,-1,2,-1
2015540080515,1,9,0,16,0,0,1,0,7,4,1,1,6,2,34,6,1896,2,15,-1,1,-1
2015540087115,1,9,0,18,0,0,0,0,0,0,1,1,6,1,34,6,1240,1,7,-1,3,-1
2015540097215,1,9,0,16,0,0,1,0,1,2,4,1,6,1,23,5,1796,1,12,-1,1,-1
2015540100015,1,9,0,18,0,0,0,0,0,0,1,1,6,2,61,9,1086,1,8,-1,1,-1
2015540123415,1,9,0,4,0,0,0,0,0,0,2,1,6,1,28,6,2993,2,7,-1,1,-1
2015540123415,2,9,0,18,0,0,0,0,0,0,1,1,6,1,22,5,998,1,3,-1,2,-1
2015540126915,1,19,0,18,0,0,0,0,1,0,3,1,2,1,42,7,-1,-1,-1,-1,2,-1
2015540126915,2,19,0,18,0,0,0,0,0,0,3,1,2,1,50,8,2198,2,8,-1,1,-1
2015540126915,3,19,0,18,0,0,0,0,0,0,3,1,2,1,63,9,-1,-1,-1,-1,1,-1
2015540129615,1,9,0,17,0,0,5,0,1,11,1,1,1,2,21,5,1086,1,10,-1,2,-1
2015540130915,1,9,0,18,0,0,0,0,0,0,1,1,6,1,17,4,1124,1,14,-1,2,-1
2015540130915,2,9,0,3,0,0,0,0,0,0,2,1,6,2,47,8,1560,2,10,-1,1,-1
2015540130915,3,9,0,3,0,0,0,0,0,0,2,1,6,1,38,7,1798,1,9,-1,1,-1
2015540132115,1,9,0,18,0,0,1,12,2,7,1,1,2,1,47,8,-1,-1,-1,-1,1,-1
2015540132115,2,21,1,18,0,0,1,0,0,0,1,1,1,1,52,8,10837,2,3,-1,2,-1
2015540132215,1,21,1,9,0,8,5,0,0,0,4,1,1,1,47,8,12902,2,2,-1,1,-1
2015540154115,1,9,0,18,0,8,1,0,7,1,3,1,6,1,41,7,-1,-1,-1,-1,1,-1
2015540154115,2,9,0,18,0,8,0,0,0,0,4,1,6,1,36,7,2204,2,10,-1,1,-1
2015540177115,1,9,0,5,0,6,0,0,0,0,1,1,1,1,35,6,1896,2,13,-1,3,-1
2015540177115,2,5,0,18,0,8,0,0,0,0,4,1,1,1,23,5,599,1,6,-1,1,-1
2015540201115,1,5,0,13,0,0,0,4,0,0,1,1,6,1,37,7,1203,1,10,-1,1,-1
2015540201115,2,9,0,9,0,0,0,0,0,0,3,1,6,1,39,7,1995,1,12,-1,3,-1
2015540201115,3,9,0,2,0,0,0,0,0,0,2,1,6,1,50,8,2979,1,3,-1,3,-1
2015540210215,1,9,0,5,0,6,0,0,0,0,3,1,6,2,31,6,1493,2,9,-1,1,-1
2015540210215,2,19,4,18,0,8,0,0,0,0,1,1,1,1,49,8,2148,2,10,-1,3,-1
2015540211615,1,9,0,18,0,0,1,0,0,0,1,1,6,2,19,4,1991,2,11,-1,3,-1
2015540211615,2,9,0,3,0,0,0,0,5,7,2,1,2,1,50,8,-1,-1,-1,-1,2,-1
2015540212215,1,9,0,4,0,7,0,0,0,0,2,1,6,1,81,11,-1,-1,-1,-1,2,-1
2015540212215,2,9,0,18,0,7,0,0,0,0,1,1,6,2,35,6,1248,2,2,-1,1,-1
2015540212215,3,9,0,18,0,7,0,0,0,0,1,1,6,2,38,7,1995,2,1,-1,1,-1
2015540220015,1,9,0,18,0,0,1,0,5,6,1,1,2,2,47,8,3498,1,5,-1,1,-1
2015540236415,1,21,0,17,0,1,0,0,0,0,1,1,1,1,35,6,15607,2,3,-1,2,-1
2015540236415,2,19,0,10,0,1,0,0,0,0,2,1,1,1,37,7,1686,2,11,-1,3,-1
2015540261215,1,9,0,5,0,6,0,0,0,0,1,1,1,1,48,8,1242,1,4,-1,2,-1
2015540261215,2,1,0,18,0,8,0,0,0,0,4,1,6,1,33,6,-1,-1,-1,-1,1,-1
2015540282615,1,9,0,18,0,3,2,0,1,11,4,1,2,1,29,6,-1,-1,-1,-1,1,-1
2015540286615,1,9,0,9,0,4,0,0,0,0,1,1,6,1,58,9,1598,1,5,-1,1,-1
2015540286615,2,1,0,9,0,8,0,0,0,0,4,1,2,1,41,7,-1,-1,-1,-1,1,-1
2015540303415,1,9,0,18,0,8,0,0,0,0,1,1,6,2,66,10,998,1,5,-1,1,-1
2015540303415,2,9,0,5,0,6,0,0,0,0,3,1,2,1,69,10,2495,2,12,-1,3,-1
2015540308715,1,9,0,16,0,3,1,2,0,0,1,1,6,1,41,7,2979,1,13,-1,1,-1
2015540309215,1,9,0,18,0,0,0,0,1,0,1,1,6,1,65,9,2766,2,10,-1,3,-1
2015540309215,2,9,0,18,0,0,5,0,1,0,1,1,6,1,58,9,-1,-1,-1,-1,3,-1
2015540309915,1,9,0,18,0,0,1,0,0,0,3,1,6,1,23,5,1997,1,10,-1,3,-1
2015540309915,2,9,0,18,0,0,0,0,0,0,1,1,6,1,53,8,-1,-1,-1,-1,3,-1
2015540328715,1,9,0,18,0,8,0,7,0,0,1,1,6,2,47,8,-1,-1,-1,-1,1,-1