Accident_Index,Vehicle_Reference,Vehicle_Type,Towing_and_Articulation,Vehicle_Manoeuvre,Vehicle_Location-Restricted_Lane,Junction_Location,Skidding_and_Overturning,Hit_Object_in_Carriageway,Vehicle_Leaving_Carriageway,Hit_Object_off_Carriageway,1st_Point_of_Impact,Was_Vehicle_Left_Hand_Drive?,Journey_Purpose_of_Driver,Sex_of_Driver,Age_of_Driver,Age_Band_of_Driver,Engine_Capacity_(CC),Propulsion_Code,Age_of_Vehicle,Driver_IMD_Decile,Driver_Home_Area_Type,Vehicle_IMD_Decile
2015540328715,2,9,0,5,0,6,0,0,0,0,3,1,6,1,43,7,-1,-1,-1,-1,1,-1
2015540331615,1,9,0,18,0,0,1,4,1,10,1,1,6,1,23,5,-1,-1,-1,-1,2,-1
2015540331615,2,9,0,2,0,0,0,0,0,0,2,1,6,3,-1,-1,1686,2,1,-1,-1,-1
2015540331615,3,9,0,2,0,0,0,0,0,0,1,1,6,3,-1,-1,-1,-1,-1,-1,-1,-1
2015540332615,1,9,0,18,0,0,0,0,0,0,1,1,6,1,18,4,1198,1,13,-1,1,-1
2015540332615,2,9,0,18,0,0,0,0,0,0,2,1,6,1,36,7,1794,1,14,-1,1,-1
2015540341815,1,9,0,18,0,5,0,0,0,0,4,1,6,2,18,4,1242,1,2,-1,1,-1
2015540349615,1,9,0,18,0,8,0,0,0,0,1,1,6,1,34,6,-1,-1,-1,-1,3,-1
2015540349615,2,9,0,9,0,5,0,0,0,0,4,1,6,1,52,8,2179,2,7,-1,3,-1
2015540350115,1,9,0,18,0,4,0,10,2,7,1,1,6,2,43,7,1339,1,8,-1,1,-1
2015540350115,2,1,0,9,0,8,0,0,1,7,2,1,2,1,45,7,-1,-1,-1,-1,1,-1
2015540371415,1,9,0,4,0,1,0,0,0,0,1,1,6,2,24,5,1395,1,1,-1,1,-1
2015540371415,2,9,0,3,0,1,0,7,0,1,2,1,2,2,21,5,-1,-1,-1,-1,3,-1
2015540371415,3,9,0,3,0,1,0,0,0,0,3,1,2,2,23,5,1399,2,5,-1,1,-1
2015540371415,4,9,0,3,0,1,0,0,0,0,3,1,2,1,27,6,1896,2,6,-1,2,-1
2015540385015,1,9,0,3,0,1,0,0,0,0,2,1,1,1,53,8,1995,2,2,-1,1,-1
2015540385015,2,19,0,3,0,1,0,0,0,0,2,1,1,1,24,5,1896,2,11,-1,1,-1
2015540385015,3,9,0,4,0,1,1,0,0,0,1,1,6,1,50,8,-1,-1,-1,-1,3,-1
2015540386515,1,9,0,18,0,0,0,0,0,0,1,1,6,1,55,8,1590,1,16,-1,1,-1
2015540391015,1,9,0,18,0,0,2,0,7,0,1,1,6,1,27,6,1199,1,12,-1,2,-1
2015540392115,1,9,0,18,0,8,0,0,0,0,3,1,6,2,67,10,1998,1,13,-1,1,-1
2015540396915,1,1,0,9,0,8,0,0,0,0,1,1,6,1,36,7,-1,-1,-1,-1,1,-1
2015540396915,2,19,0,18,0,4,0,0,0,0,3,1,1,1,56,9,1461,2,2,-1,1,-1
2015540399815,1,9,0,2,0,0,0,0,0,0,3,1,6,2,41,7,1968,2,6,-1,1,-1
2015540399815,2,1,0,14,0,0,0,8,0,0,1,1,6,1,32,6,-1,-1,-1,-1,1,-1
2015540403115,1,9,0,18,0,0,0,0,0,0,1,1,6,2,33,6,1753,2,12,-1,1,-1
2015540403115,2,9,0,4,0,0,0,0,0,0,1,1,6,2,53,8,-1,-1,-1,-1,1,-1
2015540403115,3,9,0,3,0,0,0,0,0,0,2,1,6,2,34,6,1242,1,5,-1,1,-1
2015540405915,1,19,0,9,0,4,0,0,0,0,3,1,6,1,48,8,1996,2,4,-1,1,-1
2015540405915,2,1,0,18,0,4,0,0,0,0,1,1,6,1,21,5,-1,-1,-1,-1,1,-1
2015540406615,1,9,0,18,0,0,0,0,0,0,4,1,6,2,43,7,1598,1,8,-1,2,-1
2015540416315,1,9,0,18,0,1,0,0,0,0,1,1,6,1,-1,-1,-1,-1,-1,-1,-1,-1
2015540416315,2,9,0,3,0,1,0,0,0,0,2,1,6,2,47,8,1339,1,6,-1,1,-1
2015540420515,1,9,0,18,0,0,0,12,0,0,1,1,6,1,42,7,1398,2,8,-1,1,-1
2015540420515,2,9,0,18,0,0,0,12,0,0,1,1,6,2,50,8,998,1,2,-1,2,-1
2015540420515,3,9,0,18,0,0,0,0,1,9,1,1,6,1,30,6,1956,2,2,-1,1,-1
2015540438115,1,9,0,9,0,5,0,0,0,0,1,1,6,2,75,10,-1,-1,-1,-1,2,-1
2015540438115,2,19,0,18,0,8,5,0,1,0,3,1,1,1,42,7,1995,2,2,-1,1,-1
2015540450415,1,19,0,18,0,8,0,0,1,4,1,1,6,2,70,10,1896,2,11,-1,3,-1
2015540450415,2,9,0,4,0,5,0,0,1,4,2,1,6,1,55,8,1968,2,7,-1,3,-1
2015540459915,1,9,0,16,0,0,0,0,0,0,1,1,6,1,76,11,-1,-1,-1,-1,2,-1
2015540459915,2,9,0,17,0,0,0,0,0,0,3,1,2,2,48,8,1798,1,9,-1,1,-1
2015540459915,3,9,0,17,0,0,0,0,0,0,1,1,2,1,39,7,1598,1,7,-1,3,-1
2015540461815,1,9,0,18,0,0,1,0,1,4,1,1,2,1,49,8,-1,-1,-1,-1,1,-1
2015540461815,2,9,0,18,0,0,0,0,0,0,1,1,2,1,60,9,-1,-1,-1,-1,1,-1
2015540461815,3,19,0,14,0,0,0,0,0,0,3,1,2,1,45,7,1896,2,10,-1,2,-1
2015540462715,1,9,0,9,0,5,0,0,0,0,1,1,6,1,39,7,1905,2,17,-1,3,-1
2015540462715,2,9,0,18,0,8,0,0,0,0,1,1,6,1,44,7,2143,2,6,-1,2,-1
2015540466815,1,9,0,18,0,0,5,0,1,0,3,1,6,1,22,5,1588,1,10,-1,1,-1
2015540472215,1,1,0,18,0,6,0,0,0,0,1,1,2,1,29,6,-1,-1,-1,-1,1,-1
2015540472215,2,9,0,18,0,8,0,0,0,0,4,1,6,2,27,6,1598,1,11,-1,2,-1
2015540473115,1,19,0,1,0,0,0,0,0,0,2,1,1,1,38,7,2198,2,2,-1,1,-1
2015540476915,1,9,0,18,0,2,0,0,0,0,1,1,6,1,-1,-1,-1,-1,-1,-1,-1,-1
2015540478715,1,9,0,5,0,1,0,0,0,0,1,1,2,1,60,9,1798,1,3,-1,3,-1
2015540487315,1,9,0,18,0,4,0,0,0,0,1,1,6,1,-1,-1,-1,-1,-1,-1,-1,-1
2015540487315,2,9,0,9,0,8,0,0,0,0,4,1,2,2,24,5,1997,2,10,-1,1,-1
2015540495915,1,9,0,7,0,5,0,0,0,0,1,1,6,1,59,9,1840,1,17,-1,1,-1
2015540495915,2,1,0,18,0,2,0,0,0,0,4,1,6,1,42,7,-1,-1,-1,-1,1,-1
2015540502615,1,3,0,16,0,0,0,0,0,0,1,1,2,1,17,4,124,1,4,-1,1,-1
2015540502615,2,9,0,17,0,0,0,0,0,0,1,1,6,2,44,7,2979,1,10,-1,3,-1
2015540503915,1,9,0,13,0,0,0,0,0,0,4,1,6,1,58,9,2400,2,3,-1,3,-1
2015540503915,2,1,0,18,0,0,0,0,0,0,3,1,6,1,56,9,-1,-1,-1,-1,2,-1
2015540525215,1,9,0,18,0,1,0,0,0,0,1,1,6,2,41,7,875,1,4,-1,1,-1
2015540525215,2,9,0,3,0,1,0,0,0,0,2,1,6,1,54,8,2993,2,5,-1,3,-1
2015540529215,1,19,0,9,0,2,0,0,0,0,3,1,1,1,57,9,2464,2,7,-1,1,-1
2015540529215,2,9,0,3,0,1,0,0,0,0,3,1,6,1,48,8,1984,1,5,-1,1,-1
2015540529215,3,1,0,14,0,1,0,0,0,0,4,1,6,1,46,8,-1,-1,-1,-1,1,-1
2015540529315,1,9,0,9,0,5,0,0,0,0,1,1,6,1,93,11,-1,-1,-1,-1,2,-1
2015540529315,2,9,0,18,0,8,0,0,0,0,1,1,6,1,28,6,2664,2,11,-1,1,-1
2015540530115,1,9,0,4,0,0,0,0,0,0,1,1,6,2,27,6,1975,1,9,-1,1,-1
2015540530115,2,9,0,4,0,0,0,0,0,0,2,1,6,1,25,5,-1,-1,-1,-1,3,-1
2015540550115,1,9,0,14,0,0,0,0,0,0,1,1,6,1,36,7,-1,-1,-1,-1,3,-1
2015540550115,2,9,0,14,0,0,0,0,0,0,2,1,6,1,43,7,1995,2,3,-1,3,-1
2015540550115,3,21,1,14,0,0,0,0,0,0,0,1,1,1,36,7,12902,2,1,-1,1,-1
2015540550115,4,9,0,2,0,0,0,0,0,0,0,1,6,1,17,4,1598,1,9,-1,3,-1
2015540555215,1,9,0,9,0,8,0,0,0,0,3,1,6,2,32,6,-1,-1,-1,-1,3,-1
2015540555215,2,20,0,18,0,8,0,0,0,0,4,1,6,3,-1,-1,-1,-1,-1,-1,-1,-1
2015540565115,1,9,0,17,0,0,2,0,7,9,2,1,6,1,25,5,973,1,14,-1,1,-1
2015540574915,1,9,0,9,0,6,0,0,0,0,3,1,6,1,84,11,1998,1,7,-1,2,-1
2015540574915,2,9,0,18,0,8,0,0,0,0,1,1,6,1,28,6,1397,1,7,-1,3,-1
2015540574915,3,9,0,10,0,1,0,0,0,0,1,1,6,1,44,7,-1,-1,-1,-1,1,-1
2015540581115,1,9,0,6,0,8,0,0,0,0,4,1,6,2,25,5,1896,2,8,-1,1,-1
2015540584115,1,9,0,17,0,0,5,0,8,11,1,1,2,2,19,4,-1,-1,-1,-1,3,-1
2015540588715,1,1,0,18,0,8,0,0,0,0,4,1,2,1,42,7,-1,-1,-1,-1,1,-1
2015540588715,2,9,0,9,0,6,0,0,0,0,1,1,2,1,51,8,1998,2,9,-1,1,-1
2015540591015,1,9,0,4,0,0,1,0,1,0,1,1,2,2,18,4,-1,-1,-1,-1,3,-1
2015540591015,2,19,0,4,0,0,0,0,0,0,2,1,1,1,38,7,1598,2,4,-1,1,-1
2015540591615,1,9,0,18,0,0,0,4,0,0,1,1,6,2,54,8,1339,1,9,-1,2,-1
2015540591615,2,19,0,2,0,0,0,0,0,0,2,1,6,1,44,7,1997,2,8,-1,3,-1
2015540616415,1,8,0,18,0,4,0,0,0,0,1,1,1,1,32,6,1753,2,7,-1,1,-1
2015540616415,2,9,0,18,0,8,0,0,1,0,4,1,6,2,45,7,1240,1,11,-1,1,-1
2015540617615,1,9,0,18,0,0,0,10,0,0,1,1,6,2,50,8,-1,-1,-1,-1,2,-1
2015540617615,2,9,0,18,0,0,0,0,0,0,3,1,6,1,94,11,1998,1,11,-1,1,-1
2015540623915,1,3,0,13,0,0,1,0,0,0,1,1,6,1,23,5,124,1,10,-1,1,-1
2015540623915,2,19,0,9,7,0,0,0,0,0,3,1,1,2,61,9,1399,2,4,-1,1,-1
2015540624415,1,9,0,18,0,0,0,0,0,0,1,1,1,1,69,10,1598,2,3,-1,1,-1
2015540624415,2,20,4,18,0,0,3,0,1,7,3,1,1,1,39,7,2402,2,9,-1,1,-1
2015540629015,1,90,0,18,0,1,1,0,0,0,1,1,1,1,56,9,4751,2,10,-1,1,-1
2015540629015,2,9,0,10,0,1,0,0,0,0,2,1,6,2,54,8,1396,1,1,-1,3,-1
2015540632015,1,21,0,18,0,0,0,0,0,0,1,1,1,1,63,9,12419,2,4,-1,2,-1
2015540632015,2,9,0,4,0,0,0,0,0,0,2,1,6,1,66,10,1596,1,2,-1,3,-1
2015540635115,1,3,0,18,0,0,1,0,0,0,4,1,2,1,35,6,124,1,6,-1,1,-1
2015540640415,1,19,0,5,0,6,0,0,0,0,1,1,1,1,33,6,-1,-1,-1,-1,2,-1
2015540640415,2,9,0,17,0,8,0,0,0,0,4,1,6,2,47,8,1796,1,15,-1,3,-1
2015540641815,1,9,0,18,0,2,0,0,0,0,1,1,2,1,33,6,1590,1,19,-1,1,-1
2015540645215,1,9,0,18,0,8,0,0,0,0,1,1,1,1,32,6,-1,-1,-1,-1,3,-1
2015540645215,2,19,0,9,0,6,0,0,0,0,2,1,1,1,50,8,1399,2,5,-1,3,-1
2015540645215,3,9,0,3,0,1,0,0,0,0,3,1,6,2,26,6,1198,1,12,-1,1,-1
2015540648515,1,9,0,9,0,6,0,0,0,0,1,1,6,2,29,6,1199,1,13,-1,1,-1
2015540648515,2,9,0,18,0,8,0,0,0,0,1,1,6,1,38,7,1968,2,3,-1,3,-1
2015540649715,1,9,0,9,0,5,0,0,0,0,1,1,2,2,29,6,998,1,8,-1,1,-1
2015540650915,1,9,0,18,0,0,2,0,2,10,1,1,6,1,22,5,-1,-1,-1,-1,1,-1
2015540650915,2,9,0,18,0,0,1,0,5,7,1,1,6,1,36,7,-1,-1,-1,-1,1,-1
2015540656115,1,9,0,2,0,0,0,0,0,0,1,1,6,1,42,7,-1,-1,-1,-1,1,-1
2015540656115,2,9,0,1,0,0,0,4,0,0,2,1,6,1,53,8,1797,1,17,-1,1,-1
2015540666215,1,9,0,14,0,0,0,0,0,0,1,1,6,1,31,6,998,1,6,-1,1,-1
2015540666215,2,9,0,18,0,0,0,0,0,0,1,1,6,2,27,6,-1,-1,-1,-1,1,-1
2015540680615,1,9,0,18,0,2,0,0,0,0,1,1,6,1,29,6,-1,-1,-1,-1,3,-1
2015540680615,2,9,0,4,0,2,0,0,0,0,2,1,6,2,47,8,1598,1,15,-1,3,-1
2015540680615,3,9,0,3,0,2,0,0,0,0,2,1,6,1,56,9,2461,2,19,-1,2,-1
2015540681215,1,9,0,3,0,1,0,0,0,0,2,1,2,2,49,8,1248,1,3,-1,1,-1
2015540681215,2,9,0,18,0,1,0,0,0,0,1,1,6,2,45,7,1587,1,12,-1,3,-1
2015540681615,1,9,0,18,0,0,0,0,0,0,1,1,6,1,31,6,1686,2,2,-1,1,-1
2015540681615,2,21,1,18,0,0,0,0,0,0,2,1,1,1,50,8,10518,2,8,-1,2,-1
2015540685015,1,9,0,18,0,8,1,0,7,10,4,1,6,2,25,5,1398,2,7,-1,3,-1
2015540685015,2,9,0,7,0,6,1,0,0,0,1,1,6,2,39,7,1149,1,5,-1,3,-1
2015540704415,1,9,0,18,0,0,1,0,7,1,1,1,6,1,17,4,1124,1,14,-1,1,-1
2015540716615,1,9,0,18,0,2,0,0,0,0,1,1,6,2,-1,-1,-1,-1,-1,-1,-1,-1
2015540719215,1,9,0,9,0,2,0,0,0,0,1,1,2,2,45,7,-1,-1,-1,-1,1,-1
2015540727515,1,9,0,18,0,0,0,0,0,0,1,1,1,1,36,7,1240,1,10,-1,1,-1
2015540727515,2,5,0,4,0,0,0,4,0,0,2,1,6,1,36,7,1215,1,1,-1,2,-1
2015540727515,3,9,0,2,0,0,0,0,0,0,4,1,6,2,36,7,2179,2,3,-1,1,-1
2015540733615,1,9,0,16,0,0,5,0,0,0,1,1,1,1,26,6,995,1,10,-1,3,-1
2015540741115,1,5,0,18,0,0,0,0,0,0,1,1,6,1,35,6,1402,1,9,-1,1,-1
2015540741115,2,9,0,4,0,0,0,0,0,0,2,1,6,1,32,6,1997,2,7,-1,-1,-1
2015540741115,3,21,0,14,0,0,0,0,0,0,0,1,6,3,-1,-1,-1,-1,-1,-1,-1,-1
2015540748815,1,9,0,17,0,0,0,0,7,3,3,1,6,1,20,4,-1,-1,-1,-1,3,-1
2015540750415,1,9,0,1,9,5,0,0,0,0,4,1,2,1,59,9,1248,2,6,-1,1,-1
2015540751515,1,9,0,18,0,6,0,0,3,11,1,1,2,1,34,6,1397,1,6,-1,2,-1
2015540766215,1,9,0,16,0,0,1,0,1,0,1,1,6,2,54,8,2400,2,2,-1,3,-1
2015540766215,2,9,0,17,0,0,1,0,0,0,1,1,6,2,26,6,1968,2,6,-1,3,-1
2015540770915,1,9,0,18,0,0,1,6,0,0,2,1,6,2,22,5,-1,-1,-1,-1,1,-1
2015540771615,1,9,0,5,0,4,0,0,0,0,1,1,6,1,46,8,1388,1,9,-1,3,-1
2015540771615,2,9,0,9,0,8,0,0,0,0,4,1,6,2,39,7,998,1,8,-1,1,-1
2015540788215,1,9,0,4,0,0,0,0,0,0,2,1,6,2,72,10,1086,1,6,-1,1,-1
2015540788215,2,9,0,18,0,0,0,0,0,0,1,1,6,1,29,6,2494,2,3,-1,1,-1
2015540790515,1,9,0,9,0,8,0,0,0,0,4,1,6,2,30,6,1560,2,5,-1,1,-1
2015540790515,2,4,0,18,0,4,1,0,0,0,1,1,6,1,24,5,-1,-1,-1,-1,-1,-1
2015540796515,1,9,0,18,0,1,0,0,0,0,1,1,6,1,58,9,2993,2,10,-1,2,-1
2015540796515,2,9,0,4,0,1,5,0,1,3,2,1,6,2,44,7,-1,-1,-1,-1,1,-1
2015540796915,1,9,0,17,0,0,0,0,1,10,1,1,6,1,67,10,-1,-1,-1,-1,3,-1
2015540802415,1,9,0,18,0,0,2,0,1,0,1,1,6,2,18,4,-1,-1,-1,-1,1,-1
2015540802415,2,9,0,18,0,0,0,0,0,0,0,1,6,3,-1,-1,-1,-1,-1,-1,-1,-1
2015540805415,1,9,0,18,7,0,0,4,0,0,1,1,6,1,38,7,1560,2,2,-1,1,-1
2015540805415,2,21,1,2,6,0,0,0,0,0,2,1,1,1,23,5,12777,2,4,-1,1,-1
2015540817915,1,9,0,16,0,2,2,0,1,4,4,1,6,2,18,4,1124,1,15,-1,3,-1
2015540823915,1,19,0,5,0,1,0,0,0,0,1,1,1,1,47,8,1598,2,1,-1,1,-1
2015540823915,2,9,0,4,0,1,0,0,0,0,2,1,6,2,48,8,998,1,6,-1,1,-1
2015540824215,1,9,0,1,0,0,0,8,0,0,2,1,6,2,20,4,1800,1,16,-1,1,-1
2015540824215,2,9,0,2,0,0,0,0,0,0,3,1,6,2,20,4,1242,1,6,-1,1,-1
2015540827315,1,8,0,18,0,8,0,0,0,0,4,1,1,1,53,8,1995,2,7,-1,1,-1
2015540827315,2,9,0,6,0,8,0,0,0,0,3,1,6,2,18,4,1242,1,9,-1,1,-1
2015540828715,1,19,0,18,0,1,0,0,0,0,1,1,1,1,50,8,2143,2,2,-1,1,-1
2015540828715,2,9,0,3,0,1,0,0,0,0,2,1,6,1,52,8,998,1,3,-1,1,-1
2015540833515,1,9,0,18,0,0,0,0,0,0,4,1,6,1,23,5,1198,1,11,-1,1,-1
2015540846115,1,9,0,7,0,6,0,0,0,0,1,1,6,1,22,5,-1,-1,-1,-1,2,-1
2015540846115,2,9,0,18,0,8,0,0,0,0,1,1,6,1,29,6,1896,2,14,-1,1,-1
2015540846115,3,9,0,10,0,1,0,0,0,0,3,1,6,2,28,6,1596,1,4,-1,2,-1
2015540847015,1,19,0,18,0,0,5,0,8,10,3,1,1,1,33,6,-1,-1,-1,-1,3,-1
2015540850315,1,9,0,9,0,8,0,9,2,2,1,1,6,1,72,10,1798,1,3,-1,1,-1
2015540850915,1,9,0,18,0,0,1,12,0,0,1,1,6,2,23,5,1229,1,7,-1,1,-1
2015540868115,1,9,0,18,0,0,0,0,0,0,4,1,6,3,-1,-1,-1,-1,-1,-1,-1,-1
2015540869715,1,9,0,9,0,5,1,10,0,0,4,1,2,2,71,10,1498,1,5,-1,1,-1
2015540869715,2,9,0,18,0,8,1,0,0,0,1,1,2,1,29,6,1248,2,4,-1,2,-1
2015540870415,1,9,0,18,0,8,0,0,0,0,1,1,6,1,55,8,1598,1,14,-1,3,-1
2015540870415,2,1,0,18,0,8,0,0,0,0,4,1,6,2,33,6,-1,-1,-1,-1,1,-1
2015540873515,1,9,0,4,0,0,0,0,0,0,2,1,2,2,53,8,-1,-1,-1,-1,2,-1
2015540873515,2,9,0,18,0,0,1,0,0,0,1,1,6,1,29,6,2402,2,8,-1,1,-1
2015540877215,1,9,0,5,0,6,0,0,0,0,1,1,6,2,33,6,-1,-1,-1,-1,3,-1
2015540877215,2,9,0,18,0,8,0,0,0,0,1,1,6,2,40,7,-1,-1,-1,-1,3,-1
2015540880015,1,9,0,18,0,8,0,0,0,0,4,1,1,1,50,8,2496,1,13,-1,1,-1
2015540880015,2,9,0,12,0,7,0,0,0,0,3,1,6,1,37,7,2184,2,1,-1,1,-1
2015540882415,1,9,0,3,0,1,0,0,0,0,2,1,6,2,56,9,1396,2,6,-1,3,-1
2015540882415,2,9,0,18,0,1,0,0,0,0,1,1,6,1,28,6,1798,1,3,-1,1,-1
2015540885015,1,9,0,18,0,8,0,0,0,0,1,1,3,2,43,7,-1,-1,-1,-1,2,-1
2015540885015,2,9,0,9,0,6,1,0,0,0,1,1,2,2,47,8,1598,2,3,-1,3,-1
2015540896815,1,9,0,13,0,8,0,0,0,0,1,1,6,1,49,8,1984,1,3,-1,3,-1
2015540896815,2,9,0,9,0,5,1,0,0,0,3,1,6,2,19,4,1399,2,10,-1,1,-1
2015540909715,1,9,0,18,0,0,0,0,0,0,1,1,1,2,25,5,1686,2,4,-1,1,-1
2015540909715,2,1,0,18,0,0,0,0,0,0,2,1,6,1,23,5,-1,-1,-1,-1,1,-1
2015540917115,1,3,0,18,0,8,1,0,0,0,4,1,2,1,22,5,124,1,8,-1,1,-1
2015540917115,2,9,0,7,0,8,0,0,0,0,3,1,6,1,19,4,998,1,12,-1,1,-1
2015540922015,1,9,0,4,0,1,0,0,0,0,1,1,6,2,-1,-1,-1,-1,-1,-1,-1,-1
2015540922015,2,9,0,3,0,1,0,0,0,0,2,1,1,1,52,8,1395,1,2,-1,1,-1
2015540925715,1,9,0,18,0,2,0,0,0,0,4,1,6,1,-1,-1,-1,-1,-1,-1,-1,-1
2015540929915,1,9,0,5,0,1,0,0,0,0,1,1,6,1,46,8,1951,2,10,-1,3,-1
2015540929915,2,9,0,3,0,1,0,0,0,0,2,1,6,2,61,9,998,1,3,-1,1,-1
2015540948515,1,19,0,18,0,0,1,0,2,10,1,1,1,1,64,9,2198,2,4,-1,1,-1
2015540948515,2,9,0,18,0,0,0,0,0,0,1,1,6,1,66,10,1968,2,6,-1,3,-1
2015540961415,1,9,0,10,0,1,0,0,0,0,2,1,6,2,39,7,1997,2,1,-1,3,-1
2015540961415,2,9,0,18,0,1,0,0,0,0,1,1,6,1,79,11,-1,-1,-1,-1,1,-1
2015540961715,1,9,0,9,0,8,0,0,0,0,4,1,2,2,62,9,1120,2,2,-1,1,-1
2015540961715,2,9,0,18,0,8,0,0,0,0,1,1,6,2,37,7,1388,1,7,-1,1,-1
2015540973515,1,19,0,4,9,2,0,0,0,0,4,1,1,1,62,9,2148,2,5,-1,1,-1
2015540974615,1,9,0,9,0,6,0,0,0,0,3,1,6,1,61,9,1994,1,14,-1,3,-1
2015540974615,2,9,0,18,0,8,0,0,0,0,1,1,6,1,26,6,-1,-1,-1,-1,1,-1
2015540980515,1,9,0,9,0,6,0,0,7,11,1,1,6,2,79,11,-1,-1,-1,-1,1,-1
2015540980515,2,11,0,18,0,8,0,0,0,0,3,1,1,1,26,6,9000,2,4,-1,1,-1
2015540984415,1,9,0,9,0,8,0,0,0,0,4,1,6,1,24,5,1968,2,9,-1,1,-1
2015540984415,2,9,0,18,0,8,0,0,0,0,3,1,6,3,-1,-1,-1,-1,-1,-1,-1,-1
2015540985115,1,9,0,18,0,0,1,0,0,0,1,1,6,2,39,7,1968,2,1,-1,1,-1
2015540985115,2,9,0,18,0,0,1,0,0,0,1,1,6,1,26,6,-1,-1,-1,-1,1,-1
2015540985115,3,9,0,18,0,0,1,0,0,0,4,1,6,1,27,6,1299,1,8,-1,1,-1
2015540985115,4,9,0,18,0,0,1,0,0,0,3,1,6,1,20,4,1499,2,2,-1,1,-1
2015540985115,5,9,0,18,0,0,1,0,0,0,1,1,6,1,19,4,-1,-1,-1,-1,2,-1
2015540989415,1,9,0,17,0,0,2,0,2,10,4,1,6,2,17,4,1461,2,14,-1,1,-1
2015540991315,1,9,0,16,0,0,1,0,0,0,3,1,6,1,20,4,1229,1,1,-1,3,-1
2015540991315,2,9,0,17,0,0,0,0,0,0,3,1,6,2,66,10,1968,2,5,-1,2,-1
2015540993415,1,9,0,18,0,0,0,0,1,4,1,1,6,1,21,5,-1,-1,-1,-1,3,-1
2015540995115,1,9,0,18,0,0,5,0,7,9,1,1,6,1,25,5,1997,2,15,-1,3,-1
2015540997815,1,9,0,18,0,2,0,4,0,0,4,1,6,1,63,9,1984,1,14,-1,1,-1
2015540997815,2,19,0,2,0,2,0,0,0,0,2,1,6,1,68,10,-1,-1,-1,-1,1,-1
2015540997815,3,9,0,2,0,2,0,0,0,0,2,1,6,1,31,6,1560,2,5,-1,1,-1
2015540998515,1,9,0,2,0,2,0,0,0,0,4,1,6,1,-1,-1,2184,2,13,-1,1,-1
2015540998515,2,9,0,14,0,1,0,8,0,0,4,1,6,3,-1,-1,-1,-1,-1,-1,-1,-1
2015540999015,1,9,0,14,0,0,0,8,0,0,4,1,6,2,51,8,1598,1,17,-1,1,-1
2015540999015,2,9,0,2,0,0,0,0,0,0,3,1,6,2,31,6,1598,1,14,-1,1,-1
2015541011215,1,9,0,4,0,8,0,0,0,0,1,1,6,1,29,6,1895,1,15,-1,1,-1
2015541011215,2,9,0,7,0,6,0,0,0,0,1,1,6,1,27,6,2830,2,21,-1,3,-1
2015541020215,1,9,0,18,0,0,0,4,0,0,1,1,6,1,53,8,-1,-1,-1,-1,1,-1
2015541020215,2,9,0,2,0,0,0,0,0,0,2,1,6,1,68,10,-1,-1,-1,-1,3,-1
2015541035615,1,9,0,18,0,0,2,0,1,0,1,1,6,1,18,4,-1,-1,-1,-1,1,-1
2015541047715,1,9,0,18,0,0,0,0,0,0,4,1,6,2,79,11,1587,1,9,-1,1,-1
2015541060615,1,9,0,14,0,2,0,0,0,0,1,1,2,1,63,9,1248,2,6,-1,1,-1
2015541070615,1,21,0,18,0,0,1,0,1,9,1,1,1,1,60,9,12900,2,5,-1,2,-1
2015541070715,1,9,0,16,0,8,0,0,7,11,1,1,2,1,20,4,-1,-1,-1,-1,2,-1
2015541074215,1,9,0,18,0,0,1,0,7,4,4,1,6,2,29,6,-1,-1,-1,-1,1,-1
2015541077115,1,9,0,18,0,0,2,0,2,10,1,1,3,2,42,7,1341,1,11,-1,2,-1
2015541077915,1,9,0,16,0,1,1,0,0,0,1,1,2,2,19,4,1390,1,1,-1,1,-1
2015541077915,2,9,0,18,0,2,0,0,0,0,1,1,2,1,31,6,1995,2,1,-1,3,-1
2015541078215,1,9,0,4,0,0,1,0,0,0,1,1,3,2,43,7,2400,2,2,-1,3,-1
2015541078215,2,9,0,3,0,0,0,0,0,0,2,1,3,2,40,7,2720,2,9,-1,3,-1
2015541094615,1,9,0,10,0,8,0,0,0,0,2,1,2,1,60,9,1229,1,5,-1,2,-1
2015541094615,2,9,0,18,0,8,0,0,0,0,1,1,1,1,45,7,1753,2,13,-1,1,-1
2015541100115,1,1,0,18,0,8,0,0,0,0,4,1,2,1,56,9,-1,-1,-1,-1,1,-1
2015541100115,2,9,0,5,0,4,0,0,0,0,1,1,6,2,27,6,1248,2,8,-1,1,-1
2015541101815,1,9,0,18,0,2,0,0,0,0,1,1,6,2,74,10,998,1,7,-1,1,-1
2015541101815,2,1,0,18,0,2,0,0,0,0,3,1,6,2,17,4,-1,-1,-1,-1,1,-1
2015541105015,1,19,0,18,0,0,0,0,7,0,1,2,1,1,33,6,-1,-1,-1,-1,-1,-1
2015541105015,2,9,0,18,0,0,0,0,0,0,1,1,6,1,81,11,1198,1,1,-1,1,-1
2015541111015,1,8,0,15,2,0,0,0,0,0,3,1,1,1,64,9,1968,2,5,-1,2,-1
2015541129915,1,9,0,9,0,3,0,0,0,0,1,1,2,1,48,8,-1,-1,-1,-1,1,-1
2015541132115,1,9,0,18,0,0,0,0,0,0,3,1,6,1,47,8,2496,1,12,-1,1,-1