Accident_Index,Vehicle_Reference,Vehicle_Type,Towing_and_Articulation,Vehicle_Manoeuvre,Vehicle_Location-Restricted_Lane,Junction_Location,Skidding_and_Overturning,Hit_Object_in_Carriageway,Vehicle_Leaving_Carriageway,Hit_Object_off_Carriageway,1st_Point_of_Impact,Was_Vehicle_Left_Hand_Drive?,Journey_Purpose_of_Driver,Sex_of_Driver,Age_of_Driver,Age_Band_of_Driver,Engine_Capacity_(CC),Propulsion_Code,Age_of_Vehicle,Driver_IMD_Decile,Driver_Home_Area_Type,Vehicle_IMD_Decile
2015541132115,2,9,0,11,0,0,0,0,0,0,4,1,6,3,-1,-1,-1,-1,-1,-1,-1,-1
2015541133315,1,9,0,18,0,1,0,0,0,0,1,1,6,2,51,8,1997,1,10,-1,1,-1
2015541148215,1,21,1,18,0,0,0,0,0,0,1,1,1,1,35,6,-1,-1,-1,-1,1,-1
2015541148215,2,9,0,18,0,0,1,0,4,6,4,1,6,1,48,8,-1,-1,-1,-1,1,-1
2015541148215,3,21,1,4,0,0,0,0,0,0,2,1,1,1,32,6,11967,2,5,-1,1,-1
2015541163215,1,9,0,18,0,0,0,0,0,0,1,1,6,1,46,8,1598,1,9,-1,1,-1
2015541167815,1,9,0,18,0,0,0,4,0,0,1,1,6,2,23,5,999,1,6,-1,1,-1
2015541167815,2,9,0,2,0,0,0,0,0,0,2,1,6,2,32,6,1332,1,18,-1,1,-1
2015541172815,1,9,0,18,0,0,0,0,5,6,1,1,6,1,23,5,-1,-1,-1,-1,1,-1
2015541174015,1,21,1,18,0,0,1,0,0,0,3,1,1,1,65,9,12740,2,2,-1,2,-1
2015541174015,2,9,0,13,0,0,0,0,1,9,1,1,6,1,47,8,1968,2,4,-1,1,-1
2015541174015,3,9,0,18,0,0,1,0,0,0,1,1,2,1,37,7,1685,2,3,-1,2,-1
2015541182315,1,9,0,18,0,0,1,0,1,4,1,1,1,2,41,7,-1,-1,-1,-1,1,-1
2015541193815,1,9,0,9,0,4,0,0,0,0,1,1,1,1,59,9,-1,-1,-1,-1,1,-1
2015541193815,2,5,0,18,0,8,0,0,0,0,4,1,6,1,42,7,996,1,12,-1,1,-1
2015541194515,1,9,0,18,0,0,0,0,0,0,1,1,2,2,42,7,-1,-1,-1,-1,1,-1
2015541194515,2,20,0,4,0,0,0,0,0,0,2,1,1,1,56,9,12600,2,12,-1,1,-1
2015541196715,1,9,0,17,0,0,0,0,0,0,1,1,6,1,53,8,1560,2,7,-1,1,-1
2015541196715,2,9,0,16,0,0,0,0,0,0,1,1,6,2,55,8,1349,1,4,-1,1,-1
2015541202015,1,9,0,9,0,6,0,0,0,0,3,1,6,2,37,7,1124,1,11,-1,3,-1
2015541202015,2,3,0,18,0,8,0,0,0,0,1,1,6,1,18,4,124,1,7,-1,1,-1
2015541213915,1,9,0,18,0,8,0,0,0,0,1,1,6,1,-1,-1,1362,1,3,-1,-1,-1
2015541213915,2,9,0,5,0,6,0,0,0,0,3,1,2,1,38,7,1896,2,13,-1,1,-1
2015541219715,1,9,0,18,0,8,0,0,0,0,1,1,6,1,50,8,1598,2,3,-1,2,-1
2015541219715,2,9,0,9,0,5,0,0,0,0,4,1,6,1,44,7,2400,2,1,-1,-1,-1
2015541219715,3,9,0,3,0,1,0,0,0,0,3,1,6,1,22,5,1229,1,1,-1,1,-1
2015541227215,1,2,0,18,0,2,0,0,0,0,3,1,2,1,17,4,50,1,3,-1,1,-1
2015541228715,1,9,0,18,0,8,0,0,0,0,1,1,6,2,45,7,999,1,6,-1,1,-1
2015541228715,2,9,0,9,0,6,0,0,0,0,3,1,6,1,22,5,-1,-1,-1,-1,3,-1
2015541240315,1,9,0,3,0,1,0,0,0,0,2,1,6,1,52,8,1598,1,3,-1,1,-1
2015541240315,2,9,0,18,0,1,0,0,0,0,1,1,6,2,50,8,1560,2,9,-1,1,-1
2015541246815,1,9,0,9,0,4,0,0,0,0,1,1,6,1,65,9,1598,1,1,-1,1,-1
2015541246815,2,3,0,9,0,8,0,0,0,0,3,1,6,1,17,4,125,1,11,-1,3,-1
2015541251015,1,9,0,16,0,0,0,0,7,11,1,1,6,1,46,8,2495,2,18,-1,3,-1
2015541251815,1,9,0,18,0,0,0,0,0,0,4,1,2,1,35,6,-1,-1,-1,-1,1,-1
2015541251815,2,1,0,18,0,0,0,0,1,0,3,1,2,1,26,6,-1,-1,-1,-1,1,-1
2015541253515,1,9,0,9,0,5,0,0,0,0,4,1,6,1,80,11,1339,8,1,-1,1,-1
2015541253515,2,1,0,18,0,8,0,0,0,0,1,1,6,1,41,7,-1,-1,-1,-1,1,-1
2015541259515,1,9,0,18,0,0,0,0,0,0,1,1,2,1,39,7,1560,2,9,-1,1,-1
2015541259515,2,9,0,4,0,0,0,0,0,0,2,1,3,2,37,7,1995,1,8,-1,3,-1
2015541259515,3,21,0,3,0,0,0,0,0,0,0,1,1,1,63,9,12777,2,5,-1,-1,-1
2015541259715,1,9,0,9,0,6,0,7,0,0,1,1,1,2,54,8,1799,1,18,-1,1,-1
2015541261315,1,9,0,11,0,0,0,0,1,7,2,1,1,2,36,7,1149,1,4,-1,1,-1
2015541262815,1,9,0,18,0,8,0,10,1,2,4,1,1,2,56,9,1796,1,1,-1,1,-1
2015541277915,1,9,0,18,0,0,0,0,1,4,3,1,6,1,21,5,-1,-1,-1,-1,1,-1
2015541280715,1,9,0,9,0,5,0,0,0,0,1,1,6,1,83,11,1388,1,9,-1,1,-1
2015541287815,1,9,0,9,0,6,0,0,1,9,3,1,6,2,68,10,-1,-1,-1,-1,2,-1
2015541287815,2,9,0,18,0,8,1,0,0,0,1,1,6,1,34,6,-1,-1,-1,-1,1,-1
2015541297215,1,9,0,18,0,4,0,0,0,0,1,1,6,2,58,9,1796,1,11,-1,1,-1
2015541297215,2,9,0,9,0,8,0,0,0,0,4,1,6,2,39,7,1299,1,10,-1,1,-1
2015541315915,1,9,0,5,0,4,0,0,0,0,1,1,6,2,49,8,1968,2,3,-1,3,-1
2015541315915,2,1,0,18,0,8,0,0,0,0,4,1,6,1,50,8,-1,-1,-1,-1,3,-1
2015541317015,1,9,0,18,0,0,0,0,0,0,1,1,6,2,61,9,998,1,8,-1,1,-1
2015541317015,2,9,0,4,0,0,0,0,0,0,2,1,6,1,21,5,1968,2,4,-1,1,-1
2015541317015,3,9,0,3,0,0,0,0,0,0,2,1,6,2,34,6,1796,1,9,-1,1,-1
2015541317815,1,9,0,16,0,0,1,0,0,0,1,1,2,1,47,8,1596,1,14,-1,1,-1
2015541317815,2,11,0,17,0,0,0,0,0,0,1,1,1,1,65,9,6871,2,9,-1,3,-1
2015541318115,1,8,0,7,0,6,0,0,0,0,1,1,1,1,44,7,1997,2,7,-1,1,-1
2015541318115,2,1,0,18,0,8,0,0,0,0,1,1,2,1,48,8,-1,-1,-1,-1,1,-1
2015541319715,1,9,0,9,0,5,1,0,1,11,1,1,6,1,19,4,1600,1,15,-1,3,-1
2015541320315,1,9,0,17,0,1,1,0,0,0,1,1,6,1,28,6,998,1,26,-1,1,-1
2015541320315,2,21,1,16,0,2,0,0,0,0,1,1,1,1,51,8,12809,2,1,-1,3,-1
2015541320715,1,9,0,16,0,0,0,10,4,0,1,1,2,1,36,7,-1,-1,-1,-1,1,-1
2015541348015,1,9,0,9,0,4,0,0,0,0,1,1,6,1,26,6,1995,2,5,-1,1,-1
2015541348015,2,3,0,18,0,8,0,0,0,0,4,1,6,1,18,4,124,1,1,-1,1,-1
2015541349815,1,9,0,18,0,0,5,4,0,0,1,1,6,1,79,11,1984,2,1,-1,1,-1
2015541349815,2,9,0,2,0,0,0,0,0,0,2,1,6,1,43,7,2143,2,2,-1,2,-1
2015541349815,3,19,0,18,0,0,0,0,0,0,1,1,2,1,48,8,2198,2,2,-1,2,-1
2015541356915,1,19,0,18,0,0,0,0,0,0,3,1,1,1,52,8,2143,2,1,-1,-1,-1
2015541356915,2,19,0,18,0,0,0,0,0,0,3,1,1,1,50,8,1598,2,3,-1,2,-1
2015541386315,1,11,0,13,0,0,0,0,0,0,4,1,1,1,45,7,9000,2,6,-1,1,-1
2015541386315,2,1,0,12,0,0,0,0,0,0,3,1,6,1,80,11,-1,-1,-1,-1,1,-1
2015541390115,1,9,0,4,0,0,0,0,0,0,1,1,6,1,27,6,1248,2,6,-1,1,-1
2015541390115,2,9,0,3,0,0,0,0,0,0,2,1,6,1,41,7,1968,2,2,-1,1,-1
2015541406215,1,9,0,5,0,0,0,0,0,0,1,1,6,1,-1,-1,-1,-1,-1,-1,-1,-1
2015541406215,2,1,0,18,0,0,0,0,0,0,3,1,6,1,50,8,-1,-1,-1,-1,1,-1
2015541423215,1,9,0,18,9,2,0,10,1,0,4,1,6,1,18,4,1299,1,13,-1,3,-1
2015541451915,1,9,0,18,0,8,0,0,0,0,1,1,6,1,34,6,2148,2,7,-1,1,-1
2015541458615,1,16,0,18,0,0,0,0,0,0,0,1,6,2,60,9,-1,-1,-1,-1,1,-1
2015541458615,2,9,0,18,0,0,0,0,0,0,0,1,6,2,-1,-1,-1,-1,-1,-1,-1,-1
2015541458615,3,19,0,18,0,0,0,0,0,0,0,1,1,1,35,6,4250,2,3,-1,1,-1
2015541469215,1,9,0,18,0,1,0,0,0,0,1,1,6,2,57,9,1390,1,6,-1,1,-1
2015541469215,2,9,0,4,0,1,0,0,0,0,2,1,6,1,33,6,1999,1,6,-1,1,-1
2015541469215,3,9,0,4,0,1,0,0,0,0,2,1,6,2,-1,-1,1596,1,2,-1,1,-1
2015541481515,1,19,0,18,0,0,0,0,0,0,1,1,1,1,35,6,2198,2,6,-1,1,-1
2015541481515,2,9,0,18,0,0,0,0,0,0,1,1,2,2,24,5,-1,-1,-1,-1,3,-1
2015541492015,1,9,0,17,0,0,5,10,0,0,2,1,6,1,20,4,-1,-1,-1,-1,3,-1
2015541500915,1,9,0,18,0,4,0,0,0,0,3,1,6,1,74,10,1388,1,5,-1,1,-1
2015541500915,2,9,0,9,0,8,0,0,0,0,1,1,6,1,48,8,2493,1,14,-1,1,-1
2015541516415,1,9,0,9,0,5,0,0,0,0,4,1,6,1,55,8,1968,2,6,-1,1,-1
2015541516415,2,9,0,18,0,8,0,0,0,0,1,1,6,2,44,7,-1,-1,-1,-1,1,-1
2015541518015,1,2,0,18,0,1,0,0,0,0,1,1,6,2,23,5,49,1,5,-1,3,-1
2015541518015,2,9,0,10,0,1,0,0,0,0,2,1,6,2,37,7,1896,2,9,-1,3,-1
2015541520415,1,9,0,18,0,0,0,0,0,0,1,1,6,2,80,11,2204,2,8,-1,3,-1
2015541520415,2,9,0,3,0,0,0,0,0,0,2,1,6,1,39,7,1968,2,8,-1,-1,-1
2015541529915,1,9,0,18,0,6,0,0,0,0,1,1,6,1,67,10,1796,1,5,-1,1,-1
2015541529915,2,9,0,18,0,8,0,0,0,0,3,1,6,1,53,8,1242,1,5,-1,1,-1
2015541533115,1,9,0,18,0,0,0,0,0,0,1,1,2,2,54,8,-1,-1,-1,-1,3,-1
2015541533115,2,9,0,3,0,0,0,0,1,0,2,1,6,1,43,7,-1,-1,-1,-1,1,-1
2015541533115,3,9,0,3,0,0,0,0,0,0,2,1,6,1,60,9,1598,1,10,-1,3,-1
2015541533415,1,9,0,18,0,0,0,0,0,0,1,1,2,1,62,9,-1,-1,-1,-1,2,-1
2015541533415,2,21,1,4,7,0,0,0,0,0,2,1,1,1,58,9,15607,2,8,-1,1,-1
2015541549315,1,21,1,12,0,0,0,0,0,0,1,2,1,1,29,6,-1,-1,-1,-1,-1,-1
2015541549315,2,9,0,18,0,0,2,0,1,0,4,1,6,1,67,10,-1,-1,-1,-1,1,-1
2015541564215,1,9,0,3,0,0,0,0,0,0,2,1,2,2,33,6,1997,2,6,-1,1,-1
2015541564215,2,9,0,18,0,0,0,0,0,0,1,1,2,1,48,8,-1,-1,-1,-1,1,-1
2015541566515,1,9,0,18,0,0,0,0,0,0,3,1,6,1,27,6,1896,2,10,-1,2,-1
2015541567315,1,9,0,18,0,0,5,4,0,0,1,1,6,2,74,10,1600,1,10,-1,3,-1
2015541567315,2,9,0,2,0,0,0,0,0,0,2,1,6,2,-1,-1,2204,2,9,-1,3,-1
2015541569015,1,9,0,18,0,0,0,0,0,0,4,1,6,1,60,9,1596,1,7,-1,2,-1
2015541569015,2,1,0,18,0,0,0,0,0,0,3,1,6,2,42,7,-1,-1,-1,-1,1,-1
2015541573515,1,9,0,9,0,5,0,0,0,0,3,1,6,2,55,8,1339,1,9,-1,3,-1
2015541573515,2,1,0,18,0,8,0,0,0,0,1,1,2,1,41,7,-1,-1,-1,-1,1,-1
2015541582715,1,9,0,17,0,2,0,0,0,0,1,1,6,2,60,9,995,1,6,-1,1,-1
2015541584115,1,19,0,6,8,0,0,0,0,0,1,1,1,1,64,9,1560,2,1,-1,3,-1
2015541584115,2,9,0,18,0,0,0,0,1,0,4,1,6,1,64,9,2179,2,4,-1,1,-1
2015541584215,1,17,0,18,0,0,0,0,0,0,1,1,1,1,41,7,3900,9,-1,-1,2,-1
2015541584215,2,9,0,3,0,0,0,0,0,0,2,1,6,2,38,7,2184,2,10,-1,1,-1
2015541585715,1,3,0,18,0,0,1,0,0,0,3,1,2,1,51,8,124,1,1,-1,3,-1
2015541590115,1,9,0,18,0,0,0,4,1,0,1,1,6,1,82,11,1149,1,8,-1,1,-1
2015541590115,2,9,0,2,0,0,0,0,0,0,1,1,6,1,47,8,2688,2,13,-1,1,-1
2015541617515,1,9,0,18,0,2,0,0,1,0,1,1,1,2,23,5,-1,-1,-1,-1,3,-1
2015541617515,2,19,0,18,0,1,0,0,0,0,1,1,1,1,37,7,2464,2,7,-1,1,-1
2015541617515,3,19,0,18,0,1,0,0,0,0,3,1,1,1,34,6,6370,2,12,-1,1,-1
2015541617515,4,19,0,10,0,1,0,0,0,0,0,1,1,1,51,8,1248,2,6,-1,1,-1
2015541619415,1,17,0,9,0,5,0,0,0,0,3,1,6,1,-1,-1,-1,2,10,-1,3,-1
2015541619415,2,1,0,13,0,8,0,0,0,0,1,1,6,1,46,8,-1,-1,-1,-1,1,-1
2015541621515,1,9,0,18,0,0,0,0,0,0,3,1,6,2,42,7,1598,2,-1,-1,1,-1
2015541621515,2,19,0,18,0,0,0,0,1,0,3,1,1,1,43,7,9290,2,1,-1,1,-1
2015541621515,3,9,0,18,0,0,0,0,0,0,1,1,6,1,68,10,1461,2,3,-1,3,-1
2015541639615,1,19,0,18,0,2,0,0,0,0,4,1,1,1,49,8,2874,2,17,-1,2,-1
2015541651515,1,9,0,18,0,4,0,0,0,0,1,1,6,2,24,5,-1,-1,-1,-1,1,-1
2015541651515,2,9,0,18,0,8,0,0,0,0,4,1,6,2,28,6,1595,1,14,-1,1,-1
2015541651915,1,9,0,9,0,6,0,0,0,0,1,1,6,1,23,5,1995,2,8,-1,3,-1
2015541651915,2,9,0,18,0,8,0,0,0,0,1,1,6,2,51,8,1332,1,3,-1,2,-1
2015541654715,1,9,0,17,0,2,1,0,2,10,1,1,6,1,28,6,1590,1,14,-1,3,-1
2015541657015,1,9,0,18,0,6,0,0,0,0,1,1,6,1,60,9,2995,1,10,-1,3,-1
2015541657015,2,9,0,18,0,8,0,0,0,0,4,1,6,2,50,8,-1,-1,-1,-1,2,-1
2015541659715,1,9,0,17,0,0,1,0,7,1,1,1,6,2,19,4,-1,-1,-1,-1,3,-1
2015541664415,1,9,0,7,0,5,0,0,0,0,1,1,6,1,50,8,1910,2,7,-1,1,-1
2015541664415,2,3,0,18,0,1,0,0,0,0,1,1,6,1,23,5,125,1,1,-1,1,-1
2015541665215,1,9,0,3,0,1,0,0,0,0,2,1,6,2,20,4,1198,1,9,-1,2,-1
2015541665215,2,9,0,4,0,1,0,0,0,0,1,1,6,2,31,6,1461,2,1,-1,1,-1
2015541667115,1,3,0,17,0,0,0,4,1,0,4,1,2,1,22,5,124,1,8,-1,1,-1
2015541667115,2,9,0,2,0,0,0,0,0,0,4,1,6,1,52,8,1796,1,16,-1,1,-1
2015541667615,1,9,0,17,0,0,0,0,1,4,1,1,6,1,47,8,1896,2,15,-1,1,-1
2015541672515,1,9,0,18,0,0,0,0,5,6,1,1,6,2,28,6,-1,-1,-1,-1,1,-1
2015541672515,2,9,0,18,0,0,0,0,0,0,1,1,6,1,45,7,1995,2,5,-1,1,-1
2015541672515,3,9,0,18,0,0,0,0,0,0,3,1,6,1,34,6,1598,2,2,-1,1,-1
2015541672515,4,9,0,18,0,0,0,0,0,0,4,1,6,2,32,6,1299,1,12,-1,1,-1
2015541685915,1,9,0,18,0,8,0,0,0,0,1,1,6,2,63,9,-1,-1,-1,-1,3,-1
2015541685915,2,20,0,9,0,5,0,0,0,0,1,1,1,1,44,7,-1,-1,-1,-1,3,-1
2015541686115,1,9,0,10,0,1,0,0,0,0,2,1,6,2,75,10,1364,1,8,-1,1,-1
2015541686115,2,20,1,18,0,1,0,0,0,0,1,1,2,1,50,8,-1,-1,-1,-1,1,-1
2015541694215,1,9,0,18,0,1,0,0,0,0,1,1,6,1,27,6,1783,1,14,-1,1,-1
2015541694215,2,8,0,3,0,1,0,0,0,0,2,1,1,1,43,7,-1,-1,-1,-1,1,-1
2015541697215,1,21,1,18,0,0,0,0,1,9,4,1,1,1,48,8,-1,2,-1,-1,1,-1
2015541699315,1,9,0,4,0,0,0,0,0,0,0,1,6,1,43,7,-1,-1,-1,-1,1,-1
2015541699315,2,9,0,14,0,0,0,0,0,0,2,1,6,2,25,5,875,1,1,-1,1,-1
2015541699315,3,9,0,14,0,0,0,0,0,0,1,1,6,1,50,8,1396,1,17,-1,1,-1
2015541703615,1,3,0,13,0,8,0,0,0,0,1,1,6,1,24,5,124,1,5,-1,1,-1
2015541703615,2,21,1,9,0,5,0,0,0,0,3,1,1,1,35,6,12740,2,2,-1,-1,-1
2015541710815,1,9,0,18,0,1,2,0,1,11,4,1,2,2,43,7,1248,2,3,-1,3,-1
2015541719215,1,9,0,18,0,4,0,0,0,0,3,1,6,2,38,7,1587,1,7,-1,3,-1
2015541719215,2,1,0,18,0,8,0,0,0,0,1,1,6,1,29,6,-1,-1,-1,-1,1,-1
2015541721715,1,9,0,1,0,1,0,0,0,0,2,1,6,2,41,7,1956,2,4,-1,3,-1
2015541721715,2,9,0,3,0,1,0,0,0,0,1,1,6,2,50,8,1596,1,10,-1,1,-1
2015541730315,1,9,0,18,0,0,0,0,0,0,4,1,6,1,25,5,998,1,11,-1,2,-1
2015541730315,2,9,0,18,0,0,0,0,0,0,2,1,6,2,38,7,2720,2,6,-1,2,-1
2015541730315,3,9,0,18,0,0,0,0,0,0,1,1,6,1,54,8,1560,2,8,-1,1,-1
2015541730315,4,1,0,18,0,0,0,0,0,0,3,1,6,1,38,7,-1,-1,-1,-1,1,-1
2015541731015,1,9,0,7,0,6,0,0,0,0,1,1,3,1,19,4,1149,1,11,-1,1,-1
2015541731015,2,1,0,5,0,1,0,0,0,0,1,1,4,1,12,3,-1,-1,-1,-1,1,-1
2015541737115,1,9,0,9,0,5,0,0,0,0,4,1,6,2,71,10,1596,1,14,-1,1,-1
2015541737115,2,9,0,3,0,1,0,0,0,0,1,1,6,2,46,8,1242,1,10,-1,1,-1
2015541737115,3,1,0,18,0,8,0,0,0,0,1,1,2,1,45,7,-1,-1,-1,-1,1,-1
2015541738915,1,9,0,17,0,0,0,0,1,1,1,1,6,1,41,7,2793,1,19,-1,1,-1
2015541741215,1,21,0,18,0,4,0,0,0,0,1,1,1,1,61,9,6692,2,3,-1,1,-1
2015541741215,2,1,0,18,0,8,0,0,0,0,1,1,6,2,41,7,-1,-1,-1,-1,1,-1
2015541750615,1,9,0,18,0,0,0,0,0,0,4,1,6,3,-1,-1,-1,-1,-1,-1,-1,-1
2015541767115,1,9,0,17,0,2,0,0,0,0,1,1,6,3,-1,-1,-1,-1,-1,-1,-1,-1
2015541768815,1,9,0,5,0,6,0,0,0,0,1,1,2,1,70,10,2184,2,11,-1,3,-1
2015541768815,2,9,0,18,0,8,1,0,7,0,1,1,2,1,25,5,-1,-1,-1,-1,1,-1
2015541771115,1,9,0,18,0,4,0,0,0,0,1,1,6,1,-1,-1,-1,-1,-1,-1,-1,-1
2015541771115,2,9,0,18,0,8,0,0,0,0,4,1,6,1,34,6,1596,1,5,-1,1,-1
2015541781315,1,9,0,18,0,0,0,0,0,0,1,1,1,2,28,6,-1,-1,-1,-1,3,-1
2015541781315,2,9,0,3,0,0,0,0,0,0,2,1,3,2,38,7,1998,1,11,-1,3,-1
2015541795415,1,21,1,18,0,0,0,0,0,0,4,1,1,1,49,8,7790,2,4,-1,1,-1
2015541795415,2,1,0,18,0,0,0,0,0,0,3,1,6,1,51,8,-1,-1,-1,-1,3,-1
2015541819015,1,9,0,17,0,0,1,0,0,0,1,1,6,2,48,8,1598,1,13,-1,3,-1
2015541819015,2,9,0,16,0,0,0,0,0,0,1,1,6,1,48,8,2457,1,1,-1,2,-1
2015541819915,1,9,0,14,0,0,0,0,0,0,4,1,6,2,22,5,1197,1,1,-1,1,-1
2015541819915,2,9,0,5,0,0,0,0,0,0,3,1,6,3,-1,-1,-1,-1,-1,-1,-1,-1
2015541836115,1,9,0,16,0,2,2,10,7,11,1,1,6,2,18,4,-1,-1,-1,-1,1,-1
2015541840715,1,19,0,18,0,0,2,0,0,0,3,1,1,1,49,8,1896,2,11,-1,1,-1
2015541841215,1,9,0,13,0,8,0,0,7,0,1,1,2,1,43,7,2400,2,1,-1,1,-1
2015541841215,2,9,0,9,0,5,0,0,7,0,3,1,6,2,47,8,-1,-1,-1,-1,3,-1
2015541842815,1,9,0,18,0,8,0,0,0,0,1,1,6,3,-1,-1,-1,-1,-1,-1,-1,-1
2015541842815,2,9,0,3,0,8,0,0,0,0,2,1,6,2,76,11,1390,1,6,-1,3,-1
2015541861015,1,9,0,18,0,0,0,0,0,0,0,1,6,1,54,8,2143,2,1,-1,-1,-1
2015541861015,2,9,0,11,0,0,1,0,5,6,3,1,6,2,38,7,1398,1,14,-1,1,-1
2015541861015,3,9,0,18,0,0,0,0,0,0,1,1,6,1,39,7,1781,1,13,-1,1,-1
2015541861015,4,9,0,12,0,0,0,0,0,0,0,1,6,1,40,7,1560,2,3,-1,1,-1
2015541865115,1,9,0,18,0,4,0,0,0,0,0,1,6,2,-1,-1,-1,-1,-1,-1,-1,-1
2015541865115,2,9,0,18,0,8,0,0,0,0,4,1,6,2,17,4,1248,2,1,-1,1,-1
2015541865115,3,9,0,18,0,4,0,0,0,0,1,1,6,2,22,5,1595,1,9,-1,1,-1
2015541865215,1,9,0,9,0,8,0,0,0,0,3,1,6,1,23,5,2521,1,9,-1,1,-1
2015541865215,2,5,0,18,0,8,0,0,1,1,4,1,6,1,47,8,781,1,15,-1,1,-1
2015541870615,1,9,0,13,0,0,0,0,0,0,0,1,6,3,-1,-1,-1,-1,-1,-1,-1,-1
2015541870615,2,9,0,13,0,0,1,0,7,11,3,1,2,1,42,7,1994,1,13,-1,1,-1
2015541882315,1,5,0,13,0,0,0,0,0,0,1,1,6,1,23,5,750,1,17,-1,1,-1
2015541882315,2,9,0,18,0,0,0,0,0,0,1,1,6,1,32,6,1560,2,1,-1,2,-1
2015541883815,1,9,0,9,0,5,0,0,0,0,1,1,6,2,18,4,999,1,-1,-1,2,-1
2015541883815,2,5,0,18,0,8,0,0,0,0,1,1,6,1,49,8,1157,1,14,-1,3,-1
2015541892015,1,9,0,18,0,0,1,0,1,10,1,1,2,2,36,7,1390,1,5,-1,1,-1
2015541892015,2,19,0,13,0,0,0,0,0,0,0,1,2,1,51,8,1399,2,4,-1,1,-1
2015541895215,1,9,0,18,0,0,0,0,0,0,1,1,2,2,34,6,-1,-1,-1,-1,1,-1
2015541895215,2,9,0,4,0,0,0,0,0,0,2,1,2,2,38,7,1399,2,6,-1,1,-1
2015541895215,3,9,0,4,0,0,0,0,0,0,2,1,2,1,43,7,3947,1,20,-1,2,-1
2015541900515,1,19,0,18,0,1,0,0,0,0,1,1,6,1,52,8,1560,2,3,-1,1,-1
2015541900515,2,9,0,10,0,1,0,0,0,0,2,1,6,1,44,7,3239,1,20,-1,1,-1
2015541925115,1,19,0,18,0,8,0,0,1,5,1,1,6,1,30,6,1753,2,9,-1,2,-1
2015541925115,2,8,0,9,0,6,0,0,0,0,3,1,1,1,56,9,-1,-1,-1,-1,2,-1
2015541938115,1,20,4,7,0,5,0,0,0,0,3,1,6,2,-1,-1,8970,2,12,-1,3,-1
2015541938115,2,9,0,18,0,8,0,0,0,0,3,1,6,2,41,7,2720,2,8,-1,1,-1
2015541943215,1,21,0,4,0,1,0,0,0,0,1,1,1,1,35,6,11967,2,9,-1,1,-1
2015541943215,2,9,0,3,0,1,0,0,0,0,2,1,6,2,69,10,1329,1,5,-1,1,-1
2015541943215,3,19,0,3,0,1,0,0,0,0,2,1,6,1,59,9,1560,2,3,-1,3,-1
2015541943215,4,9,0,3,0,1,0,0,0,0,2,1,6,1,69,10,1198,1,6,-1,3,-1
2015541954915,1,9,0,18,0,1,0,0,0,0,1,1,6,3,-1,-1,-1,-1,-1,-1,-1,-1
2015541962015,1,4,0,18,0,0,1,0,0,0,3,1,6,1,71,10,171,1,2,-1,1,-1
2015541962015,2,19,0,1,0,0,0,0,0,0,0,1,6,1,-1,-1,-1,-1,-1,-1,-1,-1
2015541965515,1,2,0,9,0,6,0,0,0,0,3,1,6,1,27,6,49,1,3,-1,1,-1
2015541965515,2,9,0,18,0,8,0,0,0,0,1,1,6,2,45,7,1598,1,11,-1,1,-1
2015541973715,1,9,0,18,0,1,0,0,0,0,4,1,6,2,23,5,1299,1,13,-1,1,-1
2015542004315,1,9,0,4,0,1,0,0,0,0,1,1,6,1,18,4,-1,-1,-1,-1,3,-1
2015542004315,2,9,0,3,0,1,0,0,0,0,2,1,1,1,24,5,1995,2,8,-1,3,-1
2015542004315,3,9,0,9,0,5,0,0,0,0,2,1,2,2,39,7,1968,2,6,-1,2,-1
2015542013815,1,9,0,18,0,1,0,0,0,0,1,1,6,1,-1,-1,-1,-1,-1,-1,-1,-1
2015542024315,1,9,0,18,0,6,0,0,0,0,1,1,6,1,73,10,1796,1,15,-1,3,-1
2015542024315,2,9,0,18,0,8,0,0,0,0,4,1,2,2,32,6,999,1,8,-1,2,-1
2015542044515,1,9,0,18,0,0,0,0,0,0,4,1,6,1,82,11,1596,1,3,-1,2,-1
2015542069215,1,9,0,18,0,0,0,4,1,10,2,1,6,2,32,6,1796,1,11,-1,3,-1
2015542069215,2,9,0,2,0,0,0,4,0,0,4,1,6,2,17,4,1124,1,10,-1,3,-1
2015542069215,3,9,0,2,0,0,0,0,0,0,1,1,6,1,-1,-1,1685,2,2,-1,2,-1
2015542075115,1,8,0,5,0,1,0,0,0,0,0,1,1,1,30,6,1910,2,9,-1,3,-1
2015542078915,1,20,0,5,0,1,0,0,0,0,1,1,1,1,34,6,5193,2,1,-1,1,-1
2015542078915,2,9,0,3,0,1,0,0,0,0,2,1,6,2,42,7,1598,1,13,-1,1,-1
2015542079115,1,9,0,18,0,0,2,10,7,9,1,1,6,2,20,4,-1,-1,-1,-1,1,-1
2015542083115,1,9,0,3,0,1,0,0,0,0,2,1,6,2,43,7,1598,1,14,-1,3,-1
2015542083115,2,9,0,18,0,1,0,0,0,0,1,1,6,3,-1,-1,-1,-1,-1,-1,-1,-1
2015542085115,1,5,0,17,0,8,0,10,1,4,1,1,6,1,54,8,1520,1,24,-1,1,-1
2015542087415,1,9,0,5,0,1,0,0,0,0,1,1,6,2,32,6,1951,2,10,-1,1,-1