Accident_Index,Vehicle_Reference,Vehicle_Type,Towing_and_Articulation,Vehicle_Manoeuvre,Vehicle_Location-Restricted_Lane,Junction_Location,Skidding_and_Overturning,Hit_Object_in_Carriageway,Vehicle_Leaving_Carriageway,Hit_Object_off_Carriageway,1st_Point_of_Impact,Was_Vehicle_Left_Hand_Drive?,Journey_Purpose_of_Driver,Sex_of_Driver,Age_of_Driver,Age_Band_of_Driver,Engine_Capacity_(CC),Propulsion_Code,Age_of_Vehicle,Driver_IMD_Decile,Driver_Home_Area_Type,Vehicle_IMD_Decile
2015542087415,2,9,0,3,0,1,0,0,0,0,2,1,6,2,38,7,1995,2,12,-1,1,-1
2015542087815,1,9,0,9,0,5,0,0,0,0,4,1,6,2,41,7,1598,1,10,-1,3,-1
2015542087815,2,5,0,18,0,8,0,0,0,0,1,1,6,1,26,6,1000,1,10,-1,1,-1
2015542087815,3,9,0,18,0,1,0,0,0,0,1,1,6,1,26,6,1598,1,13,-1,1,-1
2015542087815,4,9,0,18,0,1,0,0,0,0,1,1,6,1,75,10,2143,2,1,-1,3,-1
2015542097715,1,9,0,18,0,0,0,0,0,0,3,1,6,1,53,8,1968,2,-1,-1,2,-1
2015542109115,1,9,0,13,0,0,0,0,0,0,4,1,6,2,33,6,1956,2,1,-1,-1,-1
2015542109115,2,1,0,18,0,0,0,0,0,0,3,1,6,1,41,7,-1,-1,-1,-1,1,-1
2015542113615,1,9,0,5,0,4,0,0,0,0,3,1,6,2,35,6,2198,1,9,-1,1,-1
2015542113615,2,3,0,18,0,8,1,0,0,0,4,1,6,1,17,4,125,1,-1,-1,1,-1
2015542114615,1,9,0,17,0,2,0,0,1,9,1,1,6,2,48,8,999,1,7,-1,2,-1
2015542116315,1,4,0,16,0,0,0,0,8,10,3,1,6,1,19,4,296,1,1,-1,1,-1
2015542119815,1,5,0,16,0,0,1,0,0,0,4,1,2,1,31,6,645,1,10,-1,1,-1
2015542143315,1,19,0,16,0,1,1,0,0,0,1,1,1,1,50,8,1997,2,1,-1,1,-1
2015542143315,2,9,0,17,0,2,1,0,0,0,1,1,6,2,77,11,1997,1,5,-1,3,-1
2015542143515,1,19,0,1,0,5,0,0,0,0,2,1,6,1,67,10,2283,2,18,-1,1,-1
2015542143515,2,9,0,3,0,1,0,0,0,0,1,1,6,1,42,7,1399,2,7,-1,1,-1
2015542152315,1,9,0,18,0,0,0,10,7,0,2,1,6,1,28,6,2967,1,7,-1,1,-1
2015542152315,2,9,0,18,0,0,0,0,0,0,1,1,6,1,65,9,-1,-1,-1,-1,1,-1
2015542179415,1,9,0,4,0,0,0,0,0,0,4,1,1,2,47,8,1242,1,3,-1,1,-1
2015542180615,1,3,0,18,0,4,0,0,0,0,1,1,6,1,18,4,124,1,13,-1,3,-1
2015542180615,2,9,0,9,0,8,0,0,0,0,4,1,6,1,18,4,-1,-1,-1,-1,2,-1
2015542184915,1,9,0,18,0,0,1,0,4,6,1,1,6,2,38,7,1910,2,8,-1,1,-1
2015542184915,2,21,0,12,0,0,0,0,0,0,0,1,6,3,-1,-1,-1,-1,-1,-1,-1,-1
2015542212315,1,9,0,16,0,2,0,10,0,0,1,1,6,2,17,4,1229,1,7,-1,3,-1
2015542212315,2,9,0,18,0,1,0,0,0,0,1,1,2,2,29,6,998,1,3,-1,3,-1
2015542213415,1,19,0,9,0,5,0,0,0,0,1,1,1,1,51,8,1248,2,3,-1,1,-1
2015542213415,2,9,0,18,0,8,0,0,0,0,1,1,2,2,37,7,1896,2,8,-1,2,-1
2015542223215,1,9,0,4,0,0,0,0,0,0,2,1,1,2,27,6,1968,2,6,-1,1,-1
2015542223215,2,19,0,18,0,0,0,0,0,0,1,1,1,1,25,5,1995,2,2,-1,1,-1
2015542223215,3,9,0,18,0,0,0,0,0,0,1,1,1,2,45,7,1968,2,2,-1,1,-1
2015542224715,1,9,0,18,0,6,0,0,0,0,1,1,6,2,23,5,-1,-1,-1,-1,1,-1
2015542224715,2,9,0,18,0,8,0,0,0,0,1,1,6,2,62,9,1997,1,-1,-1,3,-1
2015542226315,1,9,0,14,0,0,0,0,0,0,1,1,6,2,36,7,1753,2,8,-1,1,-1
2015542226315,2,9,0,18,0,0,0,0,0,0,1,1,6,1,18,4,-1,-1,-1,-1,2,-1
2015542232015,1,8,0,15,0,4,0,0,0,0,3,1,1,1,41,7,2204,2,8,-1,1,-1
2015542232015,2,21,1,7,0,4,0,0,0,0,4,1,1,1,49,8,12740,2,-1,-1,1,-1
2015542258115,1,9,0,18,0,0,0,0,0,0,4,1,6,3,-1,-1,-1,-1,-1,-1,-1,-1
2015542278215,1,9,0,18,0,4,0,0,0,0,1,1,6,1,25,5,1399,2,6,-1,2,-1
2015542278215,2,9,0,9,0,8,0,0,0,0,1,1,6,2,40,7,1598,1,2,-1,1,-1
2015542279515,1,9,0,18,0,0,0,0,2,7,1,1,6,1,71,10,-1,-1,-1,-1,1,-1
2015542280515,1,9,0,18,0,8,0,0,0,0,1,1,2,2,18,4,1149,1,14,-1,1,-1
2015542280515,2,9,0,9,0,5,0,0,0,0,4,1,6,2,70,10,1229,1,9,-1,1,-1
2015542281515,1,2,0,18,0,0,1,10,1,0,4,1,6,1,34,6,49,1,-1,-1,2,-1
2015542287915,1,19,0,18,0,0,0,0,0,0,4,1,1,1,68,10,2143,2,5,-1,3,-1
2015542291815,1,5,0,14,0,8,0,0,0,0,4,1,6,1,43,7,988,1,11,-1,1,-1
2015542291815,2,9,0,9,0,6,0,0,0,0,1,1,6,1,-1,-1,1590,1,12,-1,-1,-1
2015542295215,1,9,0,3,0,1,0,0,0,0,2,1,6,2,26,6,1086,1,9,-1,1,-1
2015542295215,2,9,0,5,0,1,0,0,0,0,1,1,6,1,52,8,1590,1,13,-1,1,-1
2015542295915,1,9,0,18,0,1,0,0,0,0,1,1,6,2,47,8,1560,2,4,-1,1,-1
2015542295915,2,9,0,3,0,1,0,0,0,0,2,1,6,1,28,6,1596,1,10,-1,1,-1
2015542320315,1,9,0,9,0,5,0,0,0,0,1,1,6,2,63,9,1598,1,10,-1,2,-1
2015542320315,2,9,0,18,0,8,0,0,0,0,1,1,6,1,64,9,1596,1,5,-1,1,-1
2015542320415,1,9,0,10,0,1,0,0,0,0,2,1,6,1,18,4,1560,2,1,-1,1,-1
2015542320415,2,9,0,3,0,1,0,0,0,0,2,1,6,1,72,10,1229,1,5,-1,1,-1
2015542320415,3,9,0,18,0,1,0,0,0,0,1,1,6,2,41,7,1997,1,11,-1,1,-1
2015542385015,1,9,0,18,0,0,0,0,7,11,1,1,6,1,45,7,3222,2,12,-1,1,-1
2015542392115,1,9,0,16,0,6,1,0,7,1,1,1,6,2,29,6,1598,1,12,-1,1,-1
2015542392115,2,9,0,18,0,8,1,0,2,11,4,1,1,2,48,8,1995,2,4,-1,-1,-1
2015542423815,1,9,0,18,0,0,2,0,1,11,1,1,6,1,60,9,-1,-1,-1,-1,1,-1
2015542449315,1,9,0,18,0,0,0,0,0,0,1,1,6,1,55,8,1198,1,7,-1,3,-1
2015542449315,2,19,0,3,0,0,0,0,0,0,2,1,6,1,68,10,1998,2,14,-1,2,-1
2015542457115,1,9,0,9,0,6,0,10,1,0,4,1,6,1,-1,-1,-1,-1,-1,-1,-1,-1
2015542457115,2,3,0,18,0,8,0,0,0,0,1,1,2,1,21,5,124,1,3,-1,1,-1
2015542487715,1,9,0,18,0,0,0,0,0,0,1,1,2,1,26,6,1248,2,10,-1,1,-1
2015542487715,2,11,0,3,0,0,0,0,0,0,2,1,1,1,59,9,4250,2,7,-1,1,-1
2015542502115,1,9,0,18,0,0,0,4,0,0,1,1,6,1,63,9,-1,-1,-1,-1,3,-1
2015542502115,2,20,0,2,6,0,0,0,0,0,3,1,1,1,25,5,4580,2,14,-1,3,-1
2015542502115,3,20,0,2,6,0,0,0,0,0,1,1,1,1,26,6,2402,2,11,-1,1,-1
2015542502115,4,20,0,2,6,0,0,0,0,0,1,1,1,1,24,5,2402,2,5,-1,3,-1
2015542507415,1,19,0,18,0,0,0,0,0,0,3,1,6,1,40,7,1998,2,11,-1,1,-1
2015542507415,2,9,0,18,0,0,0,0,0,0,3,1,6,1,41,7,4554,1,17,-1,3,-1
2015542512915,1,9,0,18,0,2,0,0,0,0,2,1,6,3,-1,-1,-1,-1,-1,-1,-1,-1
2015542512915,2,3,0,18,0,2,1,0,0,0,1,1,6,1,20,4,124,1,2,-1,2,-1
2015542512915,3,19,0,18,0,1,0,0,1,0,3,1,1,1,55,8,1998,2,11,-1,3,-1
2015542517315,1,9,0,7,0,6,0,0,0,0,1,1,6,1,29,6,1598,1,13,-1,1,-1
2015542519915,1,19,0,17,0,0,2,0,7,10,1,1,6,1,29,6,2402,2,15,-1,1,-1
2015542524015,1,9,0,18,0,8,0,0,0,0,1,1,6,1,52,8,1968,2,2,-1,3,-1
2015542541815,1,9,0,18,0,0,0,0,7,3,1,1,6,3,-1,-1,1995,2,12,-1,-1,-1
2015542558415,1,9,0,16,0,0,0,0,0,0,1,1,6,1,57,9,1242,1,1,-1,2,-1
2015542558415,2,9,0,17,0,0,0,0,0,0,1,1,6,2,51,8,2400,2,1,-1,3,-1
2015542564415,1,19,0,3,0,1,0,0,0,0,2,1,2,1,31,6,1870,2,13,-1,1,-1
2015542564415,2,3,0,3,0,1,0,0,0,0,2,1,2,1,23,5,124,1,8,-1,1,-1
2015542564415,3,9,0,18,0,1,0,0,0,0,1,1,2,2,23,5,1598,2,4,-1,1,-1
2015542568715,1,9,0,10,0,1,0,0,0,0,3,1,6,2,24,5,1999,1,8,-1,1,-1
2015542568715,2,9,0,10,0,1,0,0,0,0,1,1,6,1,29,6,2171,2,12,-1,1,-1
2015542568715,3,9,0,7,0,5,0,0,0,0,3,1,6,2,24,5,1988,1,13,-1,1,-1
2015542574515,1,9,0,17,0,0,5,0,1,1,1,1,2,2,22,5,1598,1,10,-1,1,-1
2015542587415,1,9,0,18,0,1,0,0,0,0,1,1,6,1,24,5,1242,1,17,-1,1,-1
2015542587415,2,9,0,3,0,1,0,0,0,0,2,1,6,2,25,5,1248,2,7,-1,1,-1
2015542587415,3,9,0,3,0,1,0,0,0,0,2,1,6,1,63,9,-1,-1,-1,-1,1,-1
2015542593715,1,19,0,9,0,4,0,0,0,0,1,1,2,1,47,8,2287,2,4,-1,1,-1
2015542593715,2,5,0,18,0,8,0,0,0,0,4,1,2,1,53,8,675,1,3,-1,1,-1
2015542595915,1,9,0,18,0,0,1,0,0,0,4,1,2,2,35,6,973,1,15,-1,2,-1
2015542597715,1,9,0,4,0,0,0,0,0,0,0,1,6,2,18,4,1150,1,7,-1,1,-1
2015542597715,2,9,0,18,0,0,0,0,0,0,2,1,6,1,18,4,1560,2,1,-1,1,-1
2015542597715,3,9,0,18,0,0,0,0,0,0,1,1,6,1,17,4,1796,1,15,-1,1,-1
2015542598215,1,9,0,17,0,0,0,0,1,0,3,1,6,1,47,8,2495,2,13,-1,3,-1
2015542598215,2,9,0,16,0,0,0,0,0,0,1,1,6,1,32,6,1596,1,15,-1,3,-1
2015542602015,1,9,0,9,0,6,0,0,0,0,3,1,6,2,79,11,1339,1,7,-1,3,-1
2015542602015,2,9,0,18,0,8,0,0,7,3,1,1,6,2,43,7,2495,2,14,-1,3,-1
2015542650415,1,19,0,2,0,0,0,0,0,0,3,1,6,1,60,9,1248,2,2,-1,1,-1
2015542650415,2,1,0,18,0,0,0,8,0,0,1,1,6,2,45,7,-1,-1,-1,-1,1,-1
2015542671015,1,4,0,18,0,8,1,0,0,0,1,1,6,1,21,5,124,1,26,-1,1,-1
2015542671015,2,9,0,9,0,6,0,0,0,0,3,1,2,2,21,5,1560,2,1,-1,1,-1
2015542704715,1,9,0,5,0,1,0,0,0,0,1,1,6,1,52,8,1422,2,14,-1,2,-1
2015542704715,2,9,0,3,0,1,0,0,0,0,2,1,6,1,28,6,1850,1,15,-1,3,-1
2015542778115,1,21,0,18,0,8,0,0,1,10,3,1,1,1,44,7,6692,2,3,-1,1,-1
2015542778115,2,9,0,18,0,8,0,0,0,0,3,1,6,1,28,6,1596,1,9,-1,1,-1
2015542778115,3,9,0,18,0,8,0,0,0,0,3,1,6,1,44,7,1968,2,6,-1,2,-1
2015542783515,1,5,0,18,0,0,0,0,1,7,4,1,2,1,52,8,598,1,19,-1,1,-1
2015542799415,1,19,0,18,0,0,0,0,0,0,1,1,6,1,35,6,1248,2,8,-1,1,-1
2015542799415,2,9,0,3,0,0,0,0,0,0,2,1,6,1,36,7,1988,1,13,-1,1,-1
2015542820815,1,9,0,4,0,0,2,10,2,10,1,1,2,1,22,5,-1,-1,-1,-1,2,-1
2015542820815,2,9,0,4,0,0,0,0,0,0,2,1,1,1,48,8,1968,2,-1,-1,3,-1
2015542839615,1,9,0,18,0,1,0,0,0,0,1,1,6,1,29,6,1796,1,11,-1,1,-1
2015542839615,2,9,0,3,0,1,0,0,0,0,2,1,6,1,43,7,1896,2,12,-1,1,-1
2015542842715,1,9,0,18,0,1,1,0,0,0,1,1,6,1,68,10,1896,2,15,-1,1,-1
2015542842715,2,9,0,3,0,1,0,0,0,0,2,1,6,2,28,6,1149,1,10,-1,3,-1
2015542842715,3,9,0,3,0,1,0,0,0,0,2,1,6,1,61,9,1997,2,4,-1,1,-1
2015542847715,1,19,0,4,0,0,2,0,1,0,1,1,1,1,30,6,2198,2,5,-1,3,-1
2015542847715,2,9,0,4,0,0,1,11,4,6,2,1,6,2,46,8,2184,2,11,-1,3,-1
2015542850315,1,9,0,5,0,1,0,0,0,0,1,1,6,2,58,9,1595,1,3,-1,2,-1
2015542864215,1,21,1,7,0,6,1,0,0,0,1,2,1,1,45,7,-1,-1,-1,-1,-1,-1
2015542864215,2,9,0,18,0,1,0,0,0,0,1,1,2,1,59,9,1587,1,14,-1,1,-1
2015542876615,1,11,0,18,0,0,0,0,0,0,0,1,1,1,61,9,-1,-1,-1,-1,1,-1
2015542886415,1,9,0,18,0,1,0,0,0,0,1,1,6,1,21,5,-1,-1,-1,-1,3,-1
2015542886415,2,9,0,3,0,1,0,0,0,0,2,1,6,1,52,8,1149,1,1,-1,2,-1
2015542887215,1,9,0,12,0,0,0,0,0,0,0,1,6,1,48,8,1995,2,2,-1,1,-1
2015542887215,2,9,0,18,0,0,0,0,5,6,3,1,6,2,26,6,1560,2,4,-1,2,-1
2015542887215,3,9,0,18,0,0,0,0,0,0,1,1,6,1,31,6,1229,1,1,-1,1,-1
2015542888115,1,9,0,18,0,1,0,0,0,0,1,1,6,2,31,6,-1,-1,-1,-1,3,-1
2015542888115,2,9,0,3,0,1,0,0,0,0,2,1,6,2,66,10,1597,2,-1,-1,1,-1
2015542888115,3,9,0,3,0,1,0,0,0,0,2,1,6,1,81,11,-1,-1,-1,-1,2,-1
2015542889315,1,9,0,18,0,0,0,4,0,0,1,1,6,1,78,11,-1,-1,-1,-1,2,-1
2015542889315,2,9,0,2,0,0,0,0,0,0,1,1,6,1,36,7,-1,-1,-1,-1,2,-1
2015542889315,3,9,0,2,0,0,0,0,0,0,1,1,6,1,36,7,3996,1,16,-1,2,-1
2015542895415,1,9,0,9,0,4,0,0,0,0,4,1,6,2,27,6,1461,2,7,-1,1,-1
2015542895415,2,19,0,9,0,4,0,0,0,0,3,1,1,1,47,8,1995,2,2,-1,1,-1
2015542897515,1,9,0,8,0,1,0,0,0,0,2,1,6,1,47,8,1560,2,6,-1,1,-1
2015542897515,2,9,0,18,0,1,0,0,0,0,1,1,6,3,-1,-1,-1,-1,-1,-1,-1,-1
2015542905115,1,9,0,17,0,0,5,0,7,0,3,1,6,2,20,4,1397,1,5,-1,1,-1
2015542906015,1,9,0,18,0,0,0,0,0,0,3,1,6,3,-1,-1,-1,-1,-1,-1,-1,-1
2015542914315,1,9,0,18,0,0,5,0,0,0,1,1,6,1,48,8,-1,-1,-1,-1,3,-1
2015542918815,1,9,0,18,0,0,0,0,1,0,1,1,6,1,34,6,-1,-1,-1,-1,1,-1
2015542918815,2,9,0,18,0,0,5,0,0,0,1,1,6,2,43,7,-1,-1,-1,-1,1,-1
2015542933515,1,9,0,17,0,0,0,11,0,0,4,1,6,1,26,6,1296,1,15,-1,1,-1
2015542935415,1,9,0,17,0,8,1,0,1,9,1,1,6,1,20,4,1390,1,7,-1,2,-1
2015542941015,1,9,0,18,0,0,0,0,5,6,3,1,6,2,22,5,1600,1,17,-1,1,-1
2015542948015,1,9,0,18,0,0,1,10,7,4,1,1,6,1,30,6,1984,1,9,-1,1,-1
2015542958015,1,9,0,18,0,0,1,0,1,9,1,1,6,1,18,4,998,1,15,-1,1,-1
2015542976215,1,8,0,6,0,8,0,0,0,0,1,1,1,1,32,6,2000,2,4,-1,1,-1
2015542976215,2,3,0,18,0,8,1,0,0,0,1,1,6,2,18,4,124,1,2,-1,1,-1
2015542982315,1,11,0,18,0,0,0,0,0,0,1,1,6,1,61,9,4580,2,5,-1,1,-1
2015543006515,1,9,0,4,0,1,0,0,0,0,4,1,6,2,76,11,1339,1,6,-1,1,-1
2015543010015,1,9,0,18,0,1,0,0,0,0,1,1,6,1,29,6,1796,1,14,-1,1,-1
2015543013815,1,9,0,9,0,2,1,10,0,0,1,1,6,1,-1,-1,1998,1,16,-1,-1,-1
2015543013815,2,9,0,3,0,1,0,0,0,0,3,1,2,2,44,7,998,1,5,-1,1,-1
2015543026815,1,1,0,18,9,0,0,0,0,0,4,1,6,1,19,4,-1,-1,-1,-1,1,-1
2015543026815,2,2,0,18,9,0,0,0,0,0,1,1,6,3,-1,-1,-1,-1,-1,-1,-1,-1
2015543037215,1,9,0,18,0,1,0,0,0,0,1,1,6,2,45,7,1984,1,10,-1,3,-1
2015543037215,2,9,0,4,0,1,0,0,0,0,2,1,6,1,61,9,1796,1,7,-1,2,-1
2015543046015,1,5,0,13,0,0,1,0,0,0,1,1,6,1,51,8,865,1,1,-1,1,-1
2015543046015,2,9,0,17,0,0,0,0,0,0,1,1,6,1,20,4,1229,1,1,-1,2,-1
2015543058815,1,4,0,18,0,0,1,0,0,0,4,1,2,1,32,6,599,1,14,-1,1,-1
2015543058815,2,9,0,18,0,0,0,0,0,0,0,1,6,3,-1,-1,-1,-1,-1,-1,-1,-1
2015543072515,1,9,0,17,0,8,0,0,0,0,0,1,6,3,-1,-1,-1,-1,-1,-1,-1,-1
2015543072515,2,9,0,17,0,8,0,0,0,0,4,1,6,1,71,10,1948,1,19,-1,1,-1
2015543072515,3,1,0,17,0,8,0,0,1,4,3,1,6,1,49,8,-1,-1,-1,-1,1,-1
2015543079315,1,9,0,16,0,0,5,0,1,1,1,1,6,1,27,6,2521,1,7,-1,1,-1
2015543089715,1,9,0,18,0,8,0,0,0,0,4,1,6,3,-1,-1,-1,-1,-1,-1,-1,-1
2015543089715,2,1,0,18,0,8,0,0,0,0,3,1,2,1,40,7,-1,-1,-1,-1,3,-1
2015543111415,1,9,0,12,0,0,2,10,4,0,3,1,6,2,36,7,1339,1,13,-1,3,-1
2015543111415,2,5,0,13,0,0,0,10,4,0,4,1,6,1,31,6,-1,-1,-1,-1,1,-1
2015543114715,1,9,0,18,0,0,0,0,0,0,4,1,6,1,24,5,1349,1,6,-1,1,-1
2015543123615,1,5,0,18,0,2,1,0,0,0,1,1,6,1,56,9,1101,1,35,-1,1,-1
2015543123615,2,9,0,4,0,2,0,0,0,0,2,1,2,1,19,4,1686,2,17,-1,3,-1
2015543123615,3,20,1,3,0,1,0,0,0,0,0,1,1,1,26,6,-1,-1,-1,-1,1,-1
2015543130815,1,1,0,18,0,8,0,0,0,0,3,1,6,1,53,8,-1,-1,-1,-1,1,-1
2015543130815,2,9,0,7,0,5,0,0,0,0,4,1,6,2,54,8,1497,8,2,-1,1,-1
2015543145215,1,9,0,17,0,0,0,0,0,0,1,1,6,1,21,5,1360,1,13,-1,1,-1
2015543145215,2,1,0,16,0,0,0,0,0,0,1,1,2,1,57,9,-1,-1,-1,-1,3,-1
2015543183515,1,9,0,18,0,0,0,0,0,0,4,1,6,3,-1,-1,-1,-1,-1,-1,-1,-1
2015543199415,1,22,0,18,9,0,0,0,0,0,1,1,6,1,67,10,-1,-1,-1,-1,2,-1
2015543203815,1,9,0,18,0,0,0,0,1,11,1,1,2,2,27,6,1910,2,10,-1,1,-1
2015543218115,1,9,0,18,0,0,0,0,0,0,1,1,6,1,-1,-1,1199,1,14,-1,2,-1
2015543218115,2,9,0,3,0,0,0,0,0,0,2,1,6,2,58,9,1597,1,16,-1,3,-1
2015543234015,1,8,0,3,0,1,0,0,0,0,2,1,1,1,50,8,1997,2,5,-1,1,-1
2015543234015,2,3,0,4,0,1,0,0,0,0,1,1,6,1,21,5,124,1,2,-1,1,-1
2015543235115,1,9,0,5,0,4,0,0,0,0,1,1,2,2,57,9,1360,1,13,-1,2,-1
2015543236515,1,9,0,9,0,6,0,0,0,0,3,1,6,2,47,8,2401,2,9,-1,1,-1
2015543239915,1,9,0,4,0,1,0,0,0,0,2,1,6,2,35,6,1299,1,13,-1,1,-1
2015543239915,2,9,0,18,0,1,0,0,0,0,1,1,6,2,55,8,1363,2,10,-1,1,-1
2015543257315,1,21,0,13,0,0,0,0,0,0,4,1,6,3,-1,-1,-1,-1,-1,-1,-1,-1
2015543257315,2,1,0,18,0,0,0,0,0,0,3,1,6,1,49,8,-1,-1,-1,-1,1,-1
2015543258815,1,9,0,7,0,3,0,0,0,0,1,1,6,2,23,5,998,1,5,-1,1,-1
2015543258815,2,9,0,18,0,1,0,0,0,0,3,1,6,2,23,5,1598,2,-1,-1,1,-1
2015543274715,1,9,0,12,0,0,1,0,5,6,1,1,2,1,25,5,1339,1,6,-1,1,-1
2015543274715,2,21,1,18,0,0,0,0,0,0,2,1,6,3,-1,-1,-1,-1,-1,-1,-1,-1
2015543275615,1,9,0,9,0,5,0,0,0,0,1,1,2,2,51,8,1587,1,11,-1,2,-1
2015543275615,2,9,0,18,0,8,0,0,0,0,1,1,6,2,20,4,1149,1,17,-1,3,-1
2015543282215,1,9,0,16,0,0,0,0,0,0,4,1,6,1,-1,-1,-1,-1,-1,-1,-1,-1
2015543289915,1,9,0,9,0,6,0,0,0,0,3,1,2,1,62,9,1560,2,5,-1,2,-1
2015543289915,2,9,0,18,0,8,1,0,0,0,1,1,3,2,51,8,1596,1,16,-1,3,-1
2015543310115,1,9,0,18,0,0,1,0,7,0,1,1,2,1,53,8,1997,2,14,-1,1,-1
2015543310115,2,19,0,18,0,0,0,0,0,0,1,1,1,1,44,7,1598,2,1,-1,2,-1
2015543310115,3,9,0,18,0,0,0,0,0,0,1,1,6,1,-1,-1,2685,2,11,-1,1,-1
2015543313715,1,9,0,18,0,1,0,0,0,0,1,1,6,1,18,4,1339,1,-1,-1,2,-1
2015543313715,2,9,0,10,0,1,0,0,0,0,2,1,6,1,34,6,1596,1,7,-1,2,-1
2015543320815,1,9,0,18,0,1,0,0,1,0,2,1,6,2,46,8,1992,2,7,-1,1,-1
2015543320815,2,19,0,18,0,1,0,0,1,0,1,1,2,1,42,7,1248,2,4,-1,1,-1
2015543323215,1,8,0,18,0,0,1,0,1,4,1,1,1,1,40,7,2143,2,5,-1,1,-1
2015543337415,1,9,0,9,0,5,0,0,0,0,1,1,6,1,29,6,1686,2,5,-1,1,-1
2015543337415,2,9,0,15,0,8,0,0,0,0,1,1,1,1,33,6,2191,2,1,-1,2,-1
2015543337615,1,19,0,1,0,1,0,0,0,0,2,1,1,1,30,6,2402,2,8,-1,1,-1
2015543337615,2,22,0,18,0,6,0,0,0,0,4,1,6,1,61,9,-1,-1,-1,-1,1,-1
2015543340015,1,9,0,12,0,0,0,0,0,0,0,1,6,1,79,11,1598,1,5,-1,1,-1
2015543340015,2,9,0,18,0,0,1,0,5,6,3,1,6,1,24,5,-1,-1,-1,-1,1,-1
2015543369415,1,9,0,18,0,0,0,0,0,0,1,1,6,1,52,8,2987,2,8,-1,3,-1
2015543369415,2,1,0,18,0,0,0,0,0,0,1,1,6,1,50,8,-1,-1,-1,-1,3,-1
2015543371215,1,9,0,3,0,0,0,0,0,0,2,1,6,1,52,8,2987,2,2,-1,1,-1
2015543371215,2,9,0,18,0,0,0,0,0,0,1,1,6,1,50,8,1988,1,14,-1,1,-1
2015543376115,1,9,0,18,9,8,0,10,1,1,1,1,6,3,-1,-1,1679,1,15,-1,-1,-1
2015543376115,2,22,0,18,9,8,0,0,0,0,3,1,6,2,73,10,-1,-1,-1,-1,1,-1
2015543393515,1,19,0,18,0,0,0,0,0,0,4,1,6,1,42,7,1997,2,7,-1,3,-1
2015543397515,1,9,0,9,0,5,0,0,0,0,3,1,6,2,28,6,1390,1,6,-1,3,-1
2015543397515,2,5,0,13,0,8,0,0,0,0,4,1,6,1,60,9,996,1,16,-1,3,-1
2015543407515,1,5,0,17,0,0,0,0,1,0,1,1,6,1,51,8,1064,1,12,-1,1,-1
2015543421415,1,19,0,18,0,8,1,0,0,0,1,1,1,1,74,10,1686,2,13,-1,1,-1
2015543421415,2,9,0,9,0,5,0,0,0,0,1,1,6,2,56,9,1598,1,6,-1,2,-1
2015543424215,1,2,0,18,0,1,0,0,0,0,1,1,6,1,19,4,49,1,2,-1,1,-1
2015543424215,2,9,0,3,0,1,0,0,0,0,2,1,6,1,48,8,2544,1,12,-1,1,-1
2015543429115,1,5,0,18,0,4,0,0,0,0,1,1,6,2,28,6,-1,-1,-1,-1,1,-1
2015543429115,2,9,0,9,0,8,0,0,0,0,4,1,2,1,56,9,-1,-1,-1,-1,2,-1
2015543433615,1,3,0,17,0,8,0,0,1,1,1,1,6,1,45,7,124,1,2,-1,1,-1
2015543435815,1,9,0,3,0,0,0,0,0,0,2,1,6,2,71,10,1493,1,16,-1,2,-1
2015543435815,2,9,0,3,0,0,0,0,0,0,2,1,6,1,26,6,1598,2,3,-1,2,-1
2015543435815,3,9,0,18,0,0,0,0,0,0,1,1,6,1,87,11,998,1,7,-1,2,-1
2015543436315,1,9,0,18,0,0,5,0,1,0,1,1,6,2,54,8,2179,2,-1,-1,3,-1
2015543436315,2,20,0,18,0,0,0,0,0,0,1,2,1,1,54,8,-1,-1,-1,-1,1,-1
2015543437415,1,9,0,18,0,8,0,0,0,0,4,1,6,1,26,6,1596,1,13,-1,1,-1
2015543437415,2,1,0,9,0,5,0,0,0,0,3,1,6,1,31,6,-1,-1,-1,-1,1,-1
2015543441715,1,9,0,7,0,4,0,0,0,0,0,1,6,1,21,5,1200,1,1,-1,1,-1
2015543441715,2,9,0,9,0,8,0,0,0,0,0,1,6,2,20,4,1590,1,12,-1,2,-1
2015543461215,1,9,0,17,0,0,0,0,0,0,1,1,6,1,67,10,4235,1,38,-1,3,-1
2015543461215,2,9,0,16,0,0,1,0,0,0,1,1,2,1,30,6,1237,1,27,-1,3,-1
2015543467315,1,9,0,7,0,6,0,0,0,0,1,1,6,1,53,8,1587,1,12,-1,1,-1
2015543467315,2,11,0,18,0,1,0,0,0,0,1,1,1,1,45,7,4250,2,13,-1,3,-1
2015543474815,1,9,0,18,0,4,0,0,1,0,3,1,6,1,23,5,1242,1,6,-1,1,-1
2015543474815,2,9,0,9,0,8,0,0,0,0,1,1,6,1,20,4,1986,2,9,-1,1,-1
2015543494215,1,5,0,4,0,1,1,0,7,0,3,1,6,1,27,6,649,1,8,-1,1,-1
2015543504015,1,9,0,18,0,0,0,0,0,0,1,1,6,1,85,11,1364,1,6,-1,3,-1