Accident_Index,Vehicle_Reference,Vehicle_Type,Towing_and_Articulation,Vehicle_Manoeuvre,Vehicle_Location-Restricted_Lane,Junction_Location,Skidding_and_Overturning,Hit_Object_in_Carriageway,Vehicle_Leaving_Carriageway,Hit_Object_off_Carriageway,1st_Point_of_Impact,Was_Vehicle_Left_Hand_Drive?,Journey_Purpose_of_Driver,Sex_of_Driver,Age_of_Driver,Age_Band_of_Driver,Engine_Capacity_(CC),Propulsion_Code,Age_of_Vehicle,Driver_IMD_Decile,Driver_Home_Area_Type,Vehicle_IMD_Decile
2015544651515,2,1,0,4,0,6,1,0,0,0,1,1,2,1,39,7,-1,-1,-1,-1,1,-1
2015544651815,1,9,0,2,0,8,0,0,0,0,0,1,6,1,46,8,1997,2,6,-1,1,-1
2015544651815,2,19,0,5,0,8,0,0,0,0,1,1,6,1,-1,-1,1560,2,5,-1,-1,-1
2015544661915,1,9,0,18,0,8,0,0,0,0,1,1,6,2,71,10,1200,1,3,-1,1,-1
2015544661915,2,9,0,10,0,8,0,0,0,0,2,1,6,1,48,8,2720,2,10,-1,3,-1
2015544666315,1,9,0,17,0,8,0,0,0,0,1,1,2,1,32,6,1968,2,5,-1,1,-1
2015544666315,2,19,0,9,0,5,0,0,0,0,4,1,1,1,37,7,2686,2,10,-1,2,-1
2015544668215,1,9,0,17,0,0,0,0,1,0,1,1,6,2,56,9,1298,1,6,-1,1,-1
2015544668415,1,3,0,16,0,0,0,0,0,0,1,1,6,2,22,5,125,1,4,-1,1,-1
2015544668415,2,9,0,17,0,0,0,0,0,0,1,1,6,1,46,8,1598,2,-1,-1,-1,-1
2015544687515,1,9,0,14,0,1,0,0,0,0,4,1,6,2,44,7,1388,1,6,-1,1,-1
2015544687515,2,3,0,3,0,1,0,0,0,0,3,1,6,2,19,4,124,1,10,-1,1,-1
2015544700915,1,2,0,16,0,0,1,0,0,0,1,1,6,1,17,4,49,1,7,-1,2,-1
2015544700915,2,9,0,18,0,0,0,0,0,0,1,1,6,1,45,7,1798,1,4,-1,1,-1
2015544703415,1,9,0,4,0,0,0,0,0,0,2,1,6,2,64,9,1995,2,4,-1,2,-1
2015544703415,2,9,0,4,0,0,0,0,0,0,2,1,6,2,45,7,2148,2,6,-1,1,-1
2015544703415,3,9,0,18,0,0,0,0,0,0,1,1,6,1,28,6,1900,2,10,-1,1,-1
2015544718815,1,9,0,13,0,0,0,0,7,0,3,1,6,1,24,5,1994,2,15,-1,2,-1
2015544718815,2,9,0,17,0,0,0,0,0,0,3,1,6,2,55,8,2198,1,13,-1,3,-1
2015544718815,3,21,1,16,0,0,0,0,0,0,3,1,6,1,49,8,11705,2,3,-1,2,-1
2015544718815,4,9,0,17,0,0,0,0,0,0,3,1,6,1,57,9,2179,2,3,-1,3,-1
2015544718815,5,9,0,17,0,0,0,0,0,0,3,1,6,2,44,7,1329,1,2,-1,1,-1
2015544718815,6,9,0,16,0,0,0,0,0,0,3,1,6,1,25,5,1796,2,1,-1,3,-1
2015544723515,1,9,0,1,9,6,0,0,0,0,2,1,6,2,48,8,1998,1,13,-1,1,-1
2015544733315,1,9,0,18,0,2,0,0,0,0,3,1,6,1,29,6,1995,2,8,-1,1,-1
2015544733315,2,9,0,18,0,1,0,0,0,0,3,1,6,2,56,9,2148,2,9,-1,1,-1
2015544734815,1,19,0,18,0,1,0,0,0,0,1,1,6,1,-1,-1,-1,-1,-1,-1,-1,-1
2015544734815,2,1,0,18,0,6,0,0,0,0,3,1,6,1,11,3,-1,-1,-1,-1,1,-1
2015544746815,1,9,0,18,0,0,1,11,4,6,1,1,6,1,34,6,796,1,14,-1,1,-1
2015544746815,2,21,0,18,0,0,0,0,0,0,0,1,1,3,-1,-1,-1,-1,-1,-1,-1,-1
2015544753915,1,9,0,9,0,4,0,0,0,0,3,1,6,1,24,5,2993,2,11,-1,1,-1
2015544753915,2,3,0,18,0,8,1,0,0,0,1,1,2,1,20,4,125,1,10,-1,1,-1
2015544763415,1,9,0,16,0,0,0,0,0,0,4,1,6,2,36,7,1910,2,11,-1,2,-1
2015544763415,2,1,0,18,0,0,0,0,0,0,1,1,6,1,48,8,-1,-1,-1,-1,2,-1
2015544765315,1,9,0,16,0,0,1,0,7,9,1,1,6,2,22,5,1461,2,14,-1,1,-1
2015544769315,1,9,0,18,0,0,0,0,0,0,1,1,6,1,22,5,2987,2,8,-1,1,-1
2015544769315,2,4,0,3,0,0,0,0,0,0,2,1,6,1,26,6,599,1,12,-1,1,-1
2015544769315,3,9,0,3,0,0,0,0,0,0,2,1,6,1,27,6,-1,-1,-1,-1,1,-1
2015544775415,1,3,0,17,0,3,1,0,0,0,4,1,6,1,22,5,124,1,-1,-1,1,-1
2015544778415,1,9,0,1,0,6,0,4,0,0,2,1,6,2,86,11,1339,1,11,-1,1,-1
2015544778415,2,8,0,2,0,1,0,0,0,0,2,1,1,1,70,10,1997,2,8,-1,1,-1
2015544793615,1,9,0,18,0,0,0,0,7,10,1,1,6,2,79,11,1242,1,8,-1,3,-1
2015544801315,1,19,0,4,0,1,0,0,0,0,1,1,1,1,43,7,1560,2,5,-1,1,-1
2015544801315,2,9,0,3,0,1,0,0,0,0,2,1,6,2,56,9,1590,1,11,-1,1,-1
2015544801315,3,9,0,3,0,1,0,0,0,0,2,1,6,2,41,7,1998,2,11,-1,3,-1
2015544802815,1,9,0,14,0,0,0,0,0,0,3,1,6,2,38,7,1796,2,3,-1,2,-1
2015544802815,2,5,0,13,0,0,0,0,7,3,1,1,6,1,19,4,650,1,16,-1,3,-1
2015544816715,1,9,0,18,0,0,0,0,0,0,1,1,6,2,-1,-1,-1,-1,-1,-1,2,-1
2015544816715,2,9,0,4,0,0,0,0,0,0,2,1,6,1,64,9,1968,2,1,-1,3,-1
2015544845015,1,9,0,18,0,0,0,0,0,0,4,1,6,1,63,9,1364,1,1,-1,-1,-1
2015544845015,2,5,0,3,0,0,0,0,0,0,3,1,6,1,26,6,1312,1,7,-1,1,-1
2015544868615,1,5,0,16,0,0,0,0,7,9,1,1,6,1,29,6,599,1,6,-1,3,-1
2015544880115,1,9,0,13,0,0,0,0,1,10,4,1,6,1,19,4,998,1,2,-1,1,-1
2015544880115,2,11,0,18,0,0,0,0,0,0,3,1,1,1,68,10,9186,2,1,-1,3,-1
2015544880115,3,9,0,18,0,0,0,0,1,10,1,1,6,2,76,11,998,1,3,-1,3,-1
2015544909315,1,9,0,9,0,6,0,0,0,0,2,1,6,1,39,7,1796,1,14,-1,1,-1
2015544909315,2,9,0,18,0,8,0,0,0,0,1,1,6,2,49,8,1968,2,7,-1,3,-1
2015544913815,1,9,0,18,0,0,0,0,0,0,1,1,6,1,24,5,1389,1,10,-1,1,-1
2015544913815,2,9,0,18,0,0,0,0,0,0,1,1,1,2,35,6,1242,1,11,-1,1,-1
2015544913815,3,9,0,4,0,0,0,0,0,0,2,1,6,1,20,4,1951,2,13,-1,3,-1
2015544913815,4,9,0,4,0,0,0,0,0,0,2,1,6,1,22,5,1197,1,1,-1,3,-1
2015544913915,1,9,0,18,0,0,0,0,0,0,4,1,6,1,59,9,2993,2,-1,-1,1,-1
2015544913915,2,22,0,18,0,0,0,0,0,0,1,1,6,2,71,10,-1,-1,-1,-1,1,-1
2015544918515,1,9,0,18,0,4,1,0,0,0,1,1,2,1,47,8,1598,1,9,-1,2,-1
2015544918515,2,19,0,9,0,8,1,0,0,0,4,1,2,1,26,6,1968,2,1,-1,1,-1
2015544919815,1,9,0,4,0,0,0,0,0,0,2,1,2,1,32,6,1497,8,4,-1,1,-1
2015544919815,2,9,0,18,0,0,0,0,0,0,1,1,2,2,21,5,1596,1,13,-1,1,-1
2015544920115,1,9,0,9,0,5,0,0,0,0,4,1,1,1,36,7,2199,2,4,-1,2,-1
2015544920115,2,5,0,18,0,8,1,0,0,0,1,1,6,1,53,8,1052,1,15,-1,1,-1
2015544921715,1,9,0,18,0,1,0,0,0,0,1,1,6,2,59,9,1360,1,8,-1,2,-1
2015544921715,2,22,0,18,0,2,0,0,0,0,4,1,6,1,44,7,-1,-1,-1,-1,1,-1
2015544929615,1,9,0,18,0,8,0,0,0,0,1,1,6,1,-1,-1,-1,-1,-1,-1,-1,-1
2015544929615,2,9,0,9,0,6,0,0,0,0,3,1,6,1,31,6,1560,2,1,-1,1,-1
2015544931915,1,9,0,3,0,1,0,0,0,0,4,1,6,1,17,4,1248,2,1,-1,3,-1
2015544931915,2,1,0,15,0,1,0,0,0,0,3,1,6,1,42,7,-1,-1,-1,-1,1,-1
2015544933215,1,9,0,4,0,0,0,0,0,0,2,1,6,1,48,8,2993,2,1,-1,1,-1
2015544933215,2,9,0,4,0,0,0,0,0,0,2,1,6,1,51,8,1896,2,6,-1,1,-1
2015544933215,3,19,0,4,0,0,1,0,0,0,1,1,1,1,27,6,2402,2,4,-1,1,-1
2015544939715,1,9,0,5,0,2,0,0,0,0,1,1,6,2,91,11,1390,1,6,-1,3,-1
2015544939715,2,5,0,5,0,2,0,0,0,0,2,1,6,1,60,9,-1,-1,-1,-1,3,-1
2015544941515,1,3,0,17,0,2,1,0,1,0,3,1,6,1,17,4,124,1,-1,-1,1,-1
2015544941615,1,11,0,5,0,1,0,0,0,0,4,1,1,1,66,10,4250,2,11,-1,1,-1
2015544954615,1,19,0,17,0,8,0,0,1,10,1,1,6,1,27,6,2148,2,7,-1,1,-1
2015544959915,1,9,0,18,0,0,0,4,0,0,1,1,6,2,83,11,1998,1,12,-1,3,-1
2015544959915,2,9,0,2,0,0,0,0,0,0,2,1,6,2,49,8,999,1,7,-1,1,-1
2015544959915,3,9,0,2,0,0,0,0,0,0,2,1,6,2,52,8,1242,1,6,-1,1,-1
2015544988615,1,9,0,4,0,1,0,0,0,0,1,1,6,2,25,5,1339,1,1,-1,1,-1
2015544988615,2,9,0,3,0,1,0,0,0,0,2,1,6,2,42,7,1390,1,13,-1,3,-1
2015544997515,1,5,0,18,0,2,1,4,0,0,1,1,6,1,35,6,649,1,8,-1,1,-1
2015544997515,2,9,0,4,0,2,0,0,0,0,2,1,6,2,25,5,1596,1,13,-1,1,-1
2015544997515,3,9,0,2,0,2,0,0,0,0,3,1,6,2,31,6,1995,2,10,-1,1,-1
2015545019015,1,21,1,16,0,0,0,0,0,0,3,1,1,1,53,8,6692,2,3,-1,1,-1
2015545019015,2,19,0,13,0,0,0,0,1,10,4,1,1,1,29,6,1995,2,6,-1,2,-1
2015545019015,3,9,0,17,0,0,0,0,0,0,3,1,1,1,26,6,-1,-1,-1,-1,1,-1
2015545020915,1,11,0,14,0,8,0,0,0,0,3,1,1,1,29,6,9000,2,4,-1,1,-1
2015545020915,2,9,0,5,0,6,0,0,0,0,1,1,6,1,34,6,1896,2,14,-1,1,-1
2015545045915,1,9,0,5,0,6,0,0,0,0,1,1,6,1,45,7,1896,2,12,-1,1,-1
2015545045915,2,9,0,18,0,8,2,0,0,0,3,1,6,1,47,8,1598,2,3,-1,1,-1
2015545045915,3,9,0,8,0,1,0,0,0,0,1,1,6,2,65,9,1596,1,10,-1,3,-1
2015545047415,1,9,0,18,0,8,0,0,0,0,1,1,6,3,-1,-1,-1,-1,-1,-1,-1,-1
2015545047415,2,1,0,9,0,5,0,0,0,0,4,1,4,1,11,3,-1,-1,-1,-1,1,-1
2015545070415,1,9,0,18,0,0,0,0,0,0,1,1,6,2,61,9,1984,1,4,-1,3,-1
2015545089415,1,1,0,14,0,1,0,4,0,0,3,1,6,1,11,3,-1,-1,-1,-1,2,-1
2015545089415,2,21,0,18,0,2,0,0,0,0,3,1,1,1,56,9,-1,-1,-1,-1,3,-1
2015545089415,3,9,0,2,0,2,0,0,0,0,4,1,6,1,-1,-1,796,1,6,-1,3,-1
2015545097415,1,9,0,9,0,5,0,0,0,0,2,1,6,2,37,7,1598,1,9,-1,2,-1
2015545097415,2,5,0,18,0,1,1,0,0,0,1,1,6,1,30,6,599,1,2,-1,3,-1
2015545100715,1,21,0,18,0,0,0,0,0,0,3,1,1,1,38,7,9290,2,1,-1,1,-1
2015545100715,2,3,0,18,0,0,0,10,0,0,3,1,2,1,21,5,124,1,10,-1,3,-1
2015545101315,1,19,0,18,0,0,0,0,0,0,4,1,6,3,-1,-1,-1,-1,-1,-1,-1,-1
2015545129115,1,4,0,16,0,0,0,0,0,0,1,1,6,1,45,7,197,1,30,-1,1,-1
2015545129115,2,9,0,18,0,0,0,0,0,0,3,1,6,1,53,8,1968,2,1,-1,3,-1
2015545131615,1,9,0,18,0,0,0,0,8,10,3,1,6,2,22,5,1229,1,4,-1,3,-1
2015545131615,2,9,0,18,0,0,5,0,2,10,3,1,6,1,23,5,2993,2,-1,-1,3,-1
2015545132415,1,9,0,18,0,0,0,4,7,11,3,1,6,1,32,6,1598,1,10,-1,1,-1
2015545132415,2,9,0,18,0,0,0,4,0,0,3,1,6,1,38,7,1800,1,16,-1,1,-1
2015545132415,3,9,0,2,0,0,0,0,0,0,3,1,6,2,43,7,1896,2,7,-1,1,-1
2015545132415,4,9,0,2,0,0,0,0,0,0,3,1,6,1,26,6,998,1,12,-1,1,-1
2015545133215,1,9,0,18,0,3,0,0,1,2,1,1,6,1,22,5,1400,1,16,-1,2,-1
2015545144515,1,9,0,9,0,3,0,0,0,0,3,1,6,2,40,7,2400,2,5,-1,1,-1
2015545149415,1,9,0,9,0,5,0,0,0,0,4,1,6,2,74,10,2179,2,5,-1,3,-1
2015545149415,2,9,0,18,0,8,0,0,0,0,1,1,6,1,78,11,1242,1,5,-1,1,-1
2015545151515,1,3,0,13,0,1,1,0,0,0,4,1,2,2,45,7,125,1,3,-1,1,-1
2015545151515,2,9,0,18,0,1,0,0,0,0,3,1,6,2,53,8,1560,2,8,-1,1,-1
2015545155815,1,9,0,5,0,4,0,0,0,0,3,1,6,2,61,9,2143,2,1,-1,3,-1
2015545155815,2,3,0,18,0,8,0,0,0,0,1,1,6,1,27,6,124,1,5,-1,1,-1
2015545171015,1,9,0,18,0,1,1,10,0,0,4,1,2,2,34,6,2902,2,11,-1,2,-1
2015545171015,2,19,0,18,0,1,0,0,0,0,1,1,6,1,37,7,1560,2,8,-1,3,-1
2015545171015,3,9,0,18,0,1,0,0,0,0,2,1,6,2,59,9,2143,2,3,-1,1,-1
2015545171015,4,9,0,18,0,1,0,0,0,0,1,1,6,2,21,5,998,1,-1,-1,3,-1
2015545176615,1,9,0,4,0,2,0,0,0,0,2,1,6,2,46,8,1299,1,10,-1,1,-1
2015545176615,2,9,0,4,0,2,1,0,0,0,1,1,6,1,19,4,1396,1,24,-1,1,-1
2015545186015,1,9,0,18,0,8,0,0,0,0,3,1,6,1,75,10,-1,-1,-1,-1,3,-1
2015545187515,1,9,0,17,0,3,0,0,1,4,1,1,6,1,83,11,1388,1,9,-1,1,-1
2015545187615,1,9,0,12,0,8,1,0,0,0,3,1,6,2,48,8,1598,1,13,-1,1,-1
2015545187615,2,9,0,18,0,8,0,0,0,0,1,1,6,1,40,7,1997,1,14,-1,1,-1
2015545203715,1,9,0,18,0,2,0,0,7,1,1,1,6,2,38,7,1598,2,1,-1,1,-1
2015545206715,1,9,0,18,0,3,0,0,1,2,1,1,6,1,31,6,1895,1,15,-1,1,-1
2015545210515,1,1,0,18,0,8,0,0,0,0,4,1,6,1,20,4,-1,-1,-1,-1,1,-1
2015545210515,2,9,0,18,0,8,0,0,0,0,1,1,6,1,24,5,1390,1,11,-1,2,-1
2015545213615,1,19,0,5,0,0,0,0,0,0,3,1,2,1,60,9,1560,2,5,-1,1,-1
2015545213615,2,5,0,14,0,0,0,0,0,0,4,1,2,1,26,6,599,1,6,-1,3,-1
2015545229215,1,19,0,18,0,0,0,0,0,0,1,1,1,2,30,6,2298,2,4,-1,1,-1
2015545229215,2,9,0,3,0,0,0,0,0,0,2,1,3,2,27,6,1598,1,16,-1,1,-1
2015545229215,3,9,0,3,0,0,0,0,0,0,2,1,3,2,51,8,1388,1,8,-1,1,-1
2015545229415,1,9,0,18,0,4,0,0,1,1,1,1,1,1,24,5,1242,1,10,-1,3,-1
2015545229415,2,9,0,18,0,4,0,0,4,0,1,1,1,2,30,6,1388,1,10,-1,1,-1
2015545256915,1,9,0,18,0,0,0,0,1,9,1,1,6,1,79,11,2688,2,15,-1,1,-1
2015545258215,1,3,0,18,0,8,1,0,0,0,4,1,6,1,17,4,124,1,7,-1,1,-1
2015545258215,2,9,0,5,0,4,0,0,0,0,1,1,6,1,55,8,1997,2,6,-1,1,-1
2015545258215,3,9,0,4,0,1,0,0,0,0,1,1,6,1,54,8,-1,-1,-1,-1,1,-1
2015545258715,1,19,0,18,0,4,0,0,0,0,1,1,6,2,27,6,1686,2,7,-1,1,-1
2015545258715,2,9,0,9,0,8,0,0,0,0,4,1,6,2,44,7,998,1,12,-1,1,-1
2015545260615,1,3,0,4,0,0,1,0,0,0,1,1,6,1,24,5,124,1,8,-1,1,-1
2015545260615,2,9,0,4,0,0,0,0,0,0,0,1,6,1,29,6,2171,1,13,-1,1,-1
2015545263015,1,9,0,18,0,8,0,0,0,0,1,1,6,1,55,8,1596,1,5,-1,3,-1
2015545263015,2,19,0,18,0,8,0,0,0,0,3,1,2,1,35,6,2198,2,1,-1,1,-1
2015545263015,3,9,0,5,0,1,0,0,0,0,1,1,6,1,67,10,2148,2,12,-1,1,-1
2015545263415,1,9,0,18,0,4,0,0,0,0,1,1,6,2,47,8,1242,1,1,-1,1,-1
2015545263415,2,1,0,9,0,8,0,0,0,0,4,1,6,1,47,8,-1,-1,-1,-1,1,-1
2015545283115,1,9,0,9,0,8,0,0,0,0,3,1,6,1,27,6,1299,1,14,-1,1,-1
2015545283115,2,9,0,5,0,4,0,0,0,0,4,1,1,1,69,10,2268,2,-1,-1,1,-1
2015545283215,1,9,0,18,0,0,0,0,5,6,3,1,6,2,61,9,1390,1,5,-1,1,-1
2015545283215,2,9,0,12,0,0,0,0,0,0,0,1,6,3,-1,-1,-1,-1,-1,-1,-1,-1
2015545283715,1,9,0,18,0,0,0,0,2,7,4,1,6,2,71,10,1497,8,3,-1,1,-1
2015545283715,2,9,0,18,0,0,0,0,0,0,1,1,6,1,30,6,1560,2,8,-1,3,-1
2015545286715,1,19,0,18,0,0,0,0,0,0,1,1,1,1,37,7,1248,2,2,-1,1,-1
2015545286715,2,9,0,5,8,0,0,0,0,0,3,1,6,1,81,11,2231,2,9,-1,3,-1
2015545296215,1,3,0,17,0,0,0,0,0,0,4,1,6,1,20,4,125,1,-1,-1,3,-1
2015545296215,2,3,0,17,0,0,0,0,0,0,4,1,6,1,23,5,124,1,12,-1,1,-1
2015545301115,1,9,0,9,0,6,0,0,0,0,1,1,6,1,40,7,1998,2,13,-1,1,-1
2015545301115,2,5,0,18,0,8,0,0,0,0,1,1,6,1,23,5,738,1,14,-1,1,-1
2015545306815,1,9,0,3,0,1,0,0,0,0,4,1,2,2,25,5,1753,2,14,-1,1,-1
2015545306815,2,1,0,18,0,1,0,0,0,0,1,1,6,1,33,6,-1,-1,-1,-1,1,-1
2015545327015,1,9,0,14,0,0,0,0,0,0,4,1,6,2,23,5,1796,1,14,-1,1,-1
2015545329315,1,9,0,18,0,1,0,0,0,0,1,1,6,2,74,10,1199,1,11,-1,1,-1
2015545329315,2,9,0,3,0,1,0,0,0,0,2,1,6,1,52,8,2495,2,11,-1,3,-1
2015545333315,1,9,0,5,0,4,0,0,0,0,1,1,2,2,21,5,1596,1,15,-1,3,-1
2015545333315,2,1,0,9,0,8,0,0,0,0,4,1,2,2,55,8,-1,-1,-1,-1,1,-1
2015545335615,1,19,0,3,0,0,0,0,0,0,2,1,6,1,60,9,1753,2,8,-1,1,-1
2015545335615,2,9,0,4,0,0,0,0,0,0,1,1,6,2,30,6,1968,2,7,-1,1,-1
2015545361715,1,9,0,18,0,2,0,0,0,0,4,1,6,3,-1,-1,-1,-1,-1,-1,-1,-1
2015545365315,1,9,0,3,0,0,0,0,0,0,1,1,6,2,54,8,2000,2,9,-1,1,-1
2015545365315,2,20,1,1,0,0,0,0,0,0,2,1,6,1,36,7,3920,2,1,-1,3,-1
2015545366115,1,9,0,5,0,6,0,0,0,0,3,1,2,2,52,8,1390,1,11,-1,1,-1
2015545366115,2,9,0,18,0,8,0,0,0,0,1,1,6,1,27,6,1598,1,24,-1,2,-1
2015545401015,1,9,0,13,0,0,0,0,0,0,0,1,6,2,84,11,1997,1,24,-1,2,-1
2015545401015,2,9,0,18,0,0,0,0,0,0,1,1,6,1,39,7,1997,2,6,-1,1,-1
2015545401015,3,21,1,18,0,0,0,0,1,0,2,1,1,1,47,8,10308,2,3,-1,3,-1
2015545411615,1,19,0,7,0,5,0,0,0,0,1,1,1,1,43,7,2143,2,4,-1,1,-1
2015545412515,1,9,0,9,0,5,0,0,0,0,4,1,6,2,59,9,1998,1,18,-1,3,-1
2015545412515,2,3,0,18,0,8,1,0,0,0,1,1,2,1,18,4,124,1,3,-1,3,-1
2015545417515,1,9,0,3,0,0,0,0,0,0,2,1,6,2,55,8,1598,1,5,-1,1,-1
2015545417515,2,9,0,3,0,0,0,0,0,0,2,1,1,2,36,7,1968,2,2,-1,2,-1
2015545417515,3,9,0,18,0,0,0,0,0,0,1,1,1,1,59,9,1591,1,-1,-1,2,-1
2015545417515,4,9,0,18,0,0,0,0,0,0,1,1,6,2,39,7,1598,1,5,-1,1,-1
2015545417515,5,9,0,18,0,0,0,0,0,0,1,1,6,2,20,4,1360,1,13,-1,2,-1
2015545421815,1,2,0,17,0,2,0,0,1,9,1,1,6,2,17,4,49,1,9,-1,2,-1
2015545426815,1,9,0,18,0,0,0,0,0,0,1,1,6,1,54,8,2184,2,14,-1,2,-1
2015545426815,2,9,0,18,0,0,0,0,0,0,1,1,6,1,62,9,1598,1,16,-1,1,-1
2015545432715,1,9,0,18,0,0,1,0,1,11,4,1,6,1,25,5,1995,2,5,-1,1,-1
2015545435115,1,9,0,18,0,8,0,4,0,0,1,1,6,2,24,5,998,1,5,-1,1,-1
2015545435115,2,9,0,2,0,8,0,0,0,0,2,1,6,2,22,5,998,1,2,-1,2,-1
2015545435115,3,9,0,2,0,2,0,0,0,0,2,1,6,1,57,9,1968,2,6,-1,1,-1
2015545435115,4,9,0,2,0,2,0,0,0,0,2,1,6,2,27,6,1997,2,3,-1,1,-1
2015545435115,5,9,0,2,0,2,0,0,0,0,2,1,6,1,28,6,2204,2,9,-1,1,-1
2015545445915,1,9,0,18,0,0,0,0,0,0,1,1,6,2,22,5,1896,2,8,-1,2,-1
2015545445915,2,9,0,3,0,0,0,0,0,0,2,1,6,1,43,7,1998,2,10,-1,2,-1
2015545458415,1,9,0,18,0,2,0,4,0,0,1,1,6,2,25,5,1596,1,11,-1,1,-1
2015545458415,2,9,0,2,0,2,0,0,7,10,2,1,6,2,31,6,1598,1,2,-1,1,-1
2015545461115,1,9,0,16,0,0,0,0,7,3,1,1,6,1,24,5,1587,1,11,-1,2,-1
2015545461515,1,9,0,4,0,0,0,0,0,0,1,1,6,2,30,6,1998,2,8,-1,1,-1
2015545461515,2,9,0,3,0,0,0,0,0,0,2,1,6,1,-1,-1,-1,-1,-1,-1,-1,-1
2015545484015,1,2,0,16,0,8,0,0,0,0,1,1,6,1,18,4,49,1,7,-1,3,-1
2015545484015,2,9,0,5,0,6,0,0,0,0,3,1,6,2,50,8,2720,2,8,-1,3,-1
2015545491615,1,9,0,13,0,0,1,0,0,0,4,1,1,1,21,5,-1,-1,-1,-1,3,-1
2015545491615,2,21,1,4,0,0,0,0,0,0,3,1,1,1,52,8,-1,-1,-1,-1,3,-1
2015545505115,1,9,0,18,0,1,0,0,0,0,3,1,6,2,56,9,1364,1,9,-1,3,-1
2015545515915,1,19,4,18,0,0,0,10,1,11,1,1,1,1,35,6,-1,-1,-1,-1,-1,-1
2015545518315,1,1,0,18,0,4,0,0,0,0,1,1,6,1,33,6,-1,-1,-1,-1,1,-1
2015545518315,2,9,0,7,0,4,0,0,0,0,1,1,6,1,21,5,1590,1,10,-1,1,-1
2015545548015,1,9,0,9,0,6,0,0,0,0,1,1,6,1,85,11,998,1,9,-1,1,-1
2015545548015,2,9,0,18,0,8,0,0,0,0,4,1,6,1,84,11,1124,1,13,-1,3,-1
2015545548015,3,9,0,10,0,8,0,0,0,0,3,1,6,2,36,7,1587,1,8,-1,1,-1
2015545548015,4,9,0,3,0,8,0,0,0,0,1,1,6,1,24,5,1400,1,13,-1,1,-1
2015545549015,1,9,0,3,0,0,0,0,0,0,2,1,2,2,55,8,1968,2,7,-1,3,-1
2015545549015,2,9,0,18,0,0,0,0,0,0,1,1,6,2,70,10,999,1,3,-1,1,-1
2015545559515,1,9,0,18,0,0,2,10,1,4,1,1,6,2,21,5,998,1,17,-1,3,-1
2015545563515,1,9,0,2,0,0,0,0,0,0,3,1,6,2,67,10,1596,1,4,-1,3,-1
2015545563515,2,1,0,18,0,0,0,8,0,0,1,1,6,2,58,9,-1,-1,-1,-1,1,-1
2015545580015,1,19,0,18,0,1,0,0,0,0,1,1,6,1,80,11,1896,2,10,-1,1,-1
2015545580015,2,9,0,3,0,1,0,0,1,0,2,1,6,2,64,9,1596,1,13,-1,1,-1
2015545580015,3,9,0,10,0,1,0,0,0,0,2,1,6,1,66,10,1364,1,8,-1,1,-1
2015545586415,1,21,0,18,0,8,0,0,0,0,3,1,1,1,66,10,5900,2,8,-1,1,-1
2015545586415,2,1,0,18,0,8,0,0,0,0,1,1,6,1,19,4,-1,-1,-1,-1,1,-1
2015545588315,1,19,0,18,0,0,0,0,0,0,1,1,1,1,27,6,2461,2,9,-1,2,-1
2015545588315,2,9,0,4,0,0,0,0,0,0,2,1,6,1,31,6,1560,2,1,-1,1,-1
2015545588315,3,9,0,4,0,0,0,0,0,0,2,1,6,2,51,8,1582,2,7,-1,3,-1
2015545588315,4,9,0,4,0,0,0,0,0,0,2,1,6,2,18,4,1242,1,3,-1,3,-1
2015545593615,1,9,0,18,0,8,0,0,0,0,1,1,6,1,51,8,1796,1,9,-1,1,-1
2015545593615,2,11,0,9,0,6,0,0,0,0,3,1,1,1,35,6,9000,2,7,-1,1,-1
2015545608315,1,9,0,12,0,0,0,0,0,0,0,1,6,1,69,10,1386,1,8,-1,3,-1
2015545608315,2,5,0,13,0,0,0,0,0,0,3,1,6,1,57,9,790,1,11,-1,2,-1
2015545625615,1,9,0,9,0,6,0,0,0,0,3,1,6,2,39,7,1229,1,7,-1,1,-1
2015545625615,2,1,0,17,0,8,0,0,0,0,1,1,6,1,47,8,-1,-1,-1,-1,1,-1
2015545628815,1,9,0,7,0,3,0,0,1,4,1,1,6,1,19,4,1198,1,8,-1,1,-1
2015545629515,1,9,0,3,0,1,0,0,0,0,2,1,6,2,36,7,1797,8,1,-1,1,-1
2015545629515,2,9,0,4,0,1,0,0,0,0,1,1,6,1,28,6,1796,1,16,-1,1,-1
2015545634015,1,9,0,12,0,1,0,0,0,0,3,1,6,1,36,7,1896,2,12,-1,2,-1
2015545634015,2,8,0,18,0,1,0,0,0,0,4,1,1,1,33,6,1997,2,5,-1,1,-1
2015545634815,1,9,0,18,0,8,0,0,0,0,1,1,6,1,25,5,1896,2,19,-1,1,-1
2015545634815,2,9,0,5,0,6,0,0,0,0,3,1,6,1,62,9,4969,8,8,-1,2,-1
2015545660215,1,9,0,18,0,4,0,0,1,2,1,1,6,2,64,9,1390,1,-1,-1,3,-1