Accident_Index,Vehicle_Reference,Vehicle_Type,Towing_and_Articulation,Vehicle_Manoeuvre,Vehicle_Location-Restricted_Lane,Junction_Location,Skidding_and_Overturning,Hit_Object_in_Carriageway,Vehicle_Leaving_Carriageway,Hit_Object_off_Carriageway,1st_Point_of_Impact,Was_Vehicle_Left_Hand_Drive?,Journey_Purpose_of_Driver,Sex_of_Driver,Age_of_Driver,Age_Band_of_Driver,Engine_Capacity_(CC),Propulsion_Code,Age_of_Vehicle,Driver_IMD_Decile,Driver_Home_Area_Type,Vehicle_IMD_Decile
2015545660215,2,9,0,9,0,8,0,0,0,0,1,1,6,1,23,5,1360,1,5,-1,3,-1
2015545674815,1,9,0,18,0,8,1,0,1,4,1,1,6,2,34,6,1598,1,13,-1,1,-1
2015545675215,1,19,0,18,0,0,1,0,0,0,1,1,1,1,23,5,2464,2,5,-1,1,-1
2015545675215,2,10,0,4,0,0,0,0,0,0,2,1,1,1,26,6,-1,-1,-1,-1,1,-1
2015545676915,1,9,0,9,0,5,0,0,0,0,1,1,6,1,69,10,1796,1,13,-1,1,-1
2015545676915,2,9,0,18,0,8,0,0,0,0,1,1,6,1,55,8,1997,2,2,-1,2,-1
2015545697315,1,9,0,9,0,2,0,0,0,0,4,1,6,1,25,5,1910,2,7,-1,1,-1
2015545700715,1,5,0,18,0,0,0,0,0,0,1,1,6,1,20,4,1050,1,-1,-1,3,-1
2015545700715,2,19,0,3,0,0,0,0,0,0,2,1,1,1,39,7,1598,2,-1,-1,1,-1
2015545705015,1,9,0,10,0,1,0,0,0,0,0,1,6,1,-1,-1,1968,2,1,-1,-1,-1
2015545705015,2,9,0,4,0,1,0,0,0,0,2,1,6,1,78,11,1598,2,5,-1,1,-1
2015545705015,3,9,0,18,0,1,0,0,0,0,1,1,6,1,63,9,1388,1,8,-1,1,-1
2015545705015,4,20,0,18,0,1,0,0,0,0,1,1,1,1,51,8,4250,2,3,-1,1,-1
2015545706615,1,9,0,18,0,3,0,0,0,0,1,1,6,1,42,7,1995,2,-1,-1,2,-1
2015545706615,2,1,0,18,0,6,0,0,0,0,3,1,6,1,16,4,-1,-1,-1,-1,1,-1
2015545721415,1,9,0,16,0,0,2,10,1,11,4,1,6,1,28,6,1399,2,8,-1,2,-1
2015545721915,1,19,0,9,0,4,0,0,0,0,1,1,1,1,38,7,1998,2,12,-1,1,-1
2015545721915,2,9,0,18,0,8,0,0,0,0,4,1,1,2,26,6,1598,2,2,-1,1,-1
2015545726915,1,11,0,5,0,0,0,0,0,0,1,1,1,1,26,6,8268,2,9,-1,1,-1
2015545726915,2,19,0,3,0,0,0,0,0,0,2,1,6,1,34,6,1968,2,3,-1,1,-1
2015545726915,3,9,0,3,0,0,0,0,0,0,2,1,6,2,41,7,1598,1,5,-1,3,-1
2015545737015,1,19,0,18,0,0,0,0,7,11,1,1,6,1,51,8,2143,2,4,-1,1,-1
2015545754215,1,9,0,18,0,8,0,0,2,2,1,1,6,1,63,9,1396,2,-1,-1,1,-1
2015545755415,1,9,0,9,0,8,0,0,0,0,1,1,6,2,23,5,1149,1,13,-1,3,-1
2015545755415,2,9,0,18,0,1,0,0,0,0,1,1,6,1,45,7,1587,1,12,-1,1,-1
2015545755415,3,9,0,18,0,8,0,0,0,0,3,1,6,2,33,6,1199,1,13,-1,1,-1
2015545770515,1,9,0,18,0,8,0,0,0,0,3,1,6,1,24,5,1794,1,11,-1,2,-1
2015545770515,2,5,0,11,0,8,0,0,0,0,1,1,2,1,41,7,898,1,1,-1,1,-1
2015545775315,1,19,0,18,0,0,5,10,7,10,1,1,1,1,28,6,2064,2,37,-1,2,-1
2015545783215,1,9,0,18,0,1,0,0,0,0,1,1,2,2,47,8,1798,8,1,-1,1,-1
2015545805315,1,9,0,2,0,0,0,0,0,0,3,1,6,3,-1,-1,-1,-1,-1,-1,-1,-1
2015545805315,2,1,0,14,0,0,0,8,0,0,4,1,6,1,22,5,-1,-1,-1,-1,1,-1
2015545808815,1,1,0,7,0,5,0,0,0,0,1,1,6,1,10,2,-1,-1,-1,-1,1,-1
2015545808815,2,9,0,3,0,1,0,0,0,0,1,1,6,1,54,8,1339,1,1,-1,1,-1
2015545830815,1,9,0,9,0,5,0,0,0,0,3,1,3,2,27,6,1149,1,15,-1,2,-1
2015545830815,2,2,0,13,0,8,0,0,7,4,1,1,6,1,17,4,49,1,5,-1,1,-1
2015545868315,1,9,0,18,0,1,0,0,0,0,1,1,6,2,23,5,1588,7,12,-1,1,-1
2015545868315,2,9,0,3,0,1,0,0,0,0,2,1,1,1,54,8,1560,2,2,-1,-1,-1
2015545880715,1,9,0,18,9,0,0,0,1,10,1,1,6,1,19,4,1242,1,16,-1,-1,-1
2015545882915,1,9,0,18,0,1,0,0,0,0,1,1,6,2,27,6,1360,1,6,-1,2,-1
2015545882915,2,9,0,3,0,1,0,0,0,0,2,1,6,1,55,8,-1,-1,-1,-1,2,-1
2015545882915,3,19,0,3,0,1,0,0,0,0,2,1,6,1,43,7,2198,2,2,-1,2,-1
2015545883915,1,9,0,18,0,0,0,0,0,0,1,1,6,2,88,11,1388,1,3,-1,3,-1
2015545883915,2,9,0,18,0,0,5,0,1,10,1,1,1,1,52,8,-1,-1,-1,-1,1,-1
2015545884715,1,9,0,18,0,0,1,0,0,0,1,1,6,1,26,6,1796,1,11,-1,1,-1
2015545886015,1,9,0,9,0,4,0,0,0,0,3,1,6,1,43,7,1598,1,12,-1,3,-1
2015545886015,2,2,0,9,0,4,0,0,0,0,4,1,6,2,43,7,49,1,4,-1,3,-1
2015545886515,1,9,0,5,0,4,0,0,0,0,1,1,2,2,46,8,1242,1,1,-1,2,-1
2015545886515,2,9,0,4,0,4,0,0,0,0,2,1,2,1,37,7,1199,1,11,-1,1,-1
2015545886715,1,9,0,9,0,6,0,0,0,0,1,1,6,1,45,7,1598,1,13,-1,3,-1
2015545886715,2,19,0,18,0,8,0,0,0,0,4,1,6,1,31,6,1905,2,18,-1,1,-1
2015545888615,1,9,0,7,0,6,0,0,1,11,3,1,6,2,24,5,1600,2,5,-1,1,-1
2015545888615,2,9,0,18,0,1,0,0,8,11,1,1,6,1,20,4,1598,1,11,-1,1,-1
2015545897915,1,9,3,18,0,0,0,0,0,0,1,1,6,1,77,11,1997,2,-1,-1,1,-1
2015545897915,2,17,0,18,0,0,0,0,0,0,2,1,1,1,18,4,-1,2,26,-1,3,-1
2015545900915,1,9,0,18,0,5,0,0,0,0,3,1,6,2,72,10,1198,1,1,-1,3,-1
2015545900915,2,1,0,18,0,8,0,0,0,0,1,1,6,1,8,2,-1,-1,-1,-1,-1,-1
2015545907615,1,19,0,18,0,8,0,0,4,10,1,1,1,1,32,6,1995,2,1,-1,3,-1
2015545907615,2,9,0,5,0,6,0,0,0,0,3,1,1,1,50,8,1968,2,4,-1,2,-1
2015545908815,1,21,1,18,0,0,0,0,0,0,1,1,1,1,51,8,6370,2,9,-1,1,-1
2015545908815,2,9,0,4,0,0,0,0,0,0,2,1,6,1,50,8,2143,2,3,-1,3,-1
2015545908815,3,9,0,4,0,0,0,0,0,0,2,1,6,1,51,8,1968,2,1,-1,1,-1
2015545917115,1,9,0,9,0,6,0,0,0,0,1,1,2,1,18,4,1360,1,13,-1,2,-1
2015545917115,2,5,0,18,0,8,1,0,0,0,1,1,2,1,32,6,535,1,21,-1,2,-1
2015545920515,1,9,0,1,0,0,0,0,0,0,2,1,3,2,40,7,1395,1,1,-1,2,-1
2015545934315,1,9,0,14,0,0,0,0,0,0,4,1,6,1,46,8,998,1,2,-1,1,-1
2015545953015,1,9,0,13,0,0,2,10,7,10,4,1,6,1,21,5,1299,1,17,-1,1,-1
2015545953715,1,9,0,18,0,0,0,0,0,0,1,1,6,1,25,5,1198,1,11,-1,1,-1
2015545953715,2,9,4,18,0,0,0,0,0,0,3,1,6,1,55,8,2494,2,6,-1,3,-1
2015545954515,1,9,0,16,0,8,1,0,0,0,1,1,6,1,58,9,1390,1,6,-1,3,-1
2015545954515,2,9,0,7,0,5,0,0,0,0,1,1,6,1,49,8,1364,1,9,-1,3,-1
2015545954615,1,9,0,9,0,5,0,0,0,0,4,1,6,2,25,5,-1,-1,-1,-1,2,-1
2015545956715,1,9,0,7,0,5,0,7,0,0,1,1,6,2,23,5,1242,1,2,-1,1,-1
2015545957815,1,9,0,16,0,1,0,0,7,11,1,1,6,2,48,8,999,1,-1,-1,1,-1
2015545983315,1,5,0,17,0,0,1,0,0,0,3,1,6,1,48,8,996,1,11,-1,1,-1
2015545983815,1,21,0,18,0,1,0,0,0,0,1,1,1,1,25,5,12740,2,2,-1,1,-1
2015545983815,2,9,0,3,0,1,0,0,0,0,2,1,6,2,25,5,1396,1,15,-1,3,-1
2015546004515,1,9,0,13,0,0,5,0,1,4,1,1,6,1,24,5,1596,1,8,-1,1,-1
2015546023815,1,9,0,18,0,0,0,0,0,0,1,1,1,1,49,8,1598,2,4,-1,3,-1
2015546023815,2,1,0,18,0,0,0,0,0,0,1,1,6,1,16,4,-1,-1,-1,-1,1,-1
2015546031315,1,9,0,18,0,0,0,0,1,4,1,1,2,1,61,9,2720,2,9,-1,2,-1
2015546031315,2,11,0,18,0,0,0,0,0,0,2,1,1,1,54,8,9186,2,1,-1,3,-1
2015546033015,1,9,0,6,0,6,0,0,0,0,3,1,2,1,23,5,2143,2,4,-1,2,-1
2015546033015,2,5,0,18,0,8,0,0,0,0,4,1,2,1,41,7,782,1,12,-1,1,-1
2015546036615,1,9,0,18,0,2,2,0,1,10,1,1,6,1,44,7,1299,1,13,-1,3,-1
2015546044515,1,9,0,18,0,1,0,0,0,0,1,1,6,1,29,6,1686,2,12,-1,2,-1
2015546044515,2,20,0,18,0,1,0,0,0,0,1,1,6,1,48,8,2402,2,13,-1,1,-1
2015546044515,3,9,0,3,0,1,0,0,0,0,2,1,6,2,40,7,998,1,4,-1,1,-1
2015546044915,1,9,0,16,0,0,1,0,7,0,1,1,2,2,24,5,1398,2,10,-1,3,-1
2015546047015,1,9,0,18,0,8,0,0,0,0,1,1,6,1,62,9,988,1,24,-1,1,-1
2015546047015,2,9,0,9,0,6,0,0,0,0,3,1,6,2,45,7,1422,2,6,-1,2,-1
2015546065315,1,9,0,4,0,1,0,0,0,0,1,2,6,1,24,5,-1,-1,-1,-1,-1,-1
2015546065315,2,9,0,4,0,1,0,0,0,0,2,2,6,1,21,5,-1,-1,-1,-1,-1,-1
2015546066315,1,20,0,3,0,8,0,0,0,0,2,1,1,1,43,7,4116,2,9,-1,3,-1
2015546066315,2,9,0,3,0,8,0,0,0,0,2,1,6,2,80,11,998,1,7,-1,3,-1
2015546066315,3,9,0,18,0,8,0,0,0,0,1,1,6,1,64,9,1951,2,13,-1,3,-1
2015546066915,1,9,0,18,0,1,0,0,0,0,1,1,1,1,33,6,1753,2,8,-1,-1,-1
2015546066915,2,9,0,3,0,1,0,0,0,0,2,1,6,1,34,6,1995,2,8,-1,3,-1
2015546068415,1,9,0,2,0,0,0,0,0,0,3,1,6,2,42,7,1560,2,2,-1,1,-1
2015546068415,2,1,0,14,0,0,0,8,0,0,1,1,6,1,65,9,-1,-1,-1,-1,1,-1
2015546068615,1,9,0,18,0,0,0,0,0,0,1,1,6,2,68,10,996,1,6,-1,1,-1
2015546068615,2,9,0,3,0,0,0,10,0,0,2,1,6,1,38,7,1248,2,3,-1,1,-1
2015546068615,3,9,0,3,0,0,0,0,0,0,2,1,6,1,65,9,998,1,1,-1,1,-1
2015546068615,4,21,0,3,0,0,0,0,0,0,2,1,1,1,39,7,12580,2,9,-1,1,-1
2015546070815,1,9,0,18,0,0,0,0,0,0,1,1,6,2,40,7,1399,2,7,-1,1,-1
2015546072515,1,17,0,18,0,0,0,0,0,0,3,1,1,1,76,11,-1,2,7,-1,1,-1
2015546072515,2,19,0,18,0,0,0,0,0,0,3,1,1,1,60,9,1997,2,9,-1,1,-1
2015546078115,1,9,0,17,0,0,2,0,2,10,1,1,6,1,22,5,1598,1,9,-1,3,-1
2015546078715,1,9,0,18,0,4,0,0,0,0,1,1,1,1,27,6,1497,1,9,-1,1,-1
2015546078715,2,9,0,9,0,8,0,0,0,0,1,1,6,1,24,5,1339,1,-1,-1,1,-1
2015546106215,1,4,0,18,0,0,0,0,1,0,4,1,6,1,59,9,487,1,10,-1,1,-1
2015546106215,2,9,0,4,0,0,0,0,0,0,0,1,6,1,63,9,1985,1,26,-1,1,-1
2015546109215,1,9,0,18,0,0,0,4,0,0,1,1,2,2,62,9,1796,2,3,-1,2,-1
2015546109215,2,1,0,2,0,0,0,0,0,0,2,1,6,1,49,8,-1,-1,-1,-1,1,-1
2015546122415,1,9,0,18,0,1,0,0,1,0,1,1,2,1,46,8,2400,2,6,-1,1,-1
2015546122415,2,9,0,10,0,1,0,0,0,0,2,1,2,1,63,9,1200,1,-1,-1,1,-1
2015546124215,1,5,0,16,0,0,1,0,0,0,4,1,2,1,55,8,1050,1,4,-1,1,-1
2015546132615,1,9,0,3,0,2,0,0,0,0,2,1,6,2,55,8,1198,1,2,-1,1,-1
2015546132615,2,9,0,18,0,2,0,0,0,0,1,1,6,1,38,7,-1,-1,-1,-1,1,-1
2015546149615,1,9,0,18,0,0,0,0,0,0,1,1,6,2,18,4,1299,1,17,-1,2,-1
2015546149615,2,9,0,18,0,0,0,0,0,0,2,1,6,1,58,9,1395,1,2,-1,2,-1
2015546149615,3,19,0,4,0,0,0,0,0,0,2,1,6,3,-1,-1,-1,-1,-1,-1,-1,-1
2015546155615,1,9,0,17,0,0,0,0,2,10,1,1,6,2,80,11,998,1,5,-1,2,-1
2015546160315,1,9,0,18,0,6,0,0,0,0,3,1,6,1,54,8,1560,2,2,-1,3,-1
2015546160315,2,9,0,18,0,8,0,0,0,0,1,1,6,1,19,4,1560,2,7,-1,1,-1
2015546162215,1,9,0,16,0,0,2,0,1,11,1,1,2,2,26,6,1124,1,14,-1,2,-1
2015546175315,1,19,0,4,0,1,0,0,0,0,1,1,6,1,60,9,1995,2,2,-1,1,-1
2015546175315,2,9,0,4,0,1,0,0,6,0,2,1,6,2,61,9,1124,1,14,-1,1,-1
2015546181115,1,9,0,18,0,8,0,0,0,0,4,1,6,1,27,6,2521,1,8,-1,1,-1
2015546181115,2,9,0,9,0,5,0,0,0,0,4,1,6,2,44,7,1995,2,8,-1,3,-1
2015546194315,1,9,0,18,0,0,0,0,0,0,1,1,6,2,63,9,1490,1,7,-1,3,-1
2015546194315,2,9,0,18,0,0,0,4,0,0,1,1,6,2,55,8,1560,2,9,-1,2,-1
2015546194315,3,9,0,2,0,0,0,0,0,0,3,1,6,3,-1,-1,1206,1,6,-1,-1,-1
2015546218615,1,9,0,18,0,0,0,0,7,4,1,1,6,3,-1,-1,1124,1,13,-1,-1,-1
2015546220215,1,5,0,18,0,0,1,0,0,0,1,1,6,1,26,6,599,1,8,-1,2,-1
2015546220215,2,9,0,18,0,0,0,0,0,0,2,1,6,1,31,6,1995,2,6,-1,2,-1
2015546237715,1,9,0,18,0,0,1,0,0,0,1,1,6,1,35,6,2494,1,26,-1,1,-1
2015546237715,2,9,0,4,0,0,0,0,0,0,2,1,6,2,20,4,1198,1,9,-1,1,-1
2015546237715,3,9,0,4,0,0,0,0,0,0,2,1,6,1,30,6,1910,2,11,-1,2,-1
2015546239915,1,9,0,4,0,1,0,0,0,0,1,1,6,2,53,8,1149,1,13,-1,1,-1
2015546239915,2,9,0,3,0,1,0,0,0,0,2,1,6,2,26,6,1998,1,18,-1,3,-1
2015546241115,1,9,0,18,0,0,0,0,0,0,1,1,6,1,38,7,1984,1,16,-1,1,-1
2015546241115,2,19,0,3,0,0,0,0,0,0,2,1,6,1,53,8,1996,2,4,-1,1,-1
2015546241115,3,9,0,3,0,0,0,0,0,0,2,1,6,2,39,7,998,1,3,-1,1,-1
2015546242015,1,9,0,16,0,0,2,0,7,10,1,1,2,2,22,5,1389,1,15,-1,1,-1
2015546260415,1,9,0,18,0,0,1,0,0,0,1,1,2,2,40,7,2494,1,13,-1,1,-1
2015546280915,1,19,0,18,0,0,0,0,0,0,1,1,2,1,36,7,1868,2,15,-1,1,-1
2015546280915,2,9,0,3,0,0,0,0,0,0,2,1,2,2,49,8,1198,1,4,-1,3,-1
2015546281915,1,9,0,18,0,0,0,0,0,0,1,1,6,2,20,4,1242,1,5,-1,1,-1
2015546281915,2,19,0,3,0,0,0,0,0,0,2,1,1,1,48,8,1248,2,9,-1,1,-1
2015546281915,3,9,0,3,0,0,0,0,0,0,2,1,6,1,46,8,1998,2,9,-1,1,-1
2015546283215,1,9,0,18,0,0,0,0,0,0,1,1,6,1,57,9,2993,2,3,-1,3,-1
2015546283215,2,9,0,18,0,0,0,0,7,0,2,1,6,1,25,5,1299,1,11,-1,1,-1
2015546283215,3,9,0,18,0,0,0,0,0,0,1,1,6,2,58,9,1598,1,5,-1,1,-1
2015546283615,1,9,0,13,0,0,0,0,0,0,1,1,6,1,19,4,999,1,5,-1,1,-1
2015546283615,2,9,0,3,0,0,0,0,0,0,2,1,6,2,51,8,1364,2,3,-1,1,-1
2015546288415,1,9,0,18,0,0,0,0,7,4,1,2,6,1,61,9,2495,2,13,-1,3,-1
2015546288415,2,21,1,18,0,0,3,0,0,0,1,1,1,1,69,10,12900,2,3,-1,1,-1
2015546288415,3,9,0,18,0,0,0,0,1,4,3,1,6,1,58,9,1896,2,12,-1,1,-1
2015546289515,1,9,0,11,0,0,0,0,0,0,1,1,6,1,22,5,1910,2,6,-1,1,-1
2015546289515,2,9,0,18,0,0,0,0,2,7,2,1,6,2,75,10,1329,1,3,-1,1,-1
2015546300915,1,9,0,5,0,2,0,0,0,0,1,1,6,1,23,5,1390,1,14,-1,1,-1
2015546300915,2,19,0,18,0,1,0,0,0,0,1,1,6,1,40,7,2198,2,1,-1,2,-1
2015546307915,1,9,0,18,0,8,0,0,0,0,1,1,6,1,63,9,1910,2,9,-1,1,-1
2015546307915,2,9,0,7,0,6,0,0,0,0,3,2,6,1,34,6,1398,2,12,-1,2,-1
2015546320315,1,2,0,18,0,8,0,0,0,0,3,1,6,2,18,4,49,1,14,-1,1,-1
2015546321915,1,9,0,17,0,8,2,0,1,11,2,1,6,2,19,4,1198,1,10,-1,2,-1
2015546323215,1,9,0,9,0,5,0,0,0,0,1,1,6,1,46,8,998,1,11,-1,1,-1
2015546323215,2,9,0,18,0,8,0,0,0,0,1,1,6,2,18,4,1461,2,4,-1,1,-1
2015546323215,3,9,0,18,0,1,0,0,0,0,1,1,6,2,54,8,1398,2,4,-1,1,-1
2015546324215,1,9,0,2,0,0,0,0,0,0,2,1,6,3,-1,-1,1390,1,11,-1,-1,-1
2015546324215,2,1,0,18,0,0,0,4,0,0,1,1,6,1,20,4,-1,-1,-1,-1,1,-1
2015546333115,1,3,0,4,0,0,1,0,0,0,3,1,1,1,37,7,125,1,-1,-1,1,-1
2015546333115,2,9,0,4,0,0,0,0,0,0,0,1,6,3,-1,-1,-1,-1,-1,-1,-1,-1
2015546362015,1,9,0,18,0,0,0,0,0,0,1,1,6,1,19,4,1199,1,16,-1,1,-1
2015546362015,2,9,0,3,0,0,0,0,0,0,2,1,2,1,25,5,1229,1,6,-1,1,-1
2015546362015,3,3,0,3,0,0,0,0,0,0,2,1,6,1,26,6,123,1,29,-1,1,-1
2015546367415,1,9,0,18,0,8,0,0,0,0,4,1,6,1,17,4,1198,1,7,-1,2,-1
2015546367415,2,9,0,9,0,6,0,0,0,0,1,1,6,2,69,10,1994,1,16,-1,3,-1
2015546371815,1,9,0,18,0,6,0,0,0,0,4,1,6,1,28,6,973,1,13,-1,1,-1
2015546371815,2,5,0,18,0,8,1,0,0,0,1,1,6,1,47,8,599,1,19,-1,-1,-1
2015546377815,1,9,0,18,0,0,0,0,0,0,3,1,6,1,50,8,1984,1,-1,-1,2,-1
2015546377815,2,9,4,18,0,0,0,0,0,0,3,1,1,1,51,8,-1,-1,-1,-1,1,-1
2015546381315,1,9,0,4,0,1,0,0,0,0,1,1,6,2,38,7,1397,1,3,-1,1,-1
2015546381315,2,9,0,3,0,1,0,0,0,0,2,1,6,1,49,8,1598,1,8,-1,1,-1
2015546391915,1,9,0,18,0,0,0,0,0,0,3,1,6,1,61,9,1598,1,1,-1,1,-1
2015546391915,2,1,0,18,0,0,0,0,0,0,1,1,6,1,10,2,-1,-1,-1,-1,1,-1
2015546393015,1,9,0,18,0,0,0,0,0,0,4,1,2,2,22,5,1796,1,14,-1,2,-1
2015546393815,1,9,0,3,0,0,0,0,0,0,2,1,6,2,28,6,1896,2,12,-1,1,-1
2015546393815,2,5,0,4,0,0,1,0,0,0,1,1,6,1,61,9,673,1,34,-1,1,-1
2015546412715,1,5,0,18,0,0,0,0,0,0,3,1,6,1,46,8,955,1,16,-1,1,-1
2015546417315,1,9,0,18,0,0,0,0,0,0,1,1,6,1,42,7,1398,2,5,-1,1,-1
2015546417315,2,9,4,18,0,0,2,0,4,0,2,1,6,1,70,10,1973,1,14,-1,3,-1
2015546421915,1,9,0,18,0,1,0,0,0,0,1,1,6,3,-1,-1,-1,-1,-1,-1,-1,-1
2015546421915,2,9,0,3,0,1,0,0,0,0,2,1,6,2,46,8,1870,2,10,-1,1,-1
2015546427415,1,9,0,5,0,4,0,0,0,0,1,2,6,2,40,7,1591,1,3,-1,1,-1
2015546427415,2,3,0,18,0,4,0,0,0,0,4,1,6,1,30,6,-1,-1,-1,-1,1,-1
2015546429015,1,1,0,1,0,0,0,0,0,0,1,1,6,1,55,8,-1,-1,-1,-1,1,-1
2015546436315,1,9,0,9,0,6,0,0,0,0,4,1,6,2,37,7,1598,1,9,-1,1,-1
2015546436315,2,5,0,18,0,8,0,0,0,0,3,1,2,1,24,5,675,1,4,-1,1,-1
2015546443115,1,19,0,18,0,1,0,0,0,0,1,1,1,1,27,6,2198,2,4,-1,1,-1
2015546443115,2,9,0,4,0,1,0,0,0,0,2,1,6,2,47,8,1560,2,5,-1,3,-1
2015546445715,1,20,4,18,0,0,0,0,0,0,3,1,1,1,31,6,5880,2,11,-1,2,-1
2015546445715,2,9,0,18,0,0,1,0,1,7,1,2,6,1,63,9,4966,1,12,-1,1,-1
2015546451315,1,9,0,16,0,2,1,0,7,0,1,1,6,1,51,8,3436,1,4,-1,3,-1
2015546451315,2,9,0,16,0,2,0,0,0,0,0,1,6,1,45,7,3800,1,7,-1,2,-1
2015546451315,3,21,0,18,0,1,1,0,1,0,1,1,1,1,58,9,8867,2,7,-1,3,-1
2015546453615,1,9,0,18,0,0,0,0,0,0,4,1,6,3,-1,-1,-1,-1,-1,-1,-1,-1
2015546454615,1,9,0,5,0,8,0,0,0,0,1,1,6,2,19,4,998,1,9,-1,2,-1
2015546454615,2,19,0,5,0,8,0,0,0,0,1,1,1,1,23,5,1995,2,3,-1,2,-1
2015546456615,1,9,0,18,0,1,5,4,0,0,4,1,6,1,24,5,1896,2,16,-1,1,-1
2015546456615,2,9,0,2,0,1,0,0,0,0,3,1,6,1,-1,-1,1598,1,9,-1,1,-1
2015546456615,3,9,0,2,0,1,0,0,0,0,3,1,6,2,23,5,-1,-1,-1,-1,3,-1
2015546456615,4,9,0,2,0,1,0,0,0,0,3,1,6,2,36,7,1390,1,12,-1,1,-1
2015546456615,5,9,0,2,0,1,0,0,0,0,3,1,6,1,26,6,1999,1,9,-1,1,-1
2015546457915,1,9,0,18,0,0,0,0,0,0,1,1,6,1,22,5,1242,1,13,-1,1,-1
2015546464415,1,9,0,9,0,6,0,0,0,0,3,1,6,2,45,7,1598,1,1,-1,1,-1
2015546464415,2,9,0,18,0,8,0,0,0,0,1,1,6,1,44,7,1598,1,8,-1,1,-1
2015546475915,1,1,0,18,0,8,0,0,0,0,1,1,6,1,17,4,-1,-1,-1,-1,1,-1
2015546475915,2,9,0,7,0,5,0,0,0,0,4,1,6,2,67,10,1800,1,15,-1,1,-1
2015546482315,1,19,0,18,0,1,0,0,0,0,1,1,6,1,48,8,2148,2,11,-1,1,-1
2015546482315,2,9,0,9,0,2,0,0,0,0,1,1,6,1,23,5,1998,1,12,-1,1,-1
2015546493515,1,9,0,9,0,5,0,0,0,0,4,1,1,1,25,5,1997,2,3,-1,1,-1
2015546493515,2,5,0,18,0,8,0,0,0,0,1,1,2,1,41,7,598,1,18,-1,1,-1
2015546496415,1,9,0,4,0,6,1,0,0,0,1,1,6,1,54,8,2706,1,1,-1,3,-1
2015546496415,2,9,0,18,0,8,5,0,8,10,4,1,6,1,48,8,998,1,1,-1,1,-1
2015546498715,1,9,0,5,0,4,0,0,0,0,1,1,2,2,54,8,1598,1,12,-1,1,-1
2015546498715,2,1,0,9,0,8,0,0,0,0,4,1,6,1,13,3,-1,-1,-1,-1,3,-1
2015546498715,3,1,0,9,0,8,0,0,0,0,4,1,6,1,14,3,-1,-1,-1,-1,1,-1
2015546503715,1,5,0,18,0,8,0,0,0,0,1,1,1,1,27,6,599,1,14,-1,1,-1
2015546503715,2,9,0,9,0,6,0,0,0,0,1,1,1,1,26,6,1560,2,8,-1,1,-1
2015546521715,1,19,0,18,0,1,0,0,0,0,4,1,1,1,53,8,2198,2,1,-1,2,-1
2015546538815,1,9,0,16,0,0,0,0,0,0,0,1,6,2,-1,-1,-1,-1,-1,-1,-1,-1
2015546538815,2,1,0,17,0,0,0,0,0,0,3,1,6,2,60,9,-1,-1,-1,-1,2,-1
2015546545315,1,9,0,18,0,4,0,0,0,0,3,1,1,1,36,7,-1,-1,-1,-1,2,-1
2015546545315,2,1,0,18,0,8,0,0,0,0,1,1,6,1,50,8,-1,-1,-1,-1,3,-1
2015546546415,1,9,0,5,0,6,0,0,0,0,3,1,3,2,29,6,1240,1,10,-1,1,-1
2015546546415,2,1,0,18,0,8,0,0,0,0,1,1,6,1,53,8,-1,-1,-1,-1,1,-1
2015546551415,1,9,0,9,0,6,0,0,0,0,1,1,6,2,34,6,1896,2,13,-1,1,-1
2015546551415,2,11,0,18,0,8,0,0,0,0,3,1,1,1,46,8,9000,2,6,-1,1,-1
2015546571615,1,9,0,18,0,0,0,0,0,0,1,1,6,2,24,5,1242,1,7,-1,1,-1
2015546571615,2,21,0,18,0,0,0,0,0,0,2,1,1,1,33,6,11946,2,9,-1,1,-1
2015546573215,1,9,0,16,0,0,2,0,7,4,3,1,6,1,21,5,1896,2,8,-1,2,-1
2015546583215,1,9,0,18,0,4,0,0,0,0,0,1,6,3,35,6,-1,-1,-1,-1,-1,-1
2015546583215,2,1,0,18,0,6,0,0,0,0,0,1,2,2,56,9,-1,-1,-1,-1,1,-1
2015546621615,1,9,0,5,0,6,5,0,0,0,3,1,6,1,61,9,1998,2,8,-1,3,-1
2015546621615,2,5,0,18,0,8,0,0,0,0,1,1,6,1,49,8,1157,1,14,-1,3,-1
2015546644115,1,9,0,16,0,0,2,10,0,0,3,1,6,1,18,4,1198,1,12,-1,2,-1
2015546644115,2,9,0,17,0,0,1,0,7,0,3,1,2,1,51,8,1998,2,9,-1,2,-1
2015546645415,1,9,0,17,0,0,2,0,7,3,1,1,6,2,22,5,1124,1,12,-1,3,-1
2015546652415,1,19,0,17,0,0,1,0,0,0,3,1,1,1,34,6,2198,2,7,-1,1,-1
2015546652415,2,9,0,16,0,0,0,0,2,10,3,1,1,1,27,6,1798,2,4,-1,1,-1
2015546653715,1,1,0,18,0,0,0,4,0,0,1,1,6,1,35,6,-1,-1,-1,-1,1,-1