Accident_Index,Vehicle_Reference,Vehicle_Type,Towing_and_Articulation,Vehicle_Manoeuvre,Vehicle_Location-Restricted_Lane,Junction_Location,Skidding_and_Overturning,Hit_Object_in_Carriageway,Vehicle_Leaving_Carriageway,Hit_Object_off_Carriageway,1st_Point_of_Impact,Was_Vehicle_Left_Hand_Drive?,Journey_Purpose_of_Driver,Sex_of_Driver,Age_of_Driver,Age_Band_of_Driver,Engine_Capacity_(CC),Propulsion_Code,Age_of_Vehicle,Driver_IMD_Decile,Driver_Home_Area_Type,Vehicle_IMD_Decile
2015546653715,2,9,0,2,0,0,0,0,0,0,2,1,6,3,-1,-1,1229,1,3,-1,-1,-1
2015546653815,1,9,0,4,0,0,0,0,0,0,0,1,6,3,-1,-1,-1,-1,-1,-1,-1,-1
2015546653815,2,9,0,4,0,0,0,0,0,0,0,1,6,2,47,8,1997,2,4,-1,2,-1
2015546653815,3,9,0,4,0,0,0,0,0,0,2,1,6,1,48,8,1364,1,-1,-1,2,-1
2015546653815,4,9,0,4,0,0,1,0,0,0,1,1,6,1,52,8,1598,1,14,-1,3,-1
2015546666215,1,9,0,18,0,0,2,0,1,0,1,1,6,1,32,6,1598,1,21,-1,3,-1
2015546682315,1,9,0,13,0,0,0,0,0,0,3,1,6,1,19,4,1197,1,4,-1,1,-1
2015546682315,2,19,0,13,0,0,0,0,7,11,1,1,1,1,30,6,1996,2,4,-1,1,-1
2015546682315,3,9,0,18,0,0,0,0,0,0,0,1,6,1,45,7,1582,2,-1,-1,1,-1
2015546685715,1,9,0,9,0,6,0,0,0,0,3,1,6,1,44,7,1591,1,-1,-1,-1,-1
2015546685715,2,9,0,18,0,8,0,0,0,0,1,1,1,1,65,9,-1,-1,-1,-1,2,-1
2015546688415,1,9,0,16,0,0,2,0,8,10,1,1,6,2,50,8,1364,1,9,-1,3,-1
2015546691215,1,9,0,16,0,0,1,0,1,2,1,1,6,2,19,4,1149,1,12,-1,1,-1
2015546698115,1,9,0,18,0,0,1,0,1,4,1,1,6,1,27,6,2171,1,14,-1,3,-1
2015546698615,1,9,0,18,0,8,0,0,0,0,1,1,6,2,28,6,1600,1,15,-1,2,-1
2015546698615,2,9,0,18,0,8,0,0,0,0,4,1,6,1,18,4,1198,1,12,-1,3,-1
2015546701015,1,9,0,17,0,0,0,0,1,10,1,1,1,1,23,5,1422,2,12,-1,2,-1
2015546704115,1,3,0,16,0,0,0,0,0,0,3,1,6,2,18,4,124,1,15,-1,1,-1
2015546704115,2,9,0,17,0,0,0,0,0,0,3,1,6,1,50,8,1597,2,1,-1,2,-1
2015546708315,1,9,0,18,0,0,0,0,0,0,1,1,6,1,25,5,1598,2,3,-1,2,-1
2015546708315,2,9,0,3,0,0,0,0,0,0,2,1,6,2,43,7,1000,1,1,-1,1,-1
2015546714215,1,9,0,18,0,0,0,0,0,0,1,1,6,1,36,7,1598,1,8,-1,2,-1
2015546714215,2,9,0,18,0,0,0,0,0,0,1,1,6,2,21,5,1390,1,1,-1,2,-1
2015546714215,3,9,0,18,0,0,0,0,0,0,1,1,6,2,46,8,1598,1,2,-1,2,-1
2015546714215,4,9,0,18,0,0,0,0,0,0,3,1,6,1,70,10,1956,2,4,-1,2,-1
2015546728215,1,8,0,18,0,0,0,0,2,7,1,1,1,1,26,6,1598,1,9,-1,1,-1
2015546728215,2,9,0,18,0,0,0,0,5,6,1,1,6,1,60,9,1984,1,13,-1,1,-1
2015546733215,1,9,0,18,0,0,0,0,0,0,3,2,6,1,44,7,-1,-1,-1,-1,-1,-1
2015546733215,2,19,0,18,0,0,0,0,0,0,3,1,6,1,30,6,2148,2,10,-1,2,-1
2015546734815,1,9,0,17,0,2,1,0,1,11,1,1,6,2,36,7,1299,1,15,-1,3,-1
2015546740515,1,9,0,4,0,1,1,0,0,0,1,1,6,2,36,7,1595,1,15,-1,2,-1
2015546740515,2,9,0,4,0,1,0,0,0,0,2,1,6,1,30,6,1242,1,8,-1,2,-1
2015546749015,1,9,0,13,0,0,0,0,0,0,3,1,6,1,29,6,1149,1,12,-1,2,-1
2015546749015,2,9,0,18,0,0,0,0,1,10,3,1,2,2,60,9,1199,1,12,-1,3,-1
2015546754315,1,5,0,17,0,0,0,0,1,10,4,1,1,1,30,6,636,1,10,-1,1,-1
2015546765115,1,9,0,18,0,0,0,0,0,0,2,1,6,1,64,9,1998,1,11,-1,1,-1
2015546765115,2,9,0,18,0,0,0,0,0,0,1,1,6,1,69,10,1973,1,15,-1,3,-1
2015546765915,1,9,0,4,0,1,0,0,0,0,1,1,2,1,20,4,1242,1,16,-1,1,-1
2015546765915,2,9,0,5,0,1,0,0,0,0,2,1,1,2,35,6,1984,2,1,-1,-1,-1
2015546775115,1,9,0,5,0,6,0,0,0,0,3,1,6,2,83,11,1000,1,15,-1,3,-1
2015546775115,2,1,0,18,0,8,0,0,0,0,1,1,6,1,33,6,-1,-1,-1,-1,2,-1
2015546793315,1,9,0,18,0,8,0,0,0,0,1,1,6,2,56,9,1199,1,12,-1,3,-1
2015546793315,2,9,0,9,0,5,0,0,0,0,1,1,6,1,70,10,-1,-1,-1,-1,2,-1
2015546796215,1,9,0,9,0,6,0,0,1,10,4,1,6,1,76,11,2967,1,15,-1,3,-1
2015546796215,2,9,0,7,0,6,0,0,0,0,0,1,6,1,38,7,2495,2,18,-1,3,-1
2015546796215,3,9,0,18,0,8,0,0,1,1,1,1,6,2,38,7,1896,2,11,-1,1,-1
2015546806415,1,9,0,4,0,0,0,0,0,0,0,1,6,1,22,5,2495,2,12,-1,2,-1
2015546811115,1,9,0,4,0,0,0,0,1,10,2,1,6,2,23,5,1360,1,12,-1,1,-1
2015546811115,2,9,0,18,0,0,0,0,0,0,1,1,2,1,22,5,-1,-1,-1,-1,1,-1
2015546826315,1,9,0,7,0,6,0,0,0,0,4,1,6,2,44,7,1399,1,5,-1,2,-1
2015546845415,1,8,0,9,0,5,0,0,0,0,1,1,1,1,69,10,1686,2,3,-1,1,-1
2015546845415,2,22,0,18,0,8,0,0,0,0,3,1,6,1,77,11,-1,-1,-1,-1,1,-1
2015546846215,1,1,0,4,0,6,1,0,0,0,1,1,6,2,13,3,-1,-1,-1,-1,3,-1
2015546846215,2,19,0,9,0,5,0,0,0,0,1,1,1,1,26,6,2198,2,7,-1,3,-1
2015546848715,1,9,0,18,0,0,0,0,1,2,1,1,6,1,18,4,1997,2,10,-1,2,-1
2015546853215,1,9,0,18,0,8,0,0,0,0,1,1,1,1,57,9,1988,2,7,-1,1,-1
2015546876815,1,5,0,18,0,8,0,0,0,0,1,1,6,1,84,11,650,1,-1,-1,1,-1
2015546876815,2,9,0,9,0,5,0,0,0,0,1,1,6,2,64,9,1598,1,15,-1,2,-1
2015546885315,1,9,0,17,0,0,5,0,1,4,1,1,6,1,19,4,998,1,10,-1,1,-1
2015546886415,1,9,0,18,0,0,2,0,1,4,1,1,6,1,17,4,1396,1,19,-1,2,-1
2015546917415,1,9,0,9,0,6,0,0,0,0,3,1,6,2,35,6,1598,2,3,-1,3,-1
2015546917415,2,5,0,18,0,8,1,0,0,0,3,1,2,1,58,9,1084,1,16,-1,3,-1
2015546920815,1,9,0,3,0,0,0,0,0,0,2,1,6,1,53,8,2967,2,4,-1,1,-1
2015546920815,2,19,0,4,0,0,0,0,0,0,2,1,1,1,58,9,2143,2,2,-1,1,-1
2015546920815,3,9,0,18,0,0,1,0,0,0,1,1,6,1,25,5,1149,1,12,-1,2,-1
2015546922015,1,9,0,16,0,0,0,0,0,0,1,1,1,2,67,10,1591,1,3,-1,3,-1
2015546922015,2,9,0,17,0,0,0,10,0,0,1,1,1,1,41,7,1984,1,1,-1,3,-1
2015546923615,1,5,0,4,0,0,0,0,0,0,4,1,6,1,58,9,1043,1,-1,-1,1,-1
2015546936115,1,9,0,18,0,0,0,0,0,0,1,1,6,1,61,9,1997,2,10,-1,3,-1
2015546936115,2,9,0,3,0,0,0,0,0,0,2,1,6,1,57,9,2401,2,11,-1,3,-1
2015546936715,1,9,0,18,0,2,0,0,1,10,1,1,6,1,26,6,1364,1,8,-1,1,-1
2015546941015,1,9,0,18,0,0,0,0,0,0,1,1,6,1,-1,-1,1896,2,12,-1,1,-1
2015546941015,2,9,0,4,0,0,0,0,0,0,2,1,6,2,42,7,1956,2,1,-1,1,-1
2015546944515,1,5,0,17,0,0,0,0,0,0,1,1,6,1,36,7,-1,-1,-1,-1,-1,-1
2015546944515,2,9,0,16,0,0,0,0,0,0,1,1,6,2,31,6,1200,1,1,-1,3,-1
2015546944915,1,3,0,5,0,0,0,0,0,0,1,1,2,1,18,4,124,1,4,-1,3,-1
2015546945815,1,9,0,18,0,0,5,0,1,11,1,1,6,1,25,5,-1,-1,-1,-1,3,-1
2015546947615,1,9,0,18,0,1,0,0,0,0,1,1,6,1,35,6,1997,1,5,-1,1,-1
2015546949015,1,9,0,5,0,1,0,0,0,0,1,1,6,1,-1,-1,-1,-1,-1,-1,-1,-1
2015546949015,2,9,0,3,0,1,0,0,0,0,2,1,6,1,41,7,2179,2,11,-1,2,-1
2015546957715,1,9,0,9,0,3,0,9,1,11,1,1,6,1,21,5,1598,1,13,-1,1,-1
2015546965115,1,5,0,7,0,4,0,0,0,0,4,1,6,1,36,7,124,1,8,-1,1,-1
2015546965115,2,9,0,8,0,4,0,0,0,0,3,1,6,1,47,8,3436,1,-1,-1,1,-1
2015546978915,1,9,0,6,0,8,0,0,0,0,3,1,6,1,19,4,1799,1,9,-1,1,-1
2015546978915,2,5,0,18,0,8,0,0,0,0,1,1,6,1,19,4,645,1,9,-1,1,-1
2015547002315,1,9,0,18,0,0,2,10,1,9,1,1,6,1,22,5,993,1,18,-1,1,-1
2015547006615,1,9,0,17,0,0,1,0,1,10,1,1,6,2,31,6,1985,1,17,-1,3,-1
2015547008715,1,9,0,5,0,6,0,0,0,0,3,1,6,1,75,10,-1,-1,-1,-1,1,-1
2015547008715,2,19,0,18,0,8,0,0,0,0,1,1,1,1,34,6,1598,2,1,-1,2,-1
2015547012615,1,9,0,9,0,5,0,0,0,0,1,1,6,2,45,7,1397,1,11,-1,3,-1
2015547012615,2,1,0,17,0,8,0,0,0,0,3,1,6,2,44,7,-1,-1,-1,-1,1,-1
2015547012615,3,1,0,17,0,8,0,0,0,0,3,1,6,2,40,7,-1,-1,-1,-1,1,-1
2015547012615,4,1,0,17,0,8,0,0,0,0,3,1,6,2,28,6,-1,-1,-1,-1,2,-1
2015547012615,5,1,0,17,0,8,0,0,0,0,3,1,6,2,58,9,-1,-1,-1,-1,2,-1
2015547013915,1,19,0,18,0,1,0,0,0,0,1,1,1,1,30,6,2402,2,11,-1,1,-1
2015547013915,2,9,0,5,0,4,0,0,0,0,2,1,6,2,37,7,1997,2,1,-1,2,-1
2015547031115,1,9,0,3,0,0,0,0,0,0,2,1,6,1,59,9,2179,2,3,-1,1,-1
2015547031115,2,9,0,4,0,0,0,0,0,0,1,1,6,1,23,5,1360,1,17,-1,2,-1
2015547036915,1,9,0,5,0,0,0,0,0,0,1,1,6,1,55,8,1193,1,1,-1,1,-1
2015547042615,1,9,0,18,0,0,0,0,0,0,0,1,6,1,54,8,1997,2,15,-1,3,-1
2015547042615,2,9,0,18,0,0,0,0,0,0,1,1,6,2,67,10,1798,1,8,-1,3,-1
2015547062115,1,19,0,18,9,6,0,0,0,0,4,1,6,1,45,7,1248,2,5,-1,1,-1
2015547062115,2,1,0,18,9,8,0,0,0,0,1,1,6,1,23,5,-1,-1,-1,-1,2,-1
2015547078715,1,9,0,5,0,4,0,0,0,0,3,1,2,2,19,4,1422,2,12,-1,1,-1
2015547078715,2,1,0,9,0,8,0,0,0,0,1,1,6,1,13,3,-1,-1,-1,-1,3,-1
2015547079515,1,9,0,18,0,2,0,0,0,0,1,1,2,2,25,5,1242,1,4,-1,1,-1
2015547082515,1,9,0,18,0,0,0,0,7,10,1,1,6,2,83,11,1360,1,16,-1,2,-1
2015547089715,1,9,0,18,0,0,2,0,7,9,1,1,6,1,16,4,1242,1,12,-1,1,-1
2015547097615,1,9,0,5,0,1,0,0,0,0,1,1,6,2,23,5,898,1,2,-1,1,-1
2015547097615,2,9,0,1,0,1,0,0,0,0,2,1,6,1,35,6,1900,2,11,-1,1,-1
2015547098015,1,9,0,16,0,0,1,0,0,0,3,1,1,1,32,6,1997,2,13,-1,3,-1
2015547098015,2,9,0,17,0,0,0,0,0,0,3,1,6,1,64,9,1560,2,4,-1,2,-1
2015547108815,1,9,0,9,0,5,0,0,0,0,4,1,6,1,73,10,1997,2,15,-1,3,-1
2015547108815,2,5,0,18,0,8,0,0,0,0,1,1,6,1,73,10,1340,1,20,-1,1,-1
2015547108815,3,9,0,18,0,1,0,0,0,0,4,1,6,2,44,7,2967,2,-1,-1,2,-1
2015547110315,1,9,0,18,0,2,0,0,0,0,3,1,6,1,44,7,1149,1,12,-1,1,-1
2015547112015,1,5,0,18,0,0,1,0,1,0,1,1,2,1,25,5,1000,1,7,-1,1,-1
2015547112015,2,9,0,6,8,0,0,0,0,0,3,1,6,1,24,5,1582,2,4,-1,1,-1
2015547112115,1,9,0,5,0,4,0,0,0,0,1,1,1,2,47,8,2497,2,13,-1,1,-1
2015547112115,2,1,0,17,0,8,0,0,0,0,4,1,6,1,25,5,-1,-1,-1,-1,1,-1
2015547114915,1,9,0,3,0,1,0,0,0,0,2,1,6,1,28,6,-1,-1,-1,-1,1,-1
2015547114915,2,9,0,3,0,1,0,0,0,0,2,1,6,1,31,6,1198,1,4,-1,1,-1
2015547114915,3,9,0,18,0,1,0,0,0,0,1,1,6,1,27,6,1781,1,14,-1,1,-1
2015547115315,1,4,0,18,0,0,0,0,0,0,1,1,6,1,18,4,125,1,-1,-1,1,-1
2015547115315,2,9,0,18,0,0,0,0,0,0,3,1,6,2,51,8,1598,1,9,-1,2,-1
2015547115315,3,19,0,4,0,0,0,0,0,0,2,1,6,1,18,4,1248,2,8,-1,1,-1
2015547124715,1,8,0,5,0,4,0,0,0,0,1,1,6,1,32,6,1968,2,8,-1,1,-1
2015547124715,2,5,0,9,0,8,0,0,0,0,4,1,6,1,35,6,942,1,8,-1,3,-1
2015547134515,1,8,0,3,0,1,0,0,0,0,1,1,1,1,35,6,1560,2,4,-1,1,-1
2015547134515,2,9,0,4,0,1,0,0,0,0,2,1,6,1,26,6,1994,1,14,-1,1,-1
2015547144115,1,9,3,18,0,0,4,0,1,10,2,1,6,1,55,8,2184,2,12,-1,1,-1
2015547144115,2,9,0,18,0,0,0,0,0,0,3,1,6,1,47,8,1999,1,9,-1,1,-1
2015547144115,3,9,0,18,0,0,0,0,0,0,1,1,6,1,50,8,1995,2,1,-1,3,-1
2015547145115,1,9,0,18,0,0,0,0,0,0,4,1,6,2,44,7,1149,1,10,-1,1,-1
2015547155315,1,9,0,18,0,0,0,0,1,0,1,1,6,2,31,6,1995,2,-1,-1,1,-1
2015547155315,2,21,1,18,0,0,0,0,0,0,1,1,1,1,49,8,10837,2,4,-1,1,-1
2015547160315,1,9,0,4,0,1,1,0,0,0,1,1,6,1,27,6,1798,1,1,-1,3,-1
2015547160315,2,9,0,4,0,1,0,0,0,0,2,1,6,1,49,8,1798,1,10,-1,1,-1
2015547164315,1,9,0,4,0,0,0,0,0,0,2,1,6,1,52,8,1461,2,2,-1,2,-1
2015547164315,2,9,0,18,0,0,0,0,0,0,1,1,6,1,27,6,2477,2,13,-1,3,-1
2015547168315,1,9,0,5,0,0,0,0,0,0,3,1,6,1,42,7,1968,2,10,-1,1,-1
2015547169515,1,9,0,18,0,8,0,0,0,0,4,1,6,1,-1,-1,-1,-1,-1,-1,-1,-1
2015547169515,2,1,0,5,0,6,0,0,0,0,1,1,6,1,20,4,-1,-1,-1,-1,1,-1
2015547174315,1,9,0,16,0,0,2,0,7,0,1,1,6,1,26,6,1461,2,7,-1,1,-1
2015547181615,1,9,0,17,0,0,2,0,7,11,1,1,6,2,20,4,1124,1,14,-1,3,-1
2015547183215,1,9,0,18,0,0,1,0,1,7,3,1,6,1,21,5,1598,1,13,-1,1,-1
2015547192815,1,9,0,18,0,4,0,0,0,0,1,1,6,2,79,11,1240,1,9,-1,3,-1
2015547192815,2,1,0,18,0,8,0,0,0,0,4,1,6,1,54,8,-1,-1,-1,-1,1,-1
2015547196115,1,9,0,18,0,4,0,0,0,0,3,1,6,1,46,8,1497,8,8,-1,1,-1
2015547196115,2,1,0,18,0,8,0,0,0,0,1,1,6,1,39,7,-1,-1,-1,-1,1,-1
2015547216315,1,9,0,18,0,1,2,4,0,0,1,1,2,2,20,4,1149,1,5,-1,1,-1
2015547216315,2,9,0,2,0,1,0,0,0,0,1,1,6,2,64,9,1998,8,-1,-1,3,-1
2015547216315,3,9,0,2,0,2,0,0,0,0,2,1,6,1,26,6,1968,2,6,-1,1,-1
2015547230815,1,9,0,18,0,0,0,0,0,0,1,1,6,1,-1,-1,-1,-1,-1,-1,-1,-1
2015547236315,1,9,0,18,0,0,5,0,1,0,1,1,6,2,20,4,1598,1,8,-1,1,-1
2015547236315,2,9,0,4,0,0,0,0,0,0,0,1,6,3,-1,-1,-1,-1,-1,-1,-1,-1
2015547264015,1,21,0,5,0,4,0,0,0,0,1,1,1,1,54,8,5900,2,8,-1,1,-1
2015547264015,2,2,0,18,0,8,0,0,0,0,4,1,6,1,67,10,49,1,29,-1,1,-1
2015547264615,1,19,0,13,0,0,0,0,0,0,4,1,1,1,-1,-1,2148,2,7,-1,1,-1
2015547264615,2,1,0,18,0,0,0,0,0,0,3,1,6,1,34,6,-1,-1,-1,-1,2,-1
2015547265915,1,9,0,3,0,1,0,0,0,0,0,1,6,2,38,7,1598,1,7,-1,1,-1
2015547265915,2,9,0,9,2,5,0,0,0,0,1,1,6,1,71,10,1896,2,14,-1,1,-1
2015547265915,3,5,0,15,2,8,0,0,0,0,1,1,6,1,40,7,599,1,9,-1,1,-1
2015547270615,1,9,0,5,0,6,0,0,0,0,1,1,1,2,56,9,1296,1,7,-1,3,-1
2015547270615,2,9,0,17,0,8,0,0,0,0,3,1,6,1,23,5,1242,1,4,-1,2,-1
2015547293315,1,3,0,9,0,6,0,0,3,3,3,1,6,2,26,6,124,1,8,-1,2,-1
2015547296815,1,9,0,18,0,1,1,0,1,2,1,1,6,2,32,6,1242,1,5,-1,1,-1
2015547296815,2,9,0,7,0,5,0,0,1,10,4,1,2,2,61,9,1598,1,11,-1,1,-1
2015547296815,3,9,0,3,0,1,0,0,0,0,0,1,6,1,75,10,1560,2,6,-1,1,-1
2015547301415,1,19,0,17,0,0,0,0,0,0,4,1,6,1,52,8,1998,2,14,-1,1,-1
2015547304415,1,9,0,17,0,0,0,0,0,0,1,1,6,2,28,6,1596,1,4,-1,1,-1
2015547326415,1,97,0,18,0,1,0,0,0,0,1,1,6,1,-1,-1,-1,-1,-1,-1,-1,-1
2015547335215,1,19,0,9,0,8,0,0,0,0,3,1,1,1,60,9,2198,2,2,-1,1,-1
2015547342315,1,9,0,9,0,6,0,0,0,0,3,1,6,1,69,10,996,1,4,-1,2,-1
2015547342315,2,3,0,18,0,8,1,0,1,0,1,1,6,1,22,5,124,1,14,-1,-1,-1
2015547344515,1,9,0,18,0,8,0,0,0,0,1,1,6,1,36,7,1124,1,14,-1,1,-1
2015547344515,2,9,0,9,0,4,0,0,0,0,3,1,6,1,54,8,1248,2,2,-1,1,-1
2015547345115,1,9,0,16,0,1,0,0,0,0,1,1,2,1,64,9,1598,2,2,-1,3,-1
2015547345115,2,9,0,3,0,1,0,0,0,0,2,1,6,2,21,5,1061,1,11,-1,3,-1
2015547362015,1,9,0,16,0,0,1,10,0,0,1,1,6,1,45,7,1769,1,13,-1,2,-1
2015547362015,2,9,0,18,0,0,0,0,1,0,3,1,6,1,68,10,1560,2,6,-1,3,-1
2015547370015,1,9,0,18,0,0,2,0,1,4,3,1,2,2,31,6,1582,2,6,-1,1,-1
2015547378115,1,9,0,9,0,5,0,0,0,0,3,1,6,2,18,4,1242,1,8,-1,2,-1
2015547378115,2,9,0,18,0,8,0,0,0,0,3,1,6,1,59,9,2987,2,6,-1,1,-1
2015547378115,3,9,0,18,0,2,0,0,0,0,3,1,6,2,47,8,1997,1,14,-1,1,-1
2015547383015,1,9,0,16,0,0,2,0,1,9,3,1,6,2,20,4,1396,1,13,-1,1,-1
2015547383015,2,9,0,17,0,0,0,0,0,0,3,1,6,2,72,10,2494,1,18,-1,2,-1
2015547397215,1,9,0,7,0,4,0,0,0,0,1,1,6,2,56,9,1598,1,7,-1,1,-1
2015547397215,2,1,0,18,0,8,0,0,0,0,4,1,6,1,52,8,-1,-1,-1,-1,1,-1
2015547402015,1,10,0,12,0,0,0,0,0,0,3,1,1,1,31,6,-1,-1,-1,-1,2,-1
2015547402015,2,5,0,13,0,0,0,0,1,0,4,1,2,1,45,7,1084,1,14,-1,1,-1
2015547403215,1,9,0,9,0,5,0,0,7,1,3,1,6,1,59,9,2967,2,4,-1,2,-1
2015547403215,2,9,0,13,0,8,0,0,7,0,4,1,6,1,66,10,1598,1,4,-1,1,-1
2015547407715,1,9,0,1,0,0,0,0,0,0,2,1,6,1,61,9,1229,1,7,-1,1,-1
2015547409015,1,9,0,18,0,0,0,0,0,0,1,1,6,1,32,6,1590,1,11,-1,2,-1
2015547409015,2,1,0,18,0,0,0,0,0,0,3,1,6,2,60,9,-1,-1,-1,-1,2,-1
2015547420015,1,9,0,18,0,0,0,0,2,4,1,1,6,1,19,4,1598,1,12,-1,1,-1
2015547420015,2,9,0,2,0,0,0,0,0,0,4,1,6,3,-1,-1,1598,1,11,-1,1,-1
2015547420815,1,9,0,17,0,0,2,10,7,4,1,1,6,1,21,5,1800,1,17,-1,2,-1
2015547420815,2,9,0,16,0,0,0,0,0,0,0,1,6,2,27,6,1490,1,7,-1,2,-1
2015547422515,1,9,0,10,0,1,0,0,0,0,2,1,6,1,22,5,1360,1,6,-1,3,-1
2015547422515,2,9,0,18,0,1,0,0,1,0,1,1,6,1,78,11,999,1,6,-1,2,-1
2015547434215,1,9,0,18,0,0,1,0,0,11,3,1,6,1,20,4,1995,2,11,-1,2,-1
2015547434315,1,5,0,18,0,1,0,7,7,2,1,1,6,1,30,6,999,1,9,-1,2,-1
2015547457315,1,20,0,13,0,0,0,0,0,0,4,1,6,3,-1,-1,-1,-1,-1,-1,-1,-1
2015547457315,2,1,0,18,0,0,0,0,0,0,3,1,6,2,22,5,-1,-1,-1,-1,1,-1
2015547465015,1,19,0,3,0,1,0,0,0,0,2,1,2,1,52,8,1968,2,1,-1,1,-1
2015547465015,2,1,0,5,0,1,0,0,0,0,1,1,6,1,55,8,-1,-1,-1,-1,1,-1
2015547472415,1,19,0,18,0,0,0,0,7,11,1,1,6,1,36,7,2143,2,3,-1,3,-1
2015547523715,1,17,0,18,0,0,0,0,0,0,0,1,1,1,58,9,-1,2,9,-1,3,-1
2015547523715,2,3,0,18,0,0,1,0,1,10,4,1,2,1,18,4,125,1,-1,-1,2,-1
2015547530215,1,19,0,17,0,0,0,0,0,0,3,1,1,1,29,6,2300,2,9,-1,2,-1
2015547530215,2,9,0,16,0,0,1,0,0,0,3,1,6,2,53,8,1198,1,7,-1,3,-1
2015547541015,1,9,0,18,0,0,0,0,0,0,4,1,6,3,-1,-1,-1,-1,-1,-1,-1,-1
2015547546215,1,9,0,13,0,0,1,0,0,0,3,1,6,1,20,4,1995,2,6,-1,1,-1
2015547546215,2,9,0,18,0,0,0,0,0,0,0,1,6,1,37,7,1968,2,2,-1,3,-1
2015547546215,3,9,0,18,0,0,0,0,1,0,3,1,6,1,71,10,1896,2,9,-1,1,-1
2015547546215,4,19,0,18,0,0,0,0,0,0,1,1,1,1,37,7,-1,-1,-1,-1,1,-1
2015547554315,1,9,0,17,0,0,0,0,0,0,1,1,1,1,33,6,1587,1,14,-1,1,-1
2015547554315,2,9,0,16,0,0,0,0,1,0,1,1,1,1,53,8,2183,2,5,-1,3,-1
2015547567115,1,9,0,18,0,1,0,0,0,0,1,1,6,2,42,7,1248,2,6,-1,1,-1
2015547567315,1,19,0,17,0,0,0,0,1,4,1,1,2,1,29,6,1870,2,16,-1,1,-1
2015547567815,1,9,0,16,0,0,0,0,0,0,2,1,6,1,61,9,1499,1,-1,-1,-1,-1
2015547567815,2,9,0,16,0,0,0,0,1,0,1,1,6,2,74,10,1329,1,1,-1,1,-1
2015547575115,1,9,0,17,0,0,1,0,0,0,3,1,6,1,72,10,2830,2,20,-1,3,-1
2015547575115,2,9,0,16,0,0,0,0,0,0,3,1,6,1,65,9,1598,1,10,-1,1,-1
2015547575315,1,9,0,18,0,0,0,0,1,4,4,1,6,1,30,6,1560,2,3,-1,1,-1
2015547578515,1,9,0,5,0,4,0,0,0,0,2,1,6,2,51,8,1796,1,5,-1,3,-1
2015547578515,2,9,0,5,0,4,0,0,0,0,1,1,6,1,31,6,3000,1,4,-1,1,-1
2015547591015,1,9,0,18,0,0,0,0,0,0,4,1,6,1,-1,-1,-1,-1,-1,-1,-1,-1
2015547611315,1,9,0,8,0,1,0,0,0,0,2,1,6,1,52,8,1461,2,4,-1,1,-1
2015547611315,2,9,0,18,0,1,0,0,0,0,1,1,6,2,17,4,1240,1,12,-1,1,-1
2015547622515,1,9,0,18,0,0,0,0,5,6,3,1,6,2,19,4,998,1,15,-1,1,-1
2015547624615,1,9,0,12,0,0,0,0,0,0,3,1,6,2,63,9,2400,2,3,-1,2,-1
2015547624615,2,9,0,18,0,0,0,0,0,0,1,1,6,1,38,7,1968,2,5,-1,1,-1
2015547624615,3,9,0,18,0,0,0,0,0,0,3,1,6,1,31,6,2967,1,12,-1,1,-1
2015547635715,1,9,0,16,0,2,0,0,0,0,1,1,6,2,25,5,1896,2,7,-1,3,-1
2015547638015,1,9,0,18,0,2,0,0,0,0,1,1,6,1,18,4,1390,1,15,-1,3,-1
2015547638015,2,9,0,4,0,2,0,0,0,0,2,1,6,1,40,7,1597,1,15,-1,1,-1
2015547639015,1,9,0,18,0,2,0,0,0,0,4,1,6,1,41,7,1998,1,7,-1,1,-1
2015547639015,2,1,0,18,0,2,0,0,0,0,1,1,6,2,12,3,-1,-1,-1,-1,1,-1
2015547641615,1,9,0,18,0,0,5,10,1,0,4,1,6,1,18,4,1149,1,13,-1,3,-1
2015547641615,2,9,0,2,6,0,0,0,0,0,0,1,6,3,-1,-1,1896,2,10,-1,-1,-1
2015547642315,1,9,0,18,0,0,0,0,0,0,4,1,6,1,23,5,1968,2,4,-1,1,-1
2015547649315,1,9,0,18,0,0,0,0,0,0,1,1,6,1,29,6,999,1,2,-1,1,-1
2015547649315,2,9,0,3,0,0,0,0,0,0,2,1,6,1,28,6,998,1,3,-1,3,-1
2015547649315,3,9,0,3,0,0,0,0,0,0,2,1,6,1,36,7,1995,2,5,-1,1,-1
2015547650415,1,9,0,4,0,0,1,0,0,0,1,1,6,1,55,8,1995,2,12,-1,3,-1
2015547650415,2,9,0,4,0,0,0,0,0,0,2,1,6,1,36,7,1388,1,4,-1,1,-1
2015547656115,1,9,0,18,0,0,0,0,0,0,1,1,6,1,24,5,1461,2,8,-1,3,-1
2015547656115,2,9,0,4,0,0,0,0,0,0,2,1,6,1,-1,-1,3200,2,7,-1,3,-1
2015547669115,1,9,0,9,0,5,0,0,0,0,4,1,1,2,36,7,1984,1,4,-1,1,-1