Accident_Index,Vehicle_Reference,Vehicle_Type,Towing_and_Articulation,Vehicle_Manoeuvre,Vehicle_Location-Restricted_Lane,Junction_Location,Skidding_and_Overturning,Hit_Object_in_Carriageway,Vehicle_Leaving_Carriageway,Hit_Object_off_Carriageway,1st_Point_of_Impact,Was_Vehicle_Left_Hand_Drive?,Journey_Purpose_of_Driver,Sex_of_Driver,Age_of_Driver,Age_Band_of_Driver,Engine_Capacity_(CC),Propulsion_Code,Age_of_Vehicle,Driver_IMD_Decile,Driver_Home_Area_Type,Vehicle_IMD_Decile
2015548563315,3,9,0,18,0,8,0,0,0,0,1,1,6,2,40,7,1461,2,1,-1,1,-1
2015548563315,4,9,0,10,0,1,0,0,0,0,1,1,6,2,45,7,1198,1,4,-1,1,-1
2015548565115,1,5,0,13,0,8,0,0,0,0,1,1,6,1,48,8,1170,1,-1,-1,3,-1
2015548565115,2,9,0,9,0,5,0,0,0,0,3,1,6,1,29,6,1229,1,1,-1,1,-1
2015548571715,1,9,0,18,0,8,2,0,1,1,1,1,1,1,28,6,1198,1,10,-1,1,-1
2015548575315,1,9,0,3,0,0,0,0,0,0,2,1,6,1,22,5,1910,2,10,-1,1,-1
2015548575315,2,9,0,18,0,0,0,0,0,0,1,1,6,1,-1,-1,-1,-1,-1,-1,-1,-1
2015548576215,1,19,0,4,0,0,0,0,0,0,2,1,6,1,33,6,2198,2,-1,-1,1,-1
2015548576215,2,1,0,18,0,0,0,0,0,0,1,1,6,1,35,6,-1,-1,-1,-1,1,-1
2015548586715,1,19,0,4,0,8,0,0,1,0,1,1,1,1,60,9,2287,2,3,-1,1,-1
2015548586715,2,20,0,3,0,8,0,0,0,0,2,1,1,1,53,8,10837,2,1,-1,3,-1
2015548586715,3,90,0,18,0,8,0,0,0,0,0,1,1,1,41,7,3200,2,5,-1,1,-1
2015548590015,1,9,0,17,0,0,0,0,0,0,1,1,6,1,35,6,1796,1,9,-1,2,-1
2015548590015,2,9,0,16,0,0,1,0,0,0,3,1,6,2,25,5,2393,1,11,-1,1,-1
2015548596915,1,9,0,17,0,0,0,0,1,1,1,1,6,1,23,5,1995,2,7,-1,3,-1
2015548597815,1,9,0,16,0,0,1,10,8,10,1,1,1,1,45,7,1399,2,9,-1,2,-1
2015548597815,2,9,0,16,0,0,0,0,0,0,1,1,2,2,56,9,1388,1,5,-1,1,-1
2015548599815,1,9,0,18,0,0,1,0,0,0,1,1,6,2,61,9,1299,1,10,-1,1,-1
2015548599815,2,9,0,4,0,0,0,0,0,0,2,1,6,1,42,7,1995,2,4,-1,2,-1
2015548599815,3,9,0,4,0,0,0,0,0,0,2,1,6,1,49,8,1988,1,12,-1,2,-1
2015548599815,4,9,0,3,0,0,0,0,0,0,2,1,6,2,49,8,1229,1,8,-1,1,-1
2015548611515,1,9,0,12,0,8,0,0,0,0,3,1,6,1,60,9,1560,2,5,-1,1,-1
2015548611515,2,3,0,13,0,8,1,0,0,0,4,1,6,1,28,6,124,1,5,-1,1,-1
2015548612315,1,9,0,9,0,8,0,0,0,0,4,1,6,2,63,9,1199,1,13,-1,1,-1
2015548612315,2,9,0,18,0,8,0,0,0,0,1,1,6,2,33,6,1390,1,14,-1,2,-1
2015548615115,1,9,0,18,0,1,0,0,0,0,1,1,6,1,48,8,1781,1,12,-1,1,-1
2015548615115,2,9,0,3,0,1,0,0,0,0,2,1,6,1,21,5,1198,1,12,-1,3,-1
2015548646715,1,19,0,18,9,0,0,0,1,0,4,1,1,1,59,9,2198,2,3,-1,2,-1
2015548668915,1,9,0,11,0,0,2,0,4,6,4,1,6,1,83,11,1968,2,7,-1,3,-1
2015548668915,2,9,0,18,0,0,1,0,4,6,3,1,6,2,65,9,1910,2,5,-1,2,-1
2015548683315,1,19,0,5,0,4,0,0,0,0,1,1,6,1,80,11,1298,1,11,-1,1,-1
2015548683315,2,1,0,9,0,8,0,0,0,0,4,1,6,2,31,6,-1,-1,-1,-1,1,-1
2015548689115,1,8,0,5,0,0,0,0,0,0,4,1,1,1,-1,-1,-1,-1,-1,-1,-1,-1
2015548690215,1,19,0,18,0,0,0,0,0,0,3,1,6,1,23,5,2198,2,-1,-1,1,-1
2015548690215,2,19,0,18,0,0,0,0,0,0,3,1,6,2,57,9,2461,2,13,-1,1,-1
2015548707715,1,3,0,18,0,0,0,4,0,0,1,1,2,1,22,5,124,1,10,-1,1,-1
2015548707715,2,9,0,2,0,0,0,0,0,0,2,1,6,1,70,10,1242,1,6,-1,1,-1
2015548710115,1,9,0,14,0,0,0,0,0,0,1,1,6,2,22,5,1229,1,-1,-1,1,-1
2015548711015,1,9,0,9,0,5,0,0,0,0,1,1,6,2,43,7,998,1,-1,-1,2,-1
2015548711015,2,9,0,18,0,8,0,0,0,0,4,1,6,1,32,6,1995,2,7,-1,1,-1
2015548713115,1,9,0,18,0,0,1,0,8,4,3,1,6,1,24,5,1988,1,10,-1,1,-1
2015548717715,1,9,0,16,0,0,0,0,1,0,1,1,6,1,23,5,998,1,-1,-1,2,-1
2015548717715,2,9,0,18,0,0,0,0,1,0,1,1,6,1,76,11,1560,2,10,-1,2,-1
2015548718015,1,9,0,18,0,2,0,0,0,0,4,1,6,2,39,7,1598,1,2,-1,1,-1
2015548718015,2,1,0,18,0,2,0,0,0,0,3,1,6,2,24,5,-1,-1,-1,-1,1,-1
2015548722615,1,19,0,9,0,6,0,0,0,0,3,1,1,1,19,4,2143,2,-1,-1,1,-1
2015548722615,2,9,0,18,0,8,0,0,0,0,1,1,6,1,41,7,2495,2,18,-1,3,-1
2015548725715,1,9,0,5,0,1,0,0,0,0,1,1,6,2,69,10,1948,1,15,-1,1,-1
2015548725715,2,9,0,3,0,1,0,0,0,0,2,1,6,2,68,10,1339,1,2,-1,2,-1
2015548727215,1,19,0,11,0,1,0,0,0,0,4,1,6,1,51,8,1995,2,8,-1,1,-1
2015548727215,2,4,0,18,0,1,0,0,0,0,3,1,6,1,68,10,651,1,8,-1,1,-1
2015548732115,1,9,0,16,0,1,1,0,1,0,1,1,6,1,38,7,1797,8,4,-1,1,-1
2015548732115,2,9,0,17,0,2,5,0,0,0,1,1,1,1,31,6,1242,1,-1,-1,3,-1
2015548732315,1,9,0,9,0,3,0,0,0,0,1,1,6,2,69,10,1248,2,7,-1,1,-1
2015548732615,1,9,0,18,0,1,1,0,0,0,4,1,6,1,21,5,1242,1,15,-1,1,-1
2015548735615,1,9,0,18,0,0,0,0,1,9,1,1,6,2,36,7,998,1,2,-1,1,-1
2015548735815,1,9,0,18,0,0,0,0,0,0,1,1,6,1,19,4,1390,1,8,-1,1,-1
2015548736215,1,19,0,9,0,5,0,7,0,0,1,1,1,2,62,9,1598,2,1,-1,1,-1
2015548736215,2,9,0,18,0,8,0,0,0,0,1,1,6,1,22,5,1896,2,11,-1,2,-1
2015548757915,1,9,0,18,0,1,0,0,0,0,3,1,6,3,-1,-1,1392,1,16,-1,-1,-1
2015548757915,2,1,0,18,0,2,0,0,0,0,1,1,6,1,65,9,-1,-1,-1,-1,1,-1
2015548764015,1,9,0,13,0,0,2,0,7,9,1,1,6,1,58,9,1896,2,12,-1,1,-1
2015548772315,1,9,0,9,0,5,0,0,0,0,1,1,1,2,21,5,999,1,1,-1,3,-1
2015548772315,2,1,0,18,0,8,0,0,0,0,1,1,6,1,45,7,-1,-1,-1,-1,1,-1
2015548785515,1,2,0,9,0,6,0,0,0,0,3,1,6,1,42,7,49,1,8,-1,2,-1
2015548785515,2,3,0,17,0,8,0,0,0,0,1,1,6,1,23,5,124,1,5,-1,1,-1
2015548798215,1,9,0,5,0,6,0,0,0,0,3,1,2,1,60,9,1598,1,7,-1,3,-1
2015548798215,2,9,0,18,0,8,0,0,0,0,1,1,2,1,17,4,1390,1,10,-1,3,-1
2015548805315,1,19,0,3,0,2,0,0,0,0,2,1,6,2,26,6,1870,2,10,-1,2,-1
2015548805315,2,9,0,18,0,2,0,0,0,0,1,1,6,2,48,8,1596,1,12,-1,2,-1
2015548807015,1,9,0,9,0,6,0,0,0,0,3,1,6,1,84,11,1596,1,17,-1,1,-1
2015548807015,2,1,0,18,0,8,0,0,0,0,1,1,6,2,42,7,-1,-1,-1,-1,1,-1
2015548822715,1,9,0,17,0,0,1,0,0,0,1,1,6,2,48,8,1956,2,3,-1,3,-1
2015548822715,2,9,0,16,0,0,1,0,0,0,1,1,6,1,79,11,2179,2,7,-1,3,-1
2015548823515,1,9,0,9,0,5,0,0,0,0,4,1,6,2,17,4,1198,1,9,-1,1,-1
2015548823515,2,1,0,18,0,8,0,0,0,0,1,1,6,1,22,5,-1,-1,-1,-1,3,-1
2015548829815,1,9,0,18,0,0,0,0,0,0,1,1,2,1,40,7,1753,2,7,-1,3,-1
2015548829815,2,9,0,18,0,0,0,0,0,0,1,1,2,1,65,9,1368,1,2,-1,2,-1
2015548834615,1,10,0,2,0,2,0,0,0,0,2,1,1,2,65,9,2998,2,9,-1,1,-1
2015548834615,2,19,0,18,0,2,0,0,0,0,1,1,2,1,53,8,1997,2,2,-1,1,-1
2015548851715,1,9,0,18,0,1,0,0,0,0,1,1,6,1,-1,-1,-1,-1,-1,-1,-1,-1
2015548860215,1,9,0,18,0,0,0,0,7,11,1,1,6,2,70,10,1200,1,-1,-1,1,-1
2015548860715,1,9,0,4,0,0,0,0,7,10,2,1,6,1,68,10,1368,1,1,-1,3,-1
2015548860715,2,9,0,4,0,0,0,0,0,0,2,1,6,1,25,5,1600,2,6,-1,1,-1
2015548860715,3,20,0,18,0,0,1,0,0,0,1,1,1,1,27,6,5880,2,3,-1,1,-1
2015548867415,1,9,0,18,0,0,0,0,1,4,1,1,6,2,69,10,1560,2,5,-1,1,-1
2015548875715,1,19,0,7,0,5,0,0,0,0,4,1,6,1,59,9,2143,2,4,-1,3,-1
2015548893515,1,9,0,18,0,0,0,0,0,0,1,1,2,2,26,6,1753,2,9,-1,3,-1
2015548893515,2,5,0,3,0,0,0,0,0,0,2,1,2,1,58,9,750,1,24,-1,3,-1
2015548893515,3,9,0,3,0,0,0,0,0,0,2,1,2,1,60,9,1296,1,7,-1,1,-1
2015548894115,1,9,0,11,0,0,0,0,0,0,4,1,6,1,36,7,1686,2,11,-1,1,-1
2015548894115,2,9,0,18,0,0,0,0,1,0,3,1,6,1,26,6,1398,2,6,-1,1,-1
2015548900315,1,9,0,18,0,8,0,0,0,0,3,1,6,1,19,4,1390,1,3,-1,1,-1
2015548900315,2,9,0,9,0,5,0,0,0,0,1,1,6,1,19,4,1390,1,15,-1,2,-1
2015548901415,1,9,0,18,0,0,0,0,0,0,1,1,6,3,-1,-1,-1,-1,-1,-1,-1,-1
2015548916315,1,9,0,9,0,5,0,0,0,0,1,1,6,2,68,10,1388,1,9,-1,1,-1
2015548916315,2,9,0,18,0,8,0,0,0,0,1,1,6,2,32,6,1781,1,11,-1,1,-1
2015548916315,3,9,0,3,0,1,0,0,0,0,1,1,6,2,67,10,1242,1,3,-1,2,-1
2015548924715,1,9,0,18,0,1,1,0,0,0,1,1,6,2,24,5,998,1,3,-1,1,-1
2015548924715,2,9,0,3,0,1,0,0,0,0,2,1,6,1,39,7,-1,-1,-1,-1,1,-1
2015548924715,3,9,0,10,0,1,0,0,0,0,2,1,6,1,39,7,1598,1,11,-1,3,-1
2015548926915,1,2,0,18,0,0,0,0,0,0,1,1,6,1,19,4,49,1,8,-1,1,-1
2015548926915,2,9,0,3,0,0,0,0,0,0,2,1,6,2,40,7,1360,1,14,-1,1,-1
2015548930515,1,9,0,5,0,8,0,0,0,0,1,1,6,2,45,7,1461,2,1,-1,1,-1
2015548930515,2,9,0,4,0,8,0,0,0,0,2,1,6,2,60,9,1686,2,13,-1,3,-1
2015548935915,1,19,0,16,0,0,1,0,7,1,1,1,1,1,34,6,1560,2,2,-1,1,-1
2015548938315,1,19,0,18,0,2,0,0,0,0,4,1,1,1,41,7,2198,2,2,-1,1,-1
2015548943515,1,9,0,3,0,0,0,0,0,0,2,1,6,2,52,8,1598,1,12,-1,1,-1
2015548943515,2,9,0,3,0,0,0,0,0,0,2,1,6,1,29,6,2494,1,14,-1,1,-1
2015548943515,3,9,0,18,0,0,0,0,0,0,1,1,6,2,28,6,1984,1,14,-1,1,-1
2015548949615,1,5,0,17,0,0,0,0,0,0,3,1,6,2,27,6,599,1,12,-1,1,-1
2015548950915,1,9,0,18,0,0,0,0,5,6,3,1,1,1,29,6,999,1,-1,-1,1,-1
2015548952415,1,9,0,4,0,0,0,0,0,0,2,1,6,2,21,5,1198,1,10,-1,3,-1
2015548952415,2,9,0,18,0,0,0,0,0,0,1,1,6,1,51,8,2993,2,5,-1,3,-1
2015548955515,1,9,0,16,0,8,0,0,0,0,1,1,6,2,43,7,1896,2,12,-1,3,-1
2015548955515,2,9,0,18,0,1,0,0,0,0,1,1,6,2,55,8,1390,1,5,-1,2,-1
2015548955515,3,9,0,18,0,1,0,0,0,0,1,1,6,2,22,5,1870,2,11,-1,1,-1
2015548965015,1,9,0,18,0,0,0,0,0,0,2,1,1,2,70,10,1596,1,5,-1,1,-1
2015548965015,2,5,0,18,0,0,0,0,0,0,1,1,1,1,23,5,636,1,12,-1,1,-1
2015548972215,1,9,0,17,0,0,0,0,0,0,1,1,6,1,56,9,1686,2,9,-1,3,-1
2015548972215,2,9,0,16,0,0,1,0,0,0,1,1,6,1,32,6,1332,1,18,-1,1,-1
2015548974015,1,9,0,9,0,5,0,0,0,0,0,1,6,3,-1,-1,-1,-1,-1,-1,-1,-1
2015548974015,2,9,0,18,0,1,0,0,0,0,2,1,6,2,50,8,1988,1,13,-1,2,-1
2015548974015,3,9,0,18,0,1,0,0,0,0,1,1,6,2,33,6,1368,1,5,-1,2,-1
2015548994115,1,9,0,9,2,5,0,0,0,0,4,1,2,1,28,6,2143,2,4,-1,1,-1
2015548994115,2,3,0,18,2,8,0,0,0,0,1,1,3,1,34,6,996,1,15,-1,1,-1
2015548997415,1,20,0,9,0,8,0,0,0,0,3,1,1,1,50,8,-1,-1,-1,-1,1,-1
2015548997415,2,9,0,18,0,1,0,0,0,0,1,1,6,2,67,10,1395,1,-1,-1,2,-1
2015549009315,1,9,0,3,0,0,0,0,0,0,2,1,1,2,53,8,1753,2,9,-1,1,-1
2015549009315,2,19,0,18,0,0,1,0,0,0,1,1,1,1,20,4,2463,2,10,-1,3,-1
2015549027515,1,9,0,18,0,2,0,0,0,0,4,1,1,1,32,6,1870,2,7,-1,1,-1
2015549041215,1,21,0,18,0,8,1,0,0,0,1,1,1,1,36,7,-1,2,12,-1,1,-1
2015549041215,2,9,0,4,0,8,0,0,0,0,2,1,6,1,66,10,1124,1,9,-1,1,-1
2015549051715,1,19,0,18,0,0,1,0,0,0,1,1,1,1,40,7,2402,2,4,-1,2,-1
2015549051715,2,9,0,4,0,0,0,0,0,0,2,1,2,2,36,7,1598,1,10,-1,1,-1
2015549051715,3,9,0,4,0,0,0,0,0,0,0,1,6,3,-1,-1,-1,-1,-1,-1,-1,-1
2015549051915,1,9,0,9,0,7,0,0,4,6,3,1,6,1,85,11,1665,2,17,-1,1,-1
2015549051915,2,9,0,18,0,8,0,0,4,6,1,1,6,2,27,6,1998,1,12,-1,1,-1
2015549052015,1,9,0,16,0,2,2,0,7,9,1,1,6,1,19,4,1242,1,11,-1,3,-1
2015549054815,1,9,0,18,0,1,0,0,0,0,1,1,6,1,25,5,1388,1,17,-1,2,-1
2015549054815,2,9,0,3,0,1,0,0,0,0,2,1,6,1,35,6,1998,1,7,-1,3,-1
2015549056115,1,9,0,9,0,6,0,0,0,0,1,1,6,2,64,9,2198,2,6,-1,3,-1
2015549056115,2,3,0,18,0,8,0,0,0,0,1,1,6,1,27,6,125,1,2,-1,1,-1
2015549064715,1,9,0,18,0,0,0,0,0,0,1,1,1,1,49,8,4367,2,2,-1,1,-1
2015549064715,2,9,0,4,0,0,0,0,0,0,2,1,1,1,31,6,1896,2,11,-1,1,-1
2015549069415,1,9,0,14,0,0,5,10,1,3,3,1,6,1,20,4,1199,1,13,-1,2,-1
2015549069415,2,90,0,2,0,0,0,0,0,0,0,1,1,1,51,8,6370,2,3,-1,-1,-1
2015549071615,1,9,0,18,0,1,0,0,0,0,1,1,1,1,26,6,1461,2,3,-1,1,-1
2015549071615,2,9,0,9,0,6,0,0,0,0,3,1,6,2,69,10,1997,2,5,-1,2,-1
2015549071615,3,9,0,3,0,1,0,0,0,0,0,1,6,2,20,4,999,1,15,-1,2,-1
2015549080415,1,9,0,18,0,0,5,0,5,6,4,1,6,1,43,7,1596,1,9,-1,2,-1
2015549084615,1,9,0,5,9,6,0,0,0,0,1,1,2,2,67,10,1796,1,5,-1,1,-1
2015549099815,1,9,0,18,0,0,1,0,7,3,1,1,6,1,23,5,1998,1,13,-1,1,-1
2015549099815,2,9,0,2,0,0,0,0,0,0,3,1,6,3,-1,-1,1998,2,9,-1,-1,-1
2015549103815,1,9,0,2,0,0,0,0,0,0,3,1,6,2,29,6,1390,1,11,-1,1,-1
2015549103815,2,1,0,14,0,0,0,8,0,0,4,1,6,2,17,4,-1,-1,-1,-1,-1,-1
2015549113215,1,9,0,18,0,0,0,0,0,0,1,1,6,2,68,10,1591,1,1,-1,1,-1
2015549113215,2,1,0,18,0,0,0,0,0,0,4,1,4,1,11,3,-1,-1,-1,-1,1,-1
2015549142015,1,9,0,7,0,3,0,10,0,0,1,1,6,1,29,6,1587,1,14,-1,1,-1
2015549142015,2,9,0,9,0,3,0,0,0,0,4,1,6,1,54,8,1598,1,14,-1,1,-1
2015549143515,1,9,0,18,0,0,1,0,0,0,1,1,1,1,19,4,1272,1,22,-1,1,-1
2015549143515,2,21,1,18,0,0,0,0,0,0,2,1,1,1,40,7,-1,-1,-1,-1,1,-1
2015549146715,1,9,0,9,0,8,0,0,0,0,1,1,6,2,23,5,998,1,7,-1,1,-1
2015549146715,2,9,0,18,0,4,0,0,0,0,4,1,6,1,65,9,1329,1,4,-1,1,-1
2015549148815,1,9,0,18,0,0,0,0,0,0,1,1,6,2,36,7,1995,1,5,-1,1,-1
2015549148815,2,9,0,4,0,0,0,0,0,0,2,1,2,2,37,7,1997,2,5,-1,1,-1
2015549155515,1,9,0,4,0,4,0,0,0,0,2,1,6,1,77,11,1968,2,-1,-1,2,-1
2015549155515,2,9,0,5,0,4,0,0,0,0,1,1,6,1,43,7,3999,1,3,-1,3,-1
2015549159215,1,3,0,9,0,8,0,0,0,0,1,1,2,1,21,5,124,1,22,-1,1,-1
2015549159215,2,9,0,18,0,8,0,0,0,0,2,1,6,1,87,11,993,1,14,-1,1,-1
2015549159215,3,9,0,18,0,8,0,0,0,0,0,1,6,2,67,10,1397,1,5,-1,2,-1
2015549162815,1,9,0,3,0,1,0,0,0,0,2,1,1,1,39,7,1968,2,2,-1,1,-1
2015549162815,2,9,0,3,0,1,0,0,0,0,2,1,6,1,18,4,1248,2,9,-1,1,-1
2015549162815,3,9,0,18,0,1,0,0,0,0,1,1,6,2,40,7,1598,1,9,-1,2,-1
2015549165715,1,9,0,18,0,0,0,0,0,0,3,1,6,2,-1,-1,-1,-1,-1,-1,-1,-1
2015549178715,1,19,0,18,0,0,1,0,0,0,1,1,6,1,48,8,1560,2,1,-1,1,-1
2015549178715,2,19,0,18,0,0,1,0,5,6,2,1,1,1,56,9,2143,2,-1,-1,1,-1
2015549180715,1,9,0,13,0,0,0,0,0,0,4,1,6,2,69,10,1198,1,3,-1,3,-1
2015549180715,2,1,0,18,0,0,0,0,0,0,3,1,6,1,52,8,-1,-1,-1,-1,3,-1
2015549182915,1,19,0,18,0,0,0,0,0,0,1,1,1,1,35,6,2402,2,9,-1,1,-1
2015549182915,2,9,0,4,0,0,0,0,0,0,2,1,6,2,51,8,1124,1,12,-1,1,-1
2015549183815,1,1,0,9,0,5,0,0,0,0,3,1,6,1,24,5,-1,-1,-1,-1,1,-1
2015549183815,2,9,0,13,0,8,0,0,0,0,4,1,6,1,55,8,1598,2,-1,-1,1,-1
2015549184115,1,3,0,9,0,2,0,10,1,2,1,1,6,1,26,6,125,1,-1,-1,1,-1
2015549194015,1,9,0,18,0,0,5,0,5,6,1,1,6,2,54,8,1198,1,9,-1,1,-1
2015549195115,1,9,0,17,0,8,0,4,7,0,1,1,6,1,32,6,1999,1,8,-1,1,-1
2015549195115,2,9,0,2,0,8,0,0,0,0,2,1,6,1,30,6,1968,2,1,-1,2,-1
2015549197315,1,9,0,9,0,5,0,0,0,0,1,1,6,2,32,6,-1,-1,-1,-1,-1,-1
2015549202915,1,8,0,18,0,6,0,0,0,0,1,1,6,3,-1,-1,1753,2,7,-1,-1,-1
2015549202915,2,9,0,18,0,8,0,0,0,0,1,1,6,2,20,4,1240,1,9,-1,1,-1
2015549208515,1,9,0,18,0,1,0,0,1,0,1,1,6,1,60,9,1999,1,11,-1,3,-1
2015549208515,2,9,0,10,0,1,0,0,0,0,2,1,6,2,56,9,1364,1,9,-1,1,-1
2015549208515,3,9,0,3,0,1,0,0,0,0,2,1,6,1,66,10,1596,1,9,-1,3,-1
2015549208515,4,9,0,3,0,1,0,0,0,0,2,1,6,1,51,8,1686,2,1,-1,1,-1
2015549211615,1,9,0,9,0,5,0,0,0,0,4,1,6,1,51,8,2496,2,12,-1,1,-1
2015549211615,2,8,0,18,0,8,1,0,0,0,1,1,1,1,38,7,1753,2,5,-1,1,-1
2015549215715,1,9,0,18,0,4,0,9,7,1,1,1,6,1,70,10,1896,2,13,-1,1,-1
2015549231115,1,9,0,18,0,0,0,0,4,6,4,1,6,1,21,5,1910,2,5,-1,1,-1
2015549231115,2,9,0,12,0,0,1,0,0,0,3,1,6,1,26,6,2171,2,12,-1,2,-1
2015549231115,3,19,4,18,0,0,3,0,1,0,2,1,1,2,49,8,1998,2,13,-1,3,-1
2015549251515,1,3,0,16,0,0,0,0,0,0,3,1,6,1,25,5,124,1,4,-1,1,-1
2015549251515,2,9,0,17,0,0,0,0,0,0,3,1,6,2,31,6,1560,2,5,-1,1,-1
2015549251515,3,3,0,16,0,0,0,0,0,0,1,1,6,1,17,4,124,1,1,-1,1,-1
2015549251615,1,9,0,18,0,8,0,0,0,0,1,1,1,1,46,8,1560,2,1,-1,1,-1
2015549251615,2,9,0,9,0,5,0,0,0,0,4,1,6,2,26,6,1995,2,5,-1,1,-1
2015549255815,1,9,0,16,0,8,0,0,0,0,1,1,1,2,49,8,1598,2,1,-1,-1,-1
2015549255815,2,9,0,17,0,8,0,0,0,0,1,1,3,2,52,8,1951,2,11,-1,1,-1
2015549258315,1,9,0,18,0,0,0,6,0,0,1,1,2,1,29,6,2494,1,15,-1,1,-1
2015549258315,2,9,0,18,0,0,0,6,0,0,1,1,2,1,45,7,1798,1,11,-1,1,-1
2015549266615,1,19,0,18,0,0,0,0,0,0,1,1,2,1,25,5,1560,2,5,-1,1,-1
2015549266615,2,9,0,3,0,0,0,0,0,0,2,1,1,1,53,8,3200,2,3,-1,1,-1
2015549284715,1,9,0,5,0,4,0,0,0,0,3,1,6,1,42,7,1461,2,1,-1,1,-1
2015549284715,2,1,0,5,0,8,0,0,0,0,4,1,6,1,45,7,-1,-1,-1,-1,-1,-1
2015549306915,1,9,0,6,0,1,0,0,0,0,3,1,6,1,-1,-1,-1,-1,-1,-1,-1,-1
2015549306915,2,1,0,18,0,1,0,0,0,0,1,1,6,2,26,6,-1,-1,-1,-1,3,-1
2015549310215,1,2,0,16,0,2,0,0,0,0,1,1,6,1,16,4,49,1,2,-1,1,-1
2015549315115,1,9,0,18,0,1,0,0,0,0,1,1,2,2,50,8,1896,2,10,-1,1,-1
2015549315115,2,19,0,4,0,1,0,0,0,0,2,1,2,1,56,9,1997,2,2,-1,1,-1
2015549315115,3,20,0,4,0,1,0,0,0,0,2,1,1,1,26,6,2402,2,4,-1,1,-1
2015549320915,1,9,0,1,0,2,0,0,0,0,2,1,6,1,-1,-1,1398,2,12,-1,1,-1
2015549320915,2,1,0,18,0,2,0,0,0,0,1,1,2,1,63,9,-1,-1,-1,-1,1,-1
2015549342715,1,19,0,18,0,0,0,0,0,0,1,1,6,1,34,6,1996,2,4,-1,1,-1
2015549342715,2,3,0,18,0,0,0,0,0,0,1,1,2,1,35,6,124,1,12,-1,3,-1
2015549344215,1,9,0,1,0,0,0,0,0,0,2,1,1,1,50,8,-1,-1,-1,-1,3,-1
2015549349815,1,9,0,14,0,0,0,4,0,0,1,1,2,1,30,6,2148,2,11,-1,1,-1
2015549349815,2,9,0,2,0,0,0,0,0,11,2,1,6,2,22,5,1199,2,4,-1,1,-1
2015549352015,1,9,0,18,0,8,0,0,0,0,1,1,6,2,34,6,1598,2,1,-1,2,-1
2015549352015,2,9,0,5,0,4,0,0,0,0,3,1,6,2,23,5,1360,1,10,-1,2,-1
2015549354915,1,9,0,17,0,0,1,0,8,4,4,1,6,2,22,5,1399,2,9,-1,2,-1
2015549369115,1,9,0,9,0,4,0,0,0,0,0,1,6,2,51,8,1560,2,7,-1,1,-1
2015549369115,2,1,0,18,0,4,0,0,0,0,4,1,6,1,40,7,-1,-1,-1,-1,1,-1
2015549370115,1,20,0,18,0,8,0,0,0,0,1,1,1,1,68,10,5880,2,10,-1,3,-1
2015549370115,2,9,0,7,0,3,0,0,0,0,4,1,6,2,30,6,1968,2,4,-1,1,-1
2015549382515,1,9,0,18,0,0,0,0,0,0,1,1,6,1,84,11,1595,1,3,-1,3,-1
2015549382515,2,9,0,3,0,0,0,0,0,0,2,1,6,2,36,7,1124,1,13,-1,2,-1
2015549401015,1,9,0,1,0,0,0,0,0,0,2,1,2,1,54,8,-1,-1,-1,-1,1,-1
2015549402715,1,3,0,4,0,8,0,0,0,0,4,1,6,1,18,4,124,1,11,-1,2,-1
2015549409215,1,9,0,4,0,0,0,0,0,0,1,1,6,2,22,5,1229,1,2,-1,1,-1
2015549423315,1,9,0,18,0,0,0,4,0,0,1,1,6,2,23,5,1248,2,8,-1,3,-1
2015549423315,2,9,0,2,0,0,0,0,1,0,1,1,6,2,51,8,973,1,14,-1,3,-1
2015549423315,3,9,0,2,0,0,0,0,0,0,1,1,6,2,50,8,1991,2,7,-1,3,-1
2015549423315,4,19,0,2,0,0,0,0,0,0,1,1,6,1,52,8,1868,2,10,-1,3,-1
2015549423815,1,9,0,5,0,6,0,0,0,0,4,1,6,2,25,5,1248,1,4,-1,1,-1
2015549423815,2,9,0,18,0,8,1,0,0,0,1,1,6,2,37,7,1248,1,2,-1,3,-1
2015549429415,1,9,0,9,0,6,1,0,1,0,1,1,6,1,19,4,993,1,13,-1,1,-1
2015549429415,2,1,0,18,0,8,0,0,7,0,4,1,6,1,60,9,-1,-1,-1,-1,1,-1
2015549463215,1,20,0,18,0,0,0,0,4,6,1,1,1,1,32,6,3920,2,6,-1,1,-1
2015549463215,2,19,0,4,0,0,0,0,0,0,2,1,1,1,31,6,2998,2,3,-1,2,-1
2015549474315,1,9,0,9,0,6,0,0,0,0,1,1,1,2,21,5,1061,1,11,-1,1,-1
2015549474315,2,9,0,18,0,8,0,0,0,0,1,1,6,2,21,5,998,1,4,-1,1,-1
2015549486015,1,9,0,18,0,1,0,0,0,0,1,1,1,1,43,7,1896,2,12,-1,3,-1
2015549486015,2,9,0,3,0,1,0,0,1,0,2,1,2,2,54,8,1368,1,7,-1,3,-1
2015549490415,1,19,0,5,0,4,0,0,0,0,1,1,1,1,43,7,2287,2,-1,-1,1,-1