Accident_Index,Vehicle_Reference,Vehicle_Type,Towing_and_Articulation,Vehicle_Manoeuvre,Vehicle_Location-Restricted_Lane,Junction_Location,Skidding_and_Overturning,Hit_Object_in_Carriageway,Vehicle_Leaving_Carriageway,Hit_Object_off_Carriageway,1st_Point_of_Impact,Was_Vehicle_Left_Hand_Drive?,Journey_Purpose_of_Driver,Sex_of_Driver,Age_of_Driver,Age_Band_of_Driver,Engine_Capacity_(CC),Propulsion_Code,Age_of_Vehicle,Driver_IMD_Decile,Driver_Home_Area_Type,Vehicle_IMD_Decile
2015549490415,2,9,0,3,0,4,0,0,0,0,2,1,2,2,35,6,1596,1,13,-1,1,-1
2015549495315,1,98,0,12,0,0,0,0,0,0,0,1,6,3,-1,-1,-1,-1,-1,-1,-1,-1
2015549495315,2,9,0,13,0,0,0,0,5,6,1,1,1,2,25,5,998,1,11,-1,1,-1
2015549515415,1,9,0,17,0,0,0,0,0,0,1,1,2,1,35,6,1794,1,7,-1,1,-1
2015549515415,2,19,0,16,0,0,0,0,0,0,1,1,2,1,50,8,1995,2,8,-1,3,-1
2015549521015,1,9,0,18,0,0,1,10,7,9,2,1,2,1,28,6,1995,1,7,-1,1,-1
2015549523015,1,9,0,18,0,2,0,0,0,0,1,1,6,2,53,8,1248,2,6,-1,1,-1
2015549528115,1,9,0,18,0,8,0,0,0,0,4,1,1,2,36,7,1339,1,11,-1,2,-1
2015549528115,2,9,0,18,0,8,0,0,0,0,3,1,2,1,30,6,1362,1,3,-1,3,-1
2015549532115,1,9,0,17,0,0,1,0,7,11,1,1,1,2,38,7,973,1,15,-1,1,-1
2015549534615,1,9,0,18,0,1,0,0,0,0,4,1,6,2,56,9,1598,1,6,-1,2,-1
2015549536915,1,9,0,9,0,5,0,0,0,0,4,1,6,2,47,8,2143,2,1,-1,3,-1
2015549536915,2,9,0,18,0,8,0,0,0,0,1,1,1,2,54,8,1242,1,2,-1,3,-1
2015549538615,1,9,0,18,0,1,0,0,0,0,1,1,6,2,-1,-1,-1,-1,-1,-1,-1,-1
2015549538615,2,9,0,4,0,1,0,0,0,0,2,1,6,1,18,4,1242,1,-1,-1,3,-1
2015549542515,1,10,0,17,0,0,0,0,1,1,1,1,1,1,32,6,-1,-1,-1,-1,1,-1
2015549542815,1,3,0,9,0,8,1,0,0,0,3,1,6,2,30,6,114,1,-1,-1,3,-1
2015549554815,1,9,0,18,0,8,0,0,0,0,3,1,6,1,40,7,2184,2,10,-1,1,-1
2015549554815,2,19,0,5,0,6,0,0,0,0,1,1,6,2,50,8,1686,2,9,-1,3,-1
2015549571115,1,1,0,18,0,2,0,0,0,0,1,1,6,2,16,4,-1,-1,-1,-1,1,-1
2015549571115,2,9,0,18,0,2,0,0,0,0,1,1,6,2,-1,-1,-1,-1,-1,-1,-1,-1
2015549577215,1,9,0,2,0,0,0,0,0,0,4,1,6,1,32,6,1560,2,1,-1,1,-1
2015549577215,2,9,0,14,0,0,0,4,0,0,4,1,6,1,-1,-1,-1,-1,-1,-1,-1,-1
2015549578815,1,9,0,16,0,0,0,0,0,0,0,2,6,1,76,11,1598,1,7,-1,3,-1
2015549578815,2,1,0,17,0,0,1,0,1,11,1,1,6,1,60,9,-1,-1,-1,-1,1,-1
2015549589215,1,9,0,4,0,0,0,0,4,0,2,1,6,1,82,11,999,1,1,-1,1,-1
2015549589215,2,98,0,4,0,0,0,0,1,7,1,1,1,1,60,9,3920,2,10,-1,1,-1
2015549589215,3,9,0,4,0,0,0,0,0,0,2,1,6,1,42,7,1997,2,2,-1,3,-1
2015549589215,4,9,0,4,0,0,0,0,0,0,1,1,6,1,46,8,1998,2,12,-1,1,-1
2015549589215,5,9,0,12,0,0,0,0,0,0,3,1,6,1,33,6,1461,2,1,-1,1,-1
2015549589215,6,9,0,18,0,0,0,0,0,0,4,1,6,2,39,7,1598,2,4,-1,-1,-1
2015549604015,1,9,0,18,0,0,0,0,0,0,1,1,6,2,29,6,1796,1,10,-1,1,-1
2015549604015,2,9,0,4,0,0,0,0,0,0,2,1,6,2,43,7,1248,2,3,-1,1,-1
2015549604015,3,9,0,3,0,0,0,0,0,0,2,1,6,2,52,8,1396,1,11,-1,1,-1
2015549606015,1,9,0,16,0,0,0,0,7,7,1,1,6,1,46,8,1596,1,13,-1,1,-1
2015549606115,1,9,0,4,0,2,0,0,0,0,3,1,6,1,77,11,1388,1,6,-1,2,-1
2015549606115,2,21,0,18,0,1,0,0,0,0,3,1,1,1,48,8,12130,2,15,-1,1,-1
2015549614715,1,9,0,18,0,6,0,0,0,0,1,1,6,1,67,10,1598,2,2,-1,2,-1
2015549614715,2,9,0,18,0,8,0,0,0,0,1,1,6,1,26,6,1368,1,8,-1,1,-1
2015549617315,1,9,0,5,0,4,0,0,0,0,2,1,6,2,33,6,1997,1,11,-1,1,-1
2015549617315,2,9,0,5,0,4,0,0,0,0,1,1,6,1,47,8,1364,1,2,-1,1,-1
2015549623215,1,9,0,18,0,8,2,9,7,2,1,1,6,1,23,5,1596,1,5,-1,1,-1
2015549625015,1,9,0,18,0,7,0,0,0,0,0,1,6,3,-1,-1,-1,-1,-1,-1,-1,-1
2015549625015,2,9,0,18,0,8,0,0,1,7,1,1,6,1,25,5,2000,1,16,-1,1,-1
2015549637415,1,9,0,4,0,0,0,0,0,0,2,1,6,2,33,6,1596,1,13,-1,1,-1
2015549637415,2,9,0,18,0,0,0,0,0,0,1,1,6,1,18,4,1240,1,10,-1,3,-1
2015549647615,1,9,0,16,0,3,0,0,0,0,1,1,6,1,-1,-1,-1,-1,-1,-1,-1,-1
2015549650315,1,19,0,18,0,0,5,4,0,0,1,1,6,1,25,5,1753,2,9,-1,1,-1
2015549650315,2,9,0,2,0,0,0,0,0,0,4,1,6,2,42,7,2488,1,10,-1,1,-1
2015549657515,1,9,0,18,0,0,0,0,0,0,1,1,6,1,43,7,1910,2,10,-1,1,-1
2015549657515,2,9,0,4,0,0,0,0,0,0,2,1,6,2,42,7,2400,2,6,-1,1,-1
2015549659315,1,9,0,9,0,5,0,0,0,0,1,1,6,2,40,7,1596,1,12,-1,2,-1
2015549659315,2,19,0,13,0,8,0,0,0,0,4,1,1,2,28,6,2143,2,2,-1,-1,-1
2015549660715,1,1,0,18,0,8,0,0,0,0,4,1,2,1,47,8,-1,-1,-1,-1,1,-1
2015549660715,2,9,0,9,0,6,0,0,0,0,1,1,2,1,38,7,1686,2,1,-1,1,-1
2015549674015,1,9,0,1,0,6,0,0,0,0,2,1,6,1,79,11,1973,1,13,-1,1,-1
2015549674015,2,22,0,5,0,6,0,0,0,0,1,1,6,2,74,10,-1,-1,-1,-1,1,-1
2015549678415,1,9,0,9,0,6,0,0,0,0,4,1,6,1,82,11,1591,1,1,-1,3,-1
2015549678415,2,1,0,18,0,8,0,0,0,0,3,1,6,1,74,10,-1,-1,-1,-1,1,-1
2015549680415,1,9,0,18,0,0,0,0,0,0,1,1,6,2,18,4,1198,1,11,-1,3,-1
2015549680415,2,19,0,16,0,0,1,0,0,0,1,1,6,1,-1,-1,1753,2,11,-1,-1,-1
2015549706715,1,1,0,18,0,1,0,0,0,0,3,1,6,1,78,11,-1,-1,-1,-1,1,-1
2015549706715,2,21,1,13,0,1,0,0,0,0,4,1,1,3,-1,-1,-1,-1,-1,-1,-1,-1
2015549732915,1,5,0,13,0,0,0,0,0,0,1,1,6,1,21,5,660,1,7,-1,1,-1
2015549732915,2,9,0,4,0,0,0,0,0,0,0,1,6,1,58,9,1968,2,1,-1,3,-1
2015549732915,3,9,0,3,0,0,0,0,0,0,2,1,6,1,45,7,1968,2,2,-1,1,-1
2015549733215,1,19,0,13,0,0,0,0,0,0,4,1,1,1,46,8,2151,2,10,-1,1,-1
2015549733215,2,9,0,13,0,0,0,0,7,0,4,1,2,2,27,6,1560,2,4,-1,3,-1
2015549739415,1,9,0,18,0,0,1,0,7,10,2,1,6,1,24,5,1590,1,10,-1,2,-1
2015549740215,1,9,0,13,0,0,1,0,1,0,1,1,6,1,65,9,1364,2,6,-1,3,-1
2015549740215,2,9,0,16,0,0,1,0,1,0,1,1,6,2,23,5,1329,1,3,-1,2,-1
2015549747015,1,9,0,13,0,0,0,0,0,0,1,1,1,1,59,9,1753,2,15,-1,1,-1
2015549747015,2,9,0,18,0,0,0,0,7,0,1,1,6,1,33,6,1390,1,12,-1,1,-1
2015549756015,1,9,0,9,0,6,0,0,0,0,3,1,6,2,19,4,1248,1,1,-1,1,-1
2015549756015,2,9,0,18,0,8,0,0,0,0,1,1,6,1,93,11,1598,1,17,-1,1,-1
2015549763215,1,9,0,9,0,6,0,0,0,0,2,1,6,2,37,7,1240,1,5,-1,1,-1
2015549763215,2,9,0,18,0,8,0,0,0,0,1,1,6,1,17,4,1332,1,17,-1,1,-1
2015549773815,1,9,0,18,0,0,2,0,1,11,1,1,6,1,40,7,1560,2,9,-1,1,-1
2015549780415,1,9,0,13,0,0,1,0,0,0,1,1,2,1,57,9,998,1,12,-1,1,-1
2015549780415,2,19,0,18,0,0,0,0,1,0,1,1,1,1,31,6,1248,2,1,-1,1,-1
2015549780615,1,9,0,4,0,0,0,0,0,0,2,1,6,2,30,6,1598,2,4,-1,1,-1
2015549780615,2,9,0,4,0,0,0,0,0,0,1,1,1,1,39,7,1968,2,2,-1,1,-1
2015549780615,3,19,0,4,0,0,0,0,0,0,1,1,1,1,42,7,2198,2,3,-1,1,-1
2015549780615,4,21,1,4,0,0,0,0,0,0,1,1,1,1,53,8,12130,2,11,-1,1,-1
2015549793615,1,9,0,4,0,0,1,0,0,0,1,1,2,1,54,8,1242,1,8,-1,1,-1
2015549793615,2,3,0,3,0,0,0,0,0,0,2,1,1,1,59,9,124,1,2,-1,1,-1
2015549793615,3,9,0,3,0,0,0,0,0,0,2,1,6,1,57,9,1995,2,3,-1,3,-1
2015549797915,1,9,0,17,0,0,2,10,0,0,4,1,2,2,24,5,1242,1,-1,-1,2,-1
2015549798115,1,9,0,12,0,0,0,0,0,0,3,1,2,2,22,5,1299,1,9,-1,1,-1
2015549798115,2,9,0,18,0,0,0,0,1,7,4,1,2,1,52,8,2435,1,17,-1,1,-1
2015549805515,1,9,0,5,0,4,0,0,0,0,1,1,6,2,39,7,2993,2,3,-1,3,-1
2015549805515,2,2,0,9,0,8,0,0,0,0,4,1,6,2,17,4,49,1,2,-1,1,-1
2015549821815,1,9,0,9,0,4,0,0,0,0,3,1,1,2,33,6,2290,1,11,-1,3,-1
2015549821815,2,1,0,18,0,8,0,0,0,0,1,1,6,2,31,6,-1,-1,-1,-1,3,-1
2015549824415,1,20,0,18,0,8,0,0,0,0,1,1,6,1,61,9,5880,2,9,-1,1,-1
2015549824415,2,9,0,18,0,8,0,0,0,0,1,1,6,2,43,7,2000,2,10,-1,3,-1
2015549832415,1,9,0,18,0,8,1,0,0,0,1,1,6,2,21,5,1560,2,8,-1,3,-1
2015549832415,2,9,0,10,0,1,0,0,0,0,3,1,6,2,56,9,1997,1,17,-1,2,-1
2015549838115,1,9,0,18,0,4,0,9,7,0,1,1,6,2,32,6,1596,1,13,-1,1,-1
2015549860415,1,9,0,18,0,0,2,0,0,0,1,1,6,2,53,8,1587,1,9,-1,3,-1
2015549860415,2,9,0,18,0,0,0,0,0,0,2,1,6,1,27,6,1598,1,7,-1,1,-1
2015549862715,1,9,0,14,0,2,0,4,0,0,1,1,6,1,21,5,1124,1,14,-1,1,-1
2015549862715,2,9,0,2,0,2,0,0,0,0,2,1,6,1,-1,-1,2967,2,-1,-1,1,-1
2015549864915,1,9,0,18,0,0,0,0,4,6,1,1,6,1,21,5,-1,-1,-1,-1,1,-1
2015549864915,2,9,0,18,0,0,0,11,0,0,2,1,6,2,46,8,1769,1,11,-1,1,-1
2015549864915,3,9,0,18,0,0,0,11,0,0,1,1,6,1,-1,-1,-1,-1,-1,-1,-1,-1
2015549872915,1,9,0,18,0,6,0,0,0,0,1,1,6,1,24,5,1998,1,11,-1,1,-1
2015549872915,2,19,0,18,0,8,5,0,1,0,4,1,1,1,24,5,2143,2,2,-1,1,-1
2015549874415,1,9,0,18,0,1,0,0,0,0,1,1,6,1,70,10,2494,1,16,-1,1,-1
2015549874415,2,9,0,10,0,1,0,0,0,0,2,2,6,2,30,6,1910,2,11,-1,1,-1
2015549876215,1,9,0,6,0,6,0,0,0,0,1,1,6,1,25,5,998,1,7,-1,1,-1
2015549876215,2,9,0,18,0,8,0,0,0,0,4,1,6,1,21,5,1586,1,3,-1,1,-1
2015549876315,1,9,0,1,0,1,0,4,7,11,2,1,6,1,27,6,1781,1,15,-1,1,-1
2015549876315,2,9,0,2,0,1,0,0,0,0,1,1,6,1,48,8,1598,1,13,-1,1,-1
2015549876315,3,9,0,2,0,1,0,0,0,0,3,1,6,2,54,8,2664,2,11,-1,2,-1
2015549883615,1,10,0,16,0,8,0,0,0,0,1,1,1,1,64,9,1998,2,13,-1,1,-1
2015549883615,2,9,0,17,0,8,0,0,0,0,1,1,6,1,21,5,1242,1,15,-1,3,-1
2015549885815,1,9,0,18,0,0,2,0,1,9,1,1,2,1,18,4,1242,1,7,-1,1,-1
2015549886915,1,9,0,17,0,0,5,0,1,1,1,1,6,1,46,8,1598,1,15,-1,1,-1
2015549888915,1,9,0,18,0,0,1,0,0,0,1,1,1,1,41,7,1796,1,16,-1,1,-1
2015549888915,2,9,0,3,0,0,0,0,0,0,2,1,1,1,59,9,1995,2,3,-1,1,-1
2015549907915,1,19,0,18,0,1,0,0,0,0,1,1,6,1,60,9,-1,-1,-1,-1,1,-1
2015549907915,2,9,0,10,0,1,0,0,0,0,2,1,6,1,68,10,-1,-1,-1,-1,1,-1
2015549914615,1,9,0,3,0,7,0,0,0,0,2,1,6,2,33,6,1299,1,17,-1,1,-1
2015549914615,2,9,0,18,0,7,0,0,0,0,1,1,6,1,29,6,1598,1,8,-1,1,-1
2015549914615,3,9,0,3,0,7,0,0,0,0,2,1,6,1,52,8,1200,1,2,-1,1,-1
2015549925715,1,9,0,5,0,4,0,0,0,0,3,1,6,1,59,9,2204,2,7,-1,1,-1
2015549925715,2,9,0,9,0,8,0,0,0,0,1,1,6,2,30,6,1598,1,10,-1,1,-1
2015549933815,1,9,0,18,0,0,0,0,0,0,1,1,6,1,39,7,1560,2,2,-1,1,-1
2015549954915,1,9,0,17,0,2,2,0,7,0,1,1,6,1,24,5,1360,1,14,-1,1,-1
2015549958515,1,9,0,18,0,0,0,0,8,4,1,1,6,1,43,7,1796,1,14,-1,1,-1
2015549960015,1,9,0,9,0,6,0,0,0,0,1,1,6,1,34,6,1997,2,6,-1,3,-1
2015549960015,2,9,0,18,0,8,0,0,0,0,3,1,3,2,46,8,2351,1,14,-1,3,-1
2015549963115,1,3,0,4,0,1,0,0,0,0,1,1,2,1,18,4,-1,-1,-1,-1,2,-1
2015549963115,2,19,0,10,0,1,0,0,0,0,2,1,1,1,44,7,1560,2,4,-1,3,-1
2015549965515,1,9,0,18,0,1,1,0,0,0,1,1,6,2,21,5,1242,1,6,-1,3,-1
2015549965515,2,9,0,4,0,1,0,0,0,0,2,1,6,2,47,8,1560,2,8,-1,1,-1
2015549969215,1,21,1,4,0,6,1,0,0,0,4,1,1,1,27,6,-1,-1,-1,-1,3,-1
2015549969215,2,9,0,18,0,8,0,0,0,0,1,1,6,2,63,9,1998,2,9,-1,3,-1
2015549970015,1,9,0,3,0,1,0,0,0,0,2,1,1,2,37,7,2993,2,2,-1,1,-1
2015549970015,2,9,0,3,0,1,0,0,0,0,2,1,6,2,55,8,1339,1,8,-1,2,-1
2015549970015,3,19,0,4,0,1,1,0,0,0,1,1,1,1,30,6,1968,2,1,-1,1,-1
2015549977115,1,10,0,18,9,0,0,0,0,0,1,1,1,2,29,6,2198,2,3,-1,3,-1
2015549982415,1,9,0,18,0,1,0,0,0,0,1,1,6,1,33,6,1753,2,12,-1,2,-1
2015549982415,2,9,0,3,0,1,0,0,0,0,2,1,6,2,42,7,1329,1,5,-1,1,-1
2015549983515,1,9,0,18,0,8,0,0,0,0,4,1,6,2,66,10,1248,2,1,-1,1,-1
2015549983515,2,9,0,18,0,8,0,0,0,0,1,1,6,2,46,8,1299,1,14,-1,2,-1
201554A002715,1,9,0,9,0,6,0,0,0,0,3,1,6,2,79,11,998,1,13,-1,3,-1
201554A002715,2,21,1,18,0,8,0,0,0,0,1,1,1,1,53,8,10518,2,8,-1,1,-1
201554A010715,1,9,0,4,0,2,1,0,0,0,1,1,2,2,35,6,1242,1,3,-1,1,-1
201554A010715,2,9,0,3,0,2,0,0,0,0,2,1,2,1,43,7,2149,2,8,-1,1,-1
201554A013715,1,9,0,18,0,0,0,0,7,0,1,1,2,2,20,4,1198,1,4,-1,1,-1
201554A013715,2,9,0,18,0,0,0,0,7,0,3,1,2,2,34,6,1086,1,11,-1,1,-1
201554A013715,3,9,0,18,0,0,0,0,1,0,1,1,2,1,32,6,1896,2,13,-1,1,-1
201554A021315,1,9,0,5,0,8,0,0,0,0,1,1,2,2,65,9,1598,1,9,-1,2,-1
201554A021315,2,1,0,13,0,8,0,0,0,0,1,1,4,1,16,4,-1,-1,-1,-1,3,-1
201554A038015,1,9,0,14,0,0,0,0,0,0,1,1,6,2,43,7,1388,1,6,-1,1,-1
201554A043315,1,21,0,5,0,1,0,0,0,0,1,1,1,1,48,8,12740,2,-1,-1,1,-1
201554A043315,2,9,0,4,0,1,0,0,0,0,2,1,1,1,44,7,1968,2,-1,-1,3,-1
201554A044115,1,9,0,18,0,1,0,0,0,0,4,1,6,2,71,10,1997,1,3,-1,2,-1
201554A046615,1,9,0,4,0,1,0,0,0,0,2,1,6,2,42,7,1560,2,-1,-1,1,-1
201554A046615,2,9,0,4,0,1,0,0,0,0,1,1,6,2,17,4,1299,1,12,-1,1,-1
201554A046615,3,19,0,2,0,1,0,0,0,0,0,1,6,1,27,6,2400,2,28,-1,1,-1
201554A046915,1,9,0,3,0,0,0,0,0,0,2,1,6,1,69,10,1339,1,6,-1,1,-1
201554A046915,2,4,0,4,0,0,1,0,0,0,1,1,6,1,19,4,125,1,3,-1,2,-1
201554A048015,1,9,0,9,0,6,0,0,0,0,1,1,6,2,42,7,1596,1,12,-1,1,-1
201554A048015,2,1,0,18,0,8,0,0,0,0,1,1,6,1,78,11,-1,-1,-1,-1,1,-1
201554A049515,1,9,0,5,0,4,0,0,0,0,3,1,2,2,56,9,1497,8,1,-1,1,-1
201554A049515,2,1,0,18,0,8,0,0,0,0,4,1,1,2,55,8,-1,-1,-1,-1,1,-1
201554A050215,1,9,0,7,0,4,0,0,0,0,0,1,6,3,-1,-1,-1,-1,-1,-1,-1,-1
201554A050215,2,5,0,18,0,8,1,7,0,0,3,1,6,1,19,4,599,1,14,-1,1,-1
201554A055815,1,9,0,18,9,0,0,0,0,0,4,1,6,2,40,7,1360,1,14,-1,1,-1
201554A060115,1,9,0,4,0,0,1,0,0,0,1,1,6,2,50,8,1364,1,6,-1,1,-1
201554A060115,2,9,0,3,0,0,0,0,0,0,2,1,6,2,24,5,1231,1,29,-1,1,-1
201554A060115,3,9,0,3,0,0,0,0,0,0,2,1,6,2,69,10,1360,1,13,-1,1,-1
201554A067515,1,9,0,17,0,0,2,0,0,0,1,1,6,1,28,6,1896,2,13,-1,1,-1
201554A070515,1,9,0,18,0,0,0,0,0,0,1,1,6,2,47,8,1360,1,9,-1,1,-1
201554A092615,1,9,0,7,0,5,0,0,0,0,4,1,6,3,-1,-1,-1,-1,-1,-1,-1,-1
201554A092615,2,1,0,18,0,8,0,0,0,0,1,1,6,2,48,8,-1,-1,-1,-1,1,-1
201554A094015,1,9,0,17,0,0,0,0,1,4,1,1,6,2,38,7,1390,1,12,-1,1,-1
201554A104115,1,9,0,9,0,5,0,0,0,0,4,1,6,2,38,7,1968,2,4,-1,1,-1
201554A104115,2,1,0,18,0,8,0,0,0,0,1,1,1,1,29,6,-1,-1,-1,-1,3,-1
201554A104215,1,9,0,18,0,6,0,0,0,0,1,1,6,2,43,7,1598,2,1,-1,1,-1
201554A104215,2,1,0,17,0,8,0,0,0,0,4,1,6,1,34,6,-1,-1,-1,-1,1,-1
201554A105015,1,1,0,18,0,0,0,0,0,0,2,1,1,1,33,6,-1,-1,-1,-1,1,-1
201554A105015,2,19,0,13,0,0,0,0,0,0,1,1,1,1,30,6,2198,2,2,-1,1,-1
201554A139915,1,1,0,18,0,8,0,10,0,0,4,1,6,1,63,9,-1,-1,-1,-1,1,-1
201554A139915,2,19,0,9,0,6,0,0,0,0,0,1,6,1,46,8,1995,2,7,-1,1,-1
201554A143415,1,17,4,18,0,8,0,0,0,0,1,1,1,1,20,4,6728,2,-1,-1,1,-1
201554A143415,2,9,0,10,0,1,0,0,0,0,2,1,6,2,56,9,1560,2,-1,-1,1,-1
201554A159415,1,9,0,18,0,4,0,0,0,0,1,1,2,1,31,6,1299,1,10,-1,1,-1
201554A159415,2,1,0,18,0,8,0,0,0,0,4,1,6,1,50,8,-1,-1,-1,-1,1,-1
201554A160115,1,9,0,4,0,0,1,0,0,0,1,1,6,2,49,8,4164,2,15,-1,2,-1
201554A160115,2,9,0,3,0,0,0,0,0,0,2,1,6,2,31,6,1399,2,7,-1,2,-1
201554A160115,3,9,0,3,0,0,0,0,0,0,2,1,2,2,53,8,1968,2,2,-1,3,-1
201554A160115,4,9,0,3,0,0,0,0,0,0,2,1,6,1,48,8,1998,1,20,-1,3,-1
201554A160115,5,9,0,5,8,0,0,0,0,0,0,1,6,2,36,7,2494,1,12,-1,1,-1
201554A160915,1,9,0,5,0,6,0,0,0,0,1,1,6,1,67,10,1995,2,4,-1,3,-1
201554A160915,2,9,0,18,0,8,0,0,0,0,4,1,6,2,63,9,1461,2,1,-1,1,-1
201554A161315,1,9,0,18,0,0,0,0,7,9,1,1,6,1,40,7,1197,1,4,-1,1,-1
201554A162915,1,9,0,17,0,0,5,0,1,9,1,1,2,1,26,6,1968,2,7,-1,2,-1
201554A166715,1,9,0,18,0,4,0,7,0,1,1,1,6,2,69,10,1596,1,4,-1,1,-1
201554A166715,2,9,0,9,0,8,0,0,7,0,4,1,2,1,33,6,1781,1,13,-1,1,-1
201554A166815,1,9,0,18,0,0,2,0,5,6,1,1,6,1,19,4,1596,1,13,-1,1,-1
201554A172515,1,9,0,18,0,1,0,0,0,0,1,1,6,2,20,4,1198,1,6,-1,3,-1
201554A172515,2,9,0,3,0,1,0,0,0,0,2,1,6,2,47,8,1910,2,7,-1,1,-1
201554A181315,1,8,0,7,0,5,0,0,0,0,4,1,6,1,-1,-1,-1,-1,-1,-1,-1,-1
201554A181315,2,1,0,18,0,8,0,0,0,0,1,1,6,1,25,5,-1,-1,-1,-1,1,-1
201554A197015,1,17,0,1,0,0,0,0,0,0,2,1,1,1,22,5,-1,2,4,-1,3,-1
201554A200215,1,9,0,18,0,4,0,0,0,0,1,1,6,1,53,8,3175,1,12,-1,1,-1
201554A200215,2,9,0,18,0,8,0,0,0,0,4,1,6,1,52,8,2143,2,4,-1,1,-1
201554A204515,1,5,0,18,0,0,1,0,0,0,1,1,6,1,22,5,599,1,17,-1,1,-1
201554A204515,2,9,0,4,0,0,0,0,0,0,2,1,6,2,21,5,1596,1,9,-1,3,-1
201554A229215,1,9,0,16,0,1,0,0,0,0,1,1,2,2,36,7,1560,2,5,-1,2,-1
201554A229215,2,19,0,10,0,1,0,0,0,0,2,1,2,1,55,8,2999,2,8,-1,3,-1
201554A234615,1,9,0,16,0,0,1,10,7,3,1,1,6,2,24,5,1149,1,14,-1,3,-1
201554A236215,1,9,0,9,0,8,0,9,7,0,4,1,6,1,23,5,1364,1,9,-1,1,-1
201554A236215,2,21,1,18,0,8,0,0,0,0,3,1,6,1,60,9,11705,2,9,-1,1,-1
201554A253915,1,9,0,17,0,0,2,0,2,4,4,1,6,1,21,5,1998,1,11,-1,1,-1
201554A259215,1,19,0,9,0,5,0,0,0,0,1,1,1,1,31,6,-1,-1,-1,-1,3,-1
201554A259215,2,9,0,18,0,8,0,0,0,0,3,1,2,1,26,6,1124,1,12,-1,1,-1
201554A264015,1,3,0,16,0,2,0,0,0,0,1,1,2,1,34,6,124,1,4,-1,1,-1
201554A264015,2,9,0,18,0,1,0,10,1,0,1,1,6,1,57,9,1910,2,7,-1,3,-1
201554A268215,1,9,0,17,0,8,0,7,1,2,1,1,6,1,29,6,1753,2,8,-1,1,-1
201554A293015,1,9,0,17,0,0,2,0,7,11,3,1,6,1,19,4,998,1,3,-1,1,-1
201554A303015,1,9,0,18,0,0,1,0,0,0,1,1,6,1,36,7,1582,2,5,-1,1,-1
201554A303015,2,9,0,18,0,0,1,0,0,0,2,1,6,2,24,5,998,1,5,-1,1,-1
201554A303015,3,21,1,18,0,0,1,0,0,0,3,1,1,1,49,8,10518,2,2,-1,1,-1
201554A305915,1,3,0,13,0,8,0,0,0,0,1,1,6,1,27,6,125,1,1,-1,1,-1
201554A305915,2,9,0,9,0,5,0,0,0,0,3,1,6,1,36,7,1948,1,16,-1,1,-1
201554A306915,1,3,0,18,0,0,1,12,7,0,3,1,1,1,18,4,109,1,2,-1,1,-1
201554A307215,1,9,0,17,0,0,1,6,1,11,1,1,6,1,22,5,998,1,8,-1,1,-1
201554A309515,1,9,0,13,0,0,0,0,0,0,4,1,6,1,20,4,1598,1,10,-1,2,-1
201554A309515,2,9,0,18,0,0,0,0,0,0,3,1,6,2,30,6,1364,1,7,-1,1,-1
201554A309515,3,9,0,18,0,0,0,0,0,0,1,1,6,1,24,5,2496,2,15,-1,3,-1
201554A309915,1,9,0,18,0,0,0,0,0,0,2,1,2,2,38,7,1769,1,10,-1,1,-1
201554A309915,2,9,0,18,0,0,0,0,0,0,1,1,2,1,49,8,2261,1,10,-1,3,-1
201554A309915,3,9,0,18,0,0,0,0,0,0,2,1,2,1,53,8,1968,2,1,-1,1,-1
201554A309915,4,9,0,18,0,0,0,0,0,0,1,1,2,1,51,8,1968,2,-1,-1,1,-1
201554A309915,5,21,1,18,0,0,0,0,0,0,3,1,1,1,41,7,11967,2,3,-1,1,-1
201554A311815,1,9,0,18,0,0,0,0,0,0,1,1,6,2,19,4,1124,1,13,-1,1,-1
201554A311815,2,9,0,3,0,0,0,0,0,0,2,1,6,1,58,9,1248,2,2,-1,1,-1
201554A311815,3,9,0,3,0,0,0,0,0,0,2,1,6,2,57,9,1395,1,-1,-1,2,-1
201554A315815,1,9,0,9,0,5,0,0,0,0,1,1,6,1,29,6,1587,1,14,-1,1,-1
201554A324015,1,9,0,16,0,0,1,0,0,0,1,1,6,2,31,6,1896,2,11,-1,3,-1
201554A324015,2,21,1,17,0,0,0,0,0,0,1,1,1,1,61,9,12809,2,3,-1,3,-1
201554A337015,1,9,0,18,0,0,0,0,0,0,1,1,2,2,38,7,998,1,2,-1,1,-1
201554A339015,1,19,0,9,0,4,0,0,0,0,1,1,2,1,35,6,2198,2,3,-1,1,-1
201554A339015,2,1,0,18,0,8,0,0,0,0,4,1,2,1,42,7,-1,-1,-1,-1,1,-1
201554A339115,1,9,0,9,0,5,0,0,0,0,1,1,6,1,46,8,1968,2,5,-1,2,-1
201554A339115,2,9,0,18,0,8,0,0,0,0,1,1,6,2,21,5,1339,1,11,-1,2,-1
201554A340915,1,9,0,1,0,6,0,0,0,0,2,1,6,1,82,11,1998,1,12,-1,1,-1