Accident_Index,Vehicle_Reference,Vehicle_Type,Towing_and_Articulation,Vehicle_Manoeuvre,Vehicle_Location-Restricted_Lane,Junction_Location,Skidding_and_Overturning,Hit_Object_in_Carriageway,Vehicle_Leaving_Carriageway,Hit_Object_off_Carriageway,1st_Point_of_Impact,Was_Vehicle_Left_Hand_Drive?,Journey_Purpose_of_Driver,Sex_of_Driver,Age_of_Driver,Age_Band_of_Driver,Engine_Capacity_(CC),Propulsion_Code,Age_of_Vehicle,Driver_IMD_Decile,Driver_Home_Area_Type,Vehicle_IMD_Decile
201554B192315,2,9,0,18,0,8,1,0,7,11,3,1,6,2,28,6,1995,2,1,-1,1,-1
201554B193715,1,9,0,11,0,5,0,0,0,0,4,1,6,1,20,4,2198,2,8,-1,1,-1
201554B193715,2,2,0,18,0,8,0,0,0,0,3,1,2,1,30,6,125,1,-1,-1,1,-1
201554B204115,1,9,0,5,0,1,0,0,0,0,1,1,6,2,68,10,1753,2,13,-1,1,-1
201554B204115,2,9,0,3,0,1,0,0,0,0,2,1,6,2,27,6,1598,1,3,-1,1,-1
201554B204215,1,9,0,18,0,0,0,0,0,0,1,1,2,1,24,5,1995,2,2,-1,1,-1
201554B212315,1,9,0,4,0,0,0,0,0,0,2,1,6,2,18,4,1598,1,6,-1,1,-1
201554B212315,2,19,0,18,0,0,0,0,0,0,1,1,6,1,40,7,1598,2,2,-1,2,-1
201554B212315,3,9,0,18,0,0,0,0,0,0,1,1,6,2,37,7,1910,2,8,-1,2,-1
201554B213615,1,9,0,4,0,0,1,0,0,0,1,1,6,2,88,11,1360,1,10,-1,3,-1
201554B213615,2,9,0,4,0,0,0,0,0,0,2,1,6,2,26,6,1591,1,4,-1,1,-1
201554B213615,3,9,0,2,0,0,0,0,0,0,0,1,6,1,52,8,1598,2,1,-1,-1,-1
201554B216215,1,9,0,17,0,0,1,11,0,0,3,1,6,1,26,6,1590,1,25,-1,2,-1
201554B216215,2,9,0,18,0,0,0,0,0,0,1,1,6,2,47,8,-1,-1,-1,-1,1,-1
201554B225915,1,9,0,17,0,0,2,0,2,7,4,1,6,1,27,6,1598,1,8,-1,2,-1
201554B226515,1,9,0,13,0,0,0,0,7,0,1,1,6,2,49,8,1360,1,5,-1,1,-1
201554B226515,2,9,0,18,0,0,0,0,1,0,1,1,6,1,27,6,1896,2,10,-1,1,-1
201554B226515,3,21,1,18,0,0,5,0,1,0,3,1,1,1,52,8,10308,2,4,-1,1,-1
201554B228015,1,9,0,5,0,4,0,0,0,0,1,1,6,1,27,6,1596,1,13,-1,1,-1
201554B228015,2,9,0,18,0,8,0,0,1,3,4,1,2,1,44,7,1596,1,13,-1,1,-1
201554B228615,1,9,0,18,0,1,0,0,0,0,1,1,6,1,43,7,1896,2,13,-1,1,-1
201554B230915,1,9,0,18,0,2,0,0,0,0,1,1,6,2,39,7,1149,1,7,-1,1,-1
201554B241315,1,1,0,18,0,0,0,0,0,0,3,1,6,1,64,9,-1,-1,-1,-1,1,-1
201554B241315,2,9,0,18,0,0,0,0,0,0,4,1,6,1,38,7,1968,2,1,-1,3,-1
201554B242915,1,5,0,18,0,0,1,0,0,0,4,1,6,1,59,9,1634,1,6,-1,3,-1
201554B263515,1,9,0,17,0,0,5,0,2,10,4,1,6,2,18,4,1390,1,8,-1,1,-1
201554B268315,1,9,0,3,0,8,0,0,0,0,1,1,1,1,54,8,1686,2,3,-1,1,-1
201554B268315,2,9,0,9,0,6,0,0,0,0,1,1,6,2,30,6,1364,1,5,-1,1,-1
201554B270115,1,9,0,18,0,0,0,0,0,0,1,1,2,2,52,8,998,1,4,-1,1,-1
201554B270115,2,9,0,18,0,0,0,0,0,0,3,1,2,2,25,5,1598,1,10,-1,3,-1
201554B270115,3,9,0,18,0,0,0,0,0,0,3,1,2,2,47,8,1796,1,10,-1,1,-1
201554B296515,1,9,0,18,0,0,0,0,0,0,1,1,6,2,63,9,2000,2,11,-1,1,-1
201554B300115,1,9,0,4,0,6,0,0,0,0,3,1,6,1,23,5,973,1,15,-1,1,-1
201554B300115,2,11,0,18,0,8,0,0,0,0,1,1,1,1,44,7,5900,2,5,-1,1,-1
201554B300815,1,9,0,18,0,0,0,0,0,0,1,1,6,2,66,10,1560,2,4,-1,2,-1
201554B300815,2,9,0,4,0,0,0,0,0,0,2,1,2,1,43,7,1910,2,9,-1,1,-1
201554B300815,3,9,0,4,0,0,0,0,0,0,2,1,2,1,44,7,2490,1,14,-1,3,-1
201554B301515,1,9,0,5,0,4,0,0,0,0,1,1,6,2,28,6,1590,1,14,-1,1,-1
201554B301515,2,1,0,18,0,8,0,0,0,0,4,1,6,1,36,7,-1,-1,-1,-1,1,-1
201554B310815,1,9,0,18,0,1,0,0,0,0,1,1,2,2,31,6,1995,2,9,-1,3,-1
201554B310815,2,19,0,4,0,1,0,0,0,0,2,1,2,1,66,10,1461,2,2,-1,1,-1
201554B315115,1,9,0,1,0,5,0,0,1,3,3,1,1,1,37,7,-1,-1,-1,-1,1,-1
201554B315115,2,19,0,18,0,8,0,0,0,0,1,1,1,1,72,10,2461,2,14,-1,3,-1
201554B317315,1,9,0,18,0,6,0,0,0,0,1,1,6,1,-1,-1,-1,-1,-1,-1,3,-1
201554B317315,2,9,0,18,0,8,0,0,0,0,4,1,6,2,52,8,1590,1,14,-1,3,-1
201554B329115,1,9,0,4,0,1,0,0,0,0,1,1,1,1,-1,-1,1956,2,2,-1,-1,-1
201554B329115,2,9,0,3,0,1,0,0,0,0,2,1,2,1,28,6,1781,1,10,-1,2,-1
201554B329115,3,9,0,3,0,1,0,0,0,0,2,1,6,2,32,6,1598,1,5,-1,1,-1
201554B331815,1,19,0,18,0,1,0,0,7,11,1,1,1,1,39,7,2143,2,1,-1,1,-1
201554B331815,2,9,0,3,0,2,0,0,0,0,0,1,6,1,51,8,1997,2,3,-1,1,-1
201554B339415,1,9,0,9,0,5,0,0,0,0,1,1,2,1,45,7,999,1,7,-1,1,-1
201554B339415,2,4,0,18,0,8,0,0,1,0,1,1,2,1,39,7,1130,1,13,-1,3,-1
201554B340415,1,9,0,6,8,0,0,0,0,0,1,1,6,3,-1,-1,-1,-1,-1,-1,-1,-1
201554B340415,2,1,0,16,0,0,0,0,1,0,2,1,2,1,55,8,-1,-1,-1,-1,3,-1
201554B342715,1,9,0,4,0,0,0,0,0,0,2,1,6,1,34,6,1998,2,10,-1,1,-1
201554B342715,2,9,0,4,0,0,0,0,0,0,2,1,6,1,57,9,1598,1,7,-1,1,-1
201554B342715,3,9,0,18,0,0,0,0,0,0,1,1,6,2,29,6,1995,2,11,-1,1,-1
201554B342715,4,9,0,4,0,0,0,0,0,0,0,1,6,3,-1,-1,-1,-1,-1,-1,-1,-1
201554B343215,1,9,0,6,0,8,0,0,1,0,2,1,6,2,50,8,1242,1,5,-1,1,-1
201554B343215,2,9,0,18,0,8,0,0,0,0,1,1,6,2,54,8,1686,2,4,-1,1,-1
201554B350315,1,9,0,18,0,1,0,0,0,0,1,1,1,2,53,8,1998,1,13,-1,2,-1
201554B350315,2,9,0,18,0,2,0,0,7,0,4,1,1,1,39,7,1990,1,14,-1,1,-1
201554B372015,1,9,0,18,0,1,0,0,0,0,1,1,6,1,74,10,2720,2,8,-1,3,-1
201554B372015,2,9,0,4,0,1,0,0,0,0,2,1,6,1,55,8,1968,2,6,-1,3,-1
201554B372015,3,9,0,5,0,6,0,0,0,0,0,1,6,3,-1,-1,-1,-1,-1,-1,-1,-1
201554B372415,1,9,0,18,0,6,0,0,1,0,1,1,2,1,27,6,1850,1,15,-1,1,-1
201554B372415,2,9,0,18,0,8,0,0,0,0,4,1,6,1,43,7,1798,1,8,-1,3,-1
201554B372815,1,9,0,18,0,4,0,0,0,0,1,1,2,2,65,9,1199,1,11,-1,1,-1
201554B372815,2,9,0,18,0,8,0,0,0,0,4,1,2,1,25,5,2979,1,13,-1,1,-1
201554B390215,1,8,0,9,0,2,0,0,0,0,3,1,1,1,39,7,1968,2,5,-1,1,-1
201554B397515,1,9,0,5,0,1,0,0,0,0,4,1,6,2,38,7,1390,1,13,-1,1,-1
201554B397515,2,1,0,5,0,2,0,0,0,0,3,1,6,2,37,7,-1,-1,-1,-1,1,-1
201554B403615,1,9,0,16,0,0,2,0,7,4,1,1,6,1,18,4,1388,1,6,-1,1,-1
201554B426815,1,19,0,18,0,0,5,0,1,4,1,1,1,1,48,8,1753,2,11,-1,3,-1
201554B431715,1,9,0,18,0,0,0,0,0,0,4,1,6,1,42,7,-1,-1,-1,-1,3,-1
201554B431715,2,1,0,18,0,0,0,0,0,0,3,1,6,1,55,8,-1,-1,-1,-1,3,-1
201554B432715,1,9,0,18,0,0,0,0,1,0,3,1,2,2,22,5,1870,2,17,-1,3,-1
201554B432715,2,9,0,18,0,0,0,0,1,11,3,1,2,1,42,7,1998,8,-1,-1,1,-1
201554B433615,1,19,0,18,0,1,0,0,7,0,1,1,6,1,59,9,2499,2,12,-1,1,-1
201554B433615,2,9,0,10,0,1,0,0,0,0,2,1,1,2,54,8,1598,2,-1,-1,1,-1
201554B433615,3,9,0,18,0,1,0,0,1,0,1,1,6,2,71,10,1364,1,-1,-1,3,-1
201554B452215,1,9,0,16,0,0,1,0,0,0,1,1,2,1,24,5,1360,1,15,-1,1,-1
201554B452215,2,9,0,4,0,0,0,0,0,0,2,1,6,2,50,8,1968,2,3,-1,3,-1
201554B452215,3,9,0,18,0,0,0,0,1,0,3,1,6,2,54,8,1796,1,8,-1,1,-1
201554B452215,4,9,0,4,0,0,0,0,0,0,2,1,6,2,29,6,1360,1,14,-1,2,-1
201554B453115,1,9,0,9,0,6,0,0,0,0,1,1,2,1,22,5,1149,1,15,-1,1,-1
201554B453115,2,3,0,14,0,8,0,0,0,0,4,1,1,1,28,6,108,1,2,-1,1,-1
201554B468915,1,9,0,9,0,4,0,0,0,0,3,1,6,1,52,8,1896,2,10,-1,3,-1
201554B468915,2,1,0,9,0,8,0,0,0,0,2,1,1,1,46,8,-1,-1,-1,-1,1,-1
201554B487615,1,9,0,14,0,2,0,4,0,0,1,1,6,1,37,7,1124,1,15,-1,1,-1
201554B487615,2,9,0,2,0,1,0,0,0,0,1,1,6,2,59,9,2720,2,7,-1,3,-1
201554B501115,1,9,0,18,0,1,0,0,0,0,1,1,6,2,66,10,1390,1,2,-1,1,-1
201554B501115,2,9,0,1,0,6,0,0,0,0,3,1,6,1,26,6,2993,2,8,-1,3,-1
201554B515315,1,9,0,7,0,3,0,0,0,0,2,1,2,1,45,7,2143,2,-1,-1,2,-1
201554B515315,2,9,0,18,0,8,0,0,1,10,1,1,6,2,62,9,1388,1,9,-1,1,-1
201554B516215,1,9,0,18,0,0,0,0,0,0,0,1,6,3,-1,-1,-1,-1,-1,-1,-1,-1
201554B516215,2,16,0,18,0,0,0,0,0,0,4,1,6,2,15,3,-1,-1,-1,-1,1,-1
201554B517615,1,9,0,9,0,5,0,0,0,0,1,1,6,2,45,7,1364,1,9,-1,2,-1
201554B517615,2,9,0,13,0,8,1,0,7,9,4,1,6,1,31,6,1896,2,13,-1,1,-1
201554B520815,1,9,0,18,0,1,0,4,0,0,1,1,6,1,19,4,1596,1,14,-1,1,-1
201554B520815,2,19,0,2,0,2,0,4,0,0,1,1,6,1,-1,-1,2402,2,11,-1,1,-1
201554B520815,3,9,0,2,0,2,0,0,0,0,1,1,6,3,-1,-1,1598,1,11,-1,1,-1
201554B533215,1,9,0,18,0,0,0,0,0,0,3,1,6,1,22,5,1973,1,15,-1,1,-1
201554B534215,1,9,0,17,0,0,2,0,2,10,1,1,6,1,25,5,1124,1,18,-1,1,-1
201554B535015,1,1,0,9,0,1,0,0,0,0,3,1,6,2,16,4,-1,-1,-1,-1,2,-1
201554B535015,2,9,0,13,0,1,0,0,0,0,4,1,6,1,53,8,1398,2,9,-1,3,-1
201554B535315,1,9,0,16,0,5,2,10,7,1,3,1,2,1,18,4,1391,1,17,-1,3,-1
201554B537115,1,9,0,3,0,1,0,0,0,0,2,1,6,1,27,6,1995,2,7,-1,1,-1
201554B537115,2,9,0,5,0,1,0,0,0,0,1,1,6,1,43,7,1796,1,15,-1,1,-1
201554B551215,1,9,0,18,0,8,0,0,0,0,1,1,6,1,36,7,1590,1,12,-1,1,-1
201554B551215,2,9,0,6,0,8,0,0,0,0,3,1,6,1,31,6,2993,2,9,-1,1,-1
201554B552115,1,9,0,18,0,0,0,4,0,0,1,1,6,2,41,7,1229,1,6,-1,2,-1
201554B552115,2,9,0,2,0,0,0,4,0,0,2,1,6,2,57,9,1242,1,4,-1,2,-1
201554B552115,3,9,0,2,0,0,0,0,0,0,2,1,6,1,70,10,2184,2,10,-1,2,-1
201554B554215,1,9,0,18,0,0,0,8,0,0,1,1,6,1,-1,-1,-1,-1,-1,-1,-1,-1
201554B554215,2,9,0,2,0,0,0,0,0,0,4,1,6,1,31,6,1753,2,14,-1,1,-1
201554B561515,1,9,0,18,0,0,0,0,4,9,1,1,6,2,25,5,1596,1,11,-1,1,-1
201554B561515,2,17,0,18,0,0,5,0,1,9,2,1,1,1,17,4,-1,2,33,-1,2,-1
201554B561515,3,9,0,18,0,0,0,0,4,0,1,1,6,1,-1,-1,2497,2,12,-1,3,-1
201554B569215,1,9,0,18,0,1,0,7,7,1,1,1,6,1,54,8,1997,2,5,-1,1,-1
201554B581315,1,9,0,17,0,0,2,10,1,10,4,1,6,2,20,4,1229,1,7,-1,1,-1
201554B591515,1,9,0,18,0,4,0,0,0,0,0,1,6,3,-1,-1,-1,-1,-1,-1,-1,-1
201554B591515,2,5,0,18,0,8,0,9,7,0,3,1,6,1,54,8,1255,1,6,-1,2,-1
201554B600915,1,90,0,9,0,5,0,0,0,0,4,1,6,1,22,5,-1,-1,-1,-1,2,-1
201554B600915,2,9,0,18,0,8,1,0,0,0,1,1,6,1,47,8,-1,-1,-1,-1,1,-1
201554B620415,1,9,0,18,0,0,5,0,8,10,3,1,6,1,21,5,1998,1,17,-1,3,-1
201554B620415,2,9,0,18,0,0,0,0,0,0,3,1,6,1,40,7,1968,2,5,-1,3,-1
201554B625615,1,9,5,3,0,1,0,0,0,0,2,1,6,1,59,9,1686,2,12,-1,3,-1
201554B625615,2,9,0,18,0,1,0,0,0,0,1,1,6,1,-1,-1,1242,1,5,-1,3,-1
201554B640715,1,9,0,18,0,0,0,0,0,0,1,1,1,1,34,6,1242,1,-1,-1,1,-1
201554B640715,2,21,1,18,0,0,0,0,0,0,2,1,1,1,50,8,10837,2,1,-1,1,-1
201554B640715,3,9,0,4,0,0,0,0,4,6,2,1,6,2,30,6,1956,2,-1,-1,1,-1
201554B640715,4,9,0,18,0,0,1,0,0,0,1,1,6,2,20,4,1124,1,16,-1,1,-1
201554B642315,1,9,0,16,0,0,1,0,7,10,1,1,2,2,52,8,999,1,6,-1,1,-1
201554B642415,1,9,0,4,0,4,0,0,0,0,1,1,6,2,49,8,1599,1,11,-1,1,-1
201554B642415,2,9,0,18,0,8,0,0,0,0,1,1,6,2,27,6,1560,2,6,-1,1,-1
201554B689415,1,9,0,2,0,0,0,0,0,0,4,1,6,1,42,7,998,1,1,-1,1,-1
201554B689415,2,9,0,18,0,0,0,8,0,0,4,1,6,2,19,4,1360,1,16,-1,1,-1
201554B689915,1,9,0,9,0,4,0,0,1,0,1,1,6,2,19,4,1560,2,4,-1,3,-1
201554B689915,2,9,0,18,0,8,0,0,0,0,3,1,6,1,19,4,1360,1,14,-1,1,-1
201554Z162515,1,9,0,9,0,5,0,0,0,0,4,1,6,2,17,4,1242,1,12,-1,1,-1
201554Z162515,2,9,0,18,0,8,0,0,0,0,1,1,6,1,58,9,1149,1,6,-1,1,-1
201554Z506815,1,9,0,9,0,5,0,0,1,10,4,1,6,1,82,11,1998,1,17,-1,1,-1
201554Z506815,2,9,0,18,0,8,1,0,1,0,1,1,6,2,33,6,1991,2,12,-1,1,-1
2015551500002,1,9,0,18,0,5,0,0,0,0,0,1,6,1,38,7,3947,1,21,-1,3,-1
2015551500004,1,9,0,18,0,0,0,4,0,0,1,1,2,2,23,5,1229,1,4,-1,2,-1
2015551500004,2,9,0,2,0,0,0,0,0,0,1,1,6,3,-1,-1,1149,1,2,-1,-1,-1
2015551500005,1,9,0,3,0,8,0,0,0,0,2,1,6,2,56,9,2179,2,-1,-1,3,-1
2015551500005,2,9,0,3,0,8,0,0,0,0,2,1,6,2,44,7,1995,2,8,-1,2,-1
2015551500005,3,9,0,18,0,8,0,0,0,0,1,1,6,1,55,8,2316,1,19,-1,1,-1
2015551500007,1,9,0,5,8,1,0,0,0,0,4,1,6,1,53,8,1388,1,13,-1,3,-1
2015551500007,2,9,0,2,0,1,0,0,0,0,0,1,6,2,32,6,1360,1,9,-1,1,-1
2015551500009,1,9,0,18,0,8,0,0,0,0,1,1,2,2,24,5,1598,1,7,-1,3,-1
2015551500009,2,9,0,18,0,8,0,0,0,0,3,1,2,1,43,7,2183,2,4,-1,1,-1
2015551500010,1,9,0,18,0,0,2,7,7,4,1,1,2,1,21,5,1149,1,14,-1,1,-1
2015551500012,1,9,0,12,0,8,0,0,0,0,2,1,6,3,-1,-1,-1,-1,-1,-1,-1,-1
2015551500012,2,5,0,17,0,3,1,0,0,0,4,1,2,1,21,5,689,1,-1,-1,1,-1
2015551500013,1,19,0,18,0,0,0,0,0,0,1,1,6,3,-1,-1,-1,-1,-1,-1,-1,-1
2015551500013,2,9,0,18,0,0,0,0,0,0,2,1,6,1,31,6,998,1,2,-1,1,-1
2015551500014,1,9,0,14,0,0,0,4,0,0,1,1,6,2,90,11,998,1,18,-1,1,-1
2015551500014,2,9,0,2,0,0,0,0,0,0,2,1,6,3,-1,-1,1839,1,10,-1,-1,-1
2015551500016,1,19,0,18,0,2,0,0,0,0,1,1,1,1,20,4,2461,2,7,-1,1,-1
2015551500018,1,9,0,18,0,0,2,4,0,0,1,1,6,2,31,6,1560,2,8,-1,1,-1
2015551500018,2,9,0,2,0,0,0,0,0,0,3,1,6,3,-1,-1,1590,1,11,-1,-1,-1
2015551500018,3,19,0,2,0,0,0,0,0,0,3,1,6,3,-1,-1,2148,2,9,-1,-1,-1
2015551500019,1,9,0,9,0,6,0,0,0,0,3,1,6,2,40,7,1968,2,-1,-1,-1,-1
2015551500019,2,19,0,18,0,1,1,0,0,0,1,1,2,1,20,4,1753,2,15,-1,2,-1
2015551500021,1,19,0,3,0,1,0,0,0,0,1,1,1,1,58,9,2402,2,12,-1,1,-1
2015551500022,1,8,0,5,0,1,0,0,0,0,1,1,2,1,52,8,1997,2,8,-1,1,-1
2015551500022,2,1,0,18,0,1,0,0,0,0,4,1,6,1,59,9,-1,-1,-1,-1,-1,-1
2015551500023,1,1,0,18,0,8,0,0,0,0,1,1,6,1,33,6,-1,-1,-1,-1,-1,-1
2015551500026,1,9,0,5,0,3,0,0,0,0,3,1,6,1,34,6,1422,2,9,-1,1,-1
2015551500026,2,1,0,18,0,6,0,0,0,0,1,1,6,2,35,6,-1,-1,-1,-1,-1,-1
2015551500027,1,19,4,9,0,1,0,0,0,0,4,1,6,3,-1,-1,-1,-1,-1,-1,-1,-1
2015551500027,2,1,0,18,0,1,0,0,0,0,1,1,6,1,48,8,-1,-1,-1,-1,1,-1
2015551500028,1,9,0,18,0,0,0,0,0,0,1,1,6,2,84,11,1364,1,8,-1,1,-1
2015551500028,2,9,0,2,0,0,0,0,1,7,1,1,6,3,-1,-1,1360,1,8,-1,-1,-1
2015551500028,3,9,0,2,0,0,0,0,0,0,3,1,6,3,-1,-1,1597,1,18,-1,-1,-1
2015551500030,1,9,0,4,0,1,0,0,0,0,3,1,6,2,72,10,1596,1,15,-1,1,-1
2015551500030,2,9,0,18,0,1,0,0,0,0,1,1,1,1,44,7,1560,2,2,-1,1,-1
2015551500033,1,9,0,17,0,1,0,0,0,0,3,1,6,2,21,5,1496,1,-1,-1,1,-1
2015551500033,2,9,0,9,0,1,0,0,0,0,3,1,2,1,27,6,1061,1,9,-1,1,-1
2015551500034,1,9,0,18,0,0,0,0,0,0,2,1,6,2,29,6,2179,2,7,-1,3,-1
2015551500034,2,9,0,18,0,0,1,0,0,0,1,1,6,1,36,7,1997,2,13,-1,3,-1
2015551500035,1,19,0,18,0,0,0,0,0,0,1,1,1,1,27,6,1753,2,9,-1,1,-1
2015551500038,1,9,0,7,0,5,0,0,0,0,1,1,6,1,21,5,1235,1,24,-1,1,-1
2015551500038,2,19,0,18,0,1,0,0,0,0,1,1,1,1,20,4,2287,2,2,-1,1,-1
2015551500038,3,9,0,18,0,1,0,0,0,0,0,1,1,1,27,6,1753,2,6,-1,1,-1
2015551500044,1,2,0,18,0,0,0,0,0,0,1,1,2,1,35,6,49,1,10,-1,1,-1
2015551500044,2,9,0,5,0,0,0,0,0,0,3,1,1,1,50,8,1896,2,5,-1,1,-1
2015551500045,1,19,0,4,0,8,0,0,0,0,2,1,2,1,45,7,1753,2,6,-1,1,-1
2015551500045,2,4,0,18,0,8,0,0,0,0,1,1,2,1,68,10,279,1,-1,-1,2,-1
2015551500046,1,9,0,18,0,0,0,0,0,0,4,1,6,1,42,7,1242,1,12,-1,1,-1
2015551500047,1,9,4,13,0,0,0,0,0,0,4,1,6,3,-1,-1,-1,-1,-1,-1,-1,-1
2015551500047,2,1,0,18,0,0,0,0,0,0,3,1,6,1,42,7,-1,-1,-1,-1,-1,-1
2015551500048,1,9,0,5,0,6,0,0,0,0,4,1,6,2,77,11,1992,2,9,-1,1,-1
2015551500048,2,9,0,18,0,1,0,0,0,0,3,1,6,2,86,11,1242,1,15,-1,3,-1
2015551500051,1,9,0,7,0,5,0,4,2,11,1,1,6,1,81,11,1339,1,8,-1,3,-1
2015551500051,2,9,0,2,0,1,0,0,2,10,2,1,6,3,-1,-1,1461,2,6,-1,-1,-1
2015551500051,3,19,0,7,0,5,0,0,0,0,0,1,1,1,47,8,2143,2,-1,-1,1,-1
2015551500051,4,9,0,2,0,1,0,4,0,0,1,1,6,3,-1,-1,999,1,14,-1,-1,-1
2015551500051,5,9,0,2,0,1,0,4,0,0,1,1,6,3,-1,-1,1598,1,8,-1,-1,-1
2015551500054,1,9,0,18,0,0,0,0,0,0,1,1,6,1,77,11,2987,2,-1,-1,1,-1
2015551500054,2,9,0,17,0,0,0,0,0,0,3,1,1,3,-1,-1,1968,2,-1,-1,1,-1
2015551500056,1,9,0,9,0,5,0,0,0,0,0,1,6,2,73,10,1951,2,14,-1,1,-1
2015551500056,2,5,0,18,0,8,0,0,0,0,0,1,6,1,31,6,599,1,7,-1,1,-1
2015551500056,3,9,0,18,0,8,0,0,0,0,1,1,6,1,24,5,1968,2,10,-1,3,-1
2015551500056,4,9,0,18,0,8,0,0,0,0,1,1,6,2,19,4,1598,1,14,-1,1,-1
2015551500057,1,9,0,16,0,0,0,0,0,0,1,1,6,1,46,8,1686,2,12,-1,2,-1
2015551500057,2,19,0,17,0,0,0,0,1,0,1,1,1,1,58,9,2143,2,1,-1,1,-1
2015551500059,1,9,0,18,0,1,0,0,0,0,4,1,6,2,68,10,1998,1,10,-1,1,-1
2015551500061,1,3,0,18,0,0,0,0,0,0,1,1,6,1,24,5,124,1,7,-1,1,-1
2015551500061,2,9,0,18,0,0,0,0,0,0,2,1,6,2,52,8,1242,1,11,-1,2,-1
2015551500062,1,1,0,18,0,0,0,0,0,0,3,1,6,1,37,7,-1,-1,-1,-1,3,-1
2015551500062,2,19,0,18,0,0,0,0,0,0,1,1,1,2,31,6,2298,2,-1,-1,1,-1
2015551500063,1,9,0,1,9,6,0,0,0,0,2,1,1,1,51,8,1086,1,11,-1,1,-1
2015551500065,1,3,0,7,0,8,0,0,0,0,1,1,2,1,22,5,124,1,1,-1,1,-1
2015551500065,2,1,0,18,0,8,0,0,0,0,3,1,6,1,51,8,-1,-1,-1,-1,-1,-1
2015551500070,1,9,0,7,0,1,0,0,0,0,1,1,6,2,28,6,973,1,12,-1,1,-1
2015551500070,2,1,0,18,0,8,0,0,0,0,4,1,6,2,62,9,-1,-1,-1,-1,1,-1
2015551500072,1,21,0,9,0,0,0,0,0,0,1,1,1,1,54,8,3920,2,2,-1,1,-1
2015551500073,1,9,0,14,0,0,1,0,0,0,1,1,6,1,19,4,1149,1,15,-1,1,-1
2015551500073,2,9,0,4,0,0,0,0,0,0,1,1,6,1,20,4,1956,2,4,-1,1,-1
2015551500076,1,11,0,5,0,1,0,0,0,0,3,1,1,1,61,9,4250,2,7,-1,1,-1
2015551500076,2,5,0,5,0,1,0,0,0,0,2,1,6,1,41,7,1157,1,14,-1,3,-1
2015551500078,1,9,0,4,0,1,0,0,0,0,1,1,2,2,33,6,1984,1,4,-1,1,-1
2015551500078,2,4,0,4,0,1,0,0,0,0,2,1,2,2,37,7,125,1,1,-1,1,-1
2015551500080,1,9,0,18,0,6,0,0,0,0,1,1,6,1,86,11,1991,2,7,-1,1,-1
2015551500080,2,9,0,18,0,8,0,0,0,0,4,1,6,1,61,9,1587,1,9,-1,2,-1
2015551500086,1,9,0,5,0,4,0,0,0,0,2,2,6,1,42,7,1598,1,-1,-1,1,-1
2015551500086,2,9,0,4,0,4,0,0,0,0,2,1,6,2,30,6,1360,1,14,-1,1,-1
2015551500088,1,9,0,1,0,0,0,0,0,0,2,1,6,1,35,6,2958,2,9,-1,1,-1
2015551500089,1,19,0,4,0,0,0,0,0,0,1,1,1,1,25,5,2143,2,2,-1,2,-1
2015551500089,2,9,0,3,0,0,0,0,0,0,2,1,6,1,48,8,2199,2,1,-1,3,-1
2015551500092,1,5,0,18,0,1,1,0,0,0,1,1,6,2,44,7,849,1,3,-1,3,-1
2015551500093,1,9,0,16,0,0,0,0,0,0,1,1,6,2,21,5,1242,1,14,-1,1,-1
2015551500093,2,9,0,16,0,0,0,0,1,10,1,1,2,2,32,6,1299,1,14,-1,-1,-1
2015551500094,1,3,0,18,0,0,0,0,1,0,1,1,6,1,42,7,124,1,-1,-1,1,-1
2015551500098,1,9,0,17,0,1,5,0,1,2,1,1,6,2,38,7,1968,2,10,-1,-1,-1
2015551500101,1,9,0,18,0,6,0,0,0,0,4,1,2,1,25,5,1390,1,14,-1,1,-1
2015551500101,2,3,0,9,0,8,0,0,0,0,4,1,6,1,30,6,124,1,-1,-1,1,-1
2015551500101,3,9,0,2,0,2,0,0,0,0,3,1,6,3,-1,-1,1995,2,7,-1,-1,-1
2015551500103,1,1,0,16,0,0,0,0,0,0,1,1,6,1,33,6,-1,-1,-1,-1,-1,-1
2015551500106,1,9,0,18,0,0,0,7,0,0,1,1,6,2,18,4,-1,-1,-1,-1,1,-1
2015551500107,1,9,0,18,0,0,0,0,0,0,1,1,6,1,57,9,-1,-1,-1,-1,1,-1
2015551500107,2,9,0,18,0,0,0,0,0,0,2,1,4,2,27,6,1391,1,15,-1,1,-1
2015551500107,3,9,0,3,0,0,0,0,0,0,2,1,1,1,62,9,1997,2,-1,-1,1,-1
2015551500107,4,19,0,3,0,0,0,0,0,0,2,1,6,1,56,9,1598,2,1,-1,1,-1
2015551500108,1,9,0,18,0,0,0,0,0,0,1,1,6,2,62,9,1560,2,10,-1,3,-1
2015551500108,2,9,0,18,0,0,0,0,0,0,2,1,6,1,55,8,1560,2,1,-1,1,-1
2015551500108,3,9,0,10,0,0,0,0,0,0,2,1,6,2,55,8,998,1,8,-1,3,-1
2015551500109,1,1,0,18,0,8,0,0,0,0,1,1,4,1,13,3,-1,-1,-1,-1,-1,-1