Accident_Index,Vehicle_Reference,Vehicle_Type,Towing_and_Articulation,Vehicle_Manoeuvre,Vehicle_Location-Restricted_Lane,Junction_Location,Skidding_and_Overturning,Hit_Object_in_Carriageway,Vehicle_Leaving_Carriageway,Hit_Object_off_Carriageway,1st_Point_of_Impact,Was_Vehicle_Left_Hand_Drive?,Journey_Purpose_of_Driver,Sex_of_Driver,Age_of_Driver,Age_Band_of_Driver,Engine_Capacity_(CC),Propulsion_Code,Age_of_Vehicle,Driver_IMD_Decile,Driver_Home_Area_Type,Vehicle_IMD_Decile
2015551500113,1,3,0,18,0,8,0,0,0,0,1,1,6,2,21,5,125,1,7,-1,1,-1
2015551500113,2,9,0,5,0,8,0,0,0,0,4,1,6,2,39,7,1896,2,11,-1,1,-1
2015551500116,1,9,0,3,0,1,0,0,0,0,2,1,6,1,31,6,1769,1,12,-1,1,-1
2015551500120,1,9,0,16,0,1,0,10,8,11,3,1,6,1,94,11,1299,1,14,-1,1,-1
2015551500120,2,9,0,2,0,2,0,0,1,10,1,1,6,3,-1,-1,2969,2,8,-1,-1,-1
2015551500124,1,9,0,2,0,0,0,8,0,0,3,1,6,2,44,7,1390,1,8,-1,1,-1
2015551500124,2,1,0,18,0,0,0,8,0,0,1,1,2,2,22,5,-1,-1,-1,-1,-1,-1
2015551500125,1,9,0,16,0,2,1,0,0,0,1,1,6,1,18,4,-1,-1,-1,-1,1,-1
2015551500125,2,9,0,18,0,1,0,0,0,0,1,1,6,1,44,7,1199,1,1,-1,1,-1
2015551500126,1,90,0,4,0,1,0,0,0,0,1,1,1,1,57,9,6374,2,2,-1,1,-1
2015551500126,2,9,0,3,0,1,0,0,1,0,2,1,6,1,47,8,1997,2,10,-1,1,-1
2015551500126,3,9,0,10,0,1,0,0,0,0,2,1,6,1,-1,-1,2393,1,12,-1,2,-1
2015551500127,1,9,0,17,0,0,2,0,1,11,1,1,6,2,37,7,1398,1,-1,-1,1,-1
2015551500130,1,9,0,9,0,8,0,0,0,0,1,1,6,2,47,8,1896,2,13,-1,1,-1
2015551500130,2,3,0,18,0,8,0,0,0,0,1,1,6,1,26,6,-1,-1,-1,-1,1,-1
2015551500135,1,9,0,12,0,8,0,0,0,0,0,1,6,1,75,10,2401,2,11,-1,3,-1
2015551500135,2,9,0,18,0,1,2,0,1,0,0,1,6,2,17,4,1149,1,13,-1,1,-1
2015551500136,1,9,0,18,0,0,0,0,0,0,1,1,6,1,27,6,1299,1,15,-1,1,-1
2015551500136,2,9,0,4,0,0,0,0,0,0,2,1,6,1,51,8,4367,2,2,-1,-1,-1
2015551500138,1,9,0,16,0,0,1,0,2,11,3,1,2,1,36,7,1390,1,15,-1,1,-1
2015551500139,1,9,0,5,0,4,0,0,0,0,4,1,2,2,41,7,1339,1,12,-1,-1,-1
2015551500139,2,1,0,9,0,8,0,0,0,0,1,1,6,1,41,7,-1,-1,-1,-1,-1,-1
2015551500140,1,1,0,14,0,1,0,0,0,0,1,1,2,1,38,7,-1,-1,-1,-1,-1,-1
2015551500140,2,9,0,9,0,8,0,0,0,0,3,1,6,2,37,7,1596,1,7,-1,-1,-1
2015551500142,1,8,0,4,0,1,0,0,0,0,1,1,1,1,38,7,1560,2,3,-1,1,-1
2015551500142,2,9,0,4,0,1,0,0,0,0,2,1,6,1,36,7,1560,2,9,-1,1,-1
2015551500145,1,19,0,1,0,0,0,0,0,0,2,1,1,1,48,8,2143,2,4,-1,1,-1
2015551500146,1,19,0,7,0,6,0,0,0,0,1,1,1,1,61,9,1968,2,9,-1,1,-1
2015551500146,2,1,0,18,0,1,0,0,0,0,2,1,6,2,84,11,-1,-1,-1,-1,-1,-1
2015551500147,1,9,0,18,9,8,1,0,7,2,3,1,6,1,19,4,1199,1,12,-1,1,-1
2015551500148,1,9,0,17,0,0,1,4,7,0,1,1,6,1,26,6,1149,1,12,-1,1,-1
2015551500148,2,9,0,18,0,0,0,0,0,0,0,1,1,1,-1,-1,1598,2,-1,-1,1,-1
2015551500148,3,9,0,18,0,0,0,0,0,0,0,1,1,1,-1,-1,1582,2,2,-1,1,-1
2015551500148,4,19,0,2,0,0,0,4,0,0,1,1,6,3,-1,-1,-1,-1,-1,-1,-1,-1
2015551500148,5,9,0,2,0,0,0,0,1,2,1,1,6,3,-1,-1,3246,1,13,-1,-1,-1
2015551500151,1,19,0,1,0,1,0,0,0,0,2,1,1,3,-1,-1,3920,2,2,-1,-1,-1
2015551500151,2,9,0,8,0,1,0,0,0,0,1,1,6,2,18,4,1198,1,13,-1,1,-1
2015551500152,1,9,0,17,0,0,0,0,0,0,1,1,6,2,24,5,1199,1,11,-1,3,-1
2015551500152,2,9,0,16,0,0,0,0,1,0,1,1,1,1,65,9,1398,2,1,-1,1,-1
2015551500153,1,9,0,18,0,0,0,0,1,4,0,1,6,1,67,10,2435,1,17,-1,-1,-1
2015551500153,2,9,4,18,0,0,0,0,0,0,0,1,6,1,51,8,3246,2,26,-1,-1,-1
2015551500155,1,9,0,18,0,1,1,0,0,0,1,1,6,2,75,10,1390,1,5,-1,1,-1
2015551500155,2,9,0,3,0,1,0,0,0,0,2,1,6,1,40,7,1390,1,3,-1,1,-1
2015551500157,1,9,0,9,0,1,0,0,0,0,1,1,6,1,81,11,1124,1,10,-1,1,-1
2015551500157,2,1,0,18,0,1,0,0,0,0,3,1,6,1,48,8,-1,-1,-1,-1,-1,-1
2015551500159,1,9,0,18,0,1,0,0,0,0,1,1,6,1,54,8,1461,2,1,-1,-1,-1
2015551500159,2,9,0,18,0,2,0,0,1,0,3,1,6,1,61,9,2967,2,1,-1,3,-1
2015551500160,1,9,0,16,0,1,0,0,3,4,1,1,2,1,49,8,1596,1,6,-1,1,-1
2015551500164,1,9,0,5,0,6,0,0,0,0,1,1,6,1,84,11,1388,1,12,-1,1,-1
2015551500164,2,19,0,18,0,1,5,0,0,0,3,1,1,1,36,7,2198,2,1,-1,1,-1
2015551500165,1,3,0,18,0,0,1,0,0,0,1,1,6,1,23,5,124,1,9,-1,-1,-1
2015551500166,1,9,0,18,0,2,0,0,0,0,3,1,6,1,24,5,1796,1,14,-1,1,-1
2015551500166,2,19,0,2,0,2,0,0,0,0,2,1,6,3,-1,-1,2402,2,14,-1,-1,-1
2015551500166,3,9,0,2,0,2,0,0,0,0,1,1,6,3,-1,-1,998,1,15,-1,-1,-1
2015551500166,4,9,0,18,0,1,0,0,0,0,0,1,1,1,-1,-1,2993,2,-1,-1,1,-1
2015551500167,1,9,0,18,0,0,5,0,1,4,1,1,2,1,30,6,1686,2,12,-1,3,-1
2015551500168,1,9,0,8,0,1,0,0,0,0,1,1,6,2,24,5,1560,2,10,-1,1,-1
2015551500168,2,5,0,8,0,1,0,0,0,0,2,1,6,1,50,8,1854,1,9,-1,3,-1
2015551500171,1,9,0,18,0,0,5,0,1,11,1,1,6,1,41,7,1896,2,11,-1,1,-1
2015551500172,1,9,0,9,0,8,0,7,0,0,4,1,1,1,26,6,1360,1,15,-1,1,-1
2015551500172,2,9,0,18,0,8,0,0,0,0,1,1,1,1,36,7,-1,-1,-1,-1,3,-1
2015551500174,1,3,0,18,0,1,1,0,0,0,1,1,6,2,34,6,124,1,23,-1,1,-1
2015551500174,2,9,0,9,0,5,0,0,0,0,3,1,6,2,48,8,998,1,7,-1,1,-1
2015551500175,1,9,0,7,0,8,0,0,0,0,3,1,6,1,51,8,1834,1,13,-1,1,-1
2015551500175,2,1,0,18,0,1,0,0,0,0,1,1,6,1,21,5,-1,-1,-1,-1,-1,-1
2015551500176,1,9,0,10,0,6,0,0,7,10,3,1,6,1,85,11,1591,1,5,-1,1,-1
2015551500176,2,9,0,18,0,1,0,0,7,10,1,1,1,1,33,6,1896,2,8,-1,1,-1
2015551500177,1,9,0,18,0,0,5,4,0,0,1,1,6,2,19,4,1390,1,13,-1,-1,-1
2015551500177,2,9,0,2,0,0,0,0,0,0,2,1,6,3,-1,-1,1242,1,2,-1,-1,-1
2015551500177,3,9,0,2,0,0,0,0,0,0,2,1,6,3,-1,-1,1390,1,1,-1,-1,-1
2015551500179,1,9,0,11,0,0,1,0,0,0,1,1,6,2,25,5,1339,1,11,-1,1,-1
2015551500179,2,9,0,4,0,0,0,0,0,0,2,1,6,2,69,10,1364,1,-1,-1,1,-1
2015551500180,1,9,0,12,0,8,0,0,0,0,0,1,6,2,22,5,1388,1,12,-1,1,-1
2015551500180,2,9,0,18,0,8,0,0,0,0,2,1,6,1,49,8,1461,2,9,-1,-1,-1
2015551500180,3,9,0,18,0,8,0,0,0,0,1,1,6,2,24,5,998,1,2,-1,1,-1
2015551500181,1,9,0,7,0,6,0,0,0,0,3,1,1,3,-1,-1,998,1,10,-1,-1,-1
2015551500182,1,9,0,9,0,5,0,0,0,0,1,1,6,1,32,6,998,1,9,-1,1,-1
2015551500182,2,5,0,18,2,1,1,0,1,0,1,1,6,1,50,8,1137,1,17,-1,1,-1
2015551500183,1,21,0,18,0,0,0,0,0,0,3,1,6,3,-1,-1,-1,-1,-1,-1,-1,-1
2015551500183,2,21,0,18,0,0,0,0,0,0,3,1,1,1,19,4,6370,2,5,-1,1,-1
2015551500187,1,5,0,17,0,1,1,0,1,4,1,1,6,1,54,8,659,1,6,-1,1,-1
2015551500191,1,19,4,18,0,0,3,0,1,4,3,1,1,1,61,9,2953,2,7,-1,-1,-1
2015551500192,1,1,0,18,0,1,1,0,0,0,1,1,6,1,31,6,-1,-1,-1,-1,-1,-1
2015551500197,1,9,0,5,0,4,0,0,0,0,3,1,1,2,25,5,1360,1,8,-1,1,-1
2015551500197,2,1,0,18,0,8,0,0,0,0,1,1,6,1,48,8,-1,-1,-1,-1,-1,-1
2015551500198,1,9,0,18,0,0,0,0,0,0,1,1,6,2,49,8,1390,1,16,-1,1,-1
2015551500198,2,9,0,3,0,0,0,0,0,0,2,1,6,1,32,6,1994,1,15,-1,3,-1
2015551500198,3,9,0,3,0,0,0,0,0,0,2,1,6,2,26,6,1968,2,1,-1,1,-1
2015551500204,1,9,0,3,0,0,0,0,0,0,1,1,6,1,82,11,1997,2,15,-1,1,-1
2015551500209,1,19,0,17,0,0,0,0,0,0,1,2,6,1,54,8,-1,-1,-1,-1,-1,-1
2015551500209,2,90,0,16,0,0,0,0,7,0,1,2,1,1,44,7,1600,1,45,-1,1,-1
2015551500211,1,9,0,18,0,6,0,0,0,0,1,1,6,1,43,7,1956,2,3,-1,2,-1
2015551500213,1,3,0,18,0,6,1,0,0,0,1,1,6,1,18,4,125,1,4,-1,1,-1
2015551500213,2,9,0,18,0,8,1,0,2,11,4,1,6,1,18,4,1248,2,8,-1,1,-1
2015551500215,1,9,0,18,0,0,0,0,1,4,1,1,6,2,76,11,1240,1,10,-1,1,-1
2015551500217,1,9,0,9,0,5,0,0,0,0,1,1,6,1,87,11,1339,1,1,-1,1,-1
2015551500217,2,5,0,18,0,1,1,0,0,0,1,1,6,1,54,8,1552,1,12,-1,1,-1
2015551500218,1,9,0,18,0,0,0,0,8,2,1,1,6,2,69,10,1398,1,3,-1,2,-1
2015551500218,2,9,0,2,0,0,0,0,0,0,4,1,6,3,-1,-1,1997,2,11,-1,-1,-1
2015551500220,1,9,0,17,0,0,0,0,0,0,0,1,6,1,27,6,1968,2,8,-1,1,-1
2015551500224,1,9,0,13,0,3,0,0,1,0,4,1,6,1,46,8,2993,2,1,-1,2,-1
2015551500224,2,9,0,9,0,8,0,0,0,0,0,1,6,1,60,9,1560,2,-1,-1,-1,-1
2015551500225,1,9,0,6,0,0,0,0,7,0,3,1,6,1,66,10,1560,2,9,-1,3,-1
2015551500225,2,3,0,14,0,0,0,0,0,0,1,1,2,1,20,4,125,1,-1,-1,1,-1
2015551500229,1,9,0,1,0,0,0,11,0,0,2,1,6,2,49,8,1598,1,10,-1,1,-1
2015551500233,1,9,0,5,0,0,0,11,0,0,3,1,1,2,49,8,1591,1,3,-1,-1,-1
2015551500234,1,9,0,18,0,0,0,0,0,0,1,1,6,1,24,5,1360,1,11,-1,1,-1
2015551500234,2,9,0,18,0,0,0,0,0,0,1,1,6,2,44,7,1896,2,9,-1,2,-1
2015551500235,1,9,0,3,0,4,0,0,0,0,0,1,6,2,-1,-1,1397,1,7,-1,-1,-1
2015551500235,2,19,0,3,0,4,0,0,0,0,2,1,6,1,55,8,1753,2,6,-1,1,-1
2015551500236,1,9,0,7,0,1,0,0,1,11,4,1,6,2,47,8,1998,1,11,-1,1,-1
2015551500236,2,9,0,18,0,8,0,0,0,0,1,1,6,1,58,9,1781,1,16,-1,1,-1
2015551500238,1,9,0,5,0,4,0,0,0,0,1,1,6,3,-1,-1,-1,-1,-1,-1,-1,-1
2015551500243,1,19,0,16,0,8,0,0,0,0,1,1,1,1,35,6,2298,2,3,-1,1,-1
2015551500243,2,9,0,4,0,6,0,0,0,0,2,1,6,1,48,8,1968,2,-1,-1,1,-1
2015551500245,1,9,0,5,0,4,0,0,0,0,1,1,6,1,69,10,1798,1,-1,-1,-1,-1
2015551500245,2,5,0,3,0,4,0,0,0,0,2,1,2,1,46,8,996,1,10,-1,2,-1
2015551500250,1,9,0,18,0,0,0,0,0,0,1,1,6,1,39,7,1600,1,16,-1,3,-1
2015551500250,2,9,0,18,0,0,0,0,0,0,2,1,6,1,19,4,1397,1,12,-1,1,-1
2015551500250,3,9,0,18,0,0,0,0,0,0,2,1,6,1,55,8,1497,8,10,-1,3,-1
2015551500252,1,9,0,16,0,0,0,0,0,0,0,1,1,2,-1,-1,1686,2,2,-1,1,-1
2015551500252,2,9,0,4,0,0,0,0,0,0,2,1,6,1,59,9,998,1,6,-1,3,-1
2015551500252,3,9,0,4,0,0,1,0,0,0,1,1,6,2,71,10,2198,2,1,-1,3,-1
2015551500253,1,9,0,4,0,0,0,0,0,0,2,1,6,1,56,9,1798,1,-1,-1,1,-1
2015551500253,2,9,0,4,0,0,0,0,0,0,2,1,6,1,65,9,1339,1,13,-1,1,-1
2015551500253,3,9,0,4,0,0,0,0,0,0,2,1,6,2,26,6,1364,1,5,-1,2,-1
2015551500253,4,9,0,4,0,0,0,0,0,0,1,1,6,2,40,7,1796,1,13,-1,1,-1
2015551500254,1,9,0,7,9,6,0,0,0,0,4,1,6,1,55,8,2398,1,17,-1,2,-1
2015551500257,1,11,0,18,0,0,0,0,0,0,1,1,1,1,55,8,5132,2,-1,-1,-1,-1
2015551500260,1,9,0,18,0,2,0,0,0,0,1,1,6,1,71,10,-1,-1,-1,-1,1,-1
2015551500260,2,1,0,18,0,8,0,0,0,0,3,1,6,1,78,11,-1,-1,-1,-1,-1,-1
2015551500262,1,9,0,18,0,0,0,0,7,4,1,1,2,1,21,5,1400,1,15,-1,1,-1
2015551500263,1,9,0,18,0,0,0,0,0,0,1,1,6,1,86,11,1400,1,11,-1,1,-1
2015551500263,2,8,0,18,0,0,1,0,0,0,3,1,1,1,50,8,1685,2,1,-1,1,-1
2015551500264,1,19,0,18,0,0,0,0,0,0,3,1,1,1,58,9,10518,2,4,-1,1,-1
2015551500264,2,3,0,18,0,0,0,0,0,0,4,1,6,1,19,4,124,1,1,-1,1,-1
2015551500264,3,9,0,18,0,0,5,11,0,0,1,1,1,2,21,5,1598,2,-1,-1,3,-1
2015551500265,1,9,0,13,0,0,2,0,7,1,2,1,2,1,25,5,1796,1,16,-1,1,-1
2015551500265,2,9,0,13,0,0,1,0,7,0,1,1,2,1,27,6,1598,1,13,-1,1,-1
2015551500265,3,21,1,18,0,0,0,0,0,0,3,1,1,1,51,8,10837,2,1,-1,2,-1
2015551500273,1,9,0,14,0,2,5,4,0,0,1,1,1,1,33,6,1995,1,10,-1,1,-1
2015551500273,2,9,0,2,0,2,0,10,1,0,2,1,6,3,-1,-1,1368,1,11,-1,-1,-1
2015551500273,3,9,0,2,0,2,0,0,0,0,1,1,6,3,-1,-1,1149,1,17,-1,-1,-1
2015551500274,1,9,0,17,0,0,0,0,0,0,1,1,6,1,18,4,996,1,6,-1,3,-1
2015551500274,2,5,0,16,0,0,0,0,0,0,4,1,6,1,61,9,745,1,1,-1,1,-1
2015551500276,1,4,0,13,0,8,1,0,0,0,1,1,6,1,34,6,125,1,1,-1,1,-1
2015551500276,2,9,0,9,0,6,0,0,0,0,2,1,6,1,36,7,1686,2,14,-1,1,-1
2015551500277,1,9,0,18,0,0,0,0,0,0,1,1,6,1,75,10,2035,1,8,-1,3,-1
2015551500277,2,9,0,18,0,0,0,0,7,4,1,1,6,1,65,9,1598,1,6,-1,2,-1
2015551500281,1,9,0,16,0,2,0,0,0,0,1,1,6,3,-1,-1,-1,-1,-1,-1,-1,-1
2015551500281,2,9,0,17,0,1,0,11,0,0,3,1,6,1,60,9,999,1,1,-1,1,-1
2015551500283,1,9,0,17,0,0,2,0,7,9,1,1,6,2,17,4,1390,1,14,-1,3,-1
2015551500286,1,9,0,13,0,8,0,0,0,0,1,1,6,1,52,8,1796,1,10,-1,1,-1
2015551500286,2,9,0,6,0,8,0,0,0,0,3,1,6,1,45,7,1905,2,17,-1,-1,-1
2015551500287,1,9,0,9,0,8,0,0,0,0,1,1,6,2,33,6,1991,2,13,-1,1,-1
2015551500287,2,9,0,18,0,1,0,0,0,0,1,1,6,1,26,6,1400,1,17,-1,1,-1
2015551500288,1,9,0,18,0,0,0,0,0,0,3,1,6,2,61,9,898,1,-1,-1,3,-1
2015551500288,2,5,0,13,0,0,0,0,7,0,4,1,6,2,38,7,600,1,15,-1,1,-1
2015551500290,1,19,0,5,0,0,0,0,0,0,3,1,6,1,36,7,2148,2,6,-1,3,-1
2015551500290,2,19,0,18,0,0,0,0,0,0,4,1,2,1,63,9,1598,2,4,-1,1,-1
2015551500290,3,9,0,2,0,0,0,0,0,0,3,1,6,3,-1,-1,1299,1,12,-1,-1,-1
2015551500291,1,9,0,18,0,0,2,0,1,11,1,1,6,1,21,5,-1,-1,-1,-1,-1,-1
2015551500293,1,9,0,18,0,3,0,0,0,0,1,1,6,2,47,8,-1,-1,-1,-1,3,-1
2015551500294,1,9,0,9,0,5,0,0,7,4,1,1,6,2,45,7,1984,1,15,-1,1,-1
2015551500294,2,9,0,10,0,1,0,0,0,0,3,1,6,2,26,6,1149,1,8,-1,1,-1
2015551500294,3,9,0,4,0,1,1,0,0,0,3,1,6,2,59,9,1868,2,15,-1,1,-1
2015551500296,1,9,0,18,0,4,0,0,0,0,1,1,6,2,51,8,1910,2,10,-1,1,-1
2015551500296,2,1,0,18,0,8,0,0,0,0,4,1,6,1,26,6,-1,-1,-1,-1,-1,-1
2015551500298,1,9,0,7,9,5,0,0,0,0,1,2,6,1,66,10,1997,2,4,-1,1,-1
2015551500298,2,1,0,18,5,1,0,0,0,0,1,1,6,2,26,6,-1,-1,-1,-1,-1,-1
2015551500299,1,9,0,9,0,7,0,0,0,0,1,1,6,3,-1,-1,1997,2,8,-1,-1,-1
2015551500299,2,19,0,10,0,1,0,0,0,0,4,1,6,1,40,7,2198,2,9,-1,1,-1
2015551500300,1,9,0,5,0,0,0,0,0,0,1,1,6,1,79,11,1390,1,3,-1,1,-1
2015551500302,1,9,0,5,0,1,0,0,0,0,1,1,1,1,33,6,1968,2,1,-1,1,-1
2015551500302,2,9,0,4,0,1,0,0,0,0,2,1,1,1,33,6,1781,1,13,-1,1,-1
2015551500306,1,9,0,7,0,8,0,0,0,0,4,1,6,2,43,7,1968,2,3,-1,1,-1
2015551500306,2,1,0,17,0,8,0,0,0,0,1,1,6,1,33,6,-1,-1,-1,-1,1,-1
2015551500307,1,9,0,4,0,4,0,0,0,0,2,1,6,1,60,9,1968,2,7,-1,3,-1
2015551500307,2,4,0,4,0,4,1,0,0,0,1,1,6,1,19,4,124,1,2,-1,1,-1
2015551500312,1,21,0,16,0,5,1,0,3,11,1,1,1,1,56,9,4250,2,15,-1,3,-1
2015551500316,1,9,0,17,0,0,0,0,0,0,0,1,6,2,20,4,1124,1,13,-1,1,-1
2015551500316,2,9,0,17,0,0,0,0,0,0,2,1,6,1,21,5,1248,2,8,-1,1,-1
2015551500316,3,9,0,18,0,0,0,0,0,0,0,1,1,3,-1,-1,1896,2,7,-1,-1,-1
2015551500319,1,9,0,18,0,4,0,0,0,0,1,1,6,2,33,6,1898,1,13,-1,1,-1
2015551500319,2,9,0,18,0,8,5,10,0,0,4,1,6,2,20,4,998,1,8,-1,1,-1
2015551500320,1,9,0,18,0,0,0,0,7,4,1,1,6,1,61,9,1399,2,4,-1,2,-1
2015551500320,2,9,0,18,0,0,0,0,0,0,1,1,6,1,77,11,1998,1,7,-1,1,-1
2015551500321,1,9,0,2,0,2,0,0,0,0,1,1,6,3,-1,-1,1995,2,-1,-1,-1,-1
2015551500321,2,9,0,5,7,2,0,0,0,0,1,1,6,1,76,11,1390,1,13,-1,1,-1
2015551500323,1,9,0,-1,-1,8,0,0,0,0,3,1,6,2,20,4,1390,1,12,-1,-1,-1
2015551500323,2,5,0,-1,-1,8,0,0,0,0,4,1,6,1,56,9,998,1,7,-1,-1,-1
2015551500324,1,9,0,18,9,1,0,0,3,2,1,1,6,1,32,6,2993,2,5,-1,1,-1
2015551500324,2,19,0,2,9,2,0,0,0,0,3,1,6,3,-1,-1,1896,2,18,-1,-1,-1
2015551500325,1,9,0,1,0,0,0,0,0,0,3,1,3,1,29,6,1991,2,9,-1,1,-1
2015551500326,1,8,0,4,0,0,0,0,0,0,0,1,1,3,-1,-1,1896,2,9,-1,-1,-1
2015551500326,2,11,0,5,0,0,0,0,0,0,0,1,1,1,38,7,9360,2,4,-1,1,-1
2015551500327,1,9,0,5,0,8,1,0,0,0,3,1,6,2,57,9,1397,1,13,-1,1,-1
2015551500327,2,21,1,5,0,8,0,0,0,0,4,1,1,1,60,9,12900,2,6,-1,2,-1
2015551500329,1,5,0,13,0,8,0,0,0,0,1,1,6,1,42,7,600,1,2,-1,1,-1
2015551500329,2,9,0,9,0,5,0,0,0,0,3,1,6,1,35,6,1895,1,16,-1,1,-1
2015551500332,1,9,0,5,0,6,0,0,0,0,3,1,6,2,48,8,1240,1,9,-1,1,-1
2015551500332,2,1,0,18,0,8,1,0,0,0,1,1,6,1,29,6,-1,-1,-1,-1,-1,-1
2015551500333,1,9,0,1,0,0,0,0,0,0,2,1,6,2,30,6,2776,2,10,-1,1,-1
2015551500333,2,5,0,18,0,0,0,0,0,0,1,1,6,1,61,9,680,1,2,-1,1,-1
2015551500335,1,9,0,7,0,6,0,0,0,0,1,1,6,1,53,8,973,1,16,-1,1,-1
2015551500335,2,9,0,18,0,1,0,0,0,0,1,1,6,1,54,8,2902,2,12,-1,1,-1
2015551500337,1,1,0,18,0,0,0,0,0,0,1,1,6,1,12,3,-1,-1,-1,-1,1,-1
2015551500337,2,9,0,18,0,0,0,0,0,0,1,1,3,2,42,7,1598,1,9,-1,-1,-1
2015551500338,1,9,0,4,0,2,0,0,0,0,1,1,6,1,20,4,1896,2,12,-1,-1,-1
2015551500338,2,9,0,4,0,1,0,0,0,0,2,1,6,2,29,6,1679,1,14,-1,-1,-1
2015551500339,1,19,0,17,9,1,1,0,1,4,1,1,6,1,33,6,1560,2,1,-1,1,-1
2015551500342,1,9,0,17,0,0,1,0,2,7,1,1,2,2,31,6,1390,1,15,-1,2,-1
2015551500344,1,9,0,8,0,0,0,0,0,0,2,1,6,2,35,6,1124,1,10,-1,1,-1
2015551500344,2,19,0,18,0,0,0,0,0,0,1,1,6,1,23,5,1461,2,2,-1,2,-1
2015551500346,1,3,0,18,0,0,0,0,0,0,0,1,6,1,60,9,124,1,18,-1,2,-1
2015551500347,1,9,0,4,0,0,0,0,0,0,1,1,6,1,-1,-1,1868,2,13,-1,1,-1
2015551500347,2,9,0,3,0,0,0,0,0,0,2,1,6,2,53,8,2499,1,7,-1,1,-1
2015551500349,1,1,0,7,0,1,1,0,0,0,1,1,6,1,27,6,-1,-1,-1,-1,-1,-1
2015551500349,2,9,0,18,0,1,0,0,0,0,3,1,6,1,48,8,1298,1,13,-1,2,-1
2015551500352,1,22,0,5,9,1,0,0,0,0,3,1,6,1,93,11,-1,-1,-1,-1,1,-1
2015551500352,2,9,0,3,0,1,0,0,0,0,1,1,6,1,80,11,998,1,2,-1,1,-1
2015551500355,1,9,0,1,0,0,0,0,0,0,2,1,1,3,-1,-1,-1,-1,-1,-1,-1,-1
2015551500355,2,1,0,18,9,0,0,0,0,0,1,1,6,1,13,3,-1,-1,-1,-1,-1,-1
2015551500360,1,9,0,18,0,2,0,0,0,0,4,1,6,1,51,8,1598,1,1,-1,1,-1
2015551500361,1,11,0,4,0,4,0,0,0,0,0,1,6,1,43,7,5132,2,-1,-1,1,-1
2015551500362,1,9,0,5,0,1,0,0,0,0,1,1,6,2,67,10,1598,1,9,-1,1,-1
2015551500362,2,8,0,18,0,1,0,0,0,0,4,1,1,1,39,7,1560,2,7,-1,1,-1
2015551500364,1,9,0,5,0,6,0,0,0,0,1,1,2,2,66,10,1999,1,10,-1,3,-1
2015551500364,2,1,0,18,0,8,0,0,0,0,3,1,6,2,47,8,-1,-1,-1,-1,-1,-1
2015551500366,1,19,0,15,0,0,0,4,0,0,1,1,1,1,23,5,1753,2,3,-1,1,-1
2015551500366,2,9,0,2,0,0,0,10,1,11,2,1,6,3,-1,-1,1600,2,6,-1,-1,-1
2015551500366,3,9,0,2,0,0,0,0,0,0,4,1,6,3,-1,-1,995,1,2,-1,-1,-1
2015551500367,1,3,0,13,0,1,0,0,0,0,1,1,6,1,19,4,125,1,7,-1,1,-1
2015551500367,2,9,0,9,0,1,0,0,0,0,3,1,6,1,53,8,4367,2,2,-1,1,-1
2015551500369,1,9,0,5,0,4,0,0,0,0,1,1,6,2,62,9,2778,1,-1,-1,1,-1
2015551500369,2,2,0,18,0,8,0,0,0,0,1,1,6,1,16,4,49,1,1,-1,1,-1
2015551500372,1,9,0,18,0,3,1,0,7,7,1,1,2,2,40,7,1840,1,16,-1,1,-1
2015551500373,1,9,0,18,0,0,0,0,0,0,2,1,6,2,43,7,2993,2,11,-1,1,-1
2015551500373,2,9,0,18,0,0,0,0,0,0,1,1,6,2,18,4,1242,1,8,-1,1,-1
2015551500374,1,1,0,16,0,0,0,0,0,0,0,1,2,2,22,5,-1,-1,-1,-1,-1,-1
2015551500374,2,9,0,17,0,0,0,0,0,0,1,1,6,2,70,10,998,1,7,-1,1,-1
2015551500375,1,9,0,18,0,0,0,0,0,0,4,1,6,1,53,8,1591,1,1,-1,-1,-1
2015551500375,2,1,0,18,0,0,0,0,0,0,3,1,6,1,55,8,-1,-1,-1,-1,-1,-1
2015551500376,1,9,0,18,0,0,5,0,7,11,1,2,6,1,48,8,1598,1,1,-1,1,-1
2015551500376,2,9,0,2,0,0,0,0,0,0,1,2,6,1,59,9,-1,-1,-1,-1,2,-1
2015551500380,1,9,0,7,0,5,0,0,0,0,2,1,6,1,28,6,2993,2,6,-1,1,-1
2015551500380,2,1,0,16,0,8,0,0,0,0,3,1,6,1,36,7,-1,-1,-1,-1,-1,-1
2015551500383,1,3,0,4,0,2,0,0,0,0,2,1,6,1,22,5,125,1,2,-1,1,-1
2015551500383,2,9,0,7,0,6,0,0,0,0,1,1,2,1,33,6,998,1,16,-1,1,-1
2015551500386,1,9,0,17,0,0,0,0,0,0,1,1,1,1,47,8,1956,2,-1,-1,-1,-1
2015551500386,2,9,0,16,0,0,0,0,0,0,1,1,6,1,33,6,1796,1,16,-1,3,-1
2015551500387,1,9,0,18,0,8,0,0,0,0,1,1,6,2,34,6,1461,2,1,-1,3,-1