Accident_Index,Vehicle_Reference,Vehicle_Type,Towing_and_Articulation,Vehicle_Manoeuvre,Vehicle_Location-Restricted_Lane,Junction_Location,Skidding_and_Overturning,Hit_Object_in_Carriageway,Vehicle_Leaving_Carriageway,Hit_Object_off_Carriageway,1st_Point_of_Impact,Was_Vehicle_Left_Hand_Drive?,Journey_Purpose_of_Driver,Sex_of_Driver,Age_of_Driver,Age_Band_of_Driver,Engine_Capacity_(CC),Propulsion_Code,Age_of_Vehicle,Driver_IMD_Decile,Driver_Home_Area_Type,Vehicle_IMD_Decile
2015551500387,2,9,0,18,0,2,0,0,0,0,3,1,6,1,35,6,4163,1,12,-1,1,-1
2015551500393,1,9,0,18,0,8,0,0,0,0,1,1,6,2,23,5,1560,2,9,-1,1,-1
2015551500393,2,1,0,18,0,8,0,0,0,0,2,1,1,1,23,5,-1,-1,-1,-1,1,-1
2015551500394,1,1,0,18,0,0,0,0,0,0,3,1,4,1,17,4,-1,-1,-1,-1,-1,-1
2015551500394,2,9,-1,15,0,0,0,0,0,0,4,1,6,1,46,8,1998,1,18,-1,1,-1
2015551500398,1,5,0,17,0,8,0,0,0,0,1,1,2,1,47,8,1043,1,-1,-1,3,-1
2015551500399,1,3,0,18,0,8,0,0,0,0,4,1,6,1,19,4,125,1,2,-1,3,-1
2015551500401,1,9,0,4,0,1,0,0,0,0,2,1,6,2,71,10,1339,8,9,-1,2,-1
2015551500401,2,1,0,4,0,1,0,0,0,0,1,1,2,1,34,6,-1,-1,-1,-1,-1,-1
2015551500402,1,19,0,1,0,0,0,0,0,0,2,1,1,1,30,6,2143,2,5,-1,1,-1
2015551500402,2,4,0,3,0,0,0,0,0,0,1,1,6,1,27,6,498,1,20,-1,3,-1
2015551500404,1,1,0,18,0,0,0,0,0,0,0,1,6,2,30,6,-1,-1,-1,-1,1,-1
2015551500406,1,9,0,18,0,1,0,0,0,0,1,2,6,1,31,6,1598,1,17,-1,1,-1
2015551500406,2,5,0,9,0,1,0,0,0,0,4,1,6,1,52,8,599,1,19,-1,1,-1
2015551500408,1,1,0,18,9,1,0,0,0,0,4,1,3,1,11,3,-1,-1,-1,-1,-1,-1
2015551500408,2,9,0,18,0,1,0,0,0,0,1,1,2,1,41,7,1796,1,8,-1,1,-1
2015551500410,1,11,0,4,0,0,0,0,0,0,4,1,1,1,49,8,7300,2,11,-1,1,-1
2015551500412,1,1,0,18,0,1,0,0,0,0,1,1,4,2,15,3,-1,-1,-1,-1,1,-1
2015551500412,2,9,0,4,0,1,0,0,0,0,1,1,4,2,34,6,1794,1,13,-1,-1,-1
2015551500414,1,5,0,17,0,0,0,0,1,11,1,1,6,1,40,7,1043,1,1,-1,1,-1
2015551500417,1,9,0,18,0,0,0,0,0,0,1,1,6,1,32,6,1596,1,5,-1,1,-1
2015551500417,2,9,0,4,0,0,0,0,0,0,2,1,6,2,25,5,1398,1,12,-1,1,-1
2015551500417,3,9,0,3,0,0,0,0,0,0,2,1,1,1,31,6,1149,1,-1,-1,-1,-1
2015551500418,1,9,0,11,0,8,0,0,0,0,4,1,6,2,32,6,1686,2,1,-1,1,-1
2015551500418,2,9,0,17,0,8,1,0,0,0,3,1,6,2,42,7,1299,1,17,-1,1,-1
2015551500419,1,1,0,18,0,0,0,0,0,0,0,1,2,1,38,7,-1,-1,-1,-1,-1,-1
2015551500419,2,9,0,18,0,0,0,0,0,0,0,1,6,1,31,6,2720,2,7,-1,1,-1
2015551500421,1,9,0,2,0,0,0,0,0,0,3,1,1,2,63,9,599,1,12,-1,1,-1
2015551500421,2,1,0,5,0,0,0,4,0,0,1,1,1,1,44,7,-1,-1,-1,-1,1,-1
2015551500423,1,9,0,3,0,0,0,0,0,0,2,1,6,2,65,9,1984,1,8,-1,-1,-1
2015551500423,2,9,0,4,0,0,0,0,0,0,1,1,6,2,23,5,1398,1,5,-1,1,-1
2015551500424,1,9,0,4,0,0,0,7,1,0,1,1,6,2,58,9,1461,2,9,-1,1,-1
2015551500425,1,9,0,18,0,8,0,0,0,0,4,1,6,1,26,6,1587,1,13,-1,1,-1
2015551500425,2,11,0,2,0,1,0,0,0,0,0,1,1,1,21,5,4461,2,2,-1,2,-1
2015551500426,1,9,0,18,0,8,1,0,0,0,1,1,2,1,25,5,1998,2,10,-1,1,-1
2015551500426,2,9,0,5,0,8,1,0,0,0,3,1,6,2,53,8,1124,1,13,-1,1,-1
2015551500427,1,9,0,7,4,5,0,0,0,0,4,1,6,1,59,9,1984,1,17,-1,1,-1
2015551500427,2,1,0,18,4,1,0,0,0,0,1,1,6,1,29,6,-1,-1,-1,-1,-1,-1
2015551500431,1,9,0,18,0,0,0,0,0,0,1,1,6,1,22,5,1781,1,18,-1,3,-1
2015551500431,2,9,0,18,0,0,0,0,0,0,3,1,6,1,26,6,-1,-1,-1,-1,1,-1
2015551500432,1,9,0,9,0,5,0,0,0,0,1,1,2,1,57,9,1497,1,12,-1,1,-1
2015551500432,2,1,0,18,0,6,0,0,0,0,3,1,6,1,11,3,-1,-1,-1,-1,-1,-1
2015551500434,1,5,0,18,0,0,0,0,0,0,1,1,2,1,43,7,1098,1,8,-1,3,-1
2015551500434,2,9,0,18,0,0,0,0,0,0,2,1,2,2,33,6,1348,1,8,-1,1,-1
2015551500434,3,9,0,18,0,0,0,0,0,0,0,1,1,2,38,7,1968,2,5,-1,-1,-1
2015551500435,1,9,0,18,0,0,0,0,0,0,1,1,1,2,33,6,998,1,-1,-1,3,-1
2015551500435,2,9,0,18,0,0,0,0,0,0,2,1,6,1,-1,-1,1582,2,7,-1,1,-1
2015551500435,3,9,0,18,0,0,0,0,0,0,2,1,6,2,-1,-1,1198,1,-1,-1,3,-1
2015551500436,1,9,0,7,0,8,0,0,0,0,1,1,6,1,71,10,1998,1,10,-1,3,-1
2015551500436,2,1,0,18,0,8,0,0,0,0,4,1,6,1,51,8,-1,-1,-1,-1,-1,-1
2015551500437,1,5,0,18,0,0,0,0,0,0,1,1,6,1,21,5,645,1,6,-1,1,-1
2015551500437,2,9,0,4,0,0,0,0,0,0,2,1,6,2,39,7,1984,1,9,-1,1,-1
2015551500438,1,9,0,1,0,0,0,4,7,10,2,1,6,1,89,11,3950,1,15,-1,3,-1
2015551500438,2,9,0,2,0,0,0,0,0,0,1,1,6,3,-1,-1,1328,1,12,-1,-1,-1
2015551500438,3,9,0,2,0,0,0,0,0,0,1,1,6,1,67,10,1560,2,1,-1,3,-1
2015551500439,1,1,0,5,0,6,0,0,0,0,1,1,6,2,49,8,-1,-1,-1,-1,-1,-1
2015551500439,2,19,0,17,0,1,0,0,0,0,1,1,1,1,58,9,2402,2,8,-1,1,-1
2015551500440,1,16,0,18,0,0,0,0,0,0,2,1,6,2,17,4,-1,-1,-1,-1,1,-1
2015551500440,2,9,0,18,0,0,0,12,0,0,4,1,6,3,-1,-1,-1,-1,-1,-1,-1,-1
2015551500441,1,5,0,18,0,0,0,0,1,4,1,1,6,1,39,7,645,1,6,-1,3,-1
2015551500442,1,9,0,4,0,0,0,0,0,0,0,1,6,3,-1,-1,-1,-1,-1,-1,-1,-1
2015551500442,2,9,0,18,0,0,0,0,1,4,1,1,6,2,19,4,1390,1,14,-1,1,-1
2015551500443,1,9,0,5,0,8,0,10,3,0,1,1,6,1,90,11,1198,1,6,-1,1,-1
2015551500444,1,9,0,18,0,1,1,4,0,0,1,1,2,1,41,7,1360,1,11,-1,1,-1
2015551500444,2,9,0,2,0,2,0,0,0,0,2,1,6,3,-1,-1,2000,2,11,-1,-1,-1
2015551500446,1,21,0,5,0,4,0,0,0,0,1,1,1,1,58,9,12130,2,9,-1,3,-1
2015551500446,2,9,0,5,0,4,0,0,0,0,3,1,6,1,80,11,1229,1,8,-1,1,-1
2015551500447,1,9,0,18,0,8,0,0,0,0,1,1,6,1,29,6,2720,2,8,-1,1,-1
2015551500447,2,9,0,18,0,8,0,0,0,0,3,1,6,2,27,6,1618,1,-1,-1,1,-1
2015551500448,1,2,0,9,0,8,1,0,0,0,4,1,6,1,17,4,49,1,12,-1,1,-1
2015551500449,1,9,0,5,0,8,0,0,0,0,0,1,6,2,63,9,1386,1,5,-1,-1,-1
2015551500449,2,9,0,18,0,1,0,4,0,0,1,1,1,2,22,5,1360,1,12,-1,1,-1
2015551500449,3,9,0,2,0,1,0,0,0,0,2,1,6,3,-1,-1,1796,1,1,-1,-1,-1
2015551500450,1,9,5,9,0,5,0,0,0,0,0,1,6,3,-1,-1,-1,-1,-1,-1,-1,-1
2015551500450,2,5,0,18,0,1,0,0,0,0,0,1,6,3,-1,-1,1299,1,9,-1,-1,-1
2015551500450,3,5,0,4,0,1,1,0,0,0,4,1,6,1,67,10,1165,1,11,-1,1,-1
2015551500451,1,5,0,13,0,0,0,0,0,0,1,1,2,1,26,6,-1,-1,-1,-1,1,-1
2015551500451,2,9,0,9,0,0,0,0,0,0,3,1,6,1,72,10,1997,2,7,-1,1,-1
2015551500452,1,9,0,18,0,0,5,0,1,0,4,1,6,1,24,5,1275,1,16,-1,1,-1
2015551500453,1,9,0,18,0,8,0,0,0,0,1,1,6,1,18,4,1595,1,16,-1,1,-1
2015551500453,2,9,0,18,0,8,0,0,0,0,1,1,1,1,33,6,1686,2,4,-1,1,-1
2015551500455,1,9,0,18,0,0,0,0,0,0,1,1,6,2,61,9,1596,1,10,-1,1,-1
2015551500455,2,9,0,3,0,0,0,0,0,0,2,1,6,1,55,8,2967,2,5,-1,-1,-1
2015551500455,3,9,0,3,0,0,0,0,0,0,2,1,6,2,76,11,1339,1,9,-1,1,-1
2015551500457,1,9,0,5,0,6,0,0,3,0,3,1,6,2,56,9,1599,1,11,-1,3,-1
2015551500457,2,9,0,18,0,1,0,0,7,0,1,1,6,2,35,6,1968,2,4,-1,3,-1
2015551500459,1,9,0,18,0,0,1,0,0,0,1,1,6,2,39,7,1598,1,6,-1,1,-1
2015551500459,2,9,0,18,0,0,1,0,0,0,1,1,2,1,35,6,2148,2,13,-1,1,-1
2015551500459,3,9,0,18,0,0,0,0,0,0,2,1,6,1,68,10,1797,8,-1,-1,1,-1
2015551500459,4,9,0,18,0,0,0,0,0,0,0,1,6,2,34,6,1997,2,9,-1,1,-1
2015551500460,1,9,0,9,0,6,0,0,0,0,4,1,6,2,76,11,1339,1,10,-1,1,-1
2015551500460,2,9,0,18,0,1,1,0,0,0,1,1,6,2,20,4,1242,1,17,-1,1,-1
2015551500460,3,20,1,18,0,1,0,0,0,0,3,1,1,1,29,6,-1,-1,-1,-1,1,-1
2015551500463,1,9,0,18,0,0,5,10,0,0,1,2,2,1,21,5,1229,1,2,-1,1,-1
2015551500465,1,9,0,18,0,3,0,0,0,0,1,1,6,2,-1,-1,1397,1,16,-1,1,-1
2015551500465,2,1,0,18,0,1,0,0,0,0,1,1,6,2,30,6,-1,-1,-1,-1,-1,-1
2015551500467,1,1,0,17,9,1,0,0,0,0,1,1,6,1,23,5,-1,-1,-1,-1,-1,-1
2015551500467,2,1,0,16,9,1,0,0,0,0,1,1,6,3,-1,-1,-1,-1,-1,-1,-1,-1
2015551500468,1,3,0,17,0,0,1,0,0,0,3,1,6,2,21,5,124,1,6,-1,1,-1
2015551500469,1,9,0,9,0,5,0,0,7,0,4,1,6,1,65,9,1998,2,12,-1,1,-1
2015551500469,2,1,0,18,0,1,0,0,0,0,1,1,6,1,41,7,-1,-1,-1,-1,-1,-1
2015551500474,1,9,0,18,0,0,0,0,0,0,1,1,6,1,39,7,1896,2,21,-1,1,-1
2015551500474,2,9,0,18,0,0,0,0,0,0,2,1,6,1,45,7,1798,1,8,-1,1,-1
2015551500474,3,9,0,18,0,0,0,0,0,0,2,1,6,2,33,6,1995,2,6,-1,1,-1
2015551500476,1,11,0,2,0,0,0,0,0,0,0,1,1,1,56,9,-1,-1,-1,-1,1,-1
2015551500477,1,9,0,18,0,1,1,0,7,0,3,1,6,2,19,4,1242,1,2,-1,1,-1
2015551500477,2,9,0,7,0,6,0,0,0,0,1,1,6,1,78,11,1360,1,9,-1,1,-1
2015551500478,1,9,0,18,0,2,1,0,0,0,3,1,6,1,53,8,1124,1,16,-1,2,-1
2015551500479,1,9,0,9,0,1,0,0,0,0,1,1,6,2,57,9,1598,1,9,-1,1,-1
2015551500479,2,4,0,14,0,1,0,0,0,0,1,1,6,1,19,4,124,1,6,-1,1,-1
2015551500482,1,9,0,5,0,0,1,0,0,0,1,1,6,3,-1,-1,-1,-1,-1,-1,-1,-1
2015551500484,1,9,0,18,0,8,0,0,0,0,1,1,6,2,28,6,1753,2,12,-1,1,-1
2015551500484,2,9,0,5,0,6,0,0,0,0,4,1,6,2,52,8,1598,2,2,-1,1,-1
2015551500485,1,9,0,18,0,1,1,0,0,0,1,1,6,1,26,6,-1,-1,-1,-1,1,-1
2015551500485,2,9,0,3,0,1,0,0,0,0,2,1,6,2,48,8,1198,1,6,-1,1,-1
2015551500485,3,9,0,3,0,1,0,0,0,0,2,1,6,2,46,8,973,1,15,-1,2,-1
2015551500486,1,9,0,9,0,1,0,0,0,0,4,1,6,2,70,10,1560,2,7,-1,1,-1
2015551500486,2,3,0,18,0,1,1,0,0,0,1,1,6,1,18,4,125,1,12,-1,1,-1
2015551500489,1,9,0,3,0,1,0,0,0,0,2,1,6,2,32,6,1242,1,10,-1,1,-1
2015551500489,2,9,0,3,0,1,0,4,0,0,1,1,6,1,73,10,1794,1,9,-1,2,-1
2015551500490,1,19,0,7,0,1,0,0,0,0,1,1,1,1,33,6,2198,2,1,-1,1,-1
2015551500490,2,9,0,4,0,1,0,0,0,0,2,1,6,2,41,7,1248,2,3,-1,1,-1
2015551500491,1,9,0,2,0,0,0,8,0,0,3,1,6,1,47,8,1560,2,5,-1,1,-1
2015551500491,2,1,0,18,0,0,0,0,0,0,1,1,6,2,19,4,-1,-1,-1,-1,-1,-1
2015551500494,1,9,0,18,0,0,0,0,0,0,1,1,3,1,64,9,1985,1,17,-1,2,-1
2015551500494,2,9,0,4,0,0,0,0,0,0,1,1,1,1,46,8,2179,2,6,-1,3,-1
2015551500502,1,9,0,9,0,1,0,0,0,0,2,1,6,2,46,8,1149,1,11,-1,3,-1
2015551500502,2,9,0,4,0,1,0,0,0,0,2,1,6,1,46,8,1686,2,5,-1,1,-1
2015551500502,3,9,0,4,0,1,0,0,0,0,1,1,6,1,47,8,-1,-1,-1,-1,1,-1
2015551500502,4,9,0,18,0,1,0,0,0,0,1,1,6,2,24,5,1149,1,4,-1,2,-1
2015551500503,1,9,0,16,0,0,0,0,0,0,1,1,2,1,24,5,1796,1,13,-1,1,-1
2015551500503,2,9,0,17,0,0,0,0,1,11,1,1,6,2,49,8,1399,2,6,-1,-1,-1
2015551500504,1,9,0,18,0,4,0,0,0,0,1,1,1,1,31,6,1956,2,1,-1,1,-1
2015551500504,2,3,0,18,0,4,0,0,0,0,2,1,2,1,39,7,85,1,27,-1,1,-1
2015551500506,1,5,0,18,0,0,1,11,0,0,2,1,6,1,50,8,1170,1,7,-1,1,-1
2015551500507,1,5,0,18,0,2,0,0,0,0,1,1,6,1,20,4,1200,1,15,-1,1,-1
2015551500507,2,9,0,18,0,1,0,0,0,0,2,1,6,1,24,5,1997,1,13,-1,1,-1
2015551500507,3,5,0,18,0,2,0,0,0,0,0,1,6,1,21,5,599,1,11,-1,-1,-1
2015551500508,1,9,0,3,0,1,0,0,0,0,2,1,3,2,32,6,1998,2,10,-1,1,-1
2015551500508,2,9,0,3,0,1,0,0,0,0,2,1,3,2,33,6,1390,1,7,-1,1,-1
2015551500508,3,9,0,18,0,1,0,0,0,0,1,1,2,1,68,10,1998,2,6,-1,1,-1
2015551500509,1,9,0,5,0,1,0,0,3,11,1,1,6,2,20,4,1299,1,10,-1,-1,-1
2015551500512,1,9,0,18,0,2,0,0,0,0,1,1,1,2,24,5,1229,1,1,-1,1,-1
2015551500512,2,9,0,18,0,1,0,0,7,4,2,1,6,1,76,11,1198,1,7,-1,1,-1
2015551500513,1,1,0,18,9,0,0,0,0,0,1,1,6,1,7,2,-1,-1,-1,-1,1,-1
2015551500513,2,9,0,18,0,0,0,0,0,0,4,1,2,2,28,6,1248,2,5,-1,1,-1
2015551500519,1,9,0,18,0,0,0,0,0,0,1,1,6,2,46,8,3179,1,13,-1,1,-1
2015551500519,2,1,0,18,0,0,0,0,0,0,1,1,4,1,14,3,-1,-1,-1,-1,-1,-1
2015551500520,1,4,0,18,0,2,0,0,0,0,1,1,1,1,20,4,107,1,2,-1,3,-1
2015551500520,2,9,0,9,0,2,0,0,0,0,4,1,6,1,49,8,1590,1,12,-1,1,-1
2015551500522,1,10,0,18,0,8,0,0,0,0,1,1,1,1,73,10,2998,2,6,-1,1,-1
2015551500522,2,2,0,18,0,1,0,0,0,0,1,1,6,2,24,5,124,1,9,-1,1,-1
2015551500523,1,9,0,18,0,6,0,0,0,0,4,1,2,2,38,7,1598,1,9,-1,1,-1
2015551500523,2,19,0,18,0,2,0,0,0,0,1,1,1,1,26,6,1896,2,5,-1,1,-1
2015551500526,1,9,0,18,0,1,0,0,0,0,4,1,6,3,-1,-1,1386,1,7,-1,1,-1
2015551500528,1,9,0,1,0,6,0,0,0,0,2,1,6,3,-1,-1,1598,1,14,-1,3,-1
2015551500528,2,9,0,2,0,8,0,0,0,0,2,1,6,1,-1,-1,1686,2,2,-1,1,-1
2015551500529,1,9,0,18,0,1,0,0,0,0,1,1,6,2,74,10,1198,1,1,-1,1,-1
2015551500529,2,9,0,2,0,2,0,0,0,0,1,1,6,3,-1,-1,1956,2,5,-1,-1,-1
2015551500530,1,9,0,5,0,6,0,0,0,0,1,1,6,1,44,7,-1,-1,-1,-1,1,-1
2015551500530,2,9,0,18,0,8,0,0,0,0,4,1,6,2,31,6,1339,1,10,-1,1,-1
2015551500532,1,9,0,5,0,2,0,4,0,0,1,1,6,1,17,4,1590,1,11,-1,1,-1
2015551500532,2,9,0,2,0,1,0,0,0,0,1,1,6,3,-1,-1,1299,1,11,-1,-1,-1
2015551500533,1,3,0,17,0,0,1,0,1,4,1,1,6,1,20,4,-1,-1,-1,-1,1,-1
2015551500535,1,5,0,18,0,0,1,0,0,0,0,1,6,1,64,9,750,1,18,-1,1,-1
2015551500536,1,9,3,5,0,4,0,0,0,0,2,1,6,3,33,6,1896,2,8,-1,-1,-1
2015551500536,2,19,0,5,0,4,0,0,0,0,4,1,6,1,34,6,1248,2,7,-1,1,-1
2015551500538,1,9,0,7,0,5,1,7,6,1,1,1,6,2,18,4,1598,2,4,-1,1,-1
2015551500539,1,9,0,17,0,0,0,0,0,0,3,1,6,1,38,7,-1,-1,-1,-1,1,-1
2015551500539,2,9,0,16,0,0,0,0,1,0,3,1,6,2,35,6,1896,2,12,-1,1,-1
2015551500540,1,9,0,9,0,6,0,0,0,0,3,1,6,2,23,5,1149,1,8,-1,1,-1
2015551500540,2,20,0,18,0,1,0,0,0,0,1,1,1,1,55,8,6693,2,2,-1,1,-1
2015551500541,1,9,0,7,0,3,0,0,0,0,1,1,6,1,67,10,2967,1,15,-1,-1,-1
2015551500541,2,9,0,18,0,8,0,0,0,0,3,1,6,1,19,4,1299,1,14,-1,1,-1
2015551500542,1,9,0,18,0,2,0,0,0,0,4,1,1,1,48,8,1598,1,8,-1,1,-1
2015551500542,2,1,0,4,5,1,0,0,0,0,1,1,1,1,54,8,-1,-1,-1,-1,1,-1
2015551500544,1,9,0,1,6,0,0,0,0,0,2,1,6,1,63,9,2720,2,6,-1,3,-1
2015551500545,1,19,0,7,0,8,0,0,0,0,2,1,6,1,65,9,-1,-1,-1,-1,3,-1
2015551500545,2,19,0,8,0,8,0,0,0,0,1,1,1,1,23,5,1598,2,-1,-1,1,-1
2015551500546,1,9,0,17,0,0,0,0,0,0,1,1,6,2,57,9,1590,1,10,-1,-1,-1
2015551500546,2,9,0,16,0,0,0,0,1,0,1,1,6,2,67,10,2688,2,14,-1,3,-1
2015551500547,1,9,0,4,0,1,0,0,0,0,1,1,6,1,50,8,1796,1,15,-1,2,-1
2015551500547,2,9,0,2,0,1,0,0,0,0,3,1,6,3,-1,-1,1332,1,16,-1,-1,-1
2015551500549,1,9,0,16,0,0,2,0,0,0,3,1,6,1,33,6,1596,1,5,-1,1,-1
2015551500549,2,9,0,17,0,0,0,0,0,0,3,1,6,1,29,6,1597,2,-1,-1,1,-1
2015551500556,1,9,0,17,0,0,0,0,0,0,1,1,6,1,40,7,1896,2,7,-1,1,-1
2015551500556,2,9,0,4,0,0,0,0,1,0,1,1,6,1,25,5,1951,2,10,-1,2,-1
2015551500560,1,9,0,9,0,5,0,0,0,0,1,1,6,2,56,9,1998,2,8,-1,1,-1
2015551500560,2,3,0,18,0,8,0,0,0,0,1,1,6,1,18,4,50,1,-1,-1,-1,-1
2015551500562,1,9,0,9,0,1,0,0,0,0,1,1,6,1,75,10,1905,2,17,-1,2,-1
2015551500562,2,9,0,18,0,1,0,0,0,0,1,1,2,1,52,8,1339,1,9,-1,1,-1
2015551500563,1,9,0,18,0,0,0,0,0,0,1,1,6,1,70,10,1598,1,10,-1,3,-1
2015551500563,2,9,0,3,0,0,0,0,0,0,2,1,6,2,51,8,1600,2,4,-1,3,-1
2015551500563,3,9,0,3,0,0,0,0,0,0,2,1,6,1,45,7,1968,2,4,-1,3,-1
2015551500563,4,9,0,3,0,0,0,0,0,0,2,1,6,1,51,8,1587,1,18,-1,1,-1
2015551500563,5,9,0,3,0,0,0,0,0,0,2,1,6,1,40,7,1956,2,5,-1,1,-1
2015551500563,6,21,1,2,6,0,0,0,0,0,3,2,6,1,42,7,-1,-1,-1,-1,-1,-1
2015551500563,7,9,0,18,0,0,0,0,0,0,1,1,6,1,32,6,1461,2,1,-1,1,-1
2015551500568,1,1,0,18,0,0,0,0,0,0,1,1,6,1,64,9,-1,-1,-1,-1,-1,-1
2015551500568,2,9,0,18,0,0,0,0,0,0,1,1,6,2,64,9,1596,1,13,-1,-1,-1
2015551500569,1,9,0,9,0,6,0,0,0,0,1,1,6,2,26,6,2499,1,8,-1,1,-1
2015551500569,2,9,0,18,0,1,0,0,0,0,4,1,2,1,34,6,1590,1,11,-1,1,-1
2015551500570,1,9,0,6,0,0,0,0,0,0,3,1,6,1,25,5,1199,1,11,-1,1,-1
2015551500570,2,5,0,13,0,0,0,0,0,0,1,1,2,1,31,6,998,1,11,-1,1,-1
2015551500573,1,1,0,7,0,7,0,0,0,0,1,1,6,1,25,5,-1,-1,-1,-1,1,-1
2015551500573,2,9,0,18,0,7,0,0,0,0,4,1,2,1,46,8,1984,1,12,-1,2,-1
2015551500574,1,9,0,18,0,0,0,0,1,2,1,1,6,1,28,6,1299,1,15,-1,1,-1
2015551500575,1,9,0,10,0,5,0,0,0,0,2,1,6,1,57,9,1598,1,13,-1,1,-1
2015551500575,2,11,0,4,0,1,0,0,0,0,1,1,1,1,61,9,9186,2,1,-1,1,-1
2015551500578,1,1,0,18,0,0,0,0,1,0,0,1,6,1,74,10,-1,-1,-1,-1,-1,-1
2015551500579,1,9,0,18,0,2,0,0,0,0,1,1,6,1,28,6,2793,1,20,-1,1,-1
2015551500582,1,9,0,18,0,8,0,0,0,0,1,1,2,2,47,8,1590,1,12,-1,3,-1
2015551500582,2,21,0,9,0,6,0,0,0,0,1,1,1,1,39,7,7146,2,8,-1,-1,-1
2015551500583,1,3,0,14,0,1,0,0,0,0,1,1,2,1,30,6,125,1,6,-1,1,-1
2015551500583,2,9,0,9,0,6,0,0,0,0,3,1,2,2,32,6,1598,1,4,-1,1,-1
2015551500584,1,9,0,16,0,0,1,0,0,0,1,1,6,1,22,5,1968,2,8,-1,1,-1
2015551500584,2,19,0,18,0,0,0,0,0,0,1,1,6,1,61,9,1968,2,11,-1,-1,-1
2015551500585,1,2,0,18,0,0,1,0,0,0,0,1,6,1,29,6,49,1,3,-1,1,-1
2015551500586,1,8,0,3,0,0,0,0,0,0,2,1,1,1,52,8,1598,2,2,-1,1,-1
2015551500586,2,9,0,18,0,0,0,11,0,0,1,1,6,2,22,5,1796,1,9,-1,1,-1
2015551500587,1,9,0,18,0,1,0,0,0,0,1,1,6,2,29,6,1598,1,12,-1,1,-1
2015551500587,2,9,0,4,0,1,0,0,0,0,2,1,6,1,68,10,1956,2,4,-1,1,-1
2015551500587,3,9,0,18,0,2,0,0,0,0,3,1,6,1,80,11,1124,1,16,-1,1,-1
2015551500588,1,9,0,18,9,6,0,0,0,0,1,1,3,2,25,5,1796,1,9,-1,-1,-1
2015551500588,2,1,0,18,9,1,0,0,0,0,1,1,6,1,9,2,-1,-1,-1,-1,-1,-1
2015551500589,1,9,0,4,0,1,0,0,0,0,1,1,2,1,47,8,1388,1,12,-1,1,-1
2015551500592,1,3,0,4,0,0,0,0,0,0,1,1,6,1,20,4,-1,-1,-1,-1,1,-1
2015551500592,2,9,0,4,0,0,0,0,0,0,2,1,6,2,46,8,1560,2,10,-1,1,-1
2015551500597,1,9,0,9,0,6,0,0,0,0,3,1,2,2,34,6,1753,2,15,-1,1,-1
2015551500597,2,1,0,18,0,8,0,0,0,0,1,1,2,1,24,5,-1,-1,-1,-1,-1,-1
2015551500600,1,2,0,17,0,1,1,0,0,0,4,1,6,1,20,4,124,1,11,-1,1,-1
2015551500601,1,5,0,3,0,1,0,0,0,0,1,1,6,1,30,6,749,1,15,-1,3,-1
2015551500601,2,17,4,9,0,5,0,0,0,0,3,1,1,3,-1,-1,-1,-1,-1,-1,-1,-1
2015551500602,1,9,0,16,0,0,5,0,7,4,1,1,6,1,63,9,1388,1,7,-1,1,-1
2015551500604,1,9,0,16,0,8,0,0,0,0,0,1,6,3,-1,-1,-1,-1,-1,-1,-1,-1
2015551500604,2,1,0,9,0,8,1,0,0,0,0,1,6,2,56,9,-1,-1,-1,-1,3,-1
2015551500606,1,9,0,9,0,1,0,0,0,0,1,1,6,1,44,7,2398,1,17,-1,3,-1
2015551500606,2,9,0,18,0,1,0,0,0,0,1,1,6,1,54,8,1870,2,13,-1,1,-1
2015551500608,1,19,0,18,0,0,1,0,0,0,1,1,1,1,30,6,2143,2,1,-1,2,-1
2015551500608,2,10,0,18,0,0,0,0,0,0,1,1,3,1,38,7,2370,2,22,-1,3,-1
2015551500612,1,9,0,1,0,0,0,0,0,0,2,1,6,1,32,6,1229,1,9,-1,1,-1
2015551500613,1,5,0,16,0,0,1,0,1,4,1,1,6,1,53,8,892,1,15,-1,1,-1
2015551500613,2,17,5,18,0,0,1,0,0,0,3,1,1,1,32,6,6728,2,1,-1,3,-1
2015551500615,1,11,0,18,0,0,0,0,0,0,4,1,3,1,34,6,9600,2,17,-1,1,-1
2015551500616,1,9,0,18,0,1,0,0,0,0,4,1,6,1,83,11,998,1,9,-1,-1,-1
2015551500616,2,9,0,5,0,1,0,0,0,0,3,1,6,2,38,7,1390,1,2,-1,1,-1
2015551500616,3,9,0,2,0,1,0,0,0,0,4,1,6,3,-1,-1,1596,1,11,-1,-1,-1
2015551500617,1,9,0,18,0,0,1,12,7,4,1,1,2,1,44,7,1422,2,9,-1,2,-1
2015551500618,1,9,0,18,0,1,0,0,0,0,1,1,3,1,17,4,1242,1,13,-1,2,-1
2015551500618,2,19,0,10,0,1,0,0,0,0,2,1,1,1,43,7,1686,2,9,-1,3,-1
2015551500620,1,9,0,4,0,0,0,0,0,0,4,1,6,1,51,8,2497,2,8,-1,1,-1
2015551500620,2,1,0,18,0,0,0,0,0,0,2,1,6,1,15,3,-1,-1,-1,-1,1,-1