Accident_Index,Vehicle_Reference,Vehicle_Type,Towing_and_Articulation,Vehicle_Manoeuvre,Vehicle_Location-Restricted_Lane,Junction_Location,Skidding_and_Overturning,Hit_Object_in_Carriageway,Vehicle_Leaving_Carriageway,Hit_Object_off_Carriageway,1st_Point_of_Impact,Was_Vehicle_Left_Hand_Drive?,Journey_Purpose_of_Driver,Sex_of_Driver,Age_of_Driver,Age_Band_of_Driver,Engine_Capacity_(CC),Propulsion_Code,Age_of_Vehicle,Driver_IMD_Decile,Driver_Home_Area_Type,Vehicle_IMD_Decile
2015551500844,1,9,0,4,0,0,0,0,0,0,1,1,6,2,84,11,1198,1,6,-1,1,-1
2015551500844,2,9,0,4,0,0,1,11,0,0,1,1,6,3,-1,-1,1389,1,15,-1,-1,-1
2015551500845,1,9,0,5,0,4,0,0,0,0,3,1,6,1,31,6,1587,1,13,-1,1,-1
2015551500845,2,2,0,18,0,8,0,0,0,0,1,1,2,1,42,7,124,1,12,-1,1,-1
2015551500846,1,9,0,18,0,0,0,0,0,0,1,1,6,3,-1,-1,-1,-1,-1,-1,-1,-1
2015551500847,1,9,0,18,0,1,1,0,1,4,1,1,1,1,33,6,2354,1,10,-1,1,-1
2015551500847,2,17,4,9,0,5,0,0,0,0,0,1,1,1,20,4,-1,2,5,-1,3,-1
2015551500848,1,9,0,18,0,2,0,0,0,0,1,1,1,2,30,6,1390,1,18,-1,1,-1
2015551500848,2,9,0,18,0,2,0,0,0,0,2,1,6,1,55,8,1968,2,8,-1,1,-1
2015551500849,1,1,0,18,5,1,0,0,0,0,1,1,6,1,42,7,-1,-1,-1,-1,-1,-1
2015551500849,2,9,0,7,0,1,0,0,0,0,4,1,2,1,27,6,1868,2,15,-1,1,-1
2015551500850,1,9,0,11,6,0,0,0,0,0,1,1,6,2,45,7,1560,2,8,-1,1,-1
2015551500850,2,9,0,2,6,0,0,0,0,0,2,1,6,1,-1,-1,875,1,1,-1,1,-1
2015551500850,3,9,0,2,6,0,0,0,0,0,2,1,6,1,31,6,1242,1,4,-1,1,-1
2015551500851,1,9,0,16,0,1,5,0,7,10,0,1,2,1,18,4,1398,2,7,-1,3,-1
2015551500852,1,9,0,17,0,0,0,0,1,2,1,1,6,1,20,4,-1,-1,-1,-1,2,-1
2015551500854,1,9,0,12,0,0,0,0,0,0,0,1,6,1,29,6,1396,1,1,-1,1,-1
2015551500854,2,9,0,18,0,0,1,0,0,0,4,1,2,1,45,7,4293,1,13,-1,1,-1
2015551500854,3,9,0,18,0,0,0,0,1,9,1,1,6,2,41,7,1598,1,11,-1,1,-1
2015551500856,1,9,0,9,0,1,0,0,0,0,1,1,6,1,83,11,1596,1,12,-1,1,-1
2015551500856,2,9,0,18,0,1,0,0,0,0,1,1,6,2,30,6,1368,1,6,-1,1,-1
2015551500856,3,9,0,18,0,1,0,0,0,0,1,1,6,1,31,6,2148,2,10,-1,1,-1
2015551500857,1,19,0,7,0,4,0,0,0,0,1,1,6,1,42,7,1598,2,1,-1,1,-1
2015551500857,2,1,0,18,0,8,0,0,0,0,4,1,2,1,45,7,-1,-1,-1,-1,-1,-1
2015551500860,1,9,0,9,0,1,0,0,0,0,3,1,6,1,25,5,1360,1,11,-1,1,-1
2015551500860,2,9,0,18,0,1,0,0,0,0,1,1,2,2,27,6,1341,1,11,-1,1,-1
2015551500861,1,9,0,5,0,8,0,0,0,0,1,1,6,1,57,9,-1,-1,-1,-1,1,-1
2015551500861,2,1,0,9,0,8,0,0,0,0,2,1,6,1,40,7,-1,-1,-1,-1,-1,-1
2015551500862,1,9,0,5,0,2,0,0,0,0,4,1,6,2,53,8,1339,1,2,-1,1,-1
2015551500863,1,9,0,16,0,0,0,0,0,0,1,1,6,1,81,11,1248,1,5,-1,3,-1
2015551500863,2,19,0,3,0,0,0,0,0,0,2,1,1,3,-1,-1,2298,2,-1,-1,-1,-1
2015551500863,3,9,0,3,0,0,0,0,0,0,2,1,6,3,-1,-1,1998,1,11,-1,-1,-1
2015551500864,1,9,0,18,0,1,0,0,0,0,1,1,6,1,56,9,1560,2,3,-1,1,-1
2015551500864,2,1,0,18,0,1,0,0,0,0,2,1,2,1,50,8,-1,-1,-1,-1,-1,-1
2015551500865,1,2,0,17,0,8,0,0,0,0,0,1,6,3,-1,-1,-1,-1,-1,-1,-1,-1
2015551500865,2,9,0,18,0,8,1,10,2,7,4,1,6,2,17,4,1388,1,12,-1,1,-1
2015551500866,1,19,0,18,0,0,0,0,0,0,1,1,1,1,30,6,2298,2,-1,-1,3,-1
2015551500866,2,9,0,4,0,0,0,0,0,0,2,1,6,2,45,7,1149,1,8,-1,2,-1
2015551500867,1,9,0,9,0,1,0,0,0,0,1,1,6,1,29,6,1900,2,10,-1,1,-1
2015551500867,2,9,0,13,0,1,1,10,6,10,1,1,6,1,64,9,1360,1,10,-1,2,-1
2015551500868,1,9,4,18,0,0,1,0,0,0,1,1,1,1,49,8,2495,2,18,-1,3,-1
2015551500868,2,9,0,18,0,0,5,0,1,7,3,1,6,2,72,10,1149,1,10,-1,-1,-1
2015551500869,1,9,0,5,0,0,0,0,0,0,0,1,1,1,51,8,1149,1,8,-1,1,-1
2015551500869,2,3,0,18,0,0,0,0,0,0,0,1,2,1,18,4,124,1,-1,-1,1,-1
2015551500870,1,5,0,17,0,0,1,0,1,0,3,1,6,1,42,7,649,1,8,-1,1,-1
2015551500871,1,9,0,13,0,0,1,0,7,0,4,1,6,2,19,4,1896,2,13,-1,1,-1
2015551500871,2,9,0,18,0,0,2,0,7,10,3,1,6,1,63,9,2151,2,13,-1,1,-1
2015551500872,1,19,0,17,0,0,0,0,7,11,1,1,1,1,21,5,1399,2,6,-1,1,-1
2015551500873,1,9,0,5,0,8,0,0,0,0,1,1,6,2,-1,-1,1390,1,11,-1,-1,-1
2015551500873,2,3,0,18,0,8,0,0,0,0,4,1,6,1,28,6,124,1,11,-1,1,-1
2015551500874,1,9,0,9,0,8,0,0,0,0,1,1,6,2,33,6,1598,1,8,-1,1,-1
2015551500874,2,9,0,18,0,8,0,0,0,0,1,1,6,1,83,11,1396,1,21,-1,-1,-1
2015551500875,1,5,0,18,0,3,0,0,0,0,4,1,2,1,24,5,-1,-1,-1,-1,1,-1
2015551500875,2,1,0,9,0,3,0,0,0,0,1,1,2,1,21,5,-1,-1,-1,-1,-1,-1
2015551500876,1,9,0,7,0,1,0,0,0,0,4,1,6,2,24,5,1242,1,6,-1,1,-1
2015551500876,2,9,0,18,0,1,0,0,1,11,4,1,6,2,81,11,1296,1,8,-1,1,-1
2015551500876,3,9,0,2,6,1,0,0,0,0,1,2,6,3,-1,-1,-1,-1,-1,-1,-1,-1
2015551500877,1,9,0,18,0,2,0,4,0,0,1,1,6,2,28,6,1395,1,1,-1,1,-1
2015551500877,2,9,0,3,0,2,0,0,0,0,2,1,6,2,41,7,1339,1,7,-1,2,-1
2015551500877,3,9,0,3,0,2,0,0,0,0,2,1,6,1,20,4,1599,1,6,-1,-1,-1
2015551500877,4,19,0,3,0,2,0,0,0,0,2,1,6,1,42,7,-1,-1,-1,-1,2,-1
2015551500878,1,9,0,18,0,0,5,0,0,0,1,1,6,1,75,10,796,1,15,-1,-1,-1
2015551500878,2,21,0,18,0,0,1,0,0,0,1,1,1,1,46,8,6871,2,2,-1,1,-1
2015551500879,1,1,0,18,0,8,0,0,0,0,1,1,6,1,15,3,-1,-1,-1,-1,1,-1
2015551500879,2,9,0,18,0,8,0,0,0,0,4,1,2,2,49,8,1968,2,8,-1,1,-1
2015551500880,1,5,0,18,0,0,0,0,0,0,1,1,2,1,56,9,1084,1,15,-1,2,-1
2015551500881,1,9,0,17,0,0,5,0,1,11,1,1,6,1,25,5,1798,1,6,-1,1,-1
2015551500882,1,9,0,12,0,0,1,0,0,0,0,1,6,1,37,7,1968,2,7,-1,2,-1
2015551500882,2,9,0,17,0,0,5,0,5,6,1,1,6,2,21,5,1149,1,11,-1,3,-1
2015551500883,1,1,0,17,0,0,0,10,0,0,1,1,6,2,46,8,-1,-1,-1,-1,-1,-1
2015551500885,1,5,0,13,0,0,0,0,0,0,1,1,6,1,53,8,1084,1,14,-1,2,-1
2015551500885,2,9,0,9,0,0,0,0,7,0,3,1,6,1,34,6,1596,1,6,-1,2,-1
2015551500887,1,9,0,18,0,0,0,0,0,0,1,1,6,2,20,4,2490,1,22,-1,1,-1
2015551500887,2,9,0,18,0,0,0,0,0,0,1,1,6,1,76,11,1598,2,-1,-1,1,-1
2015551500887,3,9,0,18,0,0,0,0,0,0,1,1,6,2,38,7,1200,1,2,-1,3,-1
2015551500888,1,2,0,14,0,1,0,0,0,0,1,1,6,1,21,5,125,1,16,-1,1,-1
2015551500888,2,8,0,6,0,1,0,0,0,0,3,1,1,1,40,7,1998,2,2,-1,1,-1
2015551500889,1,19,0,16,0,0,0,0,7,1,1,1,2,1,21,5,1399,2,8,-1,1,-1
2015551500890,1,9,0,18,0,0,0,4,0,0,1,1,6,1,86,11,998,1,9,-1,1,-1
2015551500890,2,9,0,2,0,0,0,0,0,0,2,1,6,3,-1,-1,1968,2,8,-1,-1,-1
2015551500890,3,9,0,18,0,0,0,0,0,0,1,1,6,2,59,9,2204,2,7,-1,1,-1
2015551500891,1,9,0,9,0,1,0,0,0,0,1,1,6,2,81,11,1086,1,11,-1,3,-1
2015551500891,2,5,0,18,0,1,0,0,0,0,1,1,6,1,43,7,650,1,55,-1,-1,-1
2015551500893,1,9,0,17,0,0,0,0,7,4,3,1,6,1,29,6,2494,2,7,-1,1,-1
2015551500893,2,9,0,16,0,0,0,0,0,0,3,1,6,1,46,8,1796,1,14,-1,1,-1
2015551500898,1,9,0,7,0,1,0,0,0,0,4,1,6,3,-1,-1,-1,-1,-1,-1,-1,-1
2015551500898,2,1,0,18,0,1,0,0,0,0,1,1,2,1,33,6,-1,-1,-1,-1,-1,-1
2015551500899,1,9,0,18,0,2,0,0,0,0,1,2,1,1,47,8,998,1,2,-1,1,-1
2015551500901,1,1,0,18,0,6,0,0,0,0,1,1,4,1,12,3,-1,-1,-1,-1,1,-1
2015551500901,2,9,0,18,0,1,0,0,0,0,4,1,6,1,56,9,1988,1,15,-1,1,-1
2015551500902,1,19,0,18,0,1,1,0,0,0,1,1,2,1,22,5,1870,2,11,-1,1,-1
2015551500902,2,9,0,9,0,1,0,0,0,0,2,1,6,1,34,6,998,1,13,-1,3,-1
2015551500903,1,9,0,16,0,0,1,0,0,0,1,1,6,1,20,4,1799,1,8,-1,2,-1
2015551500903,2,90,0,4,0,0,0,0,0,0,1,1,1,1,50,8,2143,2,4,-1,2,-1
2015551500904,1,5,0,18,0,0,1,10,1,0,1,1,6,1,26,6,849,1,19,-1,3,-1
2015551500905,1,9,4,4,0,1,1,0,0,0,1,1,6,1,50,8,2198,2,2,-1,3,-1
2015551500905,2,9,0,3,0,1,0,0,0,0,2,1,6,1,23,5,1242,1,7,-1,1,-1
2015551500905,3,9,0,3,0,1,0,0,0,0,2,1,6,1,66,10,1560,2,1,-1,2,-1
2015551500906,1,9,0,17,0,0,1,0,0,0,1,1,6,2,22,5,1364,1,8,-1,1,-1
2015551500906,2,9,0,16,0,0,0,0,0,0,1,1,6,2,48,8,1896,2,13,-1,2,-1
2015551500908,1,9,0,18,0,2,0,0,0,0,1,1,6,2,90,11,1598,1,8,-1,1,-1
2015551500908,2,9,0,5,0,1,0,0,0,0,1,1,1,1,48,8,1560,2,2,-1,1,-1
2015551500908,3,9,0,3,0,1,0,0,0,0,4,1,1,2,-1,-1,-1,-1,-1,-1,1,-1
2015551500911,1,4,0,13,0,1,1,0,0,0,1,1,6,1,24,5,125,1,-1,-1,1,-1
2015551500911,2,9,0,9,0,6,0,0,0,0,3,1,2,1,52,8,-1,-1,-1,-1,1,-1
2015551500912,1,9,0,18,0,0,2,0,1,4,1,1,6,1,36,7,2000,1,10,-1,1,-1
2015551500913,1,9,0,18,0,0,5,0,2,10,4,1,6,1,61,9,1598,1,3,-1,2,-1
2015551500914,1,9,0,18,0,0,0,0,1,10,1,1,6,1,50,8,2172,2,14,-1,3,-1
2015551500916,1,9,0,9,0,5,0,0,0,0,1,2,6,1,48,8,-1,-1,-1,-1,-1,-1
2015551500916,2,9,0,18,0,8,1,0,1,4,3,1,1,2,24,5,998,1,14,-1,1,-1
2015551500917,1,5,0,18,0,8,0,0,0,0,1,1,6,1,57,9,865,1,4,-1,1,-1
2015551500917,2,9,0,9,0,2,0,0,0,0,1,1,6,2,20,4,875,1,1,-1,1,-1
2015551500918,1,9,0,18,0,0,1,0,0,0,1,1,2,1,31,6,2497,2,10,-1,1,-1
2015551500918,2,9,0,1,0,0,0,0,0,0,0,1,6,1,55,8,-1,-1,-1,-1,1,-1
2015551500918,3,9,0,3,0,0,0,0,0,0,2,1,2,1,37,7,1390,1,10,-1,1,-1
2015551500918,4,9,0,18,0,0,0,0,1,0,1,1,6,2,56,9,1870,2,11,-1,2,-1
2015551500919,1,1,0,18,0,0,0,0,0,0,1,1,6,2,27,6,-1,-1,-1,-1,1,-1
2015551500920,1,9,0,7,0,5,0,0,0,0,1,1,6,2,33,6,1124,1,8,-1,1,-1
2015551500920,2,1,0,5,0,6,0,0,0,0,2,1,6,2,59,9,-1,-1,-1,-1,1,-1
2015551500921,1,9,0,7,0,1,0,0,0,0,1,1,6,2,35,6,1796,1,8,-1,1,-1
2015551500921,2,1,0,18,0,8,0,0,0,0,1,1,6,1,30,6,-1,-1,-1,-1,-1,-1
2015551500924,1,9,0,5,0,4,0,0,0,0,1,1,6,1,67,10,1769,1,14,-1,1,-1
2015551500924,2,1,0,18,0,8,0,0,0,0,4,1,6,1,33,6,-1,-1,-1,-1,-1,-1
2015551500925,1,9,0,18,0,2,0,0,0,0,2,1,6,1,31,6,1984,1,11,-1,1,-1
2015551500925,2,1,0,9,0,6,0,0,0,0,1,1,6,1,26,6,-1,-1,-1,-1,1,-1
2015551500926,1,9,0,5,0,6,0,0,0,0,3,1,6,1,74,10,1461,2,2,-1,1,-1
2015551500926,2,9,0,18,0,8,1,0,0,0,1,1,6,2,32,6,998,1,13,-1,3,-1
2015551500928,1,9,0,4,7,0,2,4,0,0,1,1,6,1,50,8,998,1,14,-1,1,-1
2015551500928,2,9,0,2,0,0,0,0,0,0,3,1,6,3,-1,-1,1999,1,10,-1,-1,-1
2015551500928,3,9,0,2,0,0,0,0,0,0,2,1,6,3,-1,-1,2793,1,18,-1,-1,-1
2015551500929,1,9,0,17,0,0,1,0,0,0,4,1,6,2,19,4,1199,1,11,-1,1,-1
2015551500930,1,9,0,17,0,0,1,0,1,4,1,1,6,1,34,6,1390,1,10,-1,1,-1
2015551500933,1,9,0,18,0,1,0,4,0,0,1,1,6,2,48,8,1598,1,5,-1,1,-1
2015551500933,2,9,0,2,0,1,0,4,0,0,3,1,1,3,-1,-1,2765,2,20,-1,-1,-1
2015551500933,3,21,5,2,0,1,0,4,0,0,1,1,1,3,-1,-1,2999,2,1,-1,-1,-1
2015551500934,1,9,0,3,0,0,0,0,0,0,0,1,3,2,42,7,1360,1,10,-1,2,-1
2015551500934,2,3,0,18,0,0,0,0,1,0,1,1,6,1,19,4,124,1,-1,-1,2,-1
2015551500939,1,9,0,18,0,0,0,0,0,0,1,1,6,2,28,6,-1,-1,-1,-1,1,-1
2015551500939,2,9,0,4,0,0,0,0,0,0,0,1,6,2,20,4,1242,1,11,-1,3,-1
2015551500940,1,9,0,9,0,6,0,0,0,0,3,1,3,1,32,6,1495,1,13,-1,1,-1
2015551500940,2,3,0,18,0,1,0,0,0,0,1,1,6,1,18,4,125,1,2,-1,1,-1
2015551500942,1,9,0,18,0,0,0,0,0,0,3,1,6,2,23,5,1086,1,10,-1,1,-1
2015551500942,2,9,0,2,0,0,0,0,0,0,3,1,6,3,-1,-1,1150,1,12,-1,-1,-1
2015551500944,1,9,0,18,0,4,0,0,0,0,1,1,6,2,-1,-1,-1,-1,-1,-1,-1,-1
2015551500944,2,1,0,5,0,4,0,0,0,0,3,1,2,2,25,5,-1,-1,-1,-1,-1,-1
2015551500945,1,9,0,9,0,6,0,0,0,0,3,1,2,1,55,8,1995,1,5,-1,1,-1
2015551500945,2,3,0,18,0,1,1,0,0,0,1,1,6,1,47,8,124,1,10,-1,1,-1
2015551500946,1,9,0,18,0,0,5,0,7,0,1,1,6,1,37,7,1798,1,12,-1,3,-1
2015551500948,1,9,0,18,0,4,1,10,7,4,3,1,6,1,27,6,1995,1,13,-1,2,-1
2015551500948,2,9,0,2,0,1,0,0,0,0,1,1,6,3,-1,-1,1198,1,9,-1,-1,-1
2015551500949,1,9,0,18,0,0,0,0,0,0,4,1,1,1,-1,-1,3200,2,5,-1,3,-1
2015551500951,1,9,0,18,0,0,0,0,1,4,1,1,6,2,32,6,-1,-1,-1,-1,3,-1
2015551500952,1,9,0,5,0,1,0,0,0,0,1,1,6,1,42,7,1389,1,9,-1,3,-1
2015551500952,2,9,0,18,0,2,0,0,0,0,3,1,2,1,62,9,1997,2,6,-1,2,-1
2015551500953,1,9,0,9,0,2,0,0,0,0,1,1,2,1,48,8,1796,1,16,-1,1,-1
2015551500956,1,9,0,18,0,0,0,0,0,0,1,1,1,1,23,5,2999,2,12,-1,2,-1
2015551500956,2,9,0,3,0,0,0,0,0,0,1,1,3,2,35,6,1598,1,10,-1,2,-1
2015551500956,3,9,0,18,0,0,0,0,0,0,1,1,3,2,40,7,1560,2,8,-1,2,-1
2015551500958,1,9,0,1,0,0,0,0,0,0,2,1,6,1,44,7,3000,2,18,-1,1,-1
2015551500959,1,9,0,17,0,0,2,0,1,0,1,1,6,1,21,5,1587,1,12,-1,3,-1
2015551500960,1,9,0,18,0,0,0,0,0,0,1,1,6,1,67,10,1596,1,12,-1,1,-1
2015551500960,2,9,0,18,0,0,0,0,0,0,2,1,6,1,26,6,1796,1,15,-1,1,-1
2015551500962,1,9,0,2,0,0,0,0,0,0,3,1,6,1,38,7,1391,1,15,-1,-1,-1
2015551500962,2,1,0,15,0,0,0,8,0,0,1,1,6,1,22,5,-1,-1,-1,-1,-1,-1
2015551500963,1,19,0,18,0,0,0,0,0,0,0,1,6,1,58,9,2143,2,3,-1,1,-1
2015551500963,2,19,0,18,0,0,1,0,0,0,2,1,6,1,45,7,2198,2,1,-1,3,-1
2015551500963,3,19,0,18,0,0,0,0,0,0,1,1,6,1,49,8,1968,2,3,-1,1,-1
2015551500965,1,9,0,18,0,4,0,0,0,0,1,1,6,2,27,6,999,1,-1,-1,1,-1
2015551500965,2,1,0,18,0,1,0,0,0,0,2,1,2,1,20,4,-1,-1,-1,-1,-1,-1
2015551500966,1,5,0,17,0,0,1,0,1,10,1,1,6,1,54,8,1000,1,15,-1,3,-1
2015551500967,1,9,0,7,0,1,0,0,0,0,3,1,6,2,54,8,1399,1,12,-1,2,-1
2015551500967,2,5,0,18,0,1,0,0,0,0,1,1,2,1,31,6,998,1,11,-1,1,-1
2015551500969,1,9,0,5,0,6,0,0,0,0,1,1,6,2,31,6,1296,1,7,-1,1,-1
2015551500969,2,5,0,18,0,1,1,0,0,0,1,1,6,1,57,9,998,1,10,-1,1,-1
2015551500977,1,9,0,9,0,5,0,0,0,0,4,1,2,1,19,4,1598,2,-1,-1,3,-1
2015551500977,2,1,0,18,0,1,0,0,0,0,3,1,2,1,48,8,-1,-1,-1,-1,-1,-1
2015551500978,1,9,0,18,0,0,0,0,0,0,1,1,6,2,54,8,1991,2,10,-1,3,-1
2015551500978,2,9,0,18,0,0,1,0,2,7,1,1,6,2,40,7,973,1,17,-1,1,-1
2015551500980,1,5,0,18,0,0,0,0,0,0,1,1,6,1,58,9,749,1,15,-1,1,-1
2015551500980,2,9,0,5,0,0,0,0,0,0,4,2,2,2,32,6,-1,-1,-1,-1,1,-1
2015551500981,1,9,0,18,0,4,0,0,0,0,2,1,6,1,20,4,1968,2,1,-1,3,-1
2015551500981,2,1,0,18,0,4,1,4,0,0,1,1,6,1,19,4,-1,-1,-1,-1,-1,-1
2015551500982,1,1,0,18,0,0,0,0,0,0,0,1,6,1,47,8,-1,-1,-1,-1,-1,-1
2015551500983,1,9,0,9,0,8,0,10,0,0,1,1,6,2,82,11,1386,1,8,-1,1,-1
2015551500983,2,9,0,4,0,1,0,0,0,0,1,1,6,1,22,5,1396,1,15,-1,2,-1
2015551500984,1,9,0,9,0,8,0,0,0,0,1,1,6,1,48,8,1461,2,2,-1,1,-1
2015551500984,2,1,0,10,0,1,0,0,0,0,4,1,6,1,27,6,-1,-1,-1,-1,-1,-1
2015551500985,1,1,0,5,0,6,0,0,0,0,1,1,6,2,57,9,-1,-1,-1,-1,1,-1
2015551500985,2,9,0,9,0,1,0,0,0,0,3,1,2,2,28,6,1590,1,16,-1,1,-1
2015551500986,1,9,0,4,0,0,1,0,0,0,1,1,6,2,18,4,1124,1,16,-1,1,-1
2015551500986,2,9,0,3,0,0,0,0,0,0,2,1,6,1,19,4,1362,1,1,-1,1,-1
2015551500986,3,9,0,3,0,0,0,0,0,0,2,1,6,2,25,5,2143,2,2,-1,1,-1
2015551500988,1,11,0,5,0,2,0,0,0,0,3,1,1,1,35,6,10960,2,11,-1,1,-1
2015551500988,2,1,0,18,0,8,0,0,0,0,1,1,1,1,47,8,-1,-1,-1,-1,-1,-1
2015551500989,1,9,0,5,0,4,0,0,0,0,1,1,6,2,30,6,1149,1,10,-1,1,-1
2015551500989,2,1,0,18,0,1,0,0,0,0,1,1,6,2,28,6,-1,-1,-1,-1,-1,-1
2015551500990,1,8,0,18,0,0,0,0,0,0,1,1,1,1,43,7,-1,-1,-1,-1,1,-1
2015551500991,1,9,0,12,0,1,0,0,0,0,3,1,6,1,24,5,1968,2,7,-1,1,-1
2015551500991,2,19,0,18,0,1,0,0,0,0,4,1,6,1,49,8,2143,2,1,-1,1,-1
2015551500992,1,21,1,17,0,0,1,0,0,0,1,1,1,1,29,6,10518,2,7,-1,-1,-1
2015551500992,2,9,0,16,0,0,1,0,0,0,1,1,1,1,33,6,-1,-1,-1,-1,1,-1
2015551500993,1,9,0,18,0,8,1,0,0,0,1,1,6,2,20,4,1242,1,10,-1,1,-1
2015551500993,2,9,0,4,0,8,0,0,0,0,2,1,6,1,20,4,1598,1,10,-1,1,-1
2015551500994,1,20,0,18,0,2,0,0,0,0,4,1,1,3,-1,-1,-1,-1,-1,-1,-1,-1
2015551500994,2,1,0,18,0,2,0,0,0,0,3,1,2,1,27,6,-1,-1,-1,-1,-1,-1
2015551500995,1,9,0,9,0,6,0,0,0,0,1,1,2,2,56,9,1468,1,18,-1,1,-1
2015551500995,2,9,0,18,0,8,0,0,0,0,3,1,2,2,50,8,1560,2,1,-1,2,-1
2015551500996,1,9,0,9,0,3,0,0,0,0,3,1,6,1,48,8,1998,2,10,-1,1,-1
2015551500996,2,5,0,18,0,3,0,0,0,0,4,1,6,1,58,9,1237,1,-1,-1,1,-1
2015551500997,1,9,0,18,0,4,0,0,0,0,1,1,2,1,34,6,-1,-1,-1,-1,1,-1
2015551500997,2,9,0,3,0,4,0,0,0,0,2,1,2,1,56,9,1798,1,4,-1,1,-1
2015551500998,1,9,0,9,0,5,0,0,0,0,1,1,6,1,35,6,1796,1,13,-1,1,-1
2015551501000,1,9,0,4,0,0,1,0,1,4,1,1,2,1,36,7,1398,1,12,-1,1,-1
2015551501001,1,19,0,9,0,8,0,0,0,0,2,1,1,1,53,8,2461,2,16,-1,3,-1
2015551501001,2,9,0,18,0,8,0,0,0,0,1,1,6,1,48,8,1461,2,9,-1,2,-1
2015551501001,3,9,0,18,0,8,0,0,0,0,3,1,6,3,-1,-1,1299,1,11,-1,-1,-1
2015551501002,1,9,0,18,0,0,0,0,0,0,1,1,6,2,25,5,995,1,11,-1,1,-1
2015551501003,1,9,0,9,0,6,0,0,0,0,3,1,6,2,45,7,1395,1,1,-1,1,-1
2015551501003,2,9,0,18,0,1,0,0,0,0,1,1,6,2,42,7,1984,1,15,-1,1,-1
2015551501004,1,2,0,18,0,2,1,4,0,0,1,1,6,1,17,4,49,1,16,-1,1,-1
2015551501004,2,9,0,2,0,1,0,0,0,0,2,1,6,3,-1,-1,1753,2,13,-1,-1,-1
2015551501005,1,9,4,12,0,0,3,0,0,0,1,1,6,1,79,11,3050,2,21,-1,1,-1
2015551501005,2,9,0,12,0,0,5,0,1,0,2,1,6,2,74,10,799,2,5,-1,3,-1
2015551501005,3,9,0,4,0,0,0,0,0,0,0,1,6,2,33,6,1124,1,18,-1,1,-1
2015551501006,1,11,0,18,0,0,0,0,0,0,4,1,1,1,42,7,4461,2,2,-1,2,-1
2015551501007,1,5,0,18,0,8,1,0,1,0,1,1,2,1,54,8,1137,1,17,-1,1,-1
2015551501007,2,9,0,9,0,4,0,0,0,0,1,1,6,1,21,5,1390,1,7,-1,1,-1
2015551501008,1,9,0,16,0,0,0,0,0,0,1,1,6,1,60,9,1242,1,-1,-1,-1,-1
2015551501008,2,9,0,17,0,0,0,0,1,0,1,1,6,1,36,7,1582,2,2,-1,3,-1
2015551501010,1,9,0,9,0,5,0,0,0,0,1,1,6,1,43,7,1795,1,16,-1,1,-1
2015551501010,2,1,0,18,0,1,0,0,0,0,1,1,6,1,49,8,-1,-1,-1,-1,-1,-1
2015551501011,1,9,0,18,0,0,0,0,0,0,2,1,6,1,28,6,1198,1,13,-1,1,-1
2015551501011,2,1,0,18,0,0,0,0,0,0,2,1,6,1,54,8,-1,-1,-1,-1,-1,-1
2015551501012,1,19,0,17,0,0,2,0,1,4,1,1,6,1,26,6,1868,2,12,-1,1,-1
2015551501013,1,9,0,17,0,0,1,0,7,4,3,1,6,1,17,4,1242,1,17,-1,3,-1
2015551501015,1,9,0,13,0,0,0,0,0,0,3,1,6,1,53,8,1596,1,7,-1,3,-1
2015551501015,2,9,0,13,0,0,1,0,0,0,3,1,6,1,63,9,1686,2,9,-1,3,-1
2015551501017,1,19,-1,18,0,0,0,0,0,0,3,1,6,3,-1,-1,-1,-1,-1,-1,-1,-1
2015551501017,2,19,0,18,0,0,0,0,0,0,3,1,1,2,35,6,2402,2,10,-1,1,-1
2015551501019,1,9,0,18,0,0,0,0,7,11,1,1,6,2,71,10,1329,1,6,-1,2,-1
2015551501021,1,9,0,18,0,0,0,0,0,0,1,1,6,1,69,10,2143,2,2,-1,1,-1
2015551501021,2,9,0,18,0,0,0,0,1,0,1,1,6,2,56,9,1397,1,7,-1,1,-1
2015551501022,1,9,0,16,0,0,0,0,0,0,1,1,1,1,19,4,1124,1,16,-1,1,-1
2015551501022,2,1,0,17,0,0,0,0,0,0,1,1,6,1,21,5,-1,-1,-1,-1,-1,-1
2015551501023,1,9,0,18,0,1,0,0,0,0,1,1,2,2,18,4,1598,2,2,-1,2,-1
2015551501023,2,9,0,18,0,1,0,0,0,0,1,1,2,2,36,7,1398,2,4,-1,1,-1
2015551501025,1,3,0,17,0,6,1,0,0,0,1,1,6,1,25,5,125,1,5,-1,1,-1
2015551501025,2,9,0,9,0,1,0,0,0,0,1,2,2,1,29,6,1396,1,14,-1,3,-1
2015551501028,1,9,0,5,0,1,0,0,0,0,1,1,6,1,52,8,1149,1,10,-1,1,-1
2015551501028,2,1,0,18,0,1,0,0,0,0,4,1,6,1,15,3,-1,-1,-1,-1,-1,-1
2015551501033,1,9,0,18,0,0,0,0,0,0,1,1,6,1,88,11,1999,1,5,-1,1,-1
2015551501033,2,9,0,2,0,0,0,0,0,0,2,1,6,3,-1,-1,1390,1,2,-1,1,-1