Accident_Index,Vehicle_Reference,Vehicle_Type,Towing_and_Articulation,Vehicle_Manoeuvre,Vehicle_Location-Restricted_Lane,Junction_Location,Skidding_and_Overturning,Hit_Object_in_Carriageway,Vehicle_Leaving_Carriageway,Hit_Object_off_Carriageway,1st_Point_of_Impact,Was_Vehicle_Left_Hand_Drive?,Journey_Purpose_of_Driver,Sex_of_Driver,Age_of_Driver,Age_Band_of_Driver,Engine_Capacity_(CC),Propulsion_Code,Age_of_Vehicle,Driver_IMD_Decile,Driver_Home_Area_Type,Vehicle_IMD_Decile
2015551501034,1,9,0,18,0,0,0,0,0,0,1,1,6,2,25,5,1108,1,18,-1,1,-1
2015551501034,2,9,0,5,0,0,0,0,0,0,3,1,2,1,18,4,1242,1,12,-1,1,-1
2015551501035,1,9,0,16,0,8,0,0,1,0,1,1,6,2,75,10,1997,2,12,-1,1,-1
2015551501035,2,9,0,17,0,8,0,0,0,0,1,1,6,2,75,10,1240,1,9,-1,3,-1
2015551501036,1,9,0,18,0,8,0,0,0,0,1,1,3,1,46,8,1970,1,16,-1,1,-1
2015551501036,2,9,0,18,0,8,0,0,0,0,3,1,3,1,43,7,-1,-1,-1,-1,1,-1
2015551501037,1,9,0,4,0,8,0,0,0,0,1,1,3,2,45,7,1598,1,3,-1,1,-1
2015551501037,2,9,0,4,0,8,0,0,0,0,2,1,3,1,42,7,1988,1,14,-1,1,-1
2015551501038,1,1,0,7,0,2,0,0,0,0,2,1,1,1,14,3,-1,-1,-1,-1,-1,-1
2015551501038,2,9,0,13,0,2,0,0,0,0,1,1,6,3,-1,-1,-1,-1,-1,-1,-1,-1
2015551501039,1,19,0,18,0,0,1,0,0,0,4,1,2,1,58,9,2446,2,18,-1,2,-1
2015551501039,2,9,0,18,0,0,0,0,0,0,1,1,6,3,-1,-1,1995,2,8,-1,-1,-1
2015551501040,1,9,0,18,0,3,0,0,0,0,1,1,6,2,47,8,1360,1,6,-1,3,-1
2015551501041,1,9,0,18,0,0,0,0,0,0,1,1,6,1,85,11,998,1,14,-1,1,-1
2015551501041,2,9,0,3,0,0,0,0,0,0,2,1,1,1,48,8,1299,1,9,-1,1,-1
2015551501041,3,9,0,3,0,0,0,0,0,0,2,1,6,1,51,8,1461,2,5,-1,2,-1
2015551501042,1,9,0,18,0,2,1,0,0,0,1,1,6,1,21,5,1242,1,12,-1,2,-1
2015551501042,2,9,0,18,0,1,1,0,7,1,2,1,6,1,27,6,1595,1,-1,-1,1,-1
2015551501043,1,19,0,4,0,0,0,0,0,0,1,1,1,1,47,8,2143,2,4,-1,3,-1
2015551501043,2,9,0,3,0,0,0,0,0,0,2,1,6,2,24,5,1197,1,5,-1,2,-1
2015551501043,3,9,0,3,0,0,0,0,0,0,2,1,6,1,67,10,2400,2,4,-1,1,-1
2015551501044,1,9,0,4,0,0,0,0,0,0,1,2,6,1,83,11,2198,2,6,-1,1,-1
2015551501044,2,9,0,2,0,0,0,0,0,0,2,2,6,1,74,10,1398,1,1,-1,2,-1
2015551501044,3,19,0,2,0,0,0,0,0,0,1,2,1,1,39,7,2148,2,6,-1,2,-1
2015551501045,1,9,0,18,0,0,0,0,0,0,4,1,6,1,59,9,2835,2,17,-1,1,-1
2015551501046,1,9,0,17,0,0,1,0,1,3,4,1,6,2,38,7,2495,2,13,-1,1,-1
2015551501047,1,9,0,18,0,0,0,0,0,0,1,1,6,2,72,10,1461,2,4,-1,-1,-1
2015551501047,2,9,0,3,0,0,0,0,0,0,2,1,1,2,33,6,1753,2,7,-1,2,-1
2015551501047,3,9,0,3,0,0,0,0,0,0,2,1,6,1,63,9,1197,1,5,-1,1,-1
2015551501047,4,9,0,3,0,0,0,0,0,0,2,1,6,2,58,9,1997,1,3,-1,1,-1
2015551501050,1,9,0,18,0,0,0,0,7,9,3,1,2,1,32,6,1199,1,15,-1,1,-1
2015551501050,2,19,0,18,0,0,0,0,0,0,3,1,1,1,33,6,2198,2,-1,-1,1,-1
2015551501050,3,9,0,18,0,0,0,0,0,0,3,1,6,1,60,9,1198,1,1,-1,3,-1
2015551501055,1,9,0,16,0,0,2,10,0,0,4,1,2,1,53,8,1995,1,13,-1,3,-1
2015551501055,2,10,0,18,0,0,0,0,0,0,3,1,6,2,43,7,2730,1,18,-1,3,-1
2015551501056,1,9,0,18,0,1,0,0,0,0,-1,1,2,1,25,5,1956,2,-1,-1,2,-1
2015551501056,2,1,0,18,4,1,0,0,0,0,1,1,4,1,16,4,-1,-1,-1,-1,1,-1
2015551501057,1,9,0,7,0,0,0,0,0,0,-1,1,6,1,37,7,1685,2,1,-1,1,-1
2015551501057,2,1,0,18,0,0,1,0,1,0,3,1,6,2,33,6,-1,-1,-1,-1,-1,-1
2015551501059,1,8,0,18,0,0,0,0,0,0,1,1,3,1,36,7,1896,2,5,-1,1,-1
2015551501060,1,9,0,7,0,3,0,0,0,0,4,1,6,2,87,11,1600,1,23,-1,1,-1
2015551501060,2,1,0,18,0,8,0,0,0,0,1,1,6,1,42,7,-1,-1,-1,-1,1,-1
2015551501062,1,5,0,7,0,1,0,0,0,0,4,1,6,1,46,8,-1,-1,-1,-1,1,-1
2015551501066,1,9,0,5,0,8,0,0,0,0,1,1,3,1,41,7,1796,1,13,-1,1,-1
2015551501066,2,1,0,18,0,1,0,0,0,0,4,1,4,1,12,3,-1,-1,-1,-1,1,-1
2015551501067,1,9,0,16,0,0,0,0,0,0,1,1,6,3,-1,-1,-1,-1,-1,-1,-1,-1
2015551501067,2,3,0,18,0,0,1,0,0,0,1,1,1,2,21,5,124,1,-1,-1,2,-1
2015551501070,1,9,0,5,0,1,0,0,0,0,1,1,6,1,85,11,3199,1,14,-1,1,-1
2015551501070,2,3,0,18,0,1,1,0,0,0,1,1,6,1,17,4,124,1,2,-1,1,-1
2015551501071,1,9,0,7,0,5,0,0,0,0,1,1,6,1,35,6,-1,-1,-1,-1,1,-1
2015551501073,1,9,0,5,0,8,0,0,0,0,3,1,6,2,50,8,1587,1,7,-1,1,-1
2015551501073,2,1,0,17,0,1,1,0,0,0,1,1,6,1,57,9,-1,-1,-1,-1,1,-1
2015551501076,1,9,0,9,0,8,0,0,0,0,1,1,6,2,18,4,1198,1,13,-1,2,-1
2015551501076,2,1,0,18,0,8,0,0,0,0,1,1,6,1,69,10,-1,-1,-1,-1,-1,-1
2015551501078,1,19,0,4,0,1,0,0,0,0,1,1,1,1,32,6,1870,2,9,-1,1,-1
2015551501078,2,9,0,7,0,1,0,0,0,0,2,1,6,1,67,10,1896,2,12,-1,1,-1
2015551501079,1,9,0,18,0,8,0,0,0,0,1,1,2,2,21,5,1198,1,1,-1,1,-1
2015551501079,2,9,0,5,0,8,0,0,0,0,1,1,2,1,-1,-1,998,1,16,-1,1,-1
2015551501081,1,9,0,2,0,0,0,0,0,0,0,1,6,2,36,7,1997,1,14,-1,1,-1
2015551501081,2,1,0,18,9,0,0,0,0,0,1,1,6,2,19,4,-1,-1,-1,-1,1,-1
2015551501082,1,1,0,4,0,1,1,0,0,0,1,1,6,1,48,8,-1,-1,-1,-1,1,-1
2015551501082,2,9,0,10,0,1,0,0,0,0,2,2,6,3,-1,-1,-1,-1,-1,-1,-1,-1
2015551501083,1,9,0,18,0,1,1,0,7,10,2,1,6,1,54,8,3993,1,1,-1,3,-1
2015551501083,2,9,0,18,0,1,0,0,0,0,1,1,6,2,42,7,2967,2,-1,-1,1,-1
2015551501084,1,9,0,16,0,0,2,0,1,9,1,1,6,1,34,6,1994,1,16,-1,1,-1
2015551501085,1,9,0,18,0,4,0,0,0,0,1,1,6,2,74,10,1997,1,13,-1,-1,-1
2015551501085,2,9,0,4,0,8,0,0,0,0,2,1,6,2,55,8,1248,1,2,-1,1,-1
2015551501086,1,9,0,18,0,2,0,0,0,0,1,1,6,1,18,4,1596,1,14,-1,1,-1
2015551501086,2,8,0,9,0,2,0,0,0,0,1,1,2,2,50,8,1753,2,13,-1,1,-1
2015551501089,1,21,1,16,0,0,0,0,0,0,3,1,1,1,37,7,12809,2,2,-1,-1,-1
2015551501089,2,11,0,17,0,0,0,0,0,0,3,1,1,1,59,9,9200,2,10,-1,3,-1
2015551501103,1,19,0,18,0,1,0,0,0,0,1,1,1,1,21,5,1399,2,6,-1,3,-1
2015551501103,2,9,0,9,0,5,0,0,0,0,2,1,6,2,17,4,1229,1,10,-1,2,-1
2015551501105,1,9,0,1,0,6,0,0,0,0,2,1,6,2,65,9,1587,1,13,-1,1,-1
2015551501105,2,1,0,18,0,8,0,0,0,0,4,1,6,1,57,9,-1,-1,-1,-1,-1,-1
2015551501108,1,9,0,18,0,1,0,0,0,0,1,1,6,3,-1,-1,1798,1,11,-1,-1,-1
2015551501108,2,9,0,18,0,8,1,0,0,0,1,1,2,2,28,6,1229,1,3,-1,1,-1
2015551501108,3,9,0,2,0,1,0,0,0,0,2,1,6,3,-1,-1,999,1,-1,-1,-1,-1
2015551501109,1,9,0,18,0,8,0,0,0,0,1,1,6,1,52,8,2499,2,16,-1,1,-1
2015551501110,1,9,0,18,0,0,1,0,0,0,3,1,6,2,24,5,1595,1,18,-1,1,-1
2015551501110,2,9,0,18,0,0,0,0,0,0,1,1,6,2,63,9,1560,2,2,-1,3,-1
2015551501110,3,9,0,18,0,0,0,0,0,0,3,1,6,1,40,7,1896,2,13,-1,2,-1
2015551501111,1,9,0,18,0,8,0,0,0,0,3,1,6,2,32,6,1149,1,13,-1,1,-1
2015551501111,2,9,0,18,0,1,0,0,0,0,1,1,6,1,28,6,1870,2,14,-1,1,-1
2015551501112,1,5,0,7,0,6,0,0,0,0,3,1,2,1,56,9,865,1,9,-1,1,-1
2015551501112,2,21,0,4,0,1,0,0,0,0,4,1,1,2,29,6,3920,2,10,-1,1,-1
2015551501113,1,9,0,16,0,0,1,0,8,4,1,1,6,1,33,6,1587,1,16,-1,3,-1
2015551501113,2,9,0,18,0,0,0,0,0,0,4,1,6,1,35,6,1998,2,10,-1,2,-1
2015551501114,1,9,0,4,0,0,2,10,7,0,3,1,6,1,25,5,1398,1,4,-1,1,-1
2015551501114,2,1,0,18,0,0,0,0,0,0,1,1,6,1,55,8,-1,-1,-1,-1,-1,-1
2015551501116,1,9,0,4,0,0,0,0,0,0,1,1,6,1,25,5,1197,1,1,-1,1,-1
2015551501116,2,9,0,4,0,0,0,0,0,0,2,1,6,2,35,6,1600,2,3,-1,1,-1
2015551501117,1,9,0,9,0,6,0,0,0,0,1,1,1,1,64,9,1598,2,2,-1,1,-1
2015551501117,2,9,0,18,0,5,0,0,0,0,3,1,6,2,52,8,1896,2,12,-1,1,-1
2015551501118,1,9,0,18,0,1,0,0,0,0,2,1,6,1,-1,-1,1799,1,8,-1,1,-1
2015551501118,2,9,0,18,0,1,0,0,0,0,1,1,6,1,27,6,1587,1,13,-1,1,-1
2015551501119,1,5,0,13,0,8,0,0,0,0,1,1,6,1,29,6,999,1,9,-1,1,-1
2015551501119,2,9,0,9,0,2,0,0,0,0,3,1,6,2,29,6,1598,1,3,-1,1,-1
2015551501121,1,9,0,18,0,0,0,0,0,0,1,1,6,1,58,9,1794,1,8,-1,1,-1
2015551501121,2,1,0,18,0,0,0,4,0,0,1,1,6,1,72,10,-1,-1,-1,-1,-1,-1
2015551501123,1,19,0,6,0,0,0,0,0,0,3,1,1,1,39,7,2198,2,1,-1,1,-1
2015551501123,2,2,0,18,0,0,0,0,0,0,1,1,6,1,19,4,49,1,13,-1,1,-1
2015551501124,1,9,0,1,0,6,0,0,0,0,2,1,6,3,-1,-1,-1,-1,-1,-1,-1,-1
2015551501125,1,9,0,7,9,6,0,0,0,0,1,1,2,1,40,7,2987,2,9,-1,2,-1
2015551501125,2,1,0,18,9,1,0,0,0,0,1,1,6,2,65,9,-1,-1,-1,-1,-1,-1
2015551501126,1,9,0,18,0,0,0,0,0,0,1,1,6,2,19,4,1396,1,12,-1,1,-1
2015551501126,2,9,0,3,0,0,0,0,0,0,2,1,6,2,23,5,1598,1,4,-1,1,-1
2015551501126,3,19,0,3,0,0,0,0,0,0,2,1,1,1,67,10,1560,2,1,-1,2,-1
2015551501127,1,9,0,18,0,4,0,0,0,0,1,1,6,1,24,5,2000,2,10,-1,1,-1
2015551501127,2,1,0,18,0,3,0,0,0,0,3,1,1,1,24,5,-1,-1,-1,-1,-1,-1
2015551501128,1,9,0,16,0,2,1,11,0,0,3,1,2,2,21,5,1598,1,12,-1,1,-1
2015551501128,2,9,0,17,0,1,1,0,0,0,3,1,3,2,53,8,1896,2,13,-1,3,-1
2015551501129,1,5,0,18,0,1,1,0,0,0,0,1,6,1,45,7,1157,1,10,-1,1,-1
2015551501129,2,4,0,18,0,1,1,0,0,0,0,1,6,2,37,7,499,1,6,-1,1,-1
2015551501130,1,9,0,18,0,2,0,0,0,0,1,1,6,1,39,7,1968,2,8,-1,1,-1
2015551501130,2,5,0,3,0,2,0,0,0,0,2,1,6,1,39,7,599,1,7,-1,2,-1
2015551501130,3,5,0,3,0,1,0,0,0,0,1,1,6,2,49,8,865,1,-1,-1,1,-1
2015551501132,1,9,0,5,6,6,0,0,0,0,3,1,6,1,56,9,1598,1,14,-1,1,-1
2015551501132,2,9,0,18,0,1,1,0,0,0,1,1,6,1,21,5,1896,2,8,-1,1,-1
2015551501133,1,1,0,18,9,6,0,0,0,0,1,1,6,1,12,3,-1,-1,-1,-1,-1,-1
2015551501133,2,9,0,7,0,6,0,0,0,0,4,1,6,1,56,9,1991,1,13,-1,1,-1
2015551501134,1,5,0,17,0,0,1,0,1,0,4,1,6,1,44,7,-1,-1,-1,-1,1,-1
2015551501135,1,9,0,9,0,6,0,0,0,0,1,1,6,2,39,7,1997,1,13,-1,1,-1
2015551501135,2,9,0,18,0,8,0,0,0,0,1,1,6,1,52,8,1587,1,15,-1,3,-1
2015551501136,1,9,0,9,0,6,0,0,0,0,3,1,6,1,62,9,1997,2,13,-1,2,-1
2015551501136,2,5,0,18,0,1,0,0,0,0,1,1,2,1,54,8,800,1,1,-1,3,-1
2015551501137,1,5,0,14,0,1,0,0,0,0,4,1,6,1,31,6,999,1,5,-1,1,-1
2015551501137,2,9,0,9,0,6,0,0,0,0,1,1,2,1,30,6,4966,1,13,-1,1,-1
2015551501140,1,9,0,5,0,6,0,0,0,0,2,1,6,1,76,11,2179,2,5,-1,3,-1
2015551501140,2,21,2,18,0,8,0,0,0,0,1,1,1,1,48,8,12580,2,9,-1,2,-1
2015551501143,1,9,0,17,0,1,1,0,2,4,3,1,6,2,27,6,1399,2,12,-1,3,-1
2015551501144,1,9,0,4,0,0,1,0,0,0,1,1,2,1,22,5,1332,1,17,-1,1,-1
2015551501144,2,9,0,4,0,0,0,0,0,0,2,1,6,1,28,6,1997,2,11,-1,1,-1
2015551501144,3,9,0,4,0,0,0,0,0,0,2,1,6,1,79,11,1587,1,12,-1,1,-1
2015551501151,1,9,0,17,0,0,1,0,0,0,4,1,6,2,18,4,995,1,9,-1,1,-1
2015551501151,2,9,0,18,0,0,0,0,0,0,1,1,6,1,45,7,1991,2,7,-1,1,-1
2015551501152,1,9,0,18,0,1,0,0,0,0,1,1,6,1,23,5,1360,1,5,-1,1,-1
2015551501152,2,9,0,10,0,1,0,0,0,0,2,1,2,2,45,7,1390,1,8,-1,2,-1
2015551501154,1,9,0,18,0,0,1,0,1,0,1,1,2,1,52,8,3239,1,20,-1,3,-1
2015551501158,1,19,0,18,0,2,0,0,0,0,1,1,1,1,47,8,1870,2,13,-1,1,-1
2015551501158,2,19,0,3,0,1,0,0,0,0,3,1,1,1,62,9,1997,2,11,-1,2,-1
2015551501159,1,9,0,18,0,6,1,0,1,11,1,1,6,2,30,6,1299,1,15,-1,1,-1
2015551501159,2,9,0,18,0,8,0,0,0,0,1,1,6,1,37,7,1995,2,7,-1,1,-1
2015551501160,1,19,0,9,0,2,0,0,0,0,1,1,1,1,52,8,1870,2,10,-1,1,-1
2015551501160,2,5,0,18,0,1,1,0,0,0,3,1,2,1,27,6,636,1,13,-1,1,-1
2015551501161,1,9,0,18,0,0,0,0,0,0,1,1,6,1,53,8,1398,1,3,-1,1,-1
2015551501162,1,9,0,17,0,0,0,10,2,2,1,1,6,1,22,5,1598,2,-1,-1,1,-1
2015551501164,1,9,0,18,0,0,2,0,1,11,1,1,6,1,28,6,1598,1,13,-1,-1,-1
2015551501166,1,9,0,4,0,0,0,0,0,0,0,1,6,2,70,10,1870,2,9,-1,3,-1
2015551501166,2,1,0,18,0,0,0,0,0,0,3,1,6,1,33,6,-1,-1,-1,-1,-1,-1
2015551501168,1,19,0,9,0,6,0,0,0,0,3,1,1,1,52,8,2198,2,1,-1,3,-1
2015551501168,2,5,0,18,0,1,0,0,0,0,1,1,6,1,26,6,750,1,17,-1,1,-1
2015551501169,1,9,0,18,0,0,0,0,0,0,1,1,6,1,32,6,1998,1,14,-1,3,-1
2015551501169,2,9,0,18,0,0,0,0,0,0,1,1,6,2,61,9,1461,2,2,-1,1,-1
2015551501170,1,9,0,9,0,6,0,0,0,0,1,1,1,2,35,6,1598,2,2,-1,1,-1
2015551501170,2,9,0,18,0,5,0,0,0,0,1,1,6,2,36,7,998,1,3,-1,3,-1
2015551501171,1,21,0,18,0,1,1,0,0,0,1,1,1,1,22,5,11021,2,13,-1,3,-1
2015551501171,2,9,0,7,0,5,0,0,1,11,2,1,6,2,43,7,1984,1,9,-1,3,-1
2015551501173,1,9,0,5,0,2,0,0,0,0,2,1,2,2,36,7,1997,2,10,-1,1,-1
2015551501173,2,19,0,4,0,1,0,0,0,0,1,1,2,1,22,5,1995,2,7,-1,1,-1
2015551501175,1,9,0,5,0,3,0,0,0,0,1,1,6,1,83,11,1799,1,15,-1,1,-1
2015551501175,2,1,0,5,0,3,0,0,1,0,2,1,6,1,19,4,-1,-1,-1,-1,1,-1
2015551501177,1,1,0,18,0,1,0,0,0,0,1,1,2,1,30,6,-1,-1,-1,-1,-1,-1
2015551501177,2,9,0,18,0,2,0,0,0,0,1,1,2,2,37,7,1343,1,11,-1,-1,-1
2015551501178,1,1,0,18,0,2,0,0,0,0,2,1,6,1,50,8,-1,-1,-1,-1,1,-1
2015551501178,2,9,0,5,0,1,0,0,0,0,1,1,6,2,32,6,1598,2,4,-1,1,-1
2015551501183,1,1,0,7,5,1,0,0,0,0,1,1,2,2,22,5,-1,-1,-1,-1,1,-1
2015551501183,2,9,0,7,5,5,0,0,0,0,4,1,2,2,60,9,1461,2,1,-1,1,-1
2015551501184,1,3,0,13,0,1,0,0,0,0,1,1,2,1,17,4,-1,-1,-1,-1,1,-1
2015551501184,2,9,0,9,0,8,0,0,0,0,3,1,6,1,29,6,1896,2,8,-1,1,-1
2015551501185,1,1,0,18,0,8,0,0,0,0,3,1,1,1,22,5,-1,-1,-1,-1,-1,-1
2015551501185,2,9,0,5,0,5,0,0,0,0,1,1,6,1,49,8,1951,2,13,-1,1,-1
2015551501187,1,9,0,16,0,1,0,0,7,0,4,1,6,1,58,9,2980,2,17,-1,2,-1
2015551501187,2,9,0,18,0,1,0,0,0,0,1,1,6,1,74,10,2179,2,6,-1,3,-1
2015551501190,1,3,0,3,0,1,0,0,0,0,2,1,2,1,30,6,124,1,1,-1,1,-1
2015551501190,2,3,0,3,0,1,0,0,0,0,1,1,2,1,20,4,124,1,2,-1,1,-1
2015551501192,1,1,0,14,0,0,0,0,0,0,1,1,6,1,27,6,-1,-1,-1,-1,1,-1
2015551501192,2,19,0,2,6,0,0,0,0,0,3,1,2,3,-1,-1,2198,2,2,-1,-1,-1
2015551501194,1,9,0,18,0,1,0,0,0,0,3,1,6,2,66,10,1198,1,10,-1,1,-1
2015551501194,2,20,0,18,0,1,1,0,0,0,1,1,2,1,39,7,5193,2,7,-1,-1,-1
2015551501194,3,19,0,18,0,1,1,0,0,0,1,1,2,1,44,7,2402,2,14,-1,3,-1
2015551501195,1,9,0,18,0,6,0,0,0,0,1,1,6,1,87,11,1108,1,11,-1,1,-1
2015551501195,2,9,0,7,0,6,0,0,0,0,4,1,6,2,47,8,1596,1,13,-1,2,-1
2015551501196,1,9,0,18,0,0,2,0,1,0,1,1,6,1,28,6,2987,2,9,-1,1,-1
2015551501198,1,1,0,18,0,0,0,11,0,0,1,1,6,1,67,10,-1,-1,-1,-1,-1,-1
2015551501202,1,9,0,18,0,8,0,0,1,0,3,1,6,1,26,6,1598,1,12,-1,1,-1
2015551501202,2,9,0,18,0,8,0,0,0,0,1,1,1,1,51,8,1896,2,16,-1,1,-1
2015551501203,1,9,0,9,0,5,0,0,0,0,1,1,6,2,63,9,1390,1,15,-1,1,-1
2015551501206,1,19,0,5,0,0,0,0,0,0,1,1,1,1,60,9,2143,2,1,-1,2,-1
2015551501206,2,9,0,3,0,0,0,0,0,0,2,1,1,2,53,8,1968,2,4,-1,3,-1
2015551501210,1,9,0,15,0,0,0,0,0,0,0,1,6,3,-1,-1,-1,-1,-1,-1,-1,-1
2015551501210,2,9,0,18,0,0,0,0,0,0,0,1,6,1,42,7,1590,1,15,-1,2,-1
2015551501210,3,9,0,16,0,0,2,0,1,4,1,1,6,1,21,5,1493,1,18,-1,3,-1
2015551501211,1,5,0,18,0,8,0,0,0,0,1,1,6,1,20,4,599,1,18,-1,1,-1
2015551501211,2,9,0,18,0,8,0,0,0,0,1,1,6,1,24,5,999,1,1,-1,1,-1
2015551501212,1,9,0,18,0,0,2,0,2,10,1,1,6,2,19,4,1598,1,16,-1,3,-1
2015551501213,1,9,0,13,0,0,0,0,0,0,0,1,6,3,-1,-1,-1,-1,-1,-1,-1,-1
2015551501213,2,1,0,5,0,0,0,0,0,0,0,1,2,1,33,6,-1,-1,-1,-1,1,-1
2015551501215,1,9,3,13,0,0,4,0,0,0,4,1,6,2,34,6,1968,2,10,-1,1,-1
2015551501215,2,17,4,18,0,0,0,0,0,0,3,1,1,1,47,8,4156,2,3,-1,3,-1
2015551501216,1,9,0,18,0,0,0,0,0,0,1,1,2,2,44,7,1339,1,2,-1,1,-1
2015551501216,2,9,0,4,0,0,0,0,0,0,2,1,6,2,35,6,1968,2,8,-1,1,-1
2015551501217,1,3,0,4,0,4,1,0,0,0,0,1,6,1,28,6,125,1,8,-1,1,-1
2015551501217,2,9,0,4,0,1,0,0,0,0,0,1,2,2,22,5,1388,1,13,-1,1,-1
2015551501219,1,9,0,18,0,0,0,0,0,0,4,1,6,3,-1,-1,-1,-1,-1,-1,-1,-1
2015551501220,1,8,0,4,7,0,0,0,0,0,4,1,1,1,54,8,1390,1,3,-1,1,-1
2015551501221,1,9,0,18,0,0,0,0,1,0,1,1,6,2,20,4,1396,1,12,-1,3,-1
2015551501222,1,9,0,6,0,6,0,0,0,0,3,1,2,1,20,4,1199,1,12,-1,1,-1
2015551501222,2,5,0,18,0,8,0,0,0,0,1,1,2,1,55,8,1151,1,6,-1,1,-1
2015551501223,1,9,0,18,0,8,0,0,0,0,1,1,6,1,62,9,1998,2,11,-1,-1,-1
2015551501223,2,1,0,18,0,8,1,0,0,0,4,1,6,2,52,8,-1,-1,-1,-1,-1,-1
2015551501224,1,5,0,18,0,0,0,0,1,2,1,1,6,1,26,6,645,1,14,-1,1,-1
2015551501224,2,5,0,18,0,0,0,0,0,0,0,1,6,1,31,6,600,1,21,-1,1,-1
2015551501225,1,19,0,9,0,1,0,0,0,0,1,1,6,1,49,8,1248,2,4,-1,1,-1
2015551501225,2,5,0,18,0,1,0,0,0,0,1,1,6,1,41,7,1170,1,-1,-1,-1,-1
2015551501226,1,1,0,18,0,0,0,4,0,0,4,1,6,1,86,11,-1,-1,-1,-1,-1,-1
2015551501226,2,9,0,2,0,0,0,0,0,0,3,1,6,3,-1,-1,1242,1,12,-1,-1,-1
2015551501227,1,9,0,9,0,3,0,0,0,0,1,1,6,1,44,7,1598,2,5,-1,1,-1
2015551501229,1,11,0,14,3,0,0,0,0,0,0,1,1,1,39,7,4461,2,1,-1,1,-1
2015551501230,1,9,0,17,0,0,5,0,1,11,1,1,6,2,36,7,1400,1,15,-1,1,-1
2015551501232,1,5,0,18,0,1,0,0,0,0,1,1,1,1,23,5,599,1,4,-1,1,-1
2015551501232,2,9,0,9,0,1,0,0,0,0,1,1,6,2,39,7,1399,2,6,-1,1,-1
2015551501233,1,9,0,4,9,0,0,0,0,0,2,1,6,2,62,9,1461,2,1,-1,3,-1
2015551501233,2,19,0,18,0,0,0,0,0,0,1,1,2,1,62,9,2198,2,-1,-1,1,-1
2015551501234,1,9,0,18,0,8,0,0,0,0,-1,1,6,3,-1,-1,-1,-1,-1,-1,-1,-1
2015551501234,2,1,0,18,0,2,0,0,0,0,1,1,6,1,34,6,-1,-1,-1,-1,1,-1
2015551501237,1,1,0,9,0,0,0,0,0,0,1,1,6,1,41,7,-1,-1,-1,-1,1,-1
2015551501237,2,9,0,5,9,0,0,0,0,0,1,1,2,1,49,8,1699,1,10,-1,1,-1
2015551501241,1,1,0,18,0,8,0,0,0,0,4,1,2,1,56,9,-1,-1,-1,-1,1,-1
2015551501241,2,9,0,7,0,6,0,0,0,0,1,1,1,2,37,7,1197,1,-1,-1,1,-1
2015551501242,1,3,0,14,0,2,0,4,0,0,4,1,6,1,60,9,125,1,-1,-1,1,-1
2015551501242,2,9,0,14,0,2,0,0,0,0,3,1,6,1,36,7,2231,2,10,-1,1,-1
2015551501242,3,11,0,2,2,2,0,0,0,0,3,1,1,1,60,9,9000,2,7,-1,3,-1
2015551501243,1,9,0,18,0,0,0,0,0,0,1,1,6,1,21,5,1598,1,9,-1,3,-1
2015551501244,1,9,0,18,0,1,1,0,0,0,1,1,6,2,27,6,1390,1,15,-1,2,-1
2015551501244,2,9,0,3,0,1,0,0,0,0,2,1,6,2,42,7,1598,1,12,-1,2,-1
2015551501244,3,9,0,3,0,1,0,0,0,0,2,1,2,2,45,7,1364,1,-1,-1,3,-1
2015551501247,1,1,0,18,0,8,0,0,0,0,4,1,2,1,40,7,-1,-1,-1,-1,-1,-1
2015551501247,2,9,0,18,0,8,0,0,0,0,1,1,6,3,-1,-1,-1,-1,-1,-1,-1,-1
2015551501248,1,9,0,1,0,0,0,4,0,0,2,1,6,1,72,10,2179,2,3,-1,3,-1
2015551501248,2,9,0,2,0,0,0,0,0,0,1,1,6,2,23,5,1995,2,5,-1,1,-1
2015551501250,1,9,0,18,0,0,0,0,1,1,1,1,6,1,54,8,1596,1,14,-1,2,-1
2015551501252,1,9,0,18,0,0,0,0,0,0,1,1,2,2,41,7,1988,1,12,-1,-1,-1
2015551501252,2,9,0,13,0,0,0,0,0,0,1,1,2,1,44,7,1686,2,3,-1,1,-1
2015551501253,1,9,0,18,0,0,0,0,1,10,1,1,6,1,19,4,1299,1,13,-1,3,-1
2015551501256,1,9,0,17,0,1,0,0,1,4,1,1,6,1,40,7,1991,2,8,-1,-1,-1
2015551501257,1,9,0,12,0,0,0,0,0,0,2,1,6,3,-1,-1,1896,2,7,-1,-1,-1
2015551501257,2,3,0,18,0,0,1,0,0,0,1,1,6,1,31,6,124,1,12,-1,-1,-1
2015551501258,1,9,0,18,0,1,0,0,0,0,1,1,6,1,23,5,1997,2,12,-1,1,-1
2015551501258,2,9,0,9,0,1,0,0,0,0,1,1,6,2,38,7,1995,2,3,-1,1,-1
2015551501261,1,9,0,18,0,0,0,0,0,0,2,1,6,1,36,7,2496,1,13,-1,1,-1
2015551501261,2,2,0,18,0,0,0,0,0,0,1,1,6,1,16,4,49,1,9,-1,1,-1
2015551501263,1,9,0,5,0,6,0,0,0,0,1,1,6,1,48,8,1668,1,11,-1,1,-1