Accident_Index,Vehicle_Reference,Vehicle_Type,Towing_and_Articulation,Vehicle_Manoeuvre,Vehicle_Location-Restricted_Lane,Junction_Location,Skidding_and_Overturning,Hit_Object_in_Carriageway,Vehicle_Leaving_Carriageway,Hit_Object_off_Carriageway,1st_Point_of_Impact,Was_Vehicle_Left_Hand_Drive?,Journey_Purpose_of_Driver,Sex_of_Driver,Age_of_Driver,Age_Band_of_Driver,Engine_Capacity_(CC),Propulsion_Code,Age_of_Vehicle,Driver_IMD_Decile,Driver_Home_Area_Type,Vehicle_IMD_Decile
2015551501458,2,9,0,4,0,0,0,0,0,0,2,1,6,2,53,8,1398,1,10,-1,1,-1
2015551501461,1,9,0,17,0,0,2,0,1,3,3,1,6,1,85,11,1390,1,11,-1,3,-1
2015551501463,1,9,0,18,0,1,0,0,0,0,0,1,6,3,-1,-1,-1,-1,-1,-1,-1,-1
2015551501463,2,9,0,18,0,2,0,10,1,1,1,1,6,1,52,8,1390,1,12,-1,1,-1
2015551501465,1,9,0,18,0,1,0,0,0,0,1,1,6,2,78,11,1396,1,17,-1,1,-1
2015551501465,2,9,0,4,0,1,0,0,0,0,4,1,6,2,59,9,1599,1,14,-1,1,-1
2015551501465,3,9,0,4,0,1,0,0,0,0,4,1,6,2,37,7,1242,1,10,-1,1,-1
2015551501465,4,9,0,3,0,1,0,0,0,0,2,1,6,1,52,8,-1,-1,-1,-1,-1,-1
2015551501466,1,9,0,18,0,8,0,0,0,0,1,1,6,2,22,5,1796,1,14,-1,1,-1
2015551501466,2,9,0,18,0,8,0,0,0,0,4,1,6,2,78,11,1329,1,3,-1,2,-1
2015551501468,1,9,0,18,0,0,0,0,0,0,1,1,6,1,86,11,1596,1,11,-1,1,-1
2015551501468,2,9,0,3,0,0,0,0,0,0,2,1,6,1,62,9,1595,1,9,-1,1,-1
2015551501468,3,9,0,3,0,0,0,0,0,0,2,1,6,1,23,5,1598,2,1,-1,1,-1
2015551501470,1,9,0,18,0,0,0,0,0,0,4,1,6,3,-1,-1,2720,2,6,-1,-1,-1
2015551501471,1,1,0,7,0,3,0,0,1,0,1,1,6,1,73,10,-1,-1,-1,-1,3,-1
2015551501471,2,9,0,18,0,4,0,11,0,0,3,1,6,3,-1,-1,-1,-1,-1,-1,-1,-1
2015551501472,1,5,0,18,0,1,0,0,0,0,0,1,6,1,21,5,645,1,15,-1,1,-1
2015551501472,2,9,0,9,0,6,0,0,0,0,0,1,6,2,52,8,1968,2,6,-1,3,-1
2015551501475,1,9,0,10,0,6,0,0,0,0,2,1,6,1,47,8,1598,1,12,-1,1,-1
2015551501475,2,5,0,18,0,1,1,0,0,0,4,1,6,1,62,9,1092,1,22,-1,3,-1
2015551501476,1,19,0,16,0,0,1,0,0,0,1,1,1,1,-1,-1,2402,2,4,-1,3,-1
2015551501476,2,19,0,17,0,0,0,0,0,0,1,1,1,1,73,10,2402,2,11,-1,2,-1
2015551501478,1,19,0,14,0,5,1,0,7,10,4,1,2,1,48,8,1997,2,9,-1,-1,-1
2015551501478,2,19,0,10,0,1,0,0,0,0,0,1,1,1,38,7,2143,2,1,-1,1,-1
2015551501479,1,9,0,5,0,0,0,0,0,0,1,1,2,1,34,6,1596,1,8,-1,-1,-1
2015551501480,1,9,0,18,0,0,0,0,0,0,4,1,6,2,41,7,1398,1,3,-1,1,-1
2015551501482,1,9,0,5,0,7,0,0,0,0,3,1,6,1,65,9,1598,1,9,-1,-1,-1
2015551501484,1,11,0,7,0,8,0,0,0,0,4,1,1,1,-1,-1,-1,-1,-1,-1,-1,-1
2015551501485,1,9,0,5,0,0,0,0,0,0,1,1,6,2,55,8,2736,1,11,-1,1,-1
2015551501485,2,1,0,5,0,0,0,0,0,0,1,1,2,1,42,7,-1,-1,-1,-1,1,-1
2015551501489,1,9,0,9,0,5,0,0,0,0,4,1,2,1,64,9,1248,1,-1,-1,1,-1
2015551501489,2,1,0,18,0,1,0,0,0,0,1,1,2,2,25,5,-1,-1,-1,-1,1,-1
2015551501491,1,5,0,18,0,4,0,0,0,0,2,1,6,1,30,6,599,1,14,-1,1,-1
2015551501491,2,9,0,5,0,4,0,0,0,0,1,1,6,2,27,6,989,1,9,-1,1,-1
2015551501496,1,5,0,17,0,0,1,0,0,0,1,1,6,1,44,7,1170,1,-1,-1,1,-1
2015551501497,1,9,0,18,0,0,0,0,0,0,1,1,6,1,52,8,1364,1,2,-1,1,-1
2015551501497,2,9,0,2,0,0,0,0,0,0,2,1,6,1,52,8,1389,1,23,-1,1,-1
2015551501498,1,9,0,9,0,8,0,0,0,0,1,1,6,2,56,9,1600,1,16,-1,1,-1
2015551501498,2,2,0,18,0,8,0,0,0,0,2,1,6,1,17,4,124,1,1,-1,1,-1
2015551501499,1,19,0,18,0,0,0,0,0,0,1,1,6,1,77,11,1560,2,-1,-1,2,-1
2015551501500,1,1,0,16,0,8,0,0,0,0,1,1,2,1,22,5,-1,-1,-1,-1,-1,-1
2015551501500,2,9,0,10,0,1,0,0,0,0,3,1,3,2,41,7,2494,1,11,-1,1,-1
2015551501505,1,9,0,16,0,0,0,0,1,0,3,1,6,1,39,7,2495,2,18,-1,3,-1
2015551501505,2,11,0,17,0,0,1,0,0,0,3,1,1,1,41,7,4250,1,16,-1,2,-1
2015551501507,1,9,0,18,0,1,0,0,0,0,1,1,6,2,29,6,1124,1,16,-1,1,-1
2015551501507,2,9,0,4,0,1,0,0,0,0,0,1,6,1,60,9,-1,-1,-1,-1,3,-1
2015551501508,1,9,0,18,0,0,5,0,7,9,3,1,6,1,26,6,2495,2,18,-1,3,-1
2015551501510,1,4,0,18,0,4,0,0,0,0,2,1,6,1,22,5,249,1,4,-1,1,-1
2015551501510,2,9,0,18,0,1,0,0,0,0,1,1,6,3,-1,-1,-1,-1,-1,-1,-1,-1
2015551501511,1,19,0,18,0,8,0,0,0,0,1,1,2,1,30,6,1560,2,7,-1,3,-1
2015551501511,2,9,0,18,0,8,0,0,0,0,3,1,6,1,47,8,1560,2,5,-1,1,-1
2015551501516,1,9,0,17,0,0,1,0,2,4,1,1,6,2,18,4,1229,1,4,-1,1,-1
2015551501517,1,1,0,18,0,1,0,0,0,0,0,1,4,1,12,3,-1,-1,-1,-1,2,-1
2015551501517,2,9,0,5,0,1,0,0,0,0,0,1,3,1,63,9,1364,1,2,-1,2,-1
2015551501518,1,9,0,18,0,0,0,0,0,0,1,1,6,1,60,9,1598,1,17,-1,-1,-1
2015551501520,1,9,0,18,0,0,0,0,0,0,1,1,6,1,19,4,1360,1,15,-1,3,-1
2015551501520,2,9,0,3,0,0,0,0,0,0,2,1,6,1,52,8,-1,-1,-1,-1,-1,-1
2015551501522,1,9,0,16,0,0,2,0,0,0,1,1,6,1,19,4,1149,1,16,-1,-1,-1
2015551501523,1,9,0,18,0,1,0,0,0,0,1,1,6,1,60,9,2477,2,9,-1,2,-1
2015551501523,2,9,0,18,0,1,0,0,0,0,2,1,6,2,57,9,1997,2,10,-1,2,-1
2015551501527,1,9,0,18,4,4,0,0,0,0,3,1,6,2,46,8,1390,1,8,-1,1,-1
2015551501527,2,9,0,18,0,4,0,0,0,0,1,1,6,2,46,8,1229,1,4,-1,1,-1
2015551501528,1,9,0,4,0,0,0,0,0,0,1,1,6,2,17,4,1596,1,13,-1,2,-1
2015551501528,2,9,0,4,0,0,0,0,0,0,2,1,2,2,30,6,1198,1,1,-1,3,-1
2015551501528,3,9,0,2,0,0,0,0,0,0,0,1,2,1,43,7,2401,2,9,-1,-1,-1
2015551501531,1,9,0,17,0,1,0,0,2,4,1,1,6,2,18,4,1240,1,9,-1,1,-1
2015551501534,1,9,0,4,0,1,0,0,0,0,1,1,6,2,28,6,1799,1,7,-1,2,-1
2015551501534,2,9,0,9,0,2,0,0,0,0,1,1,6,2,-1,-1,1995,2,2,-1,1,-1
2015551501541,1,9,0,18,0,0,1,7,1,10,3,1,6,1,33,6,2157,1,13,-1,1,-1
2015551501541,2,19,0,18,0,0,0,0,0,0,3,1,1,1,55,8,2198,2,1,-1,2,-1
2015551501541,3,9,0,2,0,0,0,0,0,0,2,1,6,3,-1,-1,1896,2,9,-1,-1,-1
2015551501542,1,8,0,14,0,0,0,0,0,0,1,1,6,3,-1,-1,1968,2,4,-1,-1,-1
2015551501542,2,9,0,2,0,0,0,0,0,0,2,1,6,2,20,4,998,1,6,-1,1,-1
2015551501543,1,9,0,5,0,4,0,0,0,0,1,1,6,2,33,6,1229,1,9,-1,1,-1
2015551501543,2,9,0,3,0,4,0,0,0,0,2,1,6,2,50,8,1560,2,4,-1,1,-1
2015551501545,1,9,0,4,0,1,0,0,0,0,3,1,2,2,29,6,1598,2,3,-1,3,-1
2015551501545,2,9,0,7,0,1,1,0,0,0,3,1,2,1,24,5,1781,1,10,-1,-1,-1
2015551501546,1,9,0,18,0,1,0,0,0,0,0,1,6,3,-1,-1,-1,-1,-1,-1,-1,-1
2015551501546,2,5,0,12,0,1,1,0,0,0,0,1,6,1,31,6,599,1,3,-1,1,-1
2015551501550,1,9,0,9,0,8,0,0,0,0,1,1,6,2,80,11,1339,1,-1,-1,1,-1
2015551501550,2,1,0,18,4,8,0,0,0,0,3,1,6,1,58,9,-1,-1,-1,-1,-1,-1
2015551501551,1,1,0,9,0,0,0,0,1,0,3,1,6,1,25,5,-1,-1,-1,-1,1,-1
2015551501551,2,9,0,18,0,0,1,0,1,3,4,1,1,1,34,6,2987,2,9,-1,1,-1
2015551501552,1,9,0,9,0,1,0,0,0,0,1,1,6,1,59,9,2987,2,9,-1,1,-1
2015551501552,2,1,0,18,4,1,0,0,0,0,1,1,1,1,45,7,-1,-1,-1,-1,1,-1
2015551501553,1,2,0,18,0,1,1,0,0,0,0,1,6,1,16,4,49,1,15,-1,1,-1
2015551501554,1,19,0,5,0,3,0,0,0,0,-1,1,1,1,40,7,2143,2,5,-1,1,-1
2015551501554,2,5,0,18,0,4,0,0,0,0,0,1,2,1,57,9,1137,1,17,-1,3,-1
2015551501555,1,9,0,5,0,4,0,0,0,0,1,1,2,1,32,6,1991,1,-1,-1,1,-1
2015551501555,2,1,0,11,0,3,0,0,0,0,1,1,2,1,57,9,-1,-1,-1,-1,-1,-1
2015551501557,1,1,0,18,0,1,0,0,0,0,1,1,6,1,39,7,-1,-1,-1,-1,-1,-1
2015551501557,2,9,0,7,0,1,0,0,0,0,4,1,2,1,51,8,1422,2,12,-1,-1,-1
2015551501558,1,3,0,18,0,0,0,0,0,0,1,1,6,1,17,4,125,1,-1,-1,2,-1
2015551501559,1,9,0,17,0,0,2,0,1,11,1,1,2,1,44,7,1390,1,3,-1,2,-1
2015551501561,1,19,0,17,0,1,2,0,0,0,4,1,1,1,30,6,2143,2,-1,-1,1,-1
2015551501562,1,9,0,3,0,4,0,0,0,0,2,1,6,2,46,8,1390,1,6,-1,2,-1
2015551501562,2,98,0,5,0,4,0,0,0,0,1,1,1,1,40,7,10800,2,1,-1,1,-1
2015551501563,1,1,0,18,0,1,0,0,0,0,2,1,2,1,18,4,-1,-1,-1,-1,1,-1
2015551501563,2,9,0,5,0,6,0,0,0,0,1,1,6,2,60,9,998,1,3,-1,1,-1
2015551501564,1,19,0,15,0,0,0,0,0,0,3,1,1,1,38,7,1248,2,9,-1,1,-1
2015551501564,2,9,0,18,0,0,0,0,0,0,3,1,6,1,69,10,1769,1,13,-1,1,-1
2015551501567,1,21,0,18,0,1,0,0,1,4,1,1,1,1,49,8,11705,2,8,-1,2,-1
2015551501567,2,21,1,4,0,1,3,0,1,0,2,1,1,1,41,7,16400,2,1,-1,2,-1
2015551501567,3,9,0,10,0,1,0,0,0,0,2,1,6,2,38,7,1997,2,8,-1,1,-1
2015551501568,1,3,0,13,0,1,1,0,0,0,1,1,6,1,24,5,125,1,-1,-1,1,-1
2015551501568,2,19,0,9,0,1,0,0,0,0,3,1,6,1,51,8,1998,2,11,-1,1,-1
2015551501569,1,3,0,18,0,8,0,0,0,0,4,1,6,1,64,9,124,1,5,-1,1,-1
2015551501569,2,9,0,18,0,4,0,0,0,0,1,1,6,2,29,6,1598,1,4,-1,1,-1
2015551501571,1,9,0,18,0,6,0,0,0,0,1,2,6,2,24,5,1229,1,10,-1,1,-1
2015551501571,2,9,0,18,0,8,0,0,0,0,3,2,6,1,33,6,1995,2,-1,-1,1,-1
2015551501572,1,9,0,17,0,0,2,0,2,7,4,1,2,1,20,4,1199,1,12,-1,1,-1
2015551501574,1,19,0,18,0,6,0,0,0,0,1,1,2,1,26,6,1868,2,12,-1,1,-1
2015551501574,2,9,0,5,0,8,0,0,0,0,2,1,6,2,39,7,998,1,8,-1,1,-1
2015551501574,3,9,0,2,0,2,0,0,0,0,3,1,6,1,59,9,1796,1,12,-1,-1,-1
2015551501575,1,9,0,16,0,1,1,0,0,0,1,1,6,1,42,7,1596,1,13,-1,1,-1
2015551501575,2,9,0,17,0,1,0,0,0,0,1,1,6,1,33,6,1587,1,10,-1,1,-1
2015551501576,1,1,0,18,0,0,0,0,0,0,1,1,6,1,25,5,-1,-1,-1,-1,1,-1
2015551501576,2,21,0,6,0,0,0,0,0,0,2,1,1,1,63,9,2287,2,-1,-1,1,-1
2015551501577,1,9,0,9,0,1,1,0,0,0,1,1,6,1,69,10,1395,1,1,-1,1,-1
2015551501577,2,9,0,18,0,1,1,0,0,0,1,1,6,2,32,6,1329,1,6,-1,1,-1
2015551501579,1,1,0,10,0,4,0,0,0,0,2,1,6,2,35,6,-1,-1,-1,-1,1,-1
2015551501579,2,9,0,17,0,4,0,0,0,0,1,1,6,2,63,9,1997,2,6,-1,1,-1
2015551501580,1,9,0,9,0,0,0,0,0,0,3,1,6,2,30,6,1598,1,3,-1,1,-1
2015551501580,2,3,0,18,0,0,0,7,7,1,1,1,6,1,18,4,125,1,-1,-1,1,-1
2015551501582,1,9,0,18,0,1,0,0,0,0,1,2,6,2,28,6,2720,2,9,-1,1,-1
2015551501584,1,9,0,18,0,0,0,0,0,0,1,1,6,2,77,11,999,1,3,-1,1,-1
2015551501586,1,9,0,18,0,4,0,0,0,0,1,1,6,1,20,4,1242,1,13,-1,1,-1
2015551501586,2,9,0,18,0,1,0,0,0,0,4,1,6,1,35,6,1389,1,16,-1,1,-1
2015551501587,1,8,0,18,0,8,0,0,0,0,1,1,6,3,-1,-1,-1,-1,-1,-1,-1,-1
2015551501587,2,1,0,18,0,8,0,0,0,0,3,1,6,1,31,6,-1,-1,-1,-1,1,-1
2015551501590,1,9,0,18,0,1,0,4,0,0,1,1,6,1,42,7,1997,2,8,-1,2,-1
2015551501590,2,9,0,10,0,1,0,0,0,0,2,1,2,1,51,8,1686,2,6,-1,1,-1
2015551501592,1,90,0,2,0,0,0,0,0,0,1,1,6,3,-1,-1,-1,-1,-1,-1,-1,-1
2015551501592,2,9,0,18,0,0,0,4,0,0,3,1,6,2,44,7,599,1,13,-1,1,-1
2015551501596,1,9,0,18,0,1,0,0,1,10,1,1,2,1,41,7,1781,1,13,-1,2,-1
2015551501596,2,10,0,5,0,8,0,0,0,0,4,1,6,1,57,9,-1,-1,-1,-1,2,-1
2015551501596,3,9,0,10,0,1,0,0,1,0,3,1,6,1,58,9,1769,1,11,-1,3,-1
2015551501596,4,9,0,10,0,1,0,0,0,0,3,1,2,2,41,7,1560,2,6,-1,1,-1
2015551501597,1,90,0,15,0,0,2,0,0,0,1,1,2,1,22,5,848,1,25,-1,3,-1
2015551501597,2,9,0,17,0,0,0,0,0,0,1,1,2,1,59,9,1598,2,1,-1,1,-1
2015551501597,3,21,0,16,0,0,0,0,0,0,0,1,2,1,40,7,10837,2,2,-1,1,-1
2015551501602,1,9,0,5,0,7,0,0,0,0,3,1,6,1,75,10,1248,1,6,-1,3,-1
2015551501602,2,4,0,18,0,1,1,0,0,0,4,1,2,1,50,8,124,1,2,-1,1,-1
2015551501604,1,9,0,18,0,0,1,6,0,0,1,1,6,1,43,7,1956,2,4,-1,1,-1
2015551501604,2,9,0,18,0,0,0,0,0,0,0,1,6,2,51,8,1896,2,7,-1,3,-1
2015551501605,1,9,0,7,0,8,0,0,0,0,4,1,2,2,21,5,998,1,-1,-1,-1,-1
2015551501606,1,9,0,17,0,0,2,0,7,11,1,1,6,1,26,6,1242,1,10,-1,-1,-1
2015551501607,1,9,0,18,0,2,0,11,0,0,1,1,6,1,25,5,1870,2,13,-1,2,-1
2015551501612,1,5,0,18,0,8,0,10,0,0,1,1,6,1,62,9,1261,1,5,-1,1,-1
2015551501612,2,9,0,18,0,8,0,0,0,0,3,1,6,2,28,6,1997,2,11,-1,2,-1
2015551501615,1,9,0,18,0,0,0,0,0,0,1,1,6,2,72,10,1341,1,11,-1,1,-1
2015551501618,1,19,0,16,0,0,0,0,7,0,1,1,1,1,48,8,1870,2,9,-1,1,-1
2015551501618,2,90,0,17,0,0,0,0,1,0,1,1,1,1,68,10,-1,-1,-1,-1,1,-1
2015551501619,1,1,0,18,0,8,0,0,0,0,4,1,6,1,47,8,-1,-1,-1,-1,1,-1
2015551501619,2,9,0,12,0,7,0,0,0,0,3,1,6,1,83,11,1560,2,3,-1,2,-1
2015551501620,1,9,0,18,0,6,1,0,1,2,3,1,6,2,22,5,1299,1,12,-1,1,-1
2015551501620,2,9,0,18,0,8,0,0,0,0,1,1,6,2,26,6,1598,1,12,-1,1,-1
2015551501621,1,9,0,18,0,0,0,0,0,0,4,1,6,1,20,4,1598,1,8,-1,3,-1
2015551501623,1,9,0,5,0,4,0,0,0,0,1,1,2,1,18,4,1360,1,16,-1,3,-1
2015551501626,1,3,0,18,0,0,0,0,0,0,0,1,6,1,52,8,124,1,-1,-1,1,-1
2015551501630,1,9,0,17,0,0,0,0,1,4,1,1,6,2,20,4,1229,1,3,-1,1,-1
2015551501635,1,19,0,2,0,0,0,0,0,0,3,1,1,1,29,6,1996,2,4,-1,1,-1
2015551501635,2,9,0,18,0,0,0,0,0,0,4,1,6,1,26,6,1499,1,-1,-1,1,-1
2015551501636,1,19,0,16,0,1,0,0,0,0,3,1,1,1,68,10,2402,2,13,-1,1,-1
2015551501636,2,9,0,17,0,3,0,0,0,0,1,1,6,3,-1,-1,1995,2,8,-1,-1,-1
2015551501636,3,9,0,17,0,3,0,0,0,0,2,1,6,1,28,6,1595,1,11,-1,2,-1
2015551501637,1,9,0,9,0,1,0,0,0,0,4,2,1,1,47,8,1896,2,6,-1,1,-1
2015551501637,2,1,0,18,0,1,0,0,0,0,1,1,6,1,28,6,-1,-1,-1,-1,-1,-1
2015551501638,1,9,0,18,0,6,0,0,0,0,4,1,6,1,-1,-1,1781,1,11,-1,-1,-1
2015551501638,2,1,0,18,5,8,0,0,0,0,1,1,6,1,77,11,-1,-1,-1,-1,-1,-1
2015551501639,1,9,0,18,0,2,0,0,0,0,1,1,6,2,52,8,2179,2,1,-1,1,-1
2015551501639,2,19,0,18,0,2,0,0,0,0,1,1,1,1,19,4,2148,2,7,-1,1,-1
2015551501640,1,9,0,18,0,0,0,0,0,0,1,1,6,2,73,10,698,1,8,-1,1,-1
2015551501641,1,9,0,9,0,8,0,0,0,0,4,1,6,2,20,4,1587,1,11,-1,1,-1
2015551501641,2,1,0,18,0,8,0,0,0,0,1,1,6,1,14,3,-1,-1,-1,-1,1,-1
2015551501643,1,19,4,17,0,0,0,0,0,0,0,1,1,1,-1,-1,5193,2,2,-1,-1,-1
2015551501643,2,16,0,18,0,0,0,0,0,0,0,1,1,2,46,8,-1,-1,-1,-1,-1,-1
2015551501644,1,9,0,13,0,0,0,0,0,0,1,1,6,3,-1,-1,-1,-1,-1,-1,-1,-1
2015551501644,2,1,0,18,0,0,0,0,0,0,2,1,6,1,59,9,-1,-1,-1,-1,-1,-1
2015551501646,1,9,0,18,0,0,2,0,1,11,1,1,6,2,30,6,1388,1,9,-1,1,-1
2015551501647,1,9,0,7,0,5,0,0,0,0,1,1,6,1,25,5,1686,2,11,-1,1,-1
2015551501650,1,19,0,4,0,0,0,0,0,0,1,1,1,1,31,6,2198,2,5,-1,1,-1
2015551501650,2,9,0,4,0,0,0,0,0,0,2,1,6,2,23,5,1400,2,10,-1,1,-1
2015551501650,3,19,0,18,0,0,0,0,0,0,0,1,1,3,-1,-1,-1,-1,-1,-1,-1,-1
2015551501651,1,3,0,18,0,8,0,0,0,0,1,1,6,1,20,4,124,1,4,-1,1,-1
2015551501651,2,9,0,9,0,5,0,0,0,0,1,1,6,1,56,9,1998,2,10,-1,2,-1
2015551501652,1,5,0,18,0,1,0,0,0,0,1,1,6,1,56,9,1250,1,1,-1,1,-1
2015551501652,2,9,0,9,0,8,0,0,0,0,1,1,6,2,40,7,1596,1,12,-1,1,-1
2015551501654,1,9,0,18,0,0,2,0,1,4,1,1,6,1,25,5,1988,1,15,-1,3,-1
2015551501654,2,19,0,18,0,0,1,1,7,0,1,1,6,1,31,6,1248,2,10,-1,3,-1
2015551501655,1,9,0,18,0,1,0,0,0,0,1,1,1,1,49,8,1398,1,-1,-1,1,-1
2015551501655,2,9,0,3,0,1,0,0,0,0,2,1,6,2,52,8,1896,2,12,-1,1,-1
2015551501655,3,9,0,8,0,1,0,0,0,0,2,1,6,1,35,6,1995,2,-1,-1,1,-1
2015551501660,1,19,0,5,0,5,0,0,0,0,4,1,6,1,50,8,1560,2,8,-1,1,-1
2015551501660,2,1,0,18,0,1,0,0,0,0,1,1,6,1,27,6,-1,-1,-1,-1,-1,-1
2015551501661,1,9,0,12,0,0,0,0,0,0,3,1,6,2,26,6,1587,1,15,-1,3,-1
2015551501661,2,9,0,13,0,0,1,0,2,4,4,1,2,1,19,4,1587,1,12,-1,1,-1
2015551501661,3,8,0,18,0,0,0,0,0,0,2,1,1,1,63,9,1560,2,2,-1,1,-1
2015551501663,1,9,0,18,0,2,0,0,0,0,1,1,6,3,-1,-1,-1,-1,-1,-1,-1,-1
2015551501663,2,1,0,18,0,2,0,0,0,0,4,1,6,1,21,5,-1,-1,-1,-1,-1,-1
2015551501664,1,9,0,18,0,1,2,0,8,4,1,1,6,1,56,9,1599,1,9,-1,1,-1
2015551501665,1,9,0,18,0,1,1,0,0,0,1,1,6,1,81,11,1360,1,11,-1,1,-1
2015551501665,2,9,0,18,0,1,0,0,0,0,2,1,6,1,56,9,2720,2,8,-1,1,-1
2015551501671,1,9,0,3,0,4,0,0,0,0,1,1,6,1,68,10,1956,2,5,-1,1,-1
2015551501671,2,9,0,4,0,4,0,0,0,0,2,1,2,2,24,5,1598,1,17,-1,1,-1
2015551501674,1,9,0,18,0,0,0,0,7,0,1,1,6,1,46,8,1598,1,8,-1,1,-1
2015551501674,2,9,0,18,0,0,0,0,0,0,3,1,6,1,52,8,2979,1,14,-1,1,-1
2015551501676,1,9,0,18,0,0,0,0,0,0,1,1,6,3,-1,-1,-1,-1,-1,-1,-1,-1
2015551501676,2,1,0,18,0,0,0,0,0,0,2,1,6,1,56,9,-1,-1,-1,-1,-1,-1
2015551501677,1,9,0,18,0,4,0,0,0,0,4,1,6,1,29,6,1299,1,18,-1,1,-1
2015551501677,2,1,0,18,0,4,0,0,0,0,2,1,6,2,35,6,-1,-1,-1,-1,1,-1
2015551501685,1,9,0,18,0,1,0,0,0,0,1,1,1,1,26,6,1390,1,18,-1,1,-1
2015551501685,2,9,0,18,0,1,0,0,0,0,1,1,1,1,63,9,1896,2,8,-1,1,-1
2015551501687,1,1,0,18,0,0,0,0,1,10,3,1,6,1,62,9,-1,-1,-1,-1,3,-1
2015551501689,1,9,0,18,0,0,1,0,2,7,3,1,6,2,29,6,1149,1,7,-1,1,-1
2015551501689,2,21,0,11,0,0,0,0,0,0,4,1,1,1,58,9,-1,-1,-1,-1,1,-1
2015551501690,1,1,0,18,0,1,0,0,0,0,1,1,6,1,57,9,-1,-1,-1,-1,1,-1
2015551501690,2,8,0,7,0,6,0,0,0,0,3,1,1,1,39,7,1560,2,4,-1,1,-1
2015551501691,1,9,0,18,0,1,0,0,0,0,1,1,6,1,64,9,1597,1,19,-1,3,-1
2015551501691,2,9,0,18,0,1,0,0,0,0,2,1,6,1,47,8,1396,2,1,-1,1,-1
2015551501693,1,9,0,18,0,0,0,11,0,0,1,1,6,2,43,7,1582,2,3,-1,1,-1
2015551501695,1,9,0,9,0,8,0,0,0,0,3,1,6,1,25,5,2616,1,10,-1,1,-1
2015551501695,2,2,0,18,0,8,1,0,0,0,1,1,6,1,16,4,49,1,14,-1,1,-1
2015551501700,1,9,0,18,0,8,0,0,0,0,1,1,6,2,29,6,1798,1,9,-1,1,-1
2015551501700,2,9,0,5,0,6,0,0,0,0,3,1,6,1,66,10,2199,2,4,-1,2,-1
2015551600002,1,9,0,18,0,8,0,0,0,0,1,1,2,2,57,9,998,1,-1,-1,2,-1
2015551600002,2,9,0,9,0,8,0,0,0,0,4,1,6,2,18,4,875,1,6,-1,1,-1
2015551600004,1,9,0,18,0,0,0,0,0,0,1,1,6,1,33,6,1895,1,16,-1,1,-1
2015551600004,2,9,0,4,0,0,0,0,0,0,2,1,6,1,33,6,1598,2,2,-1,1,-1
2015551600017,1,9,0,17,0,0,1,0,7,3,4,1,6,1,21,5,1796,1,17,-1,1,-1
2015551600017,2,9,0,18,0,0,0,0,0,0,0,1,1,3,-1,-1,1686,2,2,-1,-1,-1
2015551600028,1,9,0,4,0,1,0,0,0,0,1,1,6,3,-1,-1,-1,-1,-1,-1,-1,-1
2015551600028,2,9,0,4,0,1,0,0,0,0,2,1,1,2,40,7,1753,2,4,-1,1,-1
2015551600034,1,4,0,4,0,1,1,0,0,0,0,1,1,1,58,9,299,1,-1,-1,-1,-1
2015551600055,1,9,0,18,0,2,0,0,0,0,3,1,6,2,79,11,1318,1,-1,-1,1,-1
2015551600055,2,9,0,5,0,6,0,0,0,0,1,1,6,2,86,11,1389,1,10,-1,-1,-1
2015551600057,1,9,0,1,0,1,0,0,0,0,2,1,6,1,50,8,1560,2,7,-1,1,-1
2015551600057,2,1,0,18,0,2,0,0,0,0,3,1,6,1,47,8,-1,-1,-1,-1,1,-1
2015551600067,1,1,0,16,0,0,0,0,0,0,1,1,6,2,44,7,-1,-1,-1,-1,-1,-1
2015551600075,1,19,0,18,0,0,0,0,0,0,1,1,6,1,29,6,1998,2,13,-1,2,-1
2015551600075,2,9,0,5,0,0,0,0,0,0,2,1,1,1,20,4,1339,1,11,-1,1,-1
2015551600075,3,19,0,18,0,0,0,0,0,0,2,1,1,1,59,9,2143,2,1,-1,1,-1
2015551600077,1,9,0,18,0,0,0,0,0,0,1,1,6,1,51,8,1596,1,10,-1,1,-1
2015551600077,2,9,0,18,0,0,0,0,0,0,2,1,6,2,33,6,1951,2,14,-1,1,-1
2015551600081,1,19,0,13,0,0,0,0,0,0,1,1,1,1,28,6,2143,2,2,-1,1,-1
2015551600081,2,9,0,17,0,0,0,0,0,0,1,1,6,1,46,8,1998,2,7,-1,1,-1
2015551600086,1,9,0,9,0,5,0,0,7,0,3,1,6,2,33,6,1390,1,3,-1,3,-1
2015551600086,2,9,0,14,0,2,0,0,0,0,1,1,3,2,32,6,1997,2,7,-1,3,-1
2015551600088,1,9,0,18,0,0,0,0,4,6,1,1,2,1,32,6,1997,2,14,-1,1,-1
2015551600100,1,9,0,10,0,1,0,11,0,0,4,1,6,3,-1,-1,1198,1,1,-1,-1,-1
2015551600100,2,1,0,18,0,1,0,0,0,0,1,1,6,1,43,7,-1,-1,-1,-1,-1,-1
2015551600101,1,9,0,5,9,6,0,0,0,0,4,1,6,1,73,10,1242,1,-1,-1,1,-1