Accident_Index,Vehicle_Reference,Vehicle_Type,Towing_and_Articulation,Vehicle_Manoeuvre,Vehicle_Location-Restricted_Lane,Junction_Location,Skidding_and_Overturning,Hit_Object_in_Carriageway,Vehicle_Leaving_Carriageway,Hit_Object_off_Carriageway,1st_Point_of_Impact,Was_Vehicle_Left_Hand_Drive?,Journey_Purpose_of_Driver,Sex_of_Driver,Age_of_Driver,Age_Band_of_Driver,Engine_Capacity_(CC),Propulsion_Code,Age_of_Vehicle,Driver_IMD_Decile,Driver_Home_Area_Type,Vehicle_IMD_Decile
2015551600102,1,9,0,5,0,1,0,0,0,0,1,1,2,2,18,4,1398,2,11,-1,1,-1
2015551600102,2,9,0,3,0,1,0,0,0,0,1,1,6,2,19,4,1560,2,2,-1,3,-1
2015551600104,1,9,0,1,0,0,0,0,0,0,2,1,6,1,45,7,1796,1,12,-1,1,-1
2015551600104,2,2,0,3,0,0,0,0,0,0,1,1,6,1,51,8,102,1,9,-1,1,-1
2015551600110,1,1,0,18,0,0,0,0,0,0,4,1,2,1,42,7,-1,-1,-1,-1,1,-1
2015551600110,2,9,0,18,0,0,0,0,0,0,1,1,1,1,40,7,1598,2,4,-1,1,-1
2015551600112,1,9,0,9,0,8,0,0,0,0,3,1,6,2,22,5,1598,1,4,-1,1,-1
2015551600112,2,9,0,18,0,1,0,0,0,0,1,1,6,1,48,8,1587,1,12,-1,1,-1
2015551600114,1,9,0,18,0,1,0,0,0,0,1,1,6,1,28,6,1399,2,4,-1,-1,-1
2015551600114,2,9,0,9,0,1,0,0,0,0,4,1,6,2,20,4,1596,1,4,-1,1,-1
2015551600115,1,9,0,9,0,1,0,0,0,0,1,1,6,1,54,8,2398,1,17,-1,1,-1
2015551600115,2,9,0,15,0,1,0,0,0,0,1,1,6,2,25,5,1199,1,16,-1,1,-1
2015551600116,1,1,0,18,0,0,0,0,0,0,0,1,2,2,60,9,-1,-1,-1,-1,-1,-1
2015551600119,1,3,0,13,0,0,0,0,0,0,3,1,2,1,27,6,124,1,1,-1,1,-1
2015551600119,2,9,0,18,0,0,0,0,0,0,3,1,2,1,31,6,2494,1,13,-1,1,-1
2015551600120,1,9,0,18,0,0,0,0,7,0,3,1,6,2,73,10,1396,1,18,-1,2,-1
2015551600120,2,9,0,18,0,0,1,0,0,0,3,1,2,2,47,8,1997,2,17,-1,3,-1
2015551600121,1,9,0,10,0,8,0,0,0,0,1,1,2,2,49,8,1582,2,3,-1,1,-1
2015551600123,1,9,0,4,0,0,0,0,0,0,2,1,6,2,23,5,875,1,-1,-1,-1,-1
2015551600123,2,9,0,18,0,0,0,0,0,0,1,1,6,1,35,6,1910,2,10,-1,1,-1
2015551600124,1,11,0,4,2,0,0,0,0,0,0,1,1,2,35,6,-1,2,12,-1,1,-1
2015551600125,1,9,0,10,0,8,0,0,0,0,3,1,6,2,64,9,1197,1,4,-1,1,-1
2015551600125,2,5,0,18,0,1,0,0,0,0,4,1,6,1,28,6,1215,1,3,-1,1,-1
2015551600127,1,9,0,15,0,0,0,0,1,4,4,1,6,1,29,6,1596,1,11,-1,1,-1
2015551600130,1,8,0,18,0,2,0,0,1,4,1,1,1,1,44,7,1598,2,3,-1,1,-1
2015551600131,1,9,0,17,0,0,2,0,1,9,1,1,6,2,43,7,1197,1,2,-1,1,-1
2015551600133,1,22,0,18,0,0,0,0,0,0,1,1,6,2,77,11,-1,-1,-1,-1,2,-1
2015551600134,1,9,0,18,0,6,0,0,0,0,4,1,1,2,72,10,998,1,12,-1,3,-1
2015551600134,2,9,0,18,0,8,0,0,1,0,3,1,6,2,32,6,1598,2,2,-1,3,-1
2015551600135,1,9,0,12,0,1,0,0,4,6,1,1,6,2,23,5,1587,1,15,-1,2,-1
2015551600150,1,1,0,18,0,0,1,8,0,0,1,1,6,1,38,7,-1,-1,-1,-1,1,-1
2015551600150,2,9,0,2,0,0,0,0,0,0,3,1,6,3,-1,-1,1299,1,13,-1,-1,-1
2015551600161,1,9,0,4,0,4,0,0,0,0,1,1,6,1,51,8,1968,2,11,-1,1,-1
2015551600161,2,9,0,3,0,4,0,0,0,0,2,1,6,2,45,7,998,1,5,-1,1,-1
2015551600162,1,3,0,18,0,0,0,0,0,0,1,1,6,1,20,4,124,1,1,-1,1,-1
2015551600162,2,9,0,4,0,0,0,0,0,0,0,1,6,2,30,6,1781,1,15,-1,2,-1
2015551600165,1,9,0,18,0,1,0,0,0,0,1,2,1,1,36,7,1968,2,9,-1,1,-1
2015551600165,2,1,0,18,0,1,0,0,0,0,1,1,1,1,33,6,-1,-1,-1,-1,1,-1
2015551600178,1,9,0,18,0,0,0,0,0,0,1,1,6,2,18,4,796,1,16,-1,1,-1
2015551600179,1,8,0,4,0,4,0,0,0,0,1,1,1,1,29,6,1598,2,5,-1,-1,-1
2015551600179,2,2,0,3,0,1,0,0,0,0,2,1,6,1,43,7,50,1,1,-1,1,-1
2015551600183,1,20,0,18,0,0,0,0,0,0,1,1,1,1,50,8,6370,2,7,-1,1,-1
2015551600183,2,9,0,18,0,0,0,0,0,0,2,1,6,1,56,9,1956,2,3,-1,1,-1
2015551600184,1,3,0,18,0,0,0,0,0,0,2,1,6,3,-1,-1,124,1,1,-1,-1,-1
2015551600184,2,3,0,18,0,0,0,0,0,0,2,1,6,1,19,4,-1,-1,-1,-1,2,-1
2015551600187,1,9,0,5,0,6,0,0,0,0,1,1,6,3,-1,-1,1796,1,13,-1,-1,-1
2015551600187,2,1,0,18,0,2,0,0,0,0,4,1,6,2,75,10,-1,-1,-1,-1,-1,-1
2015551600188,1,9,0,17,0,0,1,0,0,0,4,1,6,2,28,6,1794,1,10,-1,1,-1
2015551600188,2,9,0,18,0,0,0,0,1,0,1,1,6,1,49,8,1461,2,2,-1,3,-1
2015551600201,1,9,0,7,0,6,0,0,0,0,1,1,1,1,52,8,1149,1,13,-1,1,-1
2015551600201,2,9,0,18,0,1,0,0,0,0,4,1,6,1,77,11,3980,1,21,-1,1,-1
2015551600203,1,9,0,14,0,1,0,0,0,0,4,1,6,1,64,9,1596,1,10,-1,1,-1
2015551600203,2,1,0,14,0,1,0,0,0,0,3,1,2,1,27,6,-1,-1,-1,-1,2,-1
2015551600224,1,9,0,18,0,8,0,0,0,0,2,1,6,1,55,8,1999,1,6,-1,1,-1
2015551600224,2,9,0,16,0,1,1,0,0,0,1,1,1,1,47,8,998,1,16,-1,1,-1
2015551600229,1,9,0,1,0,1,0,0,0,0,2,1,6,3,-1,-1,-1,-1,-1,-1,-1,-1
2015551600254,1,9,0,16,0,0,2,0,7,9,3,1,1,2,30,6,1781,1,19,-1,2,-1
2015551600255,1,9,0,5,0,4,0,0,0,0,1,1,2,1,55,8,1956,2,2,-1,1,-1
2015551600255,2,1,0,18,0,8,0,0,0,0,4,1,2,1,22,5,-1,-1,-1,-1,-1,-1
2015551600256,1,9,0,18,0,0,0,4,0,0,1,1,6,2,52,8,1461,2,-1,-1,1,-1
2015551600256,2,9,0,2,0,0,0,0,0,0,2,1,6,2,50,8,1598,2,2,-1,-1,-1
2015551600257,1,9,0,18,0,8,0,0,1,4,1,1,6,2,64,9,1587,1,11,-1,1,-1
2015551600258,1,9,0,16,0,0,1,6,7,11,1,1,6,1,90,11,1596,1,2,-1,1,-1
2015551600263,1,11,0,4,2,1,0,0,0,0,1,1,1,1,44,7,7300,2,3,-1,1,-1
2015551600265,1,9,0,5,0,8,0,0,0,0,1,1,1,2,46,8,1398,1,2,-1,1,-1
2015551600265,2,9,0,18,0,1,0,0,0,0,1,1,6,2,34,6,1968,2,8,-1,1,-1
2015551600272,1,9,0,4,0,0,0,0,0,0,2,1,6,2,53,8,1997,2,7,-1,1,-1
2015551600272,2,9,0,4,0,0,0,0,0,0,2,1,2,1,41,7,1299,1,14,-1,1,-1
2015551600272,3,9,0,4,0,0,0,0,0,0,1,1,6,1,38,7,1598,1,13,-1,1,-1
2015551600293,1,9,0,18,0,1,0,0,3,0,1,1,6,2,78,11,1299,1,12,-1,1,-1
2015551600294,1,9,0,1,0,1,0,0,0,0,2,1,6,1,36,7,1968,2,4,-1,1,-1
2015551600294,2,9,0,4,0,1,0,0,0,0,1,1,6,1,44,7,1398,1,2,-1,1,-1
2015551600295,1,19,0,18,0,0,1,0,0,0,1,1,1,1,28,6,1968,2,-1,-1,2,-1
2015551600295,2,9,0,18,0,0,0,0,0,0,2,1,6,1,42,7,1995,2,2,-1,1,-1
2015551600296,1,9,0,18,0,0,0,0,0,0,1,1,6,2,80,11,1299,1,13,-1,2,-1
2015551600296,2,19,0,4,0,0,0,0,0,0,1,1,2,1,31,6,2499,2,11,-1,2,-1
2015551600297,1,1,0,18,0,0,0,0,0,0,4,1,2,1,58,9,-1,-1,-1,-1,-1,-1
2015551600298,1,9,0,14,0,0,0,0,0,0,1,1,6,2,21,5,1242,1,4,-1,1,-1
2015551600298,2,9,0,2,9,0,0,0,1,0,2,1,6,3,-1,-1,1339,1,8,-1,-1,-1
2015551600299,1,9,0,18,0,0,1,0,0,0,1,2,6,1,54,8,1589,1,15,-1,3,-1
2015551600299,2,1,0,18,0,0,0,0,0,0,2,1,6,1,56,9,-1,-1,-1,-1,-1,-1
2015551600300,1,9,0,3,0,1,0,0,0,0,1,1,6,2,60,9,1398,1,-1,-1,-1,-1
2015551600300,2,9,0,3,0,1,0,0,0,0,2,1,6,2,46,8,1587,1,12,-1,1,-1
2015551600302,1,97,0,18,0,1,0,0,0,0,1,1,6,3,-1,-1,-1,-1,-1,-1,-1,-1
2015551600302,2,9,0,9,0,5,0,0,0,0,3,1,6,2,34,6,1397,1,8,-1,1,-1
2015551600343,1,9,0,5,0,4,0,0,0,0,2,1,6,2,19,4,989,1,12,-1,-1,-1
2015551600343,2,9,0,3,0,4,0,0,0,0,2,1,6,1,52,8,2401,2,11,-1,1,-1
2015551600343,3,9,0,5,0,4,0,0,0,0,1,1,6,2,56,9,1997,1,12,-1,2,-1
2015551600344,1,9,0,1,0,1,0,0,0,0,2,1,6,1,16,4,1956,2,5,-1,-1,-1
2015551600350,1,9,0,10,0,1,0,0,0,0,4,1,6,2,89,11,3199,1,16,-1,1,-1
2015551600352,1,9,0,18,0,4,0,0,0,0,1,1,6,3,-1,-1,1598,1,13,-1,-1,-1
2015551600352,2,9,0,4,0,8,0,0,0,0,2,1,6,1,63,9,1386,1,6,-1,-1,-1
2015551600353,1,9,0,9,0,5,0,0,0,0,1,1,6,2,85,11,1587,1,25,-1,1,-1
2015551600353,2,1,0,18,0,1,0,0,0,0,3,1,4,1,13,3,-1,-1,-1,-1,1,-1
2015551600370,1,9,0,4,0,2,0,0,0,0,0,1,6,3,-1,-1,1998,1,11,-1,-1,-1
2015551600370,2,11,0,9,0,6,0,0,0,0,0,1,1,1,28,6,5132,2,-1,-1,1,-1
2015551600374,1,9,0,18,0,2,0,0,0,0,1,1,2,2,34,6,875,1,4,-1,-1,-1
2015551600374,2,9,0,5,0,6,0,0,1,0,1,1,2,1,33,6,1242,1,12,-1,1,-1
2015551600376,1,9,0,18,0,0,0,0,0,0,3,1,6,1,55,8,1598,2,3,-1,1,-1
2015551600376,2,9,0,15,0,0,0,0,0,0,3,1,6,3,-1,-1,-1,-1,-1,-1,-1,-1
2015551600384,1,9,0,18,0,4,0,0,0,0,1,1,6,1,27,6,1587,1,8,-1,1,-1
2015551600384,2,2,0,18,0,8,0,0,0,0,4,1,6,2,23,5,49,1,4,-1,1,-1
2015551600385,1,9,0,4,0,0,0,0,0,0,2,1,6,1,24,5,1796,1,23,-1,1,-1
2015551600385,2,1,0,18,0,0,0,0,0,0,1,1,6,1,55,8,-1,-1,-1,-1,1,-1
2015551600387,1,9,0,9,0,5,1,0,0,0,1,1,2,1,33,6,1794,1,13,-1,1,-1
2015551600387,2,9,0,18,0,1,0,0,0,0,1,1,2,2,54,8,1685,2,-1,-1,1,-1
2015551600389,1,9,0,18,0,3,0,0,0,0,4,1,6,2,17,4,1198,1,5,-1,1,-1
2015551600389,2,1,0,11,0,3,0,0,0,0,4,1,6,2,31,6,-1,-1,-1,-1,-1,-1
2015551600390,1,9,0,18,0,0,5,4,0,0,4,1,6,2,84,11,1390,1,6,-1,1,-1
2015551600390,2,9,0,2,0,0,0,0,0,0,3,1,6,3,-1,-1,1388,1,13,-1,-1,-1
2015551600397,1,1,0,18,0,2,0,0,1,0,2,1,6,1,26,6,-1,-1,-1,-1,1,-1
2015551600397,2,19,0,18,0,6,0,0,0,0,1,1,2,1,47,8,2299,2,-1,-1,1,-1
2015551600414,1,9,0,13,0,0,0,0,0,0,1,1,6,3,-1,-1,-1,-1,-1,-1,-1,-1
2015551600414,2,1,0,18,0,0,0,0,0,0,3,1,6,1,14,3,-1,-1,-1,-1,-1,-1
2015551600433,1,9,0,1,0,6,0,0,1,0,1,1,6,2,69,10,1242,1,11,-1,2,-1
2015551600433,2,1,0,4,9,1,0,0,0,0,1,1,6,1,34,6,-1,-1,-1,-1,1,-1
2015551600437,1,9,0,18,0,0,0,0,1,0,2,1,1,1,-1,-1,1997,2,10,-1,1,-1
2015551600437,2,20,0,4,0,0,0,0,0,0,1,1,6,1,44,7,-1,-1,-1,-1,1,-1
2015551600437,3,5,0,4,0,0,0,0,0,0,2,1,6,1,60,9,599,1,16,-1,1,-1
2015551600439,1,9,0,18,0,1,0,0,0,0,1,1,6,3,-1,-1,-1,-1,-1,-1,-1,-1
2015551600487,1,9,0,1,0,6,0,0,0,0,2,1,6,1,49,8,2261,1,6,-1,1,-1
2015551600487,2,2,0,18,0,1,1,0,0,0,1,1,6,1,16,4,49,1,-1,-1,1,-1
2015551600490,1,19,0,18,0,0,2,0,7,4,1,1,1,2,56,9,-1,-1,-1,-1,1,-1
2015551600491,1,9,0,5,0,1,0,0,0,0,1,1,6,3,-1,-1,-1,-1,-1,-1,-1,-1
2015551600491,2,9,0,5,0,1,0,0,0,0,2,1,6,1,52,8,2959,1,23,-1,1,-1
2015551600514,1,20,0,18,0,0,2,0,0,0,4,1,1,1,47,8,2287,2,4,-1,3,-1
2015551600547,1,5,0,7,0,0,1,0,0,0,1,1,2,1,57,9,1783,1,7,-1,3,-1
2015551600547,2,21,1,4,0,0,0,0,0,0,3,1,1,1,63,9,12777,2,3,-1,-1,-1
2015551600632,1,5,0,16,0,1,1,0,1,7,1,1,2,1,31,6,999,1,7,-1,1,-1
2015551600632,2,9,0,17,0,1,1,0,0,0,3,1,6,1,66,10,2993,2,4,-1,3,-1
2015551600632,3,9,0,18,0,1,0,0,0,0,3,1,6,1,60,9,1968,2,1,-1,1,-1
2015551600632,4,9,0,18,0,1,0,0,1,0,1,1,6,1,35,6,1490,1,7,-1,-1,-1
2015551600658,1,9,0,5,0,6,0,0,0,0,1,1,6,1,18,4,1199,1,13,-1,1,-1
2015551600658,2,9,0,18,0,1,0,0,1,11,4,1,6,2,46,8,1998,2,6,-1,1,-1
2015551600658,3,8,0,18,0,1,0,0,0,0,1,1,1,1,53,8,2143,2,3,-1,1,-1
2015551600801,1,1,0,18,0,0,0,0,0,0,2,1,6,2,48,8,-1,-1,-1,-1,-1,-1
2015551600801,2,9,0,18,0,0,0,0,0,0,1,2,6,3,-1,-1,1596,1,2,-1,-1,-1
2015551600845,1,9,0,13,0,2,0,0,0,0,4,1,6,1,32,6,1461,2,6,-1,1,-1
2015551600845,2,1,0,18,0,2,0,0,0,0,3,1,6,1,45,7,-1,-1,-1,-1,-1,-1
2015551600874,1,19,0,1,0,0,0,0,0,0,4,1,2,3,-1,-1,2198,2,-1,-1,-1,-1
2015551600874,2,1,0,18,0,0,0,0,0,0,3,1,6,1,29,6,-1,-1,-1,-1,-1,-1
2015551600905,1,9,0,2,0,0,0,0,0,0,3,1,6,3,-1,-1,-1,-1,-1,-1,-1,-1
2015551600915,1,9,0,5,0,1,0,0,0,0,0,1,6,1,31,6,1328,1,13,-1,3,-1
2015551600928,1,1,0,18,0,0,0,10,7,0,3,1,6,2,79,11,-1,-1,-1,-1,-1,-1
2015551600933,1,1,0,15,0,8,0,0,0,0,3,1,6,1,27,6,-1,-1,-1,-1,-1,-1
2015551600933,2,19,0,7,0,5,0,0,0,0,4,1,6,3,-1,-1,1868,2,10,-1,-1,-1
2015551600942,1,3,0,16,0,3,1,10,1,4,1,1,1,1,18,4,124,1,-1,-1,1,-1
2015551600944,1,9,0,18,0,0,0,0,0,0,1,1,6,1,27,6,1289,1,15,-1,1,-1
2015551600944,2,9,0,3,0,0,0,0,0,0,2,1,6,1,32,6,1149,1,13,-1,1,-1
2015551600945,1,9,0,9,0,1,0,0,7,0,4,1,6,1,81,11,1332,1,4,-1,2,-1
2015551600945,2,5,0,18,0,1,1,0,7,10,1,1,6,1,51,8,2294,1,9,-1,3,-1
2015551600949,1,2,0,14,0,8,1,0,0,0,1,1,4,1,16,4,49,1,7,-1,1,-1
2015551600949,2,9,0,9,0,8,0,0,0,0,3,1,6,2,24,5,1796,1,12,-1,2,-1
2015551600951,1,3,0,18,0,1,1,0,0,0,0,1,6,1,20,4,124,1,14,-1,1,-1
2015551600951,2,9,0,3,0,1,0,0,0,0,0,1,6,1,45,7,1422,2,13,-1,1,-1
2015551600952,1,21,0,18,0,0,0,0,0,0,1,1,1,1,36,7,4500,2,8,-1,1,-1
2015551600952,2,3,0,18,0,0,0,0,0,0,2,1,2,1,36,7,100,1,9,-1,1,-1
2015551600953,1,9,0,7,0,3,0,0,0,0,4,1,2,1,23,5,1398,1,15,-1,1,-1
2015551600953,2,1,0,17,0,8,0,0,0,0,3,1,6,1,62,9,-1,-1,-1,-1,-1,-1
2015551601009,1,9,0,17,0,0,5,0,1,0,0,1,6,2,72,10,599,1,13,-1,1,-1
2015555997554,1,9,0,9,0,6,0,0,0,0,1,1,6,2,26,6,-1,-1,-1,-1,1,-1
2015555997554,2,9,0,18,0,1,0,0,0,0,1,1,6,1,72,10,1998,2,2,-1,1,-1
2015555997558,1,9,0,18,0,6,0,0,7,10,3,1,6,1,28,6,-1,-1,-1,-1,1,-1
2015555997558,2,9,0,18,0,8,0,0,0,0,1,1,6,1,63,9,2993,2,4,-1,1,-1
2015555997564,1,9,0,5,0,6,0,0,0,0,3,1,6,1,22,5,1248,2,2,-1,1,-1
2015555997564,2,1,0,18,0,8,0,0,0,0,1,1,6,1,37,7,-1,-1,-1,-1,1,-1
2015555997568,1,9,0,18,0,8,0,0,0,0,3,1,2,1,37,7,1998,1,21,-1,1,-1
2015555997568,2,5,0,17,0,8,0,0,0,0,1,1,2,1,41,7,1085,1,16,-1,1,-1
2015555997572,1,9,0,2,0,0,0,0,0,0,3,1,1,1,46,8,2993,2,7,-1,1,-1
2015555997572,2,1,0,14,0,0,0,0,0,0,1,1,2,1,33,6,-1,-1,-1,-1,1,-1
2015555997576,1,9,0,17,0,8,0,0,0,0,1,1,6,1,63,9,1596,1,10,-1,1,-1
2015555997576,2,5,0,18,0,8,0,0,0,0,4,1,2,1,55,8,1099,1,33,-1,1,-1
2015555997580,1,11,0,18,0,0,0,0,0,0,0,1,1,1,38,7,4461,2,1,-1,2,-1
2015555997583,1,9,0,9,0,5,0,0,0,0,3,1,6,1,48,8,1389,1,11,-1,1,-1
2015555997586,1,9,0,16,0,8,0,10,3,4,1,1,6,2,18,4,-1,-1,-1,-1,1,-1
2015555997590,1,8,0,18,0,8,0,0,0,0,1,1,1,1,39,7,1997,2,10,-1,1,-1
2015555997590,2,9,0,18,0,8,0,0,0,0,3,1,6,1,25,5,-1,-1,-1,-1,-1,-1
2015555997596,1,9,0,18,0,8,0,0,0,0,1,1,6,1,47,8,-1,-1,-1,-1,1,-1
2015555997596,2,9,0,18,0,8,0,0,0,0,4,1,6,1,81,11,1596,1,7,-1,1,-1
2015555997601,1,9,0,18,0,7,0,0,0,0,1,1,6,1,31,6,-1,-1,-1,-1,1,-1
2015555997601,2,9,0,12,0,7,0,0,0,0,2,1,6,1,29,6,1596,1,9,-1,1,-1
2015555997606,1,3,0,18,0,0,1,4,0,0,1,1,6,1,33,6,-1,-1,-1,-1,-1,-1
2015555997606,2,9,0,2,0,0,0,0,0,0,3,1,6,3,-1,-1,1596,1,12,-1,-1,-1
2015555997610,1,9,0,18,0,1,1,0,3,10,1,1,6,1,22,5,-1,-1,-1,-1,1,-1
2015555997613,1,9,0,18,0,0,0,0,0,0,4,1,6,2,82,11,1240,1,6,-1,1,-1
2015555997613,2,9,0,2,0,0,0,0,0,0,3,1,6,2,53,8,1896,2,10,-1,1,-1
2015555997617,1,9,0,9,0,6,0,0,0,0,3,1,2,2,33,6,-1,-1,-1,-1,1,-1
2015555997617,2,11,0,18,0,8,0,0,0,0,1,1,1,1,39,7,7300,2,3,-1,-1,-1
2015555997621,1,9,0,4,0,8,0,0,0,0,2,1,6,2,36,7,2295,1,14,-1,1,-1
2015555997621,2,9,0,18,0,8,0,0,0,0,1,1,6,1,31,6,1560,2,5,-1,1,-1
2015555997625,1,9,0,5,0,4,0,0,0,0,1,1,6,1,30,6,1598,2,4,-1,1,-1
2015555997625,2,1,0,18,0,8,0,0,0,0,4,1,6,2,19,4,-1,-1,-1,-1,1,-1
2015555997629,1,19,0,18,0,8,0,0,0,0,1,1,6,1,34,6,1995,2,4,-1,1,-1
2015555997629,2,9,0,18,0,8,0,0,1,2,3,1,6,2,55,8,1998,1,8,-1,1,-1
2015555997633,1,11,0,5,0,8,0,0,0,0,0,1,1,1,31,6,7300,2,3,-1,1,-1
2015555997636,1,19,0,1,0,1,0,0,0,0,2,1,6,3,-1,-1,2402,2,5,-1,-1,-1
2015555997639,1,9,0,18,0,6,0,0,0,0,3,1,6,1,31,6,1396,1,13,-1,1,-1
2015555997639,2,9,0,17,0,1,0,0,0,0,1,1,6,1,44,7,2231,2,5,-1,1,-1
2015555997644,1,3,0,18,0,0,0,0,0,0,1,1,1,1,48,8,-1,-1,-1,-1,1,-1
2015555997644,2,8,0,9,0,0,1,0,0,0,4,1,1,1,45,7,1461,2,5,-1,1,-1
2015555997648,1,9,0,9,0,2,0,0,0,0,1,1,6,1,45,7,1498,1,2,-1,1,-1
2015555997651,1,9,0,18,0,1,0,0,7,10,1,1,6,1,18,4,-1,-1,-1,-1,1,-1
2015555997654,1,9,0,18,0,0,0,0,0,0,1,1,6,1,58,9,1995,2,11,-1,1,-1
2015555997657,1,9,0,5,0,4,0,0,0,0,1,1,6,1,33,6,1595,2,5,-1,1,-1
2015555997657,2,1,0,17,0,8,0,0,0,0,2,1,6,1,51,8,-1,-1,-1,-1,1,-1
2015555997661,1,9,0,18,0,1,0,4,0,0,1,1,6,1,74,10,-1,-1,-1,-1,1,-1
2015555997661,2,9,0,2,0,1,0,0,0,0,1,1,6,3,-1,-1,1896,2,10,-1,-1,-1
2015555997665,1,9,0,5,0,6,0,0,0,0,1,1,6,2,50,8,-1,3,1,-1,1,-1
2015555997665,2,1,0,18,0,8,0,0,0,0,1,1,6,2,56,9,-1,-1,-1,-1,1,-1
2015555997669,1,9,0,18,0,8,0,0,0,0,3,1,6,2,19,4,1242,1,6,-1,1,-1
2015555997669,2,9,0,18,0,8,0,0,0,0,1,1,6,1,18,4,1229,1,3,-1,1,-1
2015555997673,1,1,0,18,0,0,0,0,0,0,4,1,6,1,23,5,-1,-1,-1,-1,-1,-1
2015555997673,2,9,0,18,0,0,0,0,0,0,1,1,6,2,44,7,1896,2,12,-1,3,-1
2015555997677,1,9,0,17,0,0,0,0,1,4,1,1,6,2,30,6,-1,-1,-1,-1,1,-1
2015555997680,1,9,0,18,9,0,0,0,1,10,1,1,6,3,-1,-1,-1,-1,-1,-1,-1,-1
2015555997683,1,9,0,9,0,2,0,0,0,0,1,1,6,3,-1,-1,-1,-1,-1,-1,-1,-1
2015555997686,1,9,0,11,0,0,0,0,0,0,4,1,2,2,25,5,1598,1,6,-1,1,-1
2015555997686,2,11,0,18,0,0,0,0,0,0,1,1,6,1,50,8,7300,2,12,-1,1,-1
2015555997686,3,9,0,3,0,0,0,0,0,0,2,1,6,1,27,6,1598,1,7,-1,1,-1
2015555997691,1,5,0,5,0,8,0,0,0,0,1,1,6,2,49,8,-1,-1,-1,-1,1,-1
2015555997691,2,9,0,5,0,8,0,0,0,0,4,1,6,2,28,6,2926,2,12,-1,1,-1
2015555997695,1,9,0,4,0,0,0,0,0,0,1,1,2,2,40,7,1364,1,9,-1,1,-1
2015555997695,2,9,0,4,0,0,0,0,0,0,2,1,1,2,39,7,1797,8,3,-1,1,-1
2015555997695,3,9,0,4,0,0,0,0,0,0,2,1,2,1,45,7,2497,1,9,-1,1,-1
2015555997695,4,9,0,4,0,0,0,0,0,0,2,1,2,1,56,9,1149,1,8,-1,1,-1
2015555997702,1,9,0,18,0,2,0,0,0,0,1,1,6,3,-1,-1,-1,-1,-1,-1,-1,-1
2015555997705,1,9,0,5,0,1,0,0,0,0,1,1,6,1,39,7,1390,1,13,-1,1,-1
2015555997705,2,9,0,4,0,1,0,0,0,0,2,1,6,2,32,6,1896,2,12,-1,1,-1
2015555997709,1,9,0,18,0,2,0,0,0,0,3,1,6,1,31,6,1275,1,15,-1,1,-1
2015555997712,1,19,0,18,0,2,0,0,0,0,1,1,6,1,31,6,1870,2,11,-1,1,-1
2015555997712,2,9,0,4,0,2,0,0,0,0,2,1,6,1,33,6,1598,2,5,-1,1,-1
2015555997716,1,9,0,18,0,1,1,0,0,0,1,1,6,2,18,4,1596,1,13,-1,1,-1
2015555997716,2,9,0,3,0,1,0,0,0,0,2,1,6,1,42,7,1796,1,9,-1,1,-1
2015555997720,1,9,0,10,0,8,0,0,0,0,2,1,6,2,22,5,1390,1,8,-1,1,-1
2015555997720,2,9,0,18,0,1,0,0,0,0,1,1,6,3,33,6,1596,1,15,-1,-1,-1
2015555997724,1,9,0,5,0,8,0,0,0,0,1,1,6,2,22,5,1396,1,13,-1,1,-1
2015555997724,2,9,0,18,0,8,0,0,0,0,3,1,6,1,50,8,1798,8,2,-1,1,-1
2015555997730,1,19,0,9,0,8,0,0,0,0,4,1,6,1,67,10,2148,2,10,-1,1,-1
2015555997730,2,1,0,18,0,8,0,0,0,0,1,1,6,1,22,5,-1,-1,-1,-1,1,-1
2015555997734,1,9,0,9,0,8,0,0,0,0,1,1,6,2,48,8,1339,1,9,-1,1,-1
2015555997734,2,1,0,18,0,8,0,0,0,0,1,1,6,1,16,4,-1,-1,-1,-1,1,-1
2015555997738,1,9,0,9,0,4,0,0,0,0,3,1,6,1,36,7,-1,-1,-1,-1,1,-1
2015555997738,2,1,0,18,0,8,0,0,0,0,1,1,6,1,50,8,-1,-1,-1,-1,1,-1
2015555997742,1,9,0,9,9,5,0,0,0,0,1,1,6,2,48,8,2400,2,3,-1,1,-1
2015555997745,1,1,0,18,0,8,0,0,0,0,1,1,1,1,61,9,-1,-1,-1,-1,1,-1
2015555997745,2,9,0,7,0,8,0,0,0,0,4,1,2,2,25,5,1995,2,6,-1,1,-1
2015555997749,1,9,0,5,9,6,0,0,0,0,1,1,1,2,50,8,1598,7,12,-1,1,-1
2015555997749,2,1,0,18,9,1,0,0,0,0,3,1,6,2,15,3,-1,-1,-1,-1,1,-1
2015555997753,1,9,0,9,0,8,0,0,0,0,3,1,6,1,19,4,998,1,10,-1,1,-1
2015555997753,2,4,0,13,0,8,0,0,0,0,1,1,6,1,39,7,385,1,15,-1,1,-1
2015555997757,1,9,0,5,0,4,0,0,0,0,1,1,1,2,57,9,1248,1,6,-1,1,-1
2015555997757,2,1,0,18,0,3,0,0,0,0,2,1,6,1,42,7,-1,-1,-1,-1,1,-1