Accident_Index,Vehicle_Reference,Vehicle_Type,Towing_and_Articulation,Vehicle_Manoeuvre,Vehicle_Location-Restricted_Lane,Junction_Location,Skidding_and_Overturning,Hit_Object_in_Carriageway,Vehicle_Leaving_Carriageway,Hit_Object_off_Carriageway,1st_Point_of_Impact,Was_Vehicle_Left_Hand_Drive?,Journey_Purpose_of_Driver,Sex_of_Driver,Age_of_Driver,Age_Band_of_Driver,Engine_Capacity_(CC),Propulsion_Code,Age_of_Vehicle,Driver_IMD_Decile,Driver_Home_Area_Type,Vehicle_IMD_Decile
2015555998338,1,9,0,4,0,4,0,0,0,0,2,1,6,2,62,9,999,1,4,-1,1,-1
2015555998338,2,9,0,18,0,1,0,0,0,0,1,1,6,1,25,5,-1,-1,-1,-1,-1,-1
2015555998343,1,9,0,5,0,4,0,0,0,0,2,1,6,1,28,6,1896,2,10,-1,1,-1
2015555998343,2,9,0,5,0,4,0,0,0,0,1,1,6,2,25,5,1598,1,3,-1,1,-1
2015555998347,1,9,0,18,0,2,0,7,0,0,1,1,6,2,64,9,1399,1,4,-1,1,-1
2015555998350,1,19,0,5,0,0,0,0,0,0,3,1,1,1,39,7,1598,2,1,-1,1,-1
2015555998350,2,9,0,18,0,0,0,0,0,0,4,1,6,2,22,5,1198,1,2,-1,1,-1
2015555998355,1,9,0,18,0,0,0,4,0,0,4,1,6,1,79,11,1997,1,7,-1,1,-1
2015555998355,2,9,0,2,0,0,0,0,0,0,3,1,6,3,-1,-1,1248,2,5,-1,-1,-1
2015555998355,3,9,0,2,0,0,0,0,0,0,4,1,6,3,-1,-1,1399,2,4,-1,-1,-1
2015555998360,1,8,0,18,0,1,0,0,0,0,1,1,6,1,-1,-1,1968,2,4,-1,-1,-1
2015555998360,2,9,0,18,0,1,0,0,0,0,2,1,6,2,21,5,-1,-1,-1,-1,1,-1
2015555998364,1,9,0,5,0,4,0,0,0,0,1,1,6,1,25,5,1984,1,10,-1,3,-1
2015555998364,2,1,0,18,0,8,0,0,0,0,4,1,2,2,58,9,-1,-1,-1,-1,1,-1
2015555998368,1,9,0,1,9,6,0,0,0,0,3,1,6,1,50,8,2495,2,18,-1,1,-1
2015555998371,1,9,0,3,0,1,0,0,0,0,2,1,6,2,53,8,1968,2,11,-1,1,-1
2015555998371,2,9,0,5,0,1,0,0,0,0,1,1,6,1,30,6,2495,2,20,-1,1,-1
2015555998376,1,9,0,4,0,1,0,0,0,0,1,1,6,1,78,11,1998,1,15,-1,1,-1
2015555998376,2,19,0,5,0,1,0,0,0,0,2,1,1,1,38,7,2198,2,1,-1,1,-1
2015555998380,1,9,0,5,0,2,0,0,0,0,3,1,6,2,78,11,1339,1,8,-1,1,-1
2015555998380,2,9,0,18,0,1,0,0,0,0,3,1,6,2,41,7,-1,-1,-1,-1,1,-1
2015555998384,1,9,0,18,0,1,0,0,0,0,1,1,6,3,-1,-1,-1,-1,-1,-1,-1,-1
2015555998384,2,9,0,3,0,1,0,0,0,0,2,1,6,2,18,4,998,1,3,-1,1,-1
2015555998388,1,21,0,18,0,0,1,0,0,0,1,1,6,1,26,6,-1,-1,-1,-1,-1,-1
2015555998388,2,1,0,18,0,0,0,0,0,0,1,1,4,1,16,4,-1,-1,-1,-1,1,-1
2015555998392,1,9,0,3,0,0,0,0,0,0,4,1,6,2,41,7,2231,2,1,-1,2,-1
2015555998392,2,1,0,18,4,0,0,0,0,0,1,1,6,2,32,6,-1,-1,-1,-1,1,-1
2015555998396,1,9,0,18,0,0,5,0,0,0,1,1,6,1,88,11,1329,1,4,-1,1,-1
2015555998396,2,9,0,12,0,0,0,0,0,0,3,1,1,1,32,6,1598,2,-1,-1,1,-1
2015555998396,3,9,0,18,0,0,0,0,0,0,3,1,6,2,36,7,1998,1,13,-1,1,-1
2015555998401,1,9,0,18,0,8,0,0,0,0,4,1,1,1,42,7,2993,2,5,-1,1,-1
2015555998401,2,1,0,18,0,1,0,0,0,0,1,1,6,2,24,5,-1,-1,-1,-1,1,-1
2015555998405,1,5,0,13,0,0,1,0,0,0,4,1,6,1,20,4,656,1,4,-1,1,-1
2015555998408,1,20,1,18,0,0,0,0,0,0,1,1,1,1,31,6,-1,-1,-1,-1,-1,-1
2015555998408,2,9,0,13,0,0,1,0,1,2,2,1,6,1,25,5,-1,-1,-1,-1,1,-1
2015555998412,1,9,0,12,0,8,0,0,0,0,3,1,2,2,27,6,1896,2,11,-1,1,-1
2015555998412,2,3,0,18,0,8,0,0,0,0,4,1,6,1,24,5,125,1,-1,-1,2,-1
2015555998416,1,8,0,7,0,6,0,0,0,0,1,1,6,1,60,9,1968,2,4,-1,1,-1
2015555998419,1,9,0,18,0,0,0,0,0,0,1,1,6,2,40,7,1598,1,8,-1,1,-1
2015555998419,2,9,0,2,0,0,0,0,0,0,2,1,6,3,-1,-1,2765,2,23,-1,-1,-1
2015555998423,1,9,0,5,0,0,0,0,0,0,2,1,6,2,51,8,1995,2,9,-1,1,-1
2015555998423,2,3,0,18,0,0,0,0,0,0,1,1,6,1,22,5,125,1,2,-1,1,-1
2015555998427,1,9,0,18,0,0,0,0,0,0,4,1,6,1,33,6,1299,1,14,-1,1,-1
2015555998430,1,9,0,4,0,0,0,0,0,0,4,1,6,1,37,7,1598,1,2,-1,-1,-1
2015555998433,1,9,0,1,0,0,0,0,0,0,2,1,6,1,28,6,1364,1,9,-1,1,-1
2015555998436,1,9,0,18,0,4,0,0,0,0,1,1,6,1,60,9,1600,1,4,-1,1,-1
2015555998436,2,9,0,4,0,4,0,0,0,0,2,1,6,2,26,6,1999,1,10,-1,1,-1
2015555998436,3,9,0,4,0,4,0,0,0,0,2,1,6,2,31,6,1685,2,1,-1,1,-1
2015555998442,1,4,0,13,0,2,1,0,7,2,1,1,6,1,21,5,124,1,6,-1,1,-1
2015555998442,2,9,0,16,0,1,0,0,0,0,0,1,6,1,42,7,-1,-1,-1,-1,1,-1
2015555998442,3,9,0,17,0,1,0,0,0,0,1,1,6,1,29,6,1896,2,14,-1,1,-1
2015555998450,1,9,0,18,0,8,0,0,0,0,1,1,6,2,47,8,1198,1,1,-1,1,-1
2015555998450,2,9,0,9,0,8,0,0,0,0,4,1,6,1,18,4,1242,1,-1,-1,2,-1
2015555998454,1,9,0,9,0,1,0,0,0,0,1,1,2,2,31,6,-1,-1,-1,-1,1,-1
2015555998454,2,9,0,18,0,8,0,0,0,0,1,1,2,1,21,5,1248,2,7,-1,1,-1
2015555998459,1,9,0,17,0,0,1,0,1,4,1,1,6,1,29,6,2700,1,11,-1,1,-1
2015555998462,1,9,0,18,0,8,0,0,0,0,1,1,6,3,33,6,-1,-1,-1,-1,-1,-1
2015555998462,2,1,0,9,0,5,0,0,0,0,2,1,1,1,60,9,-1,-1,-1,-1,1,-1
2015555998466,1,8,0,3,0,0,0,0,0,0,2,1,1,1,33,6,1560,2,4,-1,1,-1
2015555998466,2,9,0,3,0,0,0,0,0,0,2,1,6,2,24,5,998,1,4,-1,1,-1
2015555998466,3,9,0,18,0,0,0,0,0,0,1,1,6,1,60,9,1781,1,12,-1,1,-1
2015555998471,1,9,0,18,0,4,0,0,0,0,1,1,2,1,28,6,1956,2,6,-1,1,-1
2015555998471,2,1,0,18,0,4,0,0,0,0,4,1,1,2,16,4,-1,-1,-1,-1,1,-1
2015555998475,1,9,0,9,0,8,0,0,0,0,1,1,6,2,75,10,1229,1,2,-1,1,-1
2015555998475,2,9,0,18,0,8,0,0,0,0,1,1,6,2,63,9,-1,-1,-1,-1,1,-1
2015555998479,1,9,0,18,0,0,0,0,0,0,1,1,6,1,26,6,1229,1,3,-1,1,-1
2015555998479,2,19,0,3,0,0,0,0,0,0,2,1,1,1,56,9,1399,2,5,-1,1,-1
2015555998479,3,9,0,3,0,0,0,0,0,0,2,1,6,2,22,5,1598,1,20,-1,1,-1
2015555998484,1,9,0,9,0,8,0,0,0,0,0,1,6,2,31,6,-1,-1,-1,-1,1,-1
2015555998484,2,1,0,18,0,8,0,0,0,0,1,1,2,1,22,5,-1,-1,-1,-1,1,-1
2015555998488,1,9,0,5,0,1,0,0,0,0,1,1,6,1,45,7,2996,1,8,-1,1,-1
2015555998488,2,9,0,3,0,1,0,0,0,0,2,1,1,1,26,6,1686,2,1,-1,1,-1
2015555998494,1,5,0,18,0,0,1,0,0,0,0,1,6,1,24,5,998,1,7,-1,1,-1
2015555998498,1,9,0,5,0,0,0,0,0,0,4,1,6,2,56,9,1587,1,11,-1,1,-1
2015555998501,1,9,0,18,0,1,0,0,0,0,1,1,6,3,-1,-1,-1,-1,-1,-1,-1,-1
2015555998504,1,9,0,18,0,8,0,0,0,0,3,1,6,1,75,10,1998,2,6,-1,1,-1
2015555998504,2,9,0,18,0,1,0,0,0,0,1,1,6,1,62,9,-1,-1,-1,-1,1,-1
2015555998508,1,9,0,1,0,6,0,0,0,0,2,1,6,3,33,6,-1,-1,-1,-1,-1,-1
2015555998508,2,1,0,18,0,8,0,0,0,0,1,1,6,1,24,5,-1,-1,-1,-1,1,-1
2015555998512,1,9,0,2,0,0,0,0,0,0,3,1,6,1,38,7,1396,1,11,-1,1,-1
2015555998512,2,1,0,18,0,0,0,0,0,0,1,1,6,1,16,4,-1,-1,-1,-1,1,-1
2015555998516,1,9,0,7,0,8,0,7,0,0,1,1,6,2,77,11,1396,1,3,-1,1,-1
2015555998516,2,9,0,10,0,1,0,0,0,0,3,1,6,1,65,9,1248,1,4,-1,2,-1
2015555998516,3,9,0,10,0,1,0,0,0,0,3,1,6,1,41,7,1995,2,3,-1,3,-1
2015555998516,4,9,0,10,0,1,0,0,0,0,1,1,6,2,44,7,-1,-1,-1,-1,-1,-1
2015555998522,1,9,0,7,0,8,0,0,0,0,1,1,6,2,50,8,1299,1,13,-1,1,-1
2015555998522,2,1,0,18,0,8,0,0,0,0,2,1,6,1,31,6,-1,-1,-1,-1,1,-1
2015555998526,1,9,0,9,0,6,0,0,0,0,3,1,1,1,33,6,-1,-1,-1,-1,1,-1
2015555998526,2,5,0,13,0,7,0,0,0,0,1,1,1,1,43,7,599,1,7,-1,1,-1
2015555998530,1,9,0,10,0,5,0,0,0,0,2,1,6,2,76,11,1997,1,13,-1,1,-1
2015555998530,2,19,0,18,0,8,0,0,0,0,1,1,1,1,47,8,2402,2,9,-1,1,-1
2015555998534,1,19,0,18,0,0,0,0,0,0,4,1,6,1,50,8,2198,2,2,-1,1,-1
2015555998537,1,9,0,7,0,6,0,0,0,0,4,1,6,2,92,11,1339,1,12,-1,1,-1
2015555998537,2,1,0,9,0,6,0,0,0,0,1,1,6,1,53,8,-1,-1,-1,-1,1,-1
2015555998541,1,9,0,18,0,2,0,0,0,0,1,1,6,3,-1,-1,-1,-1,-1,-1,-1,-1
2015555998541,2,11,0,2,0,2,0,0,0,0,0,1,1,3,-1,-1,-1,-1,-1,-1,-1,-1
2015555998545,1,9,0,2,0,0,0,0,0,0,1,1,1,3,-1,-1,1870,2,12,-1,1,-1
2015555998545,2,9,0,1,0,0,0,0,0,0,2,1,6,1,47,8,1248,1,-1,-1,1,-1
2015555998550,1,9,0,9,0,5,0,0,0,0,4,1,6,1,87,11,1390,1,14,-1,1,-1
2015555998550,2,3,0,18,0,1,0,0,0,0,1,1,2,1,32,6,124,1,-1,-1,1,-1
2015555998554,1,9,0,9,9,5,0,0,0,0,1,1,2,1,30,6,1796,1,15,-1,1,-1
2015555998554,2,1,0,18,9,8,0,0,0,0,2,1,6,2,54,8,-1,-1,-1,-1,1,-1
2015555998558,1,11,0,17,0,0,0,0,0,0,1,1,1,2,33,6,6374,2,5,-1,1,-1
2015555998561,1,9,0,4,0,1,0,0,0,0,1,1,6,2,32,6,1995,1,9,-1,1,-1
2015555998561,2,9,0,3,0,1,0,0,0,0,2,1,6,1,52,8,1248,2,4,-1,1,-1
2015555998561,3,9,0,3,0,1,0,0,0,0,2,1,6,2,48,8,1390,1,15,-1,1,-1
2015555998561,4,9,0,3,0,1,0,0,0,0,2,1,6,1,37,7,-1,-1,-1,-1,1,-1
2015555998569,1,9,0,7,0,4,0,0,0,0,1,1,6,2,53,8,1390,1,14,-1,1,-1
2015555998569,2,1,0,18,0,8,0,0,0,0,4,1,6,1,36,7,-1,-1,-1,-1,1,-1
2015555998573,1,9,0,4,0,0,0,0,0,0,2,1,6,1,21,5,1388,1,5,-1,1,-1
2015555998573,2,19,0,18,0,0,0,0,0,0,1,1,1,1,49,8,1248,2,1,-1,2,-1
2015555998573,3,9,0,18,0,0,0,0,0,0,2,1,2,2,47,8,1995,2,4,-1,1,-1
2015555998573,4,9,0,18,0,0,0,0,0,0,1,1,6,2,37,7,1596,1,9,-1,1,-1
2015555998579,1,11,0,4,0,8,0,0,0,0,0,1,1,1,53,8,7300,2,13,-1,-1,-1
2015555998582,1,19,0,7,0,8,0,0,0,0,4,1,1,1,20,4,1461,2,-1,-1,1,-1
2015555998582,2,1,0,18,4,8,0,0,0,0,1,1,6,1,39,7,-1,-1,-1,-1,1,-1
2015555998586,1,9,0,3,0,1,0,0,0,0,4,1,2,1,67,10,1798,1,9,-1,1,-1
2015555998586,2,1,0,18,0,1,0,0,0,0,4,1,2,1,33,6,-1,-1,-1,-1,-1,-1
2015555998590,1,3,0,18,0,8,0,0,0,0,1,1,6,2,22,5,124,1,7,-1,1,-1
2015555998590,2,8,0,9,0,5,0,0,0,0,3,1,1,1,48,8,1896,2,7,-1,1,-1
2015555998594,1,9,0,9,0,1,0,0,0,0,2,1,2,1,37,7,1198,1,10,-1,1,-1
2015555998594,2,3,0,13,0,1,0,0,0,0,1,1,2,1,18,4,125,1,13,-1,1,-1
2015555998598,1,19,0,5,0,8,0,0,0,0,1,1,1,2,53,8,1461,2,7,-1,1,-1
2015555998598,2,9,0,18,0,8,0,0,0,0,1,1,6,2,74,10,1229,1,1,-1,1,-1
2015555998602,1,3,0,13,0,8,0,0,0,0,1,1,6,1,33,6,124,1,4,-1,1,-1
2015555998602,2,9,0,9,0,5,0,0,0,0,3,1,6,2,27,6,2204,2,9,-1,1,-1
2015555998606,1,8,0,18,0,0,0,0,0,0,1,1,1,1,50,8,1896,2,6,-1,1,-1
2015555998606,2,8,0,3,0,0,0,0,0,0,2,1,1,1,48,8,1997,2,6,-1,1,-1
2015555998606,3,9,0,5,0,0,0,0,0,0,2,1,2,2,23,5,1995,1,8,-1,1,-1
2015555998611,1,90,0,18,9,0,0,0,0,0,1,1,6,1,47,8,-1,-1,-1,-1,1,-1
2015555998614,1,1,0,18,0,0,0,0,0,0,1,1,6,1,56,9,-1,-1,-1,-1,1,-1
2015555998618,1,90,0,4,0,1,0,0,0,0,4,1,1,1,53,8,-1,-1,-1,-1,2,-1
2015555998621,1,19,0,9,0,5,0,0,7,10,4,1,6,2,25,5,2148,2,11,-1,1,-1
2015555998621,2,19,0,18,0,8,0,0,0,0,1,1,6,1,53,8,5800,1,24,-1,1,-1
2015555998627,1,9,0,18,0,0,0,0,0,0,4,1,6,2,42,7,1399,1,5,-1,1,-1
2015555998630,1,9,0,4,0,1,0,0,0,0,0,1,6,3,-1,-1,-1,-1,-1,-1,-1,-1
2015555998630,2,11,0,18,0,1,0,0,0,0,0,1,6,1,73,10,9000,2,7,-1,2,-1
2015555998634,1,9,0,17,0,8,1,7,1,7,1,1,6,2,51,8,1598,1,18,-1,2,-1
2015555998637,1,9,0,18,0,0,0,0,0,0,1,1,6,1,72,10,1086,1,10,-1,1,-1
2015555998640,1,9,0,18,0,8,0,0,0,0,3,1,6,1,44,7,1598,1,12,-1,1,-1
2015555998640,2,9,0,9,0,5,0,0,0,0,3,1,6,2,79,11,1389,1,18,-1,1,-1
2015555998644,1,9,0,5,0,1,0,0,0,0,1,1,6,2,20,4,998,1,6,-1,1,-1
2015555998644,2,9,0,3,0,4,0,0,0,0,2,1,6,2,29,6,1995,2,12,-1,1,-1
2015555998648,1,3,0,18,4,8,0,0,0,0,1,1,1,1,48,8,279,1,5,-1,1,-1
2015555998648,2,9,0,9,0,8,0,0,0,0,4,1,6,2,42,7,1998,1,18,-1,1,-1
2015555998652,1,9,0,1,0,6,0,0,0,0,2,1,6,1,24,5,1360,1,12,-1,1,-1
2015555998655,1,9,0,16,0,8,1,0,0,0,3,1,6,1,35,6,1985,1,14,-1,1,-1
2015555998655,2,9,0,17,0,8,0,0,0,0,1,1,6,2,49,8,-1,-1,-1,-1,1,-1
2015555998661,1,9,0,4,0,1,0,0,0,0,1,1,2,2,20,4,-1,-1,-1,-1,1,-1
2015555998664,1,9,0,5,0,8,0,0,0,0,1,1,6,1,34,6,1968,2,7,-1,1,-1
2015555998664,2,1,0,18,0,8,0,0,0,0,1,1,6,1,25,5,-1,-1,-1,-1,1,-1
2015555998668,1,11,0,4,0,0,0,0,0,0,0,1,6,2,33,6,4461,2,2,-1,1,-1
2015555998671,1,9,0,16,0,2,0,0,0,0,1,1,6,2,33,6,-1,-1,-1,-1,-1,-1
2015555998671,2,3,0,16,0,2,0,0,0,0,2,1,6,1,37,7,125,1,1,-1,1,-1
2015555998675,1,9,0,3,0,1,0,0,0,0,2,1,6,1,48,8,2188,2,13,-1,1,-1
2015555998675,2,9,0,18,0,1,0,0,0,0,1,1,6,3,-1,-1,3199,1,15,-1,-1,-1
2015555998680,1,9,0,18,0,0,0,0,1,4,1,1,6,2,60,9,1995,2,9,-1,1,-1
2015555998685,1,9,0,18,0,1,0,0,0,0,4,1,6,3,-1,-1,-1,-1,-1,-1,-1,-1
2015555998685,2,1,0,18,0,1,0,0,0,0,3,1,2,1,40,7,-1,-1,-1,-1,1,-1
2015555998689,1,9,0,7,0,8,0,0,0,0,4,1,6,1,55,8,2490,2,16,-1,1,-1
2015555998689,2,1,0,18,0,8,0,0,0,0,1,1,1,1,44,7,-1,-1,-1,-1,1,-1
2015555998693,1,11,0,5,0,8,0,0,0,0,0,1,1,2,33,6,5132,2,-1,-1,1,-1
2015555998696,1,19,0,4,0,0,0,0,0,0,1,1,1,1,23,5,2295,1,11,-1,1,-1
2015555998696,2,9,0,3,0,0,0,0,0,0,2,1,6,2,55,8,1229,1,9,-1,1,-1
2015555998696,3,9,0,3,0,0,0,0,0,0,2,1,6,2,65,9,1968,2,2,-1,1,-1
2015555998701,1,1,0,18,0,1,0,0,0,0,1,1,4,1,10,2,-1,-1,-1,-1,1,-1
2015555998701,2,9,0,7,0,1,0,0,0,0,1,1,3,1,32,6,1600,1,11,-1,1,-1
2015555998705,1,3,0,18,0,8,0,0,0,0,1,1,6,1,19,4,124,1,2,-1,2,-1
2015555998705,2,9,0,9,0,6,0,0,0,0,3,1,6,1,40,7,1398,1,15,-1,1,-1
2015555998709,1,2,0,18,0,0,1,0,0,0,3,1,6,2,50,8,49,1,1,-1,1,-1
2015555998712,1,9,0,18,0,1,1,0,0,0,1,1,1,2,27,6,1596,1,8,-1,1,-1
2015555998712,2,9,0,3,0,1,0,0,0,0,2,1,6,2,30,6,1240,1,9,-1,1,-1
2015555998716,1,11,0,18,0,1,0,0,0,0,4,1,1,1,43,7,7300,2,3,-1,1,-1
2015555998719,1,9,0,16,0,3,0,0,0,0,1,1,6,2,19,4,1199,1,14,-1,1,-1
2015555998719,2,9,0,18,0,1,0,0,1,10,1,1,6,1,51,8,1896,2,7,-1,1,-1
2015555998724,1,1,0,18,0,1,0,10,1,10,1,1,6,1,20,4,-1,-1,-1,-1,1,-1
2015555998727,1,9,0,9,0,8,0,0,0,0,1,1,6,1,35,6,1590,1,14,-1,1,-1
2015555998727,2,5,0,13,0,8,0,0,0,0,4,1,6,1,40,7,599,1,14,-1,1,-1
2015555998732,1,9,0,1,0,6,0,0,0,0,2,1,6,1,26,6,1995,2,13,-1,1,-1
2015555998735,1,9,0,1,0,6,0,0,0,0,2,1,6,1,74,10,1598,2,3,-1,1,-1
2015555998735,2,9,0,1,0,6,0,0,0,0,2,1,6,2,18,4,1242,1,1,-1,1,-1
2015555998739,1,9,0,5,0,4,0,0,0,0,1,1,2,1,23,5,-1,-1,-1,-1,3,-1
2015555998739,2,9,0,4,0,4,0,0,0,0,2,1,6,1,48,8,1984,1,8,-1,3,-1
2015555998744,1,9,0,9,0,6,0,0,0,0,1,1,6,1,52,8,2401,2,8,-1,1,-1
2015555998747,1,9,0,5,0,4,0,0,0,0,3,1,6,1,25,5,1910,2,8,-1,1,-1
2015555998747,2,4,0,18,0,8,1,0,0,0,1,1,6,1,36,7,125,1,7,-1,1,-1
2015555998751,1,9,0,16,0,1,1,0,0,0,1,1,2,1,23,5,1124,1,12,-1,1,-1
2015555998751,2,90,0,18,0,8,0,0,0,0,4,1,2,1,36,7,-1,-1,-1,-1,1,-1
2015555998755,1,9,0,16,0,0,0,0,0,0,1,1,6,2,33,6,1587,1,12,-1,1,-1
2015555998755,2,9,0,3,0,0,0,0,0,0,2,1,6,2,32,6,2460,2,10,-1,1,-1
2015555998760,1,11,0,4,0,2,0,0,0,0,0,1,6,2,23,5,7300,2,11,-1,1,-1
2015555998763,1,9,0,18,0,8,5,4,0,0,1,1,6,2,61,9,999,1,-1,-1,1,-1
2015555998763,2,9,0,2,0,8,0,0,0,0,2,1,6,3,-1,-1,1999,1,10,-1,-1,-1
2015555998767,1,9,0,7,0,4,0,0,0,0,4,1,6,1,68,10,998,1,16,-1,1,-1
2015555998767,2,1,0,17,0,4,0,0,0,0,1,1,6,1,52,8,-1,-1,-1,-1,1,-1
2015555998771,1,9,0,18,0,2,1,0,0,0,1,1,6,1,25,5,1124,1,14,-1,1,-1
2015555998775,1,19,0,13,0,8,0,0,0,0,4,1,6,1,30,6,1686,2,11,-1,1,-1
2015555998775,2,1,0,18,0,8,0,0,0,0,3,1,6,1,51,8,-1,-1,-1,-1,3,-1
2015555998779,1,9,0,18,0,8,0,0,0,0,4,1,6,2,39,7,1197,1,2,-1,1,-1
2015555998779,2,9,0,4,0,6,0,0,0,0,1,1,6,2,43,7,2204,2,10,-1,1,-1
2015555998783,1,1,0,18,0,0,0,0,0,0,1,1,6,1,15,3,-1,-1,-1,-1,1,-1
2015555998783,2,9,0,3,0,0,0,0,0,0,2,1,6,2,42,7,1995,2,10,-1,1,-1
2015555998787,1,9,0,18,0,2,0,0,0,0,1,1,6,3,-1,-1,-1,-1,-1,-1,-1,-1
2015555998790,1,9,0,18,0,8,0,0,0,0,1,1,6,2,23,5,1242,1,2,-1,1,-1
2015555998790,2,9,0,18,0,8,5,0,0,0,4,1,6,1,53,8,-1,-1,-1,-1,1,-1
2015555998790,3,9,0,18,0,1,0,0,0,0,3,1,2,2,50,8,1598,1,7,-1,1,-1
2015555998790,4,9,0,18,0,1,0,0,0,0,1,1,6,2,35,6,1896,2,8,-1,1,-1
2015555998797,1,9,0,9,0,8,0,0,0,0,1,1,6,2,63,9,1390,1,17,-1,1,-1
2015555998797,2,1,0,18,0,8,0,0,0,0,1,1,6,1,36,7,-1,-1,-1,-1,1,-1
2015555998801,1,9,0,2,0,2,0,0,0,0,3,1,6,3,37,7,1149,1,15,-1,1,-1
2015555998801,2,1,0,18,0,2,0,0,0,0,1,1,1,1,28,6,-1,-1,-1,-1,1,-1
2015555998805,1,9,0,9,0,5,0,0,0,0,4,1,6,1,46,8,1598,1,5,-1,1,-1
2015555998805,2,1,0,18,0,1,0,0,0,0,1,1,1,1,42,7,-1,-1,-1,-1,1,-1
2015555998809,1,9,0,18,0,0,0,0,0,0,1,1,1,1,24,5,2143,2,-1,-1,1,-1
2015555998809,2,9,0,3,0,0,0,0,0,0,2,1,6,1,52,8,-1,-1,-1,-1,1,-1
2015555998809,3,9,0,18,0,0,0,0,0,0,2,1,6,2,61,9,1242,1,6,-1,1,-1
2015555998809,4,9,0,4,0,0,0,0,0,0,2,1,6,2,51,8,1587,1,9,-1,2,-1
2015555998817,1,9,0,9,0,5,0,0,0,0,0,1,6,3,-1,-1,1364,1,9,-1,-1,-1
2015555998817,2,11,0,18,0,8,0,0,0,0,0,1,1,1,66,10,5132,2,-1,-1,1,-1
2015555998821,1,9,0,9,0,8,0,0,0,0,3,1,6,3,-1,-1,-1,-1,-1,-1,-1,-1
2015555998821,2,9,0,9,0,8,0,0,0,0,4,1,6,1,20,4,1229,1,2,-1,1,-1
2015555998825,1,9,0,18,0,0,0,0,0,0,4,1,6,1,33,6,1332,1,17,-1,-1,-1
2015555998828,1,9,0,9,0,5,0,0,0,0,1,1,6,2,75,10,1124,1,12,-1,1,-1
2015555998828,2,9,0,18,0,8,0,0,0,0,1,1,6,2,41,7,1686,2,10,-1,1,-1
2015555998833,1,9,0,4,0,1,0,0,0,0,2,1,6,2,67,10,1240,1,9,-1,1,-1
2015555998833,2,19,0,18,0,1,0,0,0,0,1,1,6,3,-1,-1,-1,-1,-1,-1,-1,-1
2015555998833,3,9,0,18,0,1,0,0,0,0,0,1,6,1,40,7,-1,-1,-1,-1,1,-1
2015555998838,1,9,0,5,0,4,0,0,0,0,0,1,3,2,36,7,1995,2,13,-1,1,-1
2015555998838,2,3,0,17,0,8,0,0,0,0,0,1,1,1,19,4,124,1,1,-1,1,-1
2015555998842,1,9,0,18,0,0,0,0,0,0,4,1,6,3,-1,-1,-1,-1,-1,-1,-1,-1
2015555998842,2,9,0,18,0,0,0,0,0,0,3,1,6,1,25,5,2494,1,11,-1,1,-1
2015555998846,1,9,0,18,0,0,0,0,0,0,4,1,6,3,-1,-1,-1,-1,-1,-1,-1,-1
2015555998849,1,9,0,7,0,1,0,0,0,0,1,1,1,1,55,8,999,1,1,-1,1,-1
2015555998852,1,9,0,10,0,6,0,0,0,0,0,1,6,1,51,8,5935,1,1,-1,1,-1
2015555998852,2,1,0,18,4,1,0,0,0,0,0,1,6,1,43,7,-1,-1,-1,-1,1,-1
2015555998852,3,1,0,18,0,1,0,0,0,0,0,1,6,1,33,6,-1,-1,-1,-1,1,-1
2015555998857,1,8,0,16,0,0,0,0,0,0,1,1,1,1,39,7,1560,2,-1,-1,1,-1
2015555998860,1,9,0,9,0,8,0,0,0,0,4,1,1,2,58,9,973,1,13,-1,1,-1
2015555998860,2,5,0,18,0,8,0,0,0,0,1,1,6,1,36,7,645,1,9,-1,1,-1
2015555998864,1,19,0,13,0,2,0,0,0,0,4,1,6,3,33,6,1968,2,1,-1,-1,-1
2015555998864,2,9,0,18,0,2,0,0,0,0,3,1,6,1,33,6,1199,1,16,-1,3,-1
2015555998868,1,9,0,18,0,4,0,9,3,9,1,1,6,1,40,7,1984,1,14,-1,2,-1
2015555998871,1,90,0,5,0,8,0,0,0,0,3,1,1,2,47,8,2148,2,6,-1,1,-1
2015555998871,2,1,0,17,0,8,0,0,0,0,1,1,6,1,18,4,-1,-1,-1,-1,1,-1
2015555998875,1,19,0,17,0,0,0,0,0,0,3,1,1,1,25,5,1753,2,7,-1,1,-1
2015555998875,2,19,0,16,0,0,0,0,0,0,3,1,1,1,33,6,-1,-1,-1,-1,1,-1
2015555998879,1,9,0,18,0,5,0,0,0,0,3,1,6,2,85,11,1349,1,6,-1,1,-1
2015555998879,2,9,0,10,0,1,0,0,0,0,3,1,6,1,42,7,1388,1,6,-1,1,-1
2015555998883,1,9,0,18,0,8,0,0,0,0,4,1,6,1,27,6,998,1,12,-1,3,-1
2015555998883,2,9,0,9,0,6,0,0,0,0,1,1,6,1,73,10,1389,1,12,-1,1,-1
2015555998888,1,9,0,18,0,3,0,0,0,0,1,1,6,2,46,8,1968,2,6,-1,1,-1
2015555998888,2,3,0,9,0,3,0,0,0,0,2,1,1,1,29,6,124,1,3,-1,1,-1
2015555998892,1,9,0,18,0,8,0,0,0,0,3,1,6,2,76,11,-1,-1,-1,-1,3,-1