Accident_Index,Vehicle_Reference,Vehicle_Type,Towing_and_Articulation,Vehicle_Manoeuvre,Vehicle_Location-Restricted_Lane,Junction_Location,Skidding_and_Overturning,Hit_Object_in_Carriageway,Vehicle_Leaving_Carriageway,Hit_Object_off_Carriageway,1st_Point_of_Impact,Was_Vehicle_Left_Hand_Drive?,Journey_Purpose_of_Driver,Sex_of_Driver,Age_of_Driver,Age_Band_of_Driver,Engine_Capacity_(CC),Propulsion_Code,Age_of_Vehicle,Driver_IMD_Decile,Driver_Home_Area_Type,Vehicle_IMD_Decile
2015555999454,1,9,0,4,0,1,0,0,0,0,1,1,6,2,37,7,1364,1,8,-1,2,-1
2015555999454,2,1,0,9,0,2,0,0,0,0,1,1,6,1,14,3,-1,-1,-1,-1,1,-1
2015555999458,1,9,0,3,0,0,0,0,0,0,2,1,6,2,49,8,1968,2,4,-1,1,-1
2015555999458,2,9,0,3,0,0,0,0,0,0,2,1,6,2,37,7,1560,2,5,-1,-1,-1
2015555999458,3,9,0,3,0,0,0,0,0,0,2,1,6,2,29,6,1560,2,11,-1,1,-1
2015555999458,4,9,0,18,0,0,0,0,0,0,1,1,6,1,29,6,1995,2,9,-1,3,-1
2015555999465,1,11,0,4,0,8,0,0,0,0,0,1,1,1,56,9,6700,2,7,-1,1,-1
2015555999468,1,9,0,17,0,0,0,10,1,10,4,1,6,2,36,7,-1,-1,-1,-1,2,-1
2015555999473,1,9,0,5,0,0,0,0,0,0,1,1,6,2,40,7,2184,2,13,-1,1,-1
2015555999476,1,9,0,18,0,0,0,0,0,0,0,1,6,1,65,9,1198,1,2,-1,1,-1
2015555999476,2,19,0,13,0,0,0,0,0,0,3,1,1,1,28,6,1968,2,1,-1,1,-1
2015555999476,3,5,0,13,0,0,0,0,0,0,4,1,2,1,48,8,1137,1,13,-1,1,-1
2015555999481,1,90,0,18,0,1,1,0,0,0,1,1,6,1,69,10,1997,2,13,-1,1,-1
2015555999481,2,9,0,10,0,1,0,0,0,0,2,1,6,2,61,9,998,1,1,-1,3,-1
2015555999486,1,9,0,18,0,0,0,0,0,0,1,1,6,3,-1,-1,-1,-1,-1,-1,-1,-1
2015555999489,1,9,0,5,0,4,0,0,0,0,1,1,6,2,47,8,1900,2,16,-1,3,-1
2015555999489,2,3,0,18,0,8,0,0,0,0,4,1,6,1,48,8,125,1,9,-1,1,-1
2015555999493,1,9,0,17,0,1,5,10,7,10,1,1,6,1,17,4,1328,1,12,-1,1,-1
2015555999496,1,21,0,9,0,6,0,0,0,0,3,1,1,1,23,5,5132,2,1,-1,1,-1
2015555999496,2,3,0,18,0,8,1,0,0,0,1,1,2,1,26,6,125,1,3,-1,2,-1
2015555999500,1,9,0,18,0,0,0,4,0,0,1,1,6,2,26,6,1896,2,12,-1,3,-1
2015555999500,2,9,0,2,0,0,0,0,0,0,1,1,6,3,-1,-1,-1,-1,-1,-1,-1,-1
2015555999500,3,9,0,2,0,0,0,0,0,0,1,1,6,3,-1,-1,1596,1,12,-1,-1,-1
2015555999506,1,1,0,17,0,0,0,0,1,9,1,1,6,1,58,9,-1,-1,-1,-1,3,-1
2015555999509,1,9,0,18,0,1,0,0,0,0,1,1,6,2,90,11,1360,1,10,-1,1,-1
2015555999509,2,9,0,10,0,8,0,0,0,0,2,1,6,1,54,8,1560,2,6,-1,1,-1
2015555999514,1,9,0,18,0,0,0,0,0,0,1,1,6,2,71,10,2184,2,10,-1,1,-1
2015555999514,2,9,0,18,0,0,0,0,0,0,1,1,6,1,54,8,1995,2,1,-1,3,-1
2015555999514,3,9,0,18,0,0,0,0,0,0,0,1,6,1,39,7,2495,2,13,-1,1,-1
2015555999521,1,9,0,18,0,0,0,0,0,0,4,1,6,3,-1,-1,-1,-1,-1,-1,-1,-1
2015555999524,1,9,0,4,6,0,0,0,0,0,0,1,6,2,66,10,1598,1,6,-1,1,-1
2015555999524,2,9,0,18,0,0,0,0,0,0,2,1,6,2,28,6,1242,1,2,-1,1,-1
2015555999524,3,9,0,18,0,0,0,0,0,0,1,1,6,1,49,8,1598,1,8,-1,1,-1
2015555999524,4,9,0,18,0,0,0,0,0,0,1,1,6,2,18,4,1198,1,2,-1,1,-1
2015555999524,5,9,0,18,0,0,0,0,7,10,4,1,6,1,51,8,1796,1,9,-1,1,-1
2015555999524,6,9,0,18,0,0,0,0,0,0,1,1,6,1,18,4,-1,-1,-1,-1,1,-1
2015555999536,1,9,0,18,0,0,0,0,0,0,4,1,6,1,24,5,1896,2,10,-1,3,-1
2015555999539,1,9,0,17,0,8,0,0,0,0,1,1,1,1,37,7,998,1,2,-1,1,-1
2015555999539,2,9,0,18,0,8,0,0,0,0,1,1,1,1,53,8,1560,2,1,-1,2,-1
2015555999544,1,9,0,10,0,8,0,0,0,0,2,1,6,2,52,8,1587,1,10,-1,1,-1
2015555999544,2,9,0,18,0,1,1,0,0,0,1,1,6,2,32,6,-1,-1,-1,-1,1,-1
2015555999548,1,9,0,9,0,3,0,0,0,0,4,1,6,1,78,11,1598,1,7,-1,1,-1
2015555999548,2,9,0,18,0,4,0,0,0,0,1,1,6,2,65,9,989,1,11,-1,2,-1
2015555999552,1,9,0,18,0,0,0,0,0,0,1,1,6,1,32,6,2497,2,11,-1,1,-1
2015555999555,1,9,0,18,0,1,1,0,0,0,1,1,6,2,35,6,998,1,16,-1,1,-1
2015555999555,2,9,0,3,0,1,0,0,0,0,2,1,6,1,73,10,698,1,11,-1,1,-1
2015555999561,1,9,0,18,0,2,0,0,0,0,1,1,6,1,36,7,1998,1,19,-1,2,-1
2015555999564,1,9,0,18,0,0,0,0,0,0,1,1,1,2,21,5,1242,1,2,-1,3,-1
2015555999564,2,9,0,3,0,0,0,0,0,0,2,1,1,2,48,8,2179,2,7,-1,3,-1
2015555999569,1,9,0,18,0,1,1,0,0,0,1,1,6,1,81,11,-1,-1,-1,-1,2,-1
2015555999569,2,9,0,9,0,5,0,0,0,0,2,1,1,2,34,6,1560,2,1,-1,3,-1
2015555999573,1,9,0,4,0,0,0,0,0,0,1,1,6,2,51,8,1896,2,13,-1,3,-1
2015555999573,2,9,0,4,0,0,0,0,0,0,2,1,6,1,55,8,1995,1,19,-1,1,-1
2015555999577,1,9,0,17,0,0,2,0,2,4,3,1,6,1,20,4,1988,1,12,-1,1,-1
2015555999582,1,9,0,18,0,0,0,0,0,0,4,1,6,3,-1,-1,-1,-1,-1,-1,-1,-1
2015555999585,1,9,0,18,0,1,0,0,0,0,1,1,6,1,28,6,1989,1,16,-1,1,-1
2015555999585,2,9,0,3,0,1,0,0,0,0,2,1,6,1,39,7,-1,-1,-1,-1,1,-1
2015555999589,1,9,0,12,0,0,0,0,0,0,1,1,6,2,48,8,998,1,1,-1,1,-1
2015555999589,2,9,0,3,0,0,0,0,0,0,2,1,6,2,75,10,1399,1,7,-1,1,-1
2015555999589,3,9,0,3,0,0,0,0,0,0,2,1,6,1,67,10,1596,1,4,-1,1,-1
2015555999595,1,9,0,18,0,6,0,0,0,0,1,1,6,2,39,7,1896,2,10,-1,3,-1
2015555999595,2,9,0,18,0,6,0,0,0,0,3,1,6,2,25,5,1390,1,16,-1,1,-1
2015555999599,1,9,0,17,0,0,1,0,1,4,1,1,6,1,36,7,1896,2,11,-1,2,-1
2015555999602,1,9,0,17,0,0,2,0,0,0,0,1,2,2,19,4,-1,-1,-1,-1,2,-1
2015555999602,2,9,0,17,0,0,2,0,0,0,0,1,6,1,27,6,2495,2,19,-1,3,-1
2015555999606,1,9,0,17,0,0,2,0,7,10,1,1,2,2,48,8,-1,-1,-1,-1,1,-1
2015555999609,1,9,0,18,0,0,5,0,2,1,1,1,6,1,22,5,1360,1,8,-1,3,-1
2015555999612,1,9,0,18,0,0,2,0,0,0,1,1,6,2,26,6,-1,-1,-1,-1,1,-1
2015555999612,2,9,0,18,0,0,0,0,0,0,1,1,6,1,68,10,1968,2,1,-1,1,-1
2015555999618,1,9,0,16,0,0,0,0,0,0,1,1,6,1,85,11,1989,1,11,-1,2,-1
2015555999618,2,9,0,17,0,0,0,0,0,0,1,1,6,2,58,9,1590,1,16,-1,2,-1
2015555999618,3,19,0,17,0,0,0,0,0,0,2,1,1,1,31,6,2287,2,3,-1,1,-1
2015555999625,1,20,0,18,0,2,0,0,0,0,4,1,1,1,59,9,-1,-1,-1,-1,1,-1
2015555999625,2,1,0,18,0,2,0,0,0,0,3,1,6,2,65,9,-1,-1,-1,-1,1,-1
2015555999629,1,9,0,17,0,8,0,0,1,1,1,1,1,2,25,5,1242,1,3,-1,1,-1
2015555999632,1,11,0,5,0,0,0,0,0,0,0,1,1,1,52,8,9360,2,4,-1,1,-1
2015555999635,1,9,0,5,0,4,0,0,0,0,1,1,6,1,57,9,1560,2,1,-1,1,-1
2015555999635,2,9,0,18,0,8,0,0,0,0,4,1,6,2,48,8,1598,1,11,-1,1,-1
2015555999640,1,3,0,18,0,8,0,0,0,0,1,1,6,1,19,4,125,1,2,-1,1,-1
2015555999640,2,9,0,18,0,8,0,0,0,0,4,1,6,2,25,5,1868,2,14,-1,1,-1
2015555999644,1,19,0,4,0,0,0,0,0,0,1,1,6,1,35,6,1968,2,5,-1,1,-1
2015555999644,2,9,0,4,0,0,0,0,0,0,2,1,6,1,21,5,1390,1,9,-1,1,-1
2015555999644,3,9,0,3,0,0,0,0,0,0,2,1,3,2,25,5,1598,1,14,-1,1,-1
2015555999644,4,19,0,3,0,0,0,0,0,0,2,1,1,1,51,8,1968,2,11,-1,1,-1
2015555999644,5,9,0,3,0,0,0,0,0,0,2,1,2,1,50,8,2435,1,17,-1,3,-1
2015555999654,1,9,0,18,0,2,0,0,0,0,1,1,6,2,34,6,1896,2,16,-1,1,-1
2015555999654,2,9,0,3,0,2,0,0,0,0,2,1,1,1,36,7,1686,2,2,-1,2,-1
2015555999659,1,9,0,9,0,6,0,0,0,0,1,1,3,2,28,6,1341,1,12,-1,1,-1
2015555999659,2,1,0,18,0,8,0,0,0,0,4,1,6,1,74,10,-1,-1,-1,-1,1,-1
2015555999663,1,9,0,7,0,5,1,0,0,0,1,1,6,1,17,4,-1,-1,-1,-1,3,-1
2015555999663,2,9,0,18,0,1,0,0,0,0,1,1,6,2,42,7,2231,2,7,-1,1,-1
2015555999668,1,3,0,18,0,0,1,0,0,0,1,1,2,1,50,8,125,1,2,-1,2,-1
2015555999672,1,9,0,18,0,1,0,0,0,0,1,1,6,1,47,8,1598,1,10,-1,2,-1
2015555999672,2,9,0,10,0,8,0,0,0,0,2,1,6,2,20,4,1598,1,10,-1,2,-1
2015555999676,1,9,0,18,0,0,1,0,0,0,1,1,6,2,28,6,-1,-1,-1,-1,2,-1
2015555999676,2,9,0,18,0,0,0,0,0,0,1,1,6,1,65,9,1497,8,7,-1,3,-1
2015555999682,1,9,0,9,0,6,0,0,0,0,1,1,1,1,33,6,2498,1,16,-1,1,-1
2015555999682,2,5,0,18,0,8,0,0,0,0,4,1,1,1,59,9,781,1,15,-1,3,-1
2015555999686,1,19,0,18,0,0,0,0,0,0,1,1,6,1,59,9,2400,2,11,-1,1,-1
2015555999686,2,9,0,4,0,0,0,0,0,0,2,1,6,2,28,6,1598,1,9,-1,1,-1
2015555999686,3,9,0,3,0,0,0,0,0,0,2,1,6,1,38,7,1598,2,2,-1,2,-1
2015555999686,4,9,0,3,0,0,0,0,0,0,2,1,6,2,59,9,1229,1,1,-1,1,-1
2015555999693,1,9,0,18,0,8,0,0,0,0,1,1,6,1,56,9,1598,1,10,-1,2,-1
2015555999693,2,9,0,9,0,8,0,0,0,0,1,1,2,2,19,4,1124,1,15,-1,1,-1
2015555999697,1,9,0,13,0,0,1,0,0,0,1,1,6,1,30,6,1989,1,16,-1,3,-1
2015555999697,2,9,0,18,0,0,0,0,0,0,1,1,6,1,82,11,1398,1,10,-1,3,-1
2015555999703,1,9,0,18,0,2,0,7,0,0,1,1,6,1,76,11,1560,2,2,-1,1,-1
2015555999707,1,9,0,4,0,0,0,0,0,0,2,1,6,2,24,5,-1,-1,-1,-1,1,-1
2015555999707,2,9,0,18,0,0,0,0,0,0,1,1,6,1,28,6,-1,-1,-1,-1,1,-1
2015555999713,1,9,0,16,0,0,0,0,7,10,1,1,6,1,37,7,2979,1,14,-1,2,-1
2015555999716,1,20,0,17,0,0,1,0,2,4,1,1,1,1,53,8,-1,-1,-1,-1,2,-1
2015555999719,1,9,0,18,0,0,0,0,2,10,0,1,6,1,53,8,-1,-1,-1,-1,1,-1
2015555999719,2,21,1,18,0,0,0,0,0,0,3,1,1,1,44,7,12419,2,1,-1,1,-1
2015555999723,1,9,0,5,0,5,0,0,0,0,3,1,6,2,50,8,1968,2,6,-1,2,-1
2015555999723,2,9,0,18,0,1,1,0,0,0,1,1,6,1,81,11,2720,2,8,-1,3,-1
2015555999728,1,9,0,3,0,1,0,0,0,0,2,1,6,2,38,7,1229,1,8,-1,1,-1
2015555999728,2,9,0,5,0,1,0,0,0,0,1,1,6,1,55,8,2498,2,16,-1,3,-1
2015555999733,1,9,0,4,0,0,0,0,0,0,2,1,6,1,28,6,1328,1,5,-1,1,-1
2015555999733,2,5,0,4,0,0,0,0,0,0,1,1,6,1,57,9,916,1,14,-1,3,-1
2015555999733,3,19,0,18,0,0,0,0,1,10,3,1,1,1,46,8,2184,2,15,-1,1,-1
2015555999738,1,9,0,18,0,1,0,0,0,0,1,1,2,1,19,4,1242,1,14,-1,2,-1
2015555999738,2,9,0,3,0,1,0,0,0,0,2,1,2,2,58,9,2198,1,12,-1,2,-1
2015555999742,1,19,0,18,0,1,0,0,0,0,1,1,1,1,46,8,2198,2,1,-1,3,-1
2015555999742,2,9,0,10,0,8,0,0,0,0,2,1,6,2,44,7,1598,1,11,-1,3,-1
2015555999746,1,19,0,17,0,0,0,0,7,10,1,1,1,1,60,9,2148,2,6,-1,-1,-1
2015555999749,1,9,0,13,0,0,0,0,0,0,1,1,6,1,28,6,-1,-1,-1,-1,1,-1
2015555999749,2,17,0,18,0,0,0,0,0,0,2,1,1,1,32,6,4400,2,7,-1,3,-1
2015555999755,1,9,0,18,0,8,0,0,0,0,3,1,6,1,24,5,-1,-1,-1,-1,2,-1
2015555999755,2,9,0,18,0,8,0,0,0,0,3,1,6,2,71,10,1461,2,6,-1,2,-1
2015555999759,1,11,0,9,0,8,0,0,0,0,0,1,1,1,26,6,6370,2,14,-1,1,-1
2015555999759,2,5,0,18,0,8,0,0,0,0,3,1,6,1,70,10,582,1,1,-1,2,-1
2015555999763,1,19,0,18,0,0,0,0,0,0,4,1,6,1,51,8,2999,2,8,-1,3,-1
2015555999766,1,9,0,18,0,0,0,0,0,0,1,1,6,1,-1,-1,-1,-1,-1,-1,3,-1
2015555999766,2,9,0,4,0,0,0,0,0,0,2,1,6,2,38,7,2500,2,16,-1,3,-1
2015555999766,3,9,0,4,0,0,0,0,0,0,2,1,6,2,19,4,-1,-1,-1,-1,3,-1
2015555999766,4,9,0,4,0,0,0,0,0,0,2,1,6,2,52,8,-1,-1,-1,-1,3,-1
2015555999772,1,9,0,13,0,0,0,0,0,0,4,1,1,1,52,8,1388,1,11,-1,1,-1
2015555999772,2,1,0,18,0,0,0,0,0,0,3,1,6,1,50,8,-1,-1,-1,-1,-1,-1
2015555999776,1,9,0,18,0,0,0,0,1,4,1,1,6,1,31,6,-1,-1,-1,-1,1,-1
2015555999779,1,9,0,9,0,6,1,0,0,0,1,1,6,3,-1,-1,-1,-1,-1,-1,-1,-1
2015555999779,2,1,0,9,0,8,0,0,0,0,1,1,1,1,38,7,-1,-1,-1,-1,1,-1
2015555999783,1,9,0,18,0,0,2,0,2,10,4,1,6,1,19,4,1527,2,15,-1,2,-1
2015555999786,1,9,0,4,0,8,0,0,0,0,2,1,6,2,65,9,1598,1,3,-1,1,-1
2015555999786,2,9,0,18,0,8,0,0,0,0,1,1,6,2,43,7,1587,1,11,-1,3,-1
2015555999790,1,9,0,18,0,8,5,0,1,2,1,1,6,1,74,10,1597,2,2,-1,3,-1
2015555999790,2,9,0,9,0,6,0,0,0,0,0,1,6,3,-1,-1,-1,-1,-1,-1,-1,-1
2015555999794,1,9,0,4,0,2,0,0,0,0,4,1,6,2,65,9,1598,1,8,-1,-1,-1
2015555999797,1,9,0,13,0,0,0,0,0,0,1,1,6,1,90,11,1596,1,6,-1,1,-1
2015555999797,2,9,0,18,0,0,0,0,0,0,1,1,6,1,71,10,1994,1,13,-1,1,-1
2015555999797,3,9,0,4,0,0,0,0,0,0,3,1,6,1,52,8,1781,1,16,-1,3,-1
2015555999805,1,9,0,9,0,6,0,0,1,10,3,1,2,2,58,9,1242,1,6,-1,1,-1
2015555999805,2,19,0,17,0,8,0,0,7,10,1,1,1,1,27,6,2402,2,4,-1,1,-1
2015555999809,1,9,0,17,0,0,2,0,0,0,0,1,6,1,23,5,1988,1,13,-1,2,-1
2015555999812,1,9,0,18,0,0,1,0,1,10,1,1,6,1,44,7,1799,1,5,-1,1,-1
2015555999812,2,9,0,18,0,0,0,0,0,0,2,1,6,1,21,5,1896,2,9,-1,3,-1
2015555999817,1,9,0,4,0,0,0,0,0,0,1,1,2,1,34,6,1997,2,16,-1,1,-1
2015555999817,2,9,0,4,0,0,0,0,0,0,2,1,6,1,21,5,1242,1,16,-1,1,-1
2015555999817,3,9,0,4,0,0,0,0,0,0,2,1,6,1,38,7,1995,2,11,-1,1,-1
2015555999822,1,9,0,9,0,6,0,0,0,0,3,1,6,1,17,4,1124,1,14,-1,1,-1
2015555999822,2,2,0,18,0,8,0,0,0,0,1,1,6,1,16,4,50,1,10,-1,1,-1
2015555999826,1,19,0,18,0,0,1,0,0,0,3,1,1,1,50,8,1968,2,2,-1,2,-1
2015555999826,2,19,0,18,0,0,0,0,0,0,3,1,1,1,27,6,2143,2,-1,-1,-1,-1
2015555999830,1,9,0,18,0,0,0,0,0,0,1,1,6,2,34,6,1229,1,9,-1,1,-1
2015555999833,1,19,0,3,0,1,0,0,0,0,2,1,1,1,52,8,2148,2,8,-1,1,-1
2015555999833,2,9,0,18,0,1,1,0,0,0,1,1,6,2,26,6,1587,1,13,-1,2,-1
2015555999837,1,9,0,18,0,0,0,0,0,0,1,1,2,1,23,5,1984,1,5,-1,1,-1
2015555999837,2,9,0,18,0,0,0,0,0,0,2,1,6,1,78,11,1560,2,4,-1,1,-1
2015555999837,3,9,0,18,0,0,0,0,0,0,2,1,6,1,38,7,2143,2,3,-1,1,-1
2015555999837,4,9,0,18,0,0,0,0,0,0,2,1,6,1,51,8,1596,1,4,-1,-1,-1
2015555999843,1,9,0,18,0,8,0,0,0,0,3,1,2,2,26,6,1360,1,8,-1,1,-1
2015555999846,1,9,0,5,0,1,0,0,0,0,1,1,6,3,-1,-1,-1,-1,-1,-1,-1,-1
2015555999846,2,5,0,3,0,1,0,0,0,0,2,1,6,1,52,8,599,1,16,-1,-1,-1
2015555999850,1,9,0,4,0,0,0,0,0,0,1,1,6,1,17,4,1196,1,19,-1,-1,-1
2015555999850,2,9,0,3,0,0,0,0,0,0,2,1,6,1,34,6,1968,2,5,-1,1,-1
2015555999854,1,9,0,18,0,0,0,0,5,9,1,1,6,2,24,5,-1,-1,-1,-1,2,-1
2015555999857,1,9,0,1,0,0,0,0,0,0,3,1,6,1,86,11,1399,1,6,-1,1,-1
2015555999860,1,9,0,9,0,6,0,0,0,0,1,1,6,1,52,8,1597,2,1,-1,1,-1
2015555999860,2,8,0,18,0,8,0,0,0,0,4,1,1,1,70,10,2184,2,11,-1,1,-1
2015555999865,1,9,0,18,0,0,0,0,0,0,1,1,6,1,23,5,-1,-1,-1,-1,1,-1
2015555999865,2,9,0,4,0,0,0,0,0,0,2,1,6,1,37,7,-1,-1,-1,-1,1,-1
2015555999865,3,9,0,4,0,0,0,0,0,0,2,1,6,2,43,7,-1,-1,-1,-1,1,-1
2015555999865,4,9,0,4,0,0,0,0,0,0,2,1,6,2,30,6,1149,1,12,-1,1,-1
2015555999865,5,9,0,4,0,0,0,11,0,0,0,1,6,1,60,9,1995,2,3,-1,1,-1
2015555999874,1,19,0,9,0,1,0,0,0,0,4,1,6,1,66,10,2299,2,1,-1,-1,-1
2015555999874,2,1,0,18,0,1,0,0,0,0,1,1,6,1,28,6,-1,-1,-1,-1,-1,-1
2015555999878,1,19,0,5,0,1,0,0,0,0,1,1,1,1,72,10,2461,2,8,-1,1,-1
2015555999878,2,9,0,3,0,1,0,0,0,0,2,1,6,1,58,9,1997,2,1,-1,3,-1
2015555999882,1,9,0,18,0,0,0,0,0,0,1,1,2,2,56,9,-1,-1,-1,-1,3,-1
2015555999885,1,1,0,18,0,0,0,0,0,0,3,1,6,1,49,8,-1,-1,-1,-1,2,-1
2015555999888,1,9,0,3,0,0,0,0,0,0,2,1,6,1,35,6,998,1,2,-1,1,-1
2015555999888,2,9,0,3,0,0,0,0,0,0,2,1,6,1,40,7,-1,-1,-1,-1,1,-1
2015555999888,3,9,0,18,0,0,0,0,0,0,1,1,6,1,67,10,1588,1,15,-1,3,-1
2015555999888,4,19,0,18,0,0,0,0,0,0,1,1,6,1,23,5,-1,-1,-1,-1,2,-1
2015555999895,1,9,0,1,0,2,0,0,0,0,2,1,6,1,32,6,-1,-1,-1,-1,-1,-1
2015555999898,1,1,0,7,0,8,0,0,0,0,3,1,6,1,23,5,-1,-1,-1,-1,1,-1
2015555999898,2,9,0,17,0,4,0,0,0,0,1,1,6,3,-1,-1,-1,-1,-1,-1,-1,-1
2015555999902,1,19,0,13,0,0,0,0,0,0,4,1,6,1,51,8,1686,2,11,-1,1,-1
2015555999902,2,1,0,18,0,0,0,0,0,0,3,1,6,1,47,8,-1,-1,-1,-1,1,-1
2015555999906,1,9,0,18,0,0,5,0,1,10,4,1,6,1,25,5,1390,1,9,-1,1,-1
2015555999909,1,9,0,9,0,6,0,0,0,0,1,1,6,2,58,9,1240,1,12,-1,3,-1
2015555999909,2,1,0,18,0,8,0,0,0,0,1,1,6,1,44,7,-1,-1,-1,-1,1,-1
2015555999909,3,1,0,18,0,8,0,0,0,0,1,1,6,1,38,7,-1,-1,-1,-1,1,-1
2015555999915,1,9,0,4,0,1,0,0,0,0,2,1,6,1,55,8,1951,2,14,-1,2,-1
2015555999915,2,9,0,4,0,1,0,0,0,0,1,1,6,1,23,5,2290,1,13,-1,1,-1
2015555999921,1,9,0,15,0,0,0,0,0,0,3,1,6,1,40,7,2720,2,8,-1,2,-1
2015555999921,2,9,0,18,0,0,0,0,0,0,1,1,6,1,22,5,1809,1,24,-1,2,-1
2015555999925,1,9,0,6,0,0,0,0,0,0,3,1,6,1,57,9,-1,-1,-1,-1,1,-1
2015555999925,2,9,0,18,0,0,0,0,0,0,1,1,6,1,43,7,2499,2,16,-1,1,-1
2015555999931,1,19,0,16,0,0,0,0,0,0,1,1,1,1,24,5,2143,2,3,-1,1,-1
2015555999931,2,9,0,17,0,0,0,0,0,0,1,1,6,2,58,9,998,1,1,-1,3,-1
2015555999935,1,19,0,4,0,2,0,0,0,0,0,1,6,1,40,7,-1,-1,-1,-1,3,-1
2015555999935,2,11,0,18,0,2,0,0,0,0,0,1,1,1,33,6,4461,2,2,-1,-1,-1
2015555999939,1,9,0,4,0,0,0,0,0,0,2,1,6,1,51,8,4244,1,9,-1,-1,-1
2015555999939,2,9,0,4,0,0,0,0,0,0,1,1,6,2,38,7,1898,1,15,-1,1,-1
2015555999944,1,9,0,18,0,0,0,0,0,0,1,1,6,2,27,6,-1,-1,-1,-1,1,-1
2015555999944,2,9,0,18,0,0,0,0,0,0,2,1,6,1,23,5,-1,-1,-1,-1,1,-1
2015555999948,1,9,0,9,0,8,0,0,0,0,1,1,1,2,28,6,2993,2,2,-1,-1,-1
2015555999948,2,9,0,18,0,1,0,0,0,0,1,1,6,2,22,5,1399,2,4,-1,1,-1
2015555999952,1,9,0,6,0,0,0,0,0,0,3,1,6,1,49,8,2800,2,18,-1,1,-1
2015555999952,2,9,0,18,0,0,0,0,0,0,1,1,2,1,43,7,1685,2,1,-1,1,-1
2015555999957,1,11,0,18,0,0,0,0,0,0,0,1,6,1,29,6,9000,2,6,-1,1,-1
2015555999960,1,9,0,1,0,5,0,0,0,0,3,1,6,1,78,11,1398,1,1,-1,3,-1
2015555999963,1,9,0,18,0,0,0,0,0,0,1,1,6,2,87,11,1590,1,13,-1,-1,-1
2015555999963,2,9,0,4,0,0,0,0,0,0,2,1,6,1,37,7,1896,2,7,-1,1,-1
2015555999967,1,9,0,18,0,0,0,0,4,6,1,1,6,1,48,8,1497,1,12,-1,1,-1
2015555999967,2,9,0,2,0,0,0,0,0,0,0,1,1,3,-1,-1,1686,2,2,-1,-1,-1
2015555999971,1,2,0,18,0,0,0,0,0,0,1,1,6,1,22,5,49,1,2,-1,1,-1
2015555999971,2,9,0,18,0,0,0,0,0,0,1,1,6,2,52,8,1461,2,5,-1,3,-1
2015555999976,1,19,0,13,0,0,0,0,7,4,1,1,1,1,39,7,2198,2,2,-1,3,-1
2015555999976,2,9,0,18,0,0,0,0,0,0,1,1,6,2,25,5,1242,1,2,-1,3,-1
2015555999976,3,9,0,18,0,0,0,0,0,0,0,1,6,1,43,7,1598,2,-1,-1,1,-1
2015555999981,1,9,0,7,0,5,0,0,0,0,2,1,6,1,41,7,4394,1,10,-1,1,-1
2015555999981,2,1,0,18,0,8,0,0,0,0,1,1,6,1,47,8,-1,-1,-1,-1,2,-1
2015555999985,1,9,0,7,0,8,0,0,0,0,3,1,2,1,57,9,1598,1,-1,-1,1,-1
2015555999985,2,9,0,18,0,8,0,0,0,0,1,1,2,1,49,8,1399,2,4,-1,1,-1
2015555999989,1,1,0,18,5,8,0,0,0,0,3,1,6,1,24,5,-1,-1,-1,-1,1,-1
2015555999989,2,19,0,4,5,1,0,0,0,0,4,1,1,1,54,8,2198,2,6,-1,1,-1
2015555999993,1,9,0,18,0,0,0,0,0,0,3,1,1,1,28,6,-1,-1,-1,-1,1,-1
2015555999993,2,9,0,18,0,0,0,0,0,0,3,1,6,1,63,9,-1,-1,-1,-1,3,-1
2015555999997,1,11,0,2,0,0,0,0,0,0,0,1,6,1,53,8,9600,2,15,-1,1,-1
2015556000000,1,21,0,5,0,4,0,0,0,0,1,1,1,1,60,9,11705,2,7,-1,2,-1
2015556000000,2,9,0,5,0,4,0,0,0,0,2,1,6,1,55,8,1910,2,8,-1,2,-1
2015556000005,1,9,0,16,0,0,5,0,1,3,1,1,6,2,54,8,-1,-1,-1,-1,1,-1
2015556000008,1,5,0,16,0,0,0,0,0,0,1,1,6,1,59,9,891,1,24,-1,1,-1
2015556000008,2,9,0,17,0,0,0,0,0,0,3,1,6,1,51,8,2926,2,9,-1,1,-1
2015556000012,1,9,0,5,0,8,0,0,0,0,3,1,6,1,22,5,-1,-1,-1,-1,1,-1
2015556000012,2,9,0,18,0,8,0,0,0,0,1,1,6,2,52,8,1360,1,14,-1,1,-1
2015556000017,1,9,0,14,0,1,0,0,0,0,1,1,6,1,40,7,-1,-1,-1,-1,2,-1
2015556000017,2,9,0,9,0,1,0,0,0,0,3,1,6,2,28,6,-1,-1,-1,-1,3,-1
2015556000022,1,9,0,9,0,8,0,0,0,0,1,1,6,2,71,10,1896,2,11,-1,3,-1
2015556000022,2,9,0,18,0,8,0,0,0,0,1,1,6,1,80,11,1339,1,4,-1,1,-1
2015556000026,1,9,0,17,0,0,0,0,0,0,1,1,6,1,21,5,-1,-1,-1,-1,2,-1