Accident_Index,Vehicle_Reference,Vehicle_Type,Towing_and_Articulation,Vehicle_Manoeuvre,Vehicle_Location-Restricted_Lane,Junction_Location,Skidding_and_Overturning,Hit_Object_in_Carriageway,Vehicle_Leaving_Carriageway,Hit_Object_off_Carriageway,1st_Point_of_Impact,Was_Vehicle_Left_Hand_Drive?,Journey_Purpose_of_Driver,Sex_of_Driver,Age_of_Driver,Age_Band_of_Driver,Engine_Capacity_(CC),Propulsion_Code,Age_of_Vehicle,Driver_IMD_Decile,Driver_Home_Area_Type,Vehicle_IMD_Decile
2015556000026,2,9,0,16,0,0,1,0,0,0,1,1,6,1,33,6,1995,2,7,-1,-1,-1
2015556000030,1,19,0,16,0,0,5,0,7,10,1,1,2,1,27,6,2198,2,3,-1,3,-1
2015556000033,1,9,0,13,0,0,0,0,0,0,1,1,6,1,52,8,1997,2,10,-1,3,-1
2015556000033,2,9,0,18,0,0,0,0,0,0,1,1,6,2,52,8,1560,2,3,-1,3,-1
2015556000033,3,9,0,18,0,0,0,0,0,0,3,1,6,2,31,6,1598,1,2,-1,1,-1
2015556000033,4,9,0,18,0,0,0,0,1,9,1,1,6,1,42,7,1997,12,3,-1,2,-1
2015556000040,1,9,0,18,0,0,0,0,0,0,1,1,6,2,46,8,1997,2,11,-1,3,-1
2015556000040,2,9,0,17,0,0,2,0,0,0,1,1,6,1,56,9,1900,2,17,-1,2,-1
2015556000045,1,9,0,18,0,0,0,0,0,0,2,1,6,2,26,6,1686,2,8,-1,2,-1
2015556000045,2,9,0,18,0,0,0,0,0,0,1,1,6,2,60,9,998,1,12,-1,1,-1
2015556000045,3,9,0,18,0,0,0,0,0,0,1,1,6,2,23,5,2000,2,10,-1,1,-1
2015556000045,4,9,0,13,0,0,0,0,0,0,0,1,6,3,-1,-1,-1,-1,-1,-1,-1,-1
2015556000045,5,1,0,18,0,0,0,0,0,0,0,1,6,3,-1,-1,-1,-1,-1,-1,-1,-1
2015556000053,1,9,0,18,0,8,1,0,7,4,4,1,6,1,17,4,1299,1,13,-1,1,-1
2015556000053,2,9,0,18,0,8,0,0,0,0,1,1,6,2,62,9,1994,2,7,-1,1,-1
2015556000058,1,9,0,9,0,6,0,0,0,0,3,1,3,1,46,8,1997,2,2,-1,1,-1
2015556000058,2,4,0,13,0,1,0,0,0,0,1,1,2,1,20,4,-1,-1,-1,-1,1,-1
2015556000062,1,9,0,6,0,1,0,0,0,0,0,1,1,2,36,7,1587,1,9,-1,1,-1
2015556000062,2,5,0,14,0,1,0,0,0,0,0,1,1,1,50,8,750,1,17,-1,1,-1
2015556000066,1,9,0,1,0,0,0,0,0,0,2,1,6,1,26,6,1582,2,6,-1,3,-1
2015556000069,1,9,0,18,0,2,5,0,2,7,1,1,6,2,56,9,-1,-1,-1,-1,-1,-1
2015556000072,1,9,0,18,0,4,0,0,0,0,1,1,6,1,59,9,1498,1,6,-1,1,-1
2015556000072,2,1,0,17,0,8,0,0,0,0,4,1,6,1,51,8,-1,-1,-1,-1,1,-1
2015556000076,1,9,0,9,0,5,0,0,0,0,4,1,6,1,79,11,1796,1,6,-1,1,-1
2015556000076,2,5,0,18,0,8,0,0,0,0,3,1,6,1,59,9,1215,1,2,-1,1,-1
2015556000080,1,9,0,18,0,6,0,0,0,0,3,1,6,2,67,10,2143,2,4,-1,1,-1
2015556000080,2,9,0,18,0,8,0,0,0,0,1,1,6,2,67,10,1896,2,14,-1,2,-1
2015556000085,1,9,0,5,0,0,0,0,0,0,4,1,6,2,72,10,1364,1,8,-1,1,-1
2015556000088,1,9,0,18,0,0,0,0,0,0,1,1,6,2,79,11,1242,1,4,-1,1,-1
2015556000088,2,9,0,18,0,0,0,0,0,0,2,1,6,1,80,11,2995,1,-1,-1,3,-1
2015556000093,1,9,0,3,0,1,0,0,0,0,4,1,6,1,42,7,1997,2,3,-1,1,-1
2015556000093,2,1,0,18,0,1,0,0,0,0,1,1,6,1,29,6,-1,-1,-1,-1,2,-1
2015556000097,1,5,0,18,0,1,1,0,3,6,1,1,6,1,43,7,999,1,6,-1,2,-1
2015556000100,1,9,0,18,0,0,0,0,0,0,4,1,1,1,72,10,1910,2,8,-1,3,-1
2015556000103,1,9,0,18,0,8,0,0,0,0,4,1,6,2,63,9,1970,1,12,-1,2,-1
2015556000106,1,3,0,18,0,0,0,0,0,0,1,1,2,1,19,4,125,1,1,-1,3,-1
2015556000106,2,9,0,18,0,0,0,0,0,0,1,1,6,2,48,8,1388,1,11,-1,2,-1
2015556000110,1,9,0,17,0,0,2,0,7,10,1,1,6,2,23,5,1998,1,16,-1,3,-1
2015556000113,1,9,0,5,0,1,0,0,0,0,1,1,6,1,61,9,1868,2,11,-1,1,-1
2015556000113,2,9,0,3,0,1,0,0,0,0,2,1,6,2,61,9,1390,1,1,-1,1,-1
2015556000117,1,9,0,18,0,1,0,0,0,0,1,1,6,2,33,6,1390,1,16,-1,1,-1
2015556000117,2,9,0,4,0,1,0,0,0,0,2,1,6,1,68,10,1299,1,20,-1,3,-1
2015556000121,1,9,0,9,0,6,0,0,0,0,3,1,6,2,74,10,1399,2,4,-1,2,-1
2015556000121,2,9,0,18,0,8,0,0,0,0,1,1,6,1,64,9,-1,-1,-1,-1,3,-1
2015556000127,1,9,0,18,0,4,0,0,0,0,1,1,6,1,51,8,2148,2,6,-1,1,-1
2015556000127,2,1,0,9,0,8,0,0,0,0,4,1,6,1,51,8,-1,-1,-1,-1,1,-1
2015556000131,1,9,0,18,0,0,0,0,0,0,2,1,6,1,60,9,998,1,1,-1,1,-1
2015556000131,2,9,0,9,0,0,0,0,0,0,2,1,6,1,24,5,1598,1,14,-1,2,-1
2015556000135,1,5,0,17,0,0,0,0,1,10,1,1,2,1,20,4,998,1,11,-1,1,-1
2015556000138,1,9,0,18,0,8,0,9,3,1,0,1,6,1,32,6,1997,1,11,-1,2,-1
2015556000141,1,9,0,5,0,2,0,0,0,0,1,1,2,2,46,8,1896,2,13,-1,1,-1
2015556000141,2,90,0,18,0,8,0,0,0,0,4,1,6,2,75,10,-1,-1,-1,-1,1,-1
2015556000145,1,9,0,9,0,8,0,0,0,0,2,1,6,2,29,6,1995,1,5,-1,3,-1
2015556000145,2,9,0,17,0,8,0,0,0,0,1,1,1,1,18,4,-1,-1,-1,-1,2,-1
2015556000149,1,3,0,18,0,1,0,0,0,0,4,1,6,2,22,5,124,1,2,-1,1,-1
2015556000149,2,9,0,12,0,1,0,0,0,0,3,1,6,2,43,7,1997,2,5,-1,3,-1
2015556000153,1,9,0,18,0,2,0,4,0,0,1,1,6,2,86,11,1339,1,6,-1,3,-1
2015556000153,2,9,0,2,0,2,0,4,1,10,2,1,6,3,-1,-1,1497,1,11,-1,-1,-1
2015556000153,3,9,0,2,0,2,0,0,0,0,2,1,6,3,-1,-1,1299,1,9,-1,-1,-1
2015556000158,1,9,0,1,9,6,0,0,0,0,2,1,6,1,36,7,3199,1,11,-1,1,-1
2015556000161,1,9,0,10,0,8,0,0,0,0,2,1,6,1,41,7,1910,2,10,-1,1,-1
2015556000161,2,9,0,18,0,1,0,0,0,0,1,1,6,1,44,7,1796,1,13,-1,1,-1
2015556000166,1,9,0,16,0,0,0,0,0,0,2,1,6,1,87,11,1339,1,7,-1,1,-1
2015556000166,2,9,0,16,0,0,1,0,0,0,1,1,2,1,66,10,-1,-1,-1,-1,2,-1
2015556000170,1,9,0,18,0,0,0,0,0,0,1,1,6,2,46,8,1296,1,9,-1,2,-1
2015556000173,1,9,0,9,0,8,0,0,0,0,2,1,6,2,53,8,1997,2,7,-1,3,-1
2015556000173,2,9,0,18,0,8,0,0,0,0,1,1,6,2,51,8,1598,1,4,-1,-1,-1
2015556000178,1,9,0,18,0,0,0,0,0,0,4,1,6,2,17,4,998,1,7,-1,3,-1
2015556000178,2,9,0,18,0,0,0,0,0,0,1,1,2,1,36,7,1389,1,18,-1,1,-1
2015556000184,1,9,0,7,0,1,0,0,0,0,1,1,2,1,50,8,1984,1,12,-1,2,-1
2015556000184,2,9,0,7,0,1,0,0,0,0,2,1,6,2,39,7,1499,1,11,-1,2,-1
2015556000188,1,9,0,7,0,6,0,0,0,0,3,1,6,2,35,6,1968,2,1,-1,3,-1
2015556000188,2,5,0,18,0,8,0,0,0,0,1,1,6,1,57,9,1137,1,16,-1,1,-1
2015556000192,1,19,0,18,0,0,0,0,0,0,1,1,1,1,22,5,2198,2,1,-1,1,-1
2015556000192,2,9,0,4,0,0,0,0,0,0,2,1,6,2,51,8,1598,1,10,-1,2,-1
2015556000192,3,9,0,3,0,0,0,0,0,0,2,1,6,2,38,7,1796,1,8,-1,2,-1
2015556000197,1,9,0,4,0,4,1,9,7,1,1,1,6,2,55,8,1997,1,12,-1,1,-1
2015556000201,1,9,0,18,0,3,1,0,1,2,3,1,6,2,35,6,998,1,13,-1,1,-1
2015556000204,1,9,0,3,0,0,0,0,0,0,0,1,6,2,53,8,1124,1,9,-1,1,-1
2015556000204,2,1,0,18,0,0,0,0,0,0,0,1,6,1,77,11,-1,-1,-1,-1,3,-1
2015556000208,1,9,0,4,0,0,2,0,1,10,4,1,1,1,34,6,-1,-1,-1,-1,3,-1
2015556000208,2,9,0,16,0,0,0,0,0,0,0,1,6,2,58,9,-1,-1,-1,-1,3,-1
2015556000212,1,19,0,6,8,0,0,0,0,0,1,1,6,1,51,8,2143,2,4,-1,2,-1
2015556000212,2,5,0,17,0,0,0,0,1,10,1,1,2,1,21,5,599,1,18,-1,1,-1
2015556000216,1,9,0,4,0,0,0,0,0,0,0,1,6,3,-1,-1,-1,-1,-1,-1,-1,-1
2015556000216,2,9,0,18,0,0,0,0,0,0,2,1,1,1,25,5,1796,1,13,-1,2,-1
2015556000216,3,9,0,18,0,0,0,0,0,0,1,1,6,1,65,9,1997,2,3,-1,3,-1
2015556000221,1,9,0,18,0,0,0,0,7,1,1,1,6,1,88,11,1341,1,13,-1,1,-1
2015556000224,1,9,0,18,0,8,0,0,0,0,1,1,6,1,44,7,1997,2,14,-1,2,-1
2015556000224,2,9,0,18,0,5,0,0,0,0,1,1,6,1,24,5,1391,1,17,-1,1,-1
2015556000229,1,19,0,9,7,0,0,0,0,0,3,1,1,1,35,6,2198,2,4,-1,2,-1
2015556000229,2,9,0,18,0,0,0,0,0,0,1,1,1,2,23,5,1248,2,8,-1,1,-1
2015556000233,1,9,0,18,0,1,0,0,0,0,1,1,6,1,71,10,998,1,3,-1,2,-1
2015556000233,2,9,0,3,0,1,0,0,0,0,2,1,6,1,43,7,1896,2,7,-1,3,-1
2015556000237,1,90,0,4,0,0,0,0,0,0,2,1,6,1,76,11,2446,2,17,-1,1,-1
2015556000237,2,9,0,4,0,0,0,0,0,0,2,1,6,1,48,8,1686,2,6,-1,1,-1
2015556000237,3,19,0,4,0,0,0,0,0,0,2,1,6,1,35,6,2198,2,3,-1,1,-1
2015556000237,4,19,0,4,0,0,0,0,0,0,1,1,2,1,31,6,5132,2,1,-1,1,-1
2015556000237,5,9,0,4,0,0,0,0,0,0,1,1,6,2,60,9,1388,1,7,-1,1,-1
2015556000245,1,4,0,16,0,0,0,0,0,0,3,1,2,1,34,6,599,1,19,-1,1,-1
2015556000248,1,5,0,9,0,6,0,0,0,0,3,1,2,1,31,6,649,1,6,-1,1,-1
2015556000248,2,19,0,17,0,8,0,0,0,0,1,1,2,2,48,8,1868,2,14,-1,2,-1
2015556000252,1,9,0,18,0,0,0,0,0,0,1,1,6,1,23,5,-1,-1,-1,-1,3,-1
2015556000252,2,9,0,3,0,0,0,0,0,0,2,1,6,2,42,7,1399,2,6,-1,3,-1
2015556000256,1,9,0,7,0,5,0,0,0,0,4,1,6,1,33,6,1896,2,9,-1,1,-1
2015556000256,2,1,0,18,0,8,0,0,0,0,1,1,6,1,33,6,-1,-1,-1,-1,2,-1
2015556000260,1,9,0,5,0,0,0,0,0,0,3,1,6,2,26,6,1598,1,5,-1,1,-1
2015556000263,1,9,0,4,0,0,0,0,0,0,2,1,6,2,44,7,1783,1,12,-1,2,-1
2015556000263,2,9,0,4,0,0,0,0,0,0,1,1,6,1,25,5,1242,1,2,-1,1,-1
2015556000267,1,17,0,9,0,1,0,0,0,0,1,1,1,1,45,7,-1,2,11,-1,1,-1
2015556000267,2,9,0,10,0,8,0,0,0,0,2,1,6,2,71,10,1396,1,5,-1,1,-1
2015556000272,1,21,1,18,0,0,0,0,0,0,0,1,1,3,-1,-1,6693,2,2,-1,-1,-1
2015556000272,2,9,0,18,0,0,0,0,0,0,0,1,3,2,41,7,1598,1,7,-1,1,-1
2015556000276,1,9,0,17,0,0,0,0,0,0,1,1,6,1,59,9,2204,2,6,-1,2,-1
2015556000276,2,9,0,16,0,0,0,0,0,0,1,1,6,1,23,5,1198,1,13,-1,3,-1
2015556000281,1,9,0,4,0,0,1,0,0,0,1,1,2,2,20,4,998,1,15,-1,3,-1
2015556000281,2,9,0,4,0,0,0,0,0,0,2,1,2,2,47,8,1560,2,10,-1,1,-1
2015556000281,3,19,0,4,0,0,0,0,0,0,2,1,1,2,53,8,1399,2,6,-1,3,-1
2015556000286,1,9,0,18,0,0,0,0,0,0,1,1,6,1,40,7,1597,1,17,-1,3,-1
2015556000286,2,9,0,18,0,0,0,0,0,0,1,1,6,1,63,9,1997,2,9,-1,2,-1
2015556000286,3,9,0,18,0,0,0,0,0,0,1,1,6,1,44,7,2993,2,6,-1,3,-1
2015556000286,4,20,0,18,0,0,0,0,0,0,4,1,1,1,44,7,-1,-1,-1,-1,1,-1
2015556000286,5,9,0,18,0,0,0,0,0,0,2,1,1,2,35,6,1149,1,17,-1,3,-1
2015556000293,1,9,0,16,0,0,1,0,0,0,4,1,2,1,26,6,1753,2,15,-1,1,-1
2015556000296,1,9,0,9,0,8,0,0,0,0,1,1,6,1,80,11,1598,1,6,-1,2,-1
2015556000296,2,9,0,9,0,8,0,0,0,0,4,1,6,2,36,7,2792,1,14,-1,2,-1
2015556000300,1,9,0,18,0,0,0,0,7,10,1,1,6,1,80,11,-1,-1,-1,-1,-1,-1
2015556000300,2,9,0,18,0,0,0,0,1,10,1,1,6,2,59,9,1598,2,2,-1,3,-1
2015556000305,1,9,0,9,0,8,0,0,0,0,4,1,6,1,38,7,1398,1,1,-1,-1,-1
2015556000305,2,9,0,18,0,8,0,0,0,0,1,1,6,2,24,5,1598,1,14,-1,1,-1
2015556000309,1,9,0,18,0,2,0,0,1,10,1,1,6,1,27,6,1781,1,17,-1,1,-1
2015556000313,1,9,0,17,0,1,0,0,0,0,4,1,6,2,26,6,998,1,2,-1,1,-1
2015556000313,2,9,0,9,0,6,0,0,0,0,1,1,6,1,66,10,1560,2,6,-1,1,-1
2015556000317,1,9,0,18,0,3,0,0,0,0,1,1,6,2,70,10,1332,1,17,-1,1,-1
2015556000317,2,1,0,18,0,3,0,0,0,0,2,1,2,1,37,7,-1,-1,-1,-1,1,-1
2015556000321,1,9,0,17,0,0,5,0,1,10,1,1,6,1,20,4,-1,-1,-1,-1,1,-1
2015556000324,1,9,0,18,0,0,0,0,0,0,1,1,6,3,-1,-1,-1,-1,-1,-1,-1,-1
2015556000327,1,11,0,18,0,0,0,0,0,0,1,1,1,1,40,7,9360,2,4,-1,1,-1
2015556000327,2,20,0,18,0,0,0,0,0,0,0,1,6,3,-1,-1,-1,-1,-1,-1,-1,-1
2015556000331,1,9,0,18,0,0,0,10,1,4,1,1,6,1,18,4,1229,1,2,-1,2,-1
2015556000334,1,2,0,18,0,0,0,0,1,4,1,1,6,1,45,7,49,1,4,-1,1,-1
2015556000337,1,9,0,18,0,1,1,0,7,10,1,1,1,2,25,5,1598,1,3,-1,2,-1
2015556000337,2,9,0,18,0,1,0,0,0,0,1,1,1,1,18,4,-1,-1,-1,-1,3,-1
2015556000341,1,19,0,13,0,0,0,0,0,0,4,1,6,3,-1,-1,-1,-1,-1,-1,-1,-1
2015556000341,2,1,0,18,0,0,0,0,0,0,3,1,2,1,25,5,-1,-1,-1,-1,1,-1
2015556000341,3,1,0,18,0,0,0,0,0,0,1,1,2,1,33,6,-1,-1,-1,-1,1,-1
2015556000347,1,90,0,18,0,8,0,0,0,0,0,1,1,2,28,6,2987,2,2,-1,1,-1
2015556000347,2,9,0,18,0,8,0,0,0,0,1,1,6,2,46,8,1587,1,10,-1,1,-1
2015556000347,3,8,0,18,0,8,0,0,0,0,3,1,1,1,47,8,1968,2,7,-1,1,-1
2015556000353,1,9,0,18,0,1,0,0,0,0,4,1,6,1,58,9,-1,-1,-1,-1,1,-1
2015556000356,1,19,0,13,0,0,0,0,0,0,1,1,6,1,45,7,2459,2,13,-1,1,-1
2015556000356,2,9,0,18,0,0,0,0,0,0,1,1,6,1,28,6,1984,1,1,-1,3,-1
2015556000356,3,9,0,18,0,0,0,0,0,0,0,1,6,2,25,5,1461,2,4,-1,1,-1
2015556000366,1,9,0,18,0,0,5,12,7,10,4,1,6,1,19,4,1242,1,8,-1,1,-1
2015556000366,2,8,0,18,0,0,0,0,0,0,1,1,1,1,49,8,1685,2,2,-1,1,-1
2015556000371,1,9,0,4,0,8,0,0,0,0,1,1,6,2,38,7,1587,1,14,-1,3,-1
2015556000371,2,9,0,10,0,8,0,0,0,0,2,1,6,1,41,7,-1,-1,-1,-1,1,-1
2015556000375,1,9,0,12,0,1,0,0,0,0,4,1,6,2,81,11,1397,1,14,-1,1,-1
2015556000375,2,1,0,12,0,1,0,0,0,0,1,1,6,1,21,5,-1,-1,-1,-1,1,-1
2015556000379,1,1,0,18,0,0,0,0,0,0,0,1,6,2,53,8,-1,-1,-1,-1,2,-1
2015556000382,1,5,0,17,0,0,0,0,1,10,1,1,6,1,29,6,645,1,6,-1,1,-1
2015556000385,1,5,0,18,0,4,0,0,1,1,1,1,6,1,42,7,849,1,16,-1,3,-1
2015556000388,1,9,0,5,0,1,0,0,0,0,1,1,6,1,31,6,1598,2,4,-1,1,-1
2015556000388,2,9,0,3,0,1,0,0,0,0,2,1,6,2,45,7,2495,2,13,-1,3,-1
2015556000392,1,3,0,18,0,0,0,12,0,0,4,1,6,1,23,5,124,1,14,-1,3,-1
2015556000395,1,9,0,16,0,2,5,12,1,10,4,1,6,1,22,5,1587,1,13,-1,2,-1
2015556000398,1,9,0,18,0,0,0,0,0,0,1,1,6,2,42,7,2461,2,18,-1,2,-1
2015556000398,2,90,0,18,0,0,0,0,0,0,2,1,6,2,40,7,-1,-1,-1,-1,3,-1
2015556000403,1,9,0,9,0,8,0,0,1,1,4,1,6,1,83,11,1870,2,12,-1,-1,-1
2015556000403,2,11,0,18,0,8,0,0,0,0,1,1,1,2,50,8,12000,2,8,-1,2,-1
2015556000409,1,3,0,16,0,0,0,0,0,0,3,1,6,1,21,5,125,1,15,-1,1,-1
2015556000409,2,9,0,18,0,0,0,0,0,0,3,1,6,2,44,7,1587,1,13,-1,2,-1
2015556000413,1,9,0,4,0,0,0,0,0,0,2,1,6,1,66,10,1598,1,3,-1,1,-1
2015556000413,2,9,0,4,0,0,1,0,0,0,1,1,6,1,42,7,2000,2,8,-1,1,-1
2015556000417,1,9,0,18,0,0,0,0,0,0,1,1,6,1,18,4,1124,1,17,-1,1,-1
2015556000420,1,9,0,18,0,0,1,0,1,10,1,1,6,2,19,4,1124,1,12,-1,3,-1
2015556000423,1,19,0,18,0,0,0,0,0,0,3,1,1,1,33,6,2198,2,8,-1,1,-1
2015556000426,1,19,0,18,0,4,0,0,0,0,1,1,6,1,44,7,-1,-1,-1,-1,1,-1
2015556000426,2,9,0,18,0,8,0,0,0,0,4,1,6,1,55,8,-1,-1,-1,-1,1,-1
2015556000430,1,8,0,4,0,1,0,0,0,0,1,1,1,1,24,5,1753,2,6,-1,1,-1
2015556000430,2,9,0,4,0,1,0,0,0,0,2,1,6,1,47,8,1796,1,1,-1,1,-1
2015556000434,1,9,0,17,0,0,0,0,1,10,1,1,6,1,43,7,1997,1,8,-1,1,-1
2015556000434,2,19,0,16,0,0,1,0,0,0,1,1,6,1,25,5,1998,2,10,-1,1,-1
2015556000439,1,5,0,7,0,2,0,0,0,0,1,1,6,1,59,9,1284,1,11,-1,3,-1
2015556000439,2,9,0,10,0,1,0,0,0,0,3,1,6,1,38,7,-1,-1,-1,-1,3,-1
2015556000443,1,9,0,16,0,0,0,0,7,10,4,1,6,1,25,5,1598,1,11,-1,1,-1
2015556000443,2,9,0,18,0,0,0,0,1,10,3,1,6,1,70,10,1560,2,5,-1,2,-1
2015556000449,1,9,0,5,0,6,0,0,0,0,3,1,6,2,75,10,996,1,3,-1,1,-1
2015556000449,2,9,0,18,0,8,0,0,0,0,1,1,6,1,18,4,1796,1,13,-1,1,-1
2015556000449,3,9,0,3,0,1,0,0,0,0,3,1,6,2,43,7,1590,1,14,-1,3,-1
201560S000219,1,9,0,17,0,0,0,0,7,4,4,1,6,1,28,6,-1,-1,-1,-1,-1,-1
201560S000358,1,9,0,18,0,0,0,0,0,0,2,1,6,1,19,4,-1,-1,-1,-1,-1,-1
201560S000358,2,9,0,18,0,0,1,0,4,6,1,1,1,1,35,6,-1,-1,-1,-1,-1,-1
201560S000657,1,1,0,18,0,1,0,4,0,0,1,1,6,1,18,4,-1,-1,-1,-1,-1,-1
201560S000657,2,9,0,2,0,1,0,0,0,0,3,1,6,1,48,8,-1,-1,-1,-1,-1,-1
201560S000859,1,9,0,18,0,0,0,0,0,0,1,1,6,1,26,6,-1,-1,-1,-1,-1,-1
201560S000859,2,9,0,18,0,0,0,0,0,0,1,1,6,1,46,8,-1,-1,-1,-1,-1,-1
201560S001305,1,9,0,11,0,2,0,0,0,0,0,1,6,1,63,9,-1,-1,-1,-1,-1,-1
201560S001305,2,9,0,18,0,2,0,0,0,0,4,1,6,1,35,6,-1,-1,-1,-1,-1,-1
201560S001362,1,9,0,5,0,2,0,0,0,0,1,1,1,1,58,9,-1,-1,-1,-1,-1,-1
201560S001462,1,9,0,17,0,2,1,10,2,11,1,1,6,1,72,10,-1,-1,-1,-1,-1,-1
201560S001688,1,9,0,7,0,8,2,0,7,10,1,1,6,1,21,5,-1,-1,-1,-1,-1,-1
201560S001803,1,9,0,17,9,0,0,0,0,0,1,1,6,1,75,10,-1,-1,-1,-1,-1,-1
201560S002170,1,9,0,18,0,0,0,0,0,0,1,1,6,2,18,4,-1,-1,-1,-1,-1,-1
201560S002342,1,9,0,9,0,1,0,0,0,0,0,1,6,1,44,7,-1,-1,-1,-1,-1,-1
201560S002342,2,9,0,18,0,1,0,0,0,0,0,1,6,2,40,7,-1,-1,-1,-1,-1,-1
201560S002537,1,98,0,18,0,1,0,0,0,0,4,1,6,1,-1,-1,-1,-1,-1,-1,-1,-1
201560S002742,1,11,0,3,0,1,0,0,0,0,0,1,1,1,45,7,-1,-1,-1,-1,-1,-1
201560S002786,1,9,0,17,0,0,0,0,1,11,1,1,6,1,82,11,-1,-1,-1,-1,-1,-1
201560S002862,1,9,0,15,0,0,0,0,0,0,1,1,6,1,20,4,-1,-1,-1,-1,-1,-1
201560S002862,2,5,0,18,0,0,1,0,1,11,1,1,6,1,44,7,-1,-1,-1,-1,-1,-1
201560S002862,3,9,0,18,0,0,0,0,0,0,1,1,6,1,24,5,-1,-1,-1,-1,-1,-1
201560S003097,1,21,0,18,0,1,0,0,0,0,1,1,1,1,45,7,-1,-1,-1,-1,-1,-1
201560S003118,1,9,0,18,0,1,0,0,0,0,1,1,6,1,59,9,-1,-1,-1,-1,-1,-1
201560S003118,2,9,0,3,0,1,0,0,0,0,2,1,6,1,53,8,-1,-1,-1,-1,-1,-1
201560S003177,1,9,0,18,0,8,0,0,0,0,1,1,6,1,90,11,-1,-1,-1,-1,-1,-1
201560S003177,2,9,0,18,0,4,0,0,0,0,3,1,6,2,18,4,-1,-1,-1,-1,-1,-1
201560S003382,1,9,0,17,0,0,2,0,1,0,1,1,2,1,29,6,-1,-1,-1,-1,-1,-1
201560S003413,1,9,0,13,0,0,0,0,0,0,4,1,6,1,60,9,-1,-1,-1,-1,-1,-1
201560S003413,2,1,0,18,0,0,0,0,0,0,3,1,6,1,67,10,-1,-1,-1,-1,-1,-1
201560S003806,1,3,0,18,0,1,1,0,0,0,1,1,6,2,24,5,-1,-1,-1,-1,-1,-1
201560S003806,2,9,0,1,0,1,0,0,0,0,4,1,6,1,41,7,-1,-1,-1,-1,-1,-1
201560S004013,1,9,0,9,0,8,0,0,0,0,1,1,6,1,46,8,-1,-1,-1,-1,-1,-1
201560S004013,2,9,0,17,0,1,1,0,0,0,3,1,1,1,29,6,-1,-1,-1,-1,-1,-1
201560S004067,1,9,0,18,0,0,0,0,7,4,1,1,6,2,29,6,-1,-1,-1,-1,-1,-1
201560S004067,2,9,0,18,0,0,0,0,0,0,3,1,6,2,57,9,-1,-1,-1,-1,-1,-1
201560S004144,1,9,0,18,0,1,0,0,0,0,1,1,1,1,63,9,-1,-1,-1,-1,-1,-1
201560S004144,2,9,0,3,0,1,0,0,0,0,2,1,1,1,38,7,-1,-1,-1,-1,-1,-1
201560S004144,3,9,0,10,0,1,0,0,0,0,2,1,6,1,41,7,-1,-1,-1,-1,-1,-1
201560S004663,1,9,0,18,0,4,0,0,0,0,1,1,6,3,-1,-1,-1,-1,-1,-1,-1,-1
201560S004663,2,9,0,18,0,4,0,0,0,0,2,1,6,1,37,7,-1,-1,-1,-1,-1,-1
201560S004862,1,9,0,9,0,1,0,0,0,0,1,1,6,1,31,6,-1,-1,-1,-1,-1,-1
201560S004862,2,19,0,18,0,1,0,0,0,0,1,1,1,1,27,6,-1,-1,-1,-1,-1,-1
201560S004994,1,9,0,9,0,6,0,0,0,0,1,1,6,2,51,8,-1,-1,-1,-1,-1,-1
201560S004994,2,2,0,18,0,1,0,0,0,0,1,1,6,1,19,4,-1,-1,-1,-1,-1,-1
201560S005311,1,5,0,9,0,6,0,0,0,0,1,1,6,1,32,6,-1,-1,-1,-1,-1,-1
201560S005311,2,9,0,17,0,1,0,0,0,0,0,1,6,1,61,9,-1,-1,-1,-1,-1,-1
201560S005313,1,9,0,18,0,0,0,0,0,0,1,1,6,2,27,6,-1,-1,-1,-1,-1,-1
201560S005313,2,9,0,3,0,0,0,0,0,0,2,1,2,2,47,8,-1,-1,-1,-1,-1,-1
201560S005313,3,19,0,18,0,0,0,0,0,0,1,1,1,1,25,5,-1,-1,-1,-1,-1,-1
201560S005324,1,9,0,18,0,1,0,0,0,0,1,1,6,2,40,7,-1,-1,-1,-1,-1,-1
201560S005324,2,19,0,18,0,1,0,0,0,0,1,1,6,1,20,4,-1,-1,-1,-1,-1,-1
201560S005329,1,9,0,9,0,8,0,0,0,0,1,1,1,2,23,5,-1,-1,-1,-1,-1,-1
201560S005329,2,9,0,18,0,1,0,0,0,0,1,1,6,2,48,8,-1,-1,-1,-1,-1,-1
201560S005930,1,9,0,1,0,8,0,0,0,0,2,1,1,1,34,6,-1,-1,-1,-1,-1,-1
201560S006043,1,9,0,18,0,0,1,0,1,11,1,1,6,1,43,7,-1,-1,-1,-1,-1,-1
201560S006043,2,9,0,18,0,0,2,0,1,11,1,1,6,1,69,10,-1,-1,-1,-1,-1,-1
201560S006183,1,9,0,1,0,0,0,0,0,0,2,1,6,2,39,7,-1,-1,-1,-1,-1,-1
201560S006183,2,9,0,3,0,0,0,0,0,0,1,1,6,1,71,10,-1,-1,-1,-1,-1,-1
201560S006190,1,9,0,17,0,0,2,0,7,11,4,1,6,1,30,6,-1,-1,-1,-1,-1,-1
201560S006190,2,19,0,17,0,0,1,0,7,11,1,1,1,1,26,6,-1,-1,-1,-1,-1,-1
201560S006286,1,9,0,5,0,2,0,0,0,0,1,1,6,2,57,9,-1,-1,-1,-1,-1,-1