Accident_Index,Vehicle_Reference,Vehicle_Type,Towing_and_Articulation,Vehicle_Manoeuvre,Vehicle_Location-Restricted_Lane,Junction_Location,Skidding_and_Overturning,Hit_Object_in_Carriageway,Vehicle_Leaving_Carriageway,Hit_Object_off_Carriageway,1st_Point_of_Impact,Was_Vehicle_Left_Hand_Drive?,Journey_Purpose_of_Driver,Sex_of_Driver,Age_of_Driver,Age_Band_of_Driver,Engine_Capacity_(CC),Propulsion_Code,Age_of_Vehicle,Driver_IMD_Decile,Driver_Home_Area_Type,Vehicle_IMD_Decile
201560S006286,2,9,0,18,0,2,0,0,0,0,3,1,6,2,31,6,-1,-1,-1,-1,-1,-1
201560S006383,1,9,0,9,0,6,0,0,0,0,1,1,6,1,63,9,-1,-1,-1,-1,-1,-1
201560S006383,2,9,0,18,0,1,0,0,0,0,4,1,2,1,48,8,-1,-1,-1,-1,-1,-1
201560S006416,1,9,0,18,0,1,0,0,0,0,4,1,6,2,61,9,-1,-1,-1,-1,-1,-1
201560S006416,2,9,0,18,0,1,0,0,0,0,1,1,6,1,61,9,-1,-1,-1,-1,-1,-1
201560S006764,1,9,0,18,0,1,0,0,0,0,1,1,6,2,34,6,-1,-1,-1,-1,-1,-1
201560S006764,2,9,0,4,0,1,0,0,0,0,2,1,6,2,40,7,-1,-1,-1,-1,-1,-1
201560S006764,3,9,0,1,0,1,0,0,0,0,0,1,6,2,58,9,-1,-1,-1,-1,-1,-1
201560S006864,1,9,0,18,0,0,0,0,0,0,4,1,6,3,-1,-1,-1,-1,-1,-1,-1,-1
201560S006864,2,9,0,18,0,0,0,0,0,0,4,1,6,3,-1,-1,-1,-1,-1,-1,-1,-1
201560S007105,1,9,0,17,0,0,2,0,7,0,1,1,6,2,42,7,-1,-1,-1,-1,-1,-1
201560S007121,1,9,0,15,0,1,0,0,0,0,1,1,6,2,28,6,-1,-1,-1,-1,-1,-1
201560S007121,2,9,0,7,0,1,0,0,0,0,4,1,6,2,49,8,-1,-1,-1,-1,-1,-1
201560S007171,1,9,0,4,0,1,1,0,0,0,1,1,6,2,42,7,-1,-1,-1,-1,-1,-1
201560S007171,2,9,0,9,0,1,0,0,0,0,2,1,6,2,62,9,-1,-1,-1,-1,-1,-1
201560S007175,1,9,0,18,0,0,1,0,7,5,1,1,6,2,31,6,-1,-1,-1,-1,-1,-1
201560S007175,2,19,0,18,0,0,0,0,0,0,3,1,2,1,55,8,-1,-1,-1,-1,-1,-1
201560S007335,1,9,0,18,0,0,0,0,0,0,1,1,6,1,50,8,-1,-1,-1,-1,-1,-1
201560S007335,2,9,0,3,0,0,0,0,0,0,1,1,6,2,44,7,-1,-1,-1,-1,-1,-1
201560S007680,1,9,0,9,0,6,0,0,0,0,3,1,6,2,71,10,-1,-1,-1,-1,-1,-1
201560S007680,2,1,0,18,0,1,0,0,0,0,1,1,6,1,80,11,-1,-1,-1,-1,-1,-1
201560S007764,1,9,0,18,0,0,0,0,1,11,1,1,6,1,17,4,-1,-1,-1,-1,-1,-1
201560S007766,1,9,0,18,0,1,0,0,0,0,1,1,6,1,42,7,-1,-1,-1,-1,-1,-1
201560S007766,2,9,0,3,0,1,0,0,0,0,2,1,6,2,29,6,-1,-1,-1,-1,-1,-1
201560S007766,3,9,0,3,0,1,0,0,0,0,2,1,6,2,56,9,-1,-1,-1,-1,-1,-1
201560S007822,1,9,0,9,0,1,0,0,0,0,1,1,6,1,84,11,-1,-1,-1,-1,-1,-1
201560S007822,2,9,0,18,0,1,0,0,0,0,1,1,6,1,26,6,-1,-1,-1,-1,-1,-1
201560S007854,1,9,0,14,0,0,0,0,0,0,1,1,6,2,25,5,-1,-1,-1,-1,-1,-1
201560S007968,1,8,0,1,9,0,0,0,0,0,2,1,1,3,-1,-1,-1,-1,-1,-1,-1,-1
201560S008212,1,9,0,18,0,1,0,0,0,0,1,1,6,1,45,7,-1,-1,-1,-1,-1,-1
201560S008212,2,9,0,3,0,1,0,0,0,0,2,1,6,1,35,6,-1,-1,-1,-1,-1,-1
201560S008228,1,9,0,9,0,6,0,0,0,0,1,1,6,1,56,9,-1,-1,-1,-1,-1,-1
201560S008228,2,9,0,18,0,2,0,0,0,0,1,1,6,2,34,6,-1,-1,-1,-1,-1,-1
201560S008270,1,9,0,17,0,0,2,6,1,9,1,1,6,2,48,8,-1,-1,-1,-1,-1,-1
201560S008557,1,9,0,16,0,1,2,0,1,11,4,1,6,1,25,5,-1,-1,-1,-1,-1,-1
201560S008752,1,9,0,18,0,3,0,0,0,0,1,1,6,1,70,10,-1,-1,-1,-1,-1,-1
201560S008752,2,9,0,4,0,3,0,0,0,0,2,1,6,1,51,8,-1,-1,-1,-1,-1,-1
201560S009135,1,21,0,18,0,0,0,5,0,0,1,1,1,1,31,6,-1,-1,-1,-1,-1,-1
201560S009247,1,9,0,7,0,1,0,0,0,0,1,1,6,2,29,6,-1,-1,-1,-1,-1,-1
201560S009247,2,9,0,7,0,1,0,0,0,0,2,1,6,2,34,6,-1,-1,-1,-1,-1,-1
201560S009410,1,9,0,16,0,0,1,0,1,1,1,1,6,1,20,4,-1,-1,-1,-1,-1,-1
201560S009541,1,9,0,1,0,0,0,0,0,0,2,1,6,1,76,11,-1,-1,-1,-1,-1,-1
201560S009556,1,20,0,9,0,1,0,0,0,0,1,1,1,1,48,8,-1,-1,-1,-1,-1,-1
201560S009556,2,9,0,18,0,1,0,0,0,0,1,1,6,1,25,5,-1,-1,-1,-1,-1,-1
201560S009642,1,9,0,18,0,0,1,0,0,0,1,1,6,2,49,8,-1,-1,-1,-1,-1,-1
201560S009642,2,98,0,2,0,0,0,0,0,0,2,1,6,1,45,7,-1,-1,-1,-1,-1,-1
201560S009752,1,9,0,7,0,8,0,0,0,0,1,1,6,2,22,5,-1,-1,-1,-1,-1,-1
201560S009752,2,1,0,18,0,8,0,0,0,0,1,1,6,1,36,7,-1,-1,-1,-1,-1,-1
201560S009879,1,9,0,9,0,6,0,0,0,0,0,1,6,1,35,6,-1,-1,-1,-1,-1,-1
201560S009879,2,4,0,18,0,1,1,10,2,0,0,1,6,1,22,5,-1,-1,-1,-1,-1,-1
201560S009986,1,9,0,18,0,0,0,0,0,0,1,1,6,1,54,8,-1,-1,-1,-1,-1,-1
201560S009986,2,11,0,4,0,0,0,0,0,0,2,1,1,1,54,8,-1,-1,-1,-1,-1,-1
201560S009993,1,9,0,9,0,1,0,0,0,0,2,1,1,2,46,8,-1,-1,-1,-1,-1,-1
201560S009993,2,9,0,18,0,1,0,0,0,0,2,1,6,1,46,8,-1,-1,-1,-1,-1,-1
201560S009993,3,9,0,18,0,1,0,0,0,0,1,1,6,2,18,4,-1,-1,-1,-1,-1,-1
201560S010083,1,9,0,9,0,1,1,0,0,0,1,1,6,1,36,7,-1,-1,-1,-1,-1,-1
201560S010083,2,9,0,18,0,1,0,0,0,0,1,1,6,2,70,10,-1,-1,-1,-1,-1,-1
201560S010201,1,9,0,7,0,2,0,0,0,0,1,1,6,1,21,5,-1,-1,-1,-1,-1,-1
201560S010201,2,9,0,18,0,1,0,0,0,0,1,1,6,1,18,4,-1,-1,-1,-1,-1,-1
201560S010201,3,9,0,2,0,1,0,0,0,0,1,1,6,3,-1,-1,-1,-1,-1,-1,-1,-1
201560S010201,4,9,0,2,0,1,0,0,0,0,1,1,6,3,-1,-1,-1,-1,-1,-1,-1,-1
201560S010201,5,9,0,2,0,1,0,0,0,0,1,1,6,3,-1,-1,-1,-1,-1,-1,-1,-1
201560S010420,1,9,0,17,0,0,0,0,0,0,1,1,6,1,21,5,-1,-1,-1,-1,-1,-1
201560S010420,2,9,0,18,0,0,0,0,0,0,1,1,6,1,63,9,-1,-1,-1,-1,-1,-1
201560S010516,1,9,0,9,0,2,0,0,0,0,1,1,6,1,41,7,-1,-1,-1,-1,-1,-1
201560S010516,2,9,0,10,0,1,0,0,0,0,4,1,6,2,24,5,-1,-1,-1,-1,-1,-1
201560S010593,1,98,0,18,0,1,0,0,0,0,1,1,1,1,33,6,-1,-1,-1,-1,-1,-1
201560S010593,2,8,0,9,0,1,0,0,0,0,2,1,1,1,64,9,-1,-1,-1,-1,-1,-1
201560S010787,1,9,0,18,0,0,0,0,1,4,3,1,6,1,49,8,-1,-1,-1,-1,-1,-1
201560S010834,1,9,0,18,0,1,0,0,0,0,1,1,6,2,29,6,-1,-1,-1,-1,-1,-1
201560S010834,2,9,0,3,0,1,0,0,0,0,2,1,6,2,24,5,-1,-1,-1,-1,-1,-1
201560S010852,1,9,0,1,0,1,0,0,0,0,2,1,6,1,58,9,-1,-1,-1,-1,-1,-1
201560S010852,2,9,0,3,0,2,0,0,0,0,2,1,6,2,36,7,-1,-1,-1,-1,-1,-1
201560S011279,1,9,0,18,0,1,0,0,0,0,4,1,6,2,33,6,-1,-1,-1,-1,-1,-1
201560S011286,1,9,0,5,0,0,0,0,0,0,1,1,6,2,51,8,-1,-1,-1,-1,-1,-1
201560S011286,2,9,0,18,0,0,0,0,0,0,1,1,6,2,42,7,-1,-1,-1,-1,-1,-1
201560S011637,1,9,0,18,0,0,1,0,0,0,1,1,6,1,20,4,-1,-1,-1,-1,-1,-1
201560S011637,2,5,0,18,0,0,0,0,0,0,1,1,6,1,47,8,-1,-1,-1,-1,-1,-1
201560S011637,3,9,0,18,0,0,0,0,0,0,1,1,6,1,30,6,-1,-1,-1,-1,-1,-1
201560S011649,1,9,0,9,0,6,0,0,0,0,3,1,6,1,23,5,-1,-1,-1,-1,-1,-1
201560S011649,2,9,0,18,0,1,1,0,0,0,1,1,6,1,80,11,-1,-1,-1,-1,-1,-1
201560S011679,1,9,0,18,0,2,0,0,0,0,1,1,6,1,36,7,-1,-1,-1,-1,-1,-1
201560S011683,1,5,0,18,0,0,0,0,0,0,1,1,6,1,46,8,-1,-1,-1,-1,-1,-1
201560S011683,2,9,0,4,0,0,0,0,0,0,2,1,6,2,44,7,-1,-1,-1,-1,-1,-1
201560S011683,3,9,0,18,0,0,0,0,0,0,0,1,1,1,45,7,-1,-1,-1,-1,-1,-1
201560S011731,1,9,0,18,0,0,0,0,0,0,1,1,6,1,89,11,-1,-1,-1,-1,-1,-1
201560S011731,2,9,0,18,0,0,0,0,0,0,1,1,6,2,38,7,-1,-1,-1,-1,-1,-1
201560S011884,1,9,0,16,0,5,2,0,4,6,1,1,6,1,42,7,-1,-1,-1,-1,-1,-1
201560S011945,1,9,0,13,0,0,0,0,0,0,4,1,6,3,-1,-1,-1,-1,-1,-1,-1,-1
201560S011945,2,1,0,16,0,0,0,0,0,0,3,1,6,1,16,4,-1,-1,-1,-1,-1,-1
201560S011955,1,9,0,18,0,1,1,0,7,0,1,1,6,2,45,7,-1,-1,-1,-1,-1,-1
201560S012193,1,9,0,18,0,0,1,0,0,0,1,1,6,1,52,8,-1,-1,-1,-1,-1,-1
201560S012193,2,9,0,18,0,0,0,0,0,0,1,1,6,2,73,10,-1,-1,-1,-1,-1,-1
201560S012230,1,9,0,18,0,0,0,0,0,0,1,1,6,2,37,7,-1,-1,-1,-1,-1,-1
201560S012230,2,9,0,18,0,0,0,0,0,0,1,1,6,1,31,6,-1,-1,-1,-1,-1,-1
201560S012534,1,9,0,18,0,0,0,0,0,0,1,1,6,2,17,4,-1,-1,-1,-1,-1,-1
201560S012534,2,9,0,3,0,0,0,0,0,0,2,1,6,1,36,7,-1,-1,-1,-1,-1,-1
201560S012555,1,9,0,18,0,1,0,0,0,0,1,1,6,2,44,7,-1,-1,-1,-1,-1,-1
201560S012555,2,9,0,4,0,1,0,0,0,0,2,1,6,2,34,6,-1,-1,-1,-1,-1,-1
201560S012931,1,9,0,18,0,0,0,0,0,0,4,1,6,1,72,10,-1,-1,-1,-1,-1,-1
201560S012962,1,9,0,9,0,6,0,0,0,0,1,1,6,2,40,7,-1,-1,-1,-1,-1,-1
201560S012962,2,9,0,18,0,1,0,0,0,0,1,1,6,1,26,6,-1,-1,-1,-1,-1,-1
201560S013304,1,9,0,18,0,8,0,0,0,0,1,1,6,2,48,8,-1,-1,-1,-1,-1,-1
201560S013304,2,9,0,18,0,8,0,0,0,0,1,1,6,1,43,7,-1,-1,-1,-1,-1,-1
201560S013440,1,98,0,5,0,0,0,0,0,0,1,1,1,1,60,9,-1,-1,-1,-1,-1,-1
201560S013492,1,9,0,18,0,1,0,0,0,0,1,1,6,1,37,7,-1,-1,-1,-1,-1,-1
201560S013492,2,9,0,3,0,1,0,0,0,0,2,1,6,2,32,6,-1,-1,-1,-1,-1,-1
201560S013495,1,9,0,18,0,8,0,0,0,0,1,1,6,2,52,8,-1,-1,-1,-1,-1,-1
201560S013495,2,9,0,9,0,8,0,0,0,0,3,1,6,1,29,6,-1,-1,-1,-1,-1,-1
201560S013741,1,9,0,18,0,0,1,0,0,0,1,1,6,1,45,7,-1,-1,-1,-1,-1,-1
201560S013741,2,9,0,3,0,0,0,0,0,0,2,1,6,2,20,4,-1,-1,-1,-1,-1,-1
201560S013741,3,9,0,18,0,0,0,0,0,0,0,1,6,2,48,8,-1,-1,-1,-1,-1,-1
201560S013992,1,9,0,4,0,0,0,0,0,0,2,1,6,2,66,10,-1,-1,-1,-1,-1,-1
201560S014031,1,9,0,18,0,1,0,0,0,0,1,1,6,2,24,5,-1,-1,-1,-1,-1,-1
201560S014031,2,9,0,3,0,1,0,0,0,0,2,1,6,2,21,5,-1,-1,-1,-1,-1,-1
201560S014079,1,9,0,18,0,0,0,0,0,0,1,1,6,1,77,11,-1,-1,-1,-1,-1,-1
201560S014079,2,20,0,2,0,0,0,0,0,0,2,1,1,1,29,6,-1,-1,-1,-1,-1,-1
201560S014169,1,9,0,9,0,2,0,0,0,0,1,1,6,2,28,6,-1,-1,-1,-1,-1,-1
201560S014169,2,1,0,18,0,1,0,0,0,0,1,1,6,1,23,5,-1,-1,-1,-1,-1,-1
201560S014543,1,9,0,18,0,0,0,0,0,0,4,1,6,1,76,11,-1,-1,-1,-1,-1,-1
201560S014579,1,9,0,18,0,1,0,0,0,0,1,1,6,2,66,10,-1,-1,-1,-1,-1,-1
201560S015054,1,9,0,11,0,0,0,0,0,0,2,1,6,1,21,5,-1,-1,-1,-1,-1,-1
201560S015054,2,1,0,18,0,0,0,0,0,0,1,1,6,1,76,11,-1,-1,-1,-1,-1,-1
201560S015297,1,9,0,16,0,0,5,0,7,11,1,1,6,1,23,5,-1,-1,-1,-1,-1,-1
201560S015297,2,9,0,17,0,0,0,0,0,0,1,1,6,1,29,6,-1,-1,-1,-1,-1,-1
201560S015504,1,19,0,18,0,8,0,0,0,0,1,1,1,1,57,9,-1,-1,-1,-1,-1,-1
201560S015504,2,9,0,18,0,8,0,0,0,0,2,1,6,2,30,6,-1,-1,-1,-1,-1,-1
201560S015740,1,9,0,4,0,7,1,0,1,11,1,1,6,1,35,6,-1,-1,-1,-1,-1,-1
201560S015740,2,9,0,18,0,1,0,0,0,0,1,1,6,2,40,7,-1,-1,-1,-1,-1,-1
201560S015752,1,9,0,18,0,0,1,0,0,0,1,1,6,1,42,7,-1,-1,-1,-1,-1,-1
201560S015752,2,9,0,4,0,0,1,0,0,0,2,1,6,1,34,6,-1,-1,-1,-1,-1,-1
201560S016037,1,19,0,18,0,1,0,0,0,0,1,1,6,3,-1,-1,-1,-1,-1,-1,-1,-1
201560S016037,2,9,0,3,0,1,0,0,0,0,2,1,6,2,24,5,-1,-1,-1,-1,-1,-1
201560S016037,3,9,0,3,0,1,0,0,0,0,2,1,6,1,50,8,-1,-1,-1,-1,-1,-1
201560S016072,1,9,0,18,0,8,0,0,0,0,1,1,1,1,45,7,-1,-1,-1,-1,-1,-1
201560S016072,2,1,0,18,0,8,0,0,0,0,2,1,6,1,46,8,-1,-1,-1,-1,-1,-1
201560S016086,1,17,0,18,0,0,0,0,0,0,0,1,1,1,65,9,-1,-1,-1,-1,-1,-1
201560S016086,2,16,0,18,0,0,0,0,0,0,0,1,6,2,40,7,-1,-1,-1,-1,-1,-1
201560S016121,1,8,0,9,0,6,0,0,0,0,1,1,1,1,43,7,-1,-1,-1,-1,-1,-1
201560S016121,2,3,0,18,0,1,0,0,0,0,1,1,6,1,28,6,-1,-1,-1,-1,-1,-1
201560S016177,1,9,0,5,0,6,0,0,1,11,4,1,6,1,80,11,-1,-1,-1,-1,-1,-1
201560S016177,2,9,0,18,0,1,0,0,0,0,1,1,2,1,50,8,-1,-1,-1,-1,-1,-1
201560S016260,1,9,0,18,0,2,0,0,0,0,1,1,6,1,19,4,-1,-1,-1,-1,-1,-1
201560S016260,2,9,0,4,0,2,0,0,0,0,2,1,1,1,49,8,-1,-1,-1,-1,-1,-1
201560S016425,1,19,0,13,0,0,0,0,0,0,4,1,1,3,-1,-1,-1,-1,-1,-1,-1,-1
201560S016425,2,9,0,18,0,0,0,0,0,0,3,1,6,1,48,8,-1,-1,-1,-1,-1,-1
201560S016449,1,9,0,9,0,4,0,0,0,0,3,1,6,2,18,4,-1,-1,-1,-1,-1,-1
201560S016449,2,9,0,18,0,8,0,0,0,0,1,1,6,1,52,8,-1,-1,-1,-1,-1,-1
201560S016476,1,19,0,18,0,2,0,0,0,0,1,1,1,1,40,7,-1,-1,-1,-1,-1,-1
201560S016476,2,9,0,18,0,1,0,0,0,0,1,1,6,1,25,5,-1,-1,-1,-1,-1,-1
201560S016596,1,9,0,18,0,0,0,0,0,0,1,1,2,1,29,6,-1,-1,-1,-1,-1,-1
201560S016596,2,9,0,18,0,0,0,0,0,0,2,1,2,1,32,6,-1,-1,-1,-1,-1,-1
201560S016596,3,9,0,18,0,0,0,0,0,0,2,1,2,2,19,4,-1,-1,-1,-1,-1,-1
201560S016596,4,9,0,18,0,0,0,0,0,0,2,1,2,1,41,7,-1,-1,-1,-1,-1,-1
201560S016604,1,9,0,1,0,0,0,0,0,0,2,1,3,1,50,8,-1,-1,-1,-1,-1,-1
201560S016627,1,9,0,18,0,0,0,0,0,0,1,1,6,2,55,8,-1,-1,-1,-1,-1,-1
201560S016627,2,17,0,4,0,0,0,0,0,0,2,1,1,1,50,8,-1,-1,-1,-1,-1,-1
201560S016681,1,5,0,18,0,1,0,0,0,0,1,1,6,1,25,5,-1,-1,-1,-1,-1,-1
201560S016681,2,19,0,3,0,1,0,0,0,0,2,1,6,1,44,7,-1,-1,-1,-1,-1,-1
201560S016708,1,9,0,18,0,0,0,0,0,0,1,1,6,1,30,6,-1,-1,-1,-1,-1,-1
201560S016824,1,9,0,18,0,0,0,0,0,0,1,1,6,1,25,5,-1,-1,-1,-1,-1,-1
201560S016824,2,21,4,18,0,0,0,0,0,0,2,1,6,1,50,8,-1,-1,-1,-1,-1,-1
201560S016932,1,19,0,18,0,0,5,0,0,0,3,1,1,1,34,6,-1,-1,-1,-1,-1,-1
201560S016932,2,9,0,18,0,0,0,0,0,0,3,1,6,1,18,4,-1,-1,-1,-1,-1,-1
201560S017119,1,9,0,18,0,0,1,0,1,11,1,1,6,2,22,5,-1,-1,-1,-1,-1,-1
201560S017129,1,9,0,1,0,0,0,0,0,0,2,1,6,3,-1,-1,-1,-1,-1,-1,-1,-1
201560S017129,2,9,0,3,0,0,0,0,0,0,1,1,1,1,36,7,-1,-1,-1,-1,-1,-1
201560S017336,1,9,0,13,0,2,0,0,0,0,2,1,6,1,28,6,-1,-1,-1,-1,-1,-1
201560S017336,2,9,0,18,0,2,0,0,0,0,1,1,6,1,30,6,-1,-1,-1,-1,-1,-1
201560S017355,1,9,0,6,0,0,0,0,0,0,1,1,6,1,23,5,-1,-1,-1,-1,-1,-1
201560S017355,2,9,0,18,0,0,0,0,0,0,1,1,1,1,65,9,-1,-1,-1,-1,-1,-1
201560S017474,1,9,0,1,0,1,0,0,0,0,2,1,6,3,-1,-1,-1,-1,-1,-1,-1,-1
201560S017474,2,2,0,3,0,2,0,0,0,0,1,1,6,1,22,5,-1,-1,-1,-1,-1,-1
201560S017535,1,9,0,13,0,1,0,0,0,0,4,1,6,1,21,5,-1,-1,-1,-1,-1,-1
201560S017535,2,20,0,9,0,1,0,0,0,0,3,1,1,1,56,9,-1,-1,-1,-1,-1,-1
201560S017593,1,9,0,1,0,1,0,0,0,0,2,1,6,3,-1,-1,-1,-1,-1,-1,-1,-1
201560S017593,2,9,0,2,0,1,0,0,0,0,1,1,6,1,41,7,-1,-1,-1,-1,-1,-1
201560S017796,1,9,0,18,0,1,1,0,0,0,1,1,6,1,37,7,-1,-1,-1,-1,-1,-1
201560S017796,2,9,0,9,0,6,0,0,0,0,3,1,6,1,45,7,-1,-1,-1,-1,-1,-1
201560S017951,1,9,0,18,0,1,0,0,0,0,1,1,6,3,-1,-1,-1,-1,-1,-1,-1,-1
201560S017951,2,9,0,18,0,1,0,0,0,0,2,1,6,2,38,7,-1,-1,-1,-1,-1,-1
201560S018080,1,3,0,17,0,0,1,0,1,11,1,1,6,1,22,5,-1,-1,-1,-1,-1,-1
201560S018178,1,9,0,4,0,1,0,0,0,0,1,1,6,2,34,6,-1,-1,-1,-1,-1,-1
201560S018178,2,9,0,3,0,1,0,0,0,0,2,1,6,1,21,5,-1,-1,-1,-1,-1,-1
201560S018538,1,9,0,15,0,0,0,0,0,0,1,1,1,1,42,7,-1,-1,-1,-1,-1,-1
201560S018538,2,9,0,17,0,0,0,0,0,0,1,1,6,1,33,6,-1,-1,-1,-1,-1,-1
201560S018672,1,9,0,18,0,0,0,0,0,0,1,1,6,1,19,4,-1,-1,-1,-1,-1,-1
201560S018672,2,9,0,4,0,0,0,0,0,0,2,1,6,1,59,9,-1,-1,-1,-1,-1,-1
201560S018929,1,9,0,9,0,6,0,0,0,0,4,1,6,1,62,9,-1,-1,-1,-1,-1,-1
201560S018929,2,9,0,18,0,1,0,0,0,0,1,1,6,1,68,10,-1,-1,-1,-1,-1,-1
201560S018963,1,9,0,17,0,0,1,0,2,11,1,1,6,2,25,5,-1,-1,-1,-1,-1,-1
201560S019145,1,9,0,18,0,2,1,0,1,4,1,1,6,1,38,7,-1,-1,-1,-1,-1,-1
201560S019554,1,9,0,7,0,1,0,0,0,0,1,1,6,3,-1,-1,-1,-1,-1,-1,-1,-1
201560S019587,1,19,0,17,0,2,2,0,2,11,1,1,1,1,30,6,-1,-1,-1,-1,-1,-1
201560S019587,2,9,0,4,0,1,0,0,0,0,1,1,6,1,62,9,-1,-1,-1,-1,-1,-1
201560S019676,1,19,0,18,0,0,1,0,0,0,1,1,6,3,-1,-1,-1,-1,-1,-1,-1,-1
201560S019676,2,9,0,4,0,0,0,0,0,0,2,1,6,2,30,6,-1,-1,-1,-1,-1,-1
201560S019676,3,9,0,4,0,0,0,0,0,0,2,1,6,2,43,7,-1,-1,-1,-1,-1,-1
201560S019875,1,9,0,5,0,1,0,0,0,0,0,1,6,1,72,10,-1,-1,-1,-1,-1,-1
201560S019875,2,3,0,18,0,2,0,0,0,0,3,1,6,1,48,8,-1,-1,-1,-1,-1,-1
201560S019967,1,9,0,18,0,1,0,0,0,0,4,1,6,2,81,11,-1,-1,-1,-1,-1,-1
201560S019967,2,9,0,7,0,8,0,0,0,0,1,1,6,2,80,11,-1,-1,-1,-1,-1,-1
201560S019991,1,9,0,18,0,1,0,0,0,0,1,1,6,1,35,6,-1,-1,-1,-1,-1,-1
201560S019991,2,9,0,18,0,1,0,0,0,0,2,1,6,2,50,8,-1,-1,-1,-1,-1,-1
201560S020151,1,19,0,9,0,1,0,0,0,0,1,1,6,1,26,6,-1,-1,-1,-1,-1,-1
201560S020151,2,9,0,18,0,1,0,0,0,0,1,1,6,2,51,8,-1,-1,-1,-1,-1,-1
201560S020151,3,9,0,18,0,1,0,0,0,0,1,1,6,1,36,7,-1,-1,-1,-1,-1,-1
201560S020585,1,9,4,13,0,0,0,0,0,0,4,1,6,3,-1,-1,-1,-1,-1,-1,-1,-1
201560S020585,2,1,0,18,0,0,0,0,0,0,4,1,6,1,54,8,-1,-1,-1,-1,-1,-1
201560S020668,1,9,0,17,0,8,0,0,0,0,1,1,6,1,42,7,-1,-1,-1,-1,-1,-1
201560S020668,2,1,0,17,0,8,0,0,0,0,1,1,6,1,21,5,-1,-1,-1,-1,-1,-1
201560S020982,1,19,0,4,0,0,0,0,0,0,2,1,1,2,54,8,-1,-1,-1,-1,-1,-1
201560S020982,2,21,1,18,0,0,0,0,0,0,1,1,1,1,61,9,-1,-1,-1,-1,-1,-1
201560S020982,3,9,0,18,0,0,0,0,0,0,1,1,6,2,28,6,-1,-1,-1,-1,-1,-1
201560S021081,1,9,0,9,0,4,0,0,0,0,1,1,6,1,86,11,-1,-1,-1,-1,-1,-1
201560S021081,2,5,0,9,0,1,0,0,0,0,1,1,6,1,43,7,-1,-1,-1,-1,-1,-1
201560S021462,1,9,0,18,0,0,0,0,0,0,2,1,6,1,30,6,-1,-1,-1,-1,-1,-1
201560S021462,2,1,0,18,0,0,0,0,0,0,1,1,6,1,47,8,-1,-1,-1,-1,-1,-1
201560S021674,1,9,0,18,0,6,0,0,0,0,1,1,6,1,17,4,-1,-1,-1,-1,-1,-1
201560S021674,2,9,0,18,0,1,0,0,0,0,1,1,6,1,41,7,-1,-1,-1,-1,-1,-1
201560S021988,1,9,0,18,0,1,0,0,0,0,1,1,6,1,30,6,-1,-1,-1,-1,-1,-1
201560S021988,2,9,0,3,0,1,0,0,0,0,2,1,6,1,48,8,-1,-1,-1,-1,-1,-1
201560S021992,1,9,0,18,0,2,0,0,0,0,1,1,1,1,41,7,-1,-1,-1,-1,-1,-1
201560S022016,1,1,0,18,0,0,0,0,0,0,1,1,6,1,19,4,-1,-1,-1,-1,-1,-1
201560S022016,2,9,4,2,0,0,0,0,0,0,2,1,6,1,66,10,-1,-1,-1,-1,-1,-1
201560S022016,3,9,0,3,0,0,0,0,0,0,3,1,6,1,35,6,-1,-1,-1,-1,-1,-1
201560S022083,1,9,0,18,0,1,0,0,0,0,1,1,6,3,-1,-1,-1,-1,-1,-1,-1,-1
201560S022083,2,9,0,3,0,1,0,0,0,0,2,1,6,1,32,6,-1,-1,-1,-1,-1,-1
201560S022585,1,9,0,18,0,0,1,0,0,0,1,1,1,1,32,6,-1,-1,-1,-1,-1,-1
201560S022585,2,9,0,3,0,0,0,0,0,0,2,1,6,1,30,6,-1,-1,-1,-1,-1,-1
201560S022585,3,9,0,3,0,0,0,0,0,0,2,1,6,1,48,8,-1,-1,-1,-1,-1,-1
201560S022585,4,9,0,3,0,0,0,0,0,0,2,2,6,1,40,7,-1,-1,-1,-1,-1,-1
201560S022671,1,9,0,1,0,1,0,0,0,0,0,1,6,3,-1,-1,-1,-1,-1,-1,-1,-1
201560S022671,2,1,0,3,0,1,0,0,0,0,0,1,6,2,51,8,-1,-1,-1,-1,-1,-1
201560S022922,1,19,0,18,0,0,0,0,0,0,1,1,1,1,31,6,-1,-1,-1,-1,-1,-1
201560S022922,2,19,0,4,0,0,0,0,0,0,2,1,6,1,20,4,-1,-1,-1,-1,-1,-1
201560S022973,1,9,0,9,0,8,0,0,0,0,4,1,6,1,41,7,-1,-1,-1,-1,-1,-1
201560S022973,2,9,0,18,0,1,0,0,0,0,1,1,6,1,63,9,-1,-1,-1,-1,-1,-1
201560S023000,1,9,0,18,0,0,0,0,0,0,3,1,1,1,29,6,-1,-1,-1,-1,-1,-1
201560S023000,2,9,0,18,0,0,0,0,5,6,4,1,6,2,55,8,-1,-1,-1,-1,-1,-1
201560S023045,1,1,0,18,0,0,0,0,0,0,0,1,6,1,74,10,-1,-1,-1,-1,-1,-1
201560S023079,1,9,0,12,0,0,0,0,0,0,0,1,6,3,-1,-1,-1,-1,-1,-1,-1,-1
201560S023079,2,9,0,18,0,0,1,0,0,0,1,1,6,1,68,10,-1,-1,-1,-1,-1,-1
201560S023079,3,9,0,2,0,0,0,0,0,0,2,1,6,3,-1,-1,-1,-1,-1,-1,-1,-1
201560S023135,1,9,0,18,0,1,0,0,0,0,1,1,6,2,24,5,-1,-1,-1,-1,-1,-1
201560S023135,2,9,0,10,0,1,0,0,0,0,2,1,6,2,26,6,-1,-1,-1,-1,-1,-1
201560S023160,1,9,0,18,0,0,0,0,0,0,1,1,6,1,24,5,-1,-1,-1,-1,-1,-1
201560S023160,2,9,0,3,0,0,0,0,0,0,2,1,6,2,20,4,-1,-1,-1,-1,-1,-1
201560S023165,1,9,0,18,0,0,0,0,0,0,1,1,6,2,40,7,-1,-1,-1,-1,-1,-1
201560S023436,1,9,0,18,0,1,0,0,0,0,1,1,6,1,50,8,-1,-1,-1,-1,-1,-1