Accident_Index,Vehicle_Reference,Vehicle_Type,Towing_and_Articulation,Vehicle_Manoeuvre,Vehicle_Location-Restricted_Lane,Junction_Location,Skidding_and_Overturning,Hit_Object_in_Carriageway,Vehicle_Leaving_Carriageway,Hit_Object_off_Carriageway,1st_Point_of_Impact,Was_Vehicle_Left_Hand_Drive?,Journey_Purpose_of_Driver,Sex_of_Driver,Age_of_Driver,Age_Band_of_Driver,Engine_Capacity_(CC),Propulsion_Code,Age_of_Vehicle,Driver_IMD_Decile,Driver_Home_Area_Type,Vehicle_IMD_Decile
201560S045153,2,9,0,10,0,1,0,0,0,0,2,1,6,2,34,6,-1,-1,-1,-1,-1,-1
201560S045208,1,9,0,1,0,1,0,0,0,0,2,1,6,1,49,8,-1,-1,-1,-1,-1,-1
201560S045208,2,9,0,2,0,1,0,0,0,0,2,1,6,2,35,6,-1,-1,-1,-1,-1,-1
201560S045228,1,9,0,18,0,0,0,0,0,0,1,1,6,2,58,9,-1,-1,-1,-1,-1,-1
201560S045228,2,9,0,18,0,0,0,0,0,0,1,1,6,2,53,8,-1,-1,-1,-1,-1,-1
201560S045319,1,9,0,18,0,1,0,0,0,0,1,1,6,2,23,5,-1,-1,-1,-1,-1,-1
201560S045319,2,21,0,9,0,1,0,0,0,0,2,1,1,1,43,7,-1,-1,-1,-1,-1,-1
201560S045360,1,9,0,5,0,4,0,0,0,0,1,1,6,3,-1,-1,-1,-1,-1,-1,-1,-1
201560S045360,2,3,0,9,0,8,0,0,0,0,1,1,6,1,58,9,-1,-1,-1,-1,-1,-1
201560S046207,1,9,0,16,0,0,0,0,7,4,1,1,6,2,93,11,-1,-1,-1,-1,-1,-1
201560S046444,1,9,0,18,0,1,0,0,0,0,1,1,6,3,-1,-1,-1,-1,-1,-1,-1,-1
201560S046444,2,9,0,5,0,2,0,0,0,0,3,1,6,2,18,4,-1,-1,-1,-1,-1,-1
201560S046464,1,9,0,18,0,0,0,0,0,0,1,1,6,1,50,8,-1,-1,-1,-1,-1,-1
201560S046712,1,9,0,16,0,0,1,0,7,11,1,1,2,1,86,11,-1,-1,-1,-1,-1,-1
201560S046868,1,5,0,16,0,0,1,0,0,0,1,1,6,1,56,9,-1,-1,-1,-1,-1,-1
201560S046868,2,9,0,18,0,0,0,0,0,0,1,1,6,1,32,6,-1,-1,-1,-1,-1,-1
201560S046946,1,9,0,18,0,0,0,0,0,0,1,1,6,1,51,8,-1,-1,-1,-1,-1,-1
201560S046946,2,9,0,3,0,0,0,0,0,0,2,1,6,2,36,7,-1,-1,-1,-1,-1,-1
201560S047031,1,9,0,7,0,1,0,0,0,0,1,1,6,1,30,6,-1,-1,-1,-1,-1,-1
201560S047031,2,1,0,3,0,1,0,0,0,0,1,1,6,1,51,8,-1,-1,-1,-1,-1,-1
201560S047410,1,5,0,9,0,2,1,0,0,0,1,1,6,1,46,8,-1,-1,-1,-1,-1,-1
201560S047410,2,9,0,9,0,2,0,0,0,0,2,1,6,2,31,6,-1,-1,-1,-1,-1,-1
201560S047437,1,5,0,13,0,1,0,0,7,0,1,1,6,1,56,9,-1,-1,-1,-1,-1,-1
201560S047437,2,9,0,9,0,8,0,0,7,0,3,1,6,1,27,6,-1,-1,-1,-1,-1,-1
201560S047437,3,9,0,6,0,2,0,0,0,0,0,1,6,1,58,9,-1,-1,-1,-1,-1,-1
201560S047506,1,9,0,9,0,6,0,0,0,0,1,1,6,1,55,8,-1,-1,-1,-1,-1,-1
201560S047506,2,9,0,17,0,2,0,0,0,0,4,1,6,1,67,10,-1,-1,-1,-1,-1,-1
201560S047839,1,8,0,18,0,0,0,0,0,0,1,1,1,1,57,9,-1,-1,-1,-1,-1,-1
201560S047956,1,1,0,18,0,1,0,0,0,0,3,1,6,1,66,10,-1,-1,-1,-1,-1,-1
201560S047956,2,9,4,13,0,1,0,0,0,0,4,1,6,1,30,6,-1,-1,-1,-1,-1,-1
201560S048042,1,9,0,5,0,6,0,0,0,0,1,1,6,1,47,8,-1,-1,-1,-1,-1,-1
201560S048042,2,9,0,18,0,8,0,0,0,0,1,1,6,2,34,6,-1,-1,-1,-1,-1,-1
201560S048152,1,3,0,16,0,0,0,0,0,0,3,1,6,2,56,9,-1,-1,-1,-1,-1,-1
201560S048152,2,9,0,16,0,0,0,0,0,0,3,1,6,1,46,8,-1,-1,-1,-1,-1,-1
201560S048153,1,9,0,7,9,1,0,0,0,0,1,1,6,3,-1,-1,-1,-1,-1,-1,-1,-1
201560S048153,2,1,0,2,0,1,0,0,0,0,3,1,6,2,11,3,-1,-1,-1,-1,-1,-1
201560S049265,1,9,0,6,0,1,0,0,0,0,0,1,6,2,23,5,-1,-1,-1,-1,-1,-1
201560S049265,2,9,0,18,0,1,0,0,0,0,1,1,6,2,57,9,-1,-1,-1,-1,-1,-1
201560S049463,1,9,0,18,0,0,1,0,1,3,1,1,6,2,17,4,-1,-1,-1,-1,-1,-1
201560S049782,1,9,0,18,0,1,0,0,0,0,1,1,6,2,18,4,-1,-1,-1,-1,-1,-1
201560S049782,2,9,0,4,0,1,0,0,0,0,2,1,6,2,41,7,-1,-1,-1,-1,-1,-1
201560S049782,3,9,0,4,0,1,0,0,0,0,2,1,6,1,18,4,-1,-1,-1,-1,-1,-1
201560S049857,1,19,0,9,0,1,0,0,0,0,2,1,1,1,20,4,-1,-1,-1,-1,-1,-1
201560S049857,2,9,0,18,0,1,0,0,0,0,1,1,1,2,41,7,-1,-1,-1,-1,-1,-1
201560S050438,1,9,0,18,0,1,0,0,0,0,1,1,6,1,55,8,-1,-1,-1,-1,-1,-1
201560S050438,2,9,0,18,0,1,0,0,0,0,1,1,6,2,45,7,-1,-1,-1,-1,-1,-1
201560S050758,1,9,0,18,0,1,0,0,0,0,1,1,6,3,-1,-1,-1,-1,-1,-1,-1,-1
201560S050758,2,1,0,12,0,1,0,0,0,0,1,1,6,2,30,6,-1,-1,-1,-1,-1,-1
201560S050829,1,9,0,17,0,0,1,10,1,2,4,1,6,1,22,5,-1,-1,-1,-1,-1,-1
201560S050987,1,9,0,9,0,6,0,0,0,0,1,1,6,1,62,9,-1,-1,-1,-1,-1,-1
201560S050987,2,97,0,13,0,1,2,0,0,0,1,1,6,1,49,8,-1,-1,-1,-1,-1,-1
201560S051003,1,1,0,18,0,0,0,0,0,0,1,1,6,1,58,9,-1,-1,-1,-1,-1,-1
201560S051003,2,9,0,2,0,0,0,0,0,0,2,1,6,1,79,11,-1,-1,-1,-1,-1,-1
201560S051026,1,4,0,13,0,1,0,0,0,0,1,1,6,1,75,10,-1,-1,-1,-1,-1,-1
201560S051026,2,9,0,9,0,1,0,0,0,0,3,1,6,1,42,7,-1,-1,-1,-1,-1,-1
201560S051230,1,2,0,18,0,0,0,0,0,0,1,1,6,3,-1,-1,-1,-1,-1,-1,-1,-1
201560S051636,1,9,0,18,0,1,0,0,0,0,1,1,6,2,19,4,-1,-1,-1,-1,-1,-1
201560S051636,2,9,0,7,0,1,0,0,0,0,2,1,6,1,31,6,-1,-1,-1,-1,-1,-1
201560S051712,1,9,0,5,0,4,0,0,0,0,1,1,6,1,46,8,-1,-1,-1,-1,-1,-1
201560S051712,2,9,0,18,0,8,0,0,0,0,3,1,6,2,48,8,-1,-1,-1,-1,-1,-1
201560S052061,1,9,0,9,0,6,0,0,0,0,1,1,6,1,83,11,-1,-1,-1,-1,-1,-1
201560S052061,2,9,0,18,0,1,0,0,0,0,1,1,6,1,74,10,-1,-1,-1,-1,-1,-1
201560S052140,1,9,0,9,0,2,0,0,0,0,1,1,6,1,82,11,-1,-1,-1,-1,-1,-1
201560S052140,2,9,0,16,0,1,0,0,0,0,1,1,6,1,47,8,-1,-1,-1,-1,-1,-1
201560S052641,1,9,0,6,0,6,0,0,0,0,1,1,6,1,32,6,-1,-1,-1,-1,-1,-1
201560S052641,2,9,0,18,0,1,0,0,0,0,3,1,1,1,59,9,-1,-1,-1,-1,-1,-1
201560S052714,1,9,0,9,0,6,0,0,0,0,1,1,6,1,61,9,-1,-1,-1,-1,-1,-1
201560S052714,2,9,0,18,0,1,0,0,0,0,3,1,6,1,44,7,-1,-1,-1,-1,-1,-1
201560S052772,1,9,0,18,0,0,0,0,0,0,1,1,6,1,43,7,-1,-1,-1,-1,-1,-1
201560S052772,2,1,0,18,0,0,0,0,0,0,2,1,6,2,58,9,-1,-1,-1,-1,-1,-1
201560S052946,1,9,0,18,0,5,0,0,0,0,4,1,6,1,33,6,-1,-1,-1,-1,-1,-1
201560S053305,1,9,0,18,0,1,0,0,0,0,1,1,2,2,30,6,-1,-1,-1,-1,-1,-1
201560S053305,2,9,0,4,0,1,0,0,0,0,2,1,2,2,42,7,-1,-1,-1,-1,-1,-1
201560S053596,1,11,0,4,0,0,0,0,0,0,4,1,1,2,26,6,-1,-1,-1,-1,-1,-1
201560S053645,1,9,0,16,0,1,0,0,0,0,1,1,6,1,35,6,-1,-1,-1,-1,-1,-1
201560S053645,2,9,0,10,0,1,0,0,0,0,2,1,6,1,39,7,-1,-1,-1,-1,-1,-1
201560S054025,1,9,0,18,0,1,0,0,0,0,1,1,1,1,23,5,-1,-1,-1,-1,-1,-1
201560S054025,2,9,0,10,0,1,0,0,0,0,2,1,6,2,35,6,-1,-1,-1,-1,-1,-1
201560S054749,1,9,0,18,0,8,0,0,0,0,1,1,6,1,39,7,-1,-1,-1,-1,-1,-1
201560S054898,1,9,0,9,0,6,0,0,0,0,3,1,6,2,21,5,-1,-1,-1,-1,-1,-1
201560S054898,2,9,0,18,0,1,0,0,0,0,1,1,6,1,31,6,-1,-1,-1,-1,-1,-1
201560S054936,1,9,0,18,0,0,1,0,0,0,1,1,6,1,23,5,-1,-1,-1,-1,-1,-1
201560S054936,2,9,0,4,0,0,0,0,0,0,2,1,6,1,21,5,-1,-1,-1,-1,-1,-1
201560S054941,1,5,0,17,0,0,5,0,1,0,3,1,6,1,60,9,-1,-1,-1,-1,-1,-1
201560S055671,1,9,0,18,0,0,0,0,0,0,4,1,6,3,-1,-1,-1,-1,-1,-1,-1,-1
201560S055671,2,1,0,18,0,0,0,0,0,0,3,1,6,2,30,6,-1,-1,-1,-1,-1,-1
201560S055806,1,11,0,4,0,1,0,0,0,0,4,1,1,3,-1,-1,-1,-1,-1,-1,-1,-1
201560S055869,1,9,0,1,0,1,0,0,0,0,2,1,1,1,52,8,-1,-1,-1,-1,-1,-1
201560S056006,1,1,0,3,0,1,0,0,0,0,3,1,6,1,50,8,-1,-1,-1,-1,-1,-1
201560S056006,2,9,0,18,0,1,0,0,0,0,1,1,6,2,23,5,-1,-1,-1,-1,-1,-1
201560S056054,1,9,0,18,0,0,0,0,7,0,1,1,6,1,83,11,-1,-1,-1,-1,-1,-1
201560S056054,2,9,0,2,0,0,0,0,0,0,1,1,6,3,-1,-1,-1,-1,-1,-1,-1,-1
201560S056054,3,9,0,2,0,0,0,0,0,0,1,1,6,3,-1,-1,-1,-1,-1,-1,-1,-1
201560S056054,4,9,0,2,0,0,0,0,0,0,1,1,6,3,-1,-1,-1,-1,-1,-1,-1,-1
201560S056054,5,9,0,2,0,0,0,0,0,0,1,1,6,3,-1,-1,-1,-1,-1,-1,-1,-1
201560S056131,1,9,0,9,0,1,0,0,0,0,1,1,6,3,-1,-1,-1,-1,-1,-1,-1,-1
201560S056131,2,1,0,9,0,1,0,0,0,0,2,1,6,1,40,7,-1,-1,-1,-1,-1,-1
201560S056180,1,9,0,18,0,1,0,0,0,0,1,1,6,1,22,5,-1,-1,-1,-1,-1,-1
201560S056180,2,1,0,9,0,6,0,0,0,0,1,1,6,1,11,3,-1,-1,-1,-1,-1,-1
201560S056473,1,9,0,18,0,1,0,0,0,0,1,1,6,1,79,11,-1,-1,-1,-1,-1,-1
201560S056473,2,9,0,4,0,1,0,0,0,0,2,1,6,2,70,10,-1,-1,-1,-1,-1,-1
201560S056485,1,9,0,7,0,1,0,0,0,0,1,1,1,1,35,6,-1,-1,-1,-1,-1,-1
201560S056485,2,1,0,18,0,2,0,0,0,0,2,1,6,1,60,9,-1,-1,-1,-1,-1,-1
201560S056493,1,9,0,18,0,1,0,0,0,0,1,1,6,2,75,10,-1,-1,-1,-1,-1,-1
201560S056493,2,9,0,2,0,1,0,0,0,0,2,1,6,2,41,7,-1,-1,-1,-1,-1,-1
201560S056493,3,9,0,2,0,1,0,0,0,0,4,1,6,2,37,7,-1,-1,-1,-1,-1,-1
201560S056532,1,9,0,7,0,2,0,0,0,0,1,1,6,3,-1,-1,-1,-1,-1,-1,-1,-1
201560S056532,2,9,0,2,0,2,0,0,0,0,2,1,6,2,43,7,-1,-1,-1,-1,-1,-1
201560S056546,1,9,0,18,0,0,0,0,0,0,1,1,2,1,31,6,-1,-1,-1,-1,-1,-1
201560S056546,2,9,0,18,0,0,0,0,0,0,2,1,2,1,19,4,-1,-1,-1,-1,-1,-1
201560S056546,3,9,0,18,0,0,0,0,0,0,2,1,2,2,31,6,-1,-1,-1,-1,-1,-1
201560S056755,1,5,0,13,0,0,0,0,0,0,1,1,6,1,46,8,-1,-1,-1,-1,-1,-1
201560S056755,2,5,0,18,0,0,0,0,0,0,2,1,6,1,39,7,-1,-1,-1,-1,-1,-1
201560S056864,1,9,0,4,0,0,0,0,0,0,1,1,2,2,42,7,-1,-1,-1,-1,-1,-1
201560S056864,2,9,0,3,0,0,0,0,0,0,2,1,1,2,44,7,-1,-1,-1,-1,-1,-1
201560S056987,1,9,0,18,0,1,0,0,0,0,1,1,6,3,-1,-1,-1,-1,-1,-1,-1,-1
201560S056987,2,1,0,18,0,1,0,0,0,0,2,1,6,1,14,3,-1,-1,-1,-1,-1,-1
201560S057157,1,9,0,9,0,8,0,0,0,0,3,1,6,2,31,6,-1,-1,-1,-1,-1,-1
201560S057157,2,9,0,18,0,8,0,0,0,0,4,1,6,1,22,5,-1,-1,-1,-1,-1,-1
201560S057214,1,9,0,18,0,1,0,0,0,0,2,1,6,3,-1,-1,-1,-1,-1,-1,-1,-1
201560S057508,1,9,0,18,0,0,0,0,1,4,1,1,6,1,53,8,-1,-1,-1,-1,-1,-1
201560S057517,1,9,0,9,0,5,0,0,0,0,1,1,6,1,60,9,-1,-1,-1,-1,-1,-1
201560S057517,2,21,0,18,0,1,0,0,0,0,1,1,1,1,20,4,-1,-1,-1,-1,-1,-1
201560S057517,3,9,0,3,0,1,0,0,0,0,3,1,6,1,25,5,-1,-1,-1,-1,-1,-1
201560S057575,1,9,0,4,0,1,0,0,0,0,1,1,6,1,52,8,-1,-1,-1,-1,-1,-1
201560S057575,2,9,0,3,0,1,0,0,0,0,2,1,6,2,32,6,-1,-1,-1,-1,-1,-1
201560S057584,1,9,0,18,0,2,0,0,0,0,4,1,1,1,25,5,-1,-1,-1,-1,-1,-1
201560S057584,2,11,0,18,0,1,0,0,1,0,3,1,1,1,39,7,-1,-1,-1,-1,-1,-1
201560S057584,3,19,0,18,0,1,0,0,0,0,0,1,1,1,28,6,-1,-1,-1,-1,-1,-1
201560S057584,4,9,0,18,0,1,0,0,0,0,0,1,1,1,33,6,-1,-1,-1,-1,-1,-1
201560S057584,5,9,0,18,0,1,0,0,0,0,0,1,1,1,27,6,-1,-1,-1,-1,-1,-1
201560S057584,6,9,0,18,0,1,0,0,0,0,0,1,6,3,-1,-1,-1,-1,-1,-1,-1,-1
201560S057641,1,9,0,18,0,0,0,0,0,0,3,1,6,2,69,10,-1,-1,-1,-1,-1,-1
201560S057641,2,9,0,2,0,0,0,0,0,0,2,1,6,1,48,8,-1,-1,-1,-1,-1,-1
201560S057648,1,5,0,16,0,0,1,0,1,11,1,1,6,1,65,9,-1,-1,-1,-1,-1,-1
201560S057650,1,9,0,18,0,1,0,0,0,0,1,1,6,2,32,6,-1,-1,-1,-1,-1,-1
201560S057650,2,9,0,8,0,1,0,0,0,0,2,1,6,1,62,9,-1,-1,-1,-1,-1,-1
201560S057674,1,9,0,18,0,1,0,0,0,0,1,1,6,1,24,5,-1,-1,-1,-1,-1,-1
201560S058075,1,9,0,9,0,1,0,0,0,0,4,1,6,1,42,7,-1,-1,-1,-1,-1,-1
201560S058075,2,4,0,18,0,1,0,0,0,0,1,1,6,1,23,5,-1,-1,-1,-1,-1,-1
201560S058705,1,9,0,5,0,0,0,0,0,0,1,1,6,1,22,5,-1,-1,-1,-1,-1,-1
201560S058705,2,9,0,5,0,0,0,0,0,0,2,1,6,1,75,10,-1,-1,-1,-1,-1,-1
201560S058736,1,9,0,9,0,6,0,0,0,0,1,1,6,2,48,8,-1,-1,-1,-1,-1,-1
201560S058736,2,9,0,18,0,1,0,0,0,0,1,1,6,1,30,6,-1,-1,-1,-1,-1,-1
201560S058834,1,9,0,5,0,7,0,0,0,0,1,1,6,2,22,5,-1,-1,-1,-1,-1,-1
201560S058834,2,1,0,18,0,8,0,0,0,0,1,1,6,1,32,6,-1,-1,-1,-1,-1,-1
201560S058839,1,9,0,9,0,6,0,0,0,0,1,1,6,1,30,6,-1,-1,-1,-1,-1,-1
201560S058839,2,9,0,18,0,1,0,0,0,0,1,1,6,2,55,8,-1,-1,-1,-1,-1,-1
201560S058841,1,9,0,18,0,1,0,0,0,0,1,1,6,1,33,6,-1,-1,-1,-1,-1,-1
201560S058841,2,9,0,10,0,1,0,0,0,0,2,1,6,1,74,10,-1,-1,-1,-1,-1,-1
201560S059007,1,9,0,9,0,1,0,0,0,0,1,1,6,1,18,4,-1,-1,-1,-1,-1,-1
201560S059007,2,9,0,18,0,1,0,0,0,0,1,1,1,1,50,8,-1,-1,-1,-1,-1,-1
201560S059270,1,9,0,9,0,6,0,0,0,0,1,1,6,2,39,7,-1,-1,-1,-1,-1,-1
201560S059307,1,9,0,9,0,1,0,0,0,0,1,1,6,2,32,6,-1,-1,-1,-1,-1,-1
201560S059307,2,3,0,18,0,1,0,0,0,0,1,1,6,1,44,7,-1,-1,-1,-1,-1,-1
201560S059307,3,8,0,2,9,1,0,0,0,0,0,1,6,3,-1,-1,-1,-1,-1,-1,-1,-1
201560S059307,4,9,0,2,9,1,0,0,0,0,2,1,6,3,-1,-1,-1,-1,-1,-1,-1,-1
201560S059505,1,9,0,18,0,0,1,0,0,0,1,1,6,2,26,6,-1,-1,-1,-1,-1,-1
201560S059505,2,9,0,4,0,0,0,0,0,0,2,1,6,2,27,6,-1,-1,-1,-1,-1,-1
201560S059512,1,9,0,4,0,1,0,0,0,0,1,1,6,1,41,7,-1,-1,-1,-1,-1,-1
201560S059512,2,3,0,4,0,1,0,0,0,0,2,1,6,1,46,8,-1,-1,-1,-1,-1,-1
201560S059649,1,9,0,16,0,0,0,0,0,0,1,1,1,2,21,5,-1,-1,-1,-1,-1,-1
201560S059649,2,9,0,4,0,0,0,0,0,0,2,1,6,1,60,9,-1,-1,-1,-1,-1,-1
201560S059655,1,9,0,18,0,0,0,0,0,0,1,1,6,1,18,4,-1,-1,-1,-1,-1,-1
201560S059655,2,9,0,4,0,0,0,0,0,0,1,1,6,2,33,6,-1,-1,-1,-1,-1,-1
201560S059767,1,9,0,18,0,1,0,0,0,0,1,1,6,2,62,9,-1,-1,-1,-1,-1,-1
201560S059767,2,9,0,3,0,1,0,0,0,0,2,1,6,2,43,7,-1,-1,-1,-1,-1,-1
201560S059804,1,9,0,18,0,0,1,0,1,11,4,1,6,1,17,4,-1,-1,-1,-1,-1,-1
201560S060072,1,9,0,14,0,0,0,0,0,0,4,1,6,1,61,9,-1,-1,-1,-1,-1,-1
201560S060072,2,9,0,2,0,0,0,0,0,0,4,1,6,2,25,5,-1,-1,-1,-1,-1,-1
201560S060116,1,9,0,2,0,0,0,0,0,0,3,1,6,1,80,11,-1,-1,-1,-1,-1,-1
201560S060116,2,1,0,18,0,0,0,0,0,0,1,1,6,1,33,6,-1,-1,-1,-1,-1,-1
201560S060122,1,9,0,18,0,0,0,0,0,0,1,1,6,1,40,7,-1,-1,-1,-1,-1,-1
201560S060122,2,9,0,18,0,0,0,0,0,0,2,1,6,2,56,9,-1,-1,-1,-1,-1,-1
201560S060317,1,9,0,18,0,0,0,0,0,0,1,1,6,1,35,6,-1,-1,-1,-1,-1,-1
201560S060317,2,17,4,18,0,0,0,0,0,0,2,1,1,1,27,6,-1,-1,-1,-1,-1,-1
201560S060432,1,9,0,17,0,0,2,0,0,0,1,1,6,2,17,4,-1,-1,-1,-1,-1,-1
201560S060544,1,11,0,5,0,0,0,0,0,0,1,1,1,1,52,8,-1,-1,-1,-1,-1,-1
201560S060544,2,1,0,18,0,0,0,0,0,0,1,1,6,1,22,5,-1,-1,-1,-1,-1,-1
201560S060553,1,9,0,18,0,0,2,4,0,0,1,1,6,1,42,7,-1,-1,-1,-1,-1,-1
201560S060553,2,9,0,2,0,0,0,0,0,0,1,1,1,1,58,9,-1,-1,-1,-1,-1,-1
201560S060617,1,9,0,18,0,1,0,0,0,0,1,1,6,1,76,11,-1,-1,-1,-1,-1,-1
201560S060617,2,11,0,2,0,2,0,0,0,0,2,1,1,1,37,7,-1,-1,-1,-1,-1,-1
201560S060704,1,9,0,18,0,0,0,0,0,0,4,1,6,2,45,7,-1,-1,-1,-1,-1,-1
201560S060871,1,9,0,18,0,0,2,0,1,2,1,1,6,2,43,7,-1,-1,-1,-1,-1,-1
201560S061053,1,9,0,18,0,1,0,0,0,0,1,1,6,2,85,11,-1,-1,-1,-1,-1,-1
201560S061053,2,9,0,9,0,6,0,0,0,0,3,1,6,2,61,9,-1,-1,-1,-1,-1,-1
201560S061658,1,5,0,16,0,0,1,0,7,11,1,1,6,1,24,5,-1,-1,-1,-1,-1,-1
201560S061678,1,19,0,1,0,1,0,0,0,0,2,1,6,3,-1,-1,-1,-1,-1,-1,-1,-1
201560S062287,1,5,0,18,0,0,1,0,0,0,4,1,6,1,32,6,-1,-1,-1,-1,-1,-1
201560S062294,1,9,0,13,0,0,5,10,2,7,4,1,6,1,53,8,-1,-1,-1,-1,-1,-1
201560S062294,2,9,0,18,0,0,0,0,0,0,3,1,6,1,27,6,-1,-1,-1,-1,-1,-1
201560S062307,1,9,0,18,0,0,0,0,7,11,1,1,6,2,75,10,-1,-1,-1,-1,-1,-1
201560S062307,2,9,0,2,0,0,0,0,0,0,1,1,6,3,-1,-1,-1,-1,-1,-1,-1,-1
201560S062326,1,9,0,18,0,0,1,0,1,7,4,1,6,1,34,6,-1,-1,-1,-1,-1,-1
201560S062358,1,9,0,17,0,0,1,10,0,0,1,1,6,1,17,4,-1,-1,-1,-1,-1,-1
201560S062358,2,9,0,16,0,0,0,0,0,0,2,1,6,1,57,9,-1,-1,-1,-1,-1,-1
201560S062363,1,9,0,17,0,0,1,0,1,11,1,1,6,1,21,5,-1,-1,-1,-1,-1,-1
201560S062378,1,4,0,16,0,2,1,0,0,0,1,1,6,1,20,4,-1,-1,-1,-1,-1,-1
201560S062378,2,9,0,17,0,1,0,0,0,0,3,1,6,2,53,8,-1,-1,-1,-1,-1,-1
201560S062420,1,9,0,18,0,0,0,0,0,0,4,1,1,1,51,8,-1,-1,-1,-1,-1,-1
201560S062433,1,9,0,16,0,0,1,0,2,11,0,1,6,1,29,6,-1,-1,-1,-1,-1,-1
201560S062453,1,9,0,18,0,0,5,0,1,11,4,1,2,1,29,6,-1,-1,-1,-1,-1,-1
201560S063021,1,9,0,18,0,0,0,0,0,0,4,1,6,1,33,6,-1,-1,-1,-1,-1,-1
201560S063021,2,1,0,18,0,0,0,0,0,0,1,1,6,1,10,2,-1,-1,-1,-1,-1,-1
201560S063338,1,9,0,6,0,0,0,0,0,0,3,1,6,1,70,10,-1,-1,-1,-1,-1,-1
201560S063338,2,5,0,18,0,0,1,0,0,0,1,1,6,1,48,8,-1,-1,-1,-1,-1,-1
201560S063345,1,4,0,13,0,0,0,0,0,0,0,1,6,3,-1,-1,-1,-1,-1,-1,-1,-1
201560S063345,2,1,0,16,0,0,1,0,0,0,0,1,6,2,47,8,-1,-1,-1,-1,-1,-1
201560S063557,1,9,0,9,0,6,0,0,0,0,1,1,6,3,-1,-1,-1,-1,-1,-1,-1,-1
201560S063557,2,9,0,18,0,1,0,0,0,0,1,1,6,2,44,7,-1,-1,-1,-1,-1,-1
201560S063750,1,9,0,6,0,0,0,0,0,0,4,1,6,1,67,10,-1,-1,-1,-1,-1,-1
201560S063759,1,9,0,5,0,6,0,0,0,0,1,1,6,3,-1,-1,-1,-1,-1,-1,-1,-1
201560S063842,1,5,0,17,0,0,1,10,1,0,1,1,1,2,29,6,-1,-1,-1,-1,-1,-1
201560S063894,1,9,0,1,0,0,0,0,0,0,2,1,6,1,77,11,-1,-1,-1,-1,-1,-1
201560S063894,2,9,0,2,0,0,0,0,0,0,2,1,6,2,56,9,-1,-1,-1,-1,-1,-1
201560S063950,1,9,0,18,0,1,0,0,0,0,1,1,6,1,69,10,-1,-1,-1,-1,-1,-1
201560S063950,2,9,0,9,0,1,0,0,0,0,3,1,6,2,49,8,-1,-1,-1,-1,-1,-1
201560S064024,1,9,0,1,0,0,0,0,1,9,1,1,6,1,46,8,-1,-1,-1,-1,-1,-1
201560S064024,2,9,0,3,0,0,0,0,0,0,2,1,6,2,19,4,-1,-1,-1,-1,-1,-1
201560S064024,3,9,0,3,0,0,0,0,0,0,2,1,6,1,65,9,-1,-1,-1,-1,-1,-1
201560S064047,1,9,0,9,0,6,0,0,0,0,1,1,6,2,58,9,-1,-1,-1,-1,-1,-1
201560S064047,2,3,0,17,0,1,0,0,0,0,1,1,6,1,56,9,-1,-1,-1,-1,-1,-1
201560S064189,1,9,0,7,0,5,1,10,3,9,1,1,6,1,17,4,-1,-1,-1,-1,-1,-1
201560S064292,1,9,0,18,0,1,0,0,0,0,1,1,6,1,54,8,-1,-1,-1,-1,-1,-1
201560S064292,2,9,0,3,0,1,0,0,0,0,2,1,6,2,33,6,-1,-1,-1,-1,-1,-1
201560S064400,1,9,0,17,0,0,5,0,2,11,1,1,6,1,23,5,-1,-1,-1,-1,-1,-1
201560S064449,1,9,0,16,0,0,1,0,7,11,1,1,6,1,18,4,-1,-1,-1,-1,-1,-1
201560S064623,1,9,0,5,0,4,0,0,0,0,1,1,6,1,48,8,-1,-1,-1,-1,-1,-1
201560S064623,2,1,0,18,0,8,0,0,0,0,1,1,6,1,46,8,-1,-1,-1,-1,-1,-1
201560S064922,1,9,0,11,0,1,0,0,0,0,1,1,6,2,65,9,-1,-1,-1,-1,-1,-1
201560S064922,2,9,0,5,0,1,0,0,0,0,2,1,6,1,53,8,-1,-1,-1,-1,-1,-1
201560S064969,1,9,0,18,0,0,0,0,1,6,1,1,6,1,73,10,-1,-1,-1,-1,-1,-1
201560S065076,1,9,0,9,0,5,0,0,0,0,1,1,6,3,-1,-1,-1,-1,-1,-1,-1,-1
201560S065283,1,1,0,18,0,1,0,0,0,0,1,1,6,1,12,3,-1,-1,-1,-1,-1,-1
201560S065283,2,9,0,18,0,1,0,0,0,0,4,1,6,2,49,8,-1,-1,-1,-1,-1,-1
201560S065414,1,9,0,18,0,0,0,0,0,0,1,1,6,2,61,9,-1,-1,-1,-1,-1,-1
201560S065414,2,1,0,18,0,0,0,0,0,0,2,1,6,1,43,7,-1,-1,-1,-1,-1,-1
201560S065541,1,9,0,5,0,6,0,0,0,0,3,1,6,2,18,4,-1,-1,-1,-1,-1,-1
201560S065541,2,9,0,18,0,1,0,0,0,0,1,1,6,2,26,6,-1,-1,-1,-1,-1,-1
201560S065829,1,9,0,18,0,4,0,0,0,0,1,1,2,2,60,9,-1,-1,-1,-1,-1,-1
201560S065829,2,9,0,9,0,8,0,0,0,0,1,1,6,2,55,8,-1,-1,-1,-1,-1,-1
201560S065934,1,9,0,18,0,0,0,0,0,0,0,1,6,3,-1,-1,-1,-1,-1,-1,-1,-1
201560S065934,2,9,0,18,0,0,1,0,1,4,4,1,6,2,40,7,-1,-1,-1,-1,-1,-1
201560S065960,1,9,0,18,0,0,0,0,0,0,4,1,6,1,41,7,-1,-1,-1,-1,-1,-1
201560S066028,1,9,0,17,0,0,0,0,0,0,0,1,6,3,-1,-1,-1,-1,-1,-1,-1,-1
201560S066229,1,9,0,16,0,0,5,0,7,11,1,1,6,2,44,7,-1,-1,-1,-1,-1,-1
201560S066422,1,9,0,11,0,5,1,0,7,2,3,1,6,1,23,5,-1,-1,-1,-1,-1,-1
201560S066599,1,9,0,17,0,0,0,0,0,0,3,1,6,1,56,9,-1,-1,-1,-1,-1,-1
201560S066599,2,1,0,16,0,0,0,0,7,9,3,1,6,1,29,6,-1,-1,-1,-1,-1,-1
201560S066606,1,5,0,17,0,0,5,0,1,4,1,1,6,1,54,8,-1,-1,-1,-1,-1,-1