Accident_Index,Vehicle_Reference,Vehicle_Type,Towing_and_Articulation,Vehicle_Manoeuvre,Vehicle_Location-Restricted_Lane,Junction_Location,Skidding_and_Overturning,Hit_Object_in_Carriageway,Vehicle_Leaving_Carriageway,Hit_Object_off_Carriageway,1st_Point_of_Impact,Was_Vehicle_Left_Hand_Drive?,Journey_Purpose_of_Driver,Sex_of_Driver,Age_of_Driver,Age_Band_of_Driver,Engine_Capacity_(CC),Propulsion_Code,Age_of_Vehicle,Driver_IMD_Decile,Driver_Home_Area_Type,Vehicle_IMD_Decile
201560S066606,2,5,0,17,0,0,0,0,0,0,0,1,6,1,30,6,-1,-1,-1,-1,-1,-1
201560S066806,1,9,0,18,0,8,1,0,0,0,1,1,6,1,25,5,-1,-1,-1,-1,-1,-1
201560S066806,2,9,0,9,0,8,1,0,0,0,1,1,1,2,58,9,-1,-1,-1,-1,-1,-1
201560S066883,1,4,0,18,0,0,0,0,0,0,4,1,6,1,27,6,-1,-1,-1,-1,-1,-1
201560S066918,1,9,0,9,0,6,0,0,0,0,1,1,6,2,22,5,-1,-1,-1,-1,-1,-1
201560S066918,2,9,0,18,0,1,0,0,0,0,1,1,6,1,46,8,-1,-1,-1,-1,-1,-1
201560S066918,3,20,0,2,0,1,0,0,0,0,3,1,1,1,61,9,-1,-1,-1,-1,-1,-1
201560S067075,1,9,0,18,0,0,0,0,0,0,1,1,6,2,24,5,-1,-1,-1,-1,-1,-1
201560S067075,2,9,0,3,0,0,0,0,0,0,2,1,6,2,40,7,-1,-1,-1,-1,-1,-1
201560S067125,1,9,0,18,0,1,0,0,0,0,1,1,6,2,25,5,-1,-1,-1,-1,-1,-1
201560S067125,2,9,0,18,0,1,0,0,1,0,2,1,6,2,66,10,-1,-1,-1,-1,-1,-1
201560S067242,1,9,0,16,0,8,0,0,0,0,4,1,6,2,41,7,-1,-1,-1,-1,-1,-1
201560S067515,1,9,0,18,0,0,0,0,0,0,1,1,1,1,30,6,-1,-1,-1,-1,-1,-1
201560S067515,2,9,0,3,0,0,0,0,0,0,2,1,6,2,40,7,-1,-1,-1,-1,-1,-1
201560S067515,3,9,0,18,0,0,0,0,0,0,1,1,6,1,25,5,-1,-1,-1,-1,-1,-1
201560S067555,1,19,0,18,0,1,0,0,0,0,1,1,2,1,28,6,-1,-1,-1,-1,-1,-1
201560S067555,2,19,0,3,0,1,0,0,0,0,2,1,2,1,29,6,-1,-1,-1,-1,-1,-1
201560S067948,1,9,0,13,0,0,0,0,0,0,2,1,6,3,-1,-1,-1,-1,-1,-1,-1,-1
201560S067948,2,1,0,18,0,0,0,0,0,0,1,1,6,1,28,6,-1,-1,-1,-1,-1,-1
201560S067948,3,9,0,18,0,0,0,0,0,0,0,1,6,3,-1,-1,-1,-1,-1,-1,-1,-1
201560S068000,1,9,0,5,0,1,0,0,0,0,1,1,6,3,-1,-1,-1,-1,-1,-1,-1,-1
201560S068257,1,9,0,18,0,1,1,0,1,11,1,1,6,1,22,5,-1,-1,-1,-1,-1,-1
201560S068257,2,9,0,3,0,2,0,0,0,0,1,1,6,1,39,7,-1,-1,-1,-1,-1,-1
201560S068520,1,9,0,18,0,0,0,10,7,11,1,2,6,1,31,6,-1,-1,-1,-1,-1,-1
201560S068520,2,5,0,18,0,0,0,0,0,0,1,1,6,1,49,8,-1,-1,-1,-1,-1,-1
201560S068731,1,9,0,18,0,4,0,0,0,0,1,1,6,1,26,6,-1,-1,-1,-1,-1,-1
201560S068731,2,9,0,18,0,3,0,0,0,0,1,1,6,2,17,4,-1,-1,-1,-1,-1,-1
201560S069053,1,9,0,9,0,6,0,0,0,0,3,1,6,2,66,10,-1,-1,-1,-1,-1,-1
201560S069053,2,9,0,18,0,1,0,0,1,10,4,1,6,1,17,4,-1,-1,-1,-1,-1,-1
201560S069066,1,9,0,2,0,2,0,0,0,0,3,1,6,2,36,7,-1,-1,-1,-1,-1,-1
201560S069066,2,1,0,18,0,2,0,0,0,0,1,1,6,1,24,5,-1,-1,-1,-1,-1,-1
201560S069073,1,90,0,18,0,1,2,4,0,0,1,1,6,1,52,8,-1,-1,-1,-1,-1,-1
201560S069073,2,9,0,2,0,2,0,0,0,0,1,1,6,3,-1,-1,-1,-1,-1,-1,-1,-1
201560S069073,3,9,0,2,0,2,0,0,0,0,1,1,6,3,-1,-1,-1,-1,-1,-1,-1,-1
201560S069236,1,9,0,18,0,1,0,0,0,0,1,1,6,2,53,8,-1,-1,-1,-1,-1,-1
201560S069236,2,9,0,4,0,1,0,0,0,0,2,1,6,2,27,6,-1,-1,-1,-1,-1,-1
201560S069255,1,9,0,9,0,1,0,0,0,0,1,1,1,3,-1,-1,-1,-1,-1,-1,-1,-1
201560S069476,1,9,0,18,0,0,0,12,0,0,1,1,6,1,64,9,-1,-1,-1,-1,-1,-1
201560S069611,1,9,0,16,0,0,1,0,2,3,1,1,6,1,35,6,-1,-1,-1,-1,-1,-1
201560S069944,1,9,0,17,0,0,0,0,0,0,4,1,6,2,-1,-1,-1,-1,-1,-1,-1,-1
201560S070293,1,1,0,9,0,1,0,0,0,0,1,1,6,1,19,4,-1,-1,-1,-1,-1,-1
201560S070293,2,20,0,15,0,1,0,0,0,0,1,1,1,1,48,8,-1,-1,-1,-1,-1,-1
201560S070469,1,4,0,17,0,0,1,0,0,0,4,1,6,1,20,4,-1,-1,-1,-1,-1,-1
201560S070513,1,9,0,16,0,0,0,0,0,10,1,1,6,2,81,11,-1,-1,-1,-1,-1,-1
201560S070754,1,9,0,17,0,0,2,0,2,10,1,1,6,1,18,4,-1,-1,-1,-1,-1,-1
201560S070762,1,9,0,16,0,0,5,0,7,11,1,1,6,1,27,6,-1,-1,-1,-1,-1,-1
201560S071220,1,3,0,7,0,6,1,0,0,0,1,1,2,1,23,5,-1,-1,-1,-1,-1,-1
201560S071220,2,9,0,18,0,1,0,0,0,0,1,1,2,1,46,8,-1,-1,-1,-1,-1,-1
201560S071415,1,9,0,1,0,6,0,0,0,0,2,1,6,3,-1,-1,-1,-1,-1,-1,-1,-1
201560S071512,1,1,0,18,0,1,0,0,0,0,1,1,6,1,15,3,-1,-1,-1,-1,-1,-1
201560S071512,2,9,0,5,0,1,0,0,0,0,2,1,6,2,24,5,-1,-1,-1,-1,-1,-1
201560S071546,1,9,0,18,9,2,0,0,0,0,4,1,6,3,-1,-1,-1,-1,-1,-1,-1,-1
201560S071860,1,9,0,16,0,0,0,0,0,0,3,1,6,2,43,7,-1,-1,-1,-1,-1,-1
201560S071860,2,9,0,17,0,0,0,0,0,0,3,1,6,1,20,4,-1,-1,-1,-1,-1,-1
201560S071867,1,19,0,14,0,1,0,0,0,0,3,1,6,3,-1,-1,-1,-1,-1,-1,-1,-1
201560S071867,2,9,0,18,0,1,0,0,0,0,3,1,6,2,33,6,-1,-1,-1,-1,-1,-1
201560S071889,1,9,4,9,0,8,0,0,0,0,2,1,6,3,-1,-1,-1,-1,-1,-1,-1,-1
201560S071889,2,3,0,18,0,8,0,0,0,0,1,1,6,1,35,6,-1,-1,-1,-1,-1,-1
201560S071926,1,9,0,18,0,1,0,0,0,0,1,1,6,1,61,9,-1,-1,-1,-1,-1,-1
201560S071926,2,9,0,3,0,1,0,0,0,0,2,1,6,1,51,8,-1,-1,-1,-1,-1,-1
201560S071939,1,9,0,14,0,0,0,0,0,0,1,1,6,3,-1,-1,-1,-1,-1,-1,-1,-1
201560S071939,2,1,0,18,0,0,0,0,0,0,1,1,6,1,49,8,-1,-1,-1,-1,-1,-1
201560S072013,1,9,0,18,0,1,0,0,0,0,0,1,6,3,-1,-1,-1,-1,-1,-1,-1,-1
201560S072013,2,1,0,18,0,1,0,0,0,0,0,1,6,1,18,4,-1,-1,-1,-1,-1,-1
201560S072259,1,9,0,5,0,6,0,0,0,0,1,1,2,1,20,4,-1,-1,-1,-1,-1,-1
201560S072259,2,9,0,18,0,1,0,0,0,0,1,1,2,2,42,7,-1,-1,-1,-1,-1,-1
201560S072406,1,9,0,7,0,1,0,0,0,0,1,1,6,1,65,9,-1,-1,-1,-1,-1,-1
201560S072406,2,9,0,18,0,1,0,0,0,0,1,1,6,1,53,8,-1,-1,-1,-1,-1,-1
201560S072820,1,9,0,18,0,0,0,0,0,0,1,1,6,2,18,4,-1,-1,-1,-1,-1,-1
201560S073012,1,9,0,18,0,1,0,0,0,0,1,1,6,2,22,5,-1,-1,-1,-1,-1,-1
201560S073012,2,9,0,3,0,1,0,0,0,0,2,1,6,1,19,4,-1,-1,-1,-1,-1,-1
201560S073105,1,9,0,18,0,1,0,0,0,0,1,1,6,2,18,4,-1,-1,-1,-1,-1,-1
201560S073105,2,9,0,18,0,1,0,0,0,0,2,1,6,1,35,6,-1,-1,-1,-1,-1,-1
201560S073105,3,9,0,18,0,1,0,0,0,0,2,1,6,1,41,7,-1,-1,-1,-1,-1,-1
201560S073105,4,9,0,4,0,1,0,0,0,0,2,1,6,1,72,10,-1,-1,-1,-1,-1,-1
201560S073151,1,3,0,14,0,1,0,0,0,0,1,1,6,1,20,4,-1,-1,-1,-1,-1,-1
201560S073151,2,9,0,9,0,6,0,0,0,0,3,1,6,2,44,7,-1,-1,-1,-1,-1,-1
201560S074857,1,9,0,18,0,1,0,0,0,0,1,1,6,2,71,10,-1,-1,-1,-1,-1,-1
201560S074857,2,9,0,4,0,1,0,0,0,0,2,1,6,2,54,8,-1,-1,-1,-1,-1,-1
201560S074857,3,9,0,1,0,1,0,10,0,0,2,1,6,1,32,6,-1,-1,-1,-1,-1,-1
201560S074857,4,9,0,18,0,1,0,0,0,0,1,1,6,2,31,6,-1,-1,-1,-1,-1,-1
201560S074863,1,9,0,18,0,0,0,0,0,0,3,1,6,1,57,9,-1,-1,-1,-1,-1,-1
201560S075400,1,9,0,18,0,0,0,0,0,0,1,1,2,1,27,6,-1,-1,-1,-1,-1,-1
201560S075400,2,9,0,3,0,0,0,0,0,0,2,1,2,2,42,7,-1,-1,-1,-1,-1,-1
201560S075441,1,9,0,18,0,0,0,0,0,0,1,1,6,1,22,5,-1,-1,-1,-1,-1,-1
201560S075441,2,9,0,3,0,0,0,0,0,0,2,1,2,1,23,5,-1,-1,-1,-1,-1,-1
201560S075441,3,9,0,3,0,0,0,0,0,0,2,1,6,2,28,6,-1,-1,-1,-1,-1,-1
201560S075534,1,9,0,18,0,0,0,0,0,0,1,1,6,3,-1,-1,-1,-1,-1,-1,-1,-1
201560S075534,2,9,0,2,0,0,0,0,0,0,0,1,6,2,41,7,-1,-1,-1,-1,-1,-1
201560S075539,1,9,0,7,0,6,0,0,1,3,3,1,6,2,21,5,-1,-1,-1,-1,-1,-1
201560S075539,2,19,0,18,0,1,1,0,0,0,1,1,1,1,41,7,-1,-1,-1,-1,-1,-1
201560S075678,1,1,0,18,0,0,0,0,0,0,1,1,6,1,24,5,-1,-1,-1,-1,-1,-1
201560S075678,2,9,0,2,0,0,0,0,0,0,2,1,6,1,27,6,-1,-1,-1,-1,-1,-1
201560S075812,1,9,0,16,0,8,2,0,3,10,3,1,6,1,18,4,-1,-1,-1,-1,-1,-1
201560S076016,1,9,0,9,0,6,0,0,0,0,1,1,6,2,83,11,-1,-1,-1,-1,-1,-1
201560S076016,2,9,0,18,0,8,0,0,0,0,4,1,6,1,71,10,-1,-1,-1,-1,-1,-1
201560S076033,1,19,0,9,0,6,0,0,0,0,3,1,1,1,38,7,-1,-1,-1,-1,-1,-1
201560S076033,2,9,0,18,0,1,0,0,0,0,1,1,2,2,48,8,-1,-1,-1,-1,-1,-1
201560S076045,1,9,0,17,0,0,0,0,1,9,1,1,6,1,81,11,-1,-1,-1,-1,-1,-1
201560S076139,1,5,0,16,0,0,5,0,0,0,0,1,6,1,49,8,-1,-1,-1,-1,-1,-1
201560S076373,1,9,0,17,0,0,2,10,7,11,1,1,1,1,23,5,-1,-1,-1,-1,-1,-1
201560S076373,2,21,0,18,0,0,0,0,0,0,4,1,1,1,60,9,-1,-1,-1,-1,-1,-1
201560S076431,1,9,0,18,0,0,0,0,0,0,0,1,6,2,72,10,-1,-1,-1,-1,-1,-1
201560S076457,1,9,3,18,0,0,0,0,1,11,4,1,6,1,68,10,-1,-1,-1,-1,-1,-1
201560S076527,1,90,0,18,0,1,0,0,0,0,1,1,6,3,-1,-1,-1,-1,-1,-1,-1,-1
201560S076527,2,1,0,18,0,1,0,0,0,0,1,1,6,1,13,3,-1,-1,-1,-1,-1,-1
201560S076531,1,19,0,9,0,6,0,0,0,0,3,1,1,1,29,6,-1,-1,-1,-1,-1,-1
201560S076531,2,9,0,18,0,8,0,0,0,0,1,1,6,2,48,8,-1,-1,-1,-1,-1,-1
201560S076642,1,9,0,18,0,0,1,0,1,0,1,1,2,2,43,7,-1,-1,-1,-1,-1,-1
201560S076642,2,9,0,3,0,0,0,0,0,0,2,1,2,2,22,5,-1,-1,-1,-1,-1,-1
201560S076642,3,9,0,3,0,0,0,0,0,0,2,1,6,1,29,6,-1,-1,-1,-1,-1,-1
201560S076642,4,9,0,3,0,0,0,0,0,0,2,1,6,2,54,8,-1,-1,-1,-1,-1,-1
201560S076899,1,9,0,17,0,8,1,0,1,2,1,1,6,1,27,6,-1,-1,-1,-1,-1,-1
201560S076990,1,9,0,16,0,0,0,0,0,0,1,1,6,2,20,4,-1,-1,-1,-1,-1,-1
201560S076990,2,9,0,17,0,0,0,0,0,0,1,1,6,2,23,5,-1,-1,-1,-1,-1,-1
201560S077063,1,9,0,18,0,0,0,0,0,0,4,1,6,2,58,9,-1,-1,-1,-1,-1,-1
201560S077066,1,9,0,5,0,0,0,0,0,0,1,1,6,1,78,11,-1,-1,-1,-1,-1,-1
201560S077579,1,9,0,18,0,0,0,0,0,0,1,1,6,1,26,6,-1,-1,-1,-1,-1,-1
201560S077579,2,9,0,4,0,0,0,0,0,0,2,1,6,1,38,7,-1,-1,-1,-1,-1,-1
201560S077579,3,9,0,4,0,0,0,0,0,0,2,1,6,2,45,7,-1,-1,-1,-1,-1,-1
201560S077579,4,9,0,4,0,0,0,0,0,0,2,1,6,1,50,8,-1,-1,-1,-1,-1,-1
201560S078108,1,5,0,17,0,0,1,0,1,9,1,1,6,1,33,6,-1,-1,-1,-1,-1,-1
201560S078134,1,9,0,17,0,0,2,0,1,4,1,2,6,1,22,5,-1,-1,-1,-1,-1,-1
201560S078208,1,9,0,18,0,1,0,0,0,0,1,1,6,1,25,5,-1,-1,-1,-1,-1,-1
201560S078208,2,9,0,10,0,1,0,0,0,0,2,1,6,2,44,7,-1,-1,-1,-1,-1,-1
201560S078248,1,9,0,18,0,1,1,0,0,0,1,1,6,2,29,6,-1,-1,-1,-1,-1,-1
201560S078248,2,9,0,10,0,1,0,0,0,0,2,1,6,2,45,7,-1,-1,-1,-1,-1,-1
201560S078248,3,5,0,18,0,1,0,0,0,0,1,1,6,1,64,9,-1,-1,-1,-1,-1,-1
201560S078276,1,9,0,18,0,0,0,0,0,0,3,1,6,2,29,6,-1,-1,-1,-1,-1,-1
201560S078276,2,1,0,18,0,0,0,0,0,0,1,1,6,1,9,2,-1,-1,-1,-1,-1,-1
201560S078704,1,9,0,18,0,0,0,0,0,0,1,1,6,1,26,6,-1,-1,-1,-1,-1,-1
201560S078704,2,9,0,4,0,0,0,0,0,0,2,1,6,1,52,8,-1,-1,-1,-1,-1,-1
201560S078741,1,9,0,16,0,0,1,0,0,0,1,1,6,2,46,8,-1,-1,-1,-1,-1,-1
201560S078741,2,9,0,17,0,0,0,0,0,0,2,1,6,1,40,7,-1,-1,-1,-1,-1,-1
201560S078777,1,9,0,18,0,1,0,0,0,0,1,1,6,3,-1,-1,-1,-1,-1,-1,-1,-1
201560S078777,2,9,0,10,0,1,0,0,0,0,2,1,6,2,21,5,-1,-1,-1,-1,-1,-1
201560S078833,1,9,0,18,0,2,0,0,0,0,1,1,6,1,18,4,-1,-1,-1,-1,-1,-1
201560S078833,2,9,0,16,0,1,0,0,0,0,1,1,6,1,34,6,-1,-1,-1,-1,-1,-1
201560S078887,1,9,0,18,0,2,0,0,0,0,1,1,6,1,60,9,-1,-1,-1,-1,-1,-1
201560S079002,1,9,0,18,0,1,0,0,0,0,4,1,2,1,53,8,-1,-1,-1,-1,-1,-1
201560S079071,1,9,0,18,0,1,0,0,0,0,1,1,2,1,29,6,-1,-1,-1,-1,-1,-1
201560S079071,2,9,0,18,0,1,0,0,0,0,1,1,2,2,43,7,-1,-1,-1,-1,-1,-1
201560S079072,1,9,0,17,0,0,2,0,1,4,1,1,1,1,23,5,-1,-1,-1,-1,-1,-1
201560S079093,1,19,0,9,0,6,0,0,0,0,4,1,1,1,27,6,-1,-1,-1,-1,-1,-1
201560S079093,2,9,0,18,0,1,1,0,0,0,1,1,6,2,60,9,-1,-1,-1,-1,-1,-1
201560S079147,1,9,0,1,0,1,0,0,0,0,2,1,6,1,38,7,-1,-1,-1,-1,-1,-1
201560S079147,2,19,0,2,0,1,0,0,0,0,1,1,6,1,43,7,-1,-1,-1,-1,-1,-1
201560S079279,1,9,0,18,0,0,0,0,0,0,1,1,6,2,37,7,-1,-1,-1,-1,-1,-1
201560S079279,2,9,0,2,0,0,0,0,0,0,2,1,6,2,33,6,-1,-1,-1,-1,-1,-1
201560S079287,1,9,0,18,0,0,0,0,0,0,4,1,6,2,38,7,-1,-1,-1,-1,-1,-1
201560S079345,1,9,0,18,0,0,0,0,0,0,1,1,6,2,33,6,-1,-1,-1,-1,-1,-1
201560S079345,2,9,0,18,0,0,0,0,0,0,1,1,6,1,24,5,-1,-1,-1,-1,-1,-1
201560S079377,1,9,0,9,0,1,0,0,0,0,1,1,6,1,18,4,-1,-1,-1,-1,-1,-1
201560S079377,2,9,0,18,0,8,0,0,0,0,1,1,6,2,43,7,-1,-1,-1,-1,-1,-1
201560S079521,1,9,0,17,0,0,1,0,1,11,4,1,6,1,17,4,-1,-1,-1,-1,-1,-1
201560S079550,1,9,0,17,0,0,1,0,2,11,4,1,2,1,18,4,-1,-1,-1,-1,-1,-1
201560S079643,1,9,0,18,0,1,0,0,0,0,1,1,2,1,22,5,-1,-1,-1,-1,-1,-1
201560S079643,2,9,0,3,0,1,0,0,0,0,2,1,2,2,28,6,-1,-1,-1,-1,-1,-1
201560S079655,1,19,0,15,0,0,0,0,0,0,0,1,6,3,-1,-1,-1,-1,-1,-1,-1,-1
201560S079655,2,9,0,16,0,0,0,0,1,7,4,1,6,2,63,9,-1,-1,-1,-1,-1,-1
201560S079832,1,97,0,18,0,0,2,0,0,0,4,1,6,1,64,9,-1,-1,-1,-1,-1,-1
201560S079878,1,9,0,7,0,3,0,0,0,0,2,1,6,3,-1,-1,-1,-1,-1,-1,-1,-1
201560S079878,2,1,0,18,0,8,0,0,0,0,1,1,6,1,69,10,-1,-1,-1,-1,-1,-1
201560S079943,1,9,0,9,0,6,0,0,0,0,3,1,6,1,38,7,-1,-1,-1,-1,-1,-1
201560S079943,2,9,0,18,0,1,0,0,0,0,1,1,6,2,45,7,-1,-1,-1,-1,-1,-1
201560S079973,1,9,0,9,0,1,5,0,0,0,4,1,2,2,47,8,-1,-1,-1,-1,-1,-1
201560S079973,2,5,0,18,0,1,1,0,0,0,1,1,6,1,55,8,-1,-1,-1,-1,-1,-1
201560S080179,1,9,0,18,0,0,1,0,0,0,4,1,6,1,30,6,-1,-1,-1,-1,-1,-1
201560S080179,2,9,0,18,0,0,1,0,0,0,1,1,6,1,49,8,-1,-1,-1,-1,-1,-1
201560S080179,3,9,0,18,0,0,1,0,0,0,3,1,6,1,48,8,-1,-1,-1,-1,-1,-1
201560S080379,1,9,0,18,0,1,0,0,0,0,3,1,6,1,61,9,-1,-1,-1,-1,-1,-1
201560S080379,2,1,0,18,0,1,0,0,0,0,1,1,6,1,11,3,-1,-1,-1,-1,-1,-1
201560S080435,1,1,0,18,0,1,0,0,1,0,1,1,6,1,45,7,-1,-1,-1,-1,-1,-1
201560S080435,2,9,0,3,0,2,0,0,0,0,1,1,6,1,64,9,-1,-1,-1,-1,-1,-1
201560S080474,1,9,0,9,0,6,0,0,0,0,1,1,6,1,45,7,-1,-1,-1,-1,-1,-1
201560S080474,2,4,0,18,0,1,0,0,0,0,1,1,6,1,42,7,-1,-1,-1,-1,-1,-1
201560S080487,1,3,0,18,0,0,0,0,0,0,1,1,2,1,24,5,-1,-1,-1,-1,-1,-1
201560S080764,1,9,0,5,0,2,0,0,0,0,1,1,6,1,38,7,-1,-1,-1,-1,-1,-1
201560S080764,2,9,0,18,0,1,0,0,0,0,1,1,6,1,44,7,-1,-1,-1,-1,-1,-1
201560S080932,1,9,0,9,0,1,0,0,0,0,1,1,6,1,37,7,-1,-1,-1,-1,-1,-1
201560S080932,2,1,0,18,0,1,0,0,0,0,3,1,6,2,42,7,-1,-1,-1,-1,-1,-1
201560S080995,1,90,0,18,0,0,0,0,1,7,4,1,1,1,46,8,-1,-1,-1,-1,-1,-1
201560S080995,2,9,0,18,0,0,0,0,0,0,4,1,6,1,50,8,-1,-1,-1,-1,-1,-1
201560S081065,1,9,0,16,0,0,0,0,0,0,1,1,6,1,21,5,-1,-1,-1,-1,-1,-1
201560S081065,2,9,0,17,0,0,0,0,0,0,1,1,6,2,66,10,-1,-1,-1,-1,-1,-1
201560S081084,1,9,0,15,0,1,0,0,0,0,1,1,6,1,24,5,-1,-1,-1,-1,-1,-1
201560S081084,2,9,0,9,0,1,0,0,0,0,3,1,6,2,66,10,-1,-1,-1,-1,-1,-1
201560S081131,1,9,0,13,0,0,1,0,7,7,1,1,6,1,65,9,-1,-1,-1,-1,-1,-1
201560S081131,2,9,0,12,0,0,0,0,0,0,3,1,6,2,46,8,-1,-1,-1,-1,-1,-1
201560S081134,1,9,0,9,0,5,0,0,0,0,1,1,6,2,45,7,-1,-1,-1,-1,-1,-1
201560S081134,2,1,0,18,0,1,0,0,0,0,2,1,6,1,32,6,-1,-1,-1,-1,-1,-1
201560S081432,1,9,0,9,0,6,0,0,0,0,1,1,6,1,68,10,-1,-1,-1,-1,-1,-1
201560S081432,2,9,0,17,0,1,5,0,0,0,1,2,6,2,48,8,-1,-1,-1,-1,-1,-1
201560S081446,1,19,0,9,0,6,0,0,0,0,3,1,1,1,39,7,-1,-1,-1,-1,-1,-1
201560S081446,2,5,0,16,0,1,1,0,0,0,1,1,6,1,28,6,-1,-1,-1,-1,-1,-1
201560S081604,1,9,0,18,0,0,0,0,0,0,1,1,6,2,23,5,-1,-1,-1,-1,-1,-1
201560S081604,2,9,0,18,0,0,0,0,0,0,2,1,6,1,54,8,-1,-1,-1,-1,-1,-1
201560S081638,1,9,0,18,0,8,0,7,0,0,1,1,6,1,19,4,-1,-1,-1,-1,-1,-1
201560S081638,2,11,0,5,0,8,0,0,0,0,1,1,1,1,36,7,-1,-1,-1,-1,-1,-1
201560S081688,1,9,0,9,0,8,0,0,0,0,1,1,6,1,17,4,-1,-1,-1,-1,-1,-1
201560S081688,2,9,0,5,0,8,0,0,0,0,1,1,6,2,55,8,-1,-1,-1,-1,-1,-1
201560S081688,3,9,0,2,0,8,0,0,0,0,1,1,6,1,44,7,-1,-1,-1,-1,-1,-1
201560S081795,1,9,0,1,0,0,0,0,0,0,1,1,6,1,59,9,-1,-1,-1,-1,-1,-1
201560S081795,2,2,0,18,0,0,0,0,0,0,1,1,6,1,16,4,-1,-1,-1,-1,-1,-1
201560S082127,1,16,0,18,0,0,0,0,0,0,1,1,6,2,39,7,-1,-1,-1,-1,-1,-1
201560S082127,2,1,0,3,0,0,0,0,0,0,1,1,6,1,22,5,-1,-1,-1,-1,-1,-1
201560S082190,1,4,0,17,0,1,0,0,1,11,3,1,6,1,43,7,-1,-1,-1,-1,-1,-1
201560S082321,1,9,0,18,0,2,0,0,0,0,1,1,6,1,24,5,-1,-1,-1,-1,-1,-1
201560S082649,1,9,0,18,0,0,0,0,0,0,4,1,6,1,72,10,-1,-1,-1,-1,-1,-1
201560S082650,1,9,0,18,0,0,0,0,0,0,1,1,6,1,29,6,-1,-1,-1,-1,-1,-1
201560S082650,2,9,0,3,0,0,0,0,0,0,2,1,6,1,20,4,-1,-1,-1,-1,-1,-1
201560S082650,3,9,0,3,0,0,0,0,0,0,0,1,6,2,77,11,-1,-1,-1,-1,-1,-1
201560S082834,1,9,0,9,0,6,0,0,0,0,1,1,6,1,27,6,-1,-1,-1,-1,-1,-1
201560S082834,2,9,0,18,0,1,0,0,0,0,1,1,6,1,53,8,-1,-1,-1,-1,-1,-1
201560S083223,1,17,4,15,0,0,0,0,0,0,4,1,1,3,-1,-1,-1,-1,-1,-1,-1,-1
201560S083278,1,9,0,18,0,0,0,0,0,0,1,1,6,2,77,11,-1,-1,-1,-1,-1,-1
201560S083278,2,9,0,18,0,0,0,0,1,11,1,1,1,1,34,6,-1,-1,-1,-1,-1,-1
201560S083307,1,21,0,12,0,0,0,0,0,0,4,1,1,1,22,5,-1,-1,-1,-1,-1,-1
201560S083307,2,9,0,18,0,0,0,0,0,0,3,1,6,2,53,8,-1,-1,-1,-1,-1,-1
201560S083671,1,9,0,18,0,1,0,0,0,0,1,1,1,1,48,8,-1,-1,-1,-1,-1,-1
201560S083671,2,9,0,4,0,1,0,0,0,0,2,1,1,2,52,8,-1,-1,-1,-1,-1,-1
201560S083772,1,20,0,18,0,0,0,0,0,0,4,1,1,2,50,8,-1,-1,-1,-1,-1,-1
201560S083788,1,9,0,9,0,6,0,0,0,0,1,1,6,2,51,8,-1,-1,-1,-1,-1,-1
201560S083788,2,9,0,18,0,1,0,0,0,0,1,1,6,1,45,7,-1,-1,-1,-1,-1,-1
201560S083808,1,9,0,9,0,1,0,0,0,0,1,1,6,1,24,5,-1,-1,-1,-1,-1,-1
201560S083808,2,5,0,18,0,1,0,0,0,0,1,1,6,1,79,11,-1,-1,-1,-1,-1,-1
201560S083816,1,97,0,18,0,0,0,0,0,0,1,1,6,1,25,5,-1,-1,-1,-1,-1,-1
201560S083816,2,9,0,18,0,0,0,0,0,0,1,1,6,2,66,10,-1,-1,-1,-1,-1,-1
201560S083916,1,9,0,18,0,1,0,0,0,0,1,1,6,2,51,8,-1,-1,-1,-1,-1,-1
201560S083916,2,9,0,4,0,1,0,0,0,0,2,1,6,2,55,8,-1,-1,-1,-1,-1,-1
201560S083919,1,9,0,18,0,0,0,0,1,11,1,1,6,1,64,9,-1,-1,-1,-1,-1,-1
201560S084345,1,20,0,18,0,0,0,0,0,0,3,2,1,1,22,5,-1,-1,-1,-1,-1,-1
201560S084345,2,1,0,18,0,0,0,0,1,7,2,1,6,1,60,9,-1,-1,-1,-1,-1,-1
201560S084413,1,9,0,18,0,0,0,0,0,0,1,1,6,2,47,8,-1,-1,-1,-1,-1,-1
201560S084413,2,9,0,18,0,0,0,0,0,0,1,1,6,1,35,6,-1,-1,-1,-1,-1,-1
201560S084432,1,9,0,9,0,1,0,0,0,0,4,1,2,1,21,5,-1,-1,-1,-1,-1,-1
201560S084432,2,9,0,18,0,1,0,0,0,0,1,1,6,2,48,8,-1,-1,-1,-1,-1,-1
201560S084444,1,9,0,18,0,0,0,0,0,0,1,1,6,3,-1,-1,-1,-1,-1,-1,-1,-1
201560S084444,2,1,0,18,0,0,0,0,0,0,1,1,6,1,9,2,-1,-1,-1,-1,-1,-1
201560S084466,1,4,0,17,0,0,0,0,1,11,1,1,6,1,23,5,-1,-1,-1,-1,-1,-1
201560S084517,1,9,0,18,0,1,0,0,0,0,1,1,6,2,53,8,-1,-1,-1,-1,-1,-1
201560S084517,2,1,0,18,0,1,0,0,0,0,1,1,6,1,6,2,-1,-1,-1,-1,-1,-1
201560S084772,1,9,0,18,0,0,0,0,0,0,1,1,6,1,53,8,-1,-1,-1,-1,-1,-1
201560S084772,2,9,0,4,0,0,0,0,0,0,2,1,6,2,36,7,-1,-1,-1,-1,-1,-1
201560S084989,1,9,0,16,0,0,0,0,8,4,1,1,6,1,66,10,-1,-1,-1,-1,-1,-1
201560S085057,1,9,0,13,0,0,0,0,8,11,1,1,6,1,21,5,-1,-1,-1,-1,-1,-1
201560S085408,1,9,0,18,0,6,0,0,1,0,1,1,6,1,24,5,-1,-1,-1,-1,-1,-1
201560S085853,1,9,0,9,0,6,0,0,0,0,2,1,6,2,48,8,-1,-1,-1,-1,-1,-1
201560S085853,2,9,0,18,0,1,0,0,0,0,1,1,6,1,26,6,-1,-1,-1,-1,-1,-1
201560S086108,1,1,0,18,0,0,0,0,0,0,1,1,6,1,65,9,-1,-1,-1,-1,-1,-1