Accident_Index,Vehicle_Reference,Vehicle_Type,Towing_and_Articulation,Vehicle_Manoeuvre,Vehicle_Location-Restricted_Lane,Junction_Location,Skidding_and_Overturning,Hit_Object_in_Carriageway,Vehicle_Leaving_Carriageway,Hit_Object_off_Carriageway,1st_Point_of_Impact,Was_Vehicle_Left_Hand_Drive?,Journey_Purpose_of_Driver,Sex_of_Driver,Age_of_Driver,Age_Band_of_Driver,Engine_Capacity_(CC),Propulsion_Code,Age_of_Vehicle,Driver_IMD_Decile,Driver_Home_Area_Type,Vehicle_IMD_Decile
201560S086108,2,9,0,3,0,0,0,0,0,0,2,1,6,2,73,10,-1,-1,-1,-1,-1,-1
201560S086131,1,5,0,15,0,0,1,0,0,0,1,1,6,1,58,9,-1,-1,-1,-1,-1,-1
201560S086131,2,11,0,18,0,0,0,0,0,0,0,1,1,1,58,9,-1,-1,-1,-1,-1,-1
201560S086131,3,9,0,17,0,0,0,0,0,0,3,1,6,1,63,9,-1,-1,-1,-1,-1,-1
201560S086131,4,9,0,17,0,0,0,0,0,0,3,1,6,1,41,7,-1,-1,-1,-1,-1,-1
201560S086207,1,21,0,12,0,2,0,0,0,0,1,2,1,1,48,8,-1,-1,-1,-1,-1,-1
201560S086207,2,9,0,18,0,1,1,0,0,0,2,1,6,1,50,8,-1,-1,-1,-1,-1,-1
201560S086245,1,9,0,17,0,1,1,0,0,0,1,1,6,1,25,5,-1,-1,-1,-1,-1,-1
201560S086245,2,9,0,9,0,1,0,0,0,0,4,1,6,2,79,11,-1,-1,-1,-1,-1,-1
201560S086470,1,9,0,18,0,0,0,0,7,4,1,1,6,1,25,5,-1,-1,-1,-1,-1,-1
201560S086699,1,9,0,9,0,6,0,0,0,0,1,1,6,2,59,9,-1,-1,-1,-1,-1,-1
201560S086972,1,9,0,1,0,1,0,0,0,0,2,1,6,1,44,7,-1,-1,-1,-1,-1,-1
201560S087403,1,3,0,9,0,6,0,0,0,0,1,1,6,1,17,4,-1,-1,-1,-1,-1,-1
201560S087403,2,9,0,18,0,1,0,0,0,0,1,1,6,1,21,5,-1,-1,-1,-1,-1,-1
201560S087506,1,1,0,18,0,1,0,0,0,0,1,1,1,1,34,6,-1,-1,-1,-1,-1,-1
201560S087506,2,9,0,3,0,1,0,0,0,0,3,1,2,1,51,8,-1,-1,-1,-1,-1,-1
201560S087595,1,19,0,18,0,1,0,0,0,0,1,1,1,1,43,7,-1,-1,-1,-1,-1,-1
201560S087595,2,19,0,3,0,1,0,0,0,0,2,1,6,1,44,7,-1,-1,-1,-1,-1,-1
201560S087710,1,9,0,18,0,0,0,0,0,0,1,1,6,1,44,7,-1,-1,-1,-1,-1,-1
201560S087710,2,3,0,18,0,0,0,0,0,0,2,1,6,1,18,4,-1,-1,-1,-1,-1,-1
201560S088008,1,9,0,9,0,6,0,0,0,0,1,1,6,1,26,6,-1,-1,-1,-1,-1,-1
201560S088008,2,10,0,17,0,1,0,0,0,0,1,1,1,1,61,9,-1,-1,-1,-1,-1,-1
201560S088126,1,1,0,18,0,0,0,0,0,0,1,1,6,1,47,8,-1,-1,-1,-1,-1,-1
201560S088128,1,9,0,16,0,0,2,0,7,11,1,1,6,1,21,5,-1,-1,-1,-1,-1,-1
201560S088248,1,9,0,11,0,0,0,0,0,0,0,1,6,3,-1,-1,-1,-1,-1,-1,-1,-1
201560S088248,2,9,0,18,0,0,1,0,0,0,0,1,6,1,51,8,-1,-1,-1,-1,-1,-1
201560S088331,1,9,0,7,0,6,0,0,0,0,3,1,2,2,51,8,-1,-1,-1,-1,-1,-1
201560S088331,2,1,0,17,0,1,0,0,0,0,1,1,6,1,37,7,-1,-1,-1,-1,-1,-1
201560S088382,1,9,0,15,0,1,0,0,0,0,4,1,6,3,-1,-1,-1,-1,-1,-1,-1,-1
201560S088382,2,1,0,18,0,1,0,0,0,0,3,1,6,1,34,6,-1,-1,-1,-1,-1,-1
201560S088423,1,9,0,18,0,1,0,0,0,0,1,1,6,2,45,7,-1,-1,-1,-1,-1,-1
201560S088423,2,9,0,3,0,4,0,0,0,0,2,1,6,2,45,7,-1,-1,-1,-1,-1,-1
201560S088513,1,21,0,9,0,5,0,0,0,0,3,1,1,1,54,8,-1,-1,-1,-1,-1,-1
201560S088513,2,9,0,8,0,1,0,0,0,0,1,1,6,1,51,8,-1,-1,-1,-1,-1,-1
201560S088569,1,9,0,18,0,0,0,0,0,0,4,1,6,2,36,7,-1,-1,-1,-1,-1,-1
201560S088569,2,1,0,18,0,0,0,0,0,0,1,1,6,1,9,2,-1,-1,-1,-1,-1,-1
201560S088751,1,9,0,18,0,0,2,0,7,0,4,1,6,2,18,4,-1,-1,-1,-1,-1,-1
201560S089021,1,5,0,18,0,0,0,0,0,0,1,1,6,1,64,9,-1,-1,-1,-1,-1,-1
201560S089042,1,9,0,18,0,1,0,4,2,10,1,1,6,1,81,11,-1,-1,-1,-1,-1,-1
201560S089042,2,9,0,2,0,1,0,0,0,0,2,1,6,1,25,5,-1,-1,-1,-1,-1,-1
201560S089042,3,9,0,18,0,1,0,0,0,0,1,1,6,1,48,8,-1,-1,-1,-1,-1,-1
201560S089112,1,9,0,18,0,1,0,0,0,0,1,1,1,1,40,7,-1,-1,-1,-1,-1,-1
201560S089112,2,9,0,3,0,1,0,0,0,0,2,1,1,2,35,6,-1,-1,-1,-1,-1,-1
201560S089138,1,9,0,7,0,6,0,0,0,0,1,1,6,3,-1,-1,-1,-1,-1,-1,-1,-1
201560S089218,1,9,0,18,0,8,0,0,0,0,1,1,6,3,-1,-1,-1,-1,-1,-1,-1,-1
201560S089218,2,1,0,18,0,8,0,0,0,0,2,1,6,2,21,5,-1,-1,-1,-1,-1,-1
201560S089243,1,9,0,16,0,1,0,0,0,0,1,1,6,2,35,6,-1,-1,-1,-1,-1,-1
201560S089243,2,9,0,16,0,1,0,0,0,0,2,1,6,2,35,6,-1,-1,-1,-1,-1,-1
201560S089374,1,3,0,18,0,1,0,0,0,0,1,1,6,3,-1,-1,-1,-1,-1,-1,-1,-1
201560S089374,2,9,0,10,0,1,0,0,0,0,2,1,6,2,32,6,-1,-1,-1,-1,-1,-1
201560S089839,1,9,0,18,0,1,0,0,0,0,1,1,6,1,56,9,-1,-1,-1,-1,-1,-1
201560S089839,2,9,0,4,0,1,0,0,0,0,2,1,6,1,47,8,-1,-1,-1,-1,-1,-1
201560S090051,1,9,0,9,0,6,0,0,0,0,1,1,6,1,23,5,-1,-1,-1,-1,-1,-1
201560S090051,2,9,0,18,0,1,0,0,0,0,3,1,6,1,18,4,-1,-1,-1,-1,-1,-1
201560S090209,1,1,0,16,0,0,0,0,0,0,1,1,6,1,42,7,-1,-1,-1,-1,-1,-1
201560S090209,2,9,0,18,0,0,0,0,0,0,1,1,6,2,61,9,-1,-1,-1,-1,-1,-1
201560S090311,1,5,0,15,0,0,1,0,0,0,4,1,6,1,53,8,-1,-1,-1,-1,-1,-1
201560S090395,1,9,0,9,0,1,0,0,0,0,0,1,6,1,54,8,-1,-1,-1,-1,-1,-1
201560S090395,2,1,0,18,0,1,1,0,0,0,1,1,6,1,36,7,-1,-1,-1,-1,-1,-1
201560S090687,1,11,0,14,0,0,1,0,0,0,1,1,3,1,36,7,-1,-1,-1,-1,-1,-1
201560S090687,2,21,0,2,0,0,0,0,0,0,0,1,1,1,23,5,-1,-1,-1,-1,-1,-1
201560S090693,1,9,0,18,0,0,2,0,1,11,1,1,6,1,23,5,-1,-1,-1,-1,-1,-1
201560S090748,1,9,0,16,0,0,0,0,0,0,2,1,6,2,70,10,-1,-1,-1,-1,-1,-1
201560S090748,2,9,0,15,0,0,0,0,0,0,3,1,6,1,19,4,-1,-1,-1,-1,-1,-1
201560S091254,1,19,0,18,0,0,2,0,2,11,0,1,6,1,38,7,-1,-1,-1,-1,-1,-1
201560S091394,1,9,0,18,0,1,0,0,0,0,1,1,6,3,-1,-1,-1,-1,-1,-1,-1,-1
201560S091458,1,4,0,18,0,0,0,0,0,0,1,1,6,1,68,10,-1,-1,-1,-1,-1,-1
201560S091458,2,9,0,18,0,0,0,0,0,0,1,1,6,2,65,9,-1,-1,-1,-1,-1,-1
201560S091508,1,9,0,10,0,1,0,0,0,0,2,1,6,1,33,6,-1,-1,-1,-1,-1,-1
201560S091508,2,3,0,18,0,1,0,0,0,0,1,1,6,1,20,4,-1,-1,-1,-1,-1,-1
201560S091881,1,9,0,18,0,1,0,0,0,0,1,1,6,2,39,7,-1,-1,-1,-1,-1,-1
201560S091881,2,9,0,10,0,1,0,0,0,0,2,1,6,1,41,7,-1,-1,-1,-1,-1,-1
201560S092588,1,9,0,18,0,1,0,0,1,11,1,1,6,2,41,7,-1,-1,-1,-1,-1,-1
201560S092691,1,9,0,18,0,0,0,0,0,0,1,1,6,2,39,7,-1,-1,-1,-1,-1,-1
201560S092691,2,1,0,18,0,0,0,0,0,0,1,1,6,2,17,4,-1,-1,-1,-1,-1,-1
201560S093309,1,9,0,18,0,6,0,0,0,0,1,1,6,3,-1,-1,-1,-1,-1,-1,-1,-1
201560S093309,2,9,0,18,0,1,0,0,0,0,1,1,6,2,35,6,-1,-1,-1,-1,-1,-1
201560S093701,1,17,0,18,0,1,0,0,0,0,4,1,6,1,40,7,-1,-1,-1,-1,-1,-1
201560S093728,1,9,0,9,0,5,0,0,0,0,1,1,6,2,25,5,-1,-1,-1,-1,-1,-1
201560S093728,2,9,0,7,0,1,0,0,0,0,1,1,6,1,39,7,-1,-1,-1,-1,-1,-1
201560S094465,1,19,0,1,0,0,0,0,0,0,2,1,6,1,54,8,-1,-1,-1,-1,-1,-1
201560S094465,2,9,0,18,0,0,0,0,0,0,1,1,6,1,70,10,-1,-1,-1,-1,-1,-1
201560S094465,3,9,0,2,0,0,0,0,0,0,4,1,6,3,-1,-1,-1,-1,-1,-1,-1,-1
201560S094504,1,9,0,1,0,1,0,0,0,0,2,1,6,1,62,9,-1,-1,-1,-1,-1,-1
201560S094581,1,9,0,5,0,4,0,0,0,0,1,1,6,1,25,5,-1,-1,-1,-1,-1,-1
201560S094581,2,9,0,9,0,8,0,0,0,0,3,1,6,1,37,7,-1,-1,-1,-1,-1,-1
201560S094684,1,5,0,7,0,3,0,0,0,0,4,1,6,1,57,9,-1,-1,-1,-1,-1,-1
201560S094757,1,9,0,18,0,1,1,0,1,11,1,1,6,2,51,8,-1,-1,-1,-1,-1,-1
201560S094940,1,1,0,18,0,1,0,0,0,0,1,1,2,2,34,6,-1,-1,-1,-1,-1,-1
201560S094940,2,9,0,9,0,1,0,0,0,0,1,1,2,1,45,7,-1,-1,-1,-1,-1,-1
201560S094964,1,9,0,18,0,1,0,0,0,0,4,1,6,2,32,6,-1,-1,-1,-1,-1,-1
201560S094964,2,1,0,7,0,6,0,0,0,0,1,1,6,2,29,6,-1,-1,-1,-1,-1,-1
201560S095178,1,9,0,18,0,0,0,0,0,0,4,1,6,2,79,11,-1,-1,-1,-1,-1,-1
201560S095994,1,19,0,16,0,0,0,0,0,0,3,1,6,1,28,6,-1,-1,-1,-1,-1,-1
201560S095994,2,9,0,17,0,0,0,0,0,0,3,1,6,2,54,8,-1,-1,-1,-1,-1,-1
201560S096212,1,11,0,16,0,1,0,0,0,0,1,1,1,1,63,9,-1,-1,-1,-1,-1,-1
201560S096445,1,9,0,18,0,3,0,0,0,0,1,1,6,2,63,9,-1,-1,-1,-1,-1,-1
201560S096554,1,3,0,9,0,8,0,0,0,0,3,1,6,1,43,7,-1,-1,-1,-1,-1,-1
201560S096613,1,9,0,16,0,1,0,0,0,0,1,1,6,1,20,4,-1,-1,-1,-1,-1,-1
201560S096613,2,9,0,17,0,1,1,10,0,0,1,1,6,1,86,11,-1,-1,-1,-1,-1,-1
201560S096704,1,9,0,18,0,1,0,0,0,0,1,1,6,1,26,6,-1,-1,-1,-1,-1,-1
201560S096704,2,9,0,18,0,1,0,0,0,0,1,1,6,1,37,7,-1,-1,-1,-1,-1,-1
201560S096790,1,9,0,18,0,1,0,0,0,0,1,1,6,1,25,5,-1,-1,-1,-1,-1,-1
201560S096790,2,9,0,7,0,1,0,0,0,0,2,1,6,1,26,6,-1,-1,-1,-1,-1,-1
201560S096895,1,19,0,18,0,0,0,0,0,0,1,1,6,1,40,7,-1,-1,-1,-1,-1,-1
201560S096895,2,19,0,18,0,0,0,0,0,0,1,1,6,1,66,10,-1,-1,-1,-1,-1,-1
201560S097185,1,9,0,7,0,6,0,0,0,0,1,1,6,2,52,8,-1,-1,-1,-1,-1,-1
201560S097185,2,9,0,18,0,1,0,0,0,0,3,1,6,2,27,6,-1,-1,-1,-1,-1,-1
201560S097213,1,9,0,17,0,2,1,0,0,0,1,1,6,2,22,5,-1,-1,-1,-1,-1,-1
201560S097213,2,9,0,16,0,1,0,0,0,0,1,1,6,2,47,8,-1,-1,-1,-1,-1,-1
201560S097213,3,9,0,16,0,1,0,0,0,0,1,1,6,2,39,7,-1,-1,-1,-1,-1,-1
201560S097385,1,1,0,18,0,1,0,0,0,0,0,1,6,1,49,8,-1,-1,-1,-1,-1,-1
201560S097491,1,9,0,13,0,0,0,0,0,0,3,1,6,3,-1,-1,-1,-1,-1,-1,-1,-1
201560S097491,2,97,0,13,0,0,0,0,0,0,4,1,6,1,30,6,-1,-1,-1,-1,-1,-1
201560S098733,1,9,0,12,0,2,0,0,0,0,1,1,6,1,28,6,-1,-1,-1,-1,-1,-1
201560S098733,2,9,0,18,0,2,1,0,1,11,2,1,6,1,56,9,-1,-1,-1,-1,-1,-1
201560S098937,1,9,0,18,0,1,0,0,0,0,1,1,6,1,43,7,-1,-1,-1,-1,-1,-1
201560S098937,2,9,0,3,0,1,0,0,0,0,2,1,6,1,29,6,-1,-1,-1,-1,-1,-1
201560S098968,1,5,0,17,0,0,0,0,2,11,4,1,6,1,65,9,-1,-1,-1,-1,-1,-1
201560S099090,1,9,0,18,0,0,0,0,0,0,1,1,6,2,18,4,-1,-1,-1,-1,-1,-1
201560S099090,2,9,0,3,0,0,0,0,0,0,2,1,6,2,50,8,-1,-1,-1,-1,-1,-1
201560S099135,1,5,0,9,0,8,0,0,0,0,1,1,6,1,44,7,-1,-1,-1,-1,-1,-1
201560S099135,2,5,0,9,0,8,0,0,0,0,2,1,6,1,68,10,-1,-1,-1,-1,-1,-1
201560S099451,1,9,0,18,0,1,1,0,0,0,1,1,6,1,49,8,-1,-1,-1,-1,-1,-1
201560S099451,2,9,0,9,0,1,0,0,0,0,3,1,6,2,55,8,-1,-1,-1,-1,-1,-1
201560S099481,1,9,0,18,0,0,0,0,0,0,1,1,6,2,52,8,-1,-1,-1,-1,-1,-1
201560S099481,2,9,0,3,0,0,0,0,0,0,2,1,6,2,46,8,-1,-1,-1,-1,-1,-1
201560S099521,1,9,0,1,0,0,0,0,0,0,2,1,6,2,65,9,-1,-1,-1,-1,-1,-1
201560S099559,1,9,0,18,0,0,2,0,2,4,1,1,1,1,23,5,-1,-1,-1,-1,-1,-1
201560S099559,2,9,0,3,0,0,0,0,0,0,2,1,6,2,63,9,-1,-1,-1,-1,-1,-1
201560S099559,3,9,0,3,0,0,0,0,0,0,2,1,6,1,37,7,-1,-1,-1,-1,-1,-1
201560S099559,4,9,0,3,0,0,0,0,0,0,2,1,6,1,34,6,-1,-1,-1,-1,-1,-1
201560S099559,5,9,0,3,0,0,0,0,0,0,0,1,6,1,39,7,-1,-1,-1,-1,-1,-1
201560S099566,1,9,0,5,0,0,0,0,0,0,4,1,6,1,35,6,-1,-1,-1,-1,-1,-1
201560S099566,2,9,0,18,0,0,0,0,0,0,3,1,6,1,29,6,-1,-1,-1,-1,-1,-1
201560S099598,1,9,0,18,0,5,0,10,1,11,1,1,6,3,-1,-1,-1,-1,-1,-1,-1,-1
201560S099623,1,9,0,7,0,1,0,0,0,0,1,1,6,2,60,9,-1,-1,-1,-1,-1,-1
201560S099623,2,9,0,18,0,1,0,0,0,0,1,1,6,2,51,8,-1,-1,-1,-1,-1,-1
201560S099918,1,9,0,9,0,8,1,0,1,7,1,1,1,1,57,9,-1,-1,-1,-1,-1,-1
201560S099947,1,11,0,18,0,1,0,0,0,0,0,1,1,1,60,9,-1,-1,-1,-1,-1,-1
201560S100151,1,9,0,16,0,0,2,0,1,0,1,1,6,1,50,8,-1,-1,-1,-1,-1,-1
201560S100253,1,9,0,18,0,1,0,0,0,0,1,1,6,1,29,6,-1,-1,-1,-1,-1,-1
201560S100253,2,17,4,18,0,2,0,0,0,0,2,1,1,1,35,6,-1,-1,-1,-1,-1,-1
201560S100712,1,9,0,1,0,1,0,0,0,0,2,1,6,3,-1,-1,-1,-1,-1,-1,-1,-1
201560S100712,2,1,0,18,0,1,0,0,0,0,1,1,6,1,21,5,-1,-1,-1,-1,-1,-1
201560S101137,1,9,0,18,0,0,0,0,0,0,0,1,6,1,43,7,-1,-1,-1,-1,-1,-1
201560S101137,2,9,0,2,0,0,0,0,0,0,0,1,6,1,29,6,-1,-1,-1,-1,-1,-1
201560S101150,1,9,0,5,0,6,0,0,0,0,1,1,6,1,24,5,-1,-1,-1,-1,-1,-1
201560S101150,2,9,0,16,0,1,1,0,0,0,1,1,6,1,33,6,-1,-1,-1,-1,-1,-1
201560S101231,1,9,0,9,0,1,0,0,0,0,1,1,6,1,24,5,-1,-1,-1,-1,-1,-1
201560S101231,2,1,0,18,0,1,0,0,0,0,1,1,6,1,23,5,-1,-1,-1,-1,-1,-1
201560S101484,1,9,0,18,0,0,0,0,0,0,4,1,3,3,-1,-1,-1,-1,-1,-1,-1,-1
201560S101516,1,1,0,16,0,1,0,0,0,0,1,1,6,1,61,9,-1,-1,-1,-1,-1,-1
201560S101516,2,9,0,17,0,1,0,0,0,0,1,1,6,2,46,8,-1,-1,-1,-1,-1,-1
201560S101537,1,9,0,5,0,6,0,0,0,0,0,1,6,1,44,7,-1,-1,-1,-1,-1,-1
201560S101537,2,5,0,18,0,1,1,0,0,0,4,1,6,1,23,5,-1,-1,-1,-1,-1,-1
201560S101990,1,9,0,18,0,1,0,0,0,0,1,1,6,3,-1,-1,-1,-1,-1,-1,-1,-1
201560S101990,2,9,0,3,0,1,0,0,0,0,2,1,6,1,36,7,-1,-1,-1,-1,-1,-1
201560S102271,1,9,4,18,0,0,0,0,0,0,4,1,2,1,43,7,-1,-1,-1,-1,-1,-1
201560S102437,1,9,0,18,0,1,0,0,0,0,1,1,6,1,23,5,-1,-1,-1,-1,-1,-1
201560S102437,2,8,0,3,0,1,0,0,0,0,2,1,1,1,57,9,-1,-1,-1,-1,-1,-1
201560S102588,1,9,0,16,0,0,1,0,7,0,3,1,6,2,32,6,-1,-1,-1,-1,-1,-1
201560S102588,2,9,0,17,0,0,2,0,7,0,3,1,6,1,45,7,-1,-1,-1,-1,-1,-1
201560S102871,1,9,0,14,0,0,0,4,0,0,1,1,6,1,80,11,-1,-1,-1,-1,-1,-1
201560S102871,2,19,0,2,0,0,0,0,0,0,2,1,6,3,-1,-1,-1,-1,-1,-1,-1,-1
201560S103029,1,9,0,17,0,1,0,0,1,11,1,1,6,2,21,5,-1,-1,-1,-1,-1,-1
201560S103110,1,9,0,7,0,1,0,0,0,0,4,1,6,1,38,7,-1,-1,-1,-1,-1,-1
201560S103110,2,1,0,18,0,1,0,0,0,0,3,1,6,2,34,6,-1,-1,-1,-1,-1,-1
201560S103149,1,3,0,17,0,0,1,0,1,7,4,1,6,1,54,8,-1,-1,-1,-1,-1,-1
201560S103594,1,9,0,15,0,2,0,0,0,0,1,1,6,1,21,5,-1,-1,-1,-1,-1,-1
201560S103940,1,21,0,17,0,1,0,0,0,0,0,1,1,3,-1,-1,-1,-1,-1,-1,-1,-1
201560S103940,2,3,0,16,0,1,0,0,7,11,1,1,6,2,18,4,-1,-1,-1,-1,-1,-1
201560S103995,1,9,0,17,0,0,1,0,8,11,3,1,6,1,19,4,-1,-1,-1,-1,-1,-1
201560S103995,2,19,0,18,0,0,0,0,0,0,1,1,6,1,30,6,-1,-1,-1,-1,-1,-1
201560S104628,1,9,0,15,0,1,0,0,0,0,1,1,6,1,23,5,-1,-1,-1,-1,-1,-1
201560S104628,2,9,0,9,0,1,0,0,1,11,3,1,6,1,49,8,-1,-1,-1,-1,-1,-1
201560S104773,1,9,0,18,0,0,5,0,0,0,3,1,6,1,84,11,-1,-1,-1,-1,-1,-1
201560S104827,1,9,0,4,0,1,0,0,0,0,2,1,6,2,41,7,-1,-1,-1,-1,-1,-1
201560S104827,2,9,0,18,0,1,0,0,0,0,1,1,6,2,34,6,-1,-1,-1,-1,-1,-1
201560S104827,3,9,0,9,0,1,0,0,0,0,2,1,6,1,40,7,-1,-1,-1,-1,-1,-1
201560S104871,1,19,0,6,0,2,0,0,0,0,1,1,1,1,44,7,-1,-1,-1,-1,-1,-1
201560S104871,2,9,0,17,0,2,0,0,0,0,1,1,6,2,19,4,-1,-1,-1,-1,-1,-1
201560S105248,1,9,0,4,0,0,0,0,0,0,1,1,6,1,43,7,-1,-1,-1,-1,-1,-1
201560S105248,2,9,0,15,0,0,0,0,0,0,1,1,6,2,21,5,-1,-1,-1,-1,-1,-1
201560S105248,3,9,0,17,0,0,0,0,0,0,0,1,6,2,24,5,-1,-1,-1,-1,-1,-1
201560S105414,1,11,0,18,0,1,0,0,0,0,1,1,1,1,57,9,-1,-1,-1,-1,-1,-1
201560S105414,2,9,0,10,0,1,0,0,0,0,2,1,6,2,49,8,-1,-1,-1,-1,-1,-1
201560S105586,1,9,0,15,0,0,0,0,0,0,4,1,6,2,90,11,-1,-1,-1,-1,-1,-1
201560S105586,2,1,0,18,0,0,0,0,0,0,3,1,6,2,53,8,-1,-1,-1,-1,-1,-1
201560S105898,1,9,0,18,0,0,5,0,1,11,1,1,6,1,36,7,-1,-1,-1,-1,-1,-1
201560S105905,1,9,0,18,0,0,0,0,0,0,1,1,6,1,22,5,-1,-1,-1,-1,-1,-1
201560S105905,2,9,0,2,0,0,0,0,0,0,1,1,6,3,-1,-1,-1,-1,-1,-1,-1,-1
201560S105905,3,9,0,2,0,0,0,0,0,0,2,1,6,3,-1,-1,-1,-1,-1,-1,-1,-1
201560S105924,1,2,0,18,0,0,0,0,0,0,1,1,6,3,-1,-1,-1,-1,-1,-1,-1,-1
201560S105924,2,9,0,2,0,0,0,0,0,0,4,1,1,1,39,7,-1,-1,-1,-1,-1,-1
201560S106014,1,9,0,1,0,0,0,0,0,0,2,1,6,3,-1,-1,-1,-1,-1,-1,-1,-1
201560S106014,2,1,0,3,0,0,0,0,0,0,1,1,6,1,21,5,-1,-1,-1,-1,-1,-1
201560S106164,1,9,0,18,0,0,0,0,7,3,1,1,6,1,63,9,-1,-1,-1,-1,-1,-1
201560S106189,1,9,0,5,0,0,0,0,0,0,1,1,6,1,23,5,-1,-1,-1,-1,-1,-1
201560S106189,2,9,0,3,0,0,0,0,0,0,2,1,6,1,53,8,-1,-1,-1,-1,-1,-1
201560S106224,1,98,0,9,0,2,0,0,0,0,1,1,1,1,40,7,-1,-1,-1,-1,-1,-1
201560S106363,1,3,0,18,0,2,1,0,0,0,0,1,6,1,31,6,-1,-1,-1,-1,-1,-1
201560S106788,1,1,0,18,0,0,0,0,0,0,1,1,6,1,25,5,-1,-1,-1,-1,-1,-1
201560S106798,1,9,0,3,0,1,0,0,0,0,1,1,6,1,29,6,-1,-1,-1,-1,-1,-1
201560S106798,2,9,0,3,0,1,0,0,0,0,2,1,6,2,24,5,-1,-1,-1,-1,-1,-1
201560S106814,1,1,0,16,0,0,0,0,0,0,1,1,6,1,64,9,-1,-1,-1,-1,-1,-1
201560S106814,2,9,0,17,0,0,0,0,0,0,1,1,6,1,64,9,-1,-1,-1,-1,-1,-1
201560S106938,1,11,0,5,0,0,0,0,0,0,0,1,1,1,65,9,-1,-1,-1,-1,-1,-1
201560S107089,1,5,0,9,0,1,0,0,0,0,1,1,6,1,30,6,-1,-1,-1,-1,-1,-1
201560S107089,2,19,0,18,0,1,0,0,0,0,1,1,6,1,72,10,-1,-1,-1,-1,-1,-1
201560S107337,1,9,0,17,0,0,1,0,0,0,1,1,6,1,38,7,-1,-1,-1,-1,-1,-1
201560S107353,1,9,0,18,0,2,1,0,7,11,1,1,6,1,39,7,-1,-1,-1,-1,-1,-1
201560S107416,1,9,0,18,0,0,0,0,0,0,4,1,6,1,60,9,-1,-1,-1,-1,-1,-1
201560S107493,1,9,0,17,0,2,1,0,0,0,1,1,6,1,46,8,-1,-1,-1,-1,-1,-1
201560S107493,2,9,0,18,0,1,0,0,0,0,1,1,6,1,68,10,-1,-1,-1,-1,-1,-1
201560S107536,1,22,0,18,0,1,0,0,0,0,1,1,6,1,62,9,-1,-1,-1,-1,-1,-1
201560S107706,1,9,0,18,0,0,0,0,0,0,1,1,6,1,33,6,-1,-1,-1,-1,-1,-1
201560S107706,2,9,0,18,0,0,0,0,0,0,2,1,6,1,38,7,-1,-1,-1,-1,-1,-1
201560S107868,1,9,0,18,0,0,2,0,1,9,1,1,6,1,18,4,-1,-1,-1,-1,-1,-1
201560S107874,1,9,0,18,0,1,0,0,0,0,1,1,6,1,29,6,-1,-1,-1,-1,-1,-1
201560S107874,2,9,0,2,0,2,0,0,0,0,2,1,6,2,29,6,-1,-1,-1,-1,-1,-1
201560S108128,1,9,0,18,0,2,0,0,0,0,1,1,6,1,71,10,-1,-1,-1,-1,-1,-1
201560S108174,1,9,0,18,0,0,0,0,7,11,3,1,6,1,46,8,-1,-1,-1,-1,-1,-1
201560S108239,1,9,0,17,0,0,5,6,7,9,1,1,6,2,65,9,-1,-1,-1,-1,-1,-1
201560S108248,1,9,0,9,0,6,0,0,0,0,1,1,6,1,59,9,-1,-1,-1,-1,-1,-1
201560S108248,2,9,0,18,0,1,0,0,0,0,1,1,6,2,18,4,-1,-1,-1,-1,-1,-1
201560S108448,1,9,0,18,0,0,0,12,0,0,1,1,6,2,29,6,-1,-1,-1,-1,-1,-1
201560S108683,1,9,0,16,0,0,1,0,1,11,1,1,6,2,69,10,-1,-1,-1,-1,-1,-1
201560S108683,2,9,0,17,0,0,0,0,0,0,1,1,6,1,66,10,-1,-1,-1,-1,-1,-1
201560S108819,1,9,0,18,0,1,0,0,0,0,1,1,6,2,24,5,-1,-1,-1,-1,-1,-1
201560S108819,2,9,0,3,0,1,0,0,0,0,2,1,6,1,68,10,-1,-1,-1,-1,-1,-1
201560S108986,1,9,0,18,0,6,0,0,0,0,1,1,6,1,29,6,-1,-1,-1,-1,-1,-1
201560S108986,2,9,0,18,0,1,0,0,0,0,3,1,6,2,21,5,-1,-1,-1,-1,-1,-1
201560S109019,1,9,0,17,0,0,1,0,1,11,1,1,6,1,18,4,-1,-1,-1,-1,-1,-1
201560S109151,1,9,0,18,0,1,0,0,0,0,3,1,6,3,-1,-1,-1,-1,-1,-1,-1,-1
201560S109327,1,9,0,18,0,1,0,0,0,0,1,1,6,2,25,5,-1,-1,-1,-1,-1,-1
201560S109346,1,19,0,18,0,0,1,0,0,0,1,1,6,1,18,4,-1,-1,-1,-1,-1,-1
201560S109346,2,9,0,3,0,0,0,0,0,0,1,1,6,2,43,7,-1,-1,-1,-1,-1,-1
201560S109580,1,9,0,1,0,0,0,0,0,0,2,1,6,1,79,11,-1,-1,-1,-1,-1,-1
201560S109817,1,9,0,9,0,1,0,0,0,0,1,1,6,1,17,4,-1,-1,-1,-1,-1,-1
201560S109817,2,9,0,18,0,1,0,0,0,0,1,1,6,2,49,8,-1,-1,-1,-1,-1,-1
201560S110144,1,9,0,3,0,1,0,0,0,0,0,1,6,1,80,11,-1,-1,-1,-1,-1,-1
201560S110144,2,1,0,18,0,1,0,0,0,0,0,1,6,1,49,8,-1,-1,-1,-1,-1,-1
201560S110267,1,9,0,9,0,6,0,0,0,0,3,1,6,1,28,6,-1,-1,-1,-1,-1,-1
201560S110267,2,9,0,18,0,1,0,0,0,0,1,1,6,1,17,4,-1,-1,-1,-1,-1,-1
201560S110328,1,9,0,18,0,0,5,0,0,0,1,1,6,1,20,4,-1,-1,-1,-1,-1,-1
201560S110328,2,9,0,2,0,0,0,0,0,0,2,1,6,2,39,7,-1,-1,-1,-1,-1,-1
201560S110328,3,9,0,2,0,0,0,0,0,0,2,1,6,1,39,7,-1,-1,-1,-1,-1,-1
201560S110489,1,9,0,9,0,6,0,0,1,11,1,1,1,1,60,9,-1,-1,-1,-1,-1,-1
201560S110489,2,9,0,18,0,1,0,0,0,0,1,1,6,2,45,7,-1,-1,-1,-1,-1,-1