Accident_Index,Vehicle_Reference,Vehicle_Type,Towing_and_Articulation,Vehicle_Manoeuvre,Vehicle_Location-Restricted_Lane,Junction_Location,Skidding_and_Overturning,Hit_Object_in_Carriageway,Vehicle_Leaving_Carriageway,Hit_Object_off_Carriageway,1st_Point_of_Impact,Was_Vehicle_Left_Hand_Drive?,Journey_Purpose_of_Driver,Sex_of_Driver,Age_of_Driver,Age_Band_of_Driver,Engine_Capacity_(CC),Propulsion_Code,Age_of_Vehicle,Driver_IMD_Decile,Driver_Home_Area_Type,Vehicle_IMD_Decile
201560S110589,1,4,0,18,0,0,1,0,0,0,0,1,6,1,44,7,-1,-1,-1,-1,-1,-1
201560S110603,1,9,0,16,0,1,1,0,1,11,1,1,6,2,52,8,-1,-1,-1,-1,-1,-1
201560S110693,1,9,0,5,0,6,0,0,0,0,1,1,6,2,68,10,-1,-1,-1,-1,-1,-1
201560S110693,2,9,0,18,0,8,0,0,0,0,1,1,6,2,63,9,-1,-1,-1,-1,-1,-1
201560S111300,1,9,0,18,0,6,0,0,0,0,1,1,6,1,26,6,-1,-1,-1,-1,-1,-1
201560S111300,2,3,0,1,0,1,0,0,0,0,1,1,6,1,19,4,-1,-1,-1,-1,-1,-1
201560S111335,1,9,0,4,0,1,0,0,0,0,1,1,6,2,48,8,-1,-1,-1,-1,-1,-1
201560S111413,1,9,0,18,0,0,1,0,1,10,1,1,6,1,36,7,-1,-1,-1,-1,-1,-1
201560S112326,1,9,0,18,0,0,1,0,1,0,3,1,1,1,18,4,-1,-1,-1,-1,-1,-1
201560S112326,2,9,0,18,0,0,0,0,0,0,3,1,6,1,66,10,-1,-1,-1,-1,-1,-1
201560S112344,1,9,0,9,0,1,0,0,0,0,3,1,6,2,21,5,-1,-1,-1,-1,-1,-1
201560S112344,2,9,0,18,0,1,0,0,0,0,1,1,6,1,71,10,-1,-1,-1,-1,-1,-1
201560S112470,1,9,0,17,0,0,1,0,7,9,1,1,6,1,28,6,-1,-1,-1,-1,-1,-1
201560S112470,2,9,0,16,0,0,0,0,0,0,1,1,6,2,36,7,-1,-1,-1,-1,-1,-1
201560S112665,1,9,0,16,0,0,5,0,7,11,1,1,6,2,23,5,-1,-1,-1,-1,-1,-1
201560S112848,1,9,0,7,0,1,0,0,0,0,2,1,1,1,41,7,-1,-1,-1,-1,-1,-1
201560S112848,2,1,0,18,0,1,0,0,0,0,1,1,6,1,31,6,-1,-1,-1,-1,-1,-1
201560S112942,1,9,0,18,0,0,2,0,7,0,4,1,6,1,51,8,-1,-1,-1,-1,-1,-1
201560S113033,1,9,0,18,0,0,0,0,0,0,3,1,6,1,37,7,-1,-1,-1,-1,-1,-1
201560S113104,1,9,0,18,0,1,0,0,0,0,1,1,6,1,26,6,-1,-1,-1,-1,-1,-1
201560S113104,2,9,0,10,0,1,0,0,0,0,2,1,6,2,67,10,-1,-1,-1,-1,-1,-1
201560S113116,1,9,0,2,0,2,0,0,0,0,2,1,6,3,-1,-1,-1,-1,-1,-1,-1,-1
201560S113116,2,9,0,7,0,6,0,0,0,0,1,1,6,2,48,8,-1,-1,-1,-1,-1,-1
201560S113217,1,9,0,9,0,7,0,0,0,0,1,1,6,2,30,6,-1,-1,-1,-1,-1,-1
201560S113217,2,9,0,18,0,1,0,0,0,0,3,1,6,2,31,6,-1,-1,-1,-1,-1,-1
201560S113252,1,9,0,5,9,0,0,0,0,0,4,1,6,3,-1,-1,-1,-1,-1,-1,-1,-1
201560S113259,1,9,0,18,0,0,5,0,2,0,1,1,6,1,48,8,-1,-1,-1,-1,-1,-1
201560S113540,1,9,0,7,0,2,0,0,0,0,1,1,6,3,-1,-1,-1,-1,-1,-1,-1,-1
201560S113540,2,9,0,18,0,1,0,0,0,0,3,1,6,2,28,6,-1,-1,-1,-1,-1,-1
201560S113899,1,9,0,18,0,6,0,0,0,0,1,1,6,2,33,6,-1,-1,-1,-1,-1,-1
201560S113899,2,9,0,18,0,1,0,0,0,0,1,1,6,1,29,6,-1,-1,-1,-1,-1,-1
201560S113944,1,9,0,18,0,0,0,0,0,0,1,1,6,1,63,9,-1,-1,-1,-1,-1,-1
201560S113944,2,9,0,4,0,0,0,0,0,0,2,1,6,1,38,7,-1,-1,-1,-1,-1,-1
201560S113978,1,9,0,9,0,1,1,0,0,0,1,1,6,3,-1,-1,-1,-1,-1,-1,-1,-1
201560S113978,2,9,0,18,0,1,1,0,0,0,2,1,6,1,35,6,-1,-1,-1,-1,-1,-1
201560S113978,3,9,0,18,0,1,0,0,0,0,0,1,1,1,45,7,-1,-1,-1,-1,-1,-1
201560S114011,1,9,0,18,0,0,0,0,0,0,1,1,6,2,49,8,-1,-1,-1,-1,-1,-1
201560S114011,2,9,0,4,0,0,0,0,0,0,2,1,6,1,24,5,-1,-1,-1,-1,-1,-1
201560S114357,1,9,0,16,0,0,0,0,0,0,1,1,6,1,18,4,-1,-1,-1,-1,-1,-1
201560S114357,2,9,0,17,0,0,0,0,0,0,1,1,6,2,51,8,-1,-1,-1,-1,-1,-1
201560S114421,1,9,0,18,0,1,0,0,0,0,1,1,6,1,45,7,-1,-1,-1,-1,-1,-1
201560S114421,2,9,0,10,0,1,0,0,0,0,2,1,6,2,62,9,-1,-1,-1,-1,-1,-1
201560S114581,1,9,0,18,0,0,1,0,1,11,1,1,6,1,54,8,-1,-1,-1,-1,-1,-1
201560S114581,2,9,0,18,0,0,0,0,0,0,1,1,6,2,50,8,-1,-1,-1,-1,-1,-1
201560S115090,1,5,0,16,0,0,0,0,0,0,1,1,6,1,42,7,-1,-1,-1,-1,-1,-1
201560S115090,2,90,0,17,0,0,0,0,0,0,1,1,6,1,56,9,-1,-1,-1,-1,-1,-1
201560S115090,3,9,0,17,0,0,0,0,0,0,3,1,6,1,39,7,-1,-1,-1,-1,-1,-1
201560S115106,1,9,0,17,0,0,2,0,1,11,3,1,6,1,18,4,-1,-1,-1,-1,-1,-1
201560S115120,1,9,0,7,0,4,0,0,0,0,1,1,6,2,34,6,-1,-1,-1,-1,-1,-1
201560S115120,2,1,0,18,0,8,0,0,0,0,2,1,6,1,45,7,-1,-1,-1,-1,-1,-1
201560S115632,1,8,0,4,0,2,0,0,0,0,0,1,1,1,49,8,-1,-1,-1,-1,-1,-1
201560S115649,1,9,0,18,0,8,1,0,0,0,2,1,1,1,32,6,-1,-1,-1,-1,-1,-1
201560S115649,2,9,0,18,0,1,0,0,0,0,1,1,6,3,-1,-1,-1,-1,-1,-1,-1,-1
201560S115774,1,9,0,18,0,1,0,0,0,0,4,1,6,1,57,9,-1,-1,-1,-1,-1,-1
201560S115952,1,9,0,5,0,0,0,0,0,0,4,1,6,2,26,6,-1,-1,-1,-1,-1,-1
201560S116171,1,3,0,4,0,0,0,0,0,0,3,1,6,1,38,7,-1,-1,-1,-1,-1,-1
201560S116171,2,9,0,18,0,0,0,0,0,0,0,1,1,1,36,7,-1,-1,-1,-1,-1,-1
201560S116255,1,9,0,18,0,1,0,0,0,0,1,1,6,1,25,5,-1,-1,-1,-1,-1,-1
201560S116255,2,9,0,4,0,1,0,0,0,0,2,1,6,1,69,10,-1,-1,-1,-1,-1,-1
201560S116452,1,9,0,16,0,0,0,0,0,0,1,1,6,2,28,6,-1,-1,-1,-1,-1,-1
201560S116452,2,9,0,3,0,0,0,0,0,0,2,1,6,1,53,8,-1,-1,-1,-1,-1,-1
201560S116452,3,9,0,3,0,0,0,0,0,0,2,1,6,2,29,6,-1,-1,-1,-1,-1,-1
201560S116498,1,9,0,18,0,2,0,0,0,0,2,1,6,1,38,7,-1,-1,-1,-1,-1,-1
201560S116498,2,9,0,12,0,7,0,0,0,0,1,1,6,2,29,6,-1,-1,-1,-1,-1,-1
201560S116504,1,9,0,6,0,0,0,0,7,11,2,1,6,2,17,4,-1,-1,-1,-1,-1,-1
201560S116723,1,5,0,16,0,1,1,0,0,0,1,1,2,1,63,9,-1,-1,-1,-1,-1,-1
201560S116723,2,21,0,9,0,6,0,0,0,0,2,1,1,1,50,8,-1,-1,-1,-1,-1,-1
201560S116749,1,9,0,17,0,0,0,0,0,0,1,1,6,1,38,7,-1,-1,-1,-1,-1,-1
201560S116749,2,9,0,3,0,0,0,0,0,0,2,1,6,1,47,8,-1,-1,-1,-1,-1,-1
201560S116953,1,98,0,5,0,4,0,0,0,0,1,1,6,1,40,7,-1,-1,-1,-1,-1,-1
201560S116953,2,9,0,3,0,4,0,0,0,0,2,1,6,1,25,5,-1,-1,-1,-1,-1,-1
201560S117007,1,9,0,5,0,1,0,0,0,0,3,1,6,2,22,5,-1,-1,-1,-1,-1,-1
201560S117007,2,1,0,18,0,1,0,0,0,0,4,1,6,1,23,5,-1,-1,-1,-1,-1,-1
201560S117018,1,9,0,9,0,1,0,0,0,0,1,1,6,2,55,8,-1,-1,-1,-1,-1,-1
201560S117018,2,9,0,18,0,1,0,0,0,0,1,1,6,1,27,6,-1,-1,-1,-1,-1,-1
201560S117184,1,11,0,18,0,0,0,0,0,0,0,1,1,3,-1,-1,-1,-1,-1,-1,-1,-1
201560S117599,1,11,0,18,0,1,0,0,0,0,1,1,1,1,23,5,-1,-1,-1,-1,-1,-1
201560S117599,2,9,0,3,0,1,0,0,0,0,2,1,6,2,39,7,-1,-1,-1,-1,-1,-1
201560S117599,3,9,0,3,0,1,0,0,0,0,2,1,6,2,64,9,-1,-1,-1,-1,-1,-1
201560S117630,1,9,0,18,0,1,0,0,0,0,1,1,6,2,40,7,-1,-1,-1,-1,-1,-1
201560S117630,2,9,0,3,0,1,0,0,0,0,2,1,6,2,29,6,-1,-1,-1,-1,-1,-1
201560S117633,1,9,0,16,0,0,1,0,0,0,1,1,6,1,29,6,-1,-1,-1,-1,-1,-1
201560S117633,2,9,0,18,0,0,0,0,0,0,1,1,6,2,56,9,-1,-1,-1,-1,-1,-1
201560S117691,1,5,0,12,0,0,1,0,5,6,1,1,6,1,63,9,-1,-1,-1,-1,-1,-1
201560S117881,1,11,0,18,0,1,0,0,0,0,4,1,1,3,-1,-1,-1,-1,-1,-1,-1,-1
201560S117881,2,1,0,18,0,1,0,0,0,0,3,1,6,1,18,4,-1,-1,-1,-1,-1,-1
201560S118066,1,9,0,17,0,1,0,0,1,2,1,1,6,1,46,8,-1,-1,-1,-1,-1,-1
201560S118203,1,9,0,18,9,0,0,0,8,11,1,1,6,1,62,9,-1,-1,-1,-1,-1,-1
201560S118477,1,9,0,17,0,0,1,0,0,0,1,1,6,1,21,5,-1,-1,-1,-1,-1,-1
201560S118477,2,9,0,17,0,0,1,0,0,0,1,1,6,2,51,8,-1,-1,-1,-1,-1,-1
201560S118542,1,9,0,9,0,6,0,0,0,0,1,1,6,1,74,10,-1,-1,-1,-1,-1,-1
201560S118542,2,1,0,18,0,1,0,0,0,0,1,1,6,1,44,7,-1,-1,-1,-1,-1,-1
201560S118660,1,9,0,15,0,1,0,0,7,1,1,1,6,1,65,9,-1,-1,-1,-1,-1,-1
201560S118660,2,1,0,9,0,1,0,0,0,0,3,1,6,1,31,6,-1,-1,-1,-1,-1,-1
201560S118714,1,9,0,18,0,0,0,0,0,0,1,1,6,2,47,8,-1,-1,-1,-1,-1,-1
201560S118714,2,9,0,18,0,0,0,0,0,0,1,1,6,2,21,5,-1,-1,-1,-1,-1,-1
201560S118724,1,9,0,18,0,0,0,0,0,0,4,1,6,1,27,6,-1,-1,-1,-1,-1,-1
201560S118749,1,9,0,5,0,6,0,0,0,0,1,1,6,2,49,8,-1,-1,-1,-1,-1,-1
201560S118749,2,9,0,18,0,8,0,0,0,0,1,1,6,1,40,7,-1,-1,-1,-1,-1,-1
201560S118897,1,9,0,16,0,8,0,0,0,0,1,1,6,1,52,8,-1,-1,-1,-1,-1,-1
201560S118897,2,9,0,17,0,8,0,0,0,0,1,1,6,1,29,6,-1,-1,-1,-1,-1,-1
201560S119334,1,3,0,18,0,1,0,0,7,10,1,1,6,1,18,4,-1,-1,-1,-1,-1,-1
201560S119396,1,9,0,18,0,1,0,0,0,0,1,1,6,2,18,4,-1,-1,-1,-1,-1,-1
201560S119396,2,9,0,3,0,1,0,0,0,0,2,1,6,1,51,8,-1,-1,-1,-1,-1,-1
201560S119666,1,9,0,18,0,2,0,0,0,0,1,1,6,2,22,5,-1,-1,-1,-1,-1,-1
201560S119666,2,9,0,18,0,2,0,0,0,0,2,1,6,2,23,5,-1,-1,-1,-1,-1,-1
201560S119868,1,19,0,16,0,0,1,0,0,0,4,1,6,1,64,9,-1,-1,-1,-1,-1,-1
201560S120040,1,9,0,13,0,1,0,0,0,0,1,1,6,1,33,6,-1,-1,-1,-1,-1,-1
201560S120040,2,9,0,9,0,1,0,0,0,0,3,1,6,1,46,8,-1,-1,-1,-1,-1,-1
201560S120065,1,9,0,16,0,0,1,0,4,6,3,1,6,1,23,5,-1,-1,-1,-1,-1,-1
201560S120556,1,9,0,18,0,1,1,0,0,0,1,1,6,1,71,10,-1,-1,-1,-1,-1,-1
201560S120689,1,9,0,18,0,8,0,0,0,0,1,1,6,2,69,10,-1,-1,-1,-1,-1,-1
201560S120689,2,9,0,9,0,8,0,0,0,0,4,1,6,1,71,10,-1,-1,-1,-1,-1,-1
201560S120689,3,9,0,2,0,2,0,0,0,0,2,1,6,1,36,7,-1,-1,-1,-1,-1,-1
201560S121115,1,9,0,18,0,1,0,0,0,0,1,1,6,2,25,5,-1,-1,-1,-1,-1,-1
201560S121115,2,5,0,3,0,1,0,0,0,0,2,1,6,2,57,9,-1,-1,-1,-1,-1,-1
201560S121117,1,17,0,18,0,0,0,0,0,0,0,1,6,3,-1,-1,-1,-1,-1,-1,-1,-1
201560S121117,2,1,0,18,0,0,0,0,0,0,1,1,6,1,49,8,-1,-1,-1,-1,-1,-1
201560S121117,3,1,0,18,0,0,0,0,0,0,2,1,6,2,45,7,-1,-1,-1,-1,-1,-1
201560S121161,1,9,0,7,0,5,0,0,0,0,3,1,6,2,45,7,-1,-1,-1,-1,-1,-1
201560S121336,1,9,0,17,0,0,1,0,1,11,1,1,6,1,39,7,-1,-1,-1,-1,-1,-1
201560S121722,1,9,0,15,0,1,0,0,0,0,1,1,6,1,50,8,-1,-1,-1,-1,-1,-1
201560S121722,2,9,0,9,0,1,0,0,0,0,3,1,6,1,49,8,-1,-1,-1,-1,-1,-1
201560S121780,1,9,0,18,0,2,0,0,0,0,4,1,6,3,-1,-1,-1,-1,-1,-1,-1,-1
201560S121780,2,1,0,18,0,2,0,0,0,0,2,1,6,1,16,4,-1,-1,-1,-1,-1,-1
201560S121917,1,9,0,5,0,0,0,0,0,0,3,1,6,2,65,9,-1,-1,-1,-1,-1,-1
201560S121964,1,9,0,18,0,1,1,0,1,10,1,1,6,1,63,9,-1,-1,-1,-1,-1,-1
201560S122059,1,9,0,7,0,2,0,0,0,0,1,1,6,3,-1,-1,-1,-1,-1,-1,-1,-1
201560S122059,2,3,0,7,0,2,0,0,0,0,2,1,6,1,17,4,-1,-1,-1,-1,-1,-1
201560S122546,1,9,0,1,0,1,0,0,0,0,2,1,6,1,40,7,-1,-1,-1,-1,-1,-1
201560S122546,2,9,0,2,0,1,0,0,0,0,3,1,6,2,40,7,-1,-1,-1,-1,-1,-1
201560S122885,1,9,0,16,0,0,0,0,0,0,1,1,6,1,87,11,-1,-1,-1,-1,-1,-1
201560S122885,2,9,0,2,0,0,0,0,0,0,2,1,6,1,30,6,-1,-1,-1,-1,-1,-1
201560S122901,1,9,0,9,0,6,0,0,0,0,3,1,6,1,34,6,-1,-1,-1,-1,-1,-1
201560S122901,2,5,0,18,0,1,0,0,0,0,1,1,6,1,57,9,-1,-1,-1,-1,-1,-1
201560S123088,1,9,0,9,0,6,0,0,0,0,1,1,6,2,25,5,-1,-1,-1,-1,-1,-1
201560S123088,2,3,0,18,0,1,1,0,0,0,1,1,6,1,29,6,-1,-1,-1,-1,-1,-1
201560S123132,1,9,0,18,0,0,0,0,0,0,1,1,1,1,41,7,-1,-1,-1,-1,-1,-1
201560S123477,1,9,0,18,0,0,0,0,0,0,1,1,6,2,69,10,-1,-1,-1,-1,-1,-1
201560S123477,2,9,0,4,0,0,0,0,0,0,2,1,6,1,78,11,-1,-1,-1,-1,-1,-1
201560S123477,3,9,0,3,0,0,0,0,0,0,2,1,6,1,40,7,-1,-1,-1,-1,-1,-1
201560S123494,1,19,0,9,0,6,0,0,0,0,3,1,1,1,28,6,-1,-1,-1,-1,-1,-1
201560S123494,2,1,0,17,0,1,0,0,0,0,1,1,6,1,36,7,-1,-1,-1,-1,-1,-1
201560S123972,1,9,0,9,0,6,0,0,0,0,1,1,6,1,54,8,-1,-1,-1,-1,-1,-1
201560S123972,2,9,0,18,0,1,1,0,0,0,1,1,6,1,40,7,-1,-1,-1,-1,-1,-1
201560S124087,1,5,0,18,0,1,0,0,0,0,1,1,6,1,58,9,-1,-1,-1,-1,-1,-1
201560S124087,2,17,0,9,0,1,0,0,0,0,2,1,1,1,22,5,-1,-1,-1,-1,-1,-1
201560S124090,1,9,0,18,0,6,0,0,0,0,1,1,6,1,83,11,-1,-1,-1,-1,-1,-1
201560S124090,2,9,0,18,0,1,0,0,0,0,1,1,6,1,30,6,-1,-1,-1,-1,-1,-1
201560S124157,1,5,0,15,0,1,1,0,0,0,1,1,6,1,38,7,-1,-1,-1,-1,-1,-1
201560S124157,2,9,0,9,0,1,0,0,0,0,3,1,6,2,34,6,-1,-1,-1,-1,-1,-1
201560S124634,1,5,0,18,0,1,1,0,0,0,4,1,1,1,62,9,-1,-1,-1,-1,-1,-1
201560S124941,1,9,0,18,0,1,0,0,0,0,1,1,6,1,55,8,-1,-1,-1,-1,-1,-1
201560S124941,2,1,0,18,0,1,0,0,0,0,1,1,6,1,5,1,-1,-1,-1,-1,-1,-1
201560S124992,1,9,0,18,0,2,0,0,0,0,3,1,6,1,30,6,-1,-1,-1,-1,-1,-1
201560S125020,1,3,0,18,0,0,0,0,1,1,1,1,6,1,19,4,-1,-1,-1,-1,-1,-1
201560S125243,1,1,0,18,0,6,0,0,0,0,1,1,6,1,32,6,-1,-1,-1,-1,-1,-1
201560S125243,2,9,0,18,0,1,0,0,0,0,4,1,6,1,21,5,-1,-1,-1,-1,-1,-1
201560S125256,1,9,0,18,0,0,1,0,0,0,1,1,6,3,-1,-1,-1,-1,-1,-1,-1,-1
201560S125256,2,9,0,18,0,0,0,0,0,0,1,1,6,2,37,7,-1,-1,-1,-1,-1,-1
201560S125258,1,9,0,16,0,0,0,0,0,0,1,1,2,1,21,5,-1,-1,-1,-1,-1,-1
201560S125258,2,9,0,17,0,0,0,0,0,0,1,1,6,1,27,6,-1,-1,-1,-1,-1,-1
201560S125269,1,9,0,18,0,8,0,0,0,0,1,1,6,1,70,10,-1,-1,-1,-1,-1,-1
201560S125269,2,1,0,18,0,8,0,0,0,0,2,1,6,1,26,6,-1,-1,-1,-1,-1,-1
201560S125338,1,5,0,16,0,0,1,0,0,0,1,1,6,1,57,9,-1,-1,-1,-1,-1,-1
201560S125338,2,9,0,17,0,0,1,0,0,0,1,1,6,2,55,8,-1,-1,-1,-1,-1,-1
201560S125450,1,9,0,16,0,0,5,6,1,10,1,1,6,1,66,10,-1,-1,-1,-1,-1,-1
201560S125532,1,9,0,18,0,1,0,0,0,0,1,1,6,2,55,8,-1,-1,-1,-1,-1,-1
201560S125532,2,1,0,5,0,1,0,0,0,0,1,1,6,1,10,2,-1,-1,-1,-1,-1,-1
201560S125672,1,9,0,9,0,6,1,0,0,0,1,1,6,2,57,9,-1,-1,-1,-1,-1,-1
201560S125672,2,9,0,18,0,1,1,10,8,4,1,1,6,1,32,6,-1,-1,-1,-1,-1,-1
201560S125672,3,9,0,18,0,1,1,0,7,0,1,1,6,1,19,4,-1,-1,-1,-1,-1,-1
201560S125729,1,9,0,16,0,0,2,0,8,10,1,1,6,1,35,6,-1,-1,-1,-1,-1,-1
201560S125729,2,9,0,17,0,0,1,0,0,0,1,1,6,1,33,6,-1,-1,-1,-1,-1,-1
201560S125873,1,9,0,9,0,1,0,0,0,0,1,2,6,1,19,4,-1,-1,-1,-1,-1,-1
201560S125873,2,9,0,18,0,1,0,0,0,0,1,1,6,1,44,7,-1,-1,-1,-1,-1,-1
201560S126022,1,9,0,18,0,1,0,0,0,0,1,1,1,1,28,6,-1,-1,-1,-1,-1,-1
201560S126022,2,9,0,3,0,1,0,0,0,0,2,1,6,1,19,4,-1,-1,-1,-1,-1,-1
201560S126022,3,9,0,10,0,1,0,0,0,0,2,1,2,1,48,8,-1,-1,-1,-1,-1,-1
201560S126085,1,9,0,16,0,0,2,0,0,0,1,1,6,1,18,4,-1,-1,-1,-1,-1,-1
201560S126085,2,9,0,18,0,0,0,0,0,0,1,1,6,1,39,7,-1,-1,-1,-1,-1,-1
201560S126719,1,20,0,16,0,0,1,0,0,0,1,1,6,1,52,8,-1,-1,-1,-1,-1,-1
201560S126719,2,9,0,17,0,0,1,0,1,0,1,1,1,1,32,6,-1,-1,-1,-1,-1,-1
201560S126738,1,9,0,9,0,3,0,0,0,0,1,1,6,1,33,6,-1,-1,-1,-1,-1,-1
201560S126738,2,9,0,3,0,3,0,0,0,0,2,1,6,1,41,7,-1,-1,-1,-1,-1,-1
201560S126738,3,9,0,3,0,2,0,0,0,0,2,1,6,1,69,10,-1,-1,-1,-1,-1,-1
201560S126882,1,9,0,18,0,8,0,0,0,0,1,1,1,1,34,6,-1,-1,-1,-1,-1,-1
201560S126882,2,1,0,18,0,8,0,0,0,0,1,1,6,1,52,8,-1,-1,-1,-1,-1,-1
201560S127106,1,9,0,18,0,0,0,0,0,0,1,1,6,1,20,4,-1,-1,-1,-1,-1,-1
201560S127106,2,9,0,3,0,0,0,0,0,0,2,1,6,2,44,7,-1,-1,-1,-1,-1,-1
201560S127106,3,9,0,3,0,0,0,0,0,0,2,1,6,1,58,9,-1,-1,-1,-1,-1,-1
201560S127484,1,9,0,18,0,0,0,0,7,4,1,1,6,1,28,6,-1,-1,-1,-1,-1,-1
201560S127549,1,9,0,2,0,0,0,0,0,0,1,1,6,1,59,9,-1,-1,-1,-1,-1,-1
201560S127681,1,9,0,16,0,0,1,0,8,11,1,1,6,2,52,8,-1,-1,-1,-1,-1,-1
201560S127736,1,9,0,18,0,0,0,0,0,0,1,1,6,3,-1,-1,-1,-1,-1,-1,-1,-1
201560S127736,2,9,0,18,0,0,0,0,0,0,2,1,6,2,62,9,-1,-1,-1,-1,-1,-1
201560S127741,1,9,0,9,0,1,0,0,0,0,1,1,6,2,55,8,-1,-1,-1,-1,-1,-1
201560S127741,2,3,0,16,0,1,0,0,0,0,1,1,6,1,17,4,-1,-1,-1,-1,-1,-1
201560S127752,1,9,0,18,0,0,0,0,0,0,1,1,6,1,32,6,-1,-1,-1,-1,-1,-1
201560S127752,2,9,0,3,0,0,0,0,0,0,2,1,6,1,57,9,-1,-1,-1,-1,-1,-1
201560S127752,3,9,0,3,0,0,0,0,0,0,2,1,6,1,74,10,-1,-1,-1,-1,-1,-1
201560S127752,4,9,0,18,0,0,0,0,0,0,1,1,6,1,30,6,-1,-1,-1,-1,-1,-1
201560S127808,1,9,0,18,0,0,1,0,0,0,2,1,6,2,37,7,-1,-1,-1,-1,-1,-1
201560S127939,1,9,0,18,0,1,0,0,0,0,1,1,6,3,-1,-1,-1,-1,-1,-1,-1,-1
201560S127939,2,9,0,3,0,1,0,0,0,0,2,1,6,1,35,6,-1,-1,-1,-1,-1,-1
201560S128341,1,9,4,16,0,1,0,10,1,0,4,1,6,1,33,6,-1,-1,-1,-1,-1,-1
201560S128380,1,9,0,9,0,6,0,0,0,0,1,1,6,2,65,9,-1,-1,-1,-1,-1,-1
201560S128380,2,1,0,3,0,2,0,0,0,0,2,1,6,1,51,8,-1,-1,-1,-1,-1,-1
201560S128380,3,1,0,3,0,2,0,0,0,0,2,1,6,2,45,7,-1,-1,-1,-1,-1,-1
201560S128496,1,9,0,9,0,6,0,0,0,0,1,1,6,2,28,6,-1,-1,-1,-1,-1,-1
201560S128496,2,9,0,18,0,1,0,0,0,0,1,1,6,1,45,7,-1,-1,-1,-1,-1,-1
201560S128870,1,9,0,9,0,8,0,0,0,0,4,1,6,3,-1,-1,-1,-1,-1,-1,-1,-1
201560S128870,2,1,0,18,0,8,0,0,0,0,3,1,6,1,55,8,-1,-1,-1,-1,-1,-1
201560S128925,1,9,0,4,0,2,0,0,0,0,1,1,6,2,52,8,-1,-1,-1,-1,-1,-1
201560S128925,2,9,0,3,0,2,0,0,0,0,2,1,6,2,28,6,-1,-1,-1,-1,-1,-1
201560S128925,3,9,0,3,0,2,0,0,0,0,2,1,6,2,64,9,-1,-1,-1,-1,-1,-1
201560S129118,1,9,0,18,0,4,0,0,0,0,1,1,6,2,18,4,-1,-1,-1,-1,-1,-1
201560S129118,2,9,0,4,0,4,0,0,0,0,2,1,6,2,36,7,-1,-1,-1,-1,-1,-1
201560S129141,1,9,0,18,0,1,0,0,0,0,1,1,6,1,74,10,-1,-1,-1,-1,-1,-1
201560S129152,1,3,0,12,0,1,0,0,0,0,3,1,6,1,28,6,-1,-1,-1,-1,-1,-1
201560S129152,2,9,0,18,0,1,0,0,0,0,4,1,6,1,29,6,-1,-1,-1,-1,-1,-1
201560S129152,3,5,0,18,0,1,0,0,0,0,0,1,6,1,63,9,-1,-1,-1,-1,-1,-1
201560S129152,4,3,0,18,0,1,0,0,0,0,0,1,6,1,17,4,-1,-1,-1,-1,-1,-1
201560S129419,1,9,0,18,0,1,0,0,0,0,1,1,6,1,40,7,-1,-1,-1,-1,-1,-1
201560S129419,2,9,0,7,0,6,0,0,0,0,1,1,6,2,49,8,-1,-1,-1,-1,-1,-1
201560S129459,1,9,0,9,0,5,0,0,0,0,1,1,6,1,35,6,-1,-1,-1,-1,-1,-1
201560S129459,2,1,0,16,0,1,0,0,0,0,1,1,6,1,25,5,-1,-1,-1,-1,-1,-1
201560S130018,1,9,0,9,0,6,0,0,0,0,1,1,6,2,74,10,-1,-1,-1,-1,-1,-1
201560S130018,2,9,0,10,0,1,0,0,0,0,3,1,6,2,22,5,-1,-1,-1,-1,-1,-1
201560S130035,1,11,0,18,0,0,0,0,0,0,2,1,1,1,62,9,-1,-1,-1,-1,-1,-1
201560S130035,2,1,0,18,0,0,0,0,0,0,1,1,6,1,50,8,-1,-1,-1,-1,-1,-1
201560S130098,1,5,0,18,0,0,0,0,0,0,1,1,6,1,57,9,-1,-1,-1,-1,-1,-1
201560S130098,2,9,0,18,0,0,0,0,0,0,3,1,6,2,71,10,-1,-1,-1,-1,-1,-1
201560S130098,3,9,0,18,0,0,0,0,0,0,2,1,1,1,46,8,-1,-1,-1,-1,-1,-1
201560S130113,1,5,0,18,0,4,1,0,0,0,1,1,6,1,28,6,-1,-1,-1,-1,-1,-1
201560S130113,2,9,0,18,0,1,0,0,0,0,0,1,1,1,33,6,-1,-1,-1,-1,-1,-1
201560S130273,1,11,0,15,0,1,0,0,0,0,4,1,1,3,-1,-1,-1,-1,-1,-1,-1,-1
201560S130273,2,1,0,14,0,1,0,0,0,0,3,1,6,1,15,3,-1,-1,-1,-1,-1,-1
201560S130314,1,9,0,9,0,1,0,0,0,0,1,1,6,3,-1,-1,-1,-1,-1,-1,-1,-1
201560S130314,2,1,0,18,0,1,0,0,0,0,2,1,6,1,13,3,-1,-1,-1,-1,-1,-1
201560S130343,1,9,0,16,0,0,1,0,7,11,1,1,2,1,24,5,-1,-1,-1,-1,-1,-1
201560S130343,2,9,0,17,0,0,0,0,0,0,1,1,6,1,79,11,-1,-1,-1,-1,-1,-1
201560S130482,1,19,0,18,0,0,0,0,0,0,1,1,6,1,27,6,-1,-1,-1,-1,-1,-1
201560S130482,2,19,0,18,0,0,0,0,0,0,1,1,6,1,69,10,-1,-1,-1,-1,-1,-1
201560S130641,1,9,0,13,0,0,0,0,0,0,4,1,6,3,-1,-1,-1,-1,-1,-1,-1,-1
201560S130641,2,1,0,18,0,0,0,0,0,0,3,1,6,1,56,9,-1,-1,-1,-1,-1,-1
201560S130648,1,9,0,18,0,2,0,0,0,0,4,1,6,3,-1,-1,-1,-1,-1,-1,-1,-1
201560S130681,1,9,0,1,0,0,0,0,0,0,2,1,6,2,45,7,-1,-1,-1,-1,-1,-1
201560S130681,2,5,0,3,0,0,0,0,0,0,1,1,6,1,25,5,-1,-1,-1,-1,-1,-1
201560S130763,1,1,0,18,0,1,0,0,0,0,1,1,6,1,14,3,-1,-1,-1,-1,-1,-1