Accident_Index,Vehicle_Reference,Vehicle_Type,Towing_and_Articulation,Vehicle_Manoeuvre,Vehicle_Location-Restricted_Lane,Junction_Location,Skidding_and_Overturning,Hit_Object_in_Carriageway,Vehicle_Leaving_Carriageway,Hit_Object_off_Carriageway,1st_Point_of_Impact,Was_Vehicle_Left_Hand_Drive?,Journey_Purpose_of_Driver,Sex_of_Driver,Age_of_Driver,Age_Band_of_Driver,Engine_Capacity_(CC),Propulsion_Code,Age_of_Vehicle,Driver_IMD_Decile,Driver_Home_Area_Type,Vehicle_IMD_Decile
201560S148776,1,9,0,17,0,0,0,0,0,0,1,1,6,1,17,4,-1,-1,-1,-1,-1,-1
201560S148776,2,1,0,2,0,0,0,0,0,0,3,1,6,1,32,6,-1,-1,-1,-1,-1,-1
201560S148793,1,9,0,5,0,6,0,0,0,0,1,1,6,1,29,6,-1,-1,-1,-1,-1,-1
201560S148793,2,9,0,18,0,1,0,0,0,0,1,1,6,1,62,9,-1,-1,-1,-1,-1,-1
201560S149312,1,9,0,18,0,1,0,0,0,0,1,1,2,2,52,8,-1,-1,-1,-1,-1,-1
201560S149312,2,2,0,3,0,1,0,0,0,0,2,1,4,1,17,4,-1,-1,-1,-1,-1,-1
201560S149635,1,9,0,18,0,1,0,0,0,0,1,1,6,1,26,6,-1,-1,-1,-1,-1,-1
201560S149635,2,9,0,3,0,1,0,0,0,0,2,1,6,1,31,6,-1,-1,-1,-1,-1,-1
201560S149635,3,9,0,3,0,1,0,0,0,0,2,1,6,2,20,4,-1,-1,-1,-1,-1,-1
201560S149644,1,9,0,18,0,0,0,0,0,0,4,1,6,1,50,8,-1,-1,-1,-1,-1,-1
201560S149733,1,9,0,9,0,6,0,0,0,0,1,1,6,3,-1,-1,-1,-1,-1,-1,-1,-1
201560S149741,1,9,0,18,0,1,0,0,0,0,1,1,6,2,24,5,-1,-1,-1,-1,-1,-1
201560S149741,2,9,0,10,0,1,0,0,0,0,2,1,6,1,54,8,-1,-1,-1,-1,-1,-1
201560S149892,1,9,0,7,0,5,0,0,0,0,4,1,6,2,19,4,-1,-1,-1,-1,-1,-1
201560S149892,2,1,0,18,0,1,0,0,0,0,1,1,6,1,20,4,-1,-1,-1,-1,-1,-1
201560S149938,1,9,0,18,0,0,1,0,1,4,1,1,2,1,33,6,-1,-1,-1,-1,-1,-1
201560S150237,1,9,0,9,0,8,0,0,0,0,3,1,2,1,32,6,-1,-1,-1,-1,-1,-1
201560S150237,2,9,0,18,0,1,5,0,0,0,4,1,2,1,36,7,-1,-1,-1,-1,-1,-1
201560S150247,1,9,0,16,0,0,0,0,1,10,1,1,6,2,22,5,-1,-1,-1,-1,-1,-1
201560S150253,1,9,0,9,0,8,0,0,0,0,1,1,6,1,73,10,-1,-1,-1,-1,-1,-1
201560S150253,2,19,0,18,0,5,1,0,0,0,3,1,1,1,57,9,-1,-1,-1,-1,-1,-1
201560S150324,1,98,0,18,0,0,0,0,0,0,4,1,6,3,-1,-1,-1,-1,-1,-1,-1,-1
201560S150324,2,9,0,2,0,0,0,0,0,0,0,1,6,1,26,6,-1,-1,-1,-1,-1,-1
201560S150820,1,9,0,16,0,1,0,0,0,0,1,1,1,2,28,6,-1,-1,-1,-1,-1,-1
201560S150863,1,9,0,4,0,0,0,0,0,0,1,1,6,1,69,10,-1,-1,-1,-1,-1,-1
201560S150863,2,9,0,3,0,0,0,0,0,0,2,1,6,2,81,11,-1,-1,-1,-1,-1,-1
201560S151010,1,20,0,18,0,7,1,0,0,0,1,1,1,1,35,6,-1,-1,-1,-1,-1,-1
201560S151010,2,9,0,3,0,7,1,0,0,0,2,1,6,1,35,6,-1,-1,-1,-1,-1,-1
201560S151010,3,9,0,3,0,7,0,0,0,0,2,1,6,1,65,9,-1,-1,-1,-1,-1,-1
201560S151010,4,9,0,3,0,7,0,0,0,0,2,1,6,1,66,10,-1,-1,-1,-1,-1,-1
201560S151364,1,9,0,18,0,1,0,0,3,11,1,1,2,1,20,4,-1,-1,-1,-1,-1,-1
201560S152156,1,9,0,5,0,0,0,0,0,0,1,1,6,1,45,7,-1,-1,-1,-1,-1,-1
201560S152159,1,97,0,18,0,1,1,0,0,0,1,1,6,1,61,9,-1,-1,-1,-1,-1,-1
201560S152159,2,9,0,18,0,1,0,0,0,0,1,1,6,1,42,7,-1,-1,-1,-1,-1,-1
201560S152191,1,9,0,5,8,0,0,0,0,0,3,1,6,2,71,10,-1,-1,-1,-1,-1,-1
201560S152191,2,5,0,18,0,0,0,0,0,0,1,1,6,1,54,8,-1,-1,-1,-1,-1,-1
201560S152780,1,9,0,17,6,1,1,0,1,0,1,1,6,1,19,4,-1,-1,-1,-1,-1,-1
201560S152780,2,9,0,2,6,1,0,0,0,0,2,1,3,1,64,9,-1,-1,-1,-1,-1,-1
201560S152780,3,9,0,4,0,1,0,0,0,0,0,1,3,1,48,8,-1,-1,-1,-1,-1,-1
201560S152782,1,21,0,7,0,5,0,0,0,0,1,1,1,1,46,8,-1,-1,-1,-1,-1,-1
201560S152866,1,9,0,16,0,0,2,0,1,10,4,1,2,1,22,5,-1,-1,-1,-1,-1,-1
201560S152905,1,9,0,18,0,1,0,0,0,0,1,1,6,1,-1,-1,-1,-1,-1,-1,-1,-1
201560S152905,2,9,0,9,0,8,0,0,0,0,4,1,1,2,31,6,-1,-1,-1,-1,-1,-1
201560S153006,1,9,0,18,0,0,0,0,2,11,1,1,6,2,19,4,-1,-1,-1,-1,-1,-1
201560S153068,1,9,0,16,0,1,1,0,1,3,1,1,6,1,23,5,-1,-1,-1,-1,-1,-1
201560S153110,1,9,0,9,0,2,0,0,0,0,1,1,6,2,39,7,-1,-1,-1,-1,-1,-1
201560S153110,2,3,0,18,0,1,0,0,0,0,1,1,6,1,44,7,-1,-1,-1,-1,-1,-1
201560S153124,1,19,0,13,0,0,0,0,0,0,4,1,6,1,52,8,-1,-1,-1,-1,-1,-1
201560S153124,2,1,0,18,0,0,0,0,0,0,3,1,6,1,54,8,-1,-1,-1,-1,-1,-1
201560S153125,1,9,0,18,0,1,0,0,0,0,1,1,6,1,42,7,-1,-1,-1,-1,-1,-1
201560S153125,2,19,0,3,0,1,0,0,0,0,2,1,6,1,53,8,-1,-1,-1,-1,-1,-1
201560S153132,1,9,0,17,0,0,5,0,1,10,4,1,6,1,18,4,-1,-1,-1,-1,-1,-1
201560S153241,1,5,0,16,0,0,0,0,0,0,3,1,6,1,24,5,-1,-1,-1,-1,-1,-1
201560S153241,2,9,0,17,8,0,0,0,0,0,3,1,6,2,24,5,-1,-1,-1,-1,-1,-1
201560S153328,1,9,0,18,0,0,2,0,1,11,4,1,6,1,21,5,-1,-1,-1,-1,-1,-1
201560S153328,2,9,0,18,0,0,0,0,0,0,0,1,6,1,68,10,-1,-1,-1,-1,-1,-1
201560S153373,1,9,0,18,0,3,0,0,0,0,1,1,6,2,-1,-1,-1,-1,-1,-1,-1,-1
201560S153618,1,19,0,1,0,6,0,0,0,0,4,1,6,1,66,10,-1,-1,-1,-1,-1,-1
201560S153618,2,9,0,16,0,1,0,0,0,0,1,1,2,1,38,7,-1,-1,-1,-1,-1,-1
201560S153638,1,9,0,18,0,0,0,0,0,0,1,1,6,2,58,9,-1,-1,-1,-1,-1,-1
201560S153638,2,1,0,18,0,0,0,0,0,0,2,1,6,1,78,11,-1,-1,-1,-1,-1,-1
201560S153760,1,21,0,11,0,0,0,0,0,0,1,1,6,1,53,8,-1,-1,-1,-1,-1,-1
201560S153760,2,9,0,18,0,0,1,0,4,6,3,1,1,2,67,10,-1,-1,-1,-1,-1,-1
201560S154053,1,9,0,9,0,1,1,4,0,0,1,1,6,1,19,4,-1,-1,-1,-1,-1,-1
201560S154053,2,9,0,18,0,1,0,0,0,0,0,1,1,1,48,8,-1,-1,-1,-1,-1,-1
201560S154053,3,9,0,2,0,1,0,0,0,0,2,1,6,2,36,7,-1,-1,-1,-1,-1,-1
201560S154053,4,9,0,2,0,1,0,0,0,0,2,1,6,1,48,8,-1,-1,-1,-1,-1,-1
201560S154132,1,9,0,17,0,1,1,0,7,11,2,1,6,1,22,5,-1,-1,-1,-1,-1,-1
201560S154132,2,3,0,16,0,1,5,0,0,0,1,1,6,1,20,4,-1,-1,-1,-1,-1,-1
201560S154422,1,9,0,16,0,0,1,0,0,0,1,1,6,1,39,7,-1,-1,-1,-1,-1,-1
201560S154422,2,9,0,3,0,0,0,0,0,0,2,1,6,1,34,6,-1,-1,-1,-1,-1,-1
201560S154422,3,20,0,5,0,0,0,0,0,0,3,1,1,1,43,7,-1,-1,-1,-1,-1,-1
201560S154423,1,8,0,18,0,4,0,0,0,0,1,1,1,1,37,7,-1,-1,-1,-1,-1,-1
201560S154423,2,1,0,9,0,8,0,0,0,0,1,1,6,1,49,8,-1,-1,-1,-1,-1,-1
201560S154613,1,9,0,18,0,0,0,0,0,0,4,1,6,2,27,6,-1,-1,-1,-1,-1,-1
201560S155128,1,9,0,18,0,4,0,0,0,0,3,1,6,1,66,10,-1,-1,-1,-1,-1,-1
201560S155128,2,3,0,18,0,8,5,0,0,0,1,1,6,1,22,5,-1,-1,-1,-1,-1,-1
201560S155536,1,5,0,16,0,0,1,0,7,0,1,1,6,1,42,7,-1,-1,-1,-1,-1,-1
201560S155642,1,19,0,18,0,8,0,0,0,0,1,1,6,1,33,6,-1,-1,-1,-1,-1,-1
201560S155642,2,9,0,18,0,8,0,0,0,0,3,1,6,1,65,9,-1,-1,-1,-1,-1,-1
201560S155672,1,9,0,5,0,1,0,0,0,0,0,1,1,2,34,6,-1,-1,-1,-1,-1,-1
201560S155672,2,4,0,18,0,1,1,0,0,0,0,1,6,1,36,7,-1,-1,-1,-1,-1,-1
201560S156040,1,9,0,9,0,6,0,0,0,0,1,1,6,1,74,10,-1,-1,-1,-1,-1,-1
201560S156040,2,9,0,18,0,8,0,0,0,0,1,1,6,1,24,5,-1,-1,-1,-1,-1,-1
201560S156103,1,1,0,16,0,0,1,0,0,0,3,1,6,1,58,9,-1,-1,-1,-1,-1,-1
201560S156103,2,19,0,4,0,0,0,0,0,0,1,1,1,1,39,7,-1,-1,-1,-1,-1,-1
201560S156671,1,9,0,1,9,1,0,0,0,0,2,1,6,2,-1,-1,-1,-1,-1,-1,-1,-1
201560S157035,1,9,0,18,0,2,5,4,0,0,1,1,6,2,31,6,-1,-1,-1,-1,-1,-1
201560S157035,2,9,0,2,0,2,0,0,0,0,2,1,6,2,68,10,-1,-1,-1,-1,-1,-1
201560S157035,3,9,0,2,0,2,0,0,0,0,2,1,6,1,31,6,-1,-1,-1,-1,-1,-1
201560S157364,1,9,0,15,0,1,1,0,0,0,1,1,6,1,40,7,-1,-1,-1,-1,-1,-1
201560S157364,2,9,0,5,0,1,0,0,0,0,3,1,6,1,17,4,-1,-1,-1,-1,-1,-1
201560S157689,1,5,0,16,0,0,0,0,7,0,3,1,6,1,60,9,-1,-1,-1,-1,-1,-1
201560S157695,1,5,0,16,0,1,1,0,3,0,0,1,6,1,50,8,-1,-1,-1,-1,-1,-1
201560S157710,1,98,0,18,0,2,0,0,1,3,1,1,1,1,47,8,-1,-1,-1,-1,-1,-1
201560S157949,1,9,0,18,0,0,0,0,0,0,1,1,6,1,36,7,-1,-1,-1,-1,-1,-1
201560S157949,2,9,0,4,0,0,0,0,0,0,2,1,6,1,51,8,-1,-1,-1,-1,-1,-1
201560S157949,3,9,0,18,0,0,0,0,0,0,1,1,6,1,51,8,-1,-1,-1,-1,-1,-1
201560S157949,4,3,0,18,0,0,0,0,0,0,1,1,6,1,20,4,-1,-1,-1,-1,-1,-1
201560S157949,5,9,0,4,0,0,0,0,0,0,2,1,6,1,52,8,-1,-1,-1,-1,-1,-1
201560S157958,1,9,0,18,0,0,0,0,0,0,4,1,3,2,36,7,-1,-1,-1,-1,-1,-1
201560S158168,1,9,0,9,0,2,0,0,0,0,1,1,6,2,-1,-1,-1,-1,-1,-1,-1,-1
201560S158188,1,19,0,18,0,0,0,0,0,0,1,1,6,1,20,4,-1,-1,-1,-1,-1,-1
201560S158240,1,4,0,17,0,0,0,11,0,0,1,1,1,1,55,8,-1,-1,-1,-1,-1,-1
201560S158472,1,9,0,17,0,0,2,0,1,3,1,1,6,2,23,5,-1,-1,-1,-1,-1,-1
201560S158489,1,9,0,9,0,1,0,0,0,0,3,1,2,2,37,7,-1,-1,-1,-1,-1,-1
201560S158489,2,1,0,16,0,1,0,0,0,0,1,1,2,2,24,5,-1,-1,-1,-1,-1,-1
201560S158579,1,9,0,5,0,6,0,0,0,0,1,1,6,2,82,11,-1,-1,-1,-1,-1,-1
201560S158579,2,9,0,18,0,1,0,0,0,0,4,1,1,2,22,5,-1,-1,-1,-1,-1,-1
201560S158653,1,9,0,1,9,1,0,0,0,0,2,1,6,1,30,6,-1,-1,-1,-1,-1,-1
201560S159248,1,9,0,13,0,0,0,0,0,0,4,1,6,1,56,9,-1,-1,-1,-1,-1,-1
201560S159248,2,5,0,17,0,0,0,0,1,0,3,1,6,1,43,7,-1,-1,-1,-1,-1,-1
201560S159524,1,9,0,18,0,0,0,0,0,0,1,2,1,1,27,6,-1,-1,-1,-1,-1,-1
201560S159524,2,9,0,18,0,0,0,0,0,0,1,1,6,1,66,10,-1,-1,-1,-1,-1,-1
201560S159534,1,8,0,18,0,0,0,0,0,0,1,1,1,1,47,8,-1,-1,-1,-1,-1,-1
201560S159725,1,9,0,18,0,0,1,0,0,0,1,1,6,1,32,6,-1,-1,-1,-1,-1,-1
201560S159725,2,19,0,18,0,0,0,0,0,0,1,1,6,1,43,7,-1,-1,-1,-1,-1,-1
201560S159725,3,9,0,18,0,0,0,0,0,0,1,1,6,1,44,7,-1,-1,-1,-1,-1,-1
201560S159725,4,9,0,18,0,0,0,0,0,0,0,1,1,2,35,6,-1,-1,-1,-1,-1,-1
201560S159752,1,3,0,18,0,1,0,0,0,0,0,1,2,1,20,4,-1,-1,-1,-1,-1,-1
201560S160144,1,9,0,16,0,0,1,0,7,11,1,1,6,1,19,4,-1,-1,-1,-1,-1,-1
201560S160360,1,9,0,7,0,1,0,0,0,0,1,1,6,1,63,9,-1,-1,-1,-1,-1,-1
201560S160360,2,1,0,18,0,1,0,0,0,0,1,1,6,2,28,6,-1,-1,-1,-1,-1,-1
201560S160633,1,4,0,13,0,1,0,0,0,0,1,1,6,1,15,3,-1,-1,-1,-1,-1,-1
201560S160633,2,9,0,9,0,5,0,0,0,0,3,1,6,1,54,8,-1,-1,-1,-1,-1,-1
201560S160751,1,9,0,18,0,0,0,0,0,0,3,1,6,1,30,6,-1,-1,-1,-1,-1,-1
201560S160751,2,9,0,2,0,0,0,0,0,0,3,1,6,1,24,5,-1,-1,-1,-1,-1,-1
201560S161009,1,9,0,18,0,4,0,0,0,0,1,1,6,1,73,10,-1,-1,-1,-1,-1,-1
201560S161009,2,1,0,18,0,8,0,0,0,0,4,1,6,1,39,7,-1,-1,-1,-1,-1,-1
201560S161059,1,9,0,4,0,2,0,0,0,0,1,1,6,1,60,9,-1,-1,-1,-1,-1,-1
201560S161062,1,21,1,18,0,1,0,0,0,0,1,1,1,1,56,9,-1,-1,-1,-1,-1,-1
201560S161062,2,9,0,4,0,1,0,0,0,0,2,1,6,1,60,9,-1,-1,-1,-1,-1,-1
201560S161062,3,9,0,4,0,1,0,0,0,0,2,1,2,2,49,8,-1,-1,-1,-1,-1,-1
201560S161062,4,9,0,4,0,1,0,0,0,0,2,1,6,1,65,9,-1,-1,-1,-1,-1,-1
201560S161083,1,9,0,18,0,0,0,0,0,0,1,1,6,2,66,10,-1,-1,-1,-1,-1,-1
201560S161356,1,11,0,18,0,1,0,0,0,0,1,1,1,1,62,9,-1,-1,-1,-1,-1,-1
201560S161765,1,9,0,18,0,0,0,0,0,0,4,1,6,3,-1,-1,-1,-1,-1,-1,-1,-1
201560S161984,1,9,0,18,0,1,0,0,0,0,4,1,6,2,47,8,-1,-1,-1,-1,-1,-1
201560S162395,1,9,0,13,0,0,0,0,0,0,3,1,6,3,-1,-1,-1,-1,-1,-1,-1,-1
201560S162395,2,9,0,18,0,0,1,0,0,0,1,1,2,1,35,6,-1,-1,-1,-1,-1,-1
201560S162395,3,9,0,18,0,0,1,0,0,0,3,1,1,1,33,6,-1,-1,-1,-1,-1,-1
201560S162395,4,9,0,18,0,0,1,0,0,0,1,1,6,1,58,9,-1,-1,-1,-1,-1,-1
201560S162474,1,9,0,16,0,0,0,0,7,7,1,1,6,1,45,7,-1,-1,-1,-1,-1,-1
201560S162474,2,9,0,17,0,0,0,0,0,0,2,1,6,1,56,9,-1,-1,-1,-1,-1,-1
201560S162513,1,9,0,18,0,1,0,0,7,7,3,1,6,1,25,5,-1,-1,-1,-1,-1,-1
201560S162615,1,9,0,18,0,0,0,0,0,0,1,1,6,1,17,4,-1,-1,-1,-1,-1,-1
201560S162615,2,9,0,4,0,0,0,0,0,0,2,1,6,2,48,8,-1,-1,-1,-1,-1,-1
201560S162676,1,9,0,18,0,0,0,0,0,0,3,1,6,1,46,8,-1,-1,-1,-1,-1,-1
201560S163015,1,9,0,16,0,2,5,0,1,11,4,1,1,1,27,6,-1,-1,-1,-1,-1,-1
201560S163046,1,3,0,4,0,4,1,9,0,0,1,1,6,1,17,4,-1,-1,-1,-1,-1,-1
201560S163083,1,3,0,18,0,8,1,0,0,0,0,1,6,1,17,4,-1,-1,-1,-1,-1,-1
201560S163146,1,9,0,18,0,2,0,0,0,0,4,1,6,2,45,7,-1,-1,-1,-1,-1,-1
201560S163160,1,9,0,9,0,5,0,0,0,0,1,1,6,2,66,10,-1,-1,-1,-1,-1,-1
201560S163160,2,9,0,18,0,1,0,0,0,0,1,1,6,2,64,9,-1,-1,-1,-1,-1,-1
201560S163225,1,9,0,18,0,1,0,0,0,0,1,1,6,1,-1,-1,-1,-1,-1,-1,-1,-1
201560S163225,2,9,0,4,0,1,0,0,0,0,2,1,6,1,22,5,-1,-1,-1,-1,-1,-1
201560S163324,1,9,0,16,0,2,2,0,7,9,1,1,6,2,27,6,-1,-1,-1,-1,-1,-1
201560S163324,2,9,0,18,0,2,0,0,0,0,0,1,1,1,45,7,-1,-1,-1,-1,-1,-1
201560S163386,1,9,0,9,0,6,0,0,0,0,1,1,6,1,20,4,-1,-1,-1,-1,-1,-1
201560S163386,2,8,0,18,0,1,0,0,0,0,1,1,1,1,59,9,-1,-1,-1,-1,-1,-1
201560S163608,1,1,0,18,0,0,0,0,0,0,4,1,6,1,9,2,-1,-1,-1,-1,-1,-1
201560S163608,2,9,0,18,0,0,0,0,0,0,1,1,6,2,59,9,-1,-1,-1,-1,-1,-1
201560S163732,1,3,0,18,0,8,0,0,0,0,1,1,6,1,18,4,-1,-1,-1,-1,-1,-1
201560S163888,1,9,0,18,0,0,2,0,1,10,4,1,6,1,19,4,-1,-1,-1,-1,-1,-1
201560S164138,1,19,0,5,0,6,0,0,0,0,1,1,6,1,48,8,-1,-1,-1,-1,-1,-1
201560S164138,2,9,0,18,0,1,0,0,0,0,3,1,6,2,47,8,-1,-1,-1,-1,-1,-1
201560S164159,1,9,0,18,0,1,0,0,0,0,1,1,6,2,45,7,-1,-1,-1,-1,-1,-1
201560S164175,1,9,0,18,0,0,0,0,4,6,3,1,6,1,27,6,-1,-1,-1,-1,-1,-1
201560S164175,2,9,0,18,0,0,0,0,0,0,3,1,6,1,53,8,-1,-1,-1,-1,-1,-1
201560S164241,1,9,0,18,0,1,0,0,0,0,1,1,6,2,45,7,-1,-1,-1,-1,-1,-1
201560S164292,1,9,0,1,0,6,0,0,0,0,2,1,6,1,64,9,-1,-1,-1,-1,-1,-1
201560S164292,2,1,0,18,9,1,0,0,0,0,3,1,6,2,30,6,-1,-1,-1,-1,-1,-1
201560S164383,1,9,0,18,0,0,0,0,0,0,1,1,6,1,47,8,-1,-1,-1,-1,-1,-1
201560S164621,1,17,4,9,0,8,0,0,0,0,4,1,6,1,24,5,-1,-1,-1,-1,-1,-1
201560S164621,2,9,0,18,0,1,1,0,0,0,1,1,6,1,54,8,-1,-1,-1,-1,-1,-1
201560S164739,1,9,4,9,0,1,0,0,0,0,0,1,1,1,20,4,-1,-1,-1,-1,-1,-1
201560S164739,2,9,0,15,0,1,0,0,7,3,1,1,6,1,54,8,-1,-1,-1,-1,-1,-1
201560S165285,1,9,0,18,0,1,5,0,3,10,1,1,6,2,47,8,-1,-1,-1,-1,-1,-1
201560S165348,1,98,0,18,0,0,1,0,7,9,1,1,1,1,31,6,-1,-1,-1,-1,-1,-1
201560S165348,2,9,0,18,0,0,1,0,0,0,3,1,2,2,25,5,-1,-1,-1,-1,-1,-1
201560S165348,3,9,0,18,0,0,1,0,0,0,1,1,6,2,44,7,-1,-1,-1,-1,-1,-1
201560S165348,4,98,0,18,0,0,1,0,1,0,0,1,6,1,40,7,-1,-1,-1,-1,-1,-1
201560S165667,1,19,0,18,0,1,0,0,0,0,1,1,1,3,-1,-1,-1,-1,-1,-1,-1,-1
201560S165667,2,19,0,3,0,1,0,0,0,0,2,1,1,1,19,4,-1,-1,-1,-1,-1,-1
201560S165668,1,9,0,16,0,1,2,0,7,7,1,1,6,2,36,7,-1,-1,-1,-1,-1,-1
201560S165671,1,9,0,11,0,0,0,0,0,0,1,1,6,1,25,5,-1,-1,-1,-1,-1,-1
201560S165671,2,9,0,3,0,0,0,0,0,0,2,1,6,1,41,7,-1,-1,-1,-1,-1,-1
201560S165724,1,9,0,16,0,0,1,6,7,3,4,1,6,2,29,6,-1,-1,-1,-1,-1,-1
201560S166072,1,9,0,18,0,0,0,0,0,0,4,1,6,1,29,6,-1,-1,-1,-1,-1,-1
201560S166072,2,9,0,18,0,0,0,0,0,0,1,1,6,2,59,9,-1,-1,-1,-1,-1,-1
201560S166216,1,9,0,18,0,0,0,11,7,10,1,1,6,2,20,4,-1,-1,-1,-1,-1,-1
201560S166225,1,9,0,16,0,0,1,0,0,0,2,1,2,2,25,5,-1,-1,-1,-1,-1,-1
201560S166225,2,9,0,2,6,0,0,0,0,0,2,1,6,1,46,8,-1,-1,-1,-1,-1,-1
201560S166577,1,9,0,18,0,0,0,0,0,0,1,1,6,2,56,9,-1,-1,-1,-1,-1,-1
201560S166886,1,9,0,18,0,2,0,0,0,0,1,1,6,2,46,8,-1,-1,-1,-1,-1,-1
201560S166886,2,9,0,4,0,2,0,0,0,0,2,1,6,2,54,8,-1,-1,-1,-1,-1,-1
201560S166886,3,9,0,3,0,1,0,0,0,0,2,1,6,2,34,6,-1,-1,-1,-1,-1,-1
201560S167692,1,9,0,18,0,4,0,0,0,0,1,1,6,2,26,6,-1,-1,-1,-1,-1,-1
201560S167692,2,1,0,18,0,8,0,0,0,0,1,1,6,1,52,8,-1,-1,-1,-1,-1,-1
201560S167730,1,9,0,18,0,1,0,0,0,0,1,1,6,1,44,7,-1,-1,-1,-1,-1,-1
201560S167730,2,9,0,3,0,1,0,0,0,0,2,1,6,1,40,7,-1,-1,-1,-1,-1,-1
201560S167769,1,5,0,17,0,0,0,0,1,7,1,1,6,1,21,5,-1,-1,-1,-1,-1,-1
201560S167781,1,9,0,18,0,0,0,10,0,0,3,1,6,1,37,7,-1,-1,-1,-1,-1,-1
201560S167781,2,5,0,18,0,0,0,0,0,0,1,1,6,1,65,9,-1,-1,-1,-1,-1,-1
201560S167852,1,9,0,18,0,0,5,0,1,9,4,1,6,1,80,11,-1,-1,-1,-1,-1,-1
201560S167904,1,9,0,18,0,0,0,4,0,0,1,1,6,2,79,11,-1,-1,-1,-1,-1,-1
201560S167904,2,9,0,2,0,0,0,0,0,0,2,1,6,2,44,7,-1,-1,-1,-1,-1,-1
201560S168077,1,19,0,18,1,1,0,0,0,0,1,1,6,1,39,7,-1,-1,-1,-1,-1,-1
201560S168274,1,9,0,5,0,8,0,0,0,0,1,1,6,1,40,7,-1,-1,-1,-1,-1,-1
201560S168274,2,9,0,3,0,8,0,0,0,0,2,1,6,2,33,6,-1,-1,-1,-1,-1,-1
201560S168279,1,1,0,1,0,6,0,0,0,0,1,1,6,1,7,2,-1,-1,-1,-1,-1,-1
201560S168279,2,19,0,3,0,2,0,0,0,0,2,1,1,1,44,7,-1,-1,-1,-1,-1,-1
201560S168279,3,9,0,18,0,1,0,0,0,0,0,1,6,1,58,9,-1,-1,-1,-1,-1,-1
201560S168426,1,9,0,18,0,0,0,0,0,0,1,1,6,1,30,6,-1,-1,-1,-1,-1,-1
201560S168485,1,9,0,18,0,0,1,0,0,0,1,1,6,2,18,4,-1,-1,-1,-1,-1,-1
201560S168706,1,3,0,9,0,1,0,0,0,0,1,1,6,1,19,4,-1,-1,-1,-1,-1,-1
201560S168706,2,9,0,18,0,1,0,0,0,0,1,1,6,2,25,5,-1,-1,-1,-1,-1,-1
201560S168763,1,9,0,18,0,0,0,0,0,0,1,1,6,2,35,6,-1,-1,-1,-1,-1,-1
201560S168763,2,9,0,3,0,0,0,0,0,0,2,1,2,2,22,5,-1,-1,-1,-1,-1,-1
201560S168786,1,97,0,18,0,1,0,0,1,11,4,1,6,1,-1,-1,-1,-1,-1,-1,-1,-1
201560S169075,1,9,0,4,0,6,1,0,0,0,1,1,6,1,23,5,-1,-1,-1,-1,-1,-1
201560S169075,2,19,0,18,0,1,5,0,0,0,3,1,1,1,29,6,-1,-1,-1,-1,-1,-1
201560S169085,1,9,0,16,0,0,2,0,1,10,4,1,6,1,17,4,-1,-1,-1,-1,-1,-1
201560S169168,1,9,0,18,0,1,0,0,0,0,1,1,6,1,25,5,-1,-1,-1,-1,-1,-1
201560S169269,1,9,0,18,0,1,0,0,0,0,3,1,6,3,-1,-1,-1,-1,-1,-1,-1,-1
201560S169269,2,1,0,4,0,1,0,0,0,0,4,1,6,1,43,7,-1,-1,-1,-1,-1,-1
201560S169347,1,19,0,18,0,0,0,0,0,0,1,1,6,1,43,7,-1,-1,-1,-1,-1,-1
201560S169393,1,1,0,18,0,0,1,0,2,11,1,1,2,1,59,9,-1,-1,-1,-1,-1,-1
201560S169681,1,19,0,16,0,0,2,6,7,10,1,1,6,1,18,4,-1,-1,-1,-1,-1,-1
201560S169749,1,8,0,1,6,8,0,0,0,0,2,1,3,1,63,9,-1,-1,-1,-1,-1,-1
201560S169768,1,98,0,18,0,2,0,0,0,0,0,1,1,1,64,9,-1,-1,-1,-1,-1,-1
201560S169768,2,9,0,18,0,1,0,11,0,0,1,1,6,1,52,8,-1,-1,-1,-1,-1,-1
201560S170259,1,9,0,17,0,0,5,0,7,11,3,1,6,1,21,5,-1,-1,-1,-1,-1,-1
201560S170522,1,9,0,17,0,0,5,0,7,11,3,1,2,2,56,9,-1,-1,-1,-1,-1,-1
201560S170536,1,9,0,16,0,0,1,0,0,0,1,1,6,2,32,6,-1,-1,-1,-1,-1,-1
201560S170536,2,17,4,17,0,0,0,0,0,0,1,1,2,1,69,10,-1,-1,-1,-1,-1,-1
201560S170796,1,9,0,18,0,1,0,0,2,11,3,1,6,2,30,6,-1,-1,-1,-1,-1,-1
201560S170945,1,5,0,17,0,1,1,0,1,11,1,1,6,1,48,8,-1,-1,-1,-1,-1,-1
201560S170972,1,9,0,18,0,0,0,4,0,0,1,1,6,2,28,6,-1,-1,-1,-1,-1,-1
201560S170972,2,9,0,2,0,0,0,0,0,0,2,1,6,2,49,8,-1,-1,-1,-1,-1,-1
201560S170972,3,9,0,2,0,0,0,0,1,0,2,1,6,1,-1,-1,-1,-1,-1,-1,-1,-1
201560S171073,1,98,0,16,0,0,0,0,0,0,4,2,6,1,24,5,-1,-1,-1,-1,-1,-1
201560S171073,2,9,0,17,0,0,1,0,0,0,3,1,6,1,41,7,-1,-1,-1,-1,-1,-1
201560S171073,3,9,0,18,0,0,0,0,0,0,3,1,6,1,77,11,-1,-1,-1,-1,-1,-1
201560S171727,1,9,0,17,0,0,0,0,0,0,3,1,6,1,20,4,-1,-1,-1,-1,-1,-1
201560S171727,2,9,0,16,0,0,0,0,1,0,4,1,6,1,47,8,-1,-1,-1,-1,-1,-1
201560S171842,1,9,0,18,0,0,1,0,0,0,1,1,6,1,35,6,-1,-1,-1,-1,-1,-1
201560S171842,2,9,0,18,0,0,0,0,0,0,3,1,6,2,42,7,-1,-1,-1,-1,-1,-1
201560S171950,1,9,0,18,0,8,0,0,0,0,1,1,6,1,41,7,-1,-1,-1,-1,-1,-1
201560S171950,2,9,0,18,0,8,0,0,0,0,3,1,6,1,60,9,-1,-1,-1,-1,-1,-1