Accident_Index,Vehicle_Reference,Vehicle_Type,Towing_and_Articulation,Vehicle_Manoeuvre,Vehicle_Location-Restricted_Lane,Junction_Location,Skidding_and_Overturning,Hit_Object_in_Carriageway,Vehicle_Leaving_Carriageway,Hit_Object_off_Carriageway,1st_Point_of_Impact,Was_Vehicle_Left_Hand_Drive?,Journey_Purpose_of_Driver,Sex_of_Driver,Age_of_Driver,Age_Band_of_Driver,Engine_Capacity_(CC),Propulsion_Code,Age_of_Vehicle,Driver_IMD_Decile,Driver_Home_Area_Type,Vehicle_IMD_Decile
201560S191714,2,9,0,18,0,1,0,0,0,0,1,1,1,1,56,9,-1,-1,-1,-1,-1,-1
201560S192013,1,9,0,9,0,6,0,0,7,11,3,1,3,1,74,10,-1,-1,-1,-1,-1,-1
201560S192013,2,9,0,18,0,1,0,0,0,0,1,1,2,2,42,7,-1,-1,-1,-1,-1,-1
201560S192305,1,9,0,16,0,0,0,0,0,0,1,1,6,2,46,8,-1,-1,-1,-1,-1,-1
201560S192305,2,9,0,17,0,0,0,0,1,0,1,1,6,2,20,4,-1,-1,-1,-1,-1,-1
201560S192530,1,9,0,6,0,8,0,0,0,0,3,1,6,1,24,5,-1,-1,-1,-1,-1,-1
201560S192530,2,9,0,9,0,3,0,0,0,0,4,1,3,2,41,7,-1,-1,-1,-1,-1,-1
201560S192543,1,9,0,16,0,0,5,0,7,11,1,1,1,2,55,8,-1,-1,-1,-1,-1,-1
201560S192610,1,11,0,2,0,0,0,0,0,0,4,1,1,1,50,8,-1,-1,-1,-1,-1,-1
201560S192691,1,2,0,18,0,1,0,0,0,0,1,1,6,1,17,4,-1,-1,-1,-1,-1,-1
201560S192691,2,9,0,3,0,1,0,0,0,0,2,1,6,1,65,9,-1,-1,-1,-1,-1,-1
201560S192719,1,9,0,16,0,1,0,0,0,0,1,1,1,1,48,8,-1,-1,-1,-1,-1,-1
201560S192719,2,9,0,3,0,1,0,0,0,0,2,1,6,2,34,6,-1,-1,-1,-1,-1,-1
201560S193341,1,9,0,14,0,0,0,0,0,0,1,1,6,2,76,11,-1,-1,-1,-1,-1,-1
201560S193341,2,9,0,2,0,0,0,0,0,0,1,1,6,1,42,7,-1,-1,-1,-1,-1,-1
201560S193463,1,9,0,18,0,0,0,0,0,0,1,1,6,2,42,7,-1,-1,-1,-1,-1,-1
201560S193463,2,17,4,2,0,0,0,0,0,0,3,1,1,1,57,9,-1,-1,-1,-1,-1,-1
201560S193566,1,9,0,9,0,6,0,0,0,0,1,1,6,2,30,6,-1,-1,-1,-1,-1,-1
201560S193566,2,9,0,3,0,8,0,0,0,0,2,1,6,2,34,6,-1,-1,-1,-1,-1,-1
201560S193681,1,9,0,18,0,0,0,0,0,0,1,1,6,1,83,11,-1,-1,-1,-1,-1,-1
201560S193822,1,9,0,16,0,0,0,0,2,11,1,1,2,1,70,10,-1,-1,-1,-1,-1,-1
201560S193895,1,5,0,18,0,0,0,11,0,0,1,1,6,1,68,10,-1,-1,-1,-1,-1,-1
201560S193908,1,1,0,18,0,8,0,0,0,0,2,1,6,1,27,6,-1,-1,-1,-1,-1,-1
201560S193908,2,9,0,9,0,8,0,0,0,0,1,1,6,1,52,8,-1,-1,-1,-1,-1,-1
201560S193916,1,9,0,18,0,0,0,0,0,0,1,1,6,1,45,7,-1,-1,-1,-1,-1,-1
201560S193916,2,9,0,4,0,0,0,0,0,0,2,1,6,2,53,8,-1,-1,-1,-1,-1,-1
201560S194044,1,9,0,1,0,1,0,0,0,0,2,1,6,1,65,9,-1,-1,-1,-1,-1,-1
201560S194044,2,2,0,18,0,1,0,0,0,0,1,1,6,1,26,6,-1,-1,-1,-1,-1,-1
201560S194620,1,9,0,17,0,0,0,0,0,0,3,1,6,3,-1,-1,-1,-1,-1,-1,-1,-1
201560S194620,2,3,0,16,0,0,0,0,0,0,3,1,6,1,27,6,-1,-1,-1,-1,-1,-1
201560S194621,1,1,0,18,0,8,0,0,0,0,1,1,6,1,23,5,-1,-1,-1,-1,-1,-1
201560S194621,2,9,0,18,0,8,0,0,0,0,1,1,6,2,53,8,-1,-1,-1,-1,-1,-1
201560S194866,1,9,0,1,0,0,0,0,0,0,2,1,6,1,46,8,-1,-1,-1,-1,-1,-1
201560S194974,1,9,0,16,0,0,1,0,1,4,1,1,6,1,76,11,-1,-1,-1,-1,-1,-1
201560S194993,1,9,0,1,0,1,0,0,0,0,2,1,6,3,-1,-1,-1,-1,-1,-1,-1,-1
201560S194995,1,9,0,18,0,0,0,0,0,0,3,1,6,1,20,4,-1,-1,-1,-1,-1,-1
201560S194995,2,9,0,18,0,0,0,0,0,0,3,1,6,1,70,10,-1,-1,-1,-1,-1,-1
201560S195023,1,9,0,9,0,1,0,0,0,0,1,1,6,1,20,4,-1,-1,-1,-1,-1,-1
201560S195023,2,9,0,18,0,1,1,0,0,0,1,1,6,2,53,8,-1,-1,-1,-1,-1,-1
201560S195302,1,20,0,4,0,3,0,0,0,0,3,1,1,1,53,8,-1,-1,-1,-1,-1,-1
201560S195331,1,9,0,5,0,8,0,0,0,0,1,1,6,1,77,11,-1,-1,-1,-1,-1,-1
201560S195331,2,9,0,5,0,6,0,0,1,1,4,1,6,1,66,10,-1,-1,-1,-1,-1,-1
201560S195344,1,9,0,18,0,0,0,0,0,0,1,1,6,1,71,10,-1,-1,-1,-1,-1,-1
201560S195344,2,9,0,3,0,0,0,0,0,0,2,1,6,2,42,7,-1,-1,-1,-1,-1,-1
201560S195344,3,9,0,3,0,0,0,0,0,0,2,1,6,2,63,9,-1,-1,-1,-1,-1,-1
201560S195491,1,19,0,1,0,1,0,0,0,0,2,1,1,1,56,9,-1,-1,-1,-1,-1,-1
201560S195587,1,9,0,18,0,0,0,0,0,0,1,1,1,2,37,7,-1,-1,-1,-1,-1,-1
201560S195872,1,9,0,18,0,1,2,0,1,4,1,1,6,2,31,6,-1,-1,-1,-1,-1,-1
201560S195911,1,9,0,12,0,3,0,0,0,0,1,1,6,2,70,10,-1,-1,-1,-1,-1,-1
201560S195911,2,9,0,18,0,3,0,10,0,0,4,1,6,1,63,9,-1,-1,-1,-1,-1,-1
201560S195934,1,9,0,18,0,0,0,0,1,11,1,1,6,1,82,11,-1,-1,-1,-1,-1,-1
201560S195934,2,9,0,2,0,0,0,0,0,0,2,1,6,1,43,7,-1,-1,-1,-1,-1,-1
201560S195934,3,9,0,2,0,0,0,0,0,0,2,1,6,3,-1,-1,-1,-1,-1,-1,-1,-1
201560S196539,1,9,0,9,0,8,0,0,0,0,1,1,6,1,57,9,-1,-1,-1,-1,-1,-1
201560S196636,1,19,0,18,0,0,0,0,0,0,1,1,6,3,-1,-1,-1,-1,-1,-1,-1,-1
201560S196636,2,9,0,18,0,0,0,0,0,0,2,1,6,1,53,8,-1,-1,-1,-1,-1,-1
201560S197007,1,9,0,11,0,5,0,0,1,7,4,1,6,1,77,11,-1,-1,-1,-1,-1,-1
201560S197325,1,9,0,18,0,2,0,0,3,11,1,1,6,1,35,6,-1,-1,-1,-1,-1,-1
201560S197482,1,9,0,9,0,1,0,0,0,0,1,1,6,1,62,9,-1,-1,-1,-1,-1,-1
201560S197482,2,1,0,18,0,1,0,0,0,0,1,1,6,1,74,10,-1,-1,-1,-1,-1,-1
201560S198194,1,9,0,16,0,0,0,0,0,0,1,1,6,1,29,6,-1,-1,-1,-1,-1,-1
201560S198847,1,9,0,18,0,0,1,0,0,0,1,1,2,1,47,8,-1,-1,-1,-1,-1,-1
201560S199000,1,9,0,9,0,1,0,0,0,0,4,1,1,2,23,5,-1,-1,-1,-1,-1,-1
201560S199000,2,9,0,18,0,1,1,0,0,0,1,1,1,1,20,4,-1,-1,-1,-1,-1,-1
201560S199285,1,9,0,7,0,8,0,0,0,0,1,1,6,1,38,7,-1,-1,-1,-1,-1,-1
201560S199403,1,9,0,18,0,0,0,0,0,0,1,1,6,2,24,5,-1,-1,-1,-1,-1,-1
201560S199403,2,9,0,18,0,0,0,0,0,0,1,1,6,1,19,4,-1,-1,-1,-1,-1,-1
201560S199604,1,98,0,18,0,1,0,0,0,0,1,1,6,3,-1,-1,-1,-1,-1,-1,-1,-1
201560S199604,2,9,0,7,6,5,1,0,0,0,2,1,6,1,51,8,-1,-1,-1,-1,-1,-1
2015610000115,1,9,0,2,0,0,0,0,0,0,2,1,6,1,55,8,-1,-1,-1,-1,2,-1
2015610000115,2,9,0,18,0,0,1,0,0,0,1,1,6,1,22,5,-1,-1,-1,-1,1,-1
2015610000215,1,19,0,18,0,0,0,0,2,7,4,1,1,1,18,4,-1,-1,-1,-1,1,-1
2015610000315,1,9,0,18,0,0,1,0,5,6,3,1,6,1,36,7,-1,-1,-1,-1,1,-1
2015610000415,1,21,0,18,0,0,5,0,1,10,4,1,1,1,51,8,-1,-1,-1,-1,1,-1
2015610000515,1,9,0,18,0,4,0,0,0,0,2,1,6,1,55,8,-1,-1,-1,-1,1,-1
2015610000515,2,9,0,18,0,1,0,0,0,0,1,1,6,2,21,5,-1,-1,-1,-1,3,-1
2015610000615,1,9,0,18,0,8,1,0,2,7,1,1,6,1,22,5,-1,-1,-1,-1,1,-1
2015610000715,1,9,0,18,0,0,0,0,0,0,2,1,1,1,39,7,-1,-1,-1,-1,1,-1
2015610000715,2,9,0,18,0,0,0,0,0,0,1,1,6,1,54,8,-1,-1,-1,-1,-1,-1
2015610000815,1,9,0,18,0,6,0,0,0,0,0,1,6,1,88,11,-1,-1,-1,-1,2,-1
2015610000815,2,97,0,18,0,1,0,0,1,10,0,1,6,1,81,11,-1,-1,-1,-1,1,-1
2015610000915,1,9,0,3,0,6,0,0,0,0,3,1,6,2,44,7,-1,-1,-1,-1,2,-1
2015610000915,2,9,0,18,0,1,1,0,0,0,1,1,6,2,40,7,-1,-1,-1,-1,3,-1
2015610001015,1,9,0,18,0,0,0,0,8,11,1,1,6,1,20,4,-1,-1,-1,-1,2,-1
2015610001015,2,9,0,2,0,0,0,0,0,0,3,1,6,1,53,8,-1,-1,-1,-1,3,-1
2015610001115,1,1,0,5,0,4,0,0,0,0,2,1,6,1,33,6,-1,-1,-1,-1,-1,-1
2015610001115,2,9,0,3,0,4,0,0,0,0,1,1,6,3,-1,-1,-1,-1,-1,-1,-1,-1
2015610001215,1,9,0,18,0,0,5,0,1,11,4,1,6,1,31,6,-1,-1,-1,-1,1,-1
2015610001315,1,9,0,18,0,0,0,0,0,0,1,1,6,1,22,5,-1,-1,-1,-1,1,-1
2015610001315,2,9,0,3,0,0,0,0,0,0,2,1,6,1,19,4,-1,-1,-1,-1,1,-1
2015610001315,3,9,0,3,0,0,0,0,0,0,2,1,6,2,40,7,-1,-1,-1,-1,1,-1
2015610001315,4,9,0,3,0,0,0,0,0,0,2,1,6,1,23,5,-1,-1,-1,-1,1,-1
2015610001415,1,9,0,18,0,0,0,0,0,0,1,1,2,1,24,5,-1,-1,-1,-1,1,-1
2015610001515,1,9,0,18,0,0,2,0,1,4,1,1,6,1,20,4,-1,-1,-1,-1,1,-1
2015610001615,1,9,0,18,0,0,0,0,1,7,4,1,6,2,26,6,-1,-1,-1,-1,3,-1
2015610001715,1,21,1,12,0,0,0,0,0,0,3,2,1,1,54,8,-1,-1,-1,-1,-1,-1
2015610001715,2,9,0,18,0,0,1,0,0,0,4,1,6,2,34,6,-1,-1,-1,-1,3,-1
2015610001815,1,9,0,18,0,1,5,0,0,0,0,1,6,2,72,10,-1,-1,-1,-1,3,-1
2015610001915,1,9,0,18,0,0,0,0,0,0,1,1,6,1,24,5,-1,-1,-1,-1,-1,-1
2015610001915,2,9,0,18,0,0,0,0,0,0,1,1,6,1,21,5,-1,-1,-1,-1,1,-1
2015610002015,1,9,0,18,0,5,0,0,0,0,1,1,6,1,28,6,-1,-1,-1,-1,2,-1
2015610002115,1,9,0,18,0,1,0,0,0,0,2,1,6,1,-1,-1,-1,-1,-1,-1,-1,-1
2015610002115,2,9,0,18,0,1,0,0,0,0,1,1,6,1,29,6,-1,-1,-1,-1,1,-1
2015610002215,1,9,0,18,0,0,5,0,0,0,4,1,6,1,89,11,-1,-1,-1,-1,1,-1
2015610002215,2,9,0,18,0,0,0,0,0,0,3,1,6,1,56,9,-1,-1,-1,-1,1,-1
2015610002315,1,9,0,3,0,1,0,0,0,0,1,1,6,1,46,8,-1,-1,-1,-1,-1,-1
2015610002315,2,9,0,5,0,6,0,0,0,0,2,1,6,2,46,8,-1,-1,-1,-1,1,-1
2015610002415,1,9,0,18,0,1,0,0,0,0,3,1,6,1,59,9,-1,-1,-1,-1,3,-1
2015610002515,1,9,0,5,0,4,0,0,0,0,2,1,2,2,32,6,-1,-1,-1,-1,1,-1
2015610002515,2,9,0,18,0,1,0,0,0,0,1,1,6,3,-1,-1,-1,-1,-1,-1,-1,-1
2015610002615,1,9,0,18,0,1,5,0,0,0,1,1,6,2,41,7,-1,-1,-1,-1,1,-1
2015610002615,2,9,0,3,0,1,0,0,0,0,3,1,6,2,44,7,-1,-1,-1,-1,-1,-1
2015610002715,1,9,0,18,0,2,0,0,0,0,1,1,3,2,19,4,-1,-1,-1,-1,1,-1
2015610002815,1,9,0,18,0,1,0,0,0,0,4,1,6,2,27,6,-1,-1,-1,-1,-1,-1
2015610002815,2,9,0,18,0,6,0,0,0,0,1,1,6,2,49,8,-1,-1,-1,-1,1,-1
2015610002915,1,9,0,18,0,0,0,0,0,0,2,1,6,2,41,7,-1,-1,-1,-1,1,-1
2015610002915,2,9,0,18,0,0,0,0,0,0,1,1,6,2,40,7,-1,-1,-1,-1,1,-1
2015610002915,3,9,0,18,0,0,0,0,0,0,1,1,6,1,20,4,-1,-1,-1,-1,1,-1
2015610003015,1,8,0,18,0,3,0,0,0,0,4,1,1,3,-1,-1,-1,-1,-1,-1,-1,-1
2015610003215,1,21,1,18,0,0,0,0,0,0,2,1,1,3,-1,-1,-1,-1,-1,-1,-1,-1
2015610003215,2,9,0,18,0,0,0,0,0,0,1,1,6,2,59,9,-1,-1,-1,-1,1,-1
2015610003315,1,19,0,18,0,0,0,0,0,0,1,1,1,1,41,7,-1,-1,-1,-1,1,-1
2015610003415,1,9,0,18,0,0,2,0,1,0,4,1,6,1,22,5,-1,-1,-1,-1,1,-1
2015610003515,1,9,0,18,0,1,0,0,0,0,1,1,6,1,21,5,-1,-1,-1,-1,1,-1
2015610003515,2,8,0,18,0,2,0,0,0,0,1,1,1,1,59,9,-1,-1,-1,-1,1,-1
2015610003615,1,9,0,18,0,0,2,0,1,9,4,1,6,1,73,10,-1,-1,-1,-1,1,-1
2015610003715,1,11,0,18,0,8,0,0,0,0,1,1,1,1,-1,-1,-1,-1,-1,-1,1,-1
2015610003715,2,11,0,1,0,1,0,0,0,0,2,1,1,1,39,7,-1,-1,-1,-1,3,-1
2015610003815,1,1,0,18,0,8,0,0,0,0,1,1,6,1,42,7,-1,-1,-1,-1,1,-1
2015610003815,2,9,0,18,0,4,0,0,0,0,3,1,6,1,-1,-1,-1,-1,-1,-1,1,-1
2015610003915,1,9,0,18,0,4,0,0,0,0,2,1,6,1,23,5,-1,-1,-1,-1,1,-1
2015610003915,2,9,0,18,0,1,0,0,0,0,1,1,6,3,-1,-1,-1,-1,-1,-1,-1,-1
2015610004015,1,5,0,13,0,0,0,0,0,0,3,1,6,1,25,5,-1,-1,-1,-1,1,-1
2015610004115,1,9,0,18,0,0,0,0,0,0,2,1,6,1,18,4,-1,-1,-1,-1,-1,-1
2015610004115,2,9,0,18,0,0,0,0,0,0,2,1,6,1,33,6,-1,-1,-1,-1,-1,-1
2015610004115,3,9,0,18,0,0,0,0,0,0,2,1,6,1,43,7,-1,-1,-1,-1,-1,-1
2015610004115,4,9,0,18,0,0,0,0,0,0,1,1,6,1,35,6,-1,-1,-1,-1,-1,-1
2015610004215,1,9,0,10,0,0,0,0,0,0,2,1,6,2,50,8,-1,-1,-1,-1,1,-1
2015610004215,2,9,0,13,0,0,0,0,0,0,1,1,6,2,42,7,-1,-1,-1,-1,3,-1
2015610004315,1,9,0,18,0,1,0,0,0,0,1,1,2,1,25,5,-1,-1,-1,-1,2,-1
2015610004315,2,3,0,18,0,4,0,0,0,0,2,1,2,1,20,4,-1,-1,-1,-1,1,-1
2015610004415,1,9,0,18,0,8,0,0,0,0,1,1,2,2,35,6,-1,-1,-1,-1,1,-1
2015610004415,2,9,0,9,0,5,0,0,0,0,4,1,6,2,24,5,-1,-1,-1,-1,1,-1
2015610004515,1,9,0,18,0,4,0,0,0,0,1,1,6,1,59,9,-1,-1,-1,-1,1,-1
2015610004515,2,1,0,18,0,8,0,0,0,0,4,1,6,1,55,8,-1,-1,-1,-1,1,-1
2015610004615,1,9,0,18,0,0,0,0,0,0,3,1,6,1,50,8,-1,-1,-1,-1,1,-1
2015610004715,1,9,0,1,0,0,0,0,0,0,0,1,6,1,74,10,-1,-1,-1,-1,1,-1
2015610004815,1,9,0,5,0,0,0,0,0,0,1,1,6,1,19,4,-1,-1,-1,-1,-1,-1
2015610004815,2,9,0,18,0,0,1,0,0,0,1,1,6,2,20,4,-1,-1,-1,-1,-1,-1
2015610004915,1,9,0,18,0,0,1,0,1,11,4,1,6,1,29,6,-1,-1,-1,-1,3,-1
2015610005015,1,9,0,18,0,2,0,0,0,0,0,1,6,3,-1,-1,-1,-1,-1,-1,-1,-1
2015610005115,1,9,0,18,0,0,0,10,0,0,4,1,6,1,22,5,-1,-1,-1,-1,1,-1
2015610005215,1,9,0,7,0,6,0,0,0,0,1,1,1,2,56,9,-1,-1,-1,-1,2,-1
2015610005215,2,1,0,18,0,8,0,0,0,0,4,1,2,1,51,8,-1,-1,-1,-1,-1,-1
2015610005315,1,3,0,16,0,0,0,0,1,2,4,1,6,1,21,5,-1,-1,-1,-1,1,-1
2015610005415,1,3,0,18,0,1,1,0,0,0,4,1,2,1,42,7,-1,-1,-1,-1,1,-1
2015610005415,2,9,0,7,0,6,0,0,0,0,1,1,6,1,44,7,-1,-1,-1,-1,1,-1
2015610005515,1,9,0,4,0,0,0,0,0,0,1,1,6,1,65,9,-1,-1,-1,-1,1,-1
2015610005515,2,9,0,3,0,0,0,0,0,0,2,1,6,1,56,9,-1,-1,-1,-1,2,-1
2015610005515,3,9,0,3,0,0,0,0,0,0,2,1,6,2,43,7,-1,-1,-1,-1,1,-1
2015610005615,1,9,0,18,0,0,0,0,7,11,1,1,6,1,48,8,-1,-1,-1,-1,1,-1
2015610005715,1,9,0,18,0,1,0,0,0,0,1,1,6,2,47,8,-1,-1,-1,-1,1,-1
2015610005715,2,19,0,7,0,5,0,0,0,0,4,1,1,1,54,8,-1,-1,-1,-1,1,-1
2015610005815,1,8,0,9,0,6,0,0,0,0,1,1,1,1,36,7,-1,-1,-1,-1,1,-1
2015610005915,1,9,0,18,0,0,0,0,0,0,2,1,6,2,52,8,-1,-1,-1,-1,1,-1
2015610005915,2,19,0,18,0,0,0,0,0,0,1,1,1,1,64,9,-1,-1,-1,-1,1,-1
2015610006015,1,9,0,18,0,0,5,10,1,9,4,1,6,1,27,6,-1,-1,-1,-1,1,-1
2015610006115,1,19,0,4,0,0,0,0,0,0,2,1,1,1,64,9,-1,-1,-1,-1,1,-1
2015610006115,2,9,0,4,0,0,0,0,0,0,2,1,6,1,23,5,-1,-1,-1,-1,-1,-1
2015610006115,3,9,0,4,0,0,0,0,0,0,1,1,6,1,87,11,-1,-1,-1,-1,1,-1
2015610006215,1,9,0,18,0,0,0,0,0,0,4,1,6,3,-1,-1,-1,-1,-1,-1,-1,-1
2015610006315,1,9,0,18,0,1,0,0,0,0,1,1,6,2,43,7,-1,-1,-1,-1,1,-1
2015610006315,2,9,0,2,0,8,0,0,0,0,1,1,6,2,-1,-1,-1,-1,-1,-1,1,-1
2015610006415,1,9,0,4,0,6,0,0,3,11,1,1,6,2,43,7,-1,-1,-1,-1,1,-1
2015610006515,1,9,0,4,0,0,0,0,0,0,4,1,6,2,81,11,-1,-1,-1,-1,1,-1
2015610006615,1,9,0,18,0,8,0,10,1,2,4,1,6,2,41,7,-1,-1,-1,-1,1,-1
2015610006715,1,9,0,18,0,0,0,0,0,0,2,1,6,2,33,6,-1,-1,-1,-1,-1,-1
2015610006715,2,9,0,18,0,0,0,0,0,0,1,1,6,1,31,6,-1,-1,-1,-1,-1,-1
2015610006815,1,9,0,9,0,5,0,0,0,0,1,1,6,1,25,5,-1,-1,-1,-1,1,-1
2015610006815,2,1,0,18,0,1,0,0,0,0,1,1,6,1,48,8,-1,-1,-1,-1,1,-1
2015610006915,1,9,0,9,0,5,0,0,0,0,4,1,6,2,24,5,-1,-1,-1,-1,-1,-1
2015610006915,2,9,0,18,0,1,0,0,0,0,1,1,6,2,63,9,-1,-1,-1,-1,1,-1
2015610007015,1,9,0,18,0,0,0,0,0,0,1,1,6,2,38,7,-1,-1,-1,-1,1,-1
2015610007015,2,1,0,18,0,0,0,0,0,0,2,1,6,2,44,7,-1,-1,-1,-1,1,-1
2015610007115,1,9,0,18,0,0,0,0,0,0,2,1,6,1,78,11,-1,-1,-1,-1,2,-1
2015610007115,2,19,0,18,0,0,0,0,0,0,1,1,2,1,49,8,-1,-1,-1,-1,1,-1
2015610007115,3,9,0,18,0,0,0,0,0,0,1,1,2,2,36,7,-1,-1,-1,-1,1,-1
2015610007215,1,9,0,18,0,3,0,0,0,0,2,1,6,1,24,5,-1,-1,-1,-1,1,-1
2015610007215,2,9,0,18,0,3,0,0,0,0,1,1,6,3,-1,-1,-1,-1,-1,-1,-1,-1
2015610007315,1,9,0,18,0,4,0,10,7,2,3,1,6,1,68,10,-1,-1,-1,-1,2,-1
2015610007415,1,21,0,7,0,8,0,0,0,0,4,1,1,1,33,6,-1,-1,-1,-1,1,-1
2015610007415,2,9,0,18,0,8,0,0,0,0,1,1,6,1,42,7,-1,-1,-1,-1,-1,-1
2015610007515,1,9,0,4,0,1,0,0,0,0,2,1,6,1,59,9,-1,-1,-1,-1,1,-1
2015610007515,2,9,0,4,0,1,0,0,0,0,2,1,6,2,44,7,-1,-1,-1,-1,2,-1
2015610007515,3,9,0,3,0,1,0,0,0,0,1,1,6,2,77,11,-1,-1,-1,-1,1,-1
2015610007615,1,9,0,18,0,0,0,0,0,0,1,1,6,1,30,6,-1,-1,-1,-1,3,-1
2015610007615,2,9,0,2,0,0,0,0,0,0,2,1,6,1,-1,-1,-1,-1,-1,-1,-1,-1
2015610007715,1,5,0,18,0,4,1,9,0,0,1,1,6,1,34,6,-1,-1,-1,-1,1,-1
2015610007815,1,9,0,18,0,1,0,0,0,0,1,1,6,1,22,5,-1,-1,-1,-1,1,-1
2015610007815,2,9,0,18,0,1,0,0,0,0,2,1,6,2,30,6,-1,-1,-1,-1,2,-1
2015610007815,3,9,0,10,0,5,0,0,0,0,2,1,6,1,51,8,-1,-1,-1,-1,2,-1
2015610007915,1,9,0,18,0,0,0,0,0,0,2,1,6,1,41,7,-1,-1,-1,-1,1,-1
2015610007915,2,9,0,18,0,0,0,0,0,0,1,1,6,1,34,6,-1,-1,-1,-1,1,-1
2015610008015,1,9,0,18,0,0,0,0,0,0,2,1,6,1,40,7,-1,-1,-1,-1,-1,-1
2015610008015,2,9,0,18,0,0,0,0,0,0,2,1,6,2,35,6,-1,-1,-1,-1,-1,-1
2015610008015,3,9,0,18,0,0,0,0,0,0,1,1,6,2,38,7,-1,-1,-1,-1,-1,-1
2015610008115,1,9,0,18,0,0,1,0,1,11,1,1,2,2,26,6,-1,-1,-1,-1,1,-1
2015610008215,1,9,0,11,0,3,0,0,0,0,3,1,2,1,47,8,-1,-1,-1,-1,2,-1
2015610008215,2,9,0,18,0,3,0,0,0,0,4,1,4,1,47,8,-1,-1,-1,-1,1,-1
2015610008315,1,9,0,16,0,0,2,0,1,0,1,1,6,1,53,8,-1,-1,-1,-1,1,-1
2015610008315,2,9,0,18,0,0,0,0,0,0,1,1,6,1,58,9,-1,-1,-1,-1,2,-1
2015610008415,1,3,0,18,0,0,0,0,0,0,1,1,6,1,21,5,-1,-1,-1,-1,1,-1
2015610008415,2,11,0,18,0,0,1,0,0,0,1,1,3,1,30,6,-1,-1,-1,-1,1,-1
2015610008515,1,9,0,5,0,0,0,0,0,0,3,1,6,2,66,10,-1,-1,-1,-1,1,-1
2015610008515,2,9,0,14,0,0,0,0,7,0,4,1,6,1,-1,-1,-1,-1,-1,-1,-1,-1
2015610008615,1,9,0,18,0,0,0,0,0,0,1,1,6,2,23,5,-1,-1,-1,-1,2,-1
2015610008615,2,9,0,18,0,0,0,0,0,0,4,1,6,3,-1,-1,-1,-1,-1,-1,-1,-1
2015610008615,3,9,0,1,0,0,0,0,0,0,2,1,6,2,-1,-1,-1,-1,-1,-1,-1,-1
2015610008715,1,9,0,18,0,0,5,0,1,2,4,1,6,1,26,6,-1,-1,-1,-1,1,-1
2015610008715,2,9,0,18,0,0,0,0,0,0,3,1,1,2,50,8,-1,-1,-1,-1,1,-1
2015610008815,1,9,0,18,0,0,0,0,0,0,1,1,3,2,26,6,-1,-1,-1,-1,1,-1
2015610008915,1,9,0,14,0,3,0,0,0,0,1,1,1,1,46,8,-1,-1,-1,-1,1,-1
2015610008915,2,1,0,18,0,6,0,0,0,0,2,1,6,1,48,8,-1,-1,-1,-1,1,-1
2015610009015,1,11,0,16,2,0,0,0,0,0,4,2,1,1,53,8,-1,-1,-1,-1,1,-1
2015610009115,1,19,0,16,0,0,1,0,0,0,1,1,1,1,23,5,-1,-1,-1,-1,1,-1
2015610009115,2,19,0,17,0,0,0,0,0,0,1,1,1,1,47,8,-1,-1,-1,-1,1,-1
2015610009215,1,2,0,18,0,0,0,0,0,0,1,1,6,1,19,4,-1,-1,-1,-1,1,-1
2015610009215,2,9,0,2,0,0,0,0,0,0,1,1,6,1,-1,-1,-1,-1,-1,-1,1,-1
2015610009315,1,9,0,18,0,0,0,0,0,0,1,1,6,1,20,4,-1,-1,-1,-1,1,-1
2015610009315,2,9,0,18,0,0,0,0,0,0,1,1,6,1,72,10,-1,-1,-1,-1,1,-1
2015610009415,1,9,0,18,0,3,0,0,0,0,1,1,6,1,22,5,-1,-1,-1,-1,1,-1
2015610009515,1,9,0,6,0,0,0,0,0,0,1,1,6,2,38,7,-1,-1,-1,-1,-1,-1
2015610009515,2,9,0,18,0,0,0,0,0,0,1,1,6,1,29,6,-1,-1,-1,-1,1,-1
2015610009515,3,9,0,18,0,0,0,0,0,0,3,1,6,2,21,5,-1,-1,-1,-1,-1,-1
2015610009615,1,9,0,7,0,5,0,0,0,0,1,1,6,1,17,4,-1,-1,-1,-1,1,-1
2015610009615,2,9,0,10,0,6,0,0,0,0,1,1,6,1,36,7,-1,-1,-1,-1,1,-1
2015610009715,1,9,0,4,0,0,0,0,0,0,3,1,6,2,35,6,-1,-1,-1,-1,1,-1
2015610009715,2,9,0,18,0,0,0,0,0,0,4,1,1,2,53,8,-1,-1,-1,-1,1,-1
2015610009915,1,9,0,18,0,0,0,0,0,0,1,1,2,1,22,5,-1,-1,-1,-1,1,-1
2015610009915,2,19,0,2,9,0,0,0,0,0,0,1,6,1,-1,-1,-1,-1,-1,-1,1,-1
2015610010015,1,9,0,4,0,0,0,0,0,0,2,1,6,1,18,4,-1,-1,-1,-1,1,-1
2015610010015,2,9,0,18,0,0,1,0,0,0,1,1,6,1,18,4,-1,-1,-1,-1,1,-1
2015610010015,3,9,0,17,0,0,0,0,0,0,0,1,6,2,53,8,-1,-1,-1,-1,1,-1
2015610010115,1,9,0,18,0,1,0,0,1,0,1,1,6,1,21,5,-1,-1,-1,-1,3,-1
2015610010115,2,9,0,8,0,1,0,0,0,0,1,1,6,1,49,8,-1,-1,-1,-1,3,-1
2015610010215,1,9,0,18,0,0,0,7,1,10,1,1,6,1,32,6,-1,-1,-1,-1,1,-1
2015610010315,1,3,0,18,0,0,1,0,0,0,0,1,6,1,17,4,-1,-1,-1,-1,1,-1
2015610010315,2,9,0,18,0,0,0,0,0,0,0,1,6,1,17,4,-1,-1,-1,-1,1,-1
2015610010415,1,9,0,4,0,0,0,0,0,0,2,1,6,1,74,10,-1,-1,-1,-1,1,-1
2015610010415,2,9,0,4,0,0,1,0,0,0,1,1,6,2,24,5,-1,-1,-1,-1,1,-1
2015610010515,1,9,0,18,8,0,0,0,0,0,2,1,6,1,23,5,-1,-1,-1,-1,-1,-1
2015610010615,1,9,0,18,0,0,0,0,0,0,4,1,6,1,63,9,-1,-1,-1,-1,1,-1