Accident_Index,Vehicle_Reference,Vehicle_Type,Towing_and_Articulation,Vehicle_Manoeuvre,Vehicle_Location-Restricted_Lane,Junction_Location,Skidding_and_Overturning,Hit_Object_in_Carriageway,Vehicle_Leaving_Carriageway,Hit_Object_off_Carriageway,1st_Point_of_Impact,Was_Vehicle_Left_Hand_Drive?,Journey_Purpose_of_Driver,Sex_of_Driver,Age_of_Driver,Age_Band_of_Driver,Engine_Capacity_(CC),Propulsion_Code,Age_of_Vehicle,Driver_IMD_Decile,Driver_Home_Area_Type,Vehicle_IMD_Decile
2015610010715,1,9,0,18,0,0,0,0,0,0,0,1,6,1,-1,-1,-1,-1,-1,-1,-1,-1
2015610010715,2,3,0,18,0,0,1,0,0,0,4,1,6,1,17,4,-1,-1,-1,-1,1,-1
2015610010815,1,9,0,18,0,0,0,0,0,0,4,1,6,1,71,10,-1,-1,-1,-1,1,-1
2015610010915,1,9,0,18,0,0,0,0,0,0,1,1,6,2,-1,-1,-1,-1,-1,-1,1,-1
2015610010915,2,9,0,3,0,0,0,0,0,0,2,1,6,2,27,6,-1,-1,-1,-1,-1,-1
2015610011015,1,9,0,16,0,0,2,0,2,10,3,1,6,1,21,5,-1,-1,-1,-1,1,-1
2015610011015,2,9,0,17,0,0,0,0,0,0,3,1,1,1,61,9,-1,-1,-1,-1,1,-1
2015610011115,1,9,0,1,0,0,0,0,0,0,2,1,6,1,41,7,-1,-1,-1,-1,1,-1
2015610011115,2,9,0,4,0,0,0,0,0,0,1,1,1,1,46,8,-1,-1,-1,-1,1,-1
2015610011115,3,9,0,4,0,0,0,0,0,0,0,1,1,1,46,8,-1,-1,-1,-1,1,-1
2015610011115,4,9,0,4,0,0,0,0,0,0,0,1,1,1,37,7,-1,-1,-1,-1,1,-1
2015610011215,1,9,0,12,0,3,1,0,0,1,1,1,6,1,36,7,-1,-1,-1,-1,1,-1
2015610011215,2,19,0,7,0,3,1,0,0,0,4,1,2,1,32,6,-1,-1,-1,-1,1,-1
2015610011315,1,9,0,9,0,2,0,0,0,0,1,1,1,1,67,10,-1,-1,-1,-1,1,-1
2015610011315,2,9,0,8,0,2,0,0,0,0,3,1,6,1,20,4,-1,-1,-1,-1,1,-1
2015610011515,1,10,0,18,0,0,2,0,7,0,0,1,6,1,67,10,-1,-1,-1,-1,1,-1
2015610011615,1,19,0,18,0,0,0,0,0,0,3,1,1,1,27,6,-1,-1,-1,-1,1,-1
2015610011715,1,9,0,5,0,8,0,0,0,0,2,1,1,1,36,7,-1,-1,-1,-1,-1,-1
2015610011715,2,19,0,5,0,8,0,0,0,0,1,1,1,1,-1,-1,-1,-1,-1,-1,-1,-1
2015610011815,1,19,0,14,0,0,1,0,0,0,0,1,1,1,21,5,-1,-1,-1,-1,2,-1
2015610011915,1,9,0,16,0,0,5,0,7,11,3,1,1,1,22,5,-1,-1,-1,-1,1,-1
2015610012015,1,9,0,18,0,0,0,0,0,0,1,1,6,1,25,5,-1,-1,-1,-1,1,-1
2015610012115,1,9,0,18,0,0,0,0,0,0,4,1,6,2,43,7,-1,-1,-1,-1,1,-1
2015610012115,2,9,0,18,0,0,0,0,0,0,3,1,6,2,30,6,-1,-1,-1,-1,2,-1
2015610012215,1,9,0,18,0,4,0,0,0,0,1,1,1,2,50,8,-1,-1,-1,-1,1,-1
2015610012215,2,9,0,18,0,4,0,0,0,0,2,1,6,1,69,10,-1,-1,-1,-1,-1,-1
2015610012315,1,19,0,9,0,3,0,0,0,0,1,1,1,1,44,7,-1,-1,-1,-1,1,-1
2015610012315,2,9,0,18,0,3,0,0,0,0,4,1,6,2,30,6,-1,-1,-1,-1,1,-1
2015610012415,1,9,0,4,0,0,0,0,0,0,1,1,2,1,44,7,-1,-1,-1,-1,1,-1
2015610012415,2,9,0,18,0,0,0,0,0,0,1,1,2,1,50,8,-1,-1,-1,-1,1,-1
2015610012515,1,9,0,18,0,0,0,0,0,0,0,1,6,1,67,10,-1,-1,-1,-1,2,-1
2015610012615,1,9,0,5,0,0,0,0,0,0,0,1,6,3,-1,-1,-1,-1,-1,-1,-1,-1
2015610012615,2,9,0,18,0,0,0,0,0,0,1,1,6,2,29,6,-1,-1,-1,-1,2,-1
2015610012615,3,19,0,18,0,0,0,0,0,0,3,1,6,3,-1,-1,-1,-1,-1,-1,-1,-1
2015610012715,1,9,0,18,0,2,0,0,0,0,1,1,6,1,60,9,-1,-1,-1,-1,2,-1
2015610012715,2,9,0,5,0,2,0,0,0,0,1,1,6,2,22,5,-1,-1,-1,-1,1,-1
2015610012815,1,9,0,12,0,0,0,0,0,0,1,1,2,2,52,8,-1,-1,-1,-1,1,-1
2015610012815,2,9,0,13,0,0,0,0,0,0,2,1,6,2,64,9,-1,-1,-1,-1,1,-1
2015610012915,1,11,0,5,0,0,0,0,0,0,1,1,6,1,75,10,-1,-1,-1,-1,-1,-1
2015610012915,2,9,0,5,0,0,0,0,0,0,2,1,6,1,39,7,-1,-1,-1,-1,-1,-1
2015610013015,1,9,0,9,0,2,0,0,0,0,3,1,6,1,45,7,-1,-1,-1,-1,3,-1
2015610013015,2,4,0,18,0,2,0,0,0,0,1,1,6,1,42,7,-1,-1,-1,-1,1,-1
2015610013115,1,3,0,18,0,8,0,0,0,0,3,1,6,1,20,4,-1,-1,-1,-1,1,-1
2015610013115,2,9,0,9,0,8,0,0,0,0,1,1,6,1,51,8,-1,-1,-1,-1,1,-1
2015610013215,1,9,0,18,0,0,0,0,0,0,1,1,6,1,32,6,-1,-1,-1,-1,1,-1
2015610013215,2,9,3,18,0,0,0,0,0,0,2,1,6,1,70,10,-1,-1,-1,-1,1,-1
2015610013315,1,9,0,5,0,6,0,0,0,0,1,1,6,2,22,5,-1,-1,-1,-1,3,-1
2015610013415,1,9,0,11,0,3,0,0,0,0,4,1,6,2,25,5,-1,-1,-1,-1,1,-1
2015610013415,2,9,0,17,0,4,0,0,1,1,3,1,2,2,51,8,-1,-1,-1,-1,2,-1
2015610013515,1,9,0,16,0,0,5,0,0,11,1,1,6,1,19,4,-1,-1,-1,-1,-1,-1
2015610013615,1,9,0,9,0,8,0,0,0,0,1,1,6,2,78,11,-1,-1,-1,-1,1,-1
2015610013615,2,9,0,13,0,2,0,0,1,10,3,1,6,1,32,6,-1,-1,-1,-1,1,-1
2015610013715,1,19,0,16,9,0,1,0,7,11,1,1,6,1,66,10,-1,-1,-1,-1,1,-1
2015610013815,1,9,0,1,0,0,0,0,0,0,2,1,6,1,-1,-1,-1,-1,-1,-1,-1,-1
2015610013915,1,9,0,5,0,4,1,0,0,0,1,1,6,1,36,7,-1,-1,-1,-1,3,-1
2015610013915,2,9,0,18,0,8,0,0,0,0,2,1,6,2,31,6,-1,-1,-1,-1,1,-1
2015610014015,1,9,0,18,0,1,0,0,0,0,1,1,6,2,70,10,-1,-1,-1,-1,1,-1
2015610014015,2,9,0,18,0,1,0,0,0,0,2,1,6,2,68,10,-1,-1,-1,-1,1,-1
2015610014015,3,9,0,3,0,1,0,0,0,0,4,1,6,1,49,8,-1,-1,-1,-1,1,-1
2015610014115,1,9,0,4,0,1,0,0,0,0,0,1,6,1,36,7,-1,-1,-1,-1,1,-1
2015610014215,1,9,0,18,0,0,0,0,0,0,0,1,6,1,-1,-1,-1,-1,-1,-1,-1,-1
2015610014315,1,9,0,18,0,0,1,10,4,11,1,1,6,1,45,7,-1,-1,-1,-1,1,-1
2015610014415,1,9,0,18,0,1,0,0,0,0,1,1,6,1,18,4,-1,-1,-1,-1,2,-1
2015610014415,2,9,0,3,0,1,0,0,0,0,2,1,6,1,44,7,-1,-1,-1,-1,1,-1
2015610014515,1,9,0,2,0,0,0,0,0,0,1,1,6,1,31,6,-1,-1,-1,-1,1,-1
2015610014515,2,9,0,4,0,0,0,0,0,0,1,1,2,1,18,4,-1,-1,-1,-1,1,-1
2015610014515,3,9,0,18,0,0,0,0,0,0,1,1,6,1,-1,-1,-1,-1,-1,-1,-1,-1
2015610014615,1,19,0,18,0,4,0,0,0,0,1,1,2,1,47,8,-1,-1,-1,-1,2,-1
2015610014615,2,1,0,18,0,4,0,0,0,0,0,1,6,1,47,8,-1,-1,-1,-1,2,-1
2015610014715,1,9,0,3,0,0,0,0,0,0,4,1,6,1,50,8,-1,-1,-1,-1,2,-1
2015610014815,1,9,0,18,0,3,0,0,0,0,2,1,2,1,52,8,-1,-1,-1,-1,1,-1
2015610014815,2,5,0,18,0,3,0,0,0,0,1,1,2,1,41,7,-1,-1,-1,-1,2,-1
2015610015015,1,5,0,15,0,1,0,0,0,0,1,1,6,1,61,9,-1,-1,-1,-1,1,-1
2015610015115,1,9,0,5,0,4,0,0,0,0,2,1,6,1,74,10,-1,-1,-1,-1,1,-1
2015610015115,2,9,0,5,0,4,0,0,0,0,1,1,6,1,34,6,-1,-1,-1,-1,1,-1
2015610015215,1,4,0,18,0,0,0,0,0,0,0,1,1,1,21,5,-1,-1,-1,-1,2,-1
2015610015315,1,9,0,18,0,0,1,10,1,4,3,1,6,1,19,4,-1,-1,-1,-1,1,-1
2015610015415,1,9,0,18,0,0,0,0,0,0,2,1,2,1,-1,-1,-1,-1,-1,-1,1,-1
2015610015415,2,19,0,18,0,0,0,0,0,0,2,1,2,1,53,8,-1,-1,-1,-1,1,-1
2015610015415,3,9,0,18,0,0,0,0,0,0,1,1,2,1,-1,-1,-1,-1,-1,-1,1,-1
2015610015515,1,9,0,18,0,0,0,0,0,0,1,1,6,1,44,7,-1,-1,-1,-1,1,-1
2015610015515,2,9,0,18,0,0,0,0,0,0,1,1,6,2,44,7,-1,-1,-1,-1,1,-1
2015610015615,1,9,0,9,0,0,0,0,0,0,0,1,6,1,52,8,-1,-1,-1,-1,1,-1
2015610015615,2,9,0,18,0,0,1,0,7,4,4,1,6,1,35,6,-1,-1,-1,-1,1,-1
2015610015715,1,19,0,5,0,1,0,0,0,0,1,1,6,1,38,7,-1,-1,-1,-1,1,-1
2015610015715,2,9,0,18,0,1,0,0,0,0,4,1,6,1,27,6,-1,-1,-1,-1,1,-1
2015610015815,1,19,0,18,0,0,0,0,0,0,1,1,6,2,25,5,-1,-1,-1,-1,2,-1
2015610015815,2,9,0,18,0,0,0,0,0,0,1,1,6,1,25,5,-1,-1,-1,-1,-1,-1
2015610015915,1,9,0,18,0,3,0,0,0,0,1,1,2,1,23,5,-1,-1,-1,-1,2,-1
2015610016115,1,9,0,18,0,0,0,0,0,0,1,1,6,1,17,4,-1,-1,-1,-1,1,-1
2015610016115,2,9,0,18,0,0,0,0,0,0,1,1,6,1,36,7,-1,-1,-1,-1,1,-1
2015610016315,1,9,0,5,0,1,0,0,0,0,4,1,6,2,17,4,-1,-1,-1,-1,2,-1
2015610016315,2,9,0,18,0,1,0,0,0,0,1,1,6,2,28,6,-1,-1,-1,-1,1,-1
2015610016415,1,98,0,4,0,4,0,0,0,0,1,1,1,1,60,9,-1,-1,-1,-1,-1,-1
2015610016415,2,9,0,5,0,4,0,0,0,0,2,1,6,1,43,7,-1,-1,-1,-1,1,-1
2015610016515,1,9,0,18,0,0,0,0,0,0,2,1,6,1,28,6,-1,-1,-1,-1,1,-1
2015610016515,2,19,0,18,0,0,0,0,0,0,1,1,2,1,32,6,-1,-1,-1,-1,1,-1
2015610016615,1,19,0,5,0,1,0,0,0,0,1,1,1,1,-1,-1,-1,-1,-1,-1,1,-1
2015610016615,2,9,0,18,0,1,0,0,0,0,3,1,6,2,24,5,-1,-1,-1,-1,1,-1
2015610016715,1,90,0,18,0,0,5,10,0,0,0,1,6,2,38,7,-1,-1,-1,-1,1,-1
2015610016815,1,9,0,18,0,0,0,0,0,0,0,1,1,1,27,6,-1,-1,-1,-1,1,-1
2015610016815,2,1,0,18,0,0,0,0,0,0,0,1,6,1,62,9,-1,-1,-1,-1,1,-1
2015610016915,1,9,0,12,0,7,1,0,0,0,1,1,6,1,22,5,-1,-1,-1,-1,1,-1
2015610016915,2,9,0,18,0,1,1,0,0,0,4,1,6,2,50,8,-1,-1,-1,-1,1,-1
2015610017015,1,11,0,18,0,0,0,0,0,0,0,1,1,1,29,6,-1,-1,-1,-1,1,-1
2015610017015,2,1,0,18,0,0,0,0,1,0,0,1,6,1,46,8,-1,-1,-1,-1,1,-1
2015610017115,1,9,0,9,0,2,0,0,0,0,1,1,6,1,30,6,-1,-1,-1,-1,-1,-1
2015610017115,2,9,0,1,0,1,0,0,0,0,2,1,1,1,49,8,-1,-1,-1,-1,2,-1
2015610017215,1,9,0,16,0,0,0,0,0,0,4,1,6,2,24,5,-1,-1,-1,-1,3,-1
2015610017215,2,9,0,15,0,0,0,0,0,0,1,1,6,1,19,4,-1,-1,-1,-1,1,-1
2015610017315,1,9,0,9,0,5,0,0,0,0,3,1,6,1,81,11,-1,-1,-1,-1,1,-1
2015610017315,2,9,0,18,0,1,0,0,0,0,4,1,6,1,21,5,-1,-1,-1,-1,2,-1
2015610017415,1,9,0,18,0,0,0,0,0,0,2,1,6,2,25,5,-1,-1,-1,-1,1,-1
2015610017415,2,9,0,18,0,0,0,0,0,0,2,1,6,1,63,9,-1,-1,-1,-1,2,-1
2015610017415,3,8,0,18,0,0,0,0,0,0,1,1,6,1,31,6,-1,-1,-1,-1,1,-1
2015610017515,1,9,0,18,0,8,0,0,0,0,1,1,6,1,27,6,-1,-1,-1,-1,2,-1
2015610017515,2,9,0,10,0,1,0,0,0,0,1,1,6,1,19,4,-1,-1,-1,-1,3,-1
2015610017615,1,9,0,18,0,0,0,0,0,0,1,1,6,1,79,11,-1,-1,-1,-1,1,-1
2015610017615,2,9,0,18,0,0,0,0,0,0,1,1,6,1,72,10,-1,-1,-1,-1,1,-1
2015610017615,3,19,0,18,0,0,0,0,0,0,1,1,6,1,28,6,-1,-1,-1,-1,1,-1
2015610017715,1,9,0,10,0,2,0,0,0,0,1,1,6,2,45,7,-1,-1,-1,-1,1,-1
2015610017715,2,9,0,18,0,8,0,0,0,0,4,1,6,2,41,7,-1,-1,-1,-1,2,-1
2015610017815,1,9,0,18,0,0,1,0,0,0,1,1,6,1,18,4,-1,-1,-1,-1,1,-1
2015610017815,2,9,0,18,0,0,1,0,0,0,1,1,6,1,23,5,-1,-1,-1,-1,1,-1
2015610017915,1,9,0,9,0,7,0,0,0,0,1,1,6,1,22,5,-1,-1,-1,-1,-1,-1
2015610017915,2,5,0,16,0,8,0,0,0,1,4,1,6,1,37,7,-1,-1,-1,-1,-1,-1
2015610018015,1,9,0,18,0,0,5,0,0,0,2,1,6,1,52,8,-1,-1,-1,-1,2,-1
2015610018015,2,9,0,18,0,0,1,0,0,0,1,1,6,2,24,5,-1,-1,-1,-1,3,-1
2015610018115,1,9,0,18,0,0,0,0,0,0,3,1,6,1,44,7,-1,-1,-1,-1,-1,-1
2015610018215,1,9,0,2,0,1,0,0,0,0,2,1,2,2,49,8,-1,-1,-1,-1,1,-1
2015610018215,2,9,0,18,0,1,0,0,0,0,1,1,6,1,-1,-1,-1,-1,-1,-1,1,-1
2015610018315,1,9,0,18,0,0,0,0,0,0,1,1,6,1,33,6,-1,-1,-1,-1,1,-1
2015610018315,2,9,0,18,0,0,0,0,0,0,2,1,6,1,46,8,-1,-1,-1,-1,1,-1
2015610018415,1,9,0,18,0,4,0,0,0,0,1,1,6,1,31,6,-1,-1,-1,-1,-1,-1
2015610018415,2,9,0,18,0,4,0,0,0,0,0,1,6,1,19,4,-1,-1,-1,-1,1,-1
2015610018515,1,9,0,8,0,1,0,0,0,0,2,1,6,1,30,6,-1,-1,-1,-1,1,-1
2015610018515,2,9,0,4,0,1,0,0,0,0,1,1,6,1,26,6,-1,-1,-1,-1,1,-1
2015610018615,1,9,0,18,0,0,0,0,0,0,3,1,6,1,-1,-1,-1,-1,-1,-1,-1,-1
2015610018715,1,9,0,18,0,2,0,7,0,0,1,1,6,2,24,5,-1,-1,-1,-1,2,-1
2015610018715,2,9,0,9,0,3,0,0,0,0,2,1,6,1,54,8,-1,-1,-1,-1,2,-1
2015610018815,1,9,0,18,0,2,0,0,0,0,4,1,6,1,-1,-1,-1,-1,-1,-1,1,-1
2015610018815,2,9,0,10,0,2,0,0,0,0,1,1,6,1,37,7,-1,-1,-1,-1,1,-1
2015610018915,1,3,0,18,0,8,0,0,0,0,0,1,2,1,21,5,-1,-1,-1,-1,1,-1
2015610019015,1,8,0,18,0,1,0,0,0,0,4,1,6,1,-1,-1,-1,-1,-1,-1,-1,-1
2015610019015,2,19,0,2,0,2,0,0,0,0,3,1,6,1,31,6,-1,-1,-1,-1,1,-1
2015610019115,1,9,0,18,0,8,1,0,1,2,1,1,6,1,25,5,-1,-1,-1,-1,1,-1
2015610019215,1,9,0,18,0,0,0,0,0,0,0,1,6,3,-1,-1,-1,-1,-1,-1,-1,-1
2015610019315,1,9,0,16,0,3,0,0,0,0,1,1,6,2,32,6,-1,-1,-1,-1,1,-1
2015610019315,2,5,0,17,0,8,0,0,0,0,3,1,6,1,34,6,-1,-1,-1,-1,3,-1
2015610019415,1,9,0,3,0,4,0,0,0,0,2,1,2,1,38,7,-1,-1,-1,-1,1,-1
2015610019415,2,9,0,3,0,4,0,0,0,0,1,1,2,2,24,5,-1,-1,-1,-1,1,-1
2015610019515,1,9,0,18,0,0,0,0,0,0,1,1,6,1,17,4,-1,-1,-1,-1,1,-1
2015610019515,2,9,0,18,0,0,0,0,0,0,2,1,6,2,49,8,-1,-1,-1,-1,1,-1
2015610019515,3,9,0,3,0,0,0,0,0,0,2,1,6,1,48,8,-1,-1,-1,-1,1,-1
2015610019615,1,9,0,18,0,0,0,0,0,0,1,1,6,1,35,6,-1,-1,-1,-1,1,-1
2015610019715,1,9,0,5,0,8,0,0,0,0,1,1,6,2,18,4,-1,-1,-1,-1,1,-1
2015610019715,2,9,0,18,0,2,0,0,0,0,1,1,6,2,35,6,-1,-1,-1,-1,1,-1
2015610019815,1,9,0,18,0,0,0,0,0,0,1,1,6,1,18,4,-1,-1,-1,-1,1,-1
2015610019815,2,9,0,18,0,0,0,0,0,0,1,1,6,1,17,4,-1,-1,-1,-1,1,-1
2015610019915,1,9,0,9,0,1,0,0,0,0,1,1,6,1,24,5,-1,-1,-1,-1,1,-1
2015610019915,2,90,0,18,0,8,0,0,0,0,1,1,6,1,18,4,-1,-1,-1,-1,1,-1
2015610020015,1,9,0,18,0,1,0,0,0,0,4,1,2,2,40,7,-1,-1,-1,-1,1,-1
2015610020015,2,9,0,5,8,6,0,0,0,0,3,1,2,1,27,6,-1,-1,-1,-1,1,-1
2015610020115,1,1,0,4,0,1,0,0,0,0,1,1,1,2,19,4,-1,-1,-1,-1,1,-1
2015610020115,2,9,0,9,0,1,0,0,0,0,1,1,6,2,44,7,-1,-1,-1,-1,1,-1
2015610020215,1,9,0,3,0,1,0,0,0,0,2,1,6,1,45,7,-1,-1,-1,-1,1,-1
2015610020215,2,9,0,18,0,1,0,0,0,0,1,1,6,2,58,9,-1,-1,-1,-1,1,-1
2015610020315,1,8,0,7,0,3,0,0,0,0,4,1,1,1,54,8,-1,-1,-1,-1,1,-1
2015610020415,1,19,0,18,0,0,0,0,0,0,1,1,1,1,57,9,-1,-1,-1,-1,3,-1
2015610020415,2,9,0,3,0,0,0,0,0,0,2,1,6,2,42,7,-1,-1,-1,-1,1,-1
2015610020515,1,9,0,9,6,5,0,0,0,0,1,1,6,1,22,5,-1,-1,-1,-1,-1,-1
2015610020515,2,9,0,18,0,3,0,0,0,0,4,1,6,2,45,7,-1,-1,-1,-1,-1,-1
2015610020615,1,3,0,18,0,0,1,0,0,0,4,1,6,1,42,7,-1,-1,-1,-1,-1,-1
2015610020615,2,19,0,2,0,0,0,0,0,0,3,1,2,1,-1,-1,-1,-1,-1,-1,-1,-1
2015610020615,3,9,0,2,0,0,0,0,0,0,3,1,6,1,-1,-1,-1,-1,-1,-1,-1,-1
2015610020615,4,9,0,2,0,0,0,0,0,0,4,1,6,1,-1,-1,-1,-1,-1,-1,-1,-1
2015610020815,1,19,0,18,0,8,2,0,3,0,3,1,1,1,43,7,-1,-1,-1,-1,-1,-1
2015610020815,2,9,0,18,0,8,1,0,7,11,1,1,2,2,45,7,-1,-1,-1,-1,3,-1
2015610020915,1,19,0,18,0,1,0,0,0,0,1,1,1,1,51,8,-1,-1,-1,-1,-1,-1
2015610020915,2,8,0,10,0,1,0,0,0,0,2,1,6,1,53,8,-1,-1,-1,-1,1,-1
2015610021015,1,97,0,18,0,0,5,0,1,4,1,1,6,1,24,5,-1,-1,-1,-1,1,-1
2015610021115,1,9,0,18,0,6,0,0,0,0,1,1,6,2,35,6,-1,-1,-1,-1,1,-1
2015610021115,2,9,0,9,0,1,0,0,0,0,4,1,1,2,43,7,-1,-1,-1,-1,2,-1
2015610021215,1,21,4,2,0,0,0,0,0,0,2,2,1,1,59,9,-1,-1,-1,-1,1,-1
2015610021215,2,9,0,18,0,0,0,4,0,0,1,1,2,1,30,6,-1,-1,-1,-1,1,-1
2015610021315,1,9,0,18,0,4,0,0,0,0,1,1,6,2,32,6,-1,-1,-1,-1,2,-1
2015610021315,2,9,0,18,0,4,0,0,0,0,2,1,6,1,49,8,-1,-1,-1,-1,3,-1
2015610021415,1,9,0,3,0,0,0,0,0,0,2,1,6,1,18,4,-1,-1,-1,-1,1,-1
2015610021415,2,9,0,18,0,0,0,0,0,0,1,1,6,2,25,5,-1,-1,-1,-1,1,-1
2015610021515,1,9,0,18,0,0,0,0,0,0,1,1,6,1,41,7,-1,-1,-1,-1,1,-1
2015610021515,2,1,0,18,0,0,0,0,0,0,1,1,6,1,47,8,-1,-1,-1,-1,-1,-1
2015610021615,1,21,1,18,0,4,5,0,0,0,4,1,1,1,42,7,-1,-1,-1,-1,1,-1
2015610021715,1,9,0,12,0,0,1,0,0,7,3,1,6,1,40,7,-1,-1,-1,-1,3,-1
2015610021715,2,9,0,11,0,0,2,0,0,7,4,1,6,2,35,6,-1,-1,-1,-1,1,-1
2015610021815,1,98,0,11,0,0,0,0,0,0,1,1,1,1,47,8,-1,-1,-1,-1,2,-1
2015610021815,2,9,0,18,0,0,5,0,5,6,4,1,6,1,60,9,-1,-1,-1,-1,1,-1
2015610022015,1,9,0,9,0,8,0,0,0,0,1,1,2,1,43,7,-1,-1,-1,-1,1,-1
2015610022015,2,9,0,18,0,1,0,0,0,0,3,1,2,1,33,6,-1,-1,-1,-1,1,-1
2015610022115,1,9,0,18,0,0,0,0,0,0,1,1,3,1,42,7,-1,-1,-1,-1,1,-1
2015610022215,1,9,0,18,0,0,0,0,0,0,1,1,6,1,70,10,-1,-1,-1,-1,1,-1
2015610022315,1,9,0,18,0,0,0,0,0,0,1,1,6,2,75,10,-1,-1,-1,-1,1,-1
2015610022315,2,9,0,18,0,0,0,0,0,0,2,1,6,1,32,6,-1,-1,-1,-1,1,-1
2015610022415,1,9,0,11,0,3,5,0,1,0,2,1,6,1,57,9,-1,-1,-1,-1,1,-1
2015610022415,2,21,1,18,0,8,0,0,0,0,1,2,1,1,-1,-1,-1,-1,-1,-1,-1,-1
2015610022515,1,19,0,4,0,0,0,0,0,0,1,1,1,1,46,8,-1,-1,-1,-1,1,-1
2015610022515,2,9,0,3,0,0,0,0,0,0,2,1,1,1,42,7,-1,-1,-1,-1,-1,-1
2015610022615,1,19,0,18,0,0,0,0,0,0,1,1,6,1,34,6,-1,-1,-1,-1,1,-1
2015610022615,2,9,0,18,0,0,0,0,0,0,2,1,6,1,70,10,-1,-1,-1,-1,1,-1
2015610022715,1,9,0,18,0,8,0,0,0,0,1,1,6,2,55,8,-1,-1,-1,-1,1,-1
2015610022715,2,4,0,18,0,8,0,0,1,0,3,1,6,1,50,8,-1,-1,-1,-1,3,-1
2015610022715,3,9,0,10,0,1,0,0,0,0,1,1,6,2,68,10,-1,-1,-1,-1,2,-1
2015610022815,1,9,0,18,0,0,0,11,0,0,1,1,6,1,42,7,-1,-1,-1,-1,1,-1
2015610022915,1,9,0,3,0,0,0,0,0,0,2,1,6,1,-1,-1,-1,-1,-1,-1,-1,-1
2015610022915,2,9,0,3,0,0,0,0,0,0,2,1,6,1,20,4,-1,-1,-1,-1,2,-1
2015610022915,3,9,0,3,0,0,0,0,1,11,2,1,6,1,48,8,-1,-1,-1,-1,-1,-1
2015610022915,4,9,0,18,0,0,1,4,0,0,1,1,6,1,30,6,-1,-1,-1,-1,1,-1
2015610023015,1,9,0,9,0,5,0,0,0,0,1,1,6,2,37,7,-1,-1,-1,-1,1,-1
2015610023115,1,9,0,9,0,1,0,0,0,0,1,1,1,2,29,6,-1,-1,-1,-1,1,-1
2015610023115,2,1,0,9,0,1,0,0,0,0,1,1,6,1,50,8,-1,-1,-1,-1,1,-1
2015610023215,1,9,0,3,0,3,0,0,0,0,2,1,2,1,26,6,-1,-1,-1,-1,1,-1
2015610023215,2,21,1,4,0,3,0,0,0,0,1,1,1,1,-1,-1,-1,-1,-1,-1,-1,-1
2015610023315,1,9,0,18,0,3,0,0,0,0,1,1,6,1,20,4,-1,-1,-1,-1,1,-1
2015610023315,2,9,0,18,0,3,0,0,0,0,2,1,6,1,35,6,-1,-1,-1,-1,1,-1
2015610023415,1,19,0,18,0,0,0,0,0,0,1,1,6,1,32,6,-1,-1,-1,-1,1,-1
2015610023415,2,9,0,18,0,0,0,0,0,0,3,1,6,1,27,6,-1,-1,-1,-1,1,-1
2015610023515,1,9,0,18,0,0,1,0,7,11,4,1,6,1,30,6,-1,-1,-1,-1,1,-1
2015610023615,1,97,0,18,0,1,0,0,0,0,1,1,6,1,16,4,-1,-1,-1,-1,-1,-1
2015610023615,2,9,0,5,0,2,0,0,0,0,4,1,6,1,17,4,-1,-1,-1,-1,-1,-1
2015610023715,1,8,0,18,0,0,0,0,0,0,1,1,6,1,46,8,-1,-1,-1,-1,1,-1
2015610023715,2,9,0,18,0,0,0,0,0,0,1,1,6,2,22,5,-1,-1,-1,-1,1,-1
2015610023715,3,9,0,18,0,0,0,0,0,0,2,1,6,1,69,10,-1,-1,-1,-1,2,-1
2015610023815,1,9,0,18,0,1,1,0,0,0,1,1,6,1,21,5,-1,-1,-1,-1,1,-1
2015610023815,2,11,0,18,0,8,0,0,0,0,4,1,6,1,-1,-1,-1,-1,-1,-1,-1,-1
2015610023915,1,9,0,7,0,3,0,0,0,0,4,1,6,1,24,5,-1,-1,-1,-1,1,-1
2015610023915,2,1,0,18,0,3,0,0,0,0,3,1,6,1,33,6,-1,-1,-1,-1,1,-1
2015610024015,1,21,0,18,0,0,0,0,0,0,0,1,6,3,-1,-1,-1,-1,-1,-1,-1,-1
2015610024015,2,1,0,18,0,0,0,0,1,11,3,1,6,1,61,9,-1,-1,-1,-1,1,-1
2015610024115,1,9,0,18,0,1,0,0,0,0,1,1,6,2,-1,-1,-1,-1,-1,-1,1,-1
2015610024115,2,9,0,18,0,1,0,0,0,0,1,1,6,2,20,4,-1,-1,-1,-1,1,-1
2015610024215,1,9,0,18,0,1,0,0,0,0,3,1,6,1,19,4,-1,-1,-1,-1,1,-1
2015610024215,2,19,0,18,0,5,1,0,0,0,1,1,1,1,63,9,-1,-1,-1,-1,1,-1
2015610024315,1,19,0,4,0,1,0,0,0,0,2,1,1,1,-1,-1,-1,-1,-1,-1,-1,-1
2015610024315,2,9,0,4,0,1,0,0,0,0,1,1,6,1,-1,-1,-1,-1,-1,-1,-1,-1
2015610024415,1,9,0,14,0,0,0,0,0,0,0,1,6,1,48,8,-1,-1,-1,-1,-1,-1
2015610024415,2,11,0,5,0,0,0,0,0,0,0,1,1,1,58,9,-1,-1,-1,-1,-1,-1
2015610024515,1,9,0,18,0,6,0,0,0,0,2,1,6,2,25,5,-1,-1,-1,-1,1,-1
2015610024615,1,9,0,1,0,6,0,0,0,0,2,1,1,2,-1,-1,-1,-1,-1,-1,1,-1
2015610024615,2,9,0,18,0,2,0,0,0,0,1,1,1,1,37,7,-1,-1,-1,-1,1,-1
2015610024715,1,9,0,9,0,6,0,0,0,0,3,1,1,1,28,6,-1,-1,-1,-1,1,-1
2015610024715,2,9,0,18,0,1,0,0,0,0,1,1,1,1,50,8,-1,-1,-1,-1,1,-1
2015610024815,1,3,0,18,0,0,0,0,0,0,4,1,6,1,18,4,-1,-1,-1,-1,1,-1
2015610024915,1,9,0,18,0,4,0,9,2,2,1,1,6,1,84,11,-1,-1,-1,-1,-1,-1
2015610025015,1,3,0,16,0,0,0,0,0,0,2,1,6,1,20,4,-1,-1,-1,-1,2,-1