Accident_Index,Vehicle_Reference,Vehicle_Type,Towing_and_Articulation,Vehicle_Manoeuvre,Vehicle_Location-Restricted_Lane,Junction_Location,Skidding_and_Overturning,Hit_Object_in_Carriageway,Vehicle_Leaving_Carriageway,Hit_Object_off_Carriageway,1st_Point_of_Impact,Was_Vehicle_Left_Hand_Drive?,Journey_Purpose_of_Driver,Sex_of_Driver,Age_of_Driver,Age_Band_of_Driver,Engine_Capacity_(CC),Propulsion_Code,Age_of_Vehicle,Driver_IMD_Decile,Driver_Home_Area_Type,Vehicle_IMD_Decile
2015610025015,2,9,0,17,0,0,0,0,0,0,1,1,6,1,-1,-1,-1,-1,-1,-1,-1,-1
2015610025115,1,8,0,1,0,0,0,0,0,0,2,1,1,1,58,9,-1,-1,-1,-1,1,-1
2015610025115,2,9,0,2,0,0,0,0,0,0,1,1,6,1,33,6,-1,-1,-1,-1,1,-1
2015610025215,1,9,0,7,0,8,0,0,0,0,1,1,2,1,53,8,-1,-1,-1,-1,1,-1
2015610025215,2,1,0,18,0,1,0,0,0,0,2,1,6,1,69,10,-1,-1,-1,-1,-1,-1
2015610025315,1,9,0,18,0,1,0,0,0,0,3,1,6,1,56,9,-1,-1,-1,-1,1,-1
2015610025315,2,9,0,18,0,2,0,0,0,0,1,1,6,1,21,5,-1,-1,-1,-1,1,-1
2015610025415,1,9,0,15,0,0,0,0,0,0,4,1,6,1,79,11,-1,-1,-1,-1,1,-1
2015610025415,2,1,0,15,0,0,0,0,0,0,2,1,2,2,25,5,-1,-1,-1,-1,-1,-1
2015610025515,1,9,0,9,0,1,0,0,0,0,1,1,2,2,30,6,-1,-1,-1,-1,-1,-1
2015610025515,2,9,0,18,0,1,0,0,0,0,1,1,6,2,46,8,-1,-1,-1,-1,-1,-1
2015610025615,1,9,0,5,0,4,0,0,0,0,1,1,6,1,44,7,-1,-1,-1,-1,1,-1
2015610025615,2,1,0,18,0,3,0,0,0,0,4,1,6,1,53,8,-1,-1,-1,-1,1,-1
2015610025715,1,9,0,6,0,3,0,0,0,0,3,1,6,1,59,9,-1,-1,-1,-1,1,-1
2015610025715,2,5,0,13,0,3,0,0,0,0,1,1,6,1,62,9,-1,-1,-1,-1,1,-1
2015610025815,1,9,0,18,0,0,0,0,0,0,2,1,6,1,26,6,-1,-1,-1,-1,2,-1
2015610025915,1,9,0,18,0,8,0,0,0,0,1,1,6,1,72,10,-1,-1,-1,-1,2,-1
2015610025915,2,9,0,13,0,8,0,0,0,0,4,1,6,1,45,7,-1,-1,-1,-1,1,-1
2015610026015,1,9,0,18,0,1,0,0,0,0,4,1,6,1,74,10,-1,-1,-1,-1,1,-1
2015610026015,2,9,0,18,0,1,0,0,0,0,4,1,6,1,76,11,-1,-1,-1,-1,1,-1
2015610026015,3,9,0,3,0,1,0,0,0,0,2,1,6,1,76,11,-1,-1,-1,-1,2,-1
2015610026015,4,11,0,3,0,1,0,0,0,0,2,1,6,1,53,8,-1,-1,-1,-1,1,-1
2015610026115,1,9,0,11,0,0,0,0,0,0,1,1,6,1,-1,-1,-1,-1,-1,-1,-1,-1
2015610026115,2,5,0,18,0,0,0,0,0,0,3,1,6,1,57,9,-1,-1,-1,-1,1,-1
2015610026115,3,5,0,18,0,0,0,0,0,0,3,1,6,2,57,9,-1,-1,-1,-1,1,-1
2015610026215,1,9,0,18,0,7,0,0,0,0,1,2,6,1,-1,-1,-1,-1,-1,-1,-1,-1
2015610026215,2,9,0,18,0,3,0,0,0,0,2,1,6,2,32,6,-1,-1,-1,-1,1,-1
2015610026315,1,3,0,18,0,0,0,0,0,0,0,1,6,1,23,5,-1,-1,-1,-1,1,-1
2015610026415,1,1,0,18,0,0,0,0,0,0,1,1,1,1,43,7,-1,-1,-1,-1,1,-1
2015610026415,2,9,0,18,0,0,0,0,0,0,1,1,2,1,43,7,-1,-1,-1,-1,2,-1
2015610026515,1,9,0,18,0,0,0,0,0,0,2,1,6,1,62,9,-1,-1,-1,-1,1,-1
2015610026515,2,9,0,18,0,0,0,0,0,0,1,1,6,1,-1,-1,-1,-1,-1,-1,-1,-1
2015610026515,3,9,0,18,0,0,0,0,0,0,2,1,6,1,52,8,-1,-1,-1,-1,2,-1
2015610026515,4,9,0,18,0,0,0,0,0,0,1,1,6,1,28,6,-1,-1,-1,-1,1,-1
2015610026615,1,9,0,12,0,2,0,0,0,0,3,1,6,1,70,10,-1,-1,-1,-1,2,-1
2015610026615,2,9,0,11,0,2,0,0,0,0,4,1,6,1,39,7,-1,-1,-1,-1,1,-1
2015610026715,1,1,0,18,0,0,0,0,0,0,2,1,6,1,38,7,-1,-1,-1,-1,1,-1
2015610026715,2,9,0,18,0,0,1,0,0,0,2,1,6,1,22,5,-1,-1,-1,-1,-1,-1
2015610026815,1,9,0,2,0,0,0,0,0,0,0,1,6,1,27,6,-1,-1,-1,-1,-1,-1
2015610026915,1,9,0,18,0,2,0,0,0,0,1,1,2,1,76,11,-1,-1,-1,-1,2,-1
2015610026915,2,1,0,18,0,1,0,0,0,0,0,1,6,1,50,8,-1,-1,-1,-1,-1,-1
2015610027015,1,9,0,18,0,0,0,0,0,0,1,1,6,1,26,6,-1,-1,-1,-1,1,-1
2015610027015,2,9,0,18,0,0,0,0,0,0,1,1,6,1,30,6,-1,-1,-1,-1,2,-1
2015610027115,1,9,0,7,0,2,0,0,0,0,3,1,6,1,28,6,-1,-1,-1,-1,1,-1
2015610027115,2,3,0,18,0,8,0,0,0,0,2,1,2,1,23,5,-1,-1,-1,-1,1,-1
2015610027215,1,5,0,16,0,7,1,0,4,7,1,1,6,1,37,7,-1,-1,-1,-1,1,-1
2015610027315,1,19,5,9,0,8,0,0,0,0,4,1,6,1,24,5,-1,-1,-1,-1,1,-1
2015610027415,1,9,0,3,0,1,0,0,0,0,1,1,6,1,70,10,-1,-1,-1,-1,1,-1
2015610027415,2,9,0,18,0,8,0,0,0,0,4,1,2,1,44,7,-1,-1,-1,-1,1,-1
2015610027515,1,5,0,18,0,0,0,0,0,0,1,1,6,1,43,7,-1,-1,-1,-1,1,-1
2015610027515,2,11,0,4,0,0,0,0,0,0,1,1,6,2,34,6,-1,-1,-1,-1,-1,-1
2015610027615,1,9,0,12,0,6,1,0,0,0,2,1,6,2,29,6,-1,-1,-1,-1,1,-1
2015610027615,2,9,0,18,0,8,1,0,0,0,1,1,6,1,38,7,-1,-1,-1,-1,1,-1
2015610027715,1,5,0,4,0,1,0,0,0,0,3,1,6,1,44,7,-1,-1,-1,-1,2,-1
2015610027715,2,5,0,4,0,1,0,0,0,0,2,1,6,1,34,6,-1,-1,-1,-1,1,-1
2015610027715,3,5,0,4,0,1,0,0,0,0,2,1,6,1,18,4,-1,-1,-1,-1,1,-1
2015610027715,4,5,0,4,0,1,0,0,0,0,2,1,6,1,26,6,-1,-1,-1,-1,3,-1
2015610027815,1,9,0,18,0,0,0,0,0,0,1,1,1,1,27,6,-1,-1,-1,-1,-1,-1
2015610027815,2,9,0,18,0,0,0,0,0,0,1,1,6,1,46,8,-1,-1,-1,-1,2,-1
2015610027915,1,9,0,18,0,1,0,0,0,0,1,1,1,1,48,8,-1,-1,-1,-1,1,-1
2015610027915,2,9,0,9,0,5,0,0,0,0,4,1,1,1,54,8,-1,-1,-1,-1,1,-1
2015610028015,1,9,0,18,0,0,0,0,0,0,1,1,6,1,22,5,-1,-1,-1,-1,1,-1
2015610028015,2,8,0,4,0,0,0,0,0,0,1,1,1,1,34,6,-1,-1,-1,-1,1,-1
2015610028115,1,20,4,18,0,0,0,0,0,0,1,1,6,1,62,9,-1,-1,-1,-1,1,-1
2015610028115,2,1,0,18,0,0,0,0,0,0,4,1,6,1,44,7,-1,-1,-1,-1,-1,-1
2015610028215,1,9,0,10,0,1,0,0,0,0,2,1,6,2,28,6,-1,-1,-1,-1,1,-1
2015610028215,2,9,0,3,0,1,0,0,0,0,2,1,6,1,42,7,-1,-1,-1,-1,3,-1
2015610028215,3,9,0,3,0,1,0,0,0,0,2,1,6,1,25,5,-1,-1,-1,-1,2,-1
2015610028215,4,9,0,18,0,1,0,0,0,0,1,1,6,1,28,6,-1,-1,-1,-1,2,-1
2015610028315,1,9,0,13,0,0,0,0,0,0,0,1,6,1,-1,-1,-1,-1,-1,-1,-1,-1
2015610028315,2,1,0,18,0,0,0,0,0,0,0,1,6,1,37,7,-1,-1,-1,-1,3,-1
2015610028415,1,9,0,18,0,1,0,0,0,0,4,1,2,1,45,7,-1,-1,-1,-1,2,-1
2015610028415,2,1,0,18,0,1,0,0,0,0,2,1,2,1,45,7,-1,-1,-1,-1,2,-1
2015610028515,1,9,0,18,0,0,0,0,0,0,2,1,6,1,25,5,-1,-1,-1,-1,1,-1
2015610028515,2,9,0,18,0,0,1,0,0,0,1,1,6,1,41,7,-1,-1,-1,-1,1,-1
2015610028615,1,9,0,18,0,0,0,0,0,0,3,1,6,2,41,7,-1,-1,-1,-1,1,-1
2015610028615,2,9,0,18,0,0,0,0,0,0,3,1,6,1,-1,-1,-1,-1,-1,-1,-1,-1
2015610028615,3,9,0,2,0,0,0,0,0,0,4,1,6,1,-1,-1,-1,-1,-1,-1,-1,-1
2015610028715,1,9,0,18,0,1,0,0,0,0,3,1,6,2,28,6,-1,-1,-1,-1,1,-1
2015610028715,2,9,0,9,0,1,0,0,0,0,4,1,4,2,18,4,-1,-1,-1,-1,1,-1
2015610028815,1,9,0,18,0,3,0,0,0,0,1,1,6,1,32,6,-1,-1,-1,-1,1,-1
2015610028815,2,1,0,18,0,8,0,0,0,0,1,1,2,1,26,6,-1,-1,-1,-1,1,-1
2015610028915,1,19,0,18,0,0,0,0,0,0,1,1,6,1,49,8,-1,-1,-1,-1,2,-1
2015610028915,2,9,0,18,0,0,0,0,0,0,2,1,6,1,57,9,-1,-1,-1,-1,1,-1
2015610029015,1,9,0,18,0,0,0,0,0,0,1,1,6,2,43,7,-1,-1,-1,-1,1,-1
2015610029015,2,9,0,4,0,0,0,0,0,0,2,1,6,2,21,5,-1,-1,-1,-1,1,-1
2015610029015,3,9,0,18,0,0,0,0,0,0,4,1,6,1,61,9,-1,-1,-1,-1,3,-1
2015610029115,1,90,0,2,0,0,0,0,0,0,2,2,6,1,73,10,-1,-1,-1,-1,2,-1
2015610029115,2,9,0,2,0,0,0,0,0,0,3,1,6,1,57,9,-1,-1,-1,-1,2,-1
2015610029215,1,9,0,18,0,4,0,0,0,0,1,1,6,2,29,6,-1,-1,-1,-1,1,-1
2015610029215,2,9,0,7,0,4,0,0,0,0,1,1,6,3,-1,-1,-1,-1,-1,-1,-1,-1
2015610029315,1,5,0,13,0,0,0,0,0,0,3,1,2,1,23,5,-1,-1,-1,-1,1,-1
2015610029315,2,9,0,18,0,0,0,0,0,0,3,1,2,2,21,5,-1,-1,-1,-1,2,-1
2015610029415,1,9,0,18,0,0,2,0,1,0,0,1,6,1,27,6,-1,-1,-1,-1,2,-1
2015610029515,1,9,0,10,0,1,0,0,0,0,2,1,6,1,43,7,-1,-1,-1,-1,1,-1
2015610029515,2,9,0,18,0,1,1,0,0,0,1,1,6,2,78,11,-1,-1,-1,-1,1,-1
2015610029615,1,9,0,18,0,0,0,0,0,0,0,1,6,3,-1,-1,-1,-1,-1,-1,-1,-1
2015610029715,1,9,0,18,0,0,0,0,1,10,0,1,6,1,18,4,-1,-1,-1,-1,3,-1
2015610029815,1,9,0,18,0,3,0,0,0,0,3,1,6,2,17,4,-1,-1,-1,-1,1,-1
2015610029915,1,9,0,4,0,0,0,0,0,0,2,1,2,1,42,7,-1,-1,-1,-1,1,-1
2015610029915,2,9,0,4,0,0,0,0,0,0,1,1,2,1,33,6,-1,-1,-1,-1,1,-1
2015610029915,3,9,0,4,0,0,0,0,0,0,1,1,2,2,52,8,-1,-1,-1,-1,1,-1
2015610030015,1,9,0,18,0,0,0,0,1,4,1,1,6,1,80,11,-1,-1,-1,-1,-1,-1
2015610030115,1,9,0,9,0,2,0,0,0,0,0,1,6,1,38,7,-1,-1,-1,-1,3,-1
2015610030115,2,9,0,16,0,1,1,0,0,0,3,1,6,1,41,7,-1,-1,-1,-1,1,-1
2015610030215,1,9,0,18,0,0,2,0,2,11,3,1,6,1,37,7,-1,-1,-1,-1,1,-1
2015610030315,1,3,0,7,0,3,0,0,0,0,2,1,6,1,76,11,-1,-1,-1,-1,1,-1
2015610030315,2,9,0,7,0,3,0,0,0,0,1,1,1,2,53,8,-1,-1,-1,-1,2,-1
2015610030315,3,9,0,7,0,3,0,0,0,0,1,1,6,1,63,9,-1,-1,-1,-1,3,-1
2015610030415,1,21,1,11,0,0,0,0,0,0,1,1,1,1,45,7,-1,-1,-1,-1,3,-1
2015610030415,2,9,0,18,0,0,0,0,0,0,2,1,6,1,78,11,-1,-1,-1,-1,1,-1
2015610030415,3,9,0,18,0,0,0,0,0,0,4,1,6,1,30,6,-1,-1,-1,-1,1,-1
2015610030515,1,9,0,18,0,0,0,0,0,0,2,1,6,1,26,6,-1,-1,-1,-1,1,-1
2015610030515,2,9,0,18,0,0,0,0,0,0,1,1,6,1,25,5,-1,-1,-1,-1,1,-1
2015610030615,1,9,0,18,0,1,0,0,0,11,1,1,6,1,21,5,-1,-1,-1,-1,1,-1
2015610030615,2,9,0,18,0,1,0,0,0,0,1,1,6,1,24,5,-1,-1,-1,-1,1,-1
2015610030715,1,9,0,16,0,0,0,0,1,11,1,1,6,2,33,6,-1,-1,-1,-1,1,-1
2015610030815,1,9,0,18,0,0,0,0,0,0,1,1,6,1,-1,-1,-1,-1,-1,-1,-1,-1
2015610030815,2,9,0,3,0,0,0,0,0,0,2,1,2,2,41,7,-1,-1,-1,-1,1,-1
2015610030915,1,9,0,9,0,1,0,0,0,0,4,1,2,1,32,6,-1,-1,-1,-1,1,-1
2015610030915,2,1,0,18,0,1,0,0,0,0,1,1,6,1,36,7,-1,-1,-1,-1,1,-1
2015610031015,1,9,0,5,0,3,0,0,0,0,3,1,6,1,29,6,-1,-1,-1,-1,1,-1
2015610031015,2,9,0,11,0,3,1,0,0,0,4,1,6,1,-1,-1,-1,-1,-1,-1,-1,-1
2015610031115,1,9,0,6,0,0,0,0,0,0,2,1,6,1,64,9,-1,-1,-1,-1,1,-1
2015610031115,2,5,0,18,0,0,1,0,0,0,1,1,6,1,46,8,-1,-1,-1,-1,1,-1
2015610031215,1,1,0,18,0,0,0,0,0,0,3,1,6,1,25,5,-1,-1,-1,-1,3,-1
2015610031215,2,9,3,15,0,0,0,0,0,0,2,1,6,3,-1,-1,-1,-1,-1,-1,-1,-1
2015610031315,1,9,0,18,0,1,0,0,0,0,1,1,6,2,26,6,-1,-1,-1,-1,1,-1
2015610031315,2,9,0,18,0,8,0,0,0,0,3,1,6,1,24,5,-1,-1,-1,-1,1,-1
2015610031415,1,9,0,5,0,4,0,0,0,0,3,1,6,2,59,9,-1,-1,-1,-1,3,-1
2015610031415,2,5,0,18,0,1,0,0,0,0,4,1,6,2,35,6,-1,-1,-1,-1,1,-1
2015610031515,1,9,0,4,0,0,0,0,0,0,3,1,2,1,49,8,-1,-1,-1,-1,1,-1
2015610031715,1,9,0,18,0,0,0,0,0,0,1,1,1,1,42,7,-1,-1,-1,-1,1,-1
2015610031815,1,9,0,18,0,0,0,0,0,2,1,1,2,1,33,6,-1,-1,-1,-1,1,-1
2015610031915,1,9,0,5,0,4,0,0,0,0,1,1,1,2,18,4,-1,-1,-1,-1,1,-1
2015610031915,2,9,0,18,0,3,0,0,0,0,4,1,1,2,25,5,-1,-1,-1,-1,1,-1
2015610032115,1,9,0,18,0,0,0,0,0,0,1,1,6,2,48,8,-1,-1,-1,-1,2,-1
2015610032215,1,10,0,2,0,0,0,0,0,0,1,1,3,2,53,8,-1,-1,-1,-1,2,-1
2015610032315,1,9,0,18,0,4,0,0,0,0,1,2,6,1,22,5,-1,-1,-1,-1,3,-1
2015610032315,2,3,0,18,0,3,0,0,0,0,4,1,2,1,56,9,-1,-1,-1,-1,1,-1
2015610032415,1,9,0,18,0,0,5,0,1,11,3,1,6,1,22,5,-1,-1,-1,-1,1,-1
2015610032415,2,9,0,18,0,0,0,0,0,0,4,1,6,3,-1,-1,-1,-1,-1,-1,-1,-1
2015610032515,1,3,0,9,0,6,0,7,0,0,3,1,6,2,47,8,-1,-1,-1,-1,1,-1
2015610032615,1,19,0,4,0,2,0,0,0,0,1,1,6,1,63,9,-1,-1,-1,-1,2,-1
2015610032615,2,9,0,2,0,2,0,0,0,0,2,1,6,1,17,4,-1,-1,-1,-1,1,-1
2015610032615,3,19,0,2,0,2,0,0,0,0,2,1,6,2,52,8,-1,-1,-1,-1,1,-1
2015610032715,1,9,0,10,0,0,0,0,0,0,2,1,6,1,62,9,-1,-1,-1,-1,1,-1
2015610032715,2,9,0,4,0,0,1,0,0,0,1,1,6,1,-1,-1,-1,-1,-1,-1,-1,-1
2015610032815,1,8,0,18,0,0,0,0,4,6,1,1,1,1,55,8,-1,-1,-1,-1,1,-1
2015610032915,1,9,0,18,0,0,0,0,0,0,1,1,6,2,20,4,-1,-1,-1,-1,1,-1
2015610032915,2,9,0,18,0,0,0,0,0,0,2,1,2,2,58,9,-1,-1,-1,-1,1,-1
2015610033015,1,9,0,9,0,8,0,0,0,0,1,1,2,2,33,6,-1,-1,-1,-1,1,-1
2015610033015,2,9,0,9,0,8,0,0,0,0,3,1,6,1,33,6,-1,-1,-1,-1,1,-1
2015610033115,1,9,0,18,0,0,0,0,0,0,1,1,6,1,21,5,-1,-1,-1,-1,1,-1
2015610033115,2,9,0,4,0,0,0,0,0,0,2,1,6,2,62,9,-1,-1,-1,-1,1,-1
2015610033115,3,9,0,3,0,0,0,0,0,0,2,1,6,2,52,8,-1,-1,-1,-1,1,-1
2015610033215,1,9,0,18,0,3,0,0,0,0,3,1,2,2,47,8,-1,-1,-1,-1,1,-1
2015610033215,2,5,0,18,0,3,0,0,0,0,4,1,6,2,28,6,-1,-1,-1,-1,1,-1
2015610033415,1,9,0,18,0,0,0,0,0,0,1,1,3,1,37,7,-1,-1,-1,-1,1,-1
2015610033515,1,9,0,18,0,4,0,0,0,0,2,1,2,1,44,7,-1,-1,-1,-1,-1,-1
2015610033515,2,9,0,18,0,4,0,0,0,0,1,1,2,1,64,9,-1,-1,-1,-1,1,-1
2015610033615,1,9,0,18,0,4,0,0,0,0,2,1,1,2,20,4,-1,-1,-1,-1,-1,-1
2015610033615,2,9,0,18,0,4,0,0,0,0,1,1,6,2,24,5,-1,-1,-1,-1,1,-1
2015610033715,1,9,0,2,0,1,0,0,0,0,2,1,1,1,-1,-1,-1,-1,-1,-1,1,-1
2015610033715,2,1,0,18,0,1,0,0,0,0,1,1,6,1,9,2,-1,-1,-1,-1,-1,-1
2015610033815,1,9,0,4,0,0,0,0,0,0,2,1,1,1,46,8,-1,-1,-1,-1,1,-1
2015610033815,2,9,0,4,0,0,0,0,0,0,2,1,6,2,64,9,-1,-1,-1,-1,1,-1
2015610033815,3,9,0,18,0,0,0,0,0,0,1,1,1,1,58,9,-1,-1,-1,-1,1,-1
2015610033915,1,9,0,18,0,0,0,0,0,0,1,1,6,1,23,5,-1,-1,-1,-1,3,-1
2015610033915,2,9,0,18,0,0,0,0,0,0,2,1,6,2,51,8,-1,-1,-1,-1,3,-1
2015610034015,1,9,0,4,0,7,0,0,0,0,2,1,6,2,87,11,-1,-1,-1,-1,3,-1
2015610034015,2,9,0,4,0,7,0,0,0,0,2,1,6,2,17,4,-1,-1,-1,-1,3,-1
2015610034015,3,9,0,18,0,7,0,0,0,0,1,1,6,2,-1,-1,-1,-1,-1,-1,3,-1
2015610034115,1,5,0,16,0,0,1,0,0,0,1,1,6,1,-1,-1,-1,-1,-1,-1,1,-1
2015610034115,2,9,0,17,0,0,0,0,0,0,3,1,6,1,-1,-1,-1,-1,-1,-1,3,-1
2015610034215,1,9,0,13,0,0,1,0,7,4,3,1,6,1,32,6,-1,-1,-1,-1,1,-1
2015610034315,1,9,0,18,0,0,0,0,0,0,1,1,6,2,33,6,-1,-1,-1,-1,3,-1
2015610034315,2,9,0,18,0,0,0,0,0,0,1,1,6,2,68,10,-1,-1,-1,-1,3,-1
2015610034415,1,9,0,18,0,0,0,0,0,0,4,1,6,2,28,6,-1,-1,-1,-1,-1,-1
2015610034515,1,9,0,7,0,6,0,0,0,0,3,1,6,2,25,5,-1,-1,-1,-1,-1,-1
2015610034515,2,10,0,18,0,1,0,0,0,0,1,1,1,1,51,8,-1,-1,-1,-1,3,-1
2015610034615,1,9,0,18,0,0,0,0,0,0,1,1,6,1,26,6,-1,-1,-1,-1,1,-1
2015610034715,1,9,0,18,0,0,1,0,0,0,1,1,6,3,-1,-1,-1,-1,-1,-1,-1,-1
2015610034715,2,9,0,18,0,0,1,0,0,0,1,1,1,1,58,9,-1,-1,-1,-1,3,-1
2015610034815,1,9,0,18,0,0,0,0,0,0,2,1,3,1,48,8,-1,-1,-1,-1,1,-1
2015610034815,2,9,0,18,0,0,1,0,0,0,1,1,1,1,44,7,-1,-1,-1,-1,1,-1
2015610034915,1,9,0,18,0,8,2,10,0,0,4,1,6,1,21,5,-1,-1,-1,-1,2,-1
2015610034915,2,9,0,18,0,8,0,0,0,0,3,1,6,2,32,6,-1,-1,-1,-1,2,-1
2015610035015,1,9,0,18,0,0,0,0,0,0,3,1,6,2,35,6,-1,-1,-1,-1,1,-1
2015610035115,1,11,0,18,0,8,0,0,0,0,1,1,1,1,49,8,-1,-1,-1,-1,1,-1
2015610035215,1,9,0,4,0,1,0,0,0,0,1,1,1,1,22,5,-1,-1,-1,-1,1,-1
2015610035215,2,9,0,4,0,1,0,0,0,0,2,1,6,2,55,8,-1,-1,-1,-1,1,-1
2015610035315,1,9,0,2,0,1,0,0,0,0,2,1,6,2,54,8,-1,-1,-1,-1,3,-1
2015610035415,1,9,0,18,0,4,0,0,0,0,1,1,6,1,57,9,-1,-1,-1,-1,1,-1
2015610035415,2,1,0,18,0,8,1,0,0,0,1,1,6,1,44,7,-1,-1,-1,-1,1,-1
2015610035515,1,5,0,13,0,1,0,0,0,0,4,1,6,1,69,10,-1,-1,-1,-1,1,-1
2015610035515,2,9,0,9,0,5,0,0,0,0,3,1,6,1,32,6,-1,-1,-1,-1,2,-1
2015610035615,1,2,0,18,0,0,0,0,0,0,1,1,6,1,16,4,-1,-1,-1,-1,1,-1
2015610035615,2,9,0,4,0,0,0,0,0,0,2,1,6,1,39,7,-1,-1,-1,-1,1,-1
2015610035715,1,97,0,18,0,0,1,0,0,0,1,1,6,1,22,5,-1,-1,-1,-1,-1,-1
2015610035715,2,9,0,2,0,0,0,0,0,0,2,1,6,1,-1,-1,-1,-1,-1,-1,-1,-1
2015610035815,1,9,0,18,0,0,0,0,0,0,2,1,6,1,60,9,-1,-1,-1,-1,1,-1
2015610035815,2,5,0,18,0,0,1,0,0,0,1,1,6,1,29,6,-1,-1,-1,-1,1,-1
2015610035915,1,9,0,18,0,1,1,0,0,0,4,1,6,1,24,5,-1,-1,-1,-1,1,-1
2015610035915,2,9,0,18,0,6,0,0,0,0,1,1,6,1,68,10,-1,-1,-1,-1,3,-1
2015610036015,1,9,0,14,0,8,1,0,0,0,1,1,6,1,25,5,-1,-1,-1,-1,1,-1
2015610036015,2,9,0,18,0,5,0,0,0,0,0,1,6,1,25,5,-1,-1,-1,-1,1,-1
2015610036115,1,9,0,9,0,5,0,0,0,0,4,1,1,2,65,9,-1,-1,-1,-1,3,-1
2015610036115,2,20,0,18,0,1,1,0,0,0,1,1,6,1,46,8,-1,-1,-1,-1,1,-1
2015610036215,1,9,0,18,0,1,0,0,0,0,4,1,6,1,52,8,-1,-1,-1,-1,1,-1
2015610036415,1,9,0,18,0,0,5,0,0,0,4,1,6,1,23,5,-1,-1,-1,-1,2,-1
2015610036515,1,9,0,17,0,0,0,0,0,0,3,1,6,2,24,5,-1,-1,-1,-1,1,-1
2015610036515,2,9,0,16,0,0,0,0,0,0,1,1,6,1,55,8,-1,-1,-1,-1,1,-1
2015610036715,1,9,0,9,0,5,0,0,0,0,3,1,6,1,25,5,-1,-1,-1,-1,1,-1
2015610036715,2,2,0,9,0,5,0,0,0,0,1,1,6,1,17,4,-1,-1,-1,-1,1,-1
2015610036815,1,9,0,14,0,1,0,0,0,0,1,1,6,1,31,6,-1,-1,-1,-1,2,-1
2015610036815,2,9,0,5,0,6,0,0,0,0,4,1,6,1,28,6,-1,-1,-1,-1,1,-1
2015610036915,1,9,0,13,0,1,0,0,0,0,4,1,6,1,26,6,-1,-1,-1,-1,-1,-1
2015610036915,2,5,0,18,0,1,1,0,0,0,3,1,6,1,54,8,-1,-1,-1,-1,1,-1
2015610037015,1,22,0,13,0,0,0,0,0,0,3,1,1,1,52,8,-1,-1,-1,-1,1,-1
2015610037015,2,1,0,18,0,0,0,0,0,0,4,1,6,1,-1,-1,-1,-1,-1,-1,1,-1
2015610037115,1,9,0,18,0,8,0,0,0,0,3,2,6,1,20,4,-1,-1,-1,-1,-1,-1
2015610037115,2,5,0,18,0,8,0,0,0,0,4,1,6,1,-1,-1,-1,-1,-1,-1,2,-1
2015610037315,1,5,0,18,0,1,0,0,0,0,4,1,6,1,-1,-1,-1,-1,-1,-1,1,-1
2015610037315,2,9,0,18,0,6,0,0,0,0,1,1,6,2,52,8,-1,-1,-1,-1,1,-1
2015610037415,1,9,0,18,0,1,0,0,0,0,1,1,6,2,44,7,-1,-1,-1,-1,1,-1
2015610037415,2,9,0,4,0,1,0,0,0,0,2,1,6,1,34,6,-1,-1,-1,-1,1,-1
2015610037415,3,9,0,4,0,1,0,0,0,0,2,1,6,1,17,4,-1,-1,-1,-1,2,-1
2015610037515,1,9,0,16,0,0,1,0,7,3,3,1,6,2,17,4,-1,-1,-1,-1,2,-1
2015610037615,1,9,0,18,0,0,0,0,0,0,1,1,6,2,23,5,-1,-1,-1,-1,1,-1
2015610037615,2,9,0,18,0,0,0,0,0,0,1,1,6,2,33,6,-1,-1,-1,-1,1,-1
2015610037715,1,9,0,10,0,5,0,0,0,0,2,1,6,1,31,6,-1,-1,-1,-1,2,-1
2015610037715,2,9,0,4,0,1,0,0,0,0,2,1,6,2,23,5,-1,-1,-1,-1,2,-1
2015610037715,3,9,0,4,0,1,0,0,0,0,2,1,6,1,19,4,-1,-1,-1,-1,1,-1
2015610037715,4,9,0,18,0,1,0,0,0,0,1,1,6,1,66,10,-1,-1,-1,-1,3,-1
2015610037815,1,9,0,11,0,8,0,10,1,10,4,1,6,1,78,11,-1,-1,-1,-1,1,-1
2015610037815,2,9,0,18,0,8,0,0,0,0,3,1,6,1,30,6,-1,-1,-1,-1,1,-1
2015610037915,1,9,0,18,0,0,0,0,0,0,4,1,6,1,34,6,-1,-1,-1,-1,1,-1
2015610038015,1,9,0,18,0,8,0,0,0,0,3,1,6,1,24,5,-1,-1,-1,-1,-1,-1
2015610038115,1,9,0,18,0,0,1,0,7,10,1,1,6,2,18,4,-1,-1,-1,-1,1,-1
2015610038215,1,9,0,3,0,1,0,0,0,0,2,1,6,1,46,8,-1,-1,-1,-1,1,-1
2015610038215,2,9,0,3,0,1,0,0,0,0,2,1,6,1,79,11,-1,-1,-1,-1,1,-1
2015610038215,3,9,0,4,0,1,0,0,0,0,1,1,6,2,46,8,-1,-1,-1,-1,-1,-1
2015610038315,1,9,0,18,0,0,0,0,0,0,4,1,6,2,29,6,-1,-1,-1,-1,2,-1
2015610038415,1,9,0,3,0,0,0,0,0,0,1,1,6,2,57,9,-1,-1,-1,-1,3,-1
2015610038415,2,9,0,2,0,0,0,0,0,0,2,1,6,1,29,6,-1,-1,-1,-1,3,-1
2015610038515,1,9,0,9,0,5,0,0,0,0,4,1,6,2,29,6,-1,-1,-1,-1,-1,-1
2015610038515,2,1,0,18,0,1,0,0,0,0,1,1,6,1,36,7,-1,-1,-1,-1,3,-1
2015610038615,1,19,0,5,8,0,0,0,0,0,4,1,6,1,25,5,-1,-1,-1,-1,2,-1
2015610038615,2,9,0,18,0,0,0,0,0,0,3,1,6,1,30,6,-1,-1,-1,-1,1,-1
2015610038715,1,9,0,18,0,0,0,0,0,0,0,1,6,1,51,8,-1,-1,-1,-1,1,-1
2015610038715,2,9,0,18,0,0,0,0,0,0,1,1,6,1,24,5,-1,-1,-1,-1,3,-1
2015610038715,3,9,0,18,0,0,0,0,0,0,1,1,6,1,30,6,-1,-1,-1,-1,1,-1