Accident_Index,Vehicle_Reference,Vehicle_Type,Towing_and_Articulation,Vehicle_Manoeuvre,Vehicle_Location-Restricted_Lane,Junction_Location,Skidding_and_Overturning,Hit_Object_in_Carriageway,Vehicle_Leaving_Carriageway,Hit_Object_off_Carriageway,1st_Point_of_Impact,Was_Vehicle_Left_Hand_Drive?,Journey_Purpose_of_Driver,Sex_of_Driver,Age_of_Driver,Age_Band_of_Driver,Engine_Capacity_(CC),Propulsion_Code,Age_of_Vehicle,Driver_IMD_Decile,Driver_Home_Area_Type,Vehicle_IMD_Decile
2015610052415,1,9,0,18,0,2,0,0,0,0,4,1,6,1,35,6,-1,-1,-1,-1,1,-1
2015610052515,1,8,0,1,0,0,0,0,0,0,2,1,1,1,67,10,-1,-1,-1,-1,1,-1
2015610052615,1,9,0,18,0,0,0,0,0,0,1,1,6,2,26,6,-1,-1,-1,-1,1,-1
2015610052615,2,9,0,2,0,0,0,0,0,0,2,1,6,2,24,5,-1,-1,-1,-1,1,-1
2015610052715,1,9,0,18,0,6,0,0,0,0,3,1,6,1,19,4,-1,-1,-1,-1,1,-1
2015610052715,2,5,0,18,0,1,0,0,0,0,1,1,2,1,50,8,-1,-1,-1,-1,1,-1
2015610052815,1,9,0,18,0,8,0,0,0,0,3,1,6,2,47,8,-1,-1,-1,-1,1,-1
2015610052815,2,9,0,18,0,8,0,0,0,0,4,1,6,2,30,6,-1,-1,-1,-1,1,-1
2015610052915,1,9,0,7,0,5,0,0,0,0,1,1,6,2,47,8,-1,-1,-1,-1,1,-1
2015610052915,2,9,0,18,0,1,0,0,0,0,1,1,6,3,-1,-1,-1,-1,-1,-1,-1,-1
2015610053015,1,9,0,18,0,0,0,0,0,0,0,1,2,1,46,8,-1,-1,-1,-1,1,-1
2015610053015,2,9,0,18,0,0,0,0,0,0,0,1,2,2,51,8,-1,-1,-1,-1,1,-1
2015610053015,3,9,0,18,0,0,0,0,0,0,0,1,2,2,36,7,-1,-1,-1,-1,1,-1
2015610053115,1,9,0,1,0,6,0,0,0,0,4,1,6,2,25,5,-1,-1,-1,-1,1,-1
2015610053115,2,5,0,18,0,1,0,0,0,0,1,1,6,1,60,9,-1,-1,-1,-1,1,-1
2015610053215,1,97,0,18,0,0,2,0,7,11,1,1,6,1,11,3,-1,-1,-1,-1,1,-1
2015610053315,1,9,0,7,0,2,0,0,0,0,1,1,1,1,-1,-1,-1,-1,-1,-1,1,-1
2015610053415,1,9,0,9,0,6,0,0,0,0,3,1,6,1,19,4,-1,-1,-1,-1,1,-1
2015610053415,2,9,0,18,0,8,0,0,0,0,2,1,6,1,43,7,-1,-1,-1,-1,1,-1
2015610053515,1,9,0,18,0,0,0,0,0,0,1,1,6,2,21,5,-1,-1,-1,-1,1,-1
2015610053515,2,9,0,18,0,0,0,0,0,0,2,1,2,2,51,8,-1,-1,-1,-1,1,-1
2015610053615,1,5,0,18,0,1,1,0,1,0,1,1,2,1,42,7,-1,-1,-1,-1,2,-1
2015610053615,2,9,0,9,0,1,0,0,0,0,2,1,6,2,42,7,-1,-1,-1,-1,3,-1
2015610053715,1,9,0,18,0,0,1,0,0,0,1,1,1,1,45,7,-1,-1,-1,-1,1,-1
2015610053715,2,9,0,18,0,0,0,0,0,0,2,1,2,1,33,6,-1,-1,-1,-1,3,-1
2015610053815,1,1,0,18,9,1,0,0,0,0,3,1,6,1,24,5,-1,-1,-1,-1,1,-1
2015610053815,2,19,0,7,0,1,0,0,0,0,1,1,1,1,34,6,-1,-1,-1,-1,1,-1
2015610053915,1,9,0,18,0,0,0,0,0,0,1,1,2,2,58,9,-1,-1,-1,-1,2,-1
2015610053915,2,9,0,18,0,0,0,0,0,0,1,1,6,1,58,9,-1,-1,-1,-1,1,-1
2015610054015,1,9,0,18,0,0,0,0,0,0,1,1,6,1,25,5,-1,-1,-1,-1,1,-1
2015610054015,2,9,0,18,0,0,0,0,0,0,2,1,6,2,25,5,-1,-1,-1,-1,1,-1
2015610054215,1,5,0,18,0,1,0,0,0,0,1,1,2,1,53,8,-1,-1,-1,-1,1,-1
2015610054215,2,9,0,18,0,1,0,0,0,0,2,1,2,2,59,9,-1,-1,-1,-1,1,-1
2015610054315,1,9,0,10,0,1,0,0,0,0,2,1,6,2,52,8,-1,-1,-1,-1,1,-1
2015610054315,2,9,0,4,0,1,0,0,0,0,2,1,2,2,31,6,-1,-1,-1,-1,1,-1
2015610054315,3,9,0,18,0,1,0,0,0,0,1,1,2,2,34,6,-1,-1,-1,-1,2,-1
2015610054415,1,9,0,18,0,0,0,0,0,0,3,1,6,3,-1,-1,-1,-1,-1,-1,-1,-1
2015610054415,2,9,0,18,0,0,0,0,0,0,4,1,6,1,-1,-1,-1,-1,-1,-1,-1,-1
2015610054515,1,9,0,4,0,0,0,0,0,0,1,1,6,1,29,6,-1,-1,-1,-1,1,-1
2015610054615,1,9,0,5,0,4,0,0,0,0,1,1,2,1,48,8,-1,-1,-1,-1,1,-1
2015610054615,2,9,0,3,0,4,0,0,0,0,2,1,2,2,50,8,-1,-1,-1,-1,1,-1
2015610054715,1,9,0,18,0,1,1,0,0,0,1,1,6,1,24,5,-1,-1,-1,-1,1,-1
2015610054815,1,9,0,18,0,0,0,0,0,0,1,1,6,2,35,6,-1,-1,-1,-1,1,-1
2015610054815,2,19,0,18,0,0,0,0,0,0,2,1,1,1,46,8,-1,-1,-1,-1,2,-1
2015610054915,1,8,0,1,0,6,0,0,0,0,4,1,1,1,55,8,-1,-1,-1,-1,1,-1
2015610055015,1,9,0,18,0,2,0,0,0,0,2,1,6,1,60,9,-1,-1,-1,-1,1,-1
2015610055015,2,9,0,18,0,1,0,0,0,0,1,1,6,1,20,4,-1,-1,-1,-1,1,-1
2015610055115,1,9,0,18,0,8,0,0,0,0,1,1,6,1,25,5,-1,-1,-1,-1,1,-1
2015610055115,2,9,0,18,0,8,0,0,0,0,2,1,6,1,60,9,-1,-1,-1,-1,1,-1
2015610055215,1,9,0,18,0,5,0,0,0,0,3,1,6,1,30,6,-1,-1,-1,-1,1,-1
2015610055215,2,97,0,18,0,1,0,0,0,0,1,1,6,3,-1,-1,-1,-1,-1,-1,-1,-1
2015610055315,1,9,0,3,0,1,0,0,0,0,1,1,6,2,21,5,-1,-1,-1,-1,1,-1
2015610055315,2,9,0,4,0,1,0,0,0,0,2,1,6,2,19,4,-1,-1,-1,-1,1,-1
2015610055415,1,9,0,16,0,0,0,0,0,0,2,1,2,1,53,8,-1,-1,-1,-1,1,-1
2015610055415,2,9,0,16,0,0,1,0,0,0,1,1,2,1,32,6,-1,-1,-1,-1,1,-1
2015610055515,1,5,0,3,0,4,0,0,0,0,2,1,6,1,63,9,-1,-1,-1,-1,1,-1
2015610055515,2,9,0,5,0,4,0,0,0,0,1,1,3,1,62,9,-1,-1,-1,-1,2,-1
2015610055615,1,9,0,18,0,0,0,0,0,0,1,1,2,1,25,5,-1,-1,-1,-1,2,-1
2015610055615,2,9,0,4,0,0,0,0,0,0,2,1,6,1,22,5,-1,-1,-1,-1,1,-1
2015610055615,3,9,0,4,0,0,0,0,0,0,2,1,6,1,74,10,-1,-1,-1,-1,3,-1
2015610055715,1,9,0,18,0,0,1,0,0,0,1,1,6,1,49,8,-1,-1,-1,-1,2,-1
2015610055715,2,9,0,18,0,0,1,0,0,0,1,1,6,1,53,8,-1,-1,-1,-1,1,-1
2015610055815,1,9,0,18,0,0,5,0,0,0,0,1,6,1,22,5,-1,-1,-1,-1,1,-1
2015610055915,1,9,0,18,0,0,1,0,0,0,1,1,6,2,-1,-1,-1,-1,-1,-1,-1,-1
2015610056015,1,9,0,5,0,6,0,0,0,0,4,1,6,2,52,8,-1,-1,-1,-1,1,-1
2015610056015,2,9,0,18,0,8,0,0,0,0,3,1,6,1,33,6,-1,-1,-1,-1,3,-1
2015610056115,1,9,0,18,0,0,1,0,7,11,3,1,6,1,21,5,-1,-1,-1,-1,1,-1
2015610056215,1,9,0,18,0,0,1,0,0,11,1,1,6,1,28,6,-1,-1,-1,-1,2,-1
2015610056215,2,9,0,18,0,0,0,0,0,0,1,1,6,1,56,9,-1,-1,-1,-1,1,-1
2015610056315,1,9,0,18,0,1,0,0,0,0,3,1,6,1,74,10,-1,-1,-1,-1,1,-1
2015610056415,1,9,0,9,0,8,0,0,0,0,4,1,1,1,60,9,-1,-1,-1,-1,1,-1
2015610056415,2,9,0,18,0,8,0,0,0,0,3,1,6,1,19,4,-1,-1,-1,-1,1,-1
2015610056515,1,9,0,18,0,8,2,10,3,1,3,1,6,1,22,5,-1,-1,-1,-1,1,-1
2015610056615,1,9,0,18,0,2,0,0,0,0,1,1,6,1,23,5,-1,-1,-1,-1,2,-1
2015610056715,1,9,0,18,0,0,2,0,1,9,0,1,2,1,41,7,-1,-1,-1,-1,1,-1
2015610056815,1,3,0,13,0,1,0,0,0,0,3,1,1,1,23,5,-1,-1,-1,-1,1,-1
2015610056815,2,21,0,9,0,5,0,0,0,0,4,1,6,1,36,7,-1,-1,-1,-1,1,-1
2015610056915,1,9,0,18,0,6,2,10,0,0,1,1,1,2,17,4,-1,-1,-1,-1,3,-1
2015610057015,1,9,0,18,0,0,0,0,0,0,1,1,6,1,20,4,-1,-1,-1,-1,1,-1
2015610057015,2,9,0,4,0,0,0,0,0,0,2,1,6,1,26,6,-1,-1,-1,-1,3,-1
2015610057015,3,9,0,18,0,0,0,0,0,0,1,1,6,1,26,6,-1,-1,-1,-1,-1,-1
2015610057115,1,9,0,18,0,0,5,0,7,9,1,1,6,1,20,4,-1,-1,-1,-1,3,-1
2015610057215,1,4,0,4,0,1,1,0,0,0,4,1,2,1,50,8,-1,-1,-1,-1,1,-1
2015610057315,1,9,0,18,0,0,1,0,0,0,1,1,6,2,21,5,-1,-1,-1,-1,-1,-1
2015610057315,2,21,1,18,0,0,0,0,0,0,2,1,1,1,-1,-1,-1,-1,-1,-1,-1,-1
2015610057415,1,9,0,4,0,0,0,0,0,0,1,1,6,2,65,9,-1,-1,-1,-1,1,-1
2015610057415,2,9,0,3,0,0,0,0,0,0,2,1,6,1,18,4,-1,-1,-1,-1,1,-1
2015610057515,1,9,0,18,0,1,0,0,0,0,4,1,6,1,54,8,-1,-1,-1,-1,1,-1
2015610057515,2,19,0,7,0,6,0,0,0,0,1,1,6,1,39,7,-1,-1,-1,-1,1,-1
2015610057615,1,9,0,10,0,5,0,0,0,0,2,1,6,2,39,7,-1,-1,-1,-1,-1,-1
2015610057615,2,9,0,18,0,1,0,0,0,0,1,1,6,1,49,8,-1,-1,-1,-1,1,-1
2015610057715,1,9,0,18,0,0,0,0,0,0,4,1,1,1,43,7,-1,-1,-1,-1,1,-1
2015610057715,2,9,0,2,0,0,0,0,0,0,3,1,6,1,-1,-1,-1,-1,-1,-1,1,-1
2015610057815,1,11,0,18,0,0,0,0,0,0,3,1,1,1,-1,-1,-1,-1,-1,-1,-1,-1
2015610057815,2,9,0,18,0,0,0,0,0,0,4,1,6,3,-1,-1,-1,-1,-1,-1,-1,-1
2015610058015,1,9,0,18,0,8,0,0,0,0,1,1,6,1,26,6,-1,-1,-1,-1,-1,-1
2015610058015,2,9,0,18,0,8,0,0,0,0,4,1,6,1,28,6,-1,-1,-1,-1,1,-1
2015610058115,1,9,0,18,0,0,0,0,0,0,1,1,6,1,62,9,-1,-1,-1,-1,1,-1
2015610058115,2,9,0,5,0,0,0,0,0,0,1,1,6,2,41,7,-1,-1,-1,-1,1,-1
2015610058215,1,8,0,18,0,0,0,0,0,0,1,1,1,1,59,9,-1,-1,-1,-1,1,-1
2015610058315,1,9,0,18,0,0,0,0,0,0,1,1,6,1,69,10,-1,-1,-1,-1,1,-1
2015610058415,1,9,0,18,0,0,0,0,0,0,1,1,6,1,72,10,-1,-1,-1,-1,1,-1
2015610058415,2,9,0,18,0,0,0,0,0,0,1,1,6,1,21,5,-1,-1,-1,-1,3,-1
2015610058515,1,8,0,18,0,1,0,0,0,0,2,1,1,1,33,6,-1,-1,-1,-1,1,-1
2015610058515,2,9,0,18,0,1,0,0,0,0,2,1,6,1,20,4,-1,-1,-1,-1,1,-1
2015610058515,3,9,0,18,0,1,0,0,0,0,1,1,6,1,33,6,-1,-1,-1,-1,1,-1
2015610058615,1,9,0,18,0,4,0,0,0,0,2,1,6,1,45,7,-1,-1,-1,-1,1,-1
2015610058615,2,9,0,18,0,1,0,0,0,0,1,1,6,2,-1,-1,-1,-1,-1,-1,1,-1
2015610058715,1,9,0,17,0,0,1,0,0,0,1,1,6,1,20,4,-1,-1,-1,-1,2,-1
2015610058715,2,8,0,16,0,0,0,0,0,0,1,1,1,1,55,8,-1,-1,-1,-1,1,-1
2015610058815,1,9,0,18,0,4,0,0,0,0,1,1,1,1,25,5,-1,-1,-1,-1,1,-1
2015610058815,2,1,0,18,0,3,0,0,0,0,2,1,6,1,52,8,-1,-1,-1,-1,1,-1
2015610058915,1,9,0,2,0,1,0,0,0,0,2,1,6,1,32,6,-1,-1,-1,-1,1,-1
2015610058915,2,9,0,18,0,1,0,0,0,0,4,1,6,2,35,6,-1,-1,-1,-1,2,-1
2015610059015,1,9,0,18,0,0,0,0,1,11,1,1,6,1,39,7,-1,-1,-1,-1,1,-1
2015610059115,1,9,0,18,0,0,0,0,0,0,1,1,6,1,23,5,-1,-1,-1,-1,1,-1
2015610059115,2,9,0,18,0,0,0,0,0,0,1,1,6,1,23,5,-1,-1,-1,-1,1,-1
2015610059215,1,9,0,6,0,8,0,0,0,0,3,1,6,1,57,9,-1,-1,-1,-1,3,-1
2015610059215,2,3,0,18,0,8,0,0,0,0,4,1,2,1,38,7,-1,-1,-1,-1,1,-1
2015610059315,1,21,0,5,0,0,0,0,0,0,1,1,6,1,47,8,-1,-1,-1,-1,2,-1
2015610059315,2,9,0,3,0,0,0,0,0,0,2,2,6,2,33,6,-1,-1,-1,-1,1,-1
2015610059415,1,21,4,11,0,3,0,0,0,0,4,1,6,1,33,6,-1,-1,-1,-1,-1,-1
2015610059415,2,9,0,12,0,3,0,0,0,0,3,1,1,1,45,7,-1,-1,-1,-1,1,-1
2015610059515,1,9,0,18,0,0,0,0,0,0,0,1,6,2,-1,-1,-1,-1,-1,-1,-1,-1
2015610059615,1,9,0,7,0,0,2,10,8,10,1,1,2,2,22,5,-1,-1,-1,-1,2,-1
2015610059615,2,20,0,18,0,0,0,0,0,0,1,1,1,1,43,7,-1,-1,-1,-1,1,-1
2015610059715,1,9,0,18,0,0,1,0,0,0,1,1,1,2,20,4,-1,-1,-1,-1,1,-1
2015610059715,2,9,0,3,0,0,0,0,0,0,2,1,1,1,59,9,-1,-1,-1,-1,1,-1
2015610059815,1,9,0,7,0,1,0,0,0,0,1,1,6,1,18,4,-1,-1,-1,-1,1,-1
2015610059915,1,9,0,18,0,1,0,0,0,0,1,1,6,1,90,11,-1,-1,-1,-1,1,-1
2015610059915,2,9,0,3,0,2,0,0,0,0,2,1,6,1,-1,-1,-1,-1,-1,-1,1,-1
2015610060015,1,9,0,18,0,1,0,0,0,0,3,1,2,1,44,7,-1,-1,-1,-1,3,-1
2015610060015,2,9,0,18,0,1,0,0,0,0,3,1,2,2,46,8,-1,-1,-1,-1,3,-1
2015610060115,1,9,0,9,0,5,0,0,0,0,1,1,6,1,-1,-1,-1,-1,-1,-1,-1,-1
2015610060115,2,4,0,18,0,1,1,0,0,0,1,1,6,1,19,4,-1,-1,-1,-1,-1,-1
2015610060215,1,9,0,16,0,0,1,10,1,0,1,1,1,1,24,5,-1,-1,-1,-1,1,-1
2015610060215,2,9,0,16,0,0,0,0,0,0,1,1,2,1,44,7,-1,-1,-1,-1,1,-1
2015610060315,1,9,0,18,0,0,1,0,0,0,2,1,6,2,48,8,-1,-1,-1,-1,1,-1
2015610060315,2,9,0,18,0,0,1,0,0,0,1,1,6,1,50,8,-1,-1,-1,-1,1,-1
2015610060315,3,19,0,18,0,0,1,0,0,0,1,1,6,1,36,7,-1,-1,-1,-1,1,-1
2015610060315,4,9,0,18,0,0,1,0,0,0,1,1,6,1,21,5,-1,-1,-1,-1,1,-1
2015610060415,1,9,0,18,0,0,0,0,0,0,2,1,6,1,32,6,-1,-1,-1,-1,1,-1
2015610060415,2,9,0,18,0,0,1,0,0,0,1,1,6,2,30,6,-1,-1,-1,-1,1,-1
2015610060515,1,21,1,2,0,1,0,0,0,0,2,1,1,1,50,8,-1,-1,-1,-1,1,-1
2015610060515,2,20,0,18,0,1,0,4,0,0,1,1,1,1,46,8,-1,-1,-1,-1,1,-1
2015610060615,1,9,0,18,0,1,0,0,0,0,1,1,6,2,28,6,-1,-1,-1,-1,1,-1
2015610060715,1,9,0,18,0,2,1,0,0,0,1,1,2,1,30,6,-1,-1,-1,-1,1,-1
2015610060715,2,9,0,4,0,2,0,0,1,0,2,1,6,2,45,7,-1,-1,-1,-1,1,-1
2015610060715,3,9,0,2,9,2,0,0,0,0,1,1,6,1,-1,-1,-1,-1,-1,-1,-1,-1
2015610060815,1,9,0,5,0,6,0,0,0,0,1,1,6,1,67,10,-1,-1,-1,-1,3,-1
2015610060815,2,9,0,18,0,1,1,0,0,0,1,1,6,2,41,7,-1,-1,-1,-1,-1,-1
2015610060915,1,9,0,12,0,0,0,0,0,0,1,1,6,2,20,4,-1,-1,-1,-1,1,-1
2015610060915,2,9,0,18,0,0,0,0,0,0,2,1,6,2,48,8,-1,-1,-1,-1,1,-1
2015610061015,1,9,0,18,0,0,0,0,0,0,2,1,3,1,41,7,-1,-1,-1,-1,1,-1
2015610061015,2,9,0,18,0,0,0,0,0,0,1,1,3,2,37,7,-1,-1,-1,-1,1,-1
2015610061115,1,9,0,14,0,0,0,0,0,0,1,1,6,2,45,7,-1,-1,-1,-1,1,-1
2015610061115,2,9,0,2,0,0,0,0,0,0,2,1,6,1,30,6,-1,-1,-1,-1,1,-1
2015610061215,1,9,0,18,0,0,1,0,7,2,1,1,2,1,31,6,-1,-1,-1,-1,-1,-1
2015610061315,1,9,0,18,0,0,2,0,7,4,1,1,6,1,27,6,-1,-1,-1,-1,1,-1
2015610061415,1,9,0,18,0,0,0,0,0,0,4,1,6,1,60,9,-1,-1,-1,-1,1,-1
2015610061715,1,9,0,18,0,0,1,0,0,0,1,1,6,1,38,7,-1,-1,-1,-1,1,-1
2015610061715,2,9,0,4,0,0,0,0,0,0,2,1,6,1,54,8,-1,-1,-1,-1,1,-1
2015610061715,3,9,0,4,0,0,0,0,0,0,2,1,6,1,22,5,-1,-1,-1,-1,1,-1
2015610061815,1,3,0,4,0,1,1,0,0,0,1,1,2,1,22,5,-1,-1,-1,-1,1,-1
2015610061815,2,9,0,18,0,2,0,0,0,0,4,1,2,1,53,8,-1,-1,-1,-1,1,-1
2015610061915,1,9,0,18,0,1,0,0,0,0,1,1,6,1,-1,-1,-1,-1,-1,-1,1,-1
2015610061915,2,9,0,9,0,8,0,0,0,0,3,1,6,1,36,7,-1,-1,-1,-1,1,-1
2015610062015,1,98,0,10,0,2,0,0,0,0,4,1,1,1,24,5,-1,-1,-1,-1,1,-1
2015610062015,2,9,0,18,0,1,0,0,0,0,3,1,2,1,29,6,-1,-1,-1,-1,1,-1
2015610062115,1,9,0,3,0,0,0,0,0,0,2,1,6,1,24,5,-1,-1,-1,-1,1,-1
2015610062115,2,9,0,3,0,0,0,0,0,0,1,1,6,2,30,6,-1,-1,-1,-1,1,-1
2015610062215,1,9,0,18,0,1,0,0,0,0,1,1,6,2,38,7,-1,-1,-1,-1,1,-1
2015610062215,2,9,0,18,0,1,0,0,0,0,1,1,6,1,31,6,-1,-1,-1,-1,1,-1
2015610062315,1,9,0,9,0,2,0,0,0,0,1,1,6,2,33,6,-1,-1,-1,-1,1,-1
2015610062315,2,3,0,17,0,1,0,0,0,0,1,1,2,1,25,5,-1,-1,-1,-1,1,-1
2015610062415,1,9,0,1,0,0,0,0,0,0,2,1,6,1,-1,-1,-1,-1,-1,-1,-1,-1
2015610062415,2,9,0,4,0,0,0,0,0,0,1,1,1,1,40,7,-1,-1,-1,-1,1,-1
2015610062515,1,1,0,18,0,1,0,0,0,0,1,1,6,1,16,4,-1,-1,-1,-1,-1,-1
2015610062515,2,9,0,18,0,5,0,0,0,0,1,1,6,3,-1,-1,-1,-1,-1,-1,-1,-1
2015610062615,1,9,0,18,0,3,0,0,0,0,3,1,6,2,39,7,-1,-1,-1,-1,1,-1
2015610062615,2,9,0,18,0,3,0,0,0,0,4,1,6,2,50,8,-1,-1,-1,-1,-1,-1
2015610062715,1,5,0,18,0,3,0,0,0,0,3,1,2,1,42,7,-1,-1,-1,-1,1,-1
2015610062715,2,9,0,18,0,3,0,0,0,0,4,1,6,3,-1,-1,-1,-1,-1,-1,-1,-1
2015610062815,1,9,0,18,0,4,0,0,0,0,1,1,6,2,60,9,-1,-1,-1,-1,1,-1
2015610062815,2,1,0,18,0,8,0,0,0,0,2,1,6,1,55,8,-1,-1,-1,-1,-1,-1
2015610062915,1,9,0,18,0,0,0,0,0,0,1,1,6,1,54,8,-1,-1,-1,-1,2,-1
2015610063015,1,9,0,18,0,6,1,0,0,0,1,1,6,1,31,6,-1,-1,-1,-1,-1,-1
2015610063115,1,20,0,18,0,5,0,0,0,0,3,1,6,1,39,7,-1,-1,-1,-1,1,-1
2015610063115,2,9,0,18,0,1,0,0,0,0,1,1,6,1,48,8,-1,-1,-1,-1,2,-1
2015610063215,1,9,0,10,0,1,0,0,0,0,1,1,6,1,33,6,-1,-1,-1,-1,-1,-1
2015610063215,2,9,0,4,0,1,0,0,0,0,1,1,6,1,26,6,-1,-1,-1,-1,-1,-1
2015610063215,3,9,0,18,0,5,0,0,0,0,2,1,6,2,37,7,-1,-1,-1,-1,-1,-1
2015610063315,1,9,0,9,0,5,0,0,0,0,4,1,1,2,58,9,-1,-1,-1,-1,1,-1
2015610063315,2,19,0,18,0,1,0,0,0,0,1,1,1,1,28,6,-1,-1,-1,-1,1,-1
2015610063415,1,9,0,4,0,1,0,0,0,0,2,1,6,1,52,8,-1,-1,-1,-1,1,-1
2015610063415,2,9,0,3,0,1,0,0,0,0,1,1,1,1,-1,-1,-1,-1,-1,-1,-1,-1
2015610063515,1,2,0,18,0,1,0,0,0,0,4,1,6,1,24,5,-1,-1,-1,-1,1,-1
2015610063515,2,9,0,9,0,6,0,0,0,0,1,1,6,1,46,8,-1,-1,-1,-1,1,-1
2015610063615,1,9,0,18,0,0,5,10,0,0,4,1,6,1,78,11,-1,-1,-1,-1,1,-1
2015610063715,1,9,0,18,0,1,0,0,0,0,3,1,6,1,27,6,-1,-1,-1,-1,1,-1
2015610063815,1,9,0,18,0,0,1,0,1,4,4,1,1,1,48,8,-1,-1,-1,-1,1,-1
2015610063915,1,9,0,18,0,8,0,0,0,0,3,1,6,2,56,9,-1,-1,-1,-1,1,-1
2015610063915,2,1,0,18,0,8,0,0,0,0,1,1,6,1,14,3,-1,-1,-1,-1,-1,-1
2015610064015,1,9,0,4,0,0,0,0,0,0,2,1,6,1,61,9,-1,-1,-1,-1,1,-1
2015610064015,2,9,0,4,0,0,0,0,0,0,1,1,2,1,27,6,-1,-1,-1,-1,1,-1
2015610064015,3,9,0,4,0,0,0,0,0,0,1,1,6,1,51,8,-1,-1,-1,-1,1,-1
2015610064115,1,8,0,18,0,1,0,0,0,0,1,1,1,1,33,6,-1,-1,-1,-1,1,-1
2015610064115,2,9,0,3,0,1,0,0,0,0,2,1,6,2,60,9,-1,-1,-1,-1,1,-1
2015610064115,3,9,0,3,0,1,0,0,0,0,2,1,6,1,63,9,-1,-1,-1,-1,1,-1
2015610064315,1,9,0,18,0,4,0,0,0,0,3,1,6,2,46,8,-1,-1,-1,-1,-1,-1
2015610064315,2,1,0,18,0,8,0,0,0,0,1,1,6,1,69,10,-1,-1,-1,-1,1,-1
2015610064415,1,9,0,5,0,0,0,0,0,0,4,1,3,2,34,6,-1,-1,-1,-1,2,-1
2015610064415,2,9,0,18,0,0,0,0,0,0,3,1,3,2,53,8,-1,-1,-1,-1,2,-1
2015610064515,1,9,0,3,0,1,0,0,0,0,2,1,6,1,45,7,-1,-1,-1,-1,2,-1
2015610064515,2,9,0,18,0,1,0,0,0,0,1,1,6,1,-1,-1,-1,-1,-1,-1,2,-1
2015610064615,1,9,0,7,0,5,0,0,0,0,2,1,6,1,65,9,-1,-1,-1,-1,1,-1
2015610064615,2,9,0,4,0,1,0,0,0,0,1,1,6,1,66,10,-1,-1,-1,-1,1,-1
2015610064715,1,9,0,6,0,8,0,0,0,0,3,1,6,1,72,10,-1,-1,-1,-1,2,-1
2015610064715,2,4,0,18,0,1,0,0,0,0,4,1,1,1,21,5,-1,-1,-1,-1,1,-1
2015610064815,1,9,0,18,0,0,0,0,0,0,0,1,6,1,24,5,-1,-1,-1,-1,1,-1
2015610064915,1,9,0,9,0,8,0,0,0,0,3,1,6,1,76,11,-1,-1,-1,-1,-1,-1
2015610064915,2,19,0,18,0,1,0,0,0,0,1,1,1,1,47,8,-1,-1,-1,-1,1,-1
2015610065015,1,9,0,18,0,0,0,0,0,0,2,1,2,1,62,9,-1,-1,-1,-1,1,-1
2015610065015,2,9,0,18,0,0,0,0,0,0,1,1,2,1,44,7,-1,-1,-1,-1,1,-1
2015610065115,1,9,0,9,0,8,0,0,0,0,3,1,6,1,18,4,-1,-1,-1,-1,3,-1
2015610065115,2,9,0,18,0,8,0,0,0,0,1,1,6,2,37,7,-1,-1,-1,-1,1,-1
2015610065215,1,9,0,6,0,0,0,0,0,0,1,1,1,2,51,8,-1,-1,-1,-1,1,-1
2015610065215,2,9,0,18,0,0,0,0,0,0,1,1,6,2,46,8,-1,-1,-1,-1,1,-1
2015610065315,1,19,0,18,0,0,0,0,0,0,1,1,1,1,51,8,-1,-1,-1,-1,1,-1
2015610065315,2,9,0,18,0,0,0,0,0,0,1,1,6,2,49,8,-1,-1,-1,-1,1,-1
2015610065415,1,20,0,18,0,0,0,4,0,0,1,1,1,1,40,7,-1,-1,-1,-1,1,-1
2015610065415,2,21,1,2,0,0,0,0,0,0,2,1,6,1,-1,-1,-1,-1,-1,-1,-1,-1
2015610065615,1,9,0,3,0,0,0,0,0,0,2,1,6,1,60,9,-1,-1,-1,-1,1,-1
2015610065615,2,9,0,18,0,0,0,0,0,0,1,1,2,1,24,5,-1,-1,-1,-1,1,-1
2015610065715,1,9,0,5,0,6,0,0,0,0,1,1,6,1,43,7,-1,-1,-1,-1,1,-1
2015610065715,2,1,0,18,0,8,0,0,0,0,4,1,6,2,27,6,-1,-1,-1,-1,1,-1
2015610065815,1,21,0,16,0,4,0,0,0,0,1,1,1,1,25,5,-1,-1,-1,-1,1,-1
2015610065815,2,8,0,16,0,4,0,0,0,0,2,1,1,1,59,9,-1,-1,-1,-1,2,-1
2015610065915,1,9,0,2,0,0,0,0,0,0,4,1,1,2,-1,-1,-1,-1,-1,-1,-1,-1
2015610065915,2,1,0,14,0,0,1,0,0,0,1,1,6,1,17,4,-1,-1,-1,-1,-1,-1
2015610066015,1,9,0,18,0,4,0,0,0,0,1,1,6,3,-1,-1,-1,-1,-1,-1,-1,-1
2015610066015,2,9,0,4,0,3,0,0,0,0,4,1,6,1,19,4,-1,-1,-1,-1,1,-1
2015610066115,1,9,0,18,0,0,0,11,0,0,1,1,6,2,22,5,-1,-1,-1,-1,1,-1
2015610066215,1,9,0,7,0,5,0,0,0,0,4,1,6,2,37,7,-1,-1,-1,-1,1,-1
2015610066315,1,9,0,9,0,6,0,0,0,0,3,1,6,1,37,7,-1,-1,-1,-1,1,-1
2015610066315,2,9,0,18,0,1,0,0,0,0,4,1,6,2,26,6,-1,-1,-1,-1,1,-1
2015610066415,1,21,1,18,0,1,0,0,0,0,1,1,1,1,50,8,-1,-1,-1,-1,3,-1
2015610066415,2,19,0,3,0,1,0,0,0,0,2,1,6,1,55,8,-1,-1,-1,-1,2,-1
2015610066515,1,9,0,18,0,0,0,0,0,0,1,1,6,2,24,5,-1,-1,-1,-1,1,-1
2015610066515,2,1,0,18,0,0,0,0,0,0,1,1,6,1,30,6,-1,-1,-1,-1,-1,-1
2015610066615,1,9,0,18,0,0,0,0,0,0,1,1,1,1,46,8,-1,-1,-1,-1,1,-1
2015610066615,2,9,0,18,0,0,0,0,0,0,3,1,6,1,57,9,-1,-1,-1,-1,1,-1
2015610066615,3,9,0,18,0,0,0,0,0,0,4,1,6,1,46,8,-1,-1,-1,-1,1,-1