Accident_Index,Vehicle_Reference,Vehicle_Type,Towing_and_Articulation,Vehicle_Manoeuvre,Vehicle_Location-Restricted_Lane,Junction_Location,Skidding_and_Overturning,Hit_Object_in_Carriageway,Vehicle_Leaving_Carriageway,Hit_Object_off_Carriageway,1st_Point_of_Impact,Was_Vehicle_Left_Hand_Drive?,Journey_Purpose_of_Driver,Sex_of_Driver,Age_of_Driver,Age_Band_of_Driver,Engine_Capacity_(CC),Propulsion_Code,Age_of_Vehicle,Driver_IMD_Decile,Driver_Home_Area_Type,Vehicle_IMD_Decile
2015621500419,1,9,0,18,0,8,0,0,0,0,4,1,6,3,-1,-1,-1,-1,-1,-1,-1,-1
2015621500420,1,21,1,11,0,0,1,0,0,0,4,1,1,1,44,7,-1,-1,-1,-1,3,-1
2015621500420,2,9,0,18,0,0,1,0,6,0,3,1,2,1,49,8,-1,-1,-1,-1,2,-1
2015621500420,3,9,0,18,0,0,0,0,0,0,1,1,2,1,33,6,-1,-1,-1,-1,1,-1
2015621500421,1,20,0,17,0,1,0,0,0,0,1,1,1,1,51,8,-1,-1,-1,-1,1,-1
2015621500421,2,9,0,18,0,2,0,0,0,0,3,1,6,1,34,6,-1,-1,-1,-1,1,-1
2015621500422,1,9,0,1,0,1,0,0,0,0,2,1,2,1,20,4,-1,-1,-1,-1,1,-1
2015621500423,1,8,0,18,0,0,0,0,0,0,1,1,1,1,52,8,-1,-1,-1,-1,1,-1
2015621500423,2,9,0,4,0,0,0,0,0,0,2,1,1,2,40,7,-1,-1,-1,-1,3,-1
2015621500424,1,9,0,18,0,8,0,0,0,0,4,1,2,1,27,6,-1,-1,-1,-1,1,-1
2015621500425,1,19,0,4,0,0,0,0,0,0,1,1,1,1,50,8,-1,-1,-1,-1,3,-1
2015621500425,2,9,0,3,0,0,0,0,0,0,2,1,1,1,48,8,-1,-1,-1,-1,1,-1
2015621500425,3,9,0,3,0,0,0,0,0,0,2,1,6,2,41,7,-1,-1,-1,-1,2,-1
2015621500426,1,9,0,4,0,4,1,0,0,0,1,1,6,1,17,4,-1,-1,-1,-1,2,-1
2015621500426,2,9,0,18,0,8,0,0,0,0,4,1,6,2,59,9,-1,-1,-1,-1,1,-1
2015621500427,1,9,0,5,0,3,0,0,0,0,4,1,6,1,20,4,-1,-1,-1,-1,1,-1
2015621500427,2,9,0,5,0,3,0,0,0,0,3,1,6,2,31,6,-1,-1,-1,-1,1,-1
2015621500428,1,2,0,14,0,0,0,0,0,0,1,1,2,1,53,8,-1,-1,-1,-1,1,-1
2015621500428,2,9,0,2,0,0,0,0,0,0,2,1,6,3,-1,-1,-1,-1,-1,-1,-1,-1
2015621500429,1,9,0,18,0,0,0,0,0,0,1,1,6,1,71,10,-1,-1,-1,-1,1,-1
2015621500430,1,9,0,9,0,6,0,0,0,0,0,1,1,1,19,4,-1,-1,-1,-1,1,-1
2015621500430,2,2,0,18,0,1,1,0,0,0,0,1,1,1,21,5,-1,-1,-1,-1,1,-1
2015621500431,1,19,0,18,0,0,0,0,0,0,1,1,6,1,37,7,-1,-1,-1,-1,1,-1
2015621500431,2,9,0,3,0,0,0,0,0,0,2,1,1,1,21,5,-1,-1,-1,-1,3,-1
2015621500431,3,9,0,3,0,0,0,0,0,0,2,1,1,2,33,6,-1,-1,-1,-1,1,-1
2015621500431,4,9,0,3,0,0,0,0,0,0,2,1,1,2,57,9,-1,-1,-1,-1,1,-1
2015621500432,1,9,0,2,0,0,0,0,0,0,3,1,6,2,35,6,-1,-1,-1,-1,1,-1
2015621500432,2,1,0,14,0,0,0,0,0,0,1,1,4,1,13,3,-1,-1,-1,-1,1,-1
2015621500433,1,9,0,18,0,3,5,0,1,4,1,1,6,1,28,6,-1,-1,-1,-1,1,-1
2015621500434,1,9,0,9,0,4,0,0,0,0,1,1,6,3,-1,-1,-1,-1,-1,-1,-1,-1
2015621500434,2,9,0,18,0,4,0,0,0,0,2,1,6,2,25,5,-1,-1,-1,-1,3,-1
2015621500436,1,9,0,17,0,0,1,0,0,0,1,1,2,1,17,4,-1,-1,-1,-1,1,-1
2015621500436,2,9,0,16,0,0,0,0,0,0,1,1,6,2,54,8,-1,-1,-1,-1,3,-1
2015621500436,3,9,0,16,0,0,0,0,0,0,1,1,6,1,47,8,-1,-1,-1,-1,3,-1
2015621500437,1,8,0,9,0,8,0,0,0,10,1,1,2,1,31,6,-1,-1,-1,-1,1,-1
2015621500438,1,1,0,9,0,0,0,0,0,0,3,1,6,1,14,3,-1,-1,-1,-1,1,-1
2015621500438,2,8,0,18,0,0,0,0,0,0,1,1,1,1,58,9,-1,-1,-1,-1,3,-1
2015621500439,1,9,0,9,0,1,0,0,0,0,3,1,2,1,39,7,-1,-1,-1,-1,1,-1
2015621500439,2,1,0,18,0,1,0,0,0,0,3,1,2,1,37,7,-1,-1,-1,-1,1,-1
2015621500440,1,9,0,18,9,1,0,0,1,11,1,1,6,1,42,7,-1,-1,-1,-1,1,-1
2015621500441,1,9,0,18,0,1,0,0,0,0,1,1,6,1,25,5,-1,-1,-1,-1,3,-1
2015621500442,1,9,0,18,0,3,1,0,0,0,3,1,2,1,36,7,-1,-1,-1,-1,2,-1
2015621500443,1,9,0,18,0,4,0,0,0,0,3,1,6,1,26,6,-1,-1,-1,-1,1,-1
2015621500443,2,1,0,18,0,8,0,0,0,0,1,1,6,1,54,8,-1,-1,-1,-1,1,-1
2015621500444,1,9,0,16,0,8,0,10,1,0,1,1,1,2,21,5,-1,-1,-1,-1,1,-1
2015621500444,2,9,0,18,0,8,0,0,0,0,2,1,1,1,54,8,-1,-1,-1,-1,2,-1
2015621500445,1,9,0,7,0,6,0,0,0,0,1,1,6,2,22,5,-1,-1,-1,-1,1,-1
2015621500445,2,9,0,7,0,6,0,0,0,0,2,1,6,2,59,9,-1,-1,-1,-1,2,-1
2015621500446,1,9,0,18,0,3,0,0,0,0,1,1,6,1,27,6,-1,-1,-1,-1,1,-1
2015621500447,1,9,0,18,0,0,0,0,0,0,1,1,6,1,34,6,-1,-1,-1,-1,1,-1
2015621500447,2,9,0,4,0,0,0,0,0,0,2,1,6,2,23,5,-1,-1,-1,-1,1,-1
2015621500448,1,9,0,18,0,0,0,0,0,0,1,1,6,1,44,7,-1,-1,-1,-1,1,-1
2015621500449,1,20,0,5,0,4,0,0,0,0,1,1,1,1,22,5,-1,-1,-1,-1,3,-1
2015621500449,2,9,0,3,0,4,0,0,0,0,2,1,2,2,47,8,-1,-1,-1,-1,1,-1
2015621500450,1,19,0,5,0,4,0,0,0,0,1,1,6,1,66,10,-1,-1,-1,-1,1,-1
2015621500450,2,9,0,5,0,4,0,0,0,0,2,1,6,2,48,8,-1,-1,-1,-1,1,-1
2015621500451,1,11,0,18,0,0,0,0,0,0,1,2,1,1,57,9,-1,-1,-1,-1,1,-1
2015621500452,1,9,0,2,6,0,0,0,0,0,3,1,1,2,45,7,-1,-1,-1,-1,2,-1
2015621500452,2,9,0,18,0,0,0,0,0,0,1,1,1,2,39,7,-1,-1,-1,-1,1,-1
2015621500452,3,9,0,18,0,0,0,0,0,0,1,1,1,2,20,4,-1,-1,-1,-1,1,-1
2015621500453,1,9,0,18,0,0,0,0,0,0,1,1,2,1,20,4,-1,-1,-1,-1,3,-1
2015621500453,2,9,0,3,0,0,0,0,0,0,2,1,3,2,44,7,-1,-1,-1,-1,3,-1
2015621500453,3,9,0,3,0,0,0,0,0,0,2,1,2,1,52,8,-1,-1,-1,-1,2,-1
2015621500454,1,9,0,9,0,6,0,0,0,0,1,1,6,1,54,8,-1,-1,-1,-1,1,-1
2015621500455,1,9,0,18,0,2,0,0,1,4,1,1,6,1,64,9,-1,-1,-1,-1,1,-1
2015621500456,1,9,0,18,0,0,0,0,0,0,3,1,6,1,21,5,-1,-1,-1,-1,1,-1
2015621500457,1,9,0,18,0,1,0,0,0,0,3,1,6,3,-1,-1,-1,-1,-1,-1,-1,-1
2015621500457,2,9,0,3,0,2,0,0,0,0,1,1,6,2,31,6,-1,-1,-1,-1,1,-1
2015621500458,1,9,0,4,0,4,0,0,0,0,1,1,2,1,58,9,-1,-1,-1,-1,1,-1
2015621500458,2,1,0,18,0,8,0,0,0,0,4,1,2,1,28,6,-1,-1,-1,-1,1,-1
2015621500459,1,9,0,9,0,6,0,0,0,0,1,1,6,2,19,4,-1,-1,-1,-1,1,-1
2015621500459,2,9,0,17,0,1,0,0,0,0,1,1,6,1,33,6,-1,-1,-1,-1,2,-1
2015621500460,1,9,0,18,0,0,0,0,1,7,4,1,6,1,29,6,-1,-1,-1,-1,1,-1
2015621500462,1,9,0,9,0,1,0,0,0,0,4,1,6,1,35,6,-1,-1,-1,-1,1,-1
2015621500462,2,9,0,18,0,1,0,0,0,0,1,1,6,1,17,4,-1,-1,-1,-1,1,-1
2015621500463,1,9,0,18,0,0,0,0,0,0,1,1,6,1,27,6,-1,-1,-1,-1,1,-1
2015621500464,1,9,0,18,0,8,0,0,0,0,1,1,6,1,20,4,-1,-1,-1,-1,1,-1
2015621500464,2,8,0,18,0,8,0,0,0,0,1,1,1,1,35,6,-1,-1,-1,-1,1,-1
2015621500465,1,8,0,4,0,4,0,0,0,0,0,1,6,1,44,7,-1,-1,-1,-1,1,-1
2015621500466,1,8,0,9,0,2,0,0,0,0,1,1,1,1,25,5,-1,-1,-1,-1,1,-1
2015621500466,2,9,4,8,0,1,0,0,0,0,3,1,2,1,27,6,-1,-1,-1,-1,3,-1
2015621500467,1,9,0,18,0,8,0,0,0,0,3,1,6,3,-1,-1,-1,-1,-1,-1,-1,-1
2015621500467,2,9,0,18,0,8,0,0,0,0,0,1,6,3,-1,-1,-1,-1,-1,-1,-1,-1
2015621500467,3,9,0,9,0,8,0,0,7,0,4,1,6,1,31,6,-1,-1,-1,-1,1,-1
2015621500468,1,9,0,12,0,7,0,0,1,1,3,1,6,1,46,8,-1,-1,-1,-1,1,-1
2015621500469,1,1,0,7,0,6,0,0,0,0,1,1,6,1,51,8,-1,-1,-1,-1,1,-1
2015621500469,2,9,0,9,0,5,0,0,0,0,4,1,6,1,26,6,-1,-1,-1,-1,1,-1
2015621500470,1,9,0,9,0,2,0,4,0,0,1,1,6,3,-1,-1,-1,-1,-1,-1,-1,-1
2015621500470,2,9,0,4,0,1,0,0,0,0,4,1,6,2,37,7,-1,-1,-1,-1,2,-1
2015621500470,3,8,0,2,0,1,0,0,0,0,1,1,1,1,37,7,-1,-1,-1,-1,1,-1
2015621500471,1,9,0,18,0,0,0,0,0,0,2,1,6,2,51,8,-1,-1,-1,-1,1,-1
2015621500471,2,5,0,18,0,0,0,0,0,0,1,1,6,1,43,7,-1,-1,-1,-1,1,-1
2015621500472,1,9,0,9,0,6,0,0,0,0,3,1,6,1,59,9,-1,-1,-1,-1,1,-1
2015621500472,2,1,0,18,0,1,0,0,0,0,1,1,6,1,51,8,-1,-1,-1,-1,3,-1
2015621500473,1,9,0,18,0,0,0,0,0,0,3,1,6,2,46,8,-1,-1,-1,-1,1,-1
2015621500474,1,9,0,11,0,0,0,0,0,0,1,1,6,2,19,4,-1,-1,-1,-1,1,-1
2015621500474,2,9,0,11,0,0,0,0,0,0,2,1,6,2,69,10,-1,-1,-1,-1,1,-1
2015621500475,1,9,0,11,0,8,0,0,0,0,4,1,2,2,23,5,-1,-1,-1,-1,1,-1
2015621500475,2,11,0,18,2,1,0,0,0,0,3,1,1,1,56,9,-1,-1,-1,-1,1,-1
2015621500476,1,9,0,7,0,8,0,0,1,0,1,1,6,1,22,5,-1,-1,-1,-1,1,-1
2015621500477,1,9,0,18,0,0,0,0,0,0,1,1,3,2,29,6,-1,-1,-1,-1,3,-1
2015621500477,2,19,0,18,0,0,1,0,0,0,1,1,1,1,17,4,-1,-1,-1,-1,1,-1
2015621500477,3,19,0,18,0,0,0,0,0,0,1,1,1,1,49,8,-1,-1,-1,-1,3,-1
2015621500478,1,9,0,18,0,6,0,4,0,0,4,1,6,1,19,4,-1,-1,-1,-1,2,-1
2015621500478,2,19,0,18,0,6,0,0,0,0,1,1,6,1,25,5,-1,-1,-1,-1,1,-1
2015621500478,3,19,0,2,0,2,0,0,0,0,1,1,6,3,-1,-1,-1,-1,-1,-1,-1,-1
2015621500479,1,9,0,9,0,8,0,0,0,0,3,1,6,2,31,6,-1,-1,-1,-1,1,-1
2015621500479,2,21,1,18,0,3,0,0,0,0,1,1,1,1,50,8,-1,-1,-1,-1,1,-1
2015621500480,1,5,0,16,0,0,1,0,0,0,1,1,6,1,43,7,-1,-1,-1,-1,1,-1
2015621500480,2,9,0,17,0,0,1,0,0,0,1,1,6,1,41,7,-1,-1,-1,-1,1,-1
2015621500481,1,9,0,18,0,0,0,0,0,0,1,1,6,1,31,6,-1,-1,-1,-1,1,-1
2015621500482,1,9,0,18,0,0,5,0,1,10,1,1,1,2,22,5,-1,-1,-1,-1,1,-1
2015621500483,1,9,0,18,0,0,0,0,0,0,4,1,6,1,36,7,-1,-1,-1,-1,1,-1
2015621500483,2,9,0,18,0,0,0,0,0,0,3,1,6,2,28,6,-1,-1,-1,-1,2,-1
2015621500484,1,11,0,10,0,1,0,0,3,1,1,1,1,1,59,9,-1,-1,-1,-1,1,-1
2015621500485,1,9,0,18,0,0,0,0,0,0,1,1,6,1,33,6,-1,-1,-1,-1,1,-1
2015621500485,2,9,0,18,0,0,0,0,0,0,2,1,6,2,31,6,-1,-1,-1,-1,1,-1
2015621500485,3,9,0,18,0,0,0,0,0,0,2,1,6,1,70,10,-1,-1,-1,-1,1,-1
2015621500486,1,9,0,9,0,6,0,0,0,0,1,1,6,1,61,9,-1,-1,-1,-1,1,-1
2015621500486,2,9,0,18,0,1,0,0,0,0,4,1,6,2,48,8,-1,-1,-1,-1,1,-1
2015621500487,1,9,0,16,0,0,1,0,0,0,1,1,6,2,38,7,-1,-1,-1,-1,1,-1
2015621500487,2,9,0,17,0,0,1,0,0,0,1,1,6,1,65,9,-1,-1,-1,-1,3,-1
2015621500488,1,9,0,7,0,3,0,0,0,0,4,1,2,2,25,5,-1,-1,-1,-1,1,-1
2015621500488,2,9,0,18,0,8,0,0,0,0,3,1,1,1,50,8,-1,-1,-1,-1,1,-1
2015621500489,1,9,0,18,0,1,0,0,0,0,1,1,2,2,25,5,-1,-1,-1,-1,1,-1
2015621500490,1,21,0,4,0,1,0,0,0,0,1,1,1,1,53,8,-1,-1,-1,-1,1,-1
2015621500490,2,9,0,5,0,1,0,0,0,0,2,1,6,1,69,10,-1,-1,-1,-1,1,-1
2015621500491,1,9,0,18,0,0,0,0,0,6,3,1,6,1,18,4,-1,-1,-1,-1,1,-1
2015621500492,1,9,0,9,0,6,0,0,0,0,1,1,6,1,29,6,-1,-1,-1,-1,1,-1
2015621500492,2,9,0,18,0,1,0,0,0,0,1,1,6,2,64,9,-1,-1,-1,-1,1,-1
2015621500493,1,9,0,9,0,2,0,0,0,0,4,1,6,1,44,7,-1,-1,-1,-1,1,-1
2015621500494,1,8,0,18,0,0,0,0,0,0,1,1,1,1,43,7,-1,-1,-1,-1,1,-1
2015621500495,1,9,0,13,0,0,0,0,0,0,4,1,6,3,-1,-1,-1,-1,-1,-1,-1,-1
2015621500495,2,1,0,18,0,0,0,0,0,0,2,1,6,1,34,6,-1,-1,-1,-1,1,-1
2015621500496,1,9,0,18,0,1,0,0,0,0,1,1,6,1,42,7,-1,-1,-1,-1,1,-1
2015621500497,1,9,0,5,0,6,0,0,0,0,1,1,6,2,45,7,-1,-1,-1,-1,1,-1
2015621500497,2,9,0,18,0,1,0,0,0,0,3,1,6,2,28,6,-1,-1,-1,-1,1,-1
2015621500498,1,9,0,5,0,1,0,0,0,0,1,1,6,3,-1,-1,-1,-1,-1,-1,-1,-1
2015621500498,2,9,0,5,0,1,0,0,0,0,2,1,6,2,28,6,-1,-1,-1,-1,1,-1
2015621500499,1,5,0,11,0,8,1,0,0,0,2,1,2,1,51,8,-1,-1,-1,-1,1,-1
2015621500499,2,8,0,18,0,8,0,0,0,0,1,1,1,1,70,10,-1,-1,-1,-1,1,-1
2015621500500,1,9,0,9,0,1,0,0,0,0,1,1,6,3,-1,-1,-1,-1,-1,-1,-1,-1
2015621500501,1,9,0,2,0,0,0,0,0,0,3,1,6,2,23,5,-1,-1,-1,-1,1,-1
2015621500501,2,1,0,18,0,0,0,8,0,0,1,1,6,2,21,5,-1,-1,-1,-1,1,-1
2015621500502,1,9,0,17,0,0,5,0,0,11,4,1,6,1,26,6,-1,-1,-1,-1,1,-1
2015621500503,1,5,0,13,0,0,1,0,0,0,1,1,6,1,23,5,-1,-1,-1,-1,1,-1
2015621500503,2,9,0,18,0,0,0,0,0,0,2,1,6,1,45,7,-1,-1,-1,-1,1,-1
2015621500503,3,9,0,2,0,0,0,0,0,0,3,1,6,2,57,9,-1,-1,-1,-1,1,-1
2015621500504,1,9,0,9,0,6,0,0,0,0,3,1,1,1,65,9,-1,-1,-1,-1,1,-1
2015621500504,2,4,0,18,0,1,0,0,0,0,1,1,6,1,36,7,-1,-1,-1,-1,1,-1
2015621500505,1,9,0,18,0,0,0,0,0,0,3,1,6,3,-1,-1,-1,-1,-1,-1,-1,-1
2015621500505,2,1,0,18,0,0,0,0,0,0,4,1,6,1,22,5,-1,-1,-1,-1,1,-1
2015621500506,1,9,0,9,0,5,0,0,0,0,4,1,2,1,18,4,-1,-1,-1,-1,1,-1
2015621500506,2,9,0,18,0,1,0,0,0,0,1,1,2,1,43,7,-1,-1,-1,-1,1,-1
2015621500506,3,9,0,8,0,1,0,0,0,0,1,1,2,1,33,6,-1,-1,-1,-1,1,-1
2015621500508,1,9,0,5,0,6,0,0,0,0,0,1,2,2,41,7,-1,-1,-1,-1,1,-1
2015621500508,2,9,0,18,0,1,0,0,1,1,1,1,6,2,28,6,-1,-1,-1,-1,2,-1
2015621500509,1,9,0,18,0,4,0,0,0,0,1,1,6,1,28,6,-1,-1,-1,-1,3,-1
2015621500509,2,9,0,8,0,4,0,0,0,0,2,1,6,1,27,6,-1,-1,-1,-1,2,-1
2015621500510,1,9,0,4,6,0,2,0,1,1,1,1,6,1,73,10,-1,-1,-1,-1,2,-1
2015621500511,1,9,0,9,0,1,0,0,0,0,4,1,3,2,38,7,-1,-1,-1,-1,1,-1
2015621500511,2,9,0,18,0,8,0,0,0,0,3,1,3,2,34,6,-1,-1,-1,-1,1,-1
2015621500512,1,9,0,18,0,4,0,0,0,0,1,1,6,1,81,11,-1,-1,-1,-1,1,-1
2015621500512,2,1,0,18,0,8,0,0,0,0,4,1,2,1,20,4,-1,-1,-1,-1,1,-1
2015621500513,1,9,0,18,0,4,0,0,0,0,4,1,6,2,38,7,-1,-1,-1,-1,3,-1
2015621500514,1,9,0,18,0,8,0,0,0,0,4,1,6,2,25,5,-1,-1,-1,-1,1,-1
2015621500515,1,9,0,18,0,2,0,0,0,0,1,1,6,2,46,8,-1,-1,-1,-1,2,-1
2015621500515,2,9,0,4,0,2,0,0,0,0,2,1,6,1,61,9,-1,-1,-1,-1,1,-1
2015621500516,1,9,0,18,0,0,0,0,0,0,1,1,6,1,36,7,-1,-1,-1,-1,1,-1
2015621500517,1,9,0,7,0,6,0,0,0,0,1,1,6,2,43,7,-1,-1,-1,-1,1,-1
2015621500517,2,1,0,18,0,1,0,0,0,0,4,1,6,2,48,8,-1,-1,-1,-1,1,-1
2015621500518,1,9,0,5,0,6,0,0,0,0,1,1,6,2,36,7,-1,-1,-1,-1,3,-1
2015621500518,2,9,0,18,0,1,0,0,1,2,3,1,6,2,21,5,-1,-1,-1,-1,1,-1
2015621500518,3,9,0,8,0,6,0,0,1,3,1,1,2,2,20,4,-1,-1,-1,-1,1,-1
2015621500519,1,9,0,18,0,0,1,0,1,4,1,1,6,1,20,4,-1,-1,-1,-1,1,-1
2015621500520,1,9,0,18,0,4,0,0,0,0,1,1,6,2,58,9,-1,-1,-1,-1,2,-1
2015621500520,2,1,0,18,0,8,0,0,1,0,4,1,1,1,42,7,-1,-1,-1,-1,2,-1
2015621500521,1,9,0,18,0,0,0,0,0,0,1,1,6,2,72,10,-1,-1,-1,-1,1,-1
2015621500521,2,9,0,3,0,0,0,0,0,0,2,1,6,1,56,9,-1,-1,-1,-1,1,-1
2015621500521,3,9,0,3,0,0,0,0,0,0,2,1,6,1,58,9,-1,-1,-1,-1,2,-1
2015621500522,1,9,0,18,0,0,0,0,0,0,1,1,6,2,72,10,-1,-1,-1,-1,1,-1
2015621500522,2,9,0,3,0,0,0,0,0,0,2,1,6,1,57,9,-1,-1,-1,-1,1,-1
2015621500522,3,9,0,3,0,0,0,0,0,0,2,1,6,2,28,6,-1,-1,-1,-1,1,-1
2015621500523,1,9,0,18,0,0,0,0,0,0,1,1,2,1,38,7,-1,-1,-1,-1,1,-1
2015621500523,2,19,0,4,0,0,0,0,0,0,2,1,1,1,33,6,-1,-1,-1,-1,1,-1
2015621500523,3,9,0,4,0,0,0,0,0,0,2,1,2,1,44,7,-1,-1,-1,-1,1,-1
2015621500524,1,9,0,7,0,3,0,0,0,0,4,1,6,2,50,8,-1,-1,-1,-1,1,-1
2015621500524,2,1,0,18,0,3,0,0,0,0,3,1,6,1,51,8,-1,-1,-1,-1,1,-1
2015621500525,1,90,0,18,0,0,0,0,6,0,1,1,6,2,32,6,-1,-1,-1,-1,1,-1
2015621500525,2,9,0,18,0,0,0,0,0,0,3,1,6,1,44,7,-1,-1,-1,-1,1,-1
2015621500526,1,9,0,9,0,6,0,0,0,0,4,1,6,2,18,4,-1,-1,-1,-1,1,-1
2015621500526,2,1,0,18,0,1,0,0,0,0,3,1,6,1,43,7,-1,-1,-1,-1,1,-1
2015621500527,1,5,0,18,0,0,0,0,1,10,1,1,6,2,23,5,-1,-1,-1,-1,1,-1
2015621500528,1,9,0,5,0,8,0,0,3,11,4,1,6,2,28,6,-1,-1,-1,-1,1,-1
2015621500528,2,9,0,18,0,8,0,0,0,0,1,1,6,1,65,9,-1,-1,-1,-1,1,-1
2015621500530,1,9,0,18,0,0,0,0,0,0,4,1,6,3,-1,-1,-1,-1,-1,-1,-1,-1
2015621500530,2,9,0,2,0,0,0,0,0,0,3,1,6,2,60,9,-1,-1,-1,-1,1,-1
2015621500531,1,5,0,18,0,0,0,0,0,0,0,1,6,1,20,4,-1,-1,-1,-1,1,-1
2015621500532,1,9,0,18,0,0,1,10,7,0,1,1,6,2,28,6,-1,-1,-1,-1,1,-1
2015621500532,2,9,0,4,0,0,0,0,0,0,2,1,6,2,21,5,-1,-1,-1,-1,1,-1
2015621500533,1,9,0,18,0,0,0,0,0,0,1,1,2,1,55,8,-1,-1,-1,-1,1,-1
2015621500534,1,9,0,6,0,0,0,0,0,0,4,1,6,1,50,8,-1,-1,-1,-1,1,-1
2015621500534,2,5,0,18,0,0,0,0,0,0,4,1,6,1,21,5,-1,-1,-1,-1,1,-1
2015621500535,1,9,0,5,0,4,0,0,0,0,3,1,6,1,24,5,-1,-1,-1,-1,1,-1
2015621500535,2,1,0,18,0,8,0,0,0,0,1,1,2,1,42,7,-1,-1,-1,-1,1,-1
2015621500536,1,9,0,18,0,0,0,0,0,0,1,1,6,2,44,7,-1,-1,-1,-1,1,-1
2015621500536,2,9,0,3,0,0,0,0,0,0,2,1,6,1,19,4,-1,-1,-1,-1,1,-1
2015621500536,3,9,0,3,0,0,0,0,0,0,2,1,6,1,78,11,-1,-1,-1,-1,1,-1
2015621500536,4,9,0,3,0,0,0,0,0,0,2,1,6,1,46,8,-1,-1,-1,-1,1,-1
2015621500537,1,5,0,18,0,1,0,0,0,0,1,1,2,1,45,7,-1,-1,-1,-1,1,-1
2015621500537,2,9,0,9,0,6,0,0,0,0,3,1,2,1,28,6,-1,-1,-1,-1,1,-1
2015621500538,1,21,1,7,0,4,5,9,7,1,3,1,1,1,58,9,-1,-1,-1,-1,1,-1
2015621500539,1,9,0,9,0,5,0,0,0,0,1,1,6,2,65,9,-1,-1,-1,-1,1,-1
2015621500539,2,4,0,18,0,1,0,0,0,0,1,1,6,1,26,6,-1,-1,-1,-1,1,-1
2015621500540,1,5,0,14,0,0,0,0,0,0,4,1,2,1,33,6,-1,-1,-1,-1,2,-1
2015621500541,1,9,0,9,0,1,0,0,0,0,1,1,6,3,-1,-1,-1,-1,-1,-1,-1,-1
2015621500542,1,9,0,18,0,4,0,0,0,0,3,1,6,2,81,11,-1,-1,-1,-1,1,-1
2015621500542,2,9,0,18,0,8,0,0,0,0,1,1,6,2,38,7,-1,-1,-1,-1,1,-1
2015621500543,1,9,0,5,0,4,0,0,0,0,1,1,6,2,49,8,-1,-1,-1,-1,2,-1
2015621500543,2,9,0,5,0,4,0,0,0,0,2,1,6,2,52,8,-1,-1,-1,-1,1,-1
2015621500544,1,20,0,1,0,2,0,0,0,0,2,1,6,1,28,6,-1,-1,-1,-1,2,-1
2015621500545,1,9,0,9,0,0,0,0,0,0,1,1,6,1,60,9,-1,-1,-1,-1,1,-1
2015621500545,2,9,0,18,0,0,0,0,0,0,1,1,6,2,17,4,-1,-1,-1,-1,1,-1
2015621500546,1,19,0,18,0,1,0,0,0,0,1,1,6,3,-1,-1,-1,-1,-1,-1,-1,-1
2015621500547,1,9,0,12,0,0,5,0,4,6,3,1,6,1,52,8,-1,-1,-1,-1,1,-1
2015621500548,1,9,0,4,0,0,0,0,1,11,1,1,6,1,88,11,-1,-1,-1,-1,1,-1
2015621500549,1,9,0,1,0,0,0,4,0,0,2,1,6,3,-1,-1,-1,-1,-1,-1,-1,-1
2015621500549,2,9,0,2,0,0,0,0,0,0,1,1,6,2,24,5,-1,-1,-1,-1,2,-1
2015621500550,1,97,0,18,0,1,0,0,0,0,1,1,6,1,18,4,-1,-1,-1,-1,1,-1
2015621500550,2,9,0,9,0,5,0,0,0,0,3,1,1,1,51,8,-1,-1,-1,-1,1,-1
2015621500551,1,8,0,9,0,1,0,0,0,0,3,1,6,1,54,8,-1,-1,-1,-1,1,-1
2015621500551,2,8,0,18,0,1,0,0,0,0,1,1,1,1,32,6,-1,-1,-1,-1,1,-1
2015621500552,1,9,0,9,0,6,0,0,0,0,4,1,6,1,25,5,-1,-1,-1,-1,1,-1
2015621500553,1,9,0,7,0,3,0,0,0,0,1,1,1,1,25,5,-1,-1,-1,-1,1,-1
2015621500554,1,9,0,18,0,1,0,0,0,0,1,1,2,2,57,9,-1,-1,-1,-1,1,-1
2015621500554,2,9,0,4,0,1,0,0,0,0,2,1,2,1,40,7,-1,-1,-1,-1,1,-1
2015621500555,1,9,0,9,0,6,0,0,0,0,1,1,6,2,27,6,-1,-1,-1,-1,2,-1
2015621500555,2,1,0,18,0,8,0,0,0,0,4,1,2,2,37,7,-1,-1,-1,-1,1,-1
2015621500556,1,5,0,18,0,0,0,0,0,0,1,1,6,1,63,9,-1,-1,-1,-1,3,-1
2015621500557,1,9,0,18,0,0,0,4,1,11,1,1,6,2,20,4,-1,-1,-1,-1,1,-1
2015621500557,2,9,0,2,0,0,0,0,0,0,2,1,6,3,-1,-1,-1,-1,-1,-1,-1,-1
2015621500558,1,9,0,5,0,2,0,0,0,0,1,1,6,3,-1,-1,-1,-1,-1,-1,-1,-1
2015621500558,2,9,0,17,0,8,0,0,1,2,1,1,6,2,31,6,-1,-1,-1,-1,3,-1
2015621500559,1,19,0,4,0,8,0,0,0,0,1,1,1,1,29,6,-1,-1,-1,-1,1,-1
2015621500559,2,9,0,3,0,8,0,0,0,0,2,1,1,2,30,6,-1,-1,-1,-1,1,-1
2015621500559,3,9,0,3,0,8,0,0,0,0,2,1,6,1,67,10,-1,-1,-1,-1,1,-1
2015621500560,1,9,0,18,0,0,0,0,0,0,4,1,6,3,-1,-1,-1,-1,-1,-1,-1,-1
2015621500561,1,19,0,18,0,1,0,0,0,0,1,1,6,1,44,7,-1,-1,-1,-1,1,-1
2015621500562,1,9,0,9,0,5,0,0,0,0,3,1,6,1,29,6,-1,-1,-1,-1,1,-1
2015621500563,1,9,0,18,0,2,0,0,0,0,0,1,6,3,-1,-1,-1,-1,-1,-1,-1,-1
2015621500563,2,9,0,18,0,2,0,0,0,0,2,1,6,1,21,5,-1,-1,-1,-1,2,-1
2015621500563,3,9,0,18,0,2,0,0,0,0,1,1,6,2,24,5,-1,-1,-1,-1,1,-1
2015621500564,1,9,0,18,0,0,0,0,0,0,1,1,6,3,-1,-1,-1,-1,-1,-1,-1,-1
2015621500564,2,1,0,18,0,0,0,0,0,0,2,1,6,1,16,4,-1,-1,-1,-1,1,-1
2015621500565,1,19,0,9,0,5,0,0,0,0,1,1,6,1,25,5,-1,-1,-1,-1,1,-1