Accident_Index,Vehicle_Reference,Vehicle_Type,Towing_and_Articulation,Vehicle_Manoeuvre,Vehicle_Location-Restricted_Lane,Junction_Location,Skidding_and_Overturning,Hit_Object_in_Carriageway,Vehicle_Leaving_Carriageway,Hit_Object_off_Carriageway,1st_Point_of_Impact,Was_Vehicle_Left_Hand_Drive?,Journey_Purpose_of_Driver,Sex_of_Driver,Age_of_Driver,Age_Band_of_Driver,Engine_Capacity_(CC),Propulsion_Code,Age_of_Vehicle,Driver_IMD_Decile,Driver_Home_Area_Type,Vehicle_IMD_Decile
2015621500565,2,9,0,18,0,8,0,0,0,0,1,1,6,1,57,9,-1,-1,-1,-1,1,-1
2015621500566,1,9,0,18,0,0,0,4,0,0,1,1,6,1,80,11,-1,-1,-1,-1,1,-1
2015621500566,2,9,0,2,0,0,0,0,0,0,2,1,6,3,-1,-1,-1,-1,-1,-1,-1,-1
2015621500567,1,9,0,4,0,8,1,0,0,0,1,1,6,1,43,7,-1,-1,-1,-1,1,-1
2015621500567,2,9,0,10,0,8,0,0,0,0,2,1,6,2,49,8,-1,-1,-1,-1,2,-1
2015621500567,3,9,0,18,0,1,0,0,0,0,1,1,6,1,63,9,-1,-1,-1,-1,2,-1
2015621500568,1,9,0,18,0,8,0,0,0,0,4,1,6,2,36,7,-1,-1,-1,-1,1,-1
2015621500568,2,9,0,18,0,8,0,0,0,0,3,1,6,2,40,7,-1,-1,-1,-1,1,-1
2015621500569,1,9,0,1,0,0,0,0,0,0,2,1,6,1,51,8,-1,-1,-1,-1,1,-1
2015621500570,1,98,0,9,0,8,0,0,0,0,3,1,1,1,49,8,-1,-1,-1,-1,1,-1
2015621500570,2,9,0,18,0,8,0,0,0,0,1,1,6,2,22,5,-1,-1,-1,-1,2,-1
2015621500571,1,9,0,5,0,0,0,0,0,0,4,1,6,2,32,6,-1,-1,-1,-1,3,-1
2015621500572,1,9,0,18,0,8,0,0,0,0,1,1,1,1,48,8,-1,-1,-1,-1,1,-1
2015621500572,2,11,0,18,0,8,0,0,0,0,3,1,1,1,57,9,-1,-1,-1,-1,1,-1
2015621500573,1,9,0,18,0,0,5,4,0,0,4,1,2,1,24,5,-1,-1,-1,-1,1,-1
2015621500573,2,9,0,2,0,0,0,0,0,0,3,1,6,3,-1,-1,-1,-1,-1,-1,-1,-1
2015621500575,1,9,0,13,0,0,0,4,7,0,1,1,6,1,76,11,-1,-1,-1,-1,1,-1
2015621500575,2,1,0,18,0,0,0,0,0,0,0,1,6,2,15,3,-1,-1,-1,-1,1,-1
2015621500575,3,9,0,2,0,0,0,4,0,0,2,1,6,3,-1,-1,-1,-1,-1,-1,-1,-1
2015621500575,4,9,0,2,0,0,0,0,0,0,1,1,6,3,-1,-1,-1,-1,-1,-1,-1,-1
2015621500576,1,9,0,7,0,6,0,0,0,0,1,1,2,1,21,5,-1,-1,-1,-1,1,-1
2015621500576,2,9,0,18,0,8,0,0,0,0,4,1,2,1,20,4,-1,-1,-1,-1,1,-1
2015621500577,1,9,0,18,0,0,0,0,0,0,1,1,6,2,20,4,-1,-1,-1,-1,2,-1
2015621500577,2,9,0,2,0,0,0,0,0,0,2,1,6,3,-1,-1,-1,-1,-1,-1,-1,-1
2015621500578,1,9,0,15,0,0,0,0,7,3,4,1,6,1,64,9,-1,-1,-1,-1,1,-1
2015621500578,2,9,0,3,0,0,0,0,0,0,3,1,6,2,42,7,-1,-1,-1,-1,1,-1
2015621500579,1,19,0,18,0,0,0,0,0,0,1,1,2,1,29,6,-1,-1,-1,-1,1,-1
2015621500580,1,9,0,18,0,4,0,0,0,0,1,1,6,1,28,6,-1,-1,-1,-1,1,-1
2015621500580,2,9,0,9,0,8,0,0,0,0,4,1,6,1,47,8,-1,-1,-1,-1,3,-1
2015621500581,1,9,0,18,0,0,0,0,0,0,1,1,6,2,54,8,-1,-1,-1,-1,1,-1
2015621500581,2,9,0,14,0,0,0,4,0,0,1,1,1,1,46,8,-1,-1,-1,-1,1,-1
2015621500581,3,9,0,2,0,0,0,0,0,0,3,1,6,3,-1,-1,-1,-1,-1,-1,-1,-1
2015621500582,1,1,0,18,0,1,0,0,0,0,1,1,6,1,19,4,-1,-1,-1,-1,1,-1
2015621500582,2,9,0,8,0,1,0,0,0,0,3,1,6,2,22,5,-1,-1,-1,-1,1,-1
2015621500583,1,9,0,18,0,8,0,0,0,0,1,1,2,1,42,7,-1,-1,-1,-1,1,-1
2015621500584,1,9,0,18,0,0,0,4,0,0,1,1,6,1,32,6,-1,-1,-1,-1,1,-1
2015621500584,2,9,0,2,0,0,0,4,1,11,2,1,6,3,-1,-1,-1,-1,-1,-1,-1,-1
2015621500584,3,9,0,2,0,0,0,4,0,0,2,1,6,3,-1,-1,-1,-1,-1,-1,-1,-1
2015621500584,4,9,0,2,0,0,0,4,0,0,2,1,6,3,-1,-1,-1,-1,-1,-1,-1,-1
2015621500584,5,9,0,2,0,0,0,0,0,0,2,1,6,3,-1,-1,-1,-1,-1,-1,-1,-1
2015621500585,1,9,0,16,0,1,2,0,0,11,1,1,6,1,18,4,-1,-1,-1,-1,1,-1
2015621500586,1,19,0,18,0,2,0,0,0,0,4,1,6,1,47,8,-1,-1,-1,-1,1,-1
2015621500587,1,9,0,18,0,0,0,0,0,0,1,1,6,1,49,8,-1,-1,-1,-1,1,-1
2015621500587,2,9,0,4,0,0,0,0,0,0,2,1,6,1,60,9,-1,-1,-1,-1,1,-1
2015621500588,1,9,0,9,0,6,0,0,0,0,3,1,6,2,31,6,-1,-1,-1,-1,1,-1
2015621500588,2,9,0,18,0,1,0,0,0,0,1,1,6,2,80,11,-1,-1,-1,-1,2,-1
2015621500589,1,9,0,9,0,6,0,0,0,0,3,1,6,1,18,4,-1,-1,-1,-1,1,-1
2015621500589,2,9,0,18,0,1,0,0,0,0,1,1,6,1,22,5,-1,-1,-1,-1,1,-1
2015621500590,1,9,0,18,0,0,0,0,0,0,1,1,6,1,29,6,-1,-1,-1,-1,1,-1
2015621500590,2,9,0,4,0,0,0,11,0,0,2,1,6,1,62,9,-1,-1,-1,-1,1,-1
2015621500591,1,9,0,18,0,4,0,0,0,0,1,1,6,1,30,6,-1,-1,-1,-1,1,-1
2015621500591,2,5,0,3,0,1,0,0,5,6,2,1,6,1,42,7,-1,-1,-1,-1,1,-1
2015621500592,1,9,0,18,0,8,5,0,0,0,3,1,6,1,38,7,-1,-1,-1,-1,1,-1
2015621500592,2,9,0,9,0,8,0,0,0,0,1,1,6,1,26,6,-1,-1,-1,-1,1,-1
2015621500593,1,9,0,9,0,8,0,0,0,0,1,1,6,1,23,5,-1,-1,-1,-1,1,-1
2015621500593,2,11,0,18,0,8,0,0,0,0,3,1,6,1,58,9,-1,-1,-1,-1,1,-1
2015621500594,1,1,0,18,9,1,0,0,0,0,1,1,6,1,25,5,-1,-1,-1,-1,1,-1
2015621500594,2,9,0,7,0,1,0,0,0,0,3,1,6,1,56,9,-1,-1,-1,-1,1,-1
2015621500595,1,9,0,12,0,8,0,0,0,0,3,1,6,1,42,7,-1,-1,-1,-1,1,-1
2015621500595,2,5,0,18,0,8,1,0,0,0,4,1,6,1,26,6,-1,-1,-1,-1,1,-1
2015621500596,1,9,0,6,0,1,0,0,0,0,3,1,6,1,20,4,-1,-1,-1,-1,1,-1
2015621500596,2,3,0,18,0,1,0,0,0,0,1,1,6,1,20,4,-1,-1,-1,-1,1,-1
2015621500597,1,21,1,9,0,3,0,0,0,0,3,2,1,1,59,9,-1,-1,-1,-1,-1,-1
2015621500597,2,9,0,9,0,3,0,0,0,0,4,1,6,1,20,4,-1,-1,-1,-1,3,-1
2015621500598,1,19,0,4,0,0,0,0,0,0,1,1,2,1,50,8,-1,-1,-1,-1,2,-1
2015621500598,2,9,0,3,0,0,0,0,0,0,2,1,6,1,29,6,-1,-1,-1,-1,1,-1
2015621500598,3,9,0,3,0,0,0,0,0,0,2,1,6,1,19,4,-1,-1,-1,-1,1,-1
2015621500599,1,9,0,16,0,8,0,0,0,0,1,1,6,1,24,5,-1,-1,-1,-1,1,-1
2015621500600,1,3,0,7,0,4,1,0,0,0,1,1,6,1,21,5,-1,-1,-1,-1,1,-1
2015621500600,2,9,0,4,0,1,0,0,0,0,1,1,6,2,36,7,-1,-1,-1,-1,1,-1
2015621500601,1,9,0,9,0,4,0,0,0,0,4,1,6,2,83,11,-1,-1,-1,-1,1,-1
2015621500601,2,5,0,18,0,1,0,0,4,1,1,1,6,1,42,7,-1,-1,-1,-1,3,-1
2015621500603,1,5,0,18,0,8,0,0,0,0,1,1,6,2,36,7,-1,-1,-1,-1,2,-1
2015621500603,2,9,0,4,0,8,0,0,0,0,2,1,6,1,80,11,-1,-1,-1,-1,2,-1
2015621500604,1,9,0,6,0,0,0,0,0,0,3,1,6,2,38,7,-1,-1,-1,-1,1,-1
2015621500604,2,3,0,18,0,0,0,0,0,0,1,1,6,1,28,6,-1,-1,-1,-1,1,-1
2015621500605,1,9,0,5,0,4,0,0,0,0,3,1,6,1,26,6,-1,-1,-1,-1,1,-1
2015621500605,2,9,0,18,0,8,0,0,0,0,1,1,6,1,24,5,-1,-1,-1,-1,1,-1
2015621500606,1,9,0,16,0,0,0,0,0,0,3,1,6,1,20,4,-1,-1,-1,-1,1,-1
2015621500606,2,9,0,18,0,0,0,0,0,0,3,1,6,2,48,8,-1,-1,-1,-1,1,-1
2015621500607,1,9,0,12,0,0,1,0,5,6,1,1,6,1,21,5,-1,-1,-1,-1,-1,-1
2015621500608,1,9,0,9,0,8,0,0,0,0,3,1,6,1,33,6,-1,-1,-1,-1,1,-1
2015621500608,2,1,0,10,0,1,0,0,0,0,4,1,6,2,43,7,-1,-1,-1,-1,1,-1
2015621500609,1,9,0,16,0,0,1,0,7,4,1,1,6,1,19,4,-1,-1,-1,-1,2,-1
2015621500610,1,9,0,18,0,0,0,0,0,0,4,1,6,1,18,4,-1,-1,-1,-1,1,-1
2015621500611,1,19,0,4,0,1,0,0,0,0,1,1,6,3,-1,-1,-1,-1,-1,-1,-1,-1
2015621500611,2,9,0,3,0,1,0,0,0,0,2,1,6,2,18,4,-1,-1,-1,-1,1,-1
2015621500612,1,9,0,18,0,0,0,4,0,0,1,1,6,2,63,9,-1,-1,-1,-1,1,-1
2015621500612,2,9,0,2,0,0,0,0,0,0,2,1,6,3,-1,-1,-1,-1,-1,-1,-1,-1
2015621500613,1,9,0,18,0,0,0,0,0,0,1,1,6,1,77,11,-1,-1,-1,-1,2,-1
2015621500613,2,9,0,6,0,0,0,0,0,0,1,1,1,1,20,4,-1,-1,-1,-1,3,-1
2015621500614,1,9,0,5,0,4,0,0,0,0,1,1,6,2,34,6,-1,-1,-1,-1,1,-1
2015621500614,2,9,0,3,0,4,0,0,0,0,2,1,6,1,49,8,-1,-1,-1,-1,1,-1
2015621500615,1,9,0,9,0,5,0,0,0,0,4,1,6,2,28,6,-1,-1,-1,-1,1,-1
2015621500615,2,5,0,18,0,8,0,0,0,0,1,1,6,1,61,9,-1,-1,-1,-1,1,-1
2015621500616,1,9,0,1,0,1,0,0,0,0,2,1,6,3,-1,-1,-1,-1,-1,-1,-1,-1
2015621500617,1,9,0,1,0,6,0,0,0,0,2,1,6,1,33,6,-1,-1,-1,-1,1,-1
2015621500618,1,1,0,5,0,1,0,0,0,0,1,1,6,1,15,3,-1,-1,-1,-1,1,-1
2015621500618,2,9,0,18,0,1,0,0,0,0,4,1,6,1,86,11,-1,-1,-1,-1,1,-1
2015621500619,1,9,0,17,0,0,0,0,0,0,1,1,6,1,36,7,-1,-1,-1,-1,1,-1
2015621500620,1,9,0,16,0,0,2,0,0,0,1,1,6,2,18,4,-1,-1,-1,-1,1,-1
2015621500621,1,9,0,5,0,1,0,0,0,0,1,1,2,1,23,5,-1,-1,-1,-1,1,-1
2015621500621,2,1,0,18,0,8,0,0,0,0,1,1,2,1,43,7,-1,-1,-1,-1,1,-1
2015621500622,1,9,0,5,0,8,0,0,0,0,1,1,6,1,42,7,-1,-1,-1,-1,1,-1
2015621500622,2,9,0,17,0,8,0,0,0,0,3,1,6,1,19,4,-1,-1,-1,-1,1,-1
2015621500624,1,1,0,18,0,6,0,0,0,0,1,1,6,1,15,3,-1,-1,-1,-1,1,-1
2015621500624,2,9,0,18,0,2,0,0,0,0,4,1,6,1,31,6,-1,-1,-1,-1,1,-1
2015621500625,1,9,3,12,0,0,2,0,0,0,3,1,6,1,67,10,-1,-1,-1,-1,1,-1
2015621500625,2,9,0,18,0,0,1,0,0,0,4,1,6,1,21,5,-1,-1,-1,-1,3,-1
2015621500626,1,9,0,18,0,8,0,0,0,0,1,1,6,2,39,7,-1,-1,-1,-1,1,-1
2015621500626,2,9,0,4,0,8,0,0,0,0,2,1,6,1,56,9,-1,-1,-1,-1,1,-1
2015621500627,1,9,0,9,0,8,0,0,0,0,1,1,6,2,24,5,-1,-1,-1,-1,1,-1
2015621500627,2,90,0,18,0,8,0,0,0,0,1,1,1,1,50,8,-1,-1,-1,-1,2,-1
2015621500628,1,9,0,18,0,2,0,7,0,0,3,1,1,2,59,9,-1,-1,-1,-1,1,-1
2015621500629,1,9,0,11,0,8,0,0,0,0,1,1,6,1,25,5,-1,-1,-1,-1,1,-1
2015621500629,2,9,0,18,0,8,0,0,4,7,2,1,6,2,46,8,-1,-1,-1,-1,1,-1
2015621500630,1,9,0,1,0,0,0,0,0,0,4,1,6,2,58,9,-1,-1,-1,-1,3,-1
2015621500630,2,1,0,18,0,0,0,0,0,0,1,1,6,2,21,5,-1,-1,-1,-1,1,-1
2015621500631,1,9,0,18,0,0,0,0,0,0,1,1,6,2,17,4,-1,-1,-1,-1,1,-1
2015621500632,1,3,0,18,0,0,0,0,7,11,3,1,6,1,21,5,-1,-1,-1,-1,1,-1
2015621500633,1,9,0,6,0,0,0,0,0,0,3,1,6,2,35,6,-1,-1,-1,-1,3,-1
2015621500633,2,9,0,17,0,0,1,0,0,0,4,1,6,1,61,9,-1,-1,-1,-1,3,-1
2015621500634,1,9,0,9,0,8,0,0,0,0,4,1,6,3,-1,-1,-1,-1,-1,-1,-1,-1
2015621500634,2,1,0,18,0,8,0,0,0,0,1,1,6,1,21,5,-1,-1,-1,-1,1,-1
2015621500635,1,9,0,18,0,0,0,0,7,9,1,1,2,1,33,6,-1,-1,-1,-1,1,-1
2015621500636,1,98,0,18,0,4,0,0,0,0,1,1,1,1,40,7,-1,-1,-1,-1,2,-1
2015621500636,2,9,0,18,0,8,0,0,0,0,4,1,6,1,73,10,-1,-1,-1,-1,1,-1
2015621500637,1,9,0,18,0,3,0,0,0,0,4,1,6,1,45,7,-1,-1,-1,-1,1,-1
2015621500638,1,9,0,18,0,0,0,0,0,0,1,1,6,2,53,8,-1,-1,-1,-1,3,-1
2015621500638,2,9,0,18,0,0,0,0,0,0,1,1,6,2,26,6,-1,-1,-1,-1,2,-1
2015621500638,3,9,0,3,0,0,0,0,0,0,2,1,6,2,63,9,-1,-1,-1,-1,2,-1
2015621500639,1,9,0,18,0,1,0,0,0,0,1,1,1,2,26,6,-1,-1,-1,-1,1,-1
2015621500640,1,9,0,18,0,0,0,0,0,0,4,1,6,3,-1,-1,-1,-1,-1,-1,-1,-1
2015621500640,2,1,0,18,0,0,0,0,0,0,3,1,2,2,27,6,-1,-1,-1,-1,2,-1
2015621500641,1,9,0,7,0,6,0,0,0,0,1,1,6,2,26,6,-1,-1,-1,-1,1,-1
2015621500641,2,9,0,18,0,8,0,0,0,0,1,1,6,1,28,6,-1,-1,-1,-1,1,-1
2015621500642,1,9,0,18,0,1,0,0,0,0,1,1,6,2,64,9,-1,-1,-1,-1,3,-1
2015621500643,1,9,0,4,0,0,0,0,0,0,2,1,6,1,40,7,-1,-1,-1,-1,3,-1
2015621500643,2,5,0,18,0,0,1,0,4,6,1,1,6,1,39,7,-1,-1,-1,-1,1,-1
2015621500643,3,9,0,18,0,0,0,0,0,0,1,1,6,2,30,6,-1,-1,-1,-1,1,-1
2015621500645,1,9,0,18,0,8,0,0,0,0,1,1,6,2,62,9,-1,-1,-1,-1,1,-1
2015621500645,2,9,0,9,0,8,0,0,0,0,4,1,6,2,37,7,-1,-1,-1,-1,1,-1
2015621500646,1,9,0,17,0,0,0,0,0,0,1,1,6,2,19,4,-1,-1,-1,-1,1,-1
2015621500646,2,9,0,3,0,0,0,0,0,0,2,1,6,2,45,7,-1,-1,-1,-1,1,-1
2015621500646,3,9,0,3,0,0,0,0,0,0,2,1,6,1,45,7,-1,-1,-1,-1,1,-1
2015621500647,1,9,0,16,0,0,0,0,0,0,1,1,6,1,36,7,-1,-1,-1,-1,1,-1
2015621500647,2,9,0,17,0,0,0,0,0,0,1,1,1,1,33,6,-1,-1,-1,-1,1,-1
2015621500648,1,9,0,13,0,0,0,0,0,0,4,1,6,1,85,11,-1,-1,-1,-1,1,-1
2015621500648,2,1,0,18,0,0,0,0,1,0,3,1,6,1,70,10,-1,-1,-1,-1,2,-1
2015621500649,1,9,0,18,0,0,0,0,0,0,1,1,6,2,36,7,-1,-1,-1,-1,1,-1
2015621500649,2,9,0,18,0,0,0,0,0,0,2,1,6,2,25,5,-1,-1,-1,-1,1,-1
2015621500649,3,9,0,18,0,0,0,0,0,0,2,1,6,1,64,9,-1,-1,-1,-1,1,-1
2015621500650,1,9,0,18,0,0,0,0,0,0,4,1,1,2,71,10,-1,-1,-1,-1,3,-1
2015621500651,1,9,0,18,0,1,0,0,0,0,3,1,6,1,36,7,-1,-1,-1,-1,2,-1
2015621500652,1,9,0,5,0,1,0,0,0,0,4,1,6,2,68,10,-1,-1,-1,-1,1,-1
2015621500652,2,1,0,18,0,1,0,0,0,0,1,1,6,1,31,6,-1,-1,-1,-1,1,-1
2015621500653,1,9,0,18,0,1,0,0,0,0,1,1,6,2,34,6,-1,-1,-1,-1,3,-1
2015621500653,2,9,0,18,0,1,0,0,0,0,2,1,6,1,49,8,-1,-1,-1,-1,1,-1
2015621500654,1,9,0,4,0,8,0,0,0,0,1,1,3,2,36,7,-1,-1,-1,-1,1,-1
2015621500654,2,9,0,10,0,5,0,0,0,0,2,1,6,2,26,6,-1,-1,-1,-1,1,-1
2015621500654,3,9,0,18,0,8,0,0,1,10,3,1,2,1,56,9,-1,-1,-1,-1,1,-1
2015621500655,1,9,0,9,0,8,0,0,0,0,4,1,6,2,48,8,-1,-1,-1,-1,2,-1
2015621500655,2,9,0,18,0,8,0,0,0,0,3,1,6,1,36,7,-1,-1,-1,-1,2,-1
2015621500656,1,9,0,5,0,8,0,0,0,0,1,1,6,2,68,10,-1,-1,-1,-1,2,-1
2015621500656,2,9,0,8,0,8,0,0,0,0,2,1,6,2,54,8,-1,-1,-1,-1,1,-1
2015621500657,1,1,0,18,0,8,0,0,0,0,1,1,6,1,57,9,-1,-1,-1,-1,1,-1
2015621500657,2,9,0,5,0,8,0,0,0,0,1,1,6,1,51,8,-1,-1,-1,-1,1,-1
2015621500658,1,9,0,9,0,2,0,0,0,0,3,1,6,1,33,6,-1,-1,-1,-1,1,-1
2015621500658,2,9,0,4,0,1,0,0,0,0,1,1,6,2,64,9,-1,-1,-1,-1,1,-1
2015621500658,3,9,0,3,0,1,0,0,0,0,4,1,6,2,45,7,-1,-1,-1,-1,1,-1
2015621500659,1,9,0,18,0,8,1,10,6,10,3,1,6,1,21,5,-1,-1,-1,-1,1,-1
2015621500660,1,9,0,9,0,1,0,0,0,0,4,1,6,1,52,8,-1,-1,-1,-1,1,-1
2015621500660,2,4,0,18,0,1,0,0,0,0,1,1,6,1,50,8,-1,-1,-1,-1,1,-1
2015621500661,1,3,0,18,0,0,0,0,7,7,1,1,6,1,28,6,-1,-1,-1,-1,1,-1
2015621500661,2,9,0,18,0,0,0,0,0,0,1,1,6,2,40,7,-1,-1,-1,-1,2,-1
2015621500662,1,9,0,6,0,0,0,0,0,0,3,1,6,1,44,7,-1,-1,-1,-1,2,-1
2015621500662,2,1,0,18,0,0,0,0,0,0,4,1,6,1,70,10,-1,-1,-1,-1,1,-1
2015621500663,1,9,0,5,0,2,0,0,0,0,1,1,6,1,46,8,-1,-1,-1,-1,1,-1
2015621500663,2,9,0,18,0,8,0,0,0,0,4,1,6,1,20,4,-1,-1,-1,-1,1,-1
2015621500664,1,9,0,7,0,2,0,0,0,0,3,1,6,2,86,11,-1,-1,-1,-1,1,-1
2015621500664,2,9,0,18,0,2,0,0,0,0,3,1,6,2,47,8,-1,-1,-1,-1,1,-1
2015621500665,1,9,0,18,0,0,0,0,0,0,1,1,6,1,61,9,-1,-1,-1,-1,1,-1
2015621500665,2,9,0,4,0,0,0,0,0,0,2,1,6,2,40,7,-1,-1,-1,-1,3,-1
2015621500666,1,2,0,18,0,1,0,0,0,0,1,1,6,1,16,4,-1,-1,-1,-1,1,-1
2015621500666,2,2,0,18,0,1,0,0,0,0,2,1,6,1,16,4,-1,-1,-1,-1,1,-1
2015621500667,1,9,0,18,0,0,0,0,0,0,1,1,3,2,45,7,-1,-1,-1,-1,1,-1
2015621500667,2,9,0,3,0,0,0,0,0,0,2,1,1,2,35,6,-1,-1,-1,-1,1,-1
2015621500668,1,4,0,9,0,8,1,0,0,0,3,1,6,1,44,7,-1,-1,-1,-1,1,-1
2015621500669,1,9,0,5,0,6,0,0,0,0,1,1,6,2,47,8,-1,-1,-1,-1,1,-1
2015621500669,2,9,0,18,0,8,0,0,0,0,4,1,6,1,44,7,-1,-1,-1,-1,1,-1
2015621500669,3,9,0,18,0,8,0,0,0,0,0,1,6,1,41,7,-1,-1,-1,-1,1,-1
2015621500670,1,5,0,16,0,0,0,0,0,0,1,1,6,1,42,7,-1,-1,-1,-1,1,-1
2015621500670,2,9,0,17,0,0,0,0,0,0,1,1,6,1,19,4,-1,-1,-1,-1,1,-1
2015621500671,1,9,0,18,0,3,1,9,7,0,1,1,6,1,17,4,-1,-1,-1,-1,2,-1
2015621500671,2,9,0,18,0,1,0,0,0,0,3,1,6,2,22,5,-1,-1,-1,-1,1,-1
2015621500672,1,8,0,18,0,0,0,0,0,0,4,1,1,1,27,6,-1,-1,-1,-1,1,-1
2015621500673,1,9,0,18,0,1,0,0,0,0,1,1,6,3,-1,-1,-1,-1,-1,-1,-1,-1
2015621500674,1,20,0,18,0,1,0,0,0,0,1,1,1,1,47,8,-1,-1,-1,-1,1,-1
2015621500674,2,9,0,4,0,1,0,0,0,0,2,1,6,1,46,8,-1,-1,-1,-1,1,-1
2015621500675,1,9,0,18,0,0,0,0,0,0,1,1,6,1,20,4,-1,-1,-1,-1,3,-1
2015621500675,2,9,0,4,0,0,0,0,0,0,2,1,6,1,42,7,-1,-1,-1,-1,3,-1
2015621500675,3,9,0,3,0,0,0,0,0,0,2,1,6,2,59,9,-1,-1,-1,-1,1,-1
2015621500676,1,9,0,16,0,0,0,4,0,0,1,1,6,2,21,5,-1,-1,-1,-1,1,-1
2015621500676,2,9,0,2,0,0,0,0,0,0,2,1,6,3,-1,-1,-1,-1,-1,-1,-1,-1
2015621500677,1,9,0,18,0,0,0,0,0,0,1,1,6,2,41,7,-1,-1,-1,-1,1,-1
2015621500678,1,9,0,13,0,1,0,0,0,0,4,1,6,2,22,5,-1,-1,-1,-1,1,-1
2015621500678,2,5,0,18,0,1,0,0,0,0,3,1,6,1,54,8,-1,-1,-1,-1,2,-1
2015621500679,1,9,0,18,0,1,0,0,0,0,1,1,6,2,40,7,-1,-1,-1,-1,1,-1
2015621500679,2,9,0,3,0,1,0,0,0,0,2,1,6,2,52,8,-1,-1,-1,-1,1,-1
2015621500680,1,9,0,18,0,0,0,0,0,0,1,1,6,1,67,10,-1,-1,-1,-1,2,-1
2015621500681,1,9,0,18,0,1,0,0,0,0,4,1,6,1,18,4,-1,-1,-1,-1,1,-1
2015621500682,1,9,0,17,0,0,5,10,7,0,1,1,6,1,22,5,-1,-1,-1,-1,1,-1
2015621500683,1,1,0,18,0,8,0,0,0,0,4,1,6,1,11,3,-1,-1,-1,-1,1,-1
2015621500683,2,9,0,18,0,8,0,0,0,0,1,1,6,2,31,6,-1,-1,-1,-1,1,-1
2015621500684,1,9,0,4,0,0,0,4,0,0,1,1,6,1,75,10,-1,-1,-1,-1,1,-1
2015621500684,2,9,0,2,0,0,0,0,0,0,4,1,6,2,30,6,-1,-1,-1,-1,1,-1
2015621500685,1,9,0,7,0,1,0,0,0,0,4,1,2,1,46,8,-1,-1,-1,-1,2,-1
2015621500685,2,1,0,18,0,1,0,0,0,0,1,1,6,1,38,7,-1,-1,-1,-1,1,-1
2015621500686,1,5,0,13,0,3,0,0,0,0,0,1,2,1,30,6,-1,-1,-1,-1,1,-1
2015621500687,1,9,0,1,0,1,0,0,0,0,2,1,6,1,73,10,-1,-1,-1,-1,3,-1
2015621500687,2,3,0,10,0,1,0,0,0,0,1,1,6,1,51,8,-1,-1,-1,-1,1,-1
2015621500688,1,1,0,18,0,8,0,0,0,0,4,1,6,1,13,3,-1,-1,-1,-1,1,-1
2015621500688,2,9,0,4,0,1,0,0,0,0,1,1,1,1,26,6,-1,-1,-1,-1,3,-1
2015621500689,1,3,0,18,0,0,1,0,0,11,4,1,6,1,39,7,-1,-1,-1,-1,1,-1
2015621500690,1,9,0,9,0,8,0,0,0,0,1,1,6,2,47,8,-1,-1,-1,-1,1,-1
2015621500690,2,9,0,7,0,3,1,0,2,7,2,1,2,2,36,7,-1,-1,-1,-1,1,-1
2015621500691,1,9,0,18,0,3,0,0,0,0,1,1,1,1,28,6,-1,-1,-1,-1,1,-1
2015621500691,2,9,0,4,0,3,0,0,0,0,2,1,6,2,44,7,-1,-1,-1,-1,1,-1
2015621500692,1,9,0,16,0,0,0,0,0,0,3,1,6,1,77,11,-1,-1,-1,-1,1,-1
2015621500692,2,9,0,17,0,0,0,0,0,0,3,1,6,2,51,8,-1,-1,-1,-1,1,-1
2015621500693,1,1,0,18,0,1,0,0,0,0,1,1,4,1,13,3,-1,-1,-1,-1,1,-1
2015621500693,2,9,0,9,0,1,0,0,0,0,4,1,3,1,44,7,-1,-1,-1,-1,1,-1
2015621500694,1,9,0,9,0,8,0,0,0,0,3,1,6,1,30,6,-1,-1,-1,-1,1,-1
2015621500694,2,4,0,7,0,8,0,0,1,2,1,1,6,1,54,8,-1,-1,-1,-1,1,-1
2015621500695,1,9,0,18,0,1,0,0,0,0,1,1,6,2,61,9,-1,-1,-1,-1,3,-1
2015621500695,2,9,0,10,0,1,0,0,0,0,2,1,6,2,56,9,-1,-1,-1,-1,1,-1
2015621500696,1,9,0,7,0,4,0,0,0,0,3,1,1,2,37,7,-1,-1,-1,-1,2,-1
2015621500696,2,1,0,9,0,3,0,0,0,0,1,1,1,1,50,8,-1,-1,-1,-1,1,-1
2015621500697,1,9,0,18,0,0,0,0,0,0,4,1,6,2,38,7,-1,-1,-1,-1,1,-1
2015621500697,2,9,0,2,0,0,0,0,0,0,4,1,6,3,-1,-1,-1,-1,-1,-1,-1,-1
2015621500698,1,9,0,4,0,0,0,0,0,0,2,1,2,2,20,4,-1,-1,-1,-1,1,-1
2015621500698,2,1,0,18,0,0,0,0,0,0,1,1,6,1,60,9,-1,-1,-1,-1,1,-1
2015621500699,1,9,0,18,0,1,0,0,7,5,1,1,6,1,75,10,-1,-1,-1,-1,1,-1
2015621500700,1,19,0,18,0,1,0,0,0,0,1,1,1,1,69,10,-1,-1,-1,-1,1,-1
2015621500700,2,9,0,3,0,1,0,0,0,0,2,1,6,2,23,5,-1,-1,-1,-1,1,-1
2015621500701,1,9,0,9,0,5,0,0,0,0,4,1,6,1,20,4,-1,-1,-1,-1,2,-1
2015621500701,2,9,0,18,0,8,0,0,0,0,1,1,6,2,50,8,-1,-1,-1,-1,1,-1
2015621500702,1,9,0,16,0,0,5,0,2,10,1,1,6,1,21,5,-1,-1,-1,-1,1,-1
2015621500702,2,9,0,17,0,0,0,0,0,0,3,1,6,2,20,4,-1,-1,-1,-1,3,-1
2015621500703,1,9,0,18,0,8,0,0,0,0,1,1,6,3,-1,-1,-1,-1,-1,-1,-1,-1
2015621500703,2,9,0,9,0,8,0,0,0,0,1,1,6,1,50,8,-1,-1,-1,-1,1,-1
2015621500704,1,5,0,13,0,4,1,9,7,1,1,1,6,1,29,6,-1,-1,-1,-1,1,-1
2015621500704,2,9,0,9,0,8,0,0,0,0,3,1,6,1,25,5,-1,-1,-1,-1,1,-1
2015621500705,1,9,0,4,0,0,0,0,0,0,1,1,6,1,40,7,-1,-1,-1,-1,3,-1