Accident_Index,Vehicle_Reference,Vehicle_Type,Towing_and_Articulation,Vehicle_Manoeuvre,Vehicle_Location-Restricted_Lane,Junction_Location,Skidding_and_Overturning,Hit_Object_in_Carriageway,Vehicle_Leaving_Carriageway,Hit_Object_off_Carriageway,1st_Point_of_Impact,Was_Vehicle_Left_Hand_Drive?,Journey_Purpose_of_Driver,Sex_of_Driver,Age_of_Driver,Age_Band_of_Driver,Engine_Capacity_(CC),Propulsion_Code,Age_of_Vehicle,Driver_IMD_Decile,Driver_Home_Area_Type,Vehicle_IMD_Decile
2015621500706,1,9,0,18,0,0,0,0,0,0,1,1,6,2,73,10,-1,-1,-1,-1,2,-1
2015621500706,2,19,0,18,0,0,0,0,0,0,1,1,1,1,34,6,-1,-1,-1,-1,2,-1
2015621500706,3,9,0,18,0,0,0,0,0,0,1,1,6,1,34,6,-1,-1,-1,-1,2,-1
2015621500707,1,9,0,18,0,1,0,0,0,0,4,1,6,2,41,7,-1,-1,-1,-1,1,-1
2015621500708,1,9,0,18,0,1,0,0,0,0,3,1,2,1,45,7,-1,-1,-1,-1,2,-1
2015621500709,1,9,0,12,0,0,0,0,0,0,3,1,6,2,61,9,-1,-1,-1,-1,1,-1
2015621500709,2,9,0,18,0,0,0,0,0,0,1,1,1,1,35,6,-1,-1,-1,-1,1,-1
2015621500710,1,9,0,5,0,4,0,0,0,0,1,1,2,1,55,8,-1,-1,-1,-1,2,-1
2015621500710,2,9,0,4,0,4,0,0,0,0,2,1,6,1,52,8,-1,-1,-1,-1,1,-1
2015621500711,1,9,0,9,0,8,0,0,0,0,1,1,6,2,48,8,-1,-1,-1,-1,1,-1
2015621500711,2,4,0,9,0,8,0,0,0,0,4,1,6,1,20,4,-1,-1,-1,-1,1,-1
2015621500712,1,9,0,9,0,8,0,0,0,0,4,2,6,2,25,5,-1,-1,-1,-1,1,-1
2015621500712,2,3,0,18,0,8,0,0,0,0,1,1,6,2,17,4,-1,-1,-1,-1,1,-1
2015621500713,1,5,0,13,0,1,1,0,0,0,1,1,6,1,34,6,-1,-1,-1,-1,1,-1
2015621500713,2,9,0,9,0,5,1,0,7,0,3,1,6,1,17,4,-1,-1,-1,-1,1,-1
2015621500714,1,9,0,7,0,1,0,0,0,0,1,1,6,1,22,5,-1,-1,-1,-1,3,-1
2015621500714,2,9,0,18,0,1,0,0,0,0,1,1,6,1,23,5,-1,-1,-1,-1,1,-1
2015621500715,1,9,0,18,0,0,1,7,4,6,1,1,6,2,34,6,-1,-1,-1,-1,1,-1
2015621500716,1,9,0,2,0,0,0,0,0,0,3,1,6,3,-1,-1,-1,-1,-1,-1,-1,-1
2015621500716,2,3,0,14,0,0,0,8,0,0,1,1,2,1,23,5,-1,-1,-1,-1,1,-1
2015621500717,1,9,0,18,0,0,0,0,0,0,1,1,6,3,-1,-1,-1,-1,-1,-1,-1,-1
2015621500717,2,1,0,18,0,0,0,0,0,0,2,1,6,1,13,3,-1,-1,-1,-1,1,-1
2015621500718,1,9,0,9,0,5,0,0,0,0,1,1,6,1,66,10,-1,-1,-1,-1,1,-1
2015621500718,2,4,0,18,0,1,0,0,0,0,1,1,1,2,45,7,-1,-1,-1,-1,1,-1
2015621500719,1,9,0,9,0,8,0,0,0,0,3,1,6,1,23,5,-1,-1,-1,-1,1,-1
2015621500719,2,5,0,18,0,8,0,0,0,0,1,1,6,1,30,6,-1,-1,-1,-1,1,-1
2015621500720,1,9,0,9,0,6,0,0,0,0,3,1,6,1,61,9,-1,-1,-1,-1,1,-1
2015621500720,2,9,0,18,0,1,0,0,0,0,1,1,6,2,40,7,-1,-1,-1,-1,1,-1
2015621500721,1,19,0,18,0,0,1,10,2,6,1,1,6,1,32,6,-1,-1,-1,-1,1,-1
2015621500721,2,5,0,18,0,0,1,0,0,0,1,1,6,1,45,7,-1,-1,-1,-1,1,-1
2015621500722,1,19,0,18,0,8,0,0,0,0,3,1,6,1,47,8,-1,-1,-1,-1,1,-1
2015621500722,2,9,0,10,0,1,0,0,0,0,3,1,6,2,51,8,-1,-1,-1,-1,3,-1
2015621500723,1,9,0,18,0,0,0,0,0,0,1,1,6,2,25,5,-1,-1,-1,-1,1,-1
2015621500723,2,9,0,4,0,0,0,0,0,0,2,1,6,1,67,10,-1,-1,-1,-1,1,-1
2015621500723,3,9,0,4,0,0,0,0,0,0,2,1,6,1,31,6,-1,-1,-1,-1,1,-1
2015621500724,1,9,0,18,0,0,0,0,0,0,1,1,6,1,58,9,-1,-1,-1,-1,2,-1
2015621500724,2,9,0,18,0,0,0,0,0,0,2,1,6,1,25,5,-1,-1,-1,-1,2,-1
2015621500725,1,9,0,13,0,1,0,0,0,0,1,1,6,2,42,7,-1,-1,-1,-1,1,-1
2015621500725,2,9,0,9,0,2,0,0,0,0,1,1,1,2,45,7,-1,-1,-1,-1,1,-1
2015621500726,1,5,0,13,0,1,0,0,0,0,1,1,6,1,49,8,-1,-1,-1,-1,1,-1
2015621500726,2,9,0,9,0,5,0,0,0,0,3,1,6,1,27,6,-1,-1,-1,-1,3,-1
2015621500727,1,4,0,18,0,8,0,0,0,0,1,1,6,1,33,6,-1,-1,-1,-1,1,-1
2015621500727,2,9,0,9,0,6,0,0,0,0,3,1,6,1,41,7,-1,-1,-1,-1,1,-1
2015621500728,1,9,0,18,0,0,1,0,0,0,4,1,6,2,43,7,-1,-1,-1,-1,1,-1
2015621500728,2,9,0,18,0,0,1,0,0,0,1,1,6,1,42,7,-1,-1,-1,-1,1,-1
2015621500729,1,1,0,18,0,1,0,0,0,0,2,1,6,1,7,2,-1,-1,-1,-1,1,-1
2015621500729,2,9,0,18,0,1,0,0,0,0,1,1,6,1,21,5,-1,-1,-1,-1,1,-1
2015621500730,1,9,0,5,0,1,0,0,0,0,1,1,6,3,-1,-1,-1,-1,-1,-1,-1,-1
2015621500730,2,9,0,5,0,1,0,0,0,0,2,1,6,1,25,5,-1,-1,-1,-1,1,-1
2015621500731,1,4,0,18,0,0,1,0,0,0,1,1,1,2,19,4,-1,-1,-1,-1,3,-1
2015621500731,2,9,0,18,0,0,0,0,0,0,1,1,1,1,46,8,-1,-1,-1,-1,1,-1
2015621500733,1,9,0,18,0,2,0,0,0,11,1,1,3,2,58,9,-1,-1,-1,-1,1,-1
2015621500733,2,9,0,18,0,2,0,0,0,0,1,1,3,1,39,7,-1,-1,-1,-1,1,-1
2015621500733,3,20,0,4,0,2,0,0,0,0,0,1,1,1,43,7,-1,-1,-1,-1,1,-1
2015621500734,1,19,0,18,0,8,0,0,3,2,1,1,1,1,27,6,-1,-1,-1,-1,1,-1
2015621500736,1,9,0,18,0,0,1,0,0,0,3,1,6,1,24,5,-1,-1,-1,-1,1,-1
2015621500736,2,9,0,18,0,0,0,0,0,0,3,1,6,1,25,5,-1,-1,-1,-1,1,-1
2015621500736,3,9,0,18,0,0,1,0,1,1,2,1,6,1,39,7,-1,-1,-1,-1,1,-1
2015621500736,4,9,0,18,0,0,0,0,0,0,2,1,6,1,51,8,-1,-1,-1,-1,1,-1
2015621500737,1,9,0,9,0,3,0,0,0,0,4,1,6,1,86,11,-1,-1,-1,-1,1,-1
2015621500737,2,1,0,18,0,4,0,0,0,0,3,1,6,1,30,6,-1,-1,-1,-1,1,-1
2015621500738,1,3,0,18,0,2,0,0,1,11,1,1,2,1,19,4,-1,-1,-1,-1,1,-1
2015621500739,1,90,0,18,0,2,0,0,0,0,3,1,6,1,50,8,-1,-1,-1,-1,1,-1
2015621500739,2,9,0,6,0,2,0,0,0,0,1,1,6,2,43,7,-1,-1,-1,-1,1,-1
2015621500740,1,9,0,9,0,1,0,0,0,0,1,1,6,1,80,11,-1,-1,-1,-1,3,-1
2015621500740,2,9,0,18,0,1,0,0,0,0,1,1,6,2,61,9,-1,-1,-1,-1,2,-1
2015621500741,1,9,0,18,0,1,0,0,0,0,1,1,2,2,20,4,-1,-1,-1,-1,1,-1
2015621500741,2,9,0,4,0,1,0,0,0,0,2,1,2,1,43,7,-1,-1,-1,-1,1,-1
2015621500741,3,9,0,4,0,1,0,0,0,0,3,1,2,1,36,7,-1,-1,-1,-1,1,-1
2015621500742,1,9,0,18,0,1,0,0,0,0,3,1,6,2,45,7,-1,-1,-1,-1,1,-1
2015621500742,2,1,0,18,0,1,0,0,0,0,1,1,6,1,4,1,-1,-1,-1,-1,1,-1
2015621500743,1,9,0,13,0,1,0,0,0,0,1,1,1,1,39,7,-1,-1,-1,-1,1,-1
2015621500743,2,9,0,2,0,1,0,0,0,0,2,1,6,2,21,5,-1,-1,-1,-1,3,-1
2015621500744,1,19,0,18,0,1,0,0,0,0,3,1,1,1,35,6,-1,-1,-1,-1,1,-1
2015621500744,2,19,0,9,0,1,0,0,0,0,1,2,1,1,33,6,-1,-1,-1,-1,-1,-1
2015621500745,1,9,0,11,0,1,0,0,0,0,1,1,6,1,36,7,-1,-1,-1,-1,1,-1
2015621500745,2,9,0,11,0,1,0,0,0,0,2,1,1,1,38,7,-1,-1,-1,-1,1,-1
2015621500746,1,9,0,1,0,0,0,0,0,0,3,1,6,3,-1,-1,-1,-1,-1,-1,-1,-1
2015621500747,1,9,0,5,0,1,0,0,0,0,1,1,6,1,59,9,-1,-1,-1,-1,3,-1
2015621500748,1,9,0,4,0,1,0,0,0,0,1,1,1,1,50,8,-1,-1,-1,-1,1,-1
2015621500748,2,9,0,4,0,1,0,0,0,0,2,1,6,1,75,10,-1,-1,-1,-1,1,-1
2015621500749,1,9,0,4,0,0,0,0,0,0,1,1,6,1,31,6,-1,-1,-1,-1,2,-1
2015621500749,2,9,0,4,0,0,0,0,0,0,2,1,6,1,37,7,-1,-1,-1,-1,1,-1
2015621500750,1,9,0,18,0,0,0,0,0,0,4,1,6,1,36,7,-1,-1,-1,-1,1,-1
2015621500751,1,5,0,16,0,8,1,0,7,0,1,1,2,1,27,6,-1,-1,-1,-1,3,-1
2015621500751,2,9,0,17,0,1,0,0,0,0,1,1,3,2,30,6,-1,-1,-1,-1,3,-1
2015621500752,1,9,0,18,0,2,0,0,0,0,1,1,2,2,19,4,-1,-1,-1,-1,1,-1
2015621500752,2,9,0,3,0,2,0,0,0,0,2,1,2,1,30,6,-1,-1,-1,-1,3,-1
2015621500752,3,9,0,18,0,2,0,0,0,0,1,1,2,2,25,5,-1,-1,-1,-1,1,-1
2015621500752,4,9,0,2,0,2,0,0,0,0,0,1,6,3,-1,-1,-1,-1,-1,-1,-1,-1
2015621500753,1,9,0,5,0,4,0,0,0,0,4,1,2,2,61,9,-1,-1,-1,-1,1,-1
2015621500753,2,1,0,18,0,8,0,0,0,0,3,1,2,1,32,6,-1,-1,-1,-1,1,-1
2015621500754,1,9,0,18,0,0,1,0,0,0,1,1,6,2,32,6,-1,-1,-1,-1,2,-1
2015621500754,2,9,0,4,0,0,0,0,0,0,2,1,6,2,37,7,-1,-1,-1,-1,1,-1
2015621500755,1,9,0,5,0,0,0,0,0,0,3,1,6,1,25,5,-1,-1,-1,-1,1,-1
2015621500755,2,8,0,18,0,0,0,0,0,0,4,1,1,1,45,7,-1,-1,-1,-1,1,-1
2015621500756,1,9,0,18,0,0,0,0,0,0,1,1,6,1,24,5,-1,-1,-1,-1,1,-1
2015621500756,2,19,0,4,0,0,0,0,0,0,2,1,6,1,62,9,-1,-1,-1,-1,1,-1
2015621500756,3,9,0,4,0,0,0,0,0,0,2,1,6,1,46,8,-1,-1,-1,-1,1,-1
2015621500756,4,9,0,4,0,0,0,0,0,0,2,1,6,1,52,8,-1,-1,-1,-1,1,-1
2015621500757,1,9,0,18,0,1,0,0,0,0,1,1,6,2,33,6,-1,-1,-1,-1,1,-1
2015621500757,2,9,0,4,0,1,0,0,0,0,2,1,6,2,71,10,-1,-1,-1,-1,1,-1
2015621500757,3,9,0,3,0,1,0,0,0,0,1,1,6,2,38,7,-1,-1,-1,-1,1,-1
2015621500758,1,9,0,16,0,1,1,0,0,0,1,1,6,1,26,6,-1,-1,-1,-1,1,-1
2015621500758,2,9,0,17,0,1,0,0,0,0,1,1,6,2,59,9,-1,-1,-1,-1,1,-1
2015621500758,3,9,0,2,0,1,0,0,0,0,3,1,6,3,-1,-1,-1,-1,-1,-1,-1,-1
2015621500759,1,9,0,18,0,7,5,0,0,0,0,1,6,2,20,4,-1,-1,-1,-1,1,-1
2015621500760,1,1,0,18,0,8,0,0,0,0,1,1,6,1,15,3,-1,-1,-1,-1,1,-1
2015621500760,2,9,0,18,0,8,0,0,0,0,3,1,6,2,35,6,-1,-1,-1,-1,1,-1
2015621500761,1,19,0,18,0,0,1,0,0,0,1,1,2,1,56,9,-1,-1,-1,-1,2,-1
2015621500761,2,8,0,18,0,0,0,0,0,0,3,1,1,1,29,6,-1,-1,-1,-1,2,-1
2015621500762,1,9,0,9,0,8,0,0,0,0,1,1,6,1,19,4,-1,-1,-1,-1,1,-1
2015621500762,2,9,0,9,0,8,0,0,1,1,3,1,6,2,40,7,-1,-1,-1,-1,1,-1
2015621500763,1,9,0,18,0,1,0,0,0,0,1,1,2,2,17,4,-1,-1,-1,-1,2,-1
2015621500763,2,9,0,4,0,1,0,0,0,0,2,1,2,2,50,8,-1,-1,-1,-1,1,-1
2015621500764,1,9,0,18,0,0,1,0,0,0,1,1,6,2,28,6,-1,-1,-1,-1,1,-1
2015621500764,2,19,0,18,0,0,0,0,1,0,3,1,1,1,35,6,-1,-1,-1,-1,2,-1
2015621500765,1,9,0,4,0,6,0,0,0,0,1,1,6,2,79,11,-1,-1,-1,-1,1,-1
2015621500766,1,9,0,16,0,0,0,0,0,0,1,1,6,2,33,6,-1,-1,-1,-1,1,-1
2015621500766,2,9,0,16,0,0,0,0,0,0,2,1,6,1,75,10,-1,-1,-1,-1,1,-1
2015621500767,1,90,0,18,0,1,1,0,0,0,1,1,6,1,25,5,-1,-1,-1,-1,1,-1
2015621500767,2,9,0,3,0,1,0,0,0,0,3,1,6,2,23,5,-1,-1,-1,-1,1,-1
2015621500769,1,9,0,18,0,8,0,0,1,10,1,1,2,1,22,5,-1,-1,-1,-1,1,-1
2015621500769,2,9,0,18,0,8,0,0,1,10,4,1,6,2,22,5,-1,-1,-1,-1,1,-1
2015621500770,1,1,0,18,5,1,0,0,0,0,1,1,6,1,16,4,-1,-1,-1,-1,1,-1
2015621500770,2,9,0,3,9,5,0,0,0,0,3,1,6,1,28,6,-1,-1,-1,-1,1,-1
2015621500771,1,9,0,18,0,0,1,10,7,2,1,1,6,3,-1,-1,-1,-1,-1,-1,-1,-1
2015621500771,2,8,0,18,0,0,0,10,1,0,3,1,1,1,43,7,-1,-1,-1,-1,3,-1
2015621500772,1,9,0,5,0,8,0,0,0,0,4,1,6,3,-1,-1,-1,-1,-1,-1,-1,-1
2015621500772,2,1,0,5,0,8,0,0,0,0,3,1,1,1,24,5,-1,-1,-1,-1,1,-1
2015621500773,1,9,0,12,0,8,0,0,0,0,3,1,6,2,21,5,-1,-1,-1,-1,1,-1
2015621500773,2,9,0,18,0,8,0,0,0,0,4,1,6,1,49,8,-1,-1,-1,-1,1,-1
2015621500774,1,9,0,4,0,1,0,0,0,0,1,1,2,1,41,7,-1,-1,-1,-1,1,-1
2015621500774,2,8,0,3,0,1,0,0,0,0,2,1,1,1,50,8,-1,-1,-1,-1,1,-1
2015621500775,1,1,0,18,0,0,0,0,0,0,1,1,6,1,29,6,-1,-1,-1,-1,2,-1
2015621500775,2,9,0,3,0,0,0,0,0,0,2,1,6,1,53,8,-1,-1,-1,-1,1,-1
2015621500775,3,9,0,2,0,0,0,0,0,0,3,1,6,3,-1,-1,-1,-1,-1,-1,-1,-1
2015621500776,1,9,0,17,0,0,1,0,7,11,4,1,1,2,58,9,-1,-1,-1,-1,1,-1
2015621500776,2,9,0,16,0,0,0,0,0,0,1,1,6,1,37,7,-1,-1,-1,-1,1,-1
2015621500777,1,3,0,18,0,0,0,0,0,0,0,1,6,1,26,6,-1,-1,-1,-1,1,-1
2015621500778,1,9,0,9,0,4,0,0,0,0,1,1,1,1,20,4,-1,-1,-1,-1,1,-1
2015621500778,2,1,0,18,0,8,0,0,0,0,4,1,6,1,41,7,-1,-1,-1,-1,1,-1
2015621500779,1,9,0,18,0,0,0,0,0,0,1,1,6,1,41,7,-1,-1,-1,-1,1,-1
2015621500779,2,9,0,18,0,0,0,0,0,0,2,1,6,1,47,8,-1,-1,-1,-1,1,-1
2015621500779,3,9,0,18,0,0,0,0,0,0,2,1,6,1,26,6,-1,-1,-1,-1,1,-1
2015621500780,1,9,0,18,0,0,0,0,0,0,1,1,6,2,66,10,-1,-1,-1,-1,1,-1
2015621500780,2,9,0,3,0,0,0,0,0,0,2,1,1,1,34,6,-1,-1,-1,-1,1,-1
2015621500781,1,9,0,18,0,0,0,0,0,0,4,1,2,1,31,6,-1,-1,-1,-1,1,-1
2015621500782,1,9,0,18,0,0,0,0,0,0,1,1,1,1,17,4,-1,-1,-1,-1,1,-1
2015621500782,2,9,0,18,0,0,0,0,1,4,2,1,6,1,31,6,-1,-1,-1,-1,1,-1
2015621500782,3,9,0,18,0,0,0,0,0,0,2,1,6,2,44,7,-1,-1,-1,-1,3,-1
2015621500783,1,1,0,18,0,8,0,0,0,0,1,1,6,1,44,7,-1,-1,-1,-1,1,-1
2015621500783,2,19,0,4,0,8,0,0,0,0,2,1,6,1,57,9,-1,-1,-1,-1,1,-1
2015621500784,1,9,0,18,0,0,0,0,0,0,3,1,6,2,20,4,-1,-1,-1,-1,1,-1
2015621500784,2,9,0,18,0,0,0,0,0,0,3,1,6,2,69,10,-1,-1,-1,-1,3,-1
2015621500784,3,9,0,18,0,0,0,0,0,0,3,1,6,1,50,8,-1,-1,-1,-1,1,-1
2015621500785,1,2,0,4,0,1,1,0,0,0,1,1,4,1,17,4,-1,-1,-1,-1,1,-1
2015621500785,2,9,0,10,0,1,0,0,0,0,2,1,6,1,56,9,-1,-1,-1,-1,1,-1
2015621500786,1,9,0,9,0,6,0,0,0,0,3,1,3,2,25,5,-1,-1,-1,-1,1,-1
2015621500787,1,9,0,18,0,0,5,0,0,0,1,1,6,1,26,6,-1,-1,-1,-1,1,-1
2015621500787,2,9,0,18,0,0,0,0,0,0,1,1,6,1,26,6,-1,-1,-1,-1,1,-1
2015621500788,1,9,0,5,0,8,0,0,0,0,1,1,6,1,66,10,-1,-1,-1,-1,3,-1
2015621500788,2,9,0,18,0,8,0,0,0,0,1,1,6,1,42,7,-1,-1,-1,-1,1,-1
2015621500789,1,9,0,18,0,0,0,2,2,6,1,1,6,1,27,6,-1,-1,-1,-1,1,-1
2015621500789,2,9,0,12,0,0,0,0,0,0,2,1,2,1,60,9,-1,-1,-1,-1,1,-1
2015621500789,3,9,0,18,0,0,0,0,0,0,3,1,2,2,59,9,-1,-1,-1,-1,1,-1
2015621500789,4,21,1,18,0,0,4,2,4,6,1,1,1,1,50,8,-1,-1,-1,-1,1,-1
2015621500790,1,5,0,18,0,3,1,0,0,0,3,1,6,1,52,8,-1,-1,-1,-1,1,-1
2015621500791,1,9,0,18,0,1,0,0,0,0,1,1,6,1,41,7,-1,-1,-1,-1,1,-1
2015621500791,2,1,0,18,0,8,0,0,0,0,2,1,6,1,82,11,-1,-1,-1,-1,1,-1
2015621500792,1,9,0,18,0,0,0,0,0,0,1,1,2,2,29,6,-1,-1,-1,-1,2,-1
2015621500792,2,9,0,4,0,0,0,0,0,0,2,1,6,1,24,5,-1,-1,-1,-1,1,-1
2015621500792,3,9,0,4,0,0,0,0,0,0,2,1,6,2,56,9,-1,-1,-1,-1,1,-1
2015621500792,4,9,0,4,0,0,0,0,0,0,2,1,6,3,-1,-1,-1,-1,-1,-1,-1,-1
2015621500793,1,21,0,18,0,0,0,0,0,0,1,1,1,1,46,8,-1,-1,-1,-1,1,-1
2015621500793,2,9,0,4,0,0,0,0,0,0,2,1,2,2,41,7,-1,-1,-1,-1,3,-1
2015621500794,1,9,0,18,0,8,5,0,0,0,4,1,6,1,25,5,-1,-1,-1,-1,1,-1
2015621500794,2,9,0,5,0,8,0,0,0,0,1,1,6,1,46,8,-1,-1,-1,-1,1,-1
2015621500795,1,19,0,18,0,1,0,0,0,0,4,1,1,2,21,5,-1,-1,-1,-1,1,-1
2015621500795,2,9,0,9,0,6,0,0,0,0,1,1,6,1,64,9,-1,-1,-1,-1,1,-1
2015621500796,1,9,0,18,0,6,0,0,0,0,4,1,6,2,42,7,-1,-1,-1,-1,1,-1
2015621500796,2,9,0,18,0,8,0,0,0,0,1,1,6,2,19,4,-1,-1,-1,-1,1,-1
2015621500797,1,9,0,18,0,0,0,0,0,0,1,1,6,1,22,5,-1,-1,-1,-1,1,-1
2015621500797,2,19,0,18,0,0,0,0,0,0,1,1,1,1,26,6,-1,-1,-1,-1,3,-1
2015621500798,1,11,0,4,0,0,0,0,0,0,1,1,1,1,53,8,-1,-1,-1,-1,1,-1
2015621500799,1,9,0,18,0,0,0,0,0,0,1,1,6,2,20,4,-1,-1,-1,-1,1,-1
2015621500799,2,9,0,18,0,0,0,0,0,0,2,1,6,1,46,8,-1,-1,-1,-1,1,-1
2015621500800,1,9,0,18,0,1,2,0,1,9,3,1,6,2,31,6,-1,-1,-1,-1,2,-1
2015621500801,1,9,0,4,0,7,0,0,0,0,1,1,6,1,58,9,-1,-1,-1,-1,1,-1
2015621500801,2,19,0,4,0,7,0,0,0,0,2,1,6,1,62,9,-1,-1,-1,-1,1,-1
2015621500802,1,9,0,18,0,0,0,4,0,0,1,1,6,1,30,6,-1,-1,-1,-1,1,-1
2015621500802,2,19,0,2,0,0,0,0,0,0,2,1,6,3,-1,-1,-1,-1,-1,-1,-1,-1
2015621500803,1,9,0,18,0,1,0,0,0,0,1,1,6,2,55,8,-1,-1,-1,-1,2,-1
2015621500804,1,9,0,18,0,1,0,0,0,0,1,1,1,2,21,5,-1,-1,-1,-1,2,-1
2015621500804,2,11,0,4,0,1,0,0,0,0,2,1,1,1,48,8,-1,-1,-1,-1,2,-1
2015621500805,1,9,0,18,0,0,0,0,0,0,1,1,1,1,31,6,-1,-1,-1,-1,2,-1
2015621500805,2,8,0,18,0,0,0,0,0,0,1,1,2,1,51,8,-1,-1,-1,-1,2,-1
2015621500806,1,9,0,18,0,0,0,0,0,0,4,1,6,3,-1,-1,-1,-1,-1,-1,-1,-1
2015621500806,2,1,0,18,0,0,1,0,0,0,3,1,6,1,38,7,-1,-1,-1,-1,1,-1
2015621500807,1,1,0,17,0,8,1,0,0,0,1,1,6,1,40,7,-1,-1,-1,-1,1,-1
2015621500807,2,9,0,18,0,8,0,0,0,0,2,1,6,2,45,7,-1,-1,-1,-1,3,-1
2015621500808,1,9,0,18,0,1,0,0,0,0,1,1,2,2,33,6,-1,-1,-1,-1,1,-1
2015621500808,2,9,0,18,0,1,0,0,0,0,2,1,6,1,42,7,-1,-1,-1,-1,1,-1
2015621500809,1,1,0,18,0,0,0,4,0,0,1,1,2,1,44,7,-1,-1,-1,-1,1,-1
2015621500809,2,9,0,2,0,0,0,0,0,0,2,1,6,3,-1,-1,-1,-1,-1,-1,-1,-1
2015621500810,1,9,0,18,0,0,0,0,0,0,4,1,6,3,-1,-1,-1,-1,-1,-1,-1,-1
2015621500810,2,9,0,18,0,0,1,0,0,0,3,1,1,1,29,6,-1,-1,-1,-1,3,-1
2015621500811,1,1,0,18,9,8,1,0,0,0,1,1,6,1,20,4,-1,-1,-1,-1,1,-1
2015621500811,2,9,0,8,0,2,0,0,0,0,4,1,1,1,46,8,-1,-1,-1,-1,1,-1
2015621500812,1,5,0,16,0,1,1,7,7,0,1,1,6,1,20,4,-1,-1,-1,-1,1,-1
2015621500813,1,9,0,18,0,1,0,0,0,0,1,1,6,1,68,10,-1,-1,-1,-1,1,-1
2015621500813,2,9,0,18,0,1,0,0,0,0,1,1,6,2,41,7,-1,-1,-1,-1,1,-1
2015621500814,1,9,0,5,0,0,0,0,0,0,1,1,3,1,47,8,-1,-1,-1,-1,3,-1
2015621500815,1,9,0,18,0,1,0,0,0,0,1,1,6,1,54,8,-1,-1,-1,-1,1,-1
2015621500815,2,9,0,4,0,1,0,0,0,0,2,1,6,1,52,8,-1,-1,-1,-1,1,-1
2015621500815,3,9,0,4,0,1,0,0,0,0,2,1,6,2,51,8,-1,-1,-1,-1,1,-1
2015621500816,1,9,0,18,0,0,0,0,0,0,1,1,6,3,-1,-1,-1,-1,-1,-1,-1,-1
2015621500817,1,9,0,9,0,8,0,0,0,0,4,1,6,1,26,6,-1,-1,-1,-1,1,-1
2015621500817,2,1,0,18,0,8,0,0,0,0,1,1,6,1,38,7,-1,-1,-1,-1,1,-1
2015621500818,1,9,0,12,0,0,0,0,0,0,1,1,6,2,49,8,-1,-1,-1,-1,2,-1
2015621500818,2,1,0,18,0,0,1,0,0,0,1,1,6,1,48,8,-1,-1,-1,-1,1,-1
2015621500819,1,9,0,18,0,0,0,0,0,0,1,1,6,1,32,6,-1,-1,-1,-1,1,-1
2015621500819,2,9,0,4,0,0,0,0,0,0,2,1,6,2,72,10,-1,-1,-1,-1,1,-1
2015621500820,1,9,0,4,0,8,0,0,0,0,1,1,6,2,35,6,-1,-1,-1,-1,1,-1
2015621500820,2,9,0,8,0,2,0,0,0,0,2,1,6,2,52,8,-1,-1,-1,-1,1,-1
2015621500821,1,9,0,4,0,1,0,0,0,0,1,1,6,1,25,5,-1,-1,-1,-1,2,-1
2015621500821,2,9,0,4,0,1,0,0,0,0,2,1,6,1,37,7,-1,-1,-1,-1,1,-1
2015621500822,1,9,0,18,0,4,0,0,0,0,1,1,2,2,55,8,-1,-1,-1,-1,1,-1
2015621500822,2,9,0,9,0,8,0,0,0,0,4,1,2,1,72,10,-1,-1,-1,-1,1,-1
2015621500823,1,9,0,18,0,1,0,0,0,0,4,1,6,2,30,6,-1,-1,-1,-1,1,-1
2015621500824,1,9,0,18,0,0,0,0,0,1,1,1,6,1,21,5,-1,-1,-1,-1,1,-1
2015621500825,1,19,4,18,0,0,4,0,4,6,3,1,1,1,44,7,-1,-1,-1,-1,1,-1
2015621500826,1,19,0,18,0,8,0,0,7,0,1,1,6,1,29,6,-1,-1,-1,-1,1,-1
2015621500827,1,5,0,5,0,4,0,0,0,0,2,1,6,1,26,6,-1,-1,-1,-1,1,-1
2015621500827,2,9,0,5,0,4,0,0,0,0,4,1,6,2,35,6,-1,-1,-1,-1,1,-1
2015621500828,1,9,0,18,0,1,0,0,0,0,1,1,6,2,28,6,-1,-1,-1,-1,2,-1
2015621500828,2,9,0,2,0,2,0,0,0,0,1,1,6,1,20,4,-1,-1,-1,-1,2,-1
2015621500829,1,9,0,5,0,5,0,0,0,0,1,1,6,2,20,4,-1,-1,-1,-1,1,-1
2015621500829,2,9,0,18,0,8,0,0,0,0,4,1,6,1,43,7,-1,-1,-1,-1,1,-1
2015621500830,1,9,0,9,0,4,0,0,0,0,1,1,1,2,53,8,-1,-1,-1,-1,1,-1
2015621500830,2,9,0,17,0,3,0,0,0,0,4,1,6,2,74,10,-1,-1,-1,-1,1,-1
2015621500831,1,9,0,18,0,0,5,0,0,0,1,1,6,1,90,11,-1,-1,-1,-1,1,-1
2015621500831,2,9,0,2,0,0,0,0,0,0,2,1,6,3,-1,-1,-1,-1,-1,-1,-1,-1
2015621500832,1,9,0,9,0,8,0,0,0,0,3,1,6,1,61,9,-1,-1,-1,-1,2,-1
2015621500832,2,3,0,18,0,8,0,0,0,0,1,1,6,1,20,4,-1,-1,-1,-1,1,-1
2015621500833,1,9,0,6,0,2,0,0,1,11,4,1,6,1,70,10,-1,-1,-1,-1,1,-1
2015621500833,2,9,0,18,0,2,0,0,0,0,1,1,6,2,54,8,-1,-1,-1,-1,1,-1
2015621500834,1,3,0,9,0,6,0,0,0,0,1,1,6,1,19,4,-1,-1,-1,-1,1,-1
2015621500834,2,9,0,18,0,1,0,0,0,0,1,1,6,2,32,6,-1,-1,-1,-1,1,-1
2015621500835,1,1,0,18,0,1,0,0,0,0,3,1,6,1,35,6,-1,-1,-1,-1,1,-1
2015621500835,2,9,0,18,0,1,0,0,0,0,1,1,6,1,23,5,-1,-1,-1,-1,1,-1
2015621500837,1,9,0,9,0,8,0,0,0,0,4,1,6,1,21,5,-1,-1,-1,-1,1,-1
2015621500837,2,9,0,18,0,1,0,0,0,0,1,1,6,2,46,8,-1,-1,-1,-1,1,-1
2015621500838,1,9,0,9,0,1,0,0,0,0,1,1,6,1,48,8,-1,-1,-1,-1,1,-1