Accident_Index,Vehicle_Reference,Vehicle_Type,Towing_and_Articulation,Vehicle_Manoeuvre,Vehicle_Location-Restricted_Lane,Junction_Location,Skidding_and_Overturning,Hit_Object_in_Carriageway,Vehicle_Leaving_Carriageway,Hit_Object_off_Carriageway,1st_Point_of_Impact,Was_Vehicle_Left_Hand_Drive?,Journey_Purpose_of_Driver,Sex_of_Driver,Age_of_Driver,Age_Band_of_Driver,Engine_Capacity_(CC),Propulsion_Code,Age_of_Vehicle,Driver_IMD_Decile,Driver_Home_Area_Type,Vehicle_IMD_Decile
2015621501118,1,9,0,4,0,1,2,0,1,11,1,1,2,2,43,7,-1,-1,-1,-1,1,-1
2015621501119,1,9,0,14,0,0,0,0,0,0,1,1,6,1,21,5,-1,-1,-1,-1,3,-1
2015621501119,2,9,0,17,0,0,0,0,0,0,1,1,6,2,18,4,-1,-1,-1,-1,1,-1
2015621501120,1,9,0,18,0,0,0,0,0,1,1,1,6,1,77,11,-1,-1,-1,-1,1,-1
2015621501121,1,9,0,18,0,0,1,0,1,11,1,1,6,1,52,8,-1,-1,-1,-1,1,-1
2015621501122,1,9,0,9,0,6,0,0,0,0,4,1,1,1,22,5,-1,-1,-1,-1,1,-1
2015621501122,2,9,0,18,0,1,0,0,0,0,1,1,6,2,48,8,-1,-1,-1,-1,1,-1
2015621501123,1,9,0,5,0,2,0,0,0,0,3,1,6,2,62,9,-1,-1,-1,-1,2,-1
2015621501123,2,9,0,18,0,2,0,0,0,0,1,1,6,1,20,4,-1,-1,-1,-1,1,-1
2015621501124,1,20,0,4,0,0,1,0,0,0,1,1,1,1,21,5,-1,-1,-1,-1,1,-1
2015621501124,2,20,0,4,0,0,0,0,0,0,2,1,1,1,39,7,-1,-1,-1,-1,3,-1
2015621501125,1,9,0,9,0,6,0,0,0,0,1,1,1,2,29,6,-1,-1,-1,-1,2,-1
2015621501125,2,5,0,10,0,2,0,0,0,0,1,1,1,1,33,6,-1,-1,-1,-1,1,-1
2015621501126,1,9,0,18,0,7,0,0,0,10,3,1,2,2,38,7,-1,-1,-1,-1,2,-1
2015621501127,1,9,0,18,0,0,0,0,0,0,0,1,6,2,52,8,-1,-1,-1,-1,1,-1
2015621501128,1,9,0,18,0,0,5,4,2,4,1,1,6,2,54,8,-1,-1,-1,-1,1,-1
2015621501128,2,9,0,2,0,0,0,0,0,0,1,1,6,3,-1,-1,-1,-1,-1,-1,-1,-1
2015621501129,1,9,0,18,0,1,1,0,0,0,1,1,6,1,18,4,-1,-1,-1,-1,1,-1
2015621501129,2,9,0,1,0,1,0,0,0,0,3,1,6,1,53,8,-1,-1,-1,-1,1,-1
2015621501130,1,1,0,18,0,6,0,0,0,0,1,1,6,1,23,5,-1,-1,-1,-1,1,-1
2015621501130,2,9,0,18,0,8,0,0,0,0,4,1,6,3,-1,-1,-1,-1,-1,-1,-1,-1
2015621501131,1,9,0,18,0,1,0,0,0,0,1,1,6,2,30,6,-1,-1,-1,-1,3,-1
2015621501131,2,9,0,18,0,1,0,0,0,0,2,1,6,1,48,8,-1,-1,-1,-1,1,-1
2015621501131,3,9,0,18,0,1,0,0,0,0,2,1,6,2,21,5,-1,-1,-1,-1,3,-1
2015621501132,1,9,0,18,0,0,0,10,0,11,1,1,6,1,19,4,-1,-1,-1,-1,1,-1
2015621501132,2,9,0,18,0,0,0,0,0,0,0,1,6,3,-1,-1,-1,-1,-1,-1,-1,-1
2015621501133,1,19,0,9,0,5,0,0,0,0,1,1,1,1,45,7,-1,-1,-1,-1,1,-1
2015621501133,2,1,0,18,0,1,0,0,0,1,3,1,2,1,62,9,-1,-1,-1,-1,1,-1
2015621501134,1,9,0,18,0,8,0,0,0,0,1,1,6,1,20,4,-1,-1,-1,-1,1,-1
2015621501135,1,9,0,18,0,0,0,4,0,0,1,1,6,1,28,6,-1,-1,-1,-1,1,-1
2015621501135,2,9,0,2,0,0,0,0,0,0,3,1,6,3,-1,-1,-1,-1,-1,-1,-1,-1
2015621501135,3,9,0,2,0,0,0,0,0,0,1,1,6,3,-1,-1,-1,-1,-1,-1,-1,-1
2015621501136,1,9,0,2,0,0,0,0,0,0,3,1,6,2,60,9,-1,-1,-1,-1,2,-1
2015621501136,2,1,0,18,9,0,0,0,0,0,1,1,6,1,35,6,-1,-1,-1,-1,1,-1
2015621501137,1,9,0,5,0,0,0,0,0,0,4,1,1,1,32,6,-1,-1,-1,-1,1,-1
2015621501137,2,9,0,18,0,0,0,0,0,0,3,1,1,2,32,6,-1,-1,-1,-1,1,-1
2015621501138,1,9,0,18,0,0,5,0,1,9,1,1,6,1,24,5,-1,-1,-1,-1,2,-1
2015621501139,1,9,0,9,0,1,0,0,0,0,4,1,1,2,19,4,-1,-1,-1,-1,1,-1
2015621501139,2,9,0,18,0,1,0,0,0,0,3,1,3,2,28,6,-1,-1,-1,-1,1,-1
2015621501140,1,9,0,18,0,0,0,0,0,0,2,1,6,1,76,11,-1,-1,-1,-1,1,-1
2015621501140,2,3,0,18,0,0,0,0,0,0,1,1,6,1,64,9,-1,-1,-1,-1,2,-1
2015621501141,1,9,0,9,0,8,0,0,0,0,3,1,6,1,64,9,-1,-1,-1,-1,-1,-1
2015621501141,2,8,0,18,0,8,0,0,0,0,4,1,6,1,35,6,-1,-1,-1,-1,1,-1
2015621501142,1,3,0,14,0,1,0,0,0,0,1,1,2,1,24,5,-1,-1,-1,-1,1,-1
2015621501142,2,9,0,9,0,1,0,0,0,0,3,1,6,1,67,10,-1,-1,-1,-1,1,-1
2015621501143,1,9,0,18,0,1,0,0,0,0,4,1,6,2,20,4,-1,-1,-1,-1,1,-1
2015621501143,2,9,0,18,0,1,0,0,1,10,1,1,6,1,17,4,-1,-1,-1,-1,2,-1
2015621501144,1,9,0,1,0,0,0,0,0,0,2,1,6,1,40,7,-1,-1,-1,-1,3,-1
2015621501145,1,3,0,18,0,0,0,0,0,0,1,1,6,2,19,4,-1,-1,-1,-1,2,-1
2015621501145,2,9,0,3,0,0,0,0,0,0,2,1,6,2,42,7,-1,-1,-1,-1,2,-1
2015621501146,1,9,0,13,0,0,0,0,0,0,0,1,6,1,57,9,-1,-1,-1,-1,2,-1
2015621501146,2,11,0,18,2,0,0,0,0,0,0,1,1,1,51,8,-1,-1,-1,-1,1,-1
2015621501147,1,9,0,18,0,0,0,0,0,0,1,1,6,2,22,5,-1,-1,-1,-1,1,-1
2015621501147,2,9,0,4,0,0,0,0,0,0,2,1,6,2,25,5,-1,-1,-1,-1,1,-1
2015621501147,3,8,0,4,0,0,0,0,0,0,2,1,1,1,45,7,-1,-1,-1,-1,1,-1
2015621501148,1,9,0,18,0,0,0,7,7,0,1,1,6,1,70,10,-1,-1,-1,-1,1,-1
2015621501149,1,9,0,18,0,0,1,0,2,10,1,1,6,1,27,6,-1,-1,-1,-1,2,-1
2015621501150,1,9,0,9,0,6,0,0,0,0,4,1,6,1,68,10,-1,-1,-1,-1,3,-1
2015621501150,2,3,0,18,0,1,0,0,0,0,1,1,1,1,19,4,-1,-1,-1,-1,1,-1
2015621501151,1,1,0,4,9,1,0,0,0,0,1,1,6,1,63,9,-1,-1,-1,-1,1,-1
2015621501151,2,1,0,4,9,1,0,0,0,0,1,1,6,1,43,7,-1,-1,-1,-1,1,-1
2015621501152,1,9,0,18,0,1,0,0,0,0,4,1,6,2,57,9,-1,-1,-1,-1,1,-1
2015621501153,1,9,0,18,0,8,0,0,0,0,1,1,6,2,19,4,-1,-1,-1,-1,1,-1
2015621501153,2,9,0,18,0,1,0,0,0,0,3,1,6,2,19,4,-1,-1,-1,-1,2,-1
2015621501154,1,9,0,18,0,1,0,0,0,0,3,1,1,1,27,6,-1,-1,-1,-1,2,-1
2015621501154,2,1,0,18,0,8,0,0,0,0,4,1,6,1,38,7,-1,-1,-1,-1,1,-1
2015621501155,1,9,0,5,0,6,0,0,0,0,1,1,6,2,23,5,-1,-1,-1,-1,2,-1
2015621501155,2,9,0,18,0,8,0,0,0,0,4,1,6,2,20,4,-1,-1,-1,-1,1,-1
2015621501156,1,9,0,17,0,0,0,0,1,10,1,1,6,1,29,6,-1,-1,-1,-1,1,-1
2015621501156,2,9,0,16,0,0,0,0,0,0,1,1,6,2,39,7,-1,-1,-1,-1,1,-1
2015621501158,1,1,0,18,0,2,0,0,0,0,1,1,6,1,39,7,-1,-1,-1,-1,1,-1
2015621501158,2,1,0,18,0,2,0,0,0,0,1,1,6,1,26,6,-1,-1,-1,-1,1,-1
2015621501159,1,9,0,18,0,0,0,0,0,0,1,1,1,1,24,5,-1,-1,-1,-1,1,-1
2015621501159,2,9,0,4,0,0,0,0,0,0,2,1,6,1,70,10,-1,-1,-1,-1,1,-1
2015621501161,1,9,0,18,0,0,0,0,0,0,1,1,6,1,54,8,-1,-1,-1,-1,1,-1
2015621501161,2,9,0,4,0,0,0,0,0,0,2,1,6,1,49,8,-1,-1,-1,-1,1,-1
2015621501162,1,9,0,18,0,0,1,0,0,0,1,1,6,3,-1,-1,-1,-1,-1,-1,-1,-1
2015621501162,2,9,0,4,0,0,1,0,0,0,2,1,6,3,-1,-1,-1,-1,-1,-1,-1,-1
2015621501164,1,9,0,18,0,0,2,0,2,4,1,1,6,2,74,10,-1,-1,-1,-1,1,-1
2015621501165,1,9,0,18,0,0,1,0,0,0,3,1,6,2,43,7,-1,-1,-1,-1,2,-1
2015621501166,1,2,0,18,0,1,0,0,0,0,1,1,6,1,17,4,-1,-1,-1,-1,1,-1
2015621501166,2,9,0,9,0,1,0,0,0,0,3,1,2,2,38,7,-1,-1,-1,-1,2,-1
2015621501167,1,9,0,16,0,0,0,10,0,11,1,1,6,2,57,9,-1,-1,-1,-1,1,-1
2015621501167,2,9,0,2,0,0,0,0,0,0,0,1,6,3,-1,-1,-1,-1,-1,-1,-1,-1
2015621501168,1,9,0,4,0,4,0,0,0,0,1,1,6,1,65,9,-1,-1,-1,-1,1,-1
2015621501168,2,9,0,9,0,3,0,0,0,0,4,1,6,1,83,11,-1,-1,-1,-1,1,-1
2015621501169,1,9,0,18,0,0,0,0,0,0,4,1,6,1,18,4,-1,-1,-1,-1,1,-1
2015621501170,1,9,0,1,0,1,0,0,0,0,2,1,6,1,21,5,-1,-1,-1,-1,1,-1
2015621501171,1,9,0,18,0,0,0,0,0,0,1,1,1,1,28,6,-1,-1,-1,-1,1,-1
2015621501171,2,9,0,4,0,0,0,0,0,0,2,1,6,1,52,8,-1,-1,-1,-1,1,-1
2015621501172,1,9,0,9,0,8,0,0,0,0,4,1,6,1,49,8,-1,-1,-1,-1,1,-1
2015621501172,2,9,0,18,0,8,0,0,0,0,1,1,2,2,37,7,-1,-1,-1,-1,2,-1
2015621501173,1,9,0,16,0,0,1,0,0,7,1,1,6,1,23,5,-1,-1,-1,-1,1,-1
2015621501174,1,9,0,18,0,4,0,0,0,0,1,1,6,3,-1,-1,-1,-1,-1,-1,-1,-1
2015621501174,2,9,0,5,0,4,0,0,0,0,2,1,2,2,58,9,-1,-1,-1,-1,1,-1
2015621501175,1,19,0,5,0,4,0,0,0,0,1,1,1,1,23,5,-1,-1,-1,-1,2,-1
2015621501175,2,9,0,4,0,4,0,0,0,0,2,1,6,1,67,10,-1,-1,-1,-1,1,-1
2015621501176,1,9,0,18,0,4,0,0,0,0,3,1,6,2,33,6,-1,-1,-1,-1,1,-1
2015621501176,2,1,0,17,0,8,0,0,0,0,1,1,6,1,25,5,-1,-1,-1,-1,2,-1
2015621501177,1,9,0,18,0,3,0,0,0,0,1,1,6,1,21,5,-1,-1,-1,-1,1,-1
2015621501177,2,9,0,4,0,3,0,0,0,0,2,1,6,2,45,7,-1,-1,-1,-1,1,-1
2015621501178,1,3,0,4,0,1,1,0,0,0,1,1,6,1,20,4,-1,-1,-1,-1,1,-1
2015621501178,2,8,0,18,0,1,0,0,0,0,1,1,1,1,37,7,-1,-1,-1,-1,1,-1
2015621501180,1,9,0,7,0,4,0,0,0,0,1,1,6,1,45,7,-1,-1,-1,-1,1,-1
2015621501180,2,5,0,18,0,8,0,0,0,0,4,1,6,1,48,8,-1,-1,-1,-1,3,-1
2015621501181,1,9,0,4,0,0,5,0,7,0,1,1,6,2,21,5,-1,-1,-1,-1,2,-1
2015621501182,1,9,0,18,0,2,0,0,0,0,1,1,6,3,-1,-1,-1,-1,-1,-1,-1,-1
2015621501182,2,1,0,18,0,2,0,0,0,0,2,1,6,1,43,7,-1,-1,-1,-1,1,-1
2015621501183,1,9,0,11,0,0,0,0,0,0,1,1,6,2,70,10,-1,-1,-1,-1,1,-1
2015621501183,2,9,0,4,0,0,0,0,0,0,2,1,6,2,32,6,-1,-1,-1,-1,1,-1
2015621501184,1,8,0,18,0,0,0,11,0,0,1,1,1,1,32,6,-1,-1,-1,-1,1,-1
2015621501185,1,9,0,4,0,0,0,0,0,0,4,1,6,2,28,6,-1,-1,-1,-1,1,-1
2015621501185,2,9,0,18,0,0,1,0,2,7,3,1,6,2,21,5,-1,-1,-1,-1,3,-1
2015621501186,1,9,0,9,0,8,0,0,0,0,1,1,6,2,20,4,-1,-1,-1,-1,1,-1
2015621501186,2,20,0,18,0,8,0,0,0,0,2,1,1,2,51,8,-1,-1,-1,-1,1,-1
2015621501187,1,20,0,4,0,0,0,0,0,0,1,1,1,1,26,6,-1,-1,-1,-1,1,-1
2015621501187,2,9,0,4,0,0,0,0,0,0,2,1,6,2,50,8,-1,-1,-1,-1,3,-1
2015621501187,3,9,0,4,0,0,0,0,0,0,2,1,6,2,36,7,-1,-1,-1,-1,1,-1
2015621501188,1,9,0,18,0,6,1,7,0,6,1,1,6,2,19,4,-1,-1,-1,-1,1,-1
2015621501188,2,9,0,18,0,1,0,0,0,0,1,1,6,1,41,7,-1,-1,-1,-1,1,-1
2015621501188,3,9,0,18,0,1,0,0,0,0,1,1,6,2,43,7,-1,-1,-1,-1,2,-1
2015621501189,1,1,0,18,2,0,0,10,7,0,1,1,6,1,35,6,-1,-1,-1,-1,1,-1
2015621501190,1,5,0,13,0,4,1,0,1,2,1,1,6,1,24,5,-1,-1,-1,-1,1,-1
2015621501192,1,9,0,5,0,4,0,0,0,0,1,1,6,1,42,7,-1,-1,-1,-1,1,-1
2015621501192,2,9,0,5,0,1,0,0,0,0,2,1,6,2,52,8,-1,-1,-1,-1,1,-1
2015621501193,1,9,0,18,0,0,1,0,7,1,1,1,2,1,23,5,-1,-1,-1,-1,2,-1
2015621501194,1,9,0,18,0,0,0,0,0,0,1,1,6,2,39,7,-1,-1,-1,-1,1,-1
2015621501194,2,9,0,18,0,0,0,0,0,0,1,1,6,2,61,9,-1,-1,-1,-1,1,-1
2015621501194,3,9,0,18,0,0,0,0,0,0,2,1,6,1,36,7,-1,-1,-1,-1,1,-1
2015621501194,4,9,0,18,0,0,0,0,0,0,2,1,6,2,26,6,-1,-1,-1,-1,1,-1
2015621501195,1,9,0,18,0,0,0,0,0,0,1,1,3,1,26,6,-1,-1,-1,-1,1,-1
2015621501195,2,20,0,18,0,0,1,0,0,0,1,1,1,1,45,7,-1,-1,-1,-1,1,-1
2015621501196,1,9,0,16,0,0,5,0,7,2,1,1,6,1,26,6,-1,-1,-1,-1,2,-1
2015621501197,1,8,0,1,0,8,0,0,0,0,2,1,1,1,61,9,-1,-1,-1,-1,1,-1
2015621501198,1,1,0,9,0,5,0,0,0,0,3,1,6,1,70,10,-1,-1,-1,-1,2,-1
2015621501198,2,9,0,18,0,1,0,0,0,0,1,1,6,1,28,6,-1,-1,-1,-1,3,-1
2015621501199,1,19,0,9,0,1,0,0,0,0,1,1,1,1,29,6,-1,-1,-1,-1,1,-1
2015621501199,2,9,0,18,0,1,0,0,0,0,1,1,6,1,48,8,-1,-1,-1,-1,1,-1
2015621501200,1,9,0,16,0,0,2,0,7,0,1,1,2,1,23,5,-1,-1,-1,-1,1,-1
2015621501201,1,9,0,18,0,0,1,0,1,7,4,1,1,1,24,5,-1,-1,-1,-1,3,-1
2015621501201,2,9,0,18,0,0,1,0,1,7,3,1,1,1,33,6,-1,-1,-1,-1,1,-1
2015621501202,1,9,0,18,0,8,1,0,8,7,3,1,6,1,47,8,-1,-1,-1,-1,3,-1
2015621501203,1,19,0,18,0,1,0,0,0,0,1,1,6,1,28,6,-1,-1,-1,-1,1,-1
2015621501203,2,9,0,3,0,1,1,0,0,0,2,1,6,1,49,8,-1,-1,-1,-1,1,-1
2015621501203,3,9,0,3,0,1,0,0,0,0,2,1,6,1,25,5,-1,-1,-1,-1,1,-1
2015621501204,1,10,0,18,0,0,0,0,0,0,0,1,6,3,-1,-1,-1,-1,-1,-1,-1,-1
2015621501204,2,9,0,18,0,0,0,0,0,0,1,1,6,1,20,4,-1,-1,-1,-1,2,-1
2015621501204,3,9,0,18,0,0,1,0,1,0,2,1,6,2,59,9,-1,-1,-1,-1,2,-1
2015621501205,1,9,0,18,0,0,0,0,0,0,3,1,2,2,21,5,-1,-1,-1,-1,2,-1
2015621501205,2,9,0,18,0,0,0,0,0,0,3,1,6,2,34,6,-1,-1,-1,-1,2,-1
2015621501205,3,9,0,2,0,0,0,0,0,0,4,1,6,3,-1,-1,-1,-1,-1,-1,-1,-1
2015621501206,1,9,0,18,0,0,0,0,0,0,1,1,2,1,19,4,-1,-1,-1,-1,1,-1
2015621501206,2,9,0,18,0,0,0,0,0,0,2,1,1,1,26,6,-1,-1,-1,-1,1,-1
2015621501207,1,9,0,9,0,5,0,0,0,0,1,1,6,1,60,9,-1,-1,-1,-1,1,-1
2015621501207,2,9,0,18,0,1,0,0,0,0,1,1,6,1,22,5,-1,-1,-1,-1,1,-1
2015621501207,3,9,0,8,0,1,0,0,0,0,1,1,6,1,22,5,-1,-1,-1,-1,1,-1
2015621501208,1,9,0,18,0,0,0,0,0,0,1,1,2,1,31,6,-1,-1,-1,-1,1,-1
2015621501208,2,9,0,18,0,0,0,0,0,0,1,1,6,1,33,6,-1,-1,-1,-1,1,-1
2015621501209,1,90,0,16,0,0,1,0,0,11,1,1,6,1,18,4,-1,-1,-1,-1,2,-1
2015621501210,1,9,0,5,0,6,0,0,0,0,3,1,6,1,20,4,-1,-1,-1,-1,1,-1
2015621501210,2,9,0,18,0,1,0,0,0,0,1,1,6,2,29,6,-1,-1,-1,-1,3,-1
2015621501211,1,9,0,4,0,1,0,0,0,0,1,1,6,1,34,6,-1,-1,-1,-1,1,-1
2015621501211,2,5,0,8,0,1,0,0,0,0,2,1,6,1,45,7,-1,-1,-1,-1,1,-1
2015621501213,1,9,0,17,0,4,0,0,0,0,1,1,1,1,40,7,-1,-1,-1,-1,1,-1
2015621501213,2,9,0,17,0,4,0,0,0,0,2,1,6,2,73,10,-1,-1,-1,-1,2,-1
2015621501214,1,9,0,11,0,0,0,0,0,0,0,1,6,3,-1,-1,-1,-1,-1,-1,-1,-1
2015621501214,2,9,0,18,0,0,2,0,1,4,4,1,6,1,23,5,-1,-1,-1,-1,2,-1
2015621501215,1,5,0,18,0,0,0,0,1,0,1,1,6,1,22,5,-1,-1,-1,-1,1,-1
2015621501216,1,3,0,18,0,0,0,0,0,0,0,1,6,1,19,4,-1,-1,-1,-1,1,-1
2015621501216,2,9,0,18,0,0,0,0,0,0,0,1,6,2,28,6,-1,-1,-1,-1,1,-1
2015621501217,1,9,0,16,0,0,0,0,1,11,1,1,2,1,30,6,-1,-1,-1,-1,3,-1
2015621501218,1,9,0,4,0,0,0,0,0,0,1,1,6,1,36,7,-1,-1,-1,-1,1,-1
2015621501218,2,9,0,3,0,0,0,0,0,0,2,1,6,1,60,9,-1,-1,-1,-1,1,-1
2015621501219,1,9,0,9,0,8,0,0,0,0,1,1,6,1,54,8,-1,-1,-1,-1,1,-1
2015621501219,2,1,0,18,0,8,0,0,0,0,1,1,6,1,44,7,-1,-1,-1,-1,1,-1
2015621501220,1,1,0,18,0,0,0,0,0,0,1,1,6,1,29,6,-1,-1,-1,-1,1,-1
2015621501220,2,9,0,18,0,0,0,0,0,0,3,1,6,1,51,8,-1,-1,-1,-1,1,-1
2015621501221,1,9,0,17,0,8,0,0,0,0,1,1,2,1,28,6,-1,-1,-1,-1,3,-1
2015621501221,2,90,0,18,0,1,0,0,0,0,1,1,6,2,11,3,-1,-1,-1,-1,1,-1
2015621501222,1,9,0,1,0,0,0,0,0,0,2,1,6,1,66,10,-1,-1,-1,-1,1,-1
2015621501223,1,9,0,12,0,3,0,0,1,0,1,1,6,1,70,10,-1,-1,-1,-1,1,-1
2015621501223,2,9,0,16,0,8,0,0,2,7,4,1,2,1,32,6,-1,-1,-1,-1,1,-1
2015621501224,1,9,0,9,0,1,0,0,0,0,4,1,6,2,20,4,-1,-1,-1,-1,1,-1
2015621501224,2,9,0,18,0,8,0,0,0,0,1,1,6,1,67,10,-1,-1,-1,-1,1,-1
2015621501225,1,9,0,12,0,0,2,0,0,0,3,1,6,2,20,4,-1,-1,-1,-1,1,-1
2015621501225,2,9,0,18,0,0,0,0,0,0,4,1,6,1,22,5,-1,-1,-1,-1,1,-1
2015621501226,1,1,0,18,9,1,0,0,0,0,1,1,6,1,32,6,-1,-1,-1,-1,1,-1
2015621501227,1,9,0,7,0,6,0,0,0,0,1,1,6,1,57,9,-1,-1,-1,-1,1,-1
2015621501227,2,9,0,18,0,8,0,0,0,0,4,1,6,1,35,6,-1,-1,-1,-1,1,-1
2015621501228,1,9,0,18,0,3,0,0,0,0,1,1,6,1,80,11,-1,-1,-1,-1,1,-1
2015621501228,2,9,0,9,0,4,0,0,0,0,2,1,6,1,36,7,-1,-1,-1,-1,3,-1
2015621501229,1,19,0,18,0,0,0,0,4,6,1,1,1,1,32,6,-1,-1,-1,-1,1,-1
2015621501229,2,17,0,18,0,0,0,0,0,0,2,1,1,1,51,8,-1,-1,-1,-1,1,-1
2015621501230,1,9,0,5,0,1,0,0,0,0,1,1,6,1,32,6,-1,-1,-1,-1,1,-1
2015621501230,2,9,0,18,0,1,0,0,0,0,3,1,6,1,23,5,-1,-1,-1,-1,1,-1
2015621501231,1,9,0,18,0,0,5,4,0,0,1,1,6,2,17,4,-1,-1,-1,-1,1,-1
2015621501231,2,9,0,2,0,0,0,0,0,0,4,1,6,3,-1,-1,-1,-1,-1,-1,-1,-1
2015621501231,3,9,0,2,0,0,0,0,0,0,2,1,6,3,-1,-1,-1,-1,-1,-1,-1,-1
2015621501232,1,9,0,7,0,0,1,0,0,0,2,1,6,1,23,5,-1,-1,-1,-1,1,-1
2015621501232,2,9,0,2,0,0,0,0,0,0,4,1,6,1,61,9,-1,-1,-1,-1,1,-1
2015621501233,1,9,0,18,0,0,0,4,0,0,1,1,2,1,24,5,-1,-1,-1,-1,1,-1
2015621501233,2,98,0,2,0,0,0,0,0,0,2,1,1,1,53,8,-1,-1,-1,-1,2,-1
2015621501234,1,9,0,17,0,0,0,0,0,0,1,1,6,1,30,6,-1,-1,-1,-1,1,-1
2015621501234,2,9,0,16,0,0,0,0,0,0,1,1,6,1,53,8,-1,-1,-1,-1,2,-1
2015621501235,1,3,0,18,0,1,0,0,0,0,1,1,6,1,23,5,-1,-1,-1,-1,1,-1
2015621501235,2,9,0,10,0,1,0,0,0,0,3,1,6,1,50,8,-1,-1,-1,-1,2,-1
2015621501236,1,9,0,18,0,1,0,0,0,2,1,1,6,2,84,11,-1,-1,-1,-1,2,-1
2015621501237,1,9,0,17,0,0,2,0,8,4,3,1,6,2,23,5,-1,-1,-1,-1,3,-1
2015621501238,1,19,0,18,0,0,0,0,0,0,4,1,6,1,70,10,-1,-1,-1,-1,1,-1
2015621501238,2,1,0,18,0,0,1,0,0,0,3,1,6,1,40,7,-1,-1,-1,-1,1,-1
2015621501239,1,1,0,18,0,8,0,0,0,0,1,1,6,1,21,5,-1,-1,-1,-1,1,-1
2015621501239,2,9,0,9,0,8,0,0,0,0,1,1,6,1,20,4,-1,-1,-1,-1,1,-1
2015621501240,1,9,0,18,0,1,0,0,0,0,1,1,6,1,66,10,-1,-1,-1,-1,1,-1
2015621501240,2,9,0,3,0,1,0,0,0,0,2,1,6,2,35,6,-1,-1,-1,-1,2,-1
2015621501241,1,9,0,18,0,0,0,4,0,0,1,1,6,1,18,4,-1,-1,-1,-1,1,-1
2015621501241,2,9,0,2,0,0,0,0,0,0,2,1,6,3,-1,-1,-1,-1,-1,-1,-1,-1
2015621501242,1,9,0,16,0,0,2,0,1,0,4,1,1,1,25,5,-1,-1,-1,-1,1,-1
2015621501243,1,9,0,14,0,1,0,0,0,0,1,1,6,1,40,7,-1,-1,-1,-1,1,-1
2015621501243,2,9,0,16,0,1,0,0,0,0,1,1,6,1,33,6,-1,-1,-1,-1,2,-1
2015621501244,1,19,0,18,0,0,1,0,7,2,1,1,6,1,22,5,-1,-1,-1,-1,1,-1
2015621501245,1,9,0,18,0,0,0,0,0,0,4,1,6,1,27,6,-1,-1,-1,-1,1,-1
2015621501246,1,9,0,18,0,0,0,7,1,0,0,1,6,1,30,6,-1,-1,-1,-1,2,-1
2015621501247,1,9,0,18,0,0,0,4,0,0,1,1,6,1,21,5,-1,-1,-1,-1,1,-1
2015621501247,2,9,0,2,0,0,0,0,0,0,2,1,6,3,-1,-1,-1,-1,-1,-1,-1,-1
2015621501248,1,1,0,18,0,1,0,4,0,0,1,1,6,1,56,9,-1,-1,-1,-1,1,-1
2015621501248,2,9,0,2,0,1,0,0,0,0,4,1,6,1,44,7,-1,-1,-1,-1,1,-1
2015621501249,1,9,0,14,0,0,0,8,0,0,1,1,6,2,76,11,-1,-1,-1,-1,1,-1
2015621501249,2,9,0,2,0,0,0,0,0,0,4,1,6,3,-1,-1,-1,-1,-1,-1,-1,-1
2015621501250,1,4,0,18,0,0,0,0,0,0,0,1,6,1,34,6,-1,-1,-1,-1,1,-1
2015621501251,1,9,0,18,0,4,1,0,0,0,1,1,6,1,53,8,-1,-1,-1,-1,1,-1
2015621501251,2,9,0,9,0,8,0,0,0,0,3,1,6,1,22,5,-1,-1,-1,-1,1,-1
2015621501252,1,19,0,9,0,1,0,0,0,0,1,1,6,1,56,9,-1,-1,-1,-1,1,-1
2015621501253,1,9,0,7,0,1,0,0,0,0,1,1,6,1,19,4,-1,-1,-1,-1,2,-1
2015621501253,2,9,0,18,0,2,0,0,0,0,2,1,6,2,20,4,-1,-1,-1,-1,1,-1
2015621501254,1,9,0,18,0,0,0,0,0,0,1,1,6,3,-1,-1,-1,-1,-1,-1,-1,-1
2015621501254,2,9,0,18,0,0,0,0,0,0,2,1,6,1,79,11,-1,-1,-1,-1,1,-1
2015621501255,1,9,3,13,0,0,1,0,1,7,1,1,6,1,58,9,-1,-1,-1,-1,1,-1
2015621501256,1,9,0,9,0,8,0,0,0,0,4,1,6,1,42,7,-1,-1,-1,-1,1,-1
2015621501256,2,1,0,18,0,8,0,0,0,0,1,1,6,1,51,8,-1,-1,-1,-1,1,-1
2015621501257,1,9,0,18,0,4,0,0,0,0,1,1,6,1,29,6,-1,-1,-1,-1,3,-1
2015621501257,2,9,0,9,0,8,0,0,1,9,4,1,6,2,51,8,-1,-1,-1,-1,1,-1
2015621501258,1,9,0,18,0,8,0,0,0,0,0,1,6,3,-1,-1,-1,-1,-1,-1,-1,-1
2015621501258,2,5,0,18,0,8,1,0,0,0,0,1,6,1,71,10,-1,-1,-1,-1,1,-1
2015621501259,1,21,1,18,0,0,0,0,0,0,1,1,1,1,62,9,-1,-1,-1,-1,1,-1
2015621501259,2,21,1,4,0,0,0,0,0,0,2,1,1,1,49,8,-1,-1,-1,-1,1,-1
2015621501260,1,9,0,18,0,0,0,0,0,0,1,1,6,1,35,6,-1,-1,-1,-1,1,-1
2015621501260,2,9,0,4,0,0,0,0,0,0,2,1,6,2,44,7,-1,-1,-1,-1,1,-1
2015621501261,1,8,0,18,0,1,0,0,0,0,1,1,1,1,31,6,-1,-1,-1,-1,1,-1
2015621501261,2,9,0,4,0,1,0,0,0,0,2,1,6,2,27,6,-1,-1,-1,-1,1,-1
2015621501262,1,9,0,18,0,1,1,0,0,0,1,1,6,1,25,5,-1,-1,-1,-1,2,-1
2015621501262,2,9,0,3,0,1,0,0,0,0,2,1,6,2,40,7,-1,-1,-1,-1,2,-1
2015621501262,3,9,0,18,0,1,1,0,1,10,1,1,6,1,47,8,-1,-1,-1,-1,1,-1
2015621501262,4,9,0,18,0,2,0,0,0,0,1,1,6,1,38,7,-1,-1,-1,-1,2,-1
2015621501263,1,9,0,4,0,0,1,0,0,0,1,1,6,1,80,11,-1,-1,-1,-1,2,-1