Accident_Index,Vehicle_Reference,Vehicle_Type,Towing_and_Articulation,Vehicle_Manoeuvre,Vehicle_Location-Restricted_Lane,Junction_Location,Skidding_and_Overturning,Hit_Object_in_Carriageway,Vehicle_Leaving_Carriageway,Hit_Object_off_Carriageway,1st_Point_of_Impact,Was_Vehicle_Left_Hand_Drive?,Journey_Purpose_of_Driver,Sex_of_Driver,Age_of_Driver,Age_Band_of_Driver,Engine_Capacity_(CC),Propulsion_Code,Age_of_Vehicle,Driver_IMD_Decile,Driver_Home_Area_Type,Vehicle_IMD_Decile
2015621501263,2,9,0,3,0,0,0,0,0,0,2,1,6,1,44,7,-1,-1,-1,-1,1,-1
2015621501263,3,9,0,3,0,0,0,0,0,0,2,1,1,1,30,6,-1,-1,-1,-1,2,-1
2015621501264,1,5,0,13,0,8,1,0,7,1,1,1,2,1,46,8,-1,-1,-1,-1,1,-1
2015621501264,2,9,0,9,0,8,0,0,0,0,3,1,6,1,66,10,-1,-1,-1,-1,3,-1
2015621501265,1,9,0,18,0,1,1,0,0,0,1,1,1,2,32,6,-1,-1,-1,-1,1,-1
2015621501265,2,9,0,10,0,1,0,0,0,0,2,1,6,1,44,7,-1,-1,-1,-1,1,-1
2015621501266,1,9,0,18,0,0,0,0,0,0,0,1,6,3,-1,-1,-1,-1,-1,-1,-1,-1
2015621501266,2,4,0,18,0,0,0,0,0,0,0,1,6,1,33,6,-1,-1,-1,-1,1,-1
2015621501267,1,9,0,16,0,0,5,0,8,11,3,1,6,2,64,9,-1,-1,-1,-1,1,-1
2015621501268,1,9,0,10,0,1,0,0,0,0,1,1,6,1,43,7,-1,-1,-1,-1,1,-1
2015621501268,2,9,0,4,0,1,0,0,0,0,1,1,6,1,40,7,-1,-1,-1,-1,1,-1
2015621501269,1,9,0,11,0,1,0,0,0,0,0,1,6,1,34,6,-1,-1,-1,-1,3,-1
2015621501269,2,11,0,4,0,1,1,0,0,0,0,1,1,1,48,8,-1,-1,-1,-1,1,-1
2015621501270,1,9,0,9,0,2,0,0,0,0,1,1,6,2,62,9,-1,-1,-1,-1,2,-1
2015621501270,2,9,0,18,0,1,0,0,0,0,1,1,6,1,41,7,-1,-1,-1,-1,3,-1
2015621501271,1,9,0,18,0,1,0,0,0,0,1,1,6,1,57,9,-1,-1,-1,-1,1,-1
2015621501271,2,9,0,3,0,1,0,0,0,0,2,1,6,1,33,6,-1,-1,-1,-1,1,-1
2015621501272,1,5,0,18,0,0,1,0,1,0,4,1,6,1,53,8,-1,-1,-1,-1,1,-1
2015621501273,1,9,0,18,0,0,0,0,1,0,1,1,6,2,17,4,-1,-1,-1,-1,1,-1
2015621501273,2,9,0,3,0,0,0,0,0,0,2,1,6,1,23,5,-1,-1,-1,-1,1,-1
2015621501273,3,21,0,3,0,0,0,0,0,0,2,1,1,1,46,8,-1,-1,-1,-1,3,-1
2015621501274,1,9,0,9,0,0,0,0,0,0,4,1,6,1,38,7,-1,-1,-1,-1,3,-1
2015621501274,2,19,0,18,0,0,0,0,0,0,1,1,6,1,70,10,-1,-1,-1,-1,2,-1
2015621501275,1,1,0,18,0,0,0,0,0,0,0,1,6,1,47,8,-1,-1,-1,-1,1,-1
2015621501276,1,9,0,18,0,4,0,0,0,0,1,1,2,1,42,7,-1,-1,-1,-1,1,-1
2015621501276,2,1,0,18,0,4,0,0,0,0,4,1,2,1,47,8,-1,-1,-1,-1,1,-1
2015621501277,1,8,0,18,0,0,0,0,0,0,1,1,1,1,32,6,-1,-1,-1,-1,1,-1
2015621501279,1,9,0,18,0,0,0,0,0,0,1,1,6,2,69,10,-1,-1,-1,-1,1,-1
2015621501279,2,9,0,3,0,0,0,0,0,0,2,1,6,1,20,4,-1,-1,-1,-1,1,-1
2015621501279,3,9,0,3,0,0,0,0,0,0,2,1,6,2,47,8,-1,-1,-1,-1,1,-1
2015621501279,4,9,0,3,0,0,0,0,0,0,2,1,6,1,55,8,-1,-1,-1,-1,1,-1
2015621501280,1,9,0,18,0,0,0,0,4,6,1,1,6,1,27,6,-1,-1,-1,-1,2,-1
2015621501280,2,9,0,18,0,0,0,0,0,0,2,1,6,2,76,11,-1,-1,-1,-1,1,-1
2015621501281,1,1,0,18,0,0,0,0,0,0,1,1,6,1,6,2,-1,-1,-1,-1,2,-1
2015621501281,2,9,0,18,0,0,0,0,0,0,4,1,6,2,34,6,-1,-1,-1,-1,2,-1
2015621501282,1,9,0,18,0,1,0,0,0,0,1,1,6,2,42,7,-1,-1,-1,-1,1,-1
2015621501282,2,11,0,2,0,1,0,0,0,0,2,1,1,1,51,8,-1,-1,-1,-1,1,-1
2015621501283,1,9,0,9,0,1,0,0,0,0,1,1,6,2,52,8,-1,-1,-1,-1,1,-1
2015621501283,2,9,0,18,0,1,0,0,0,0,3,1,6,1,30,6,-1,-1,-1,-1,1,-1
2015621501284,1,9,0,18,0,0,0,4,0,0,1,1,6,1,31,6,-1,-1,-1,-1,1,-1
2015621501284,2,9,0,2,0,0,0,0,0,0,2,1,6,1,57,9,-1,-1,-1,-1,1,-1
2015621501285,1,19,0,18,0,0,0,0,0,0,1,1,1,1,26,6,-1,-1,-1,-1,1,-1
2015621501285,2,9,0,18,0,0,0,0,0,0,2,1,6,2,31,6,-1,-1,-1,-1,2,-1
2015621501286,1,9,0,16,0,3,1,0,1,2,1,1,6,1,22,5,-1,-1,-1,-1,1,-1
2015621501287,1,97,0,18,0,8,0,0,0,0,1,1,6,1,20,4,-1,-1,-1,-1,1,-1
2015621501287,2,9,0,18,0,8,0,0,0,0,1,1,6,1,38,7,-1,-1,-1,-1,1,-1
2015621501288,1,5,0,13,0,0,0,0,0,0,1,1,6,1,53,8,-1,-1,-1,-1,1,-1
2015621501288,2,9,0,9,0,0,0,0,0,0,3,1,6,2,29,6,-1,-1,-1,-1,1,-1
2015621501289,1,9,0,18,0,0,0,0,0,0,1,1,6,2,22,5,-1,-1,-1,-1,1,-1
2015621501289,2,9,0,4,0,0,0,0,0,0,2,1,6,2,32,6,-1,-1,-1,-1,1,-1
2015621501290,1,19,0,18,0,0,0,0,0,0,1,1,1,1,38,7,-1,-1,-1,-1,1,-1
2015621501290,2,9,0,4,0,0,0,0,0,0,2,1,2,1,35,6,-1,-1,-1,-1,2,-1
2015621501290,3,19,0,18,0,0,0,0,0,0,1,1,6,1,47,8,-1,-1,-1,-1,3,-1
2015621501291,1,9,0,18,0,1,0,0,0,0,1,1,6,3,-1,-1,-1,-1,-1,-1,-1,-1
2015621501292,1,9,0,18,0,8,0,0,1,11,1,1,6,1,33,6,-1,-1,-1,-1,3,-1
2015621501292,2,9,0,7,0,8,0,0,0,0,4,1,2,2,42,7,-1,-1,-1,-1,2,-1
2015621501293,1,4,0,14,0,0,0,0,0,0,1,1,6,1,23,5,-1,-1,-1,-1,1,-1
2015621501293,2,9,0,10,0,0,0,0,0,0,2,1,6,2,26,6,-1,-1,-1,-1,1,-1
2015621501293,3,9,0,18,0,0,0,0,0,0,1,1,6,2,53,8,-1,-1,-1,-1,2,-1
2015621501294,1,5,0,11,0,0,0,0,0,0,1,1,6,1,47,8,-1,-1,-1,-1,1,-1
2015621501294,2,9,0,18,0,0,0,0,0,0,2,1,6,1,58,9,-1,-1,-1,-1,1,-1
2015621501295,1,9,0,18,0,1,0,0,0,0,1,1,6,1,43,7,-1,-1,-1,-1,1,-1
2015621501295,2,8,0,3,0,1,0,0,0,0,2,1,1,1,43,7,-1,-1,-1,-1,1,-1
2015621501295,3,9,0,10,0,1,0,0,0,0,2,1,6,1,80,11,-1,-1,-1,-1,1,-1
2015621501296,1,9,0,18,0,6,0,0,0,0,1,1,6,1,31,6,-1,-1,-1,-1,1,-1
2015621501296,2,1,0,18,0,1,0,0,0,0,4,1,6,1,14,3,-1,-1,-1,-1,1,-1
2015621501297,1,19,0,17,0,0,1,4,0,0,4,1,6,1,25,5,-1,-1,-1,-1,1,-1
2015621501297,2,9,0,2,0,0,0,0,0,0,2,1,6,3,-1,-1,-1,-1,-1,-1,-1,-1
2015621501297,3,19,0,2,0,0,0,0,0,0,2,1,6,3,-1,-1,-1,-1,-1,-1,-1,-1
2015621501297,4,9,0,2,0,0,0,0,0,0,2,1,6,3,-1,-1,-1,-1,-1,-1,-1,-1
2015621501298,1,19,0,18,0,1,0,0,0,0,1,1,1,1,23,5,-1,-1,-1,-1,3,-1
2015621501299,1,9,0,18,0,8,5,0,0,0,1,1,6,2,29,6,-1,-1,-1,-1,1,-1
2015621501299,2,9,0,18,0,8,0,0,0,0,3,1,6,1,57,9,-1,-1,-1,-1,1,-1
2015621501300,1,11,0,5,0,0,0,0,0,0,4,1,1,1,62,9,-1,-1,-1,-1,1,-1
2015621501301,1,9,0,18,0,0,0,0,0,0,1,1,2,1,36,7,-1,-1,-1,-1,1,-1
2015621501301,2,9,0,18,0,0,0,0,0,0,2,1,1,2,40,7,-1,-1,-1,-1,1,-1
2015621501302,1,9,0,18,0,1,0,0,0,0,1,1,6,2,42,7,-1,-1,-1,-1,1,-1
2015621501302,2,9,0,10,0,1,0,0,0,0,2,1,6,1,32,6,-1,-1,-1,-1,2,-1
2015621501303,1,9,0,18,0,0,5,0,2,4,4,1,6,2,27,6,-1,-1,-1,-1,1,-1
2015621501304,1,19,0,9,0,6,0,0,0,0,3,1,1,1,59,9,-1,-1,-1,-1,1,-1
2015621501304,2,9,0,16,0,1,0,0,0,0,1,1,6,1,17,4,-1,-1,-1,-1,1,-1
2015621501305,1,9,0,18,0,8,0,0,0,0,1,1,6,1,36,7,-1,-1,-1,-1,1,-1
2015621501305,2,9,0,5,0,8,0,0,0,0,3,1,6,2,47,8,-1,-1,-1,-1,1,-1
2015621501306,1,9,0,18,0,0,0,0,5,6,3,1,6,1,29,6,-1,-1,-1,-1,1,-1
2015621501306,2,19,0,18,0,0,0,0,0,0,1,1,1,1,26,6,-1,-1,-1,-1,1,-1
2015621501307,1,9,0,18,0,1,5,4,0,0,1,1,6,2,26,6,-1,-1,-1,-1,1,-1
2015621501307,2,9,0,2,0,1,0,0,0,0,4,1,6,3,-1,-1,-1,-1,-1,-1,-1,-1
2015621501308,1,9,0,18,0,0,0,0,0,0,1,1,6,2,63,9,-1,-1,-1,-1,3,-1
2015621501309,1,19,0,5,0,6,0,0,0,0,3,1,6,1,57,9,-1,-1,-1,-1,1,-1
2015621501309,2,1,0,18,0,1,0,0,0,0,1,1,6,1,44,7,-1,-1,-1,-1,1,-1
2015621501310,1,9,0,18,0,8,0,0,0,0,3,1,6,1,32,6,-1,-1,-1,-1,1,-1
2015621501310,2,90,0,5,0,8,0,0,0,0,4,1,1,1,64,9,-1,-1,-1,-1,1,-1
2015621501311,1,9,0,9,2,6,0,0,0,0,1,1,6,2,43,7,-1,-1,-1,-1,1,-1
2015621501311,2,9,0,18,2,1,0,0,0,0,4,1,6,1,26,6,-1,-1,-1,-1,1,-1
2015621501312,1,9,0,18,0,1,0,0,0,0,1,1,6,2,31,6,-1,-1,-1,-1,2,-1
2015621501312,2,9,0,4,0,1,0,0,0,0,2,1,6,2,62,9,-1,-1,-1,-1,1,-1
2015621501312,3,9,0,4,0,1,0,0,0,0,2,1,6,2,79,11,-1,-1,-1,-1,2,-1
2015621501313,1,9,0,18,0,1,0,0,0,0,2,1,6,1,19,4,-1,-1,-1,-1,1,-1
2015621501313,2,9,0,18,0,1,0,0,0,0,1,1,6,3,-1,-1,-1,-1,-1,-1,-1,-1
2015621501314,1,4,0,18,0,1,1,0,0,0,1,1,6,1,24,5,-1,-1,-1,-1,1,-1
2015621501314,2,17,0,9,0,6,1,0,0,0,2,1,6,1,24,5,-1,-1,-1,-1,3,-1
2015621501315,1,9,0,18,0,0,0,0,0,0,1,1,2,1,19,4,-1,-1,-1,-1,3,-1
2015621501315,2,19,0,2,0,0,0,0,0,0,2,1,6,3,-1,-1,-1,-1,-1,-1,-1,-1
2015621501315,3,9,0,2,0,0,0,0,0,0,2,1,6,3,-1,-1,-1,-1,-1,-1,-1,-1
2015621501316,1,9,0,13,0,1,0,0,0,0,4,1,2,1,27,6,-1,-1,-1,-1,1,-1
2015621501316,2,19,0,9,0,1,0,0,0,0,3,1,2,1,32,6,-1,-1,-1,-1,1,-1
2015621501317,1,9,0,9,0,8,0,0,0,0,1,1,6,2,42,7,-1,-1,-1,-1,2,-1
2015621501317,2,5,0,18,0,1,0,0,0,0,1,1,6,1,30,6,-1,-1,-1,-1,1,-1
2015621501318,1,9,0,18,0,0,0,0,0,0,1,1,6,1,61,9,-1,-1,-1,-1,1,-1
2015621501318,2,9,0,18,0,0,0,0,0,0,2,1,6,1,38,7,-1,-1,-1,-1,3,-1
2015621501319,1,9,0,4,0,0,0,0,0,0,1,1,6,2,46,8,-1,-1,-1,-1,3,-1
2015621501319,2,9,0,4,0,0,0,0,0,0,2,1,6,2,50,8,-1,-1,-1,-1,1,-1
2015621501320,1,5,0,18,0,0,1,4,0,0,1,1,6,1,26,6,-1,-1,-1,-1,3,-1
2015621501320,2,9,0,2,0,0,0,0,0,0,4,1,6,3,-1,-1,-1,-1,-1,-1,-1,-1
2015621501321,1,9,0,18,0,0,0,7,0,0,1,1,2,1,54,8,-1,-1,-1,-1,1,-1
2015621501323,1,9,0,18,0,0,2,0,7,0,4,1,6,1,25,5,-1,-1,-1,-1,1,-1
2015621501324,1,9,0,18,0,0,0,0,0,0,4,1,6,1,46,8,-1,-1,-1,-1,1,-1
2015621501324,2,9,0,18,0,0,1,0,1,0,3,1,6,1,46,8,-1,-1,-1,-1,3,-1
2015621501325,1,1,0,18,9,8,0,0,0,0,0,1,6,2,14,3,-1,-1,-1,-1,2,-1
2015621501325,2,9,0,18,0,8,1,0,0,0,0,1,6,1,28,6,-1,-1,-1,-1,3,-1
2015621501326,1,19,0,18,0,8,0,0,0,0,1,2,2,1,53,8,-1,-1,-1,-1,2,-1
2015621501326,2,9,0,18,0,8,0,0,0,0,4,1,2,1,30,6,-1,-1,-1,-1,2,-1
2015621501327,1,9,0,18,0,0,0,0,0,0,1,1,6,3,-1,-1,-1,-1,-1,-1,-1,-1
2015621501328,1,9,0,18,0,0,0,0,0,0,2,1,6,3,-1,-1,-1,-1,-1,-1,-1,-1
2015621501328,2,9,0,18,0,0,0,0,0,0,1,1,6,2,23,5,-1,-1,-1,-1,3,-1
2015621501328,3,9,0,18,0,0,0,0,0,0,2,1,6,1,31,6,-1,-1,-1,-1,1,-1
2015621501328,4,9,0,18,0,0,0,0,0,0,1,1,6,1,27,6,-1,-1,-1,-1,1,-1
2015621501329,1,9,0,18,0,1,0,0,0,0,1,1,6,1,25,5,-1,-1,-1,-1,1,-1
2015621501330,1,5,0,18,0,0,0,0,1,0,1,1,6,1,51,8,-1,-1,-1,-1,1,-1
2015621501331,1,9,0,18,0,1,0,0,7,11,1,1,6,1,67,10,-1,-1,-1,-1,2,-1
2015621501332,1,9,0,18,0,1,0,7,0,0,1,1,2,1,36,7,-1,-1,-1,-1,1,-1
2015621501333,1,9,0,9,0,1,0,0,0,0,4,1,6,2,73,10,-1,-1,-1,-1,1,-1
2015621501333,2,1,0,18,0,1,0,0,0,0,3,1,6,1,67,10,-1,-1,-1,-1,1,-1
2015621501334,1,9,0,18,0,8,0,0,0,0,3,1,6,1,40,7,-1,-1,-1,-1,1,-1
2015621501334,2,9,0,9,0,6,0,0,0,0,4,1,6,1,73,10,-1,-1,-1,-1,1,-1
2015621501335,1,9,0,18,0,8,0,0,0,0,3,1,6,2,35,6,-1,-1,-1,-1,1,-1
2015621501335,2,9,0,18,0,8,0,0,0,0,1,1,1,1,55,8,-1,-1,-1,-1,1,-1
2015621501336,1,9,0,13,0,0,1,0,0,0,1,1,6,1,23,5,-1,-1,-1,-1,1,-1
2015621501336,2,9,0,18,0,0,1,0,0,0,1,1,6,1,44,7,-1,-1,-1,-1,1,-1
2015621501337,1,9,0,7,0,3,0,10,1,9,3,1,6,1,18,4,-1,-1,-1,-1,1,-1
2015621501338,1,8,0,5,0,0,0,0,0,0,3,1,1,3,-1,-1,-1,-1,-1,-1,-1,-1
2015621501339,1,19,0,1,9,6,0,0,0,0,2,1,6,1,40,7,-1,-1,-1,-1,1,-1
2015621501340,1,9,0,18,0,0,0,0,1,0,2,1,1,1,22,5,-1,-1,-1,-1,2,-1
2015621501341,1,9,0,18,0,0,1,0,0,7,1,1,6,2,26,6,-1,-1,-1,-1,2,-1
2015621501342,1,9,0,18,0,0,0,0,0,0,1,1,6,2,18,4,-1,-1,-1,-1,1,-1
2015621501343,1,9,0,16,0,0,5,0,1,4,1,1,2,2,19,4,-1,-1,-1,-1,3,-1
2015621501344,1,9,0,18,0,1,0,0,0,0,0,1,6,3,-1,-1,-1,-1,-1,-1,-1,-1
2015621501344,2,19,0,18,0,8,0,0,1,2,1,1,1,1,29,6,-1,-1,-1,-1,1,-1
2015621501345,1,9,0,16,0,0,0,0,0,0,3,1,6,1,-1,-1,-1,-1,-1,-1,1,-1
2015621501346,1,9,0,18,0,1,0,0,0,0,1,1,6,1,18,4,-1,-1,-1,-1,2,-1
2015621501346,2,9,0,9,0,1,0,0,0,0,2,1,6,1,21,5,-1,-1,-1,-1,2,-1
2015621501346,3,9,0,18,0,1,0,0,0,0,1,1,6,2,47,8,-1,-1,-1,-1,2,-1
2015621501347,1,9,0,18,0,0,0,0,0,0,4,1,6,3,-1,-1,-1,-1,-1,-1,-1,-1
2015621501347,2,9,0,18,0,0,1,0,2,7,1,1,6,2,54,8,-1,-1,-1,-1,1,-1
2015621501348,1,9,0,9,0,8,0,0,0,0,4,1,2,2,48,8,-1,-1,-1,-1,2,-1
2015621501348,2,2,0,18,0,1,0,0,0,0,1,1,2,1,58,9,-1,-1,-1,-1,1,-1
2015621501349,1,9,0,18,0,1,1,0,7,0,1,1,6,2,50,8,-1,-1,-1,-1,1,-1
2015621501349,2,9,0,18,0,1,0,0,0,0,1,1,6,2,27,6,-1,-1,-1,-1,1,-1
2015621501349,3,9,0,2,9,1,0,0,0,0,3,1,6,3,-1,-1,-1,-1,-1,-1,-1,-1
2015621501350,1,19,0,5,0,1,0,0,0,0,3,1,1,1,51,8,-1,-1,-1,-1,1,-1
2015621501350,2,2,0,18,0,1,0,0,7,11,4,1,6,1,24,5,-1,-1,-1,-1,1,-1
2015621501351,1,9,0,18,0,2,0,0,0,0,1,1,2,1,30,6,-1,-1,-1,-1,1,-1
2015621501351,2,9,0,18,0,2,0,0,0,0,1,1,1,2,22,5,-1,-1,-1,-1,1,-1
2015621501351,3,9,0,2,0,2,0,0,0,0,4,1,6,3,-1,-1,-1,-1,-1,-1,-1,-1
2015621501352,1,9,0,18,0,0,0,0,0,0,4,1,6,1,78,11,-1,-1,-1,-1,1,-1
2015621501353,1,9,0,18,0,1,0,0,0,0,1,1,6,1,37,7,-1,-1,-1,-1,1,-1
2015621501353,2,9,0,9,0,1,0,0,0,0,2,1,6,1,27,6,-1,-1,-1,-1,1,-1
2015621501354,1,9,0,18,0,0,0,4,0,0,1,1,6,2,26,6,-1,-1,-1,-1,1,-1
2015621501354,2,9,0,2,0,0,0,0,0,0,2,1,6,3,-1,-1,-1,-1,-1,-1,-1,-1
2015621501355,1,21,1,9,0,8,0,0,0,0,3,2,1,1,57,9,-1,-1,-1,-1,-1,-1
2015621501355,2,9,0,7,0,3,1,0,2,10,4,1,6,2,41,7,-1,-1,-1,-1,1,-1
2015621501356,1,9,0,7,0,8,0,0,0,0,1,1,6,1,49,8,-1,-1,-1,-1,2,-1
2015621501356,2,10,0,10,0,8,0,0,0,0,3,1,1,1,53,8,-1,-1,-1,-1,1,-1
2015621501356,3,9,0,2,0,1,0,0,0,0,3,1,6,3,-1,-1,-1,-1,-1,-1,-1,-1
2015621501356,4,9,0,2,0,1,0,0,0,0,2,1,6,3,-1,-1,-1,-1,-1,-1,-1,-1
2015621501357,1,9,0,18,0,0,0,0,1,11,4,1,6,2,21,5,-1,-1,-1,-1,1,-1
2015621501358,1,9,0,13,0,0,1,0,5,6,4,1,6,2,68,10,-1,-1,-1,-1,1,-1
2015621501358,2,21,1,18,0,0,0,0,0,0,2,1,1,1,23,5,-1,-1,-1,-1,1,-1
2015621501359,1,9,0,18,0,0,0,0,0,0,1,1,2,2,27,6,-1,-1,-1,-1,1,-1
2015621501359,2,9,0,18,0,0,0,0,0,0,2,1,2,1,23,5,-1,-1,-1,-1,1,-1
2015621501360,1,1,0,18,0,8,0,0,0,0,1,1,6,1,26,6,-1,-1,-1,-1,1,-1
2015621501360,2,11,0,7,0,1,0,0,0,0,4,1,1,1,48,8,-1,-1,-1,-1,1,-1
2015621501361,1,9,0,18,0,0,0,0,0,0,1,1,6,2,23,5,-1,-1,-1,-1,1,-1
2015621501361,2,9,0,2,0,0,0,0,0,0,2,1,1,1,28,6,-1,-1,-1,-1,1,-1
2015621501362,1,9,0,18,0,0,0,0,0,0,1,1,6,2,31,6,-1,-1,-1,-1,1,-1
2015621501362,2,19,0,18,0,0,0,0,0,0,2,1,1,1,57,9,-1,-1,-1,-1,1,-1
2015621501363,1,9,0,18,0,0,0,0,0,0,1,1,6,3,-1,-1,-1,-1,-1,-1,-1,-1
2015621501363,2,9,0,3,0,0,0,0,0,0,2,1,6,2,75,10,-1,-1,-1,-1,1,-1
2015621501364,1,10,0,18,0,0,0,0,0,0,1,1,6,1,21,5,-1,-1,-1,-1,1,-1
2015621501364,2,9,0,4,0,0,0,0,0,0,2,1,6,1,18,4,-1,-1,-1,-1,1,-1
2015621501365,1,9,0,18,0,0,0,0,0,0,1,1,6,2,28,6,-1,-1,-1,-1,1,-1
2015621501366,1,4,0,18,0,1,0,0,0,0,2,1,2,1,36,7,-1,-1,-1,-1,1,-1
2015621501366,2,19,0,18,0,1,0,0,0,0,1,1,1,1,27,6,-1,-1,-1,-1,1,-1
2015621501367,1,9,0,4,0,0,0,0,7,11,3,1,6,1,71,10,-1,-1,-1,-1,1,-1
2015621501368,1,2,0,4,0,1,1,0,0,0,4,1,6,1,16,4,-1,-1,-1,-1,1,-1
2015621501369,1,9,0,3,0,0,0,0,0,0,4,1,6,1,62,9,-1,-1,-1,-1,1,-1
2015621501369,2,1,0,15,0,0,1,0,0,0,1,1,6,1,52,8,-1,-1,-1,-1,1,-1
2015621501370,1,9,0,18,0,0,0,7,0,0,1,1,6,1,71,10,-1,-1,-1,-1,1,-1
2015621501371,1,9,0,18,0,4,0,0,0,0,1,1,6,2,35,6,-1,-1,-1,-1,1,-1
2015621501371,2,9,0,9,0,8,0,0,0,0,4,1,6,2,55,8,-1,-1,-1,-1,1,-1
2015621501372,1,9,0,18,0,8,0,0,0,0,1,1,6,1,67,10,-1,-1,-1,-1,1,-1
2015621501372,2,9,0,10,0,5,0,0,0,0,2,1,6,2,41,7,-1,-1,-1,-1,1,-1
2015621501373,1,9,0,3,0,0,0,0,0,0,1,1,2,1,26,6,-1,-1,-1,-1,1,-1
2015621501374,1,19,0,18,0,0,0,0,0,0,1,1,1,1,46,8,-1,-1,-1,-1,1,-1
2015621501374,2,9,0,18,0,0,0,0,0,0,1,1,2,2,21,5,-1,-1,-1,-1,3,-1
2015621501375,1,9,0,18,0,0,0,0,1,0,3,1,6,1,19,4,-1,-1,-1,-1,1,-1
2015621501375,2,9,0,18,0,0,0,0,1,0,1,1,6,1,73,10,-1,-1,-1,-1,1,-1
2015621501376,1,9,0,18,0,1,0,0,0,0,1,1,6,2,18,4,-1,-1,-1,-1,2,-1
2015621501376,2,9,0,3,0,1,0,0,0,0,2,1,6,1,37,7,-1,-1,-1,-1,1,-1
2015621501376,3,9,0,10,0,1,0,0,0,0,2,1,6,2,30,6,-1,-1,-1,-1,1,-1
2015621501377,1,9,0,12,0,2,0,0,7,0,3,1,6,2,36,7,-1,-1,-1,-1,1,-1
2015621501377,2,9,0,18,0,2,0,0,8,7,4,1,6,2,25,5,-1,-1,-1,-1,1,-1
2015621501378,1,9,0,16,0,0,0,0,0,0,1,1,6,3,-1,-1,-1,-1,-1,-1,-1,-1
2015621501378,2,9,0,17,0,0,0,0,0,0,1,1,6,1,72,10,-1,-1,-1,-1,1,-1
2015621501379,1,5,0,18,0,0,1,0,1,11,1,1,6,1,25,5,-1,-1,-1,-1,1,-1
2015621501379,2,9,0,18,0,0,0,0,0,0,1,1,6,1,64,9,-1,-1,-1,-1,3,-1
2015621501380,1,5,0,18,0,0,1,0,0,0,4,1,6,1,37,7,-1,-1,-1,-1,1,-1
2015621501381,1,9,0,18,0,3,0,0,0,0,1,1,6,3,-1,-1,-1,-1,-1,-1,-1,-1
2015621501381,2,9,0,3,0,3,0,0,0,0,2,1,6,2,25,5,-1,-1,-1,-1,1,-1
2015621501382,1,3,0,18,0,0,1,0,0,0,1,1,6,1,20,4,-1,-1,-1,-1,1,-1
2015621501382,2,9,0,4,0,0,0,0,0,0,2,1,6,1,68,10,-1,-1,-1,-1,1,-1
2015621501383,1,9,0,18,0,2,0,0,0,0,1,1,6,1,35,6,-1,-1,-1,-1,1,-1
2015621501383,2,9,0,18,0,2,0,0,0,0,2,1,1,1,45,7,-1,-1,-1,-1,2,-1
2015621501384,1,1,0,18,0,0,0,0,0,0,0,1,6,2,57,9,-1,-1,-1,-1,1,-1
2015621501385,1,9,0,9,0,6,0,0,0,0,3,1,1,1,54,8,-1,-1,-1,-1,1,-1
2015621501385,2,9,0,18,0,1,0,0,0,0,1,1,1,1,20,4,-1,-1,-1,-1,1,-1
2015621501386,1,9,0,9,0,1,0,0,0,0,1,1,6,1,40,7,-1,-1,-1,-1,1,-1
2015621501386,2,9,0,18,0,8,0,0,0,0,1,1,1,2,19,4,-1,-1,-1,-1,1,-1
2015621501387,1,11,0,5,0,2,0,0,0,0,4,1,1,1,53,8,-1,-1,-1,-1,1,-1
2015621501388,1,9,0,5,0,4,0,0,0,0,3,1,6,2,25,5,-1,-1,-1,-1,1,-1
2015621501388,2,1,0,18,0,3,0,0,0,0,4,1,6,1,21,5,-1,-1,-1,-1,1,-1
2015621501389,1,9,0,9,0,8,0,0,0,0,1,1,6,2,50,8,-1,-1,-1,-1,1,-1
2015621501389,2,9,0,18,0,1,0,0,0,0,1,1,1,2,32,6,-1,-1,-1,-1,2,-1
2015621501390,1,3,0,18,0,1,0,0,0,0,3,1,6,1,30,6,-1,-1,-1,-1,2,-1
2015621501391,1,5,0,15,0,5,1,0,0,0,1,1,6,1,58,9,-1,-1,-1,-1,1,-1
2015621501391,2,9,0,4,0,5,0,0,0,0,2,1,6,1,67,10,-1,-1,-1,-1,2,-1
2015621501391,3,9,0,4,0,5,0,0,0,0,4,1,6,2,34,6,-1,-1,-1,-1,1,-1
2015621501392,1,9,0,18,0,0,0,0,7,2,4,1,6,2,24,5,-1,-1,-1,-1,1,-1
2015621501393,1,9,0,9,0,6,1,0,0,0,1,1,6,1,77,11,-1,-1,-1,-1,1,-1
2015621501393,2,9,0,18,0,1,0,0,0,0,4,1,1,1,46,8,-1,-1,-1,-1,1,-1
2015621501394,1,9,0,13,0,0,0,0,0,0,4,1,6,1,60,9,-1,-1,-1,-1,3,-1
2015621501394,2,1,0,18,0,0,0,0,1,0,3,1,6,1,53,8,-1,-1,-1,-1,2,-1
2015621501395,1,9,0,4,0,0,0,0,0,0,1,1,6,1,22,5,-1,-1,-1,-1,1,-1
2015621501395,2,8,0,4,0,0,0,0,0,0,2,1,1,1,43,7,-1,-1,-1,-1,1,-1
2015621501396,1,9,0,3,0,2,1,0,0,0,1,1,6,2,41,7,-1,-1,-1,-1,1,-1
2015621501396,2,9,0,4,0,2,0,0,0,0,2,1,6,2,20,4,-1,-1,-1,-1,1,-1
2015621501397,1,9,0,18,0,0,0,0,0,0,1,1,6,1,25,5,-1,-1,-1,-1,3,-1
2015621501398,1,19,0,18,0,2,0,0,0,0,1,1,6,1,27,6,-1,-1,-1,-1,2,-1
2015621501398,2,9,0,18,0,2,0,0,0,0,2,1,6,1,74,10,-1,-1,-1,-1,1,-1
2015621501399,1,9,0,16,0,0,1,0,7,0,1,1,6,1,22,5,-1,-1,-1,-1,1,-1
2015621501399,2,17,0,17,0,0,0,0,0,0,1,1,1,1,83,11,-1,-1,-1,-1,1,-1
2015621501400,1,9,0,4,0,1,0,0,0,0,1,1,6,1,18,4,-1,-1,-1,-1,1,-1
2015621501400,2,9,0,3,0,1,0,0,0,0,2,1,6,1,57,9,-1,-1,-1,-1,1,-1