Accident_Index,Vehicle_Reference,Vehicle_Type,Towing_and_Articulation,Vehicle_Manoeuvre,Vehicle_Location-Restricted_Lane,Junction_Location,Skidding_and_Overturning,Hit_Object_in_Carriageway,Vehicle_Leaving_Carriageway,Hit_Object_off_Carriageway,1st_Point_of_Impact,Was_Vehicle_Left_Hand_Drive?,Journey_Purpose_of_Driver,Sex_of_Driver,Age_of_Driver,Age_Band_of_Driver,Engine_Capacity_(CC),Propulsion_Code,Age_of_Vehicle,Driver_IMD_Decile,Driver_Home_Area_Type,Vehicle_IMD_Decile
2015621501401,1,8,0,9,0,6,0,7,0,0,1,1,1,1,42,7,-1,-1,-1,-1,1,-1
2015621501402,1,9,0,12,0,3,0,0,7,1,3,1,6,2,52,8,-1,-1,-1,-1,3,-1
2015621501402,2,3,0,18,0,3,0,0,0,0,4,1,6,1,43,7,-1,-1,-1,-1,2,-1
2015621501403,1,9,0,9,0,1,0,0,0,0,1,1,6,1,22,5,-1,-1,-1,-1,3,-1
2015621501403,2,9,0,18,0,1,0,0,0,0,3,1,6,1,71,10,-1,-1,-1,-1,1,-1
2015621501404,1,97,0,13,0,1,0,0,0,0,1,1,6,3,-1,-1,-1,-1,-1,-1,-1,-1
2015621501404,2,9,0,9,0,5,0,0,0,0,3,1,6,2,36,7,-1,-1,-1,-1,1,-1
2015621501405,1,9,0,17,0,0,1,0,0,0,1,1,6,3,-1,-1,-1,-1,-1,-1,-1,-1
2015621501405,2,9,0,4,0,0,1,0,0,0,1,1,6,2,34,6,-1,-1,-1,-1,1,-1
2015621501406,1,9,0,18,0,0,0,0,0,0,1,1,6,1,41,7,-1,-1,-1,-1,1,-1
2015621501406,2,9,0,18,0,0,0,0,0,0,1,1,6,2,29,6,-1,-1,-1,-1,1,-1
2015621501406,3,9,0,18,0,0,0,0,0,0,2,1,6,1,55,8,-1,-1,-1,-1,2,-1
2015621501407,1,9,0,1,0,6,0,0,0,0,2,1,6,3,-1,-1,-1,-1,-1,-1,-1,-1
2015621501407,2,9,0,18,0,1,0,0,0,0,4,1,6,2,55,8,-1,-1,-1,-1,1,-1
2015621501408,1,9,0,9,0,1,0,0,0,0,1,1,6,1,61,9,-1,-1,-1,-1,2,-1
2015621501408,2,1,0,18,0,1,0,0,0,0,3,1,6,1,52,8,-1,-1,-1,-1,1,-1
2015621501409,1,9,0,18,0,0,0,0,0,0,1,1,6,1,37,7,-1,-1,-1,-1,1,-1
2015621501409,2,9,0,2,0,0,0,0,0,0,2,1,6,3,-1,-1,-1,-1,-1,-1,-1,-1
2015621501410,1,9,0,17,0,1,0,0,0,0,3,1,6,1,41,7,-1,-1,-1,-1,1,-1
2015621501410,2,9,0,10,0,1,0,0,0,0,3,1,6,2,76,11,-1,-1,-1,-1,1,-1
2015621501411,1,9,0,9,0,6,0,0,0,0,2,1,6,1,31,6,-1,-1,-1,-1,3,-1
2015621501411,2,9,0,18,0,1,0,0,0,0,1,1,6,1,32,6,-1,-1,-1,-1,1,-1
2015621501412,1,9,0,18,0,0,0,4,0,0,4,1,6,1,27,6,-1,-1,-1,-1,1,-1
2015621501412,2,9,0,2,0,0,0,0,0,0,4,1,6,3,-1,-1,-1,-1,-1,-1,-1,-1
2015621501413,1,9,0,17,0,0,1,0,1,4,1,1,6,2,44,7,-1,-1,-1,-1,1,-1
2015621501414,1,9,0,18,0,0,0,0,0,0,1,1,6,1,46,8,-1,-1,-1,-1,1,-1
2015621501414,2,9,0,18,0,0,0,0,0,0,2,1,6,2,54,8,-1,-1,-1,-1,1,-1
2015621501414,3,9,0,18,0,0,0,0,0,0,2,1,6,2,71,10,-1,-1,-1,-1,1,-1
2015621501415,1,9,0,18,0,8,0,0,0,0,4,1,6,2,61,9,-1,-1,-1,-1,3,-1
2015621501415,2,9,0,18,0,8,0,0,0,0,1,1,6,2,35,6,-1,-1,-1,-1,2,-1
2015621501416,1,9,0,18,0,0,0,0,0,0,1,1,1,1,20,4,-1,-1,-1,-1,1,-1
2015621501416,2,9,0,18,0,0,0,0,0,1,2,1,6,2,42,7,-1,-1,-1,-1,1,-1
2015621501417,1,9,0,1,0,1,0,0,0,0,2,1,6,1,16,4,-1,-1,-1,-1,1,-1
2015621501417,2,9,0,3,0,1,0,0,0,0,1,1,6,2,24,5,-1,-1,-1,-1,1,-1
2015621501418,1,19,0,18,0,0,0,0,0,0,4,1,6,3,-1,-1,-1,-1,-1,-1,-1,-1
2015621501419,1,9,0,18,0,0,1,0,0,0,1,1,6,2,21,5,-1,-1,-1,-1,1,-1
2015621501419,2,9,0,18,0,0,0,0,0,0,2,1,6,2,66,10,-1,-1,-1,-1,1,-1
2015621501419,3,9,0,18,0,0,0,0,0,0,2,1,6,1,18,4,-1,-1,-1,-1,1,-1
2015621501420,1,9,0,18,0,1,0,0,0,0,1,1,6,2,41,7,-1,-1,-1,-1,1,-1
2015621501420,2,19,0,4,0,8,0,0,0,0,2,1,1,1,44,7,-1,-1,-1,-1,3,-1
2015621501421,1,9,0,12,0,1,0,0,0,0,3,1,6,1,51,8,-1,-1,-1,-1,3,-1
2015621501421,2,20,0,18,0,1,0,0,0,0,4,1,1,1,52,8,-1,-1,-1,-1,1,-1
2015621501422,1,9,0,18,2,0,0,0,0,0,4,1,6,1,37,7,-1,-1,-1,-1,1,-1
2015621501422,2,11,0,18,2,0,0,0,0,0,3,1,1,1,57,9,-1,-1,-1,-1,1,-1
2015621501423,1,5,0,14,0,1,1,0,7,0,1,1,6,1,23,5,-1,-1,-1,-1,1,-1
2015621501423,2,9,0,9,0,5,0,0,0,0,3,1,6,2,47,8,-1,-1,-1,-1,2,-1
2015621501424,1,9,0,9,0,5,0,0,0,0,3,1,6,3,-1,-1,-1,-1,-1,-1,-1,-1
2015621501424,2,9,0,18,0,1,0,0,0,0,1,1,6,1,42,7,-1,-1,-1,-1,1,-1
2015621501425,1,9,5,17,0,0,0,0,1,10,1,1,2,1,32,6,-1,-1,-1,-1,1,-1
2015621501426,1,9,0,17,0,0,1,10,7,2,1,1,1,1,23,5,-1,-1,-1,-1,1,-1
2015621501427,1,9,0,18,0,8,0,0,0,0,1,1,6,1,27,6,-1,-1,-1,-1,1,-1
2015621501427,2,9,0,9,0,8,0,0,0,0,4,1,6,1,31,6,-1,-1,-1,-1,2,-1
2015621501428,1,9,0,12,0,0,1,7,0,11,3,1,6,1,18,4,-1,-1,-1,-1,1,-1
2015621501429,1,9,0,18,0,1,0,0,0,0,3,1,6,2,82,11,-1,-1,-1,-1,1,-1
2015621501429,2,9,0,18,0,1,0,0,0,0,1,1,6,2,22,5,-1,-1,-1,-1,3,-1
2015621501429,3,8,0,10,0,2,0,0,0,0,4,1,6,2,27,6,-1,-1,-1,-1,3,-1
2015621501430,1,9,0,9,0,8,0,0,0,0,1,1,6,2,21,5,-1,-1,-1,-1,2,-1
2015621501430,2,9,0,18,0,8,0,0,0,0,1,1,6,1,28,6,-1,-1,-1,-1,1,-1
2015621501430,3,9,0,18,0,1,0,0,0,0,1,1,6,2,41,7,-1,-1,-1,-1,1,-1
2015621501431,1,9,0,18,0,1,0,0,1,1,4,1,6,1,51,8,-1,-1,-1,-1,1,-1
2015621501431,2,9,0,4,0,1,0,0,0,0,3,1,2,1,43,7,-1,-1,-1,-1,3,-1
2015621501431,3,9,0,18,0,1,0,0,0,0,3,1,2,1,41,7,-1,-1,-1,-1,1,-1
2015621501432,1,9,0,5,0,8,0,0,0,0,4,1,6,2,54,8,-1,-1,-1,-1,1,-1
2015621501432,2,9,0,18,0,8,0,0,0,0,1,1,6,1,21,5,-1,-1,-1,-1,1,-1
2015621501433,1,9,0,18,0,4,0,0,3,4,1,1,6,2,44,7,-1,-1,-1,-1,1,-1
2015621501434,1,9,0,7,0,1,0,0,0,0,4,1,6,2,29,6,-1,-1,-1,-1,1,-1
2015621501434,2,1,0,18,0,1,0,0,0,0,3,1,6,1,40,7,-1,-1,-1,-1,1,-1
2015621501435,1,9,0,18,0,0,0,4,0,0,1,1,1,1,29,6,-1,-1,-1,-1,1,-1
2015621501435,2,9,0,2,0,0,0,0,0,0,2,1,6,3,-1,-1,-1,-1,-1,-1,-1,-1
2015621501435,3,9,0,2,0,0,0,0,0,0,3,1,6,3,-1,-1,-1,-1,-1,-1,-1,-1
2015621501435,4,9,0,2,0,0,0,0,0,0,1,1,6,3,-1,-1,-1,-1,-1,-1,-1,-1
2015621501436,1,9,0,18,0,0,0,0,0,0,1,1,6,2,79,11,-1,-1,-1,-1,1,-1
2015621501436,2,9,0,18,0,0,0,0,0,0,2,1,1,2,55,8,-1,-1,-1,-1,1,-1
2015621501436,3,9,0,18,0,0,0,0,0,0,2,1,6,2,37,7,-1,-1,-1,-1,1,-1
2015621501436,4,9,0,18,0,0,0,0,0,0,2,1,6,2,41,7,-1,-1,-1,-1,2,-1
2015621501437,1,9,0,12,0,3,0,0,0,0,3,1,6,2,31,6,-1,-1,-1,-1,1,-1
2015621501437,2,19,0,18,0,3,0,0,0,0,1,1,1,1,42,7,-1,-1,-1,-1,1,-1
2015621501438,1,3,0,9,0,8,1,0,0,0,1,1,6,1,17,4,-1,-1,-1,-1,1,-1
2015621501438,2,9,0,18,0,8,0,0,0,0,1,1,6,2,61,9,-1,-1,-1,-1,1,-1
2015621501439,1,9,0,1,0,0,0,0,0,0,2,1,6,1,21,5,-1,-1,-1,-1,2,-1
2015621501439,2,9,0,4,0,0,0,0,0,0,1,1,1,1,40,7,-1,-1,-1,-1,2,-1
2015621501439,3,9,0,4,0,0,0,0,0,0,1,1,1,1,45,7,-1,-1,-1,-1,2,-1
2015621501440,1,19,0,18,0,0,2,7,0,0,4,1,2,1,57,9,-1,-1,-1,-1,2,-1
2015621501441,1,9,0,18,0,1,0,0,0,0,1,1,6,1,45,7,-1,-1,-1,-1,2,-1
2015621501441,2,9,0,18,0,1,0,0,0,0,1,1,6,1,60,9,-1,-1,-1,-1,2,-1
2015621501442,1,9,0,18,0,0,1,0,0,0,1,1,6,1,38,7,-1,-1,-1,-1,1,-1
2015621501442,2,19,0,18,0,0,0,0,0,0,1,1,6,1,30,6,-1,-1,-1,-1,1,-1
2015621501443,1,97,0,4,0,1,1,0,0,0,3,1,1,1,54,8,-1,-1,-1,-1,1,-1
2015621501444,1,19,0,18,0,0,0,0,0,0,1,1,1,1,22,5,-1,-1,-1,-1,1,-1
2015621501444,2,9,0,18,0,0,0,0,0,0,2,1,6,2,36,7,-1,-1,-1,-1,1,-1
2015621501445,1,9,0,18,0,0,0,10,1,0,1,1,6,1,25,5,-1,-1,-1,-1,3,-1
2015621501446,1,9,0,18,0,8,0,0,0,0,1,1,6,1,24,5,-1,-1,-1,-1,1,-1
2015621501447,1,9,0,18,0,8,0,0,0,0,1,1,6,1,26,6,-1,-1,-1,-1,3,-1
2015621501447,2,9,0,9,0,8,0,0,0,0,4,1,6,2,47,8,-1,-1,-1,-1,1,-1
2015621501448,1,9,0,18,0,1,1,10,1,11,3,1,6,1,19,4,-1,-1,-1,-1,1,-1
2015621501448,2,9,0,9,0,5,0,0,0,0,1,1,2,1,28,6,-1,-1,-1,-1,1,-1
2015621501449,1,9,0,18,0,0,1,0,0,0,1,1,1,1,34,6,-1,-1,-1,-1,3,-1
2015621501449,2,9,0,3,0,0,0,0,0,0,2,1,1,2,53,8,-1,-1,-1,-1,1,-1
2015621501449,3,9,0,3,0,0,0,0,0,0,2,1,6,2,51,8,-1,-1,-1,-1,1,-1
2015621501449,4,9,0,3,0,0,0,0,0,0,2,1,6,1,69,10,-1,-1,-1,-1,1,-1
2015621501450,1,9,0,18,0,0,0,0,7,3,1,1,2,1,56,9,-1,-1,-1,-1,1,-1
2015621501451,1,9,0,18,0,0,0,0,0,0,1,1,6,1,37,7,-1,-1,-1,-1,1,-1
2015621501451,2,90,0,3,0,0,0,0,0,0,2,1,6,1,47,8,-1,-1,-1,-1,1,-1
2015621501452,1,3,0,17,0,0,0,0,0,0,4,1,6,1,16,4,-1,-1,-1,-1,1,-1
2015621501452,2,3,0,17,0,0,0,0,0,0,3,1,6,1,25,5,-1,-1,-1,-1,1,-1
2015621501452,3,98,1,17,0,0,0,0,0,0,3,1,1,1,48,8,-1,-1,-1,-1,2,-1
2015621501452,4,98,1,16,0,0,0,0,0,0,0,1,1,1,50,8,-1,-1,-1,-1,1,-1
2015621501453,1,9,0,18,0,0,2,0,8,4,3,1,6,1,18,4,-1,-1,-1,-1,3,-1
2015621501454,1,1,0,18,0,0,0,0,0,0,4,1,6,1,37,7,-1,-1,-1,-1,1,-1
2015621501455,1,9,0,18,0,0,0,0,0,0,2,1,2,1,23,5,-1,-1,-1,-1,3,-1
2015621501455,2,9,0,18,0,0,0,0,0,0,1,1,3,1,45,7,-1,-1,-1,-1,1,-1
2015621501455,3,11,0,5,0,0,0,0,0,0,0,1,1,1,49,8,-1,-1,-1,-1,1,-1
2015621501456,1,8,0,8,0,1,0,0,0,0,1,1,6,3,-1,-1,-1,-1,-1,-1,-1,-1
2015621501457,1,9,0,18,0,1,0,0,1,0,1,1,6,2,19,4,-1,-1,-1,-1,1,-1
2015621501457,2,9,0,10,0,1,0,0,0,0,2,1,6,1,49,8,-1,-1,-1,-1,1,-1
2015621501458,1,9,0,18,0,0,0,0,0,0,4,1,1,2,42,7,-1,-1,-1,-1,1,-1
2015621501459,1,3,0,18,0,0,1,0,0,0,4,1,6,2,25,5,-1,-1,-1,-1,1,-1
2015621501459,2,3,0,4,0,0,1,0,0,0,4,1,6,1,18,4,-1,-1,-1,-1,1,-1
2015621501460,1,9,0,9,0,1,0,0,0,0,1,1,1,1,19,4,-1,-1,-1,-1,1,-1
2015621501460,2,1,0,4,0,1,0,0,0,0,1,1,2,1,38,7,-1,-1,-1,-1,1,-1
2015621501461,1,9,0,16,0,4,0,0,0,0,3,1,1,1,27,6,-1,-1,-1,-1,1,-1
2015621501461,2,4,0,18,0,8,0,0,0,0,1,1,6,2,20,4,-1,-1,-1,-1,3,-1
2015621501462,1,9,0,18,0,0,1,10,0,0,1,1,6,1,30,6,-1,-1,-1,-1,1,-1
2015621501463,1,9,0,18,0,3,0,0,0,0,1,1,6,2,23,5,-1,-1,-1,-1,1,-1
2015621501463,2,9,0,18,0,3,0,0,0,0,2,1,6,2,40,7,-1,-1,-1,-1,1,-1
2015621501464,1,9,0,18,0,0,0,0,0,0,1,1,6,1,29,6,-1,-1,-1,-1,1,-1
2015621501464,2,9,0,4,0,0,0,0,1,0,2,1,6,1,55,8,-1,-1,-1,-1,1,-1
2015621501464,3,9,0,4,0,0,0,0,0,0,2,1,6,2,46,8,-1,-1,-1,-1,2,-1
2015621501464,4,9,0,4,0,0,0,0,0,0,2,1,6,2,35,6,-1,-1,-1,-1,1,-1
2015621501465,1,8,0,6,0,0,0,4,0,0,4,1,6,1,68,10,-1,-1,-1,-1,1,-1
2015621501465,2,9,0,2,0,0,0,0,1,11,3,1,6,1,27,6,-1,-1,-1,-1,2,-1
2015621501466,1,9,0,1,0,6,0,0,3,11,2,1,6,1,84,11,-1,-1,-1,-1,1,-1
2015621501467,1,9,0,16,0,0,0,0,0,0,1,1,6,1,26,6,-1,-1,-1,-1,1,-1
2015621501467,2,9,0,17,0,0,0,0,0,0,1,1,6,1,25,5,-1,-1,-1,-1,1,-1
2015621501468,1,20,4,18,0,0,4,0,4,6,4,1,1,1,22,5,-1,-1,-1,-1,1,-1
2015621501469,1,9,0,16,0,0,1,0,0,0,1,1,6,1,24,5,-1,-1,-1,-1,1,-1
2015621501469,2,9,0,12,0,0,0,0,0,0,1,1,6,2,18,4,-1,-1,-1,-1,2,-1
2015621501470,1,19,0,4,0,1,0,0,0,0,1,1,2,1,54,8,-1,-1,-1,-1,1,-1
2015621501470,2,9,0,3,0,1,0,0,0,0,2,1,6,1,35,6,-1,-1,-1,-1,1,-1
2015621501471,1,9,0,18,0,0,0,0,1,11,2,1,2,2,23,5,-1,-1,-1,-1,1,-1
2015621501472,1,9,0,18,0,0,0,0,0,0,1,1,2,2,55,8,-1,-1,-1,-1,1,-1
2015621501472,2,21,0,18,0,0,0,0,0,0,2,1,1,1,49,8,-1,-1,-1,-1,1,-1
2015621501473,1,9,0,18,0,1,0,0,0,0,1,1,6,1,47,8,-1,-1,-1,-1,1,-1
2015621501473,2,9,0,4,0,1,0,0,0,0,2,1,6,2,35,6,-1,-1,-1,-1,1,-1
2015621501474,1,9,0,9,0,5,1,0,1,1,1,1,6,1,51,8,-1,-1,-1,-1,1,-1
2015621501474,2,9,0,10,0,5,0,0,0,0,0,1,6,2,29,6,-1,-1,-1,-1,1,-1
2015621501475,1,9,0,17,0,0,5,0,7,0,3,1,6,2,23,5,-1,-1,-1,-1,1,-1
2015621501476,1,9,0,18,0,1,0,0,0,0,1,1,6,1,55,8,-1,-1,-1,-1,2,-1
2015621501476,2,9,0,3,0,1,0,0,0,0,2,1,6,1,32,6,-1,-1,-1,-1,1,-1
2015621501477,1,9,0,18,0,1,0,0,0,0,1,1,6,2,87,11,-1,-1,-1,-1,1,-1
2015621501477,2,9,0,3,0,1,0,0,0,0,2,1,6,1,74,10,-1,-1,-1,-1,1,-1
2015621501478,1,9,0,17,0,0,0,0,4,7,3,1,6,2,33,6,-1,-1,-1,-1,1,-1
2015621501479,1,9,0,18,0,0,0,0,0,0,1,1,6,2,42,7,-1,-1,-1,-1,1,-1
2015621501479,2,9,0,4,0,0,0,0,0,0,2,1,2,1,21,5,-1,-1,-1,-1,3,-1
2015621501480,1,9,0,18,0,1,0,0,0,0,1,1,6,1,54,8,-1,-1,-1,-1,1,-1
2015621501480,2,9,0,18,0,1,0,0,0,0,1,1,6,1,55,8,-1,-1,-1,-1,1,-1
2015621501481,1,9,0,18,0,0,0,0,0,0,1,1,6,1,19,4,-1,-1,-1,-1,1,-1
2015621501481,2,9,0,4,0,0,0,0,0,0,2,1,6,1,69,10,-1,-1,-1,-1,1,-1
2015621501481,3,9,0,4,0,0,0,0,0,0,2,1,6,1,31,6,-1,-1,-1,-1,3,-1
2015621501482,1,19,0,18,0,0,1,0,0,0,1,1,1,1,53,8,-1,-1,-1,-1,1,-1
2015621501482,2,9,0,18,0,0,0,0,0,0,2,1,6,1,33,6,-1,-1,-1,-1,1,-1
2015621501483,1,9,0,4,0,2,0,0,7,0,3,1,6,1,26,6,-1,-1,-1,-1,2,-1
2015621501483,2,9,0,12,0,1,0,7,0,0,3,1,2,1,22,5,-1,-1,-1,-1,1,-1
2015621501484,1,9,0,18,0,0,0,0,0,0,1,1,6,1,42,7,-1,-1,-1,-1,2,-1
2015621501485,1,9,0,13,0,0,0,0,0,0,1,1,6,3,-1,-1,-1,-1,-1,-1,-1,-1
2015621501485,2,9,0,18,0,0,0,0,0,0,2,1,6,1,72,10,-1,-1,-1,-1,3,-1
2015621501486,1,9,0,18,0,8,0,0,0,0,1,1,2,1,57,9,-1,-1,-1,-1,1,-1
2015621501487,1,9,0,6,0,2,0,0,0,0,3,1,1,1,63,9,-1,-1,-1,-1,1,-1
2015621501487,2,1,0,18,0,8,0,0,0,0,1,1,2,1,23,5,-1,-1,-1,-1,1,-1
2015621501488,1,9,0,7,0,3,0,0,0,0,3,1,6,2,42,7,-1,-1,-1,-1,1,-1
2015621501488,2,1,0,18,0,3,0,0,0,0,2,1,6,1,40,7,-1,-1,-1,-1,2,-1
2015621501489,1,9,0,18,0,0,0,4,1,11,1,1,6,1,25,5,-1,-1,-1,-1,2,-1
2015621501489,2,9,0,2,0,0,0,0,0,0,1,1,6,3,-1,-1,-1,-1,-1,-1,-1,-1
2015621501490,1,3,0,18,0,0,0,4,0,0,1,1,6,1,21,5,-1,-1,-1,-1,1,-1
2015621501490,2,19,0,2,0,0,0,0,0,0,2,1,1,3,-1,-1,-1,-1,-1,-1,-1,-1
2015621501491,1,1,0,18,0,0,0,0,0,0,1,1,6,1,47,8,-1,-1,-1,-1,3,-1
2015621501492,1,19,0,7,0,5,0,0,0,0,4,1,6,3,-1,-1,-1,-1,-1,-1,-1,-1
2015621501492,2,1,0,18,0,1,0,0,0,0,3,1,6,1,16,4,-1,-1,-1,-1,1,-1
2015621501493,1,9,0,18,0,8,0,0,0,0,1,1,2,1,20,4,-1,-1,-1,-1,1,-1
2015621501493,2,9,0,18,0,8,0,0,0,0,2,1,2,2,25,5,-1,-1,-1,-1,1,-1
2015621501493,3,9,0,18,0,8,0,0,0,0,2,1,6,1,40,7,-1,-1,-1,-1,3,-1
2015621501494,1,21,1,18,0,3,5,0,0,0,4,1,1,1,39,7,-1,-1,-1,-1,1,-1
2015621501495,1,9,0,9,0,5,0,0,0,0,1,1,6,2,36,7,-1,-1,-1,-1,1,-1
2015621501496,1,9,0,4,0,1,0,0,0,0,4,1,6,1,51,8,-1,-1,-1,-1,1,-1
2015621501497,1,19,0,18,0,2,0,0,0,0,1,1,1,1,43,7,-1,-1,-1,-1,1,-1
2015621501497,2,11,0,5,0,2,0,0,0,0,1,1,1,1,51,8,-1,-1,-1,-1,1,-1
2015621501498,1,9,0,4,0,0,1,0,0,0,1,1,6,1,25,5,-1,-1,-1,-1,1,-1
2015621501498,2,9,0,18,0,0,0,0,0,0,1,1,6,1,27,6,-1,-1,-1,-1,1,-1
2015621501499,1,9,0,14,0,0,0,0,0,0,4,1,6,2,20,4,-1,-1,-1,-1,2,-1
2015621501499,2,9,0,3,0,0,0,0,0,0,3,1,6,2,33,6,-1,-1,-1,-1,1,-1
2015621501500,1,9,0,18,0,1,0,0,0,0,1,1,3,1,38,7,-1,-1,-1,-1,1,-1
2015621501500,2,9,0,10,0,1,0,0,0,0,2,1,3,2,36,7,-1,-1,-1,-1,2,-1
2015621501501,1,21,0,11,0,0,0,0,0,0,4,1,1,1,25,5,-1,-1,-1,-1,1,-1
2015621501501,2,8,0,18,0,0,0,0,0,7,3,1,1,1,43,7,-1,-1,-1,-1,1,-1
2015621501502,1,9,0,1,0,1,0,0,0,0,3,1,6,2,72,10,-1,-1,-1,-1,1,-1
2015621501502,2,9,0,18,0,1,0,0,0,0,4,1,6,1,24,5,-1,-1,-1,-1,2,-1
2015621501502,3,9,0,18,0,1,0,0,0,0,4,1,6,1,44,7,-1,-1,-1,-1,3,-1
2015621501503,1,9,0,4,0,8,0,0,0,0,3,1,6,1,30,6,-1,-1,-1,-1,1,-1
2015621501503,2,1,0,18,0,8,0,0,0,0,1,1,6,2,36,7,-1,-1,-1,-1,1,-1
2015621501504,1,9,0,18,0,0,0,0,0,0,1,1,6,2,20,4,-1,-1,-1,-1,1,-1
2015621501504,2,9,0,3,0,0,0,0,0,0,2,1,2,2,25,5,-1,-1,-1,-1,1,-1
2015621501504,3,9,0,3,0,0,0,0,0,0,2,1,2,1,44,7,-1,-1,-1,-1,1,-1
2015621501505,1,9,0,2,0,0,0,0,0,0,3,1,6,1,18,4,-1,-1,-1,-1,1,-1
2015621501505,2,9,0,18,0,0,0,0,0,0,4,1,6,1,41,7,-1,-1,-1,-1,1,-1
2015621501506,1,4,0,18,0,4,0,10,0,0,4,1,6,1,72,10,-1,-1,-1,-1,1,-1
2015621501507,1,9,0,16,0,0,0,0,0,0,1,1,6,2,75,10,-1,-1,-1,-1,1,-1
2015621501507,2,9,0,18,0,0,0,0,1,0,3,1,6,1,51,8,-1,-1,-1,-1,2,-1
2015621501508,1,9,0,4,0,0,0,0,0,0,1,1,6,2,20,4,-1,-1,-1,-1,1,-1
2015621501508,2,9,0,3,0,0,0,0,0,0,2,1,6,1,44,7,-1,-1,-1,-1,1,-1
2015621501509,1,9,0,18,0,0,0,0,0,0,1,1,6,2,20,4,-1,-1,-1,-1,1,-1
2015621501509,2,9,0,18,0,0,0,0,0,0,2,1,6,2,80,11,-1,-1,-1,-1,2,-1
2015621501509,3,9,0,18,0,0,0,0,0,0,1,1,6,1,61,9,-1,-1,-1,-1,3,-1
2015621501509,4,9,0,4,0,0,0,0,0,0,2,1,6,1,70,10,-1,-1,-1,-1,3,-1
2015621501510,1,9,0,18,0,0,0,0,0,0,3,1,6,1,40,7,-1,-1,-1,-1,1,-1
2015621501510,2,9,0,18,0,0,0,0,0,0,3,1,6,1,54,8,-1,-1,-1,-1,1,-1
2015621501511,1,9,0,18,0,1,0,0,0,0,1,1,6,2,81,11,-1,-1,-1,-1,2,-1
2015621501511,2,9,0,3,0,1,0,0,0,0,2,1,6,2,22,5,-1,-1,-1,-1,2,-1
2015621501512,1,9,0,18,0,0,0,0,0,0,3,1,6,2,54,8,-1,-1,-1,-1,1,-1
2015621501513,1,9,0,7,0,5,0,0,0,0,4,1,6,1,25,5,-1,-1,-1,-1,3,-1
2015621501513,2,1,0,18,0,1,0,0,0,0,3,1,6,2,20,4,-1,-1,-1,-1,1,-1
2015621501514,1,3,0,18,0,0,1,0,0,0,0,1,6,2,38,7,-1,-1,-1,-1,2,-1
2015621501515,1,9,0,9,0,5,0,0,0,0,1,1,6,2,50,8,-1,-1,-1,-1,1,-1
2015621501515,2,1,0,18,0,8,0,0,0,0,1,1,6,2,30,6,-1,-1,-1,-1,1,-1
2015621501516,1,2,0,9,0,6,0,0,0,0,0,1,6,1,16,4,-1,-1,-1,-1,1,-1
2015621501516,2,9,0,18,0,8,0,0,0,0,0,1,6,1,17,4,-1,-1,-1,-1,1,-1
2015621501517,1,5,0,16,0,0,1,0,1,7,1,1,6,1,49,8,-1,-1,-1,-1,1,-1
2015621501518,1,9,0,9,0,3,0,0,1,2,1,1,6,1,-1,-1,-1,-1,-1,-1,1,-1
2015621501520,1,19,0,18,0,0,0,0,0,0,1,1,1,1,24,5,-1,-1,-1,-1,1,-1
2015621501520,2,9,0,4,0,0,0,0,0,0,2,1,6,2,26,6,-1,-1,-1,-1,2,-1
2015621501521,1,9,0,18,0,6,0,0,0,0,1,1,1,2,32,6,-1,-1,-1,-1,1,-1
2015621501521,2,9,0,18,0,1,0,0,0,0,3,1,6,1,31,6,-1,-1,-1,-1,1,-1
2015621501522,1,11,0,18,0,0,0,0,0,11,4,1,1,1,21,5,-1,-1,-1,-1,1,-1
2015621501523,1,3,0,18,0,1,0,0,0,0,1,1,6,1,28,6,-1,-1,-1,-1,1,-1
2015621501523,2,9,0,3,0,8,0,0,0,0,2,2,6,2,50,8,-1,-1,-1,-1,2,-1
2015621501524,1,9,0,16,0,8,0,0,0,11,1,1,6,1,81,11,-1,-1,-1,-1,3,-1
2015621501525,1,8,0,4,0,0,0,0,0,0,1,1,1,1,37,7,-1,-1,-1,-1,1,-1
2015621501525,2,9,0,4,0,0,0,0,0,0,2,1,6,1,28,6,-1,-1,-1,-1,1,-1
2015621501526,1,9,0,9,0,1,0,0,0,0,3,1,6,1,73,10,-1,-1,-1,-1,1,-1
2015621501526,2,9,0,18,0,1,0,0,0,0,4,1,6,2,69,10,-1,-1,-1,-1,1,-1
2015621501527,1,11,0,18,2,0,0,0,0,0,1,1,1,1,53,8,-1,-1,-1,-1,1,-1
2015621501528,1,9,0,18,0,1,0,0,0,0,4,1,6,1,58,9,-1,-1,-1,-1,1,-1
2015621501528,2,9,0,18,0,2,0,0,0,0,1,1,1,1,45,7,-1,-1,-1,-1,1,-1
2015621501529,1,9,0,12,0,0,1,0,5,6,1,1,2,2,56,9,-1,-1,-1,-1,3,-1
2015621501529,2,21,1,18,0,0,0,0,0,0,3,1,1,1,48,8,-1,-1,-1,-1,1,-1
2015621501530,1,9,0,11,0,1,0,0,0,0,4,1,2,2,23,5,-1,-1,-1,-1,1,-1
2015621501530,2,9,0,18,0,1,0,0,0,0,3,1,2,1,45,7,-1,-1,-1,-1,2,-1
2015621501530,3,9,0,9,0,1,0,0,0,0,3,1,3,2,32,6,-1,-1,-1,-1,3,-1
2015621501531,1,9,0,9,0,5,0,0,0,0,1,1,6,1,17,4,-1,-1,-1,-1,1,-1
2015621501531,2,9,0,18,0,1,1,7,0,0,1,1,6,1,20,4,-1,-1,-1,-1,1,-1
2015621501532,1,9,0,18,0,0,0,0,0,0,4,1,6,1,67,10,-1,-1,-1,-1,3,-1
2015621501533,1,9,0,16,0,1,1,0,0,7,4,1,2,2,32,6,-1,-1,-1,-1,1,-1
2015621501534,1,9,0,18,0,0,0,0,0,0,1,1,6,2,18,4,-1,-1,-1,-1,1,-1
2015621501534,2,9,0,4,0,0,0,0,0,0,2,1,6,1,61,9,-1,-1,-1,-1,1,-1
2015621501534,3,9,0,4,0,0,0,0,0,0,2,1,6,1,33,6,-1,-1,-1,-1,1,-1