Accident_Index,Vehicle_Reference,Vehicle_Type,Towing_and_Articulation,Vehicle_Manoeuvre,Vehicle_Location-Restricted_Lane,Junction_Location,Skidding_and_Overturning,Hit_Object_in_Carriageway,Vehicle_Leaving_Carriageway,Hit_Object_off_Carriageway,1st_Point_of_Impact,Was_Vehicle_Left_Hand_Drive?,Journey_Purpose_of_Driver,Sex_of_Driver,Age_of_Driver,Age_Band_of_Driver,Engine_Capacity_(CC),Propulsion_Code,Age_of_Vehicle,Driver_IMD_Decile,Driver_Home_Area_Type,Vehicle_IMD_Decile
2015621501534,4,9,0,4,0,0,0,0,0,0,2,1,6,1,25,5,-1,-1,-1,-1,1,-1
2015621501535,1,9,0,7,0,5,0,0,0,0,1,1,2,1,29,6,-1,-1,-1,-1,1,-1
2015621501535,2,1,0,18,0,1,0,0,0,0,1,1,2,1,36,7,-1,-1,-1,-1,1,-1
2015621501536,1,9,0,18,0,0,0,0,7,2,1,1,6,2,82,11,-1,-1,-1,-1,1,-1
2015621501537,1,9,0,18,0,0,0,4,0,0,1,1,2,1,38,7,-1,-1,-1,-1,1,-1
2015621501537,2,9,0,2,0,0,0,0,0,0,2,1,6,1,66,10,-1,-1,-1,-1,3,-1
2015621501538,1,9,0,18,0,0,0,0,0,0,1,1,6,2,41,7,-1,-1,-1,-1,1,-1
2015621501538,2,9,0,4,0,0,0,0,0,0,2,1,2,2,39,7,-1,-1,-1,-1,1,-1
2015621501538,3,9,0,4,0,0,0,0,0,0,2,1,6,1,19,4,-1,-1,-1,-1,1,-1
2015621501538,4,9,0,4,0,0,0,0,0,0,2,1,6,1,23,5,-1,-1,-1,-1,1,-1
2015621501539,1,9,0,18,0,0,0,0,0,0,1,1,6,1,24,5,-1,-1,-1,-1,1,-1
2015621501539,2,9,0,18,0,0,0,0,0,0,2,1,6,1,51,8,-1,-1,-1,-1,2,-1
2015621501539,3,9,0,18,0,0,0,0,0,0,2,1,6,1,62,9,-1,-1,-1,-1,1,-1
2015621501539,4,9,0,18,0,0,0,0,0,0,2,1,6,1,47,8,-1,-1,-1,-1,1,-1
2015621501540,1,9,0,1,0,0,0,0,0,0,2,1,6,1,72,10,-1,-1,-1,-1,1,-1
2015621501540,2,8,0,2,0,0,0,0,0,0,1,1,1,3,-1,-1,-1,-1,-1,-1,-1,-1
2015621501541,1,9,0,9,0,8,0,0,0,0,4,1,6,2,52,8,-1,-1,-1,-1,1,-1
2015621501541,2,9,0,18,0,1,0,0,0,0,3,1,3,2,32,6,-1,-1,-1,-1,1,-1
2015621501542,1,1,0,18,0,1,0,0,0,0,1,1,6,1,14,3,-1,-1,-1,-1,1,-1
2015621501542,2,9,0,9,0,1,0,0,0,0,1,1,2,1,33,6,-1,-1,-1,-1,1,-1
2015621501543,1,11,0,7,0,5,0,0,0,0,1,1,1,1,48,8,-1,-1,-1,-1,1,-1
2015621501544,1,1,0,18,0,0,0,0,0,0,1,1,6,1,22,5,-1,-1,-1,-1,1,-1
2015621501544,2,9,0,4,0,0,0,0,0,0,2,1,6,1,55,8,-1,-1,-1,-1,1,-1
2015621501545,1,9,0,9,0,8,0,0,0,0,1,1,2,2,57,9,-1,-1,-1,-1,1,-1
2015621501545,2,9,0,18,0,8,0,0,0,0,3,1,6,1,25,5,-1,-1,-1,-1,1,-1
2015621501545,3,9,0,8,0,1,0,0,0,0,1,1,6,2,42,7,-1,-1,-1,-1,1,-1
2015621501546,1,1,0,18,0,0,1,0,0,0,0,1,6,1,29,6,-1,-1,-1,-1,-1,-1
2015621501547,1,9,0,9,0,6,0,0,0,0,0,1,6,2,21,5,-1,-1,-1,-1,1,-1
2015621501547,2,1,0,18,0,1,0,0,0,0,0,1,6,1,57,9,-1,-1,-1,-1,1,-1
2015621501548,1,1,0,18,0,1,0,0,1,0,1,1,6,1,41,7,-1,-1,-1,-1,1,-1
2015621501548,2,19,0,9,0,2,0,0,0,0,2,1,1,1,50,8,-1,-1,-1,-1,1,-1
2015621501549,1,9,0,5,0,0,0,0,0,0,3,1,6,1,65,9,-1,-1,-1,-1,1,-1
2015621501550,1,11,0,5,0,1,0,0,0,0,1,1,1,1,39,7,-1,-1,-1,-1,1,-1
2015621501550,2,8,0,4,0,1,0,0,0,0,2,1,1,1,59,9,-1,-1,-1,-1,1,-1
2015621501551,1,9,0,7,0,8,0,0,0,0,1,1,6,2,17,4,-1,-1,-1,-1,2,-1
2015621501551,2,5,0,18,0,8,0,0,0,0,4,1,6,1,30,6,-1,-1,-1,-1,2,-1
2015621501552,1,5,0,13,0,0,0,0,0,0,4,1,6,1,68,10,-1,-1,-1,-1,2,-1
2015621501552,2,9,0,18,0,0,0,0,0,0,3,1,6,2,62,9,-1,-1,-1,-1,1,-1
2015621501553,1,9,0,18,0,0,5,0,2,4,3,1,6,1,17,4,-1,-1,-1,-1,1,-1
2015621501554,1,9,0,4,0,0,0,0,0,0,1,1,6,1,49,8,-1,-1,-1,-1,2,-1
2015621501554,2,9,0,4,0,0,0,0,0,0,2,1,6,2,30,6,-1,-1,-1,-1,1,-1
2015621501554,3,9,0,3,0,0,0,0,0,0,2,1,6,2,38,7,-1,-1,-1,-1,1,-1
2015621501555,1,9,0,17,0,0,1,0,7,11,1,1,6,1,22,5,-1,-1,-1,-1,1,-1
2015621501555,2,9,0,4,0,0,0,0,0,0,1,1,6,2,71,10,-1,-1,-1,-1,1,-1
2015621501555,3,9,0,4,0,0,0,0,0,0,2,1,6,2,31,6,-1,-1,-1,-1,1,-1
2015621501556,1,9,0,18,0,0,1,4,0,0,1,1,6,2,28,6,-1,-1,-1,-1,1,-1
2015621501556,2,9,0,2,0,0,0,0,0,0,2,1,6,2,27,6,-1,-1,-1,-1,1,-1
2015621501557,1,5,0,18,0,0,0,0,0,0,1,1,6,3,-1,-1,-1,-1,-1,-1,-1,-1
2015621501558,1,9,0,18,0,8,0,0,0,0,1,1,6,1,48,8,-1,-1,-1,-1,1,-1
2015621501558,2,19,0,18,0,8,0,0,0,0,3,1,1,1,67,10,-1,-1,-1,-1,1,-1
2015621501559,1,9,0,18,0,1,5,0,1,10,3,1,2,2,25,5,-1,-1,-1,-1,2,-1
2015621501559,2,9,0,3,0,1,0,0,0,0,4,1,6,2,34,6,-1,-1,-1,-1,1,-1
2015621501560,1,9,0,18,0,8,0,0,0,0,1,1,6,2,56,9,-1,-1,-1,-1,1,-1
2015621501560,2,9,0,7,0,8,0,0,0,0,1,1,6,1,50,8,-1,-1,-1,-1,1,-1
2015621501561,1,3,0,13,0,0,0,4,0,0,1,1,1,1,21,5,-1,-1,-1,-1,3,-1
2015621501561,2,19,0,1,0,0,0,0,0,0,2,1,1,1,31,6,-1,-1,-1,-1,2,-1
2015621501561,3,9,0,2,0,0,0,0,0,0,1,1,6,3,-1,-1,-1,-1,-1,-1,-1,-1
2015621501562,1,9,0,12,0,3,5,0,0,10,4,1,1,1,44,7,-1,-1,-1,-1,1,-1
2015621501563,1,9,0,17,0,0,5,0,2,4,4,1,2,1,27,6,-1,-1,-1,-1,2,-1
2015621501564,1,9,0,9,0,6,0,0,0,0,3,1,3,2,37,7,-1,-1,-1,-1,2,-1
2015621501564,2,10,0,18,0,1,1,0,0,0,1,1,1,1,65,9,-1,-1,-1,-1,1,-1
2015621501565,1,9,0,5,0,2,0,0,0,0,1,1,6,2,64,9,-1,-1,-1,-1,1,-1
2015621501566,1,9,0,9,0,6,0,0,0,0,3,1,6,2,23,5,-1,-1,-1,-1,1,-1
2015621501566,2,9,0,18,0,8,0,0,0,0,1,1,2,1,78,11,-1,-1,-1,-1,1,-1
2015621501567,1,9,0,1,0,2,0,0,0,0,2,1,1,1,24,5,-1,-1,-1,-1,1,-1
2015621501568,1,9,0,2,0,0,0,0,0,0,3,1,6,1,72,10,-1,-1,-1,-1,1,-1
2015621501568,2,9,0,18,0,0,0,4,0,0,4,1,6,1,26,6,-1,-1,-1,-1,3,-1
2015621501569,1,3,0,16,0,0,1,0,0,0,0,1,6,1,22,5,-1,-1,-1,-1,1,-1
2015621501570,1,97,0,13,0,1,0,0,0,0,1,1,6,1,16,4,-1,-1,-1,-1,1,-1
2015621501570,2,9,0,9,0,1,0,0,0,0,1,1,6,1,53,8,-1,-1,-1,-1,1,-1
2015621501571,1,9,0,14,0,2,0,0,0,0,3,1,2,2,49,8,-1,-1,-1,-1,1,-1
2015621501572,1,9,0,17,0,0,5,0,1,0,0,1,6,1,22,5,-1,-1,-1,-1,1,-1
2015621501573,1,9,0,7,0,6,0,0,0,11,3,1,6,2,79,11,-1,-1,-1,-1,1,-1
2015621501573,2,9,0,16,0,1,0,0,0,0,1,1,6,2,88,11,-1,-1,-1,-1,1,-1
2015621501574,1,9,0,12,0,0,0,0,0,0,1,1,6,1,22,5,-1,-1,-1,-1,1,-1
2015621501574,2,9,0,18,0,0,0,0,0,0,1,1,6,1,38,7,-1,-1,-1,-1,1,-1
2015621501574,3,9,0,18,0,0,1,0,1,0,3,1,6,2,26,6,-1,-1,-1,-1,1,-1
2015621501575,1,9,0,18,0,0,5,7,0,0,1,1,6,2,81,11,-1,-1,-1,-1,3,-1
2015621501576,1,4,0,18,0,1,0,0,0,0,1,1,6,1,65,9,-1,-1,-1,-1,1,-1
2015621501577,1,19,0,5,0,1,0,0,0,0,1,1,6,1,28,6,-1,-1,-1,-1,1,-1
2015621501578,1,9,0,5,0,8,0,0,0,0,3,1,6,1,45,7,-1,-1,-1,-1,1,-1
2015621501578,2,9,0,18,0,8,0,0,0,0,4,1,6,1,20,4,-1,-1,-1,-1,1,-1
2015621501579,1,10,0,17,0,0,2,0,0,10,1,1,2,1,20,4,-1,-1,-1,-1,1,-1
2015621501580,1,9,0,18,0,3,0,0,0,0,1,1,6,2,37,7,-1,-1,-1,-1,2,-1
2015621501580,2,1,0,18,0,8,0,0,0,0,1,1,6,2,22,5,-1,-1,-1,-1,1,-1
2015621501581,1,9,0,18,0,1,0,0,1,4,1,1,6,2,45,7,-1,-1,-1,-1,1,-1
2015621501583,1,9,0,18,0,0,0,0,0,0,1,1,6,2,25,5,-1,-1,-1,-1,1,-1
2015621501584,1,9,0,4,0,1,0,0,0,0,1,1,6,2,31,6,-1,-1,-1,-1,1,-1
2015621501584,2,9,0,8,0,1,0,0,0,0,2,1,6,2,44,7,-1,-1,-1,-1,1,-1
2015621501585,1,9,0,16,0,0,1,0,1,9,3,1,6,1,20,4,-1,-1,-1,-1,3,-1
2015621501585,2,9,0,18,0,0,0,0,0,0,1,1,6,2,30,6,-1,-1,-1,-1,2,-1
2015621501585,3,9,0,18,0,0,0,0,0,0,1,1,6,2,21,5,-1,-1,-1,-1,3,-1
2015621501586,1,5,0,13,0,0,0,0,0,0,4,1,6,1,40,7,-1,-1,-1,-1,2,-1
2015621501586,2,9,0,6,0,0,0,0,0,0,3,1,6,1,31,6,-1,-1,-1,-1,1,-1
2015621501587,1,9,0,1,0,0,0,0,0,0,2,1,6,2,32,6,-1,-1,-1,-1,2,-1
2015621501587,2,9,0,4,0,0,0,0,0,0,1,1,1,2,43,7,-1,-1,-1,-1,1,-1
2015621501588,1,9,0,17,0,0,0,0,0,0,3,1,6,1,26,6,-1,-1,-1,-1,1,-1
2015621501588,2,9,0,16,0,0,0,0,0,0,3,1,6,1,58,9,-1,-1,-1,-1,1,-1
2015621501589,1,9,0,18,0,0,0,10,1,11,4,1,6,1,21,5,-1,-1,-1,-1,2,-1
2015621501590,1,9,0,7,0,1,0,0,0,0,4,1,1,1,50,8,-1,-1,-1,-1,1,-1
2015621501590,2,1,0,18,0,1,0,0,0,0,1,1,1,1,47,8,-1,-1,-1,-1,1,-1
2015621501591,1,9,0,18,0,0,0,0,1,10,4,1,6,2,63,9,-1,-1,-1,-1,1,-1
2015621501592,1,1,0,18,0,0,0,0,0,0,0,1,6,1,20,4,-1,-1,-1,-1,1,-1
2015621501593,1,2,0,18,0,1,0,0,0,0,0,1,6,2,26,6,-1,-1,-1,-1,1,-1
2015621501594,1,9,0,18,0,0,0,0,0,0,1,1,2,2,29,6,-1,-1,-1,-1,1,-1
2015621501594,2,9,0,4,0,0,0,0,0,0,2,1,6,1,19,4,-1,-1,-1,-1,3,-1
2015621501594,3,9,0,18,0,0,0,0,0,0,1,1,2,1,31,6,-1,-1,-1,-1,1,-1
2015621501594,4,9,0,18,0,0,0,0,0,0,1,1,6,2,20,4,-1,-1,-1,-1,3,-1
2015621501595,1,9,0,5,0,0,0,0,0,0,3,1,6,2,68,10,-1,-1,-1,-1,1,-1
2015621501596,1,9,0,7,0,8,0,7,0,0,4,1,6,3,-1,-1,-1,-1,-1,-1,-1,-1
2015621501596,2,3,0,7,0,4,1,0,0,0,3,1,2,1,47,8,-1,-1,-1,-1,1,-1
2015621501597,1,9,0,18,0,6,0,0,0,0,1,1,6,1,36,7,-1,-1,-1,-1,1,-1
2015621501597,2,9,0,18,0,8,5,0,0,0,4,1,6,1,54,8,-1,-1,-1,-1,1,-1
2015621501598,1,9,0,4,0,1,0,0,0,0,1,1,6,1,44,7,-1,-1,-1,-1,1,-1
2015621501598,2,1,0,18,0,1,0,0,0,0,4,1,6,1,55,8,-1,-1,-1,-1,1,-1
2015621501599,1,9,0,9,2,1,0,0,0,0,4,1,6,1,61,9,-1,-1,-1,-1,1,-1
2015621501599,2,4,0,18,0,1,0,0,0,0,1,1,6,1,32,6,-1,-1,-1,-1,1,-1
2015621501600,1,9,0,18,0,0,0,0,0,0,4,1,6,2,63,9,-1,-1,-1,-1,1,-1
2015621501601,1,9,0,18,0,1,0,0,0,0,1,1,6,2,76,11,-1,-1,-1,-1,1,-1
2015621501601,2,9,0,2,0,2,0,0,0,0,2,1,6,2,56,9,-1,-1,-1,-1,1,-1
2015621501602,1,9,0,18,0,0,0,0,0,0,1,1,6,1,21,5,-1,-1,-1,-1,1,-1
2015621501602,2,9,0,10,0,0,0,0,0,0,2,1,6,2,55,8,-1,-1,-1,-1,1,-1
2015621501602,3,19,0,18,0,0,0,0,1,0,1,1,2,1,47,8,-1,-1,-1,-1,1,-1
2015621501603,1,9,0,18,0,0,0,0,0,0,1,1,1,2,38,7,-1,-1,-1,-1,1,-1
2015621501604,1,9,0,16,0,0,1,0,1,2,1,1,6,1,32,6,-1,-1,-1,-1,1,-1
2015621501605,1,9,0,18,0,0,0,0,0,0,1,1,6,1,31,6,-1,-1,-1,-1,1,-1
2015621501605,2,19,0,4,0,0,0,0,0,0,2,1,2,1,50,8,-1,-1,-1,-1,3,-1
2015621501606,1,3,0,18,0,0,0,0,0,0,1,1,6,1,21,5,-1,-1,-1,-1,1,-1
2015621501606,2,9,0,6,0,0,0,0,0,0,1,1,6,2,23,5,-1,-1,-1,-1,1,-1
2015621501606,3,9,0,2,0,0,0,0,0,0,0,1,6,3,-1,-1,-1,-1,-1,-1,-1,-1
2015621501607,1,9,0,7,0,8,0,0,0,0,1,1,6,1,21,5,-1,-1,-1,-1,3,-1
2015621501608,1,90,0,18,0,8,0,0,0,0,1,1,1,1,27,6,-1,-1,-1,-1,1,-1
2015621501608,2,9,0,5,0,4,0,0,0,0,1,1,6,2,68,10,-1,-1,-1,-1,1,-1
2015621501609,1,9,0,4,0,1,1,0,0,0,1,1,6,1,48,8,-1,-1,-1,-1,1,-1
2015621501609,2,9,0,4,0,1,0,0,0,0,2,1,6,1,32,6,-1,-1,-1,-1,1,-1
2015621501610,1,9,0,9,0,6,0,0,0,0,3,1,6,2,43,7,-1,-1,-1,-1,1,-1
2015621501610,2,9,0,18,0,8,0,0,0,0,1,1,6,1,82,11,-1,-1,-1,-1,1,-1
2015621501611,1,9,0,5,0,4,0,0,0,0,1,1,6,2,21,5,-1,-1,-1,-1,1,-1
2015621501611,2,3,0,5,0,4,0,0,0,0,2,1,6,1,62,9,-1,-1,-1,-1,1,-1
2015621501612,1,9,0,4,0,1,0,0,0,0,1,1,3,2,43,7,-1,-1,-1,-1,1,-1
2015621501613,1,9,0,18,0,3,0,0,0,0,3,1,6,1,27,6,-1,-1,-1,-1,1,-1
2015621501614,1,9,0,18,0,1,0,7,0,0,1,1,6,1,86,11,-1,-1,-1,-1,1,-1
2015621501615,1,9,0,18,0,0,0,0,1,4,4,1,6,1,31,6,-1,-1,-1,-1,1,-1
2015621501616,1,9,0,9,0,6,1,0,0,0,3,1,1,2,21,5,-1,-1,-1,-1,1,-1
2015621501616,2,9,0,18,0,8,0,0,0,0,1,1,1,1,53,8,-1,-1,-1,-1,1,-1
2015621501617,1,9,0,18,0,1,1,0,0,0,1,1,6,1,36,7,-1,-1,-1,-1,1,-1
2015621501617,2,9,0,10,0,1,0,0,0,0,2,1,6,1,23,5,-1,-1,-1,-1,1,-1
2015621501618,1,9,0,18,0,0,0,0,0,0,1,1,6,1,35,6,-1,-1,-1,-1,1,-1
2015621501618,2,9,0,3,0,0,0,0,0,0,2,1,3,2,17,4,-1,-1,-1,-1,3,-1
2015621501618,3,9,0,3,0,0,0,0,0,0,2,1,2,1,43,7,-1,-1,-1,-1,1,-1
2015621501619,1,9,0,18,0,4,0,0,0,0,1,1,6,1,37,7,-1,-1,-1,-1,1,-1
2015621501619,2,5,0,9,0,8,1,0,0,0,2,1,6,1,49,8,-1,-1,-1,-1,1,-1
2015621501620,1,8,0,9,0,0,0,0,0,0,1,1,1,1,48,8,-1,-1,-1,-1,1,-1
2015621501621,1,9,0,18,0,0,0,0,0,0,1,1,6,2,50,8,-1,-1,-1,-1,1,-1
2015621501622,1,9,0,6,0,0,0,0,0,0,3,1,6,1,33,6,-1,-1,-1,-1,1,-1
2015621501622,2,3,0,14,0,0,0,0,0,0,1,1,6,2,35,6,-1,-1,-1,-1,1,-1
2015621501623,1,9,0,9,0,6,0,0,0,0,4,1,6,1,32,6,-1,-1,-1,-1,1,-1
2015621501623,2,9,0,18,0,8,0,0,0,0,4,1,6,1,38,7,-1,-1,-1,-1,3,-1
2015621501624,1,9,0,9,0,3,0,0,0,0,0,1,6,1,67,10,-1,-1,-1,-1,1,-1
2015621501624,2,5,0,9,0,3,0,0,0,0,0,1,6,1,53,8,-1,-1,-1,-1,1,-1
2015621501625,1,9,0,18,0,0,0,0,0,0,1,1,6,1,30,6,-1,-1,-1,-1,1,-1
2015621501625,2,9,0,18,0,0,0,0,0,0,3,1,6,1,27,6,-1,-1,-1,-1,1,-1
2015621501626,1,97,0,18,9,0,0,0,1,0,1,1,6,3,-1,-1,-1,-1,-1,-1,-1,-1
2015621501627,1,19,0,9,0,6,0,0,0,0,3,1,6,3,-1,-1,-1,-1,-1,-1,-1,-1
2015621501627,2,2,0,18,0,8,0,0,0,0,1,1,2,1,27,6,-1,-1,-1,-1,1,-1
2015621501628,1,9,0,4,0,1,0,7,0,0,1,1,6,1,79,11,-1,-1,-1,-1,1,-1
2015621501629,1,9,0,17,0,0,0,0,0,6,3,1,6,1,29,6,-1,-1,-1,-1,1,-1
2015621501630,1,9,0,4,0,0,0,0,0,0,2,1,2,2,23,5,-1,-1,-1,-1,1,-1
2015621501630,2,5,0,18,0,0,0,0,0,0,1,1,6,1,45,7,-1,-1,-1,-1,1,-1
2015621501631,1,9,0,9,0,5,0,0,0,0,1,1,6,2,30,6,-1,-1,-1,-1,1,-1
2015621501631,2,8,0,18,0,8,0,0,0,0,1,1,6,1,33,6,-1,-1,-1,-1,1,-1
2015621501632,1,11,0,4,0,0,0,0,0,0,4,1,1,1,66,10,-1,-1,-1,-1,1,-1
2015621501633,1,9,0,18,0,8,1,0,7,0,3,1,6,1,21,5,-1,-1,-1,-1,1,-1
2015621501633,2,8,0,9,0,8,0,0,0,0,1,1,1,1,63,9,-1,-1,-1,-1,1,-1
2015621501634,1,9,0,1,0,0,0,0,0,0,4,1,6,1,61,9,-1,-1,-1,-1,1,-1
2015621501634,2,1,0,18,0,0,0,0,0,0,1,1,6,1,17,4,-1,-1,-1,-1,1,-1
2015621501635,1,9,0,18,0,8,0,0,0,0,1,1,6,2,32,6,-1,-1,-1,-1,1,-1
2015621501635,2,9,0,9,0,8,0,0,0,0,4,1,6,2,53,8,-1,-1,-1,-1,1,-1
2015621501636,1,19,0,18,0,0,0,0,0,0,1,1,1,1,26,6,-1,-1,-1,-1,3,-1
2015621501636,2,9,0,4,0,0,0,0,0,0,2,1,1,1,22,5,-1,-1,-1,-1,1,-1
2015621501637,1,9,0,1,0,0,0,0,0,0,2,1,6,1,43,7,-1,-1,-1,-1,1,-1
2015621501637,2,2,0,3,0,0,0,0,0,0,1,1,1,1,18,4,-1,-1,-1,-1,1,-1
2015621501638,1,5,0,18,0,0,1,0,0,0,4,1,6,1,49,8,-1,-1,-1,-1,1,-1
2015621501638,2,5,0,13,0,0,1,0,0,0,3,1,6,1,56,9,-1,-1,-1,-1,1,-1
2015621501639,1,9,0,18,0,0,0,0,0,0,1,1,6,1,32,6,-1,-1,-1,-1,1,-1
2015621501639,2,9,0,18,0,0,0,0,1,11,1,1,6,1,58,9,-1,-1,-1,-1,1,-1
2015621501640,1,9,0,18,0,0,0,0,0,0,1,1,6,2,33,6,-1,-1,-1,-1,1,-1
2015621501640,2,19,0,2,0,0,0,0,0,0,2,1,6,3,-1,-1,-1,-1,-1,-1,-1,-1
2015621501641,1,9,0,13,0,1,0,0,0,0,3,1,6,1,30,6,-1,-1,-1,-1,1,-1
2015621501641,2,5,0,18,0,1,0,0,0,0,4,1,6,1,31,6,-1,-1,-1,-1,1,-1
2015621501642,1,9,0,14,0,0,0,0,0,0,1,1,6,2,77,11,-1,-1,-1,-1,1,-1
2015621501642,2,11,0,2,0,0,0,0,0,0,0,1,1,3,-1,-1,-1,-1,-1,-1,-1,-1
2015621501643,1,9,0,18,0,8,1,0,1,0,3,1,6,3,-1,-1,-1,-1,-1,-1,-1,-1
2015621501644,1,9,0,18,0,0,0,4,0,0,1,1,6,1,19,4,-1,-1,-1,-1,2,-1
2015621501644,2,10,0,2,0,0,0,0,0,0,3,1,1,3,-1,-1,-1,-1,-1,-1,-1,-1
2015621501645,1,9,0,9,0,5,0,0,0,0,4,1,6,2,37,7,-1,-1,-1,-1,1,-1
2015621501645,2,5,0,18,0,8,1,0,0,0,1,1,6,1,43,7,-1,-1,-1,-1,1,-1
2015621501646,1,9,0,18,0,0,0,0,0,0,1,1,6,2,45,7,-1,-1,-1,-1,1,-1
2015621501647,1,9,0,18,0,0,0,0,0,0,1,1,1,1,40,7,-1,-1,-1,-1,1,-1
2015621501647,2,1,0,18,0,0,0,0,0,0,2,1,6,1,43,7,-1,-1,-1,-1,2,-1
2015621501648,1,9,0,7,0,6,0,0,0,0,1,1,6,2,64,9,-1,-1,-1,-1,1,-1
2015621501648,2,9,0,18,0,8,0,0,0,0,4,1,6,2,44,7,-1,-1,-1,-1,1,-1
2015621501649,1,9,0,18,0,1,0,0,0,0,1,1,6,2,47,8,-1,-1,-1,-1,1,-1
2015621501649,2,9,0,18,0,1,0,0,0,0,2,1,6,2,66,10,-1,-1,-1,-1,1,-1
2015621501649,3,9,0,18,0,1,0,0,0,0,2,1,1,1,38,7,-1,-1,-1,-1,1,-1
2015621501650,1,9,0,18,0,8,0,0,7,10,1,1,6,1,26,6,-1,-1,-1,-1,1,-1
2015621501651,1,1,0,18,0,1,1,0,0,0,3,1,6,1,28,6,-1,-1,-1,-1,1,-1
2015621501651,2,9,0,11,0,1,0,0,0,0,4,1,6,1,56,9,-1,-1,-1,-1,1,-1
2015621501652,1,19,0,4,0,1,0,0,0,0,1,1,6,1,74,10,-1,-1,-1,-1,2,-1
2015621501652,2,9,0,4,0,1,0,0,0,0,2,1,6,1,47,8,-1,-1,-1,-1,1,-1
2015621501654,1,2,0,13,0,8,0,0,0,0,1,1,6,1,21,5,-1,-1,-1,-1,3,-1
2015621501654,2,9,0,9,0,8,0,0,0,0,3,1,6,1,53,8,-1,-1,-1,-1,1,-1
2015621501655,1,9,0,17,0,0,0,0,0,0,3,1,6,2,31,6,-1,-1,-1,-1,2,-1
2015621501655,2,16,0,18,0,0,0,0,0,0,4,1,6,2,48,8,-1,-1,-1,-1,1,-1
2015621501656,1,9,0,4,0,4,0,0,0,0,1,1,6,2,34,6,-1,-1,-1,-1,1,-1
2015621501656,2,9,0,6,0,4,0,0,0,0,3,1,6,1,31,6,-1,-1,-1,-1,1,-1
2015621501657,1,9,0,17,0,4,0,0,0,0,3,1,6,1,38,7,-1,-1,-1,-1,1,-1
2015621501657,2,3,0,18,0,3,1,0,0,0,1,1,2,1,20,4,-1,-1,-1,-1,1,-1
2015621501658,1,19,0,18,0,3,0,0,0,0,3,1,6,3,-1,-1,-1,-1,-1,-1,-1,-1
2015621501659,1,19,0,12,0,0,0,0,0,0,3,1,1,1,52,8,-1,-1,-1,-1,3,-1
2015621501659,2,19,0,18,0,0,0,0,0,0,4,1,1,1,55,8,-1,-1,-1,-1,1,-1
2015621501660,1,9,0,18,0,8,1,0,0,1,1,1,6,2,34,6,-1,-1,-1,-1,1,-1
2015621501661,1,19,0,17,0,4,1,0,0,0,1,1,6,1,22,5,-1,-1,-1,-1,1,-1
2015621501661,2,21,0,18,0,4,0,0,0,0,3,1,1,1,53,8,-1,-1,-1,-1,1,-1
2015621501662,1,9,0,5,0,1,0,0,0,0,1,1,6,1,28,6,-1,-1,-1,-1,1,-1
2015621501662,2,9,0,4,0,1,0,0,0,0,2,1,6,2,28,6,-1,-1,-1,-1,1,-1
2015621501663,1,9,0,18,0,0,0,4,0,0,4,1,6,1,78,11,-1,-1,-1,-1,2,-1
2015621501663,2,9,0,18,0,0,0,0,0,0,3,1,6,3,-1,-1,-1,-1,-1,-1,-1,-1
2015621501664,1,9,0,18,0,0,0,4,0,0,4,1,6,1,18,4,-1,-1,-1,-1,1,-1
2015621501664,2,9,0,18,0,0,0,0,0,0,3,1,6,3,-1,-1,-1,-1,-1,-1,-1,-1
2015621501664,3,9,0,2,0,0,0,0,0,0,3,1,6,3,-1,-1,-1,-1,-1,-1,-1,-1
2015621501665,1,9,0,18,0,1,0,0,0,0,1,1,6,1,36,7,-1,-1,-1,-1,1,-1
2015621501665,2,9,0,4,0,1,0,0,0,0,2,1,6,2,47,8,-1,-1,-1,-1,1,-1
2015621501665,3,9,0,4,0,1,0,0,0,0,2,1,6,1,43,7,-1,-1,-1,-1,1,-1
2015621501666,1,9,0,18,0,1,0,0,0,0,1,1,6,1,76,11,-1,-1,-1,-1,1,-1
2015621501667,1,9,0,9,0,5,0,0,0,0,1,1,2,1,30,6,-1,-1,-1,-1,1,-1
2015621501667,2,1,0,18,0,1,0,0,0,0,1,1,2,1,20,4,-1,-1,-1,-1,1,-1
2015621501668,1,9,0,18,0,0,0,0,0,0,3,1,6,2,44,7,-1,-1,-1,-1,1,-1
2015621501669,1,1,0,18,0,6,0,0,0,0,3,1,6,1,14,3,-1,-1,-1,-1,1,-1
2015621501669,2,9,0,18,0,1,0,0,0,0,1,1,6,1,31,6,-1,-1,-1,-1,1,-1
2015621501670,1,9,0,18,0,0,0,0,0,0,1,1,6,1,35,6,-1,-1,-1,-1,1,-1
2015621501670,2,9,0,4,0,0,0,0,0,0,2,1,6,1,71,10,-1,-1,-1,-1,1,-1
2015621501671,1,9,0,18,0,0,0,0,0,0,1,1,6,2,24,5,-1,-1,-1,-1,1,-1
2015621501671,2,9,0,4,0,0,0,0,0,0,2,1,6,2,65,9,-1,-1,-1,-1,1,-1
2015621501672,1,20,0,18,0,0,0,0,0,0,1,1,1,1,31,6,-1,-1,-1,-1,1,-1
2015621501673,1,9,0,18,0,1,0,0,0,0,1,1,6,1,41,7,-1,-1,-1,-1,1,-1
2015621501673,2,9,0,18,0,1,0,0,0,0,1,1,6,2,42,7,-1,-1,-1,-1,1,-1
2015621501673,3,9,0,18,0,1,0,0,0,0,1,1,6,1,48,8,-1,-1,-1,-1,1,-1
2015621501674,1,9,0,9,0,2,0,0,0,0,3,1,6,1,66,10,-1,-1,-1,-1,1,-1
2015621501674,2,9,0,18,0,1,0,0,0,0,1,1,6,1,48,8,-1,-1,-1,-1,1,-1
2015621501675,1,9,0,16,0,0,5,0,0,0,3,1,6,2,17,4,-1,-1,-1,-1,1,-1
2015621501676,1,19,0,18,0,2,5,0,1,11,3,1,6,1,25,5,-1,-1,-1,-1,1,-1
2015621501677,1,9,0,9,0,1,0,0,0,0,1,1,2,1,25,5,-1,-1,-1,-1,3,-1
2015621501677,2,1,0,18,0,8,0,0,0,0,1,1,6,1,18,4,-1,-1,-1,-1,1,-1