Accident_Index,Vehicle_Reference,Vehicle_Type,Towing_and_Articulation,Vehicle_Manoeuvre,Vehicle_Location-Restricted_Lane,Junction_Location,Skidding_and_Overturning,Hit_Object_in_Carriageway,Vehicle_Leaving_Carriageway,Hit_Object_off_Carriageway,1st_Point_of_Impact,Was_Vehicle_Left_Hand_Drive?,Journey_Purpose_of_Driver,Sex_of_Driver,Age_of_Driver,Age_Band_of_Driver,Engine_Capacity_(CC),Propulsion_Code,Age_of_Vehicle,Driver_IMD_Decile,Driver_Home_Area_Type,Vehicle_IMD_Decile
2015621501678,1,9,0,13,0,1,0,0,0,0,1,1,6,1,37,7,-1,-1,-1,-1,1,-1
2015621501678,2,9,0,14,0,1,0,0,0,0,3,1,6,2,43,7,-1,-1,-1,-1,1,-1
2015621501679,1,1,0,17,0,8,1,0,1,11,1,1,6,1,16,4,-1,-1,-1,-1,1,-1
2015621501680,1,9,0,18,0,0,5,0,1,10,4,1,6,1,17,4,-1,-1,-1,-1,3,-1
2015621501681,1,9,0,5,0,6,0,0,0,0,1,1,6,2,25,5,-1,-1,-1,-1,1,-1
2015621501681,2,9,0,5,0,6,0,0,0,0,2,1,6,1,63,9,-1,-1,-1,-1,1,-1
2015621501682,1,9,0,18,0,0,0,0,0,0,4,1,6,2,57,9,-1,-1,-1,-1,2,-1
2015621501683,1,9,0,18,0,1,0,0,0,0,1,1,6,2,56,9,-1,-1,-1,-1,1,-1
2015621501683,2,8,0,18,0,1,0,0,0,0,2,1,1,1,37,7,-1,-1,-1,-1,1,-1
2015621501684,1,9,0,18,0,0,0,0,7,4,1,1,6,2,53,8,-1,-1,-1,-1,1,-1
2015621501685,1,9,0,18,0,2,0,0,0,0,4,1,6,1,61,9,-1,-1,-1,-1,1,-1
2015621501686,1,3,0,18,0,2,0,0,0,0,4,1,6,1,34,6,-1,-1,-1,-1,1,-1
2015621501686,2,9,0,2,0,1,0,0,0,0,2,1,6,3,-1,-1,-1,-1,-1,-1,-1,-1
2015621501687,1,19,0,4,0,0,0,0,0,0,1,1,1,1,55,8,-1,-1,-1,-1,1,-1
2015621501687,2,9,0,3,0,0,0,0,0,0,2,1,6,2,56,9,-1,-1,-1,-1,1,-1
2015621501688,1,9,0,18,0,2,0,0,1,4,1,1,6,2,73,10,-1,-1,-1,-1,1,-1
2015621501689,1,9,0,4,0,4,0,0,0,0,1,1,6,2,79,11,-1,-1,-1,-1,3,-1
2015621501689,2,9,0,9,0,8,0,0,0,0,4,1,6,1,28,6,-1,-1,-1,-1,1,-1
2015621501690,1,9,0,18,0,1,0,0,0,0,1,1,6,1,17,4,-1,-1,-1,-1,1,-1
2015621501691,1,4,0,18,0,1,0,10,1,0,4,1,2,2,60,9,-1,-1,-1,-1,1,-1
2015621501692,1,9,0,1,0,0,0,0,0,0,2,1,4,2,22,5,-1,-1,-1,-1,1,-1
2015621501693,1,9,0,18,0,4,0,0,0,0,1,1,6,1,38,7,-1,-1,-1,-1,3,-1
2015621501693,2,1,0,18,0,4,0,0,0,0,4,1,6,1,75,10,-1,-1,-1,-1,1,-1
2015621501694,1,21,0,18,0,1,0,0,0,0,1,1,1,1,28,6,-1,-1,-1,-1,1,-1
2015621501694,2,9,0,18,0,1,1,0,0,0,3,1,2,2,66,10,-1,-1,-1,-1,1,-1
2015621501695,1,9,0,18,0,1,0,0,0,0,1,1,2,1,30,6,-1,-1,-1,-1,1,-1
2015621501696,1,9,0,9,0,1,0,0,0,0,1,1,6,1,54,8,-1,-1,-1,-1,3,-1
2015621501697,1,1,0,18,0,0,0,0,0,0,3,1,6,1,12,3,-1,-1,-1,-1,1,-1
2015621501697,2,9,0,18,0,0,0,0,0,0,1,1,2,1,25,5,-1,-1,-1,-1,1,-1
2015621501698,1,9,0,16,0,0,0,0,0,0,1,1,6,1,29,6,-1,-1,-1,-1,2,-1
2015621501698,2,9,0,18,0,0,0,0,0,0,1,1,6,2,60,9,-1,-1,-1,-1,1,-1
2015621501699,1,9,0,16,0,0,0,0,0,0,1,1,6,2,21,5,-1,-1,-1,-1,3,-1
2015621501699,2,9,0,2,0,0,0,0,0,0,2,1,6,3,-1,-1,-1,-1,-1,-1,-1,-1
2015621501700,1,19,0,18,0,0,0,0,0,0,4,1,6,3,-1,-1,-1,-1,-1,-1,-1,-1
2015621501701,1,9,0,7,0,2,0,0,0,0,3,1,6,2,46,8,-1,-1,-1,-1,1,-1
2015621501701,2,9,0,18,0,1,0,0,0,0,1,1,6,2,27,6,-1,-1,-1,-1,1,-1
2015621501702,1,9,0,18,0,1,0,0,0,0,1,1,6,1,46,8,-1,-1,-1,-1,1,-1
2015621501702,2,9,0,18,0,2,0,0,0,0,1,1,6,1,44,7,-1,-1,-1,-1,1,-1
2015621501703,1,9,0,14,0,2,5,7,1,10,1,1,3,1,68,10,-1,-1,-1,-1,1,-1
2015621501704,1,9,0,1,0,0,0,0,0,0,2,1,6,1,16,4,-1,-1,-1,-1,1,-1
2015621501704,2,9,0,2,0,0,0,0,0,0,1,1,6,2,41,7,-1,-1,-1,-1,1,-1
2015621501705,1,9,0,18,0,8,0,0,7,2,1,1,6,1,17,4,-1,-1,-1,-1,1,-1
2015621501705,2,9,0,18,0,8,0,0,0,0,1,1,1,2,22,5,-1,-1,-1,-1,1,-1
2015621501707,1,1,0,18,5,0,0,0,0,0,0,1,6,1,51,8,-1,-1,-1,-1,1,-1
2015621501708,1,9,0,18,0,0,0,0,0,0,1,1,6,1,56,9,-1,-1,-1,-1,1,-1
2015621501708,2,9,0,4,0,0,0,0,0,0,2,1,6,1,58,9,-1,-1,-1,-1,1,-1
2015621501708,3,9,0,4,0,0,0,0,0,0,2,1,6,1,49,8,-1,-1,-1,-1,1,-1
2015621501708,4,9,0,4,0,0,0,0,0,0,2,1,6,2,29,6,-1,-1,-1,-1,1,-1
2015621501709,1,9,0,18,0,1,0,0,0,0,1,1,6,1,85,11,-1,-1,-1,-1,1,-1
2015621501709,2,1,0,18,0,1,0,0,0,0,1,1,6,1,39,7,-1,-1,-1,-1,3,-1
2015621501710,1,9,0,4,0,1,0,0,0,0,1,1,6,2,33,6,-1,-1,-1,-1,1,-1
2015621501710,2,9,0,4,0,1,0,0,0,0,2,1,6,1,30,6,-1,-1,-1,-1,1,-1
2015621501710,3,9,0,4,0,1,0,0,0,0,1,1,6,2,41,7,-1,-1,-1,-1,1,-1
2015621501711,1,9,0,9,0,6,0,0,0,0,1,1,6,1,79,11,-1,-1,-1,-1,1,-1
2015621501711,2,1,0,18,0,1,0,0,0,0,2,1,6,1,68,10,-1,-1,-1,-1,1,-1
2015621501712,1,9,0,4,0,1,0,0,0,0,1,1,6,2,20,4,-1,-1,-1,-1,1,-1
2015621501712,2,9,0,3,0,1,0,0,0,0,2,1,6,1,55,8,-1,-1,-1,-1,1,-1
2015621501712,3,9,0,10,0,1,0,0,0,0,1,1,6,2,47,8,-1,-1,-1,-1,1,-1
2015621501713,1,9,0,4,0,8,0,0,0,0,1,1,2,2,21,5,-1,-1,-1,-1,1,-1
2015621501713,2,9,0,4,0,8,0,0,0,0,2,1,2,2,54,8,-1,-1,-1,-1,1,-1
2015621501714,1,-1,4,-1,0,3,0,0,0,0,-1,1,6,3,-1,-1,-1,-1,-1,-1,-1,-1
2015621501714,2,9,0,16,0,3,0,0,0,0,3,1,6,2,45,7,-1,-1,-1,-1,1,-1
2015621501715,1,9,0,18,0,1,1,0,0,0,1,1,2,1,45,7,-1,-1,-1,-1,1,-1
2015621501715,2,9,0,3,0,1,0,0,0,0,2,1,6,1,78,11,-1,-1,-1,-1,1,-1
2015621501715,3,9,0,3,0,1,0,0,0,0,2,1,6,3,54,8,-1,-1,-1,-1,1,-1
2015621501715,4,9,0,3,0,1,0,0,0,0,2,1,2,1,19,4,-1,-1,-1,-1,3,-1
2015621501715,5,9,0,3,0,1,0,0,0,0,2,1,6,2,46,8,-1,-1,-1,-1,1,-1
2015621501715,6,9,0,18,0,2,0,0,0,0,1,1,6,1,87,11,-1,-1,-1,-1,1,-1
2015621501716,1,9,0,17,0,0,0,0,0,0,1,1,6,2,44,7,-1,-1,-1,-1,1,-1
2015621501716,2,9,0,2,0,0,0,0,0,0,2,1,6,3,-1,-1,-1,-1,-1,-1,-1,-1
2015621501716,3,9,0,2,0,0,0,0,0,0,2,1,6,3,-1,-1,-1,-1,-1,-1,-1,-1
2015621501717,1,19,0,9,0,1,0,0,0,0,4,1,1,1,39,7,-1,-1,-1,-1,1,-1
2015621501717,2,9,0,18,0,1,0,0,0,0,1,1,6,1,66,10,-1,-1,-1,-1,2,-1
2015621501718,1,9,0,18,0,8,2,0,7,0,0,1,6,1,30,6,-1,-1,-1,-1,2,-1
2015621501719,1,1,0,18,0,1,0,0,0,0,1,1,6,2,67,10,-1,-1,-1,-1,3,-1
2015621501719,2,1,0,7,0,1,0,0,0,0,2,1,6,1,55,8,-1,-1,-1,-1,3,-1
2015621501720,1,9,0,18,0,1,0,0,0,0,1,1,6,1,38,7,-1,-1,-1,-1,1,-1
2015621501720,2,9,0,4,0,1,0,0,0,0,2,1,6,2,68,10,-1,-1,-1,-1,1,-1
2015621501721,1,9,0,18,0,2,0,0,0,0,1,1,6,1,19,4,-1,-1,-1,-1,1,-1
2015621501721,2,19,0,18,0,1,0,0,0,0,3,1,6,1,29,6,-1,-1,-1,-1,1,-1
2015621501722,1,9,0,17,0,0,1,0,1,11,1,1,1,2,24,5,-1,-1,-1,-1,1,-1
2015621501723,1,9,0,5,0,0,0,0,0,0,1,1,6,2,45,7,-1,-1,-1,-1,1,-1
2015621501723,2,9,0,5,0,0,0,0,0,0,2,1,6,1,51,8,-1,-1,-1,-1,2,-1
2015621501724,1,9,0,18,0,0,0,0,0,0,1,1,6,1,43,7,-1,-1,-1,-1,1,-1
2015621501724,2,5,0,3,0,0,0,0,0,0,2,1,1,1,44,7,-1,-1,-1,-1,1,-1
2015621501725,1,1,0,18,0,6,0,0,0,0,1,1,6,2,11,3,-1,-1,-1,-1,1,-1
2015621501725,2,9,0,18,0,1,0,0,0,0,1,1,6,2,31,6,-1,-1,-1,-1,1,-1
2015621501726,1,9,0,7,0,1,0,0,0,0,1,1,6,1,83,11,-1,-1,-1,-1,1,-1
2015621501726,2,11,0,18,0,1,0,0,0,0,4,1,1,1,29,6,-1,-1,-1,-1,1,-1
2015621501727,1,9,0,18,0,8,0,0,0,0,3,1,6,2,20,4,-1,-1,-1,-1,1,-1
2015621501727,2,3,0,18,0,8,0,0,0,0,1,1,6,1,23,5,-1,-1,-1,-1,1,-1
2015621501728,1,9,0,9,0,8,0,0,0,0,1,1,6,1,24,5,-1,-1,-1,-1,1,-1
2015621501728,2,9,0,18,0,3,0,0,0,0,4,1,6,1,34,6,-1,-1,-1,-1,1,-1
2015621501729,1,9,0,18,0,0,0,0,0,0,1,1,2,2,23,5,-1,-1,-1,-1,1,-1
2015621501729,2,9,0,4,0,0,0,0,0,0,2,1,2,1,26,6,-1,-1,-1,-1,1,-1
2015621501729,3,9,0,4,0,0,0,0,0,0,2,1,2,2,38,7,-1,-1,-1,-1,1,-1
2015621501729,4,9,0,18,0,0,0,0,0,0,1,1,2,1,33,6,-1,-1,-1,-1,1,-1
2015621501730,1,9,0,4,0,0,0,0,0,0,1,1,6,1,28,6,-1,-1,-1,-1,1,-1
2015621501730,2,9,0,3,0,0,0,0,0,0,2,1,6,2,21,5,-1,-1,-1,-1,1,-1
2015621501730,3,9,0,3,0,0,1,0,0,0,2,1,6,1,54,8,-1,-1,-1,-1,3,-1
2015621501731,1,9,0,18,0,1,0,0,0,0,3,1,6,1,32,6,-1,-1,-1,-1,1,-1
2015621501732,1,9,0,18,0,0,0,0,0,0,1,1,6,2,28,6,-1,-1,-1,-1,2,-1
2015621501732,2,1,0,18,0,0,0,0,0,0,1,1,6,1,52,8,-1,-1,-1,-1,1,-1
2015621501733,1,9,0,18,0,1,0,0,0,0,4,1,6,1,20,4,-1,-1,-1,-1,1,-1
2015621501734,1,9,0,9,0,6,0,0,0,0,1,1,6,1,47,8,-1,-1,-1,-1,1,-1
2015621501734,2,8,0,18,0,8,0,0,1,11,4,1,6,1,30,6,-1,-1,-1,-1,1,-1
2015621501735,1,9,0,4,0,0,0,0,0,0,1,1,2,2,51,8,-1,-1,-1,-1,3,-1
2015621501735,2,9,0,3,0,0,0,0,0,0,2,1,6,2,70,10,-1,-1,-1,-1,1,-1
2015621501736,1,5,0,15,0,0,0,0,0,0,1,1,6,1,50,8,-1,-1,-1,-1,1,-1
2015621501736,2,9,0,12,0,0,0,0,0,0,3,1,6,1,37,7,-1,-1,-1,-1,1,-1
2015621501737,1,5,0,18,0,0,0,0,0,0,0,1,2,1,25,5,-1,-1,-1,-1,1,-1
2015621501738,1,9,0,18,0,8,0,4,0,0,1,1,6,2,38,7,-1,-1,-1,-1,1,-1
2015621501738,2,9,0,2,0,1,0,0,0,0,4,1,6,3,-1,-1,-1,-1,-1,-1,-1,-1
2015621501738,3,9,0,2,0,1,0,0,0,0,3,1,6,3,-1,-1,-1,-1,-1,-1,-1,-1
2015621501739,1,19,0,9,0,6,0,0,0,0,3,1,1,1,32,6,-1,-1,-1,-1,1,-1
2015621501739,2,11,0,18,0,8,0,0,0,0,1,1,1,1,38,7,-1,-1,-1,-1,2,-1
2015621501740,1,9,0,18,0,0,0,0,0,0,1,1,6,1,71,10,-1,-1,-1,-1,1,-1
2015621501740,2,9,0,3,0,0,0,0,0,0,2,1,6,2,33,6,-1,-1,-1,-1,1,-1
2015621501740,3,19,0,3,0,0,0,0,0,0,2,1,6,1,61,9,-1,-1,-1,-1,1,-1
2015621501742,1,9,0,18,0,0,0,0,0,0,1,1,6,1,45,7,-1,-1,-1,-1,1,-1
2015621501743,1,9,0,5,0,6,0,0,0,0,3,1,6,1,20,4,-1,-1,-1,-1,1,-1
2015621501743,2,3,0,18,0,8,0,0,0,0,1,1,6,1,21,5,-1,-1,-1,-1,2,-1
2015621501744,1,9,0,18,0,0,0,0,4,6,1,1,6,2,58,9,-1,-1,-1,-1,1,-1
2015621501745,1,9,0,18,0,0,0,0,0,0,1,1,2,2,28,6,-1,-1,-1,-1,3,-1
2015621501745,2,9,0,4,0,0,0,0,0,0,2,1,6,1,29,6,-1,-1,-1,-1,1,-1
2015621501746,1,9,0,18,0,1,0,0,0,0,1,1,6,2,34,6,-1,-1,-1,-1,1,-1
2015621501746,2,9,0,3,0,1,0,0,0,0,2,1,6,2,39,7,-1,-1,-1,-1,1,-1
2015621501747,1,9,0,18,0,0,0,0,0,0,1,1,2,1,44,7,-1,-1,-1,-1,2,-1
2015621501747,2,9,0,4,0,0,0,0,0,0,2,1,6,1,37,7,-1,-1,-1,-1,1,-1
2015621501748,1,9,0,18,0,1,0,0,0,0,1,1,6,2,41,7,-1,-1,-1,-1,1,-1
2015621501748,2,9,0,4,0,1,0,0,0,0,3,1,6,1,21,5,-1,-1,-1,-1,1,-1
2015621501749,1,9,0,18,0,1,0,0,1,0,1,1,6,1,79,11,-1,-1,-1,-1,1,-1
2015621501749,2,9,0,18,0,1,0,0,0,0,3,1,6,2,23,5,-1,-1,-1,-1,1,-1
2015621501749,3,9,0,3,0,1,0,0,0,0,2,1,6,2,40,7,-1,-1,-1,-1,1,-1
2015621501749,4,9,0,9,0,5,0,0,0,0,2,1,6,1,33,6,-1,-1,-1,-1,1,-1
2015621501750,1,9,0,7,0,0,0,0,0,0,1,1,6,3,-1,-1,-1,-1,-1,-1,-1,-1
2015621501751,1,9,0,4,0,0,0,0,0,0,1,1,6,2,32,6,-1,-1,-1,-1,1,-1
2015621501751,2,9,0,3,0,0,0,0,0,0,2,1,6,1,38,7,-1,-1,-1,-1,1,-1
2015621501751,3,9,0,3,0,0,0,0,0,0,2,1,6,3,-1,-1,-1,-1,-1,-1,-1,-1
2015621501752,1,9,0,17,0,1,0,0,1,7,1,1,6,1,31,6,-1,-1,-1,-1,1,-1
2015621501753,1,9,0,9,0,8,0,0,0,0,4,1,6,1,34,6,-1,-1,-1,-1,1,-1
2015621501753,2,9,0,9,0,8,0,0,0,0,3,1,6,1,55,8,-1,-1,-1,-1,1,-1
2015621501754,1,11,0,18,0,1,0,4,1,2,1,1,1,1,52,8,-1,-1,-1,-1,1,-1
2015621501754,2,9,0,2,0,1,0,0,0,0,4,1,6,2,20,4,-1,-1,-1,-1,2,-1
2015621501754,3,9,0,2,0,1,0,0,0,0,4,1,6,3,-1,-1,-1,-1,-1,-1,-1,-1
2015621501755,1,9,0,16,0,0,2,0,1,3,1,1,6,1,20,4,-1,-1,-1,-1,2,-1
2015621501756,1,9,0,7,0,8,0,0,0,0,4,1,6,2,31,6,-1,-1,-1,-1,2,-1
2015621501756,2,21,1,9,0,8,0,0,0,0,1,2,1,1,64,9,-1,-1,-1,-1,3,-1
2015621501757,1,9,0,1,0,6,0,0,0,0,1,1,2,2,55,8,-1,-1,-1,-1,1,-1
2015621501757,2,9,0,18,0,1,0,0,0,0,1,1,2,1,25,5,-1,-1,-1,-1,1,-1
2015621501758,1,19,0,18,0,0,0,0,0,0,1,1,1,1,30,6,-1,-1,-1,-1,1,-1
2015621501759,1,9,0,13,0,2,0,7,0,0,1,1,2,2,55,8,-1,-1,-1,-1,1,-1
2015621501760,1,3,0,18,0,0,1,0,0,0,0,1,6,1,18,4,-1,-1,-1,-1,1,-1
2015621501761,1,9,0,5,0,1,0,0,0,0,1,1,1,1,48,8,-1,-1,-1,-1,1,-1
2015621501761,2,9,0,5,0,1,0,0,0,0,2,1,6,2,43,7,-1,-1,-1,-1,2,-1
2015621501762,1,9,0,8,0,1,0,0,0,0,0,1,6,2,58,9,-1,-1,-1,-1,1,-1
2015621501762,2,1,0,18,0,1,0,0,0,0,0,1,6,1,9,2,-1,-1,-1,-1,1,-1
2015621501763,1,3,0,18,0,1,1,0,0,0,1,1,6,1,23,5,-1,-1,-1,-1,2,-1
2015621501763,2,9,0,9,0,1,0,0,0,0,2,1,6,1,49,8,-1,-1,-1,-1,2,-1
2015621501764,1,9,4,18,0,0,0,0,0,0,0,1,6,1,59,9,-1,-1,-1,-1,1,-1
2015621501764,2,9,0,18,0,0,0,0,0,0,1,1,6,2,26,6,-1,-1,-1,-1,1,-1
2015621501765,1,9,0,18,0,2,0,0,0,0,1,1,6,3,-1,-1,-1,-1,-1,-1,-1,-1
2015621501766,1,9,0,17,0,0,1,0,1,10,3,1,6,1,17,4,-1,-1,-1,-1,1,-1
2015621501767,1,20,0,18,0,0,0,0,1,0,1,1,6,3,-1,-1,-1,-1,-1,-1,-1,-1
2015621501768,1,9,0,17,0,0,1,0,7,2,2,1,6,2,18,4,-1,-1,-1,-1,3,-1
2015621501769,1,9,0,9,0,7,0,10,0,0,1,1,6,2,24,5,-1,-1,-1,-1,1,-1
2015621501769,2,9,0,3,0,8,0,0,0,0,1,1,6,1,32,6,-1,-1,-1,-1,2,-1
2015621501770,1,9,0,18,0,4,0,0,0,0,1,1,6,2,35,6,-1,-1,-1,-1,1,-1
2015621501770,2,9,0,9,0,3,0,0,0,0,4,1,6,1,21,5,-1,-1,-1,-1,2,-1
2015621501771,1,9,0,18,0,0,0,0,0,0,1,1,6,1,25,5,-1,-1,-1,-1,3,-1
2015621501771,2,9,0,3,0,0,0,0,0,0,2,1,6,1,29,6,-1,-1,-1,-1,1,-1
2015621501771,3,9,0,3,0,0,0,0,0,0,2,1,6,1,29,6,-1,-1,-1,-1,3,-1
2015621501772,1,9,0,18,0,1,0,0,0,1,1,1,6,1,19,4,-1,-1,-1,-1,1,-1
2015621501772,2,9,0,10,0,5,0,0,0,0,2,1,6,2,30,6,-1,-1,-1,-1,1,-1
2015621501773,1,9,0,9,0,8,0,0,0,0,1,1,6,2,28,6,-1,-1,-1,-1,1,-1
2015621501773,2,9,0,18,0,8,0,0,0,0,1,1,6,2,26,6,-1,-1,-1,-1,1,-1
2015621501774,1,8,0,18,0,4,0,0,0,0,1,1,1,1,67,10,-1,-1,-1,-1,1,-1
2015621501774,2,3,0,18,0,3,1,0,0,0,1,1,2,1,27,6,-1,-1,-1,-1,2,-1
2015621501775,1,9,0,13,0,0,0,0,0,0,1,1,6,2,90,11,-1,-1,-1,-1,1,-1
2015621501775,2,1,0,18,0,0,0,0,1,0,3,1,6,1,48,8,-1,-1,-1,-1,1,-1
2015621501776,1,9,0,18,0,8,0,0,0,0,1,1,6,1,44,7,-1,-1,-1,-1,1,-1
2015621501776,2,9,0,7,0,8,0,0,0,0,2,1,6,1,39,7,-1,-1,-1,-1,1,-1
2015621501777,1,9,0,18,0,0,0,0,1,11,1,1,6,1,66,10,-1,-1,-1,-1,1,-1
2015621501778,1,9,0,18,0,8,0,0,0,0,3,1,2,2,40,7,-1,-1,-1,-1,1,-1
2015621501778,2,9,0,18,0,8,0,0,0,0,1,1,6,1,19,4,-1,-1,-1,-1,1,-1
2015621501779,1,9,0,9,0,2,0,0,0,0,0,1,6,2,33,6,-1,-1,-1,-1,1,-1
2015621501779,2,1,0,18,4,2,0,0,0,0,0,1,6,1,36,7,-1,-1,-1,-1,1,-1
2015621501780,1,9,0,18,0,0,0,0,0,0,1,1,6,2,19,4,-1,-1,-1,-1,1,-1
2015621501780,2,9,0,18,0,0,0,0,0,0,2,1,6,1,27,6,-1,-1,-1,-1,1,-1
2015621501780,3,9,0,18,0,0,0,0,0,0,2,1,6,2,24,5,-1,-1,-1,-1,1,-1
2015621501780,4,9,0,18,0,0,0,0,0,0,2,1,6,1,30,6,-1,-1,-1,-1,1,-1
2015621501781,1,1,0,18,0,8,0,10,0,0,1,1,6,1,29,6,-1,-1,-1,-1,1,-1
2015621501783,1,9,0,12,0,0,0,0,0,0,3,1,1,2,50,8,-1,-1,-1,-1,2,-1
2015621501783,2,5,0,18,0,0,0,0,0,0,4,1,1,1,25,5,-1,-1,-1,-1,1,-1
2015621501784,1,20,0,18,0,0,0,0,0,0,1,1,2,1,26,6,-1,-1,-1,-1,1,-1
2015621501784,2,9,0,3,0,0,0,0,0,0,2,1,2,2,29,6,-1,-1,-1,-1,2,-1
2015621501785,1,9,0,2,0,0,0,0,0,0,3,1,6,1,31,6,-1,-1,-1,-1,1,-1
2015621501785,2,1,0,14,0,0,0,8,0,0,1,1,6,1,53,8,-1,-1,-1,-1,1,-1
2015621501786,1,1,0,9,0,8,0,0,0,0,1,1,6,1,43,7,-1,-1,-1,-1,1,-1
2015621501786,2,9,0,9,0,8,0,0,0,0,3,1,6,1,47,8,-1,-1,-1,-1,1,-1
2015621501787,1,9,0,18,0,4,0,0,0,0,3,1,2,2,28,6,-1,-1,-1,-1,1,-1
2015621501787,2,1,0,9,0,8,0,0,0,0,1,1,6,1,27,6,-1,-1,-1,-1,1,-1
2015621501788,1,9,0,13,0,0,2,0,0,0,1,1,6,1,49,8,-1,-1,-1,-1,2,-1
2015621501788,2,9,0,18,0,0,0,0,0,0,1,1,6,2,21,5,-1,-1,-1,-1,2,-1
2015621501788,3,9,0,18,0,0,0,0,0,0,2,1,6,2,35,6,-1,-1,-1,-1,2,-1
2015621501789,1,9,0,18,0,0,0,0,0,0,2,1,6,1,39,7,-1,-1,-1,-1,1,-1
2015621501789,2,9,0,4,0,0,0,0,0,0,1,1,6,2,43,7,-1,-1,-1,-1,1,-1
2015621501790,1,3,0,18,0,0,0,0,0,0,1,1,6,1,19,4,-1,-1,-1,-1,1,-1
2015621501790,2,9,0,18,0,0,0,0,0,0,1,1,6,2,23,5,-1,-1,-1,-1,1,-1
2015621501790,3,9,0,1,0,0,0,0,0,0,0,1,6,2,27,6,-1,-1,-1,-1,3,-1
2015621501791,1,9,0,18,0,8,0,0,0,0,3,1,6,1,21,5,-1,-1,-1,-1,1,-1
2015621501791,2,9,0,18,0,8,0,0,0,0,2,1,6,1,41,7,-1,-1,-1,-1,1,-1
2015621501792,1,9,0,18,0,1,0,0,0,0,1,1,6,2,62,9,-1,-1,-1,-1,3,-1
2015621501792,2,9,0,10,0,1,0,0,0,0,2,1,6,2,60,9,-1,-1,-1,-1,1,-1
2015621501793,1,9,0,14,0,0,5,4,0,0,1,1,6,2,17,4,-1,-1,-1,-1,1,-1
2015621501793,2,9,0,2,0,0,0,0,0,0,2,1,1,2,17,4,-1,-1,-1,-1,1,-1
2015621501794,1,9,0,18,0,0,1,0,0,6,1,1,6,1,19,4,-1,-1,-1,-1,3,-1
2015621501794,2,9,0,4,0,0,0,0,0,0,2,1,6,2,44,7,-1,-1,-1,-1,1,-1
2015621501795,1,9,0,18,0,0,0,0,0,0,1,1,6,3,-1,-1,-1,-1,-1,-1,-1,-1
2015621501795,2,3,0,4,0,0,0,0,0,0,2,1,6,1,20,4,-1,-1,-1,-1,1,-1
2015621501796,1,9,0,9,0,6,0,0,0,0,0,1,6,1,52,8,-1,-1,-1,-1,1,-1
2015621501796,2,1,0,16,0,1,0,0,0,0,0,1,6,1,22,5,-1,-1,-1,-1,1,-1
2015621501797,1,9,0,18,0,1,0,9,0,0,1,1,2,2,31,6,-1,-1,-1,-1,2,-1
2015621501798,1,9,0,2,0,0,0,0,0,0,3,1,6,2,39,7,-1,-1,-1,-1,2,-1
2015621501798,2,9,0,18,0,0,0,0,0,0,4,1,6,1,25,5,-1,-1,-1,-1,2,-1
2015621501799,1,9,0,18,0,0,1,0,7,0,1,1,6,2,54,8,-1,-1,-1,-1,1,-1
2015621501799,2,19,0,18,0,0,0,0,1,4,3,1,2,1,67,10,-1,-1,-1,-1,1,-1
2015621501800,1,9,0,18,0,0,0,0,0,0,1,1,6,1,35,6,-1,-1,-1,-1,2,-1
2015621501800,2,9,0,18,0,0,0,0,0,0,1,1,6,2,54,8,-1,-1,-1,-1,1,-1
2015621501801,1,9,0,13,0,0,0,0,0,0,4,1,6,3,-1,-1,-1,-1,-1,-1,-1,-1
2015621501801,2,9,0,18,0,0,0,0,0,0,3,1,6,2,25,5,-1,-1,-1,-1,2,-1
2015621501802,1,9,0,18,0,0,2,0,8,1,1,1,6,2,19,4,-1,-1,-1,-1,3,-1
2015621501803,1,9,0,13,0,8,0,0,7,2,3,1,2,2,22,5,-1,-1,-1,-1,1,-1
2015621501803,2,9,0,9,0,8,0,0,0,0,3,1,2,2,52,8,-1,-1,-1,-1,1,-1
2015621501804,1,9,0,9,0,5,0,0,0,0,1,1,6,1,18,4,-1,-1,-1,-1,1,-1
2015621501804,2,9,0,4,0,1,0,0,0,0,1,1,6,2,25,5,-1,-1,-1,-1,1,-1
2015621501804,3,9,0,4,0,1,0,0,0,0,1,1,6,2,43,7,-1,-1,-1,-1,1,-1
2015621501805,1,9,0,17,0,0,0,0,2,7,1,1,6,2,42,7,-1,-1,-1,-1,1,-1
2015621501806,1,9,0,4,0,0,0,0,0,0,4,1,6,2,27,6,-1,-1,-1,-1,1,-1
2015621501806,2,9,0,4,0,0,0,0,0,0,3,1,6,2,40,7,-1,-1,-1,-1,1,-1
2015621501807,1,1,0,18,0,0,0,0,0,0,0,1,2,2,51,8,-1,-1,-1,-1,1,-1
2015621501808,1,19,0,18,0,0,5,0,2,10,4,1,6,1,44,7,-1,-1,-1,-1,1,-1
2015621501808,2,9,0,18,0,0,0,0,0,0,2,1,6,2,25,5,-1,-1,-1,-1,2,-1
2015621501809,1,9,0,18,0,0,0,0,0,0,1,1,6,1,28,6,-1,-1,-1,-1,1,-1
2015621501810,1,9,0,18,0,0,0,0,0,0,1,1,1,2,22,5,-1,-1,-1,-1,1,-1
2015621501810,2,9,0,4,0,0,0,0,0,0,2,1,1,1,57,9,-1,-1,-1,-1,1,-1
2015621501811,1,9,0,18,9,0,0,0,7,11,1,1,6,1,35,6,-1,-1,-1,-1,1,-1
2015621501812,1,9,0,9,0,1,0,0,0,0,3,1,6,1,80,11,-1,-1,-1,-1,1,-1
2015621501812,2,1,0,18,0,1,0,0,0,0,4,1,6,1,19,4,-1,-1,-1,-1,1,-1
2015621501813,1,9,0,18,0,0,0,0,0,0,1,1,6,2,25,5,-1,-1,-1,-1,1,-1
2015621501813,2,9,0,2,0,0,0,0,0,0,2,1,6,3,-1,-1,-1,-1,-1,-1,-1,-1
2015621501814,1,9,0,7,0,6,0,0,0,0,0,1,6,3,-1,-1,-1,-1,-1,-1,-1,-1
2015621501814,2,1,0,18,9,1,0,0,0,0,0,1,6,1,50,8,-1,-1,-1,-1,1,-1
2015621501815,1,9,0,18,0,0,0,0,0,0,1,1,6,2,40,7,-1,-1,-1,-1,1,-1