Accident_Index,Vehicle_Reference,Vehicle_Type,Towing_and_Articulation,Vehicle_Manoeuvre,Vehicle_Location-Restricted_Lane,Junction_Location,Skidding_and_Overturning,Hit_Object_in_Carriageway,Vehicle_Leaving_Carriageway,Hit_Object_off_Carriageway,1st_Point_of_Impact,Was_Vehicle_Left_Hand_Drive?,Journey_Purpose_of_Driver,Sex_of_Driver,Age_of_Driver,Age_Band_of_Driver,Engine_Capacity_(CC),Propulsion_Code,Age_of_Vehicle,Driver_IMD_Decile,Driver_Home_Area_Type,Vehicle_IMD_Decile
2015621501816,1,9,0,18,0,0,0,0,0,0,1,1,6,1,26,6,-1,-1,-1,-1,3,-1
2015621501817,1,9,0,18,0,0,0,7,0,0,1,1,6,1,45,7,-1,-1,-1,-1,1,-1
2015621501818,1,9,0,9,0,8,0,0,0,0,3,1,6,2,34,6,-1,-1,-1,-1,1,-1
2015621501818,2,9,0,18,0,8,0,0,0,0,1,1,6,2,72,10,-1,-1,-1,-1,1,-1
2015621501819,1,9,0,12,0,0,0,0,0,0,0,1,6,2,55,8,-1,-1,-1,-1,3,-1
2015621501819,2,9,0,18,0,0,1,0,1,4,3,1,2,1,21,5,-1,-1,-1,-1,1,-1
2015621501820,1,9,0,18,0,0,0,0,1,11,1,1,6,2,24,5,-1,-1,-1,-1,2,-1
2015621501821,1,9,0,18,0,0,0,4,1,11,1,1,6,1,27,6,-1,-1,-1,-1,1,-1
2015621501821,2,9,0,18,0,0,0,0,0,0,1,1,6,1,62,9,-1,-1,-1,-1,1,-1
2015621501821,3,9,0,2,0,0,0,0,1,0,4,1,6,3,-1,-1,-1,-1,-1,-1,-1,-1
2015621501821,4,9,0,2,0,0,0,0,0,0,1,1,6,3,-1,-1,-1,-1,-1,-1,-1,-1
2015621501821,5,9,0,2,0,0,0,0,0,0,3,1,6,3,-1,-1,-1,-1,-1,-1,-1,-1
2015621501821,6,9,0,2,0,0,0,0,0,0,3,1,6,3,-1,-1,-1,-1,-1,-1,-1,-1
2015621501822,1,9,0,5,0,4,0,0,0,0,3,1,6,2,54,8,-1,-1,-1,-1,1,-1
2015621501822,2,5,0,18,0,8,1,0,0,0,1,1,1,1,45,7,-1,-1,-1,-1,1,-1
2015621501823,1,9,0,5,0,4,0,0,0,0,1,1,1,2,32,6,-1,-1,-1,-1,1,-1
2015621501823,2,9,0,5,0,4,0,0,0,0,2,1,6,1,55,8,-1,-1,-1,-1,1,-1
2015621501824,1,9,0,18,0,2,1,0,0,0,1,1,6,1,23,5,-1,-1,-1,-1,1,-1
2015621501824,2,9,0,18,0,2,0,0,0,0,2,1,6,2,20,4,-1,-1,-1,-1,1,-1
2015621501825,1,19,0,18,0,0,0,0,0,0,1,1,6,1,24,5,-1,-1,-1,-1,1,-1
2015621501825,2,19,0,4,0,0,0,0,0,0,2,1,1,1,25,5,-1,-1,-1,-1,1,-1
2015621501826,1,9,0,9,0,5,0,0,0,0,1,1,1,2,22,5,-1,-1,-1,-1,1,-1
2015621501826,2,9,0,18,0,8,0,0,0,0,4,1,1,2,21,5,-1,-1,-1,-1,1,-1
2015621501827,1,9,0,18,0,0,0,0,0,0,4,1,6,1,19,4,-1,-1,-1,-1,1,-1
2015621501828,1,9,0,9,0,5,0,0,0,0,4,1,6,1,55,8,-1,-1,-1,-1,1,-1
2015621501828,2,4,0,18,0,1,0,0,0,0,1,1,2,1,38,7,-1,-1,-1,-1,1,-1
2015621501829,1,9,0,18,0,0,0,4,0,0,1,1,6,1,54,8,-1,-1,-1,-1,1,-1
2015621501829,2,9,0,2,0,0,0,0,0,0,3,1,6,3,-1,-1,-1,-1,-1,-1,-1,-1
2015621501829,3,9,0,2,0,0,0,0,0,0,2,1,6,3,-1,-1,-1,-1,-1,-1,-1,-1
2015621501830,1,9,0,7,0,6,1,10,0,0,2,1,2,1,33,6,-1,-1,-1,-1,1,-1
2015621501830,2,97,0,18,0,8,0,0,0,0,4,1,6,1,51,8,-1,-1,-1,-1,1,-1
2015621501831,1,9,0,4,0,0,0,0,0,0,1,1,2,1,64,9,-1,-1,-1,-1,1,-1
2015621501831,2,19,0,3,0,0,0,0,0,0,2,1,2,1,43,7,-1,-1,-1,-1,1,-1
2015621501832,1,9,0,18,0,0,1,7,0,10,3,1,6,1,24,5,-1,-1,-1,-1,1,-1
2015621501833,1,9,0,9,0,8,0,0,0,0,1,1,6,2,27,6,-1,-1,-1,-1,1,-1
2015621501833,2,1,0,18,0,8,0,0,0,0,4,1,6,1,40,7,-1,-1,-1,-1,1,-1
2015621501834,1,9,0,18,0,8,0,0,0,0,1,1,6,1,17,4,-1,-1,-1,-1,1,-1
2015621501834,2,9,0,3,0,8,0,0,0,0,2,1,6,2,57,9,-1,-1,-1,-1,1,-1
2015621501835,1,9,0,18,0,0,0,0,0,0,3,1,6,2,49,8,-1,-1,-1,-1,1,-1
2015621501835,2,19,0,18,0,0,0,0,0,0,3,1,6,1,32,6,-1,-1,-1,-1,3,-1
2015621501836,1,9,0,18,0,1,5,4,0,0,1,1,6,1,35,6,-1,-1,-1,-1,1,-1
2015621501836,2,9,0,2,0,1,0,0,0,0,2,1,6,3,-1,-1,-1,-1,-1,-1,-1,-1
2015621501836,3,9,0,2,0,1,0,0,0,0,3,1,6,3,-1,-1,-1,-1,-1,-1,-1,-1
2015621501836,4,9,0,2,0,1,0,0,0,0,3,1,6,3,-1,-1,-1,-1,-1,-1,-1,-1
2015621501837,1,9,0,9,0,5,0,0,0,0,1,1,2,1,46,8,-1,-1,-1,-1,1,-1
2015621501838,1,9,0,18,0,0,0,0,0,0,1,1,6,1,33,6,-1,-1,-1,-1,1,-1
2015621501838,2,9,0,2,0,0,0,0,0,11,2,1,6,3,-1,-1,-1,-1,-1,-1,-1,-1
2015621501838,3,9,0,2,0,0,0,0,0,0,1,1,6,3,-1,-1,-1,-1,-1,-1,-1,-1
2015621501838,4,9,0,2,0,0,0,0,0,2,1,1,6,3,-1,-1,-1,-1,-1,-1,-1,-1
2015621501839,1,9,0,18,0,1,0,0,0,2,1,1,2,1,51,8,-1,-1,-1,-1,3,-1
2015621501840,1,9,0,18,0,0,0,0,0,0,1,1,2,2,22,5,-1,-1,-1,-1,1,-1
2015621501840,2,9,0,4,0,0,0,0,0,0,2,1,6,2,24,5,-1,-1,-1,-1,1,-1
2015621501841,1,9,0,18,0,0,0,0,0,0,1,1,6,1,22,5,-1,-1,-1,-1,1,-1
2015621501841,2,9,0,18,0,0,0,0,0,0,2,1,6,1,44,7,-1,-1,-1,-1,1,-1
2015621501841,3,9,0,4,0,0,0,0,0,0,0,1,6,1,38,7,-1,-1,-1,-1,1,-1
2015621501842,1,1,0,18,0,8,0,0,0,0,1,1,6,1,13,3,-1,-1,-1,-1,2,-1
2015621501842,2,98,0,7,0,8,0,0,0,0,4,1,1,1,47,8,-1,-1,-1,-1,2,-1
2015621501843,1,9,0,16,0,0,0,0,7,4,1,1,6,2,68,10,-1,-1,-1,-1,1,-1
2015621501844,1,9,0,9,0,1,0,0,0,0,1,1,6,2,29,6,-1,-1,-1,-1,1,-1
2015621501844,2,9,0,18,0,8,0,0,0,0,1,1,6,1,44,7,-1,-1,-1,-1,1,-1
2015621501845,1,9,0,1,0,0,0,0,0,0,0,1,6,1,30,6,-1,-1,-1,-1,1,-1
2015621501846,1,9,0,18,0,2,0,0,0,0,1,1,6,3,-1,-1,-1,-1,-1,-1,-1,-1
2015621501846,2,1,0,18,0,2,0,0,0,0,2,1,6,1,13,3,-1,-1,-1,-1,1,-1
2015621501847,1,19,0,18,0,1,0,0,0,0,1,1,1,1,49,8,-1,-1,-1,-1,3,-1
2015621501847,2,9,0,10,0,1,0,0,0,0,2,1,2,2,59,9,-1,-1,-1,-1,1,-1
2015621501848,1,9,0,18,0,0,0,0,0,0,1,1,6,2,25,5,-1,-1,-1,-1,1,-1
2015621501848,2,9,0,2,0,0,0,0,0,0,1,1,6,3,-1,-1,-1,-1,-1,-1,-1,-1
2015621501848,3,9,0,2,0,0,0,0,0,0,2,1,6,3,-1,-1,-1,-1,-1,-1,-1,-1
2015621501849,1,9,0,18,0,1,0,0,0,0,1,1,6,1,72,10,-1,-1,-1,-1,1,-1
2015621501850,1,19,0,9,0,8,0,0,0,0,1,1,1,1,49,8,-1,-1,-1,-1,2,-1
2015621501850,2,9,0,18,0,1,0,0,0,0,1,1,6,2,41,7,-1,-1,-1,-1,3,-1
2015621501851,1,9,0,7,0,1,1,0,0,0,0,1,6,2,45,7,-1,-1,-1,-1,2,-1
2015621501853,1,9,0,14,0,0,0,0,0,0,4,1,6,1,34,6,-1,-1,-1,-1,1,-1
2015621501854,1,9,0,12,0,3,0,0,0,0,3,1,6,2,79,11,-1,-1,-1,-1,2,-1
2015621501854,2,9,0,18,0,3,1,0,4,0,4,1,6,1,49,8,-1,-1,-1,-1,1,-1
2015621501854,3,21,0,18,0,1,0,0,0,0,1,1,1,1,58,9,-1,-1,-1,-1,1,-1
2015621501854,4,9,0,18,0,1,0,0,0,0,1,1,6,2,37,7,-1,-1,-1,-1,1,-1
2015621501855,1,9,0,9,0,6,0,0,0,0,3,1,6,1,42,7,-1,-1,-1,-1,1,-1
2015621501855,2,5,0,18,0,8,1,0,0,0,1,1,6,1,29,6,-1,-1,-1,-1,1,-1
2015621501856,1,9,0,9,0,1,0,0,0,0,3,1,6,3,-1,-1,-1,-1,-1,-1,-1,-1
2015621501856,2,1,0,9,0,1,0,0,0,0,1,1,6,1,37,7,-1,-1,-1,-1,1,-1
2015621501857,1,9,0,13,0,0,0,0,1,10,1,1,6,2,24,5,-1,-1,-1,-1,1,-1
2015621501858,1,9,0,17,0,0,5,0,0,0,4,1,6,1,18,4,-1,-1,-1,-1,1,-1
2015621501859,1,9,0,18,0,0,0,0,0,0,1,1,6,2,40,7,-1,-1,-1,-1,1,-1
2015621501860,1,9,0,4,0,5,0,0,0,0,2,1,6,2,68,10,-1,-1,-1,-1,1,-1
2015621501860,2,20,1,18,0,5,0,0,0,0,1,1,1,1,41,7,-1,-1,-1,-1,1,-1
2015621501860,3,20,1,18,0,5,0,0,0,0,1,1,1,1,67,10,-1,-1,-1,-1,3,-1
2015621501861,1,9,0,4,0,8,0,0,0,0,1,1,6,1,67,10,-1,-1,-1,-1,1,-1
2015621501861,2,9,0,4,0,8,0,0,0,0,2,1,6,1,53,8,-1,-1,-1,-1,2,-1
2015621501861,3,9,0,18,0,8,0,0,0,0,2,1,6,1,45,7,-1,-1,-1,-1,1,-1
2015621501862,1,9,0,18,0,4,0,0,0,0,1,1,6,2,59,9,-1,-1,-1,-1,2,-1
2015621501862,2,9,0,3,0,4,0,0,0,0,2,1,6,1,53,8,-1,-1,-1,-1,2,-1
2015621501863,1,9,0,18,0,3,0,0,0,0,1,1,6,2,83,11,-1,-1,-1,-1,1,-1
2015621501863,2,9,0,18,0,1,0,0,0,0,1,1,6,2,40,7,-1,-1,-1,-1,1,-1
2015621501864,1,9,0,7,0,1,0,0,0,0,4,1,6,1,76,11,-1,-1,-1,-1,1,-1
2015621501864,2,1,0,18,0,1,1,0,0,0,1,1,6,2,57,9,-1,-1,-1,-1,3,-1
2015621501865,1,9,0,7,0,6,0,0,0,0,3,1,1,2,22,5,-1,-1,-1,-1,1,-1
2015621501865,2,9,0,18,0,8,0,0,0,0,1,1,2,2,18,4,-1,-1,-1,-1,1,-1
2015621501866,1,9,0,4,0,1,0,0,0,0,1,1,6,1,32,6,-1,-1,-1,-1,1,-1
2015621501866,2,9,0,4,0,1,0,0,0,0,2,1,6,1,55,8,-1,-1,-1,-1,1,-1
2015621501866,3,9,0,3,0,1,0,0,0,0,2,1,1,1,44,7,-1,-1,-1,-1,1,-1
2015621501867,1,9,0,18,0,2,0,0,0,0,1,1,6,2,19,4,-1,-1,-1,-1,1,-1
2015621501867,2,9,0,4,0,2,0,0,0,0,2,1,6,2,68,10,-1,-1,-1,-1,1,-1
2015621501868,1,9,0,18,0,0,0,0,0,0,1,1,6,2,34,6,-1,-1,-1,-1,1,-1
2015621501868,2,9,0,18,0,0,0,0,0,0,1,1,6,1,59,9,-1,-1,-1,-1,1,-1
2015621501869,1,10,0,1,0,6,0,0,0,0,2,1,6,1,63,9,-1,-1,-1,-1,1,-1
2015621501870,1,9,0,7,0,8,0,0,0,0,4,1,6,1,54,8,-1,-1,-1,-1,1,-1
2015621501870,2,9,0,18,0,8,0,0,0,0,3,1,1,1,40,7,-1,-1,-1,-1,1,-1
2015621501871,1,9,0,9,0,2,0,0,0,0,4,1,6,2,29,6,-1,-1,-1,-1,1,-1
2015621501872,1,9,0,16,0,0,0,0,2,11,4,1,2,1,28,6,-1,-1,-1,-1,2,-1
2015621501873,1,9,0,4,0,1,0,0,0,0,1,1,2,2,21,5,-1,-1,-1,-1,1,-1
2015621501873,2,9,0,4,0,1,0,0,0,0,2,1,2,2,57,9,-1,-1,-1,-1,3,-1
2015621501874,1,9,0,5,0,6,0,0,0,0,1,1,6,2,70,10,-1,-1,-1,-1,1,-1
2015621501874,2,9,0,18,0,8,0,0,0,0,4,1,6,1,22,5,-1,-1,-1,-1,1,-1
2015621501874,3,9,0,18,0,1,0,0,0,0,1,1,6,1,24,5,-1,-1,-1,-1,1,-1
2015621501875,1,9,0,1,0,1,0,0,0,0,2,1,6,1,51,8,-1,-1,-1,-1,1,-1
2015621501876,1,3,0,4,0,1,0,0,0,0,1,1,6,1,21,5,-1,-1,-1,-1,2,-1
2015621501876,2,3,0,10,0,1,0,0,0,0,3,1,6,1,27,6,-1,-1,-1,-1,1,-1
2015621501877,1,19,0,4,0,0,0,0,0,0,1,1,6,1,39,7,-1,-1,-1,-1,2,-1
2015621501877,2,9,0,4,0,0,0,0,0,0,2,1,6,1,27,6,-1,-1,-1,-1,1,-1
2015621501878,1,20,0,18,0,0,0,0,0,0,1,1,6,1,23,5,-1,-1,-1,-1,1,-1
2015621501878,2,9,0,4,0,0,0,0,0,0,2,1,1,1,46,8,-1,-1,-1,-1,1,-1
2015621501879,1,9,0,9,0,8,0,0,0,0,4,1,6,2,57,9,-1,-1,-1,-1,1,-1
2015621501879,2,9,0,18,0,8,0,0,0,0,1,1,6,1,70,10,-1,-1,-1,-1,1,-1
2015621501880,1,9,0,7,0,6,0,0,0,0,3,1,6,2,20,4,-1,-1,-1,-1,3,-1
2015621501880,2,1,0,18,0,8,1,0,0,0,1,1,6,1,58,9,-1,-1,-1,-1,1,-1
2015621501881,1,9,0,7,0,6,0,0,0,0,3,1,6,1,73,10,-1,-1,-1,-1,1,-1
2015621501881,2,1,0,18,0,1,0,0,0,0,4,1,6,1,36,7,-1,-1,-1,-1,1,-1
2015621501882,1,9,0,9,0,8,0,0,0,0,1,1,6,2,83,11,-1,-1,-1,-1,1,-1
2015621501882,2,2,0,18,0,8,0,0,0,0,1,1,2,1,17,4,-1,-1,-1,-1,1,-1
2015621501882,3,9,0,7,0,8,0,0,0,0,1,1,2,1,40,7,-1,-1,-1,-1,1,-1
2015621501883,1,9,0,13,0,0,0,0,0,0,4,1,6,1,69,10,-1,-1,-1,-1,3,-1
2015621501883,2,1,0,18,0,0,0,0,0,0,4,1,6,1,55,8,-1,-1,-1,-1,1,-1
2015621501884,1,9,0,18,0,0,0,4,0,0,1,1,6,1,81,11,-1,-1,-1,-1,1,-1
2015621501884,2,19,0,2,0,0,0,0,0,0,4,1,6,3,-1,-1,-1,-1,-1,-1,-1,-1
2015621501885,1,9,0,5,0,1,0,0,0,0,3,1,6,1,74,10,-1,-1,-1,-1,1,-1
2015621501885,2,1,0,18,0,1,0,0,0,0,1,1,2,1,49,8,-1,-1,-1,-1,3,-1
2015621501886,1,9,0,18,0,2,0,0,0,11,1,1,6,1,29,6,-1,-1,-1,-1,1,-1
2015621501887,1,21,1,18,0,0,3,0,4,6,1,1,1,1,46,8,-1,-1,-1,-1,1,-1
2015621501887,2,90,0,18,0,0,5,0,1,4,2,1,1,1,50,8,-1,-1,-1,-1,3,-1
2015621501887,3,9,0,18,0,0,1,0,4,6,4,1,6,2,32,6,-1,-1,-1,-1,2,-1
2015621501888,1,9,0,18,0,0,5,0,2,4,1,1,6,2,21,5,-1,-1,-1,-1,3,-1
2015621501889,1,9,0,18,0,0,1,0,2,7,1,1,6,1,29,6,-1,-1,-1,-1,1,-1
2015621501890,1,9,0,18,0,2,0,0,0,0,0,1,6,2,42,7,-1,-1,-1,-1,1,-1
2015621501891,1,9,0,18,0,1,0,0,0,0,1,1,6,2,79,11,-1,-1,-1,-1,1,-1
2015621501891,2,9,0,2,0,1,0,0,0,0,2,1,6,3,-1,-1,-1,-1,-1,-1,-1,-1
2015621501891,3,8,0,2,0,1,0,0,0,0,2,1,6,3,-1,-1,-1,-1,-1,-1,-1,-1
2015621501892,1,9,0,18,0,0,0,0,0,0,1,1,6,2,29,6,-1,-1,-1,-1,1,-1
2015621501892,2,9,0,4,0,0,0,0,0,0,2,1,6,1,32,6,-1,-1,-1,-1,1,-1
2015621501893,1,3,0,12,0,8,0,0,0,0,1,1,6,1,17,4,-1,-1,-1,-1,2,-1
2015621501893,2,9,0,18,0,8,0,0,0,0,4,1,6,2,28,6,-1,-1,-1,-1,1,-1
2015621501894,1,9,0,9,0,6,0,0,0,0,3,1,6,1,89,11,-1,-1,-1,-1,1,-1
2015621501894,2,9,0,18,0,8,0,0,0,0,0,1,6,2,21,5,-1,-1,-1,-1,1,-1
2015621501894,3,3,0,18,0,8,0,0,0,0,1,1,6,1,20,4,-1,-1,-1,-1,3,-1
2015621501895,1,5,0,16,0,1,1,0,0,0,1,1,6,1,26,6,-1,-1,-1,-1,1,-1
2015621501895,2,19,0,9,0,5,0,0,0,0,4,1,1,1,60,9,-1,-1,-1,-1,2,-1
2015621501896,1,9,0,6,0,0,0,0,0,0,3,1,6,2,33,6,-1,-1,-1,-1,1,-1
2015621501896,2,3,0,18,0,0,1,0,0,0,1,1,6,1,64,9,-1,-1,-1,-1,1,-1
2015621501897,1,9,0,18,0,0,0,0,1,11,1,1,6,1,31,6,-1,-1,-1,-1,1,-1
2015621501898,1,3,0,9,0,6,0,0,1,11,1,1,6,2,21,5,-1,-1,-1,-1,1,-1
2015621501899,1,3,0,14,0,0,1,0,0,0,4,1,6,1,19,4,-1,-1,-1,-1,1,-1
2015621501900,1,9,0,18,0,1,0,0,0,0,1,1,6,1,36,7,-1,-1,-1,-1,1,-1
2015621501900,2,9,0,10,0,1,0,0,0,0,2,1,6,2,34,6,-1,-1,-1,-1,1,-1
2015621501901,1,21,1,16,0,0,5,0,1,0,4,1,1,1,30,6,-1,-1,-1,-1,2,-1
2015621501902,1,4,0,18,0,1,1,0,0,0,3,1,1,2,27,6,-1,-1,-1,-1,1,-1
2015621501903,1,9,0,18,0,1,0,0,0,0,1,1,2,1,50,8,-1,-1,-1,-1,2,-1
2015621501904,1,9,0,18,0,0,0,0,0,0,1,1,1,2,39,7,-1,-1,-1,-1,1,-1
2015621501904,2,9,0,18,0,0,0,0,0,0,2,1,1,1,35,6,-1,-1,-1,-1,1,-1
2015621501904,3,9,0,18,0,0,0,0,0,0,2,1,1,1,44,7,-1,-1,-1,-1,1,-1
2015621501905,1,9,0,7,0,6,0,0,0,0,3,1,1,1,63,9,-1,-1,-1,-1,1,-1
2015621501905,2,1,0,18,0,8,0,0,0,0,1,1,6,1,39,7,-1,-1,-1,-1,1,-1
2015621501906,1,19,0,14,0,1,0,0,0,0,1,1,6,1,58,9,-1,-1,-1,-1,1,-1
2015621501907,1,9,0,18,0,2,0,0,0,0,1,1,6,1,25,5,-1,-1,-1,-1,1,-1
2015621501907,2,9,0,2,0,2,0,0,0,0,4,1,6,3,-1,-1,-1,-1,-1,-1,-1,-1
2015621501908,1,9,0,18,0,0,0,0,0,0,4,1,6,1,30,6,-1,-1,-1,-1,1,-1
2015621501909,1,9,0,18,0,8,0,0,0,0,1,1,6,3,-1,-1,-1,-1,-1,-1,-1,-1
2015621501909,2,9,0,18,0,8,0,0,0,0,3,1,6,2,37,7,-1,-1,-1,-1,1,-1
2015621501910,1,9,0,9,0,2,0,0,0,0,4,1,6,2,20,4,-1,-1,-1,-1,1,-1
2015621501911,1,9,0,17,0,0,5,10,0,0,4,1,6,1,19,4,-1,-1,-1,-1,3,-1
2015621501912,1,9,0,18,0,8,0,0,0,0,4,1,6,1,86,11,-1,-1,-1,-1,1,-1
2015621501912,2,1,0,18,0,1,0,0,0,0,1,1,6,1,52,8,-1,-1,-1,-1,1,-1
2015621501913,1,9,0,9,0,1,0,0,0,0,4,1,6,1,77,11,-1,-1,-1,-1,1,-1
2015621501913,2,1,0,18,0,1,0,0,0,0,1,1,6,1,43,7,-1,-1,-1,-1,1,-1
2015621501914,1,9,0,18,0,0,0,0,0,0,1,1,6,1,23,5,-1,-1,-1,-1,1,-1
2015621501914,2,9,0,4,0,0,0,0,0,0,2,1,6,1,52,8,-1,-1,-1,-1,2,-1
2015621501914,3,9,0,3,0,0,0,0,0,0,2,1,6,2,42,7,-1,-1,-1,-1,1,-1
2015621501915,1,9,0,18,0,0,0,0,0,0,1,1,6,1,26,6,-1,-1,-1,-1,1,-1
2015621501916,1,9,0,18,0,0,1,0,0,0,1,1,6,1,41,7,-1,-1,-1,-1,3,-1
2015621501916,2,9,0,18,0,0,1,0,0,0,1,1,6,2,26,6,-1,-1,-1,-1,1,-1
2015621501917,1,19,0,18,0,0,0,0,0,0,1,1,1,1,40,7,-1,-1,-1,-1,1,-1
2015621501917,2,9,0,2,0,0,0,0,0,0,0,1,6,3,-1,-1,-1,-1,-1,-1,-1,-1
2015621501918,1,9,0,5,0,8,0,0,0,0,3,1,6,1,22,5,-1,-1,-1,-1,1,-1
2015621501918,2,19,0,5,0,8,0,0,0,0,4,1,1,1,38,7,-1,-1,-1,-1,1,-1
2015621501919,1,9,0,18,0,0,0,0,0,0,1,1,6,1,22,5,-1,-1,-1,-1,3,-1
2015621501919,2,9,0,18,0,0,0,0,0,0,2,1,6,1,50,8,-1,-1,-1,-1,1,-1
2015621501920,1,9,0,14,0,1,0,0,0,0,1,1,6,3,-1,-1,-1,-1,-1,-1,-1,-1
2015621501921,1,9,0,18,0,0,0,0,0,0,1,1,6,1,40,7,-1,-1,-1,-1,2,-1
2015621501921,2,9,0,18,0,0,0,0,0,0,2,1,6,1,20,4,-1,-1,-1,-1,1,-1
2015621501922,1,9,0,18,0,3,0,0,1,11,1,1,6,1,23,5,-1,-1,-1,-1,1,-1
2015621501923,1,9,0,18,0,1,0,0,0,0,3,1,6,2,49,8,-1,-1,-1,-1,1,-1
2015621501923,2,8,0,18,0,1,0,0,0,0,1,1,1,1,36,7,-1,-1,-1,-1,1,-1
2015621501924,1,9,0,10,0,1,0,0,0,0,0,1,6,1,45,7,-1,-1,-1,-1,3,-1
2015621501924,2,4,0,18,0,8,1,0,0,0,0,1,6,1,60,9,-1,-1,-1,-1,1,-1
2015621501925,1,9,0,18,0,1,5,0,0,7,1,1,6,2,21,5,-1,-1,-1,-1,1,-1
2015621501926,1,9,0,4,0,1,1,0,0,0,1,1,6,1,47,8,-1,-1,-1,-1,1,-1
2015621501926,2,9,0,4,0,1,0,0,0,0,2,1,6,2,24,5,-1,-1,-1,-1,1,-1
2015621501927,1,9,0,18,0,0,1,7,4,6,1,1,6,1,26,6,-1,-1,-1,-1,1,-1
2015621501928,1,9,0,17,0,8,1,6,2,7,1,1,2,1,17,4,-1,-1,-1,-1,1,-1
2015621501929,1,9,0,9,0,5,0,0,0,0,4,1,1,1,36,7,-1,-1,-1,-1,1,-1
2015621501929,2,9,0,18,0,1,0,0,0,0,1,1,6,2,74,10,-1,-1,-1,-1,1,-1
2015621501930,1,8,0,18,0,0,0,0,0,0,0,1,6,1,48,8,-1,-1,-1,-1,1,-1
2015621501931,1,9,0,4,0,1,0,0,0,0,1,1,6,1,28,6,-1,-1,-1,-1,1,-1
2015621501931,2,9,0,4,0,1,0,0,0,0,2,1,6,1,28,6,-1,-1,-1,-1,2,-1
2015621501931,3,9,0,4,0,1,0,0,0,0,2,1,6,2,29,6,-1,-1,-1,-1,1,-1
2015621501932,1,9,0,18,0,0,0,0,0,0,1,1,6,2,27,6,-1,-1,-1,-1,1,-1
2015621501932,2,9,0,4,0,0,0,0,0,0,2,1,6,2,26,6,-1,-1,-1,-1,1,-1
2015621501932,3,9,0,4,0,0,0,0,0,0,2,1,6,2,33,6,-1,-1,-1,-1,3,-1
2015621501932,4,9,0,4,0,0,0,0,0,0,2,1,6,1,33,6,-1,-1,-1,-1,3,-1
2015621501933,1,9,0,18,0,0,0,4,0,0,1,1,6,2,26,6,-1,-1,-1,-1,1,-1
2015621501933,2,9,0,18,0,0,0,0,0,0,1,1,6,1,35,6,-1,-1,-1,-1,1,-1
2015621501933,3,9,0,2,0,0,0,0,0,0,2,1,6,1,40,7,-1,-1,-1,-1,1,-1
2015621501934,1,9,0,18,0,0,0,0,1,4,1,1,6,1,57,9,-1,-1,-1,-1,1,-1
2015621501935,1,9,0,18,0,0,0,0,0,0,1,1,1,1,52,8,-1,-1,-1,-1,1,-1
2015621501935,2,9,0,3,0,0,0,0,0,0,2,1,6,2,29,6,-1,-1,-1,-1,1,-1
2015621501936,1,9,0,18,0,4,0,0,0,0,1,1,6,1,64,9,-1,-1,-1,-1,1,-1
2015621501936,2,1,0,18,0,3,0,0,0,0,4,1,6,1,37,7,-1,-1,-1,-1,3,-1
2015621501937,1,9,0,4,0,0,1,0,0,0,1,1,6,1,19,4,-1,-1,-1,-1,1,-1
2015621501937,2,9,0,3,0,0,0,0,0,0,2,1,6,2,36,7,-1,-1,-1,-1,1,-1
2015621501937,3,9,0,3,0,0,0,0,0,0,2,1,6,2,37,7,-1,-1,-1,-1,1,-1
2015621501937,4,9,0,3,0,0,0,0,0,0,2,1,6,2,20,4,-1,-1,-1,-1,1,-1
2015621501938,1,9,0,4,0,1,0,0,0,0,1,1,6,1,34,6,-1,-1,-1,-1,1,-1
2015621501938,2,9,0,3,0,1,0,0,0,0,2,1,6,1,37,7,-1,-1,-1,-1,1,-1
2015621501939,1,9,0,17,0,2,1,4,0,0,1,1,1,1,24,5,-1,-1,-1,-1,1,-1
2015621501939,2,9,0,2,0,2,0,0,0,0,4,1,6,3,-1,-1,-1,-1,-1,-1,-1,-1
2015621501939,3,9,0,2,0,2,0,0,0,0,2,1,6,3,-1,-1,-1,-1,-1,-1,-1,-1
2015621501939,4,9,0,2,0,2,0,0,0,0,3,1,6,3,-1,-1,-1,-1,-1,-1,-1,-1
2015621501939,5,9,0,2,0,2,0,0,0,0,1,1,6,3,-1,-1,-1,-1,-1,-1,-1,-1
2015621501940,1,9,0,18,0,1,0,0,0,0,3,1,6,1,51,8,-1,-1,-1,-1,1,-1
2015621501941,1,3,0,17,0,0,0,0,0,0,1,1,6,3,-1,-1,-1,-1,-1,-1,-1,-1
2015621501941,2,9,0,18,0,0,0,0,7,4,1,1,6,1,35,6,-1,-1,-1,-1,1,-1
2015621501942,1,9,0,9,0,6,0,0,0,0,1,1,6,1,78,11,-1,-1,-1,-1,1,-1
2015621501942,2,9,0,18,0,8,0,0,0,0,1,1,1,2,42,7,-1,-1,-1,-1,1,-1
2015621501943,1,9,0,18,0,8,0,0,0,0,1,1,2,1,40,7,-1,-1,-1,-1,1,-1
2015621501943,2,1,0,18,0,8,0,0,0,0,3,1,6,1,50,8,-1,-1,-1,-1,1,-1
2015621501944,1,9,0,18,0,0,0,0,0,0,1,1,6,1,22,5,-1,-1,-1,-1,1,-1
2015621501944,2,9,0,18,0,0,0,0,0,0,2,1,6,2,27,6,-1,-1,-1,-1,2,-1
2015621501945,1,9,0,9,0,6,0,0,0,0,1,1,6,1,40,7,-1,-1,-1,-1,2,-1
2015621501945,2,9,0,18,0,1,0,0,0,0,1,1,6,2,37,7,-1,-1,-1,-1,1,-1
2015621501946,1,9,0,18,0,0,0,0,0,0,1,1,6,1,29,6,-1,-1,-1,-1,1,-1
2015621501946,2,9,0,2,0,0,0,0,0,0,2,1,6,1,54,8,-1,-1,-1,-1,1,-1
2015621501947,1,9,0,5,0,4,0,0,0,0,3,1,2,2,38,7,-1,-1,-1,-1,1,-1
2015621501947,2,1,0,18,0,8,0,0,0,0,1,1,6,1,24,5,-1,-1,-1,-1,1,-1
2015621501948,1,9,0,18,0,1,0,0,0,0,1,1,6,2,40,7,-1,-1,-1,-1,3,-1
2015621501948,2,9,0,4,0,1,0,0,0,0,2,1,6,2,39,7,-1,-1,-1,-1,2,-1