Accident_Index,Vehicle_Reference,Vehicle_Type,Towing_and_Articulation,Vehicle_Manoeuvre,Vehicle_Location-Restricted_Lane,Junction_Location,Skidding_and_Overturning,Hit_Object_in_Carriageway,Vehicle_Leaving_Carriageway,Hit_Object_off_Carriageway,1st_Point_of_Impact,Was_Vehicle_Left_Hand_Drive?,Journey_Purpose_of_Driver,Sex_of_Driver,Age_of_Driver,Age_Band_of_Driver,Engine_Capacity_(CC),Propulsion_Code,Age_of_Vehicle,Driver_IMD_Decile,Driver_Home_Area_Type,Vehicle_IMD_Decile
2015621501949,1,19,0,18,0,0,0,0,0,0,1,1,6,1,22,5,-1,-1,-1,-1,3,-1
2015621501950,1,9,0,18,0,8,0,0,0,0,1,1,6,3,-1,-1,-1,-1,-1,-1,-1,-1
2015621501950,2,9,0,9,0,8,0,0,0,0,3,1,6,2,45,7,-1,-1,-1,-1,1,-1
2015621501951,1,9,0,9,0,2,0,0,0,0,4,1,6,1,23,5,-1,-1,-1,-1,1,-1
2015621501951,2,9,0,18,0,2,0,0,0,0,1,1,6,2,42,7,-1,-1,-1,-1,1,-1
2015621501952,1,9,0,5,0,8,0,0,0,0,1,1,6,2,22,5,-1,-1,-1,-1,1,-1
2015621501952,2,9,0,4,0,8,0,0,0,0,2,1,6,1,22,5,-1,-1,-1,-1,2,-1
2015621501953,1,9,0,16,0,0,1,0,1,10,1,1,6,1,24,5,-1,-1,-1,-1,1,-1
2015621501954,1,9,0,18,0,0,0,4,0,0,1,1,2,1,33,6,-1,-1,-1,-1,2,-1
2015621501954,2,9,0,2,0,0,0,0,0,0,2,1,1,3,-1,-1,-1,-1,-1,-1,-1,-1
2015621501954,3,9,0,2,0,0,0,0,0,0,1,1,6,3,-1,-1,-1,-1,-1,-1,-1,-1
2015621501954,4,9,0,2,0,0,0,0,0,0,1,1,6,3,-1,-1,-1,-1,-1,-1,-1,-1
2015621501955,1,9,0,1,0,0,0,0,0,0,2,1,6,1,65,9,-1,-1,-1,-1,1,-1
2015621501956,1,9,0,18,0,0,0,0,0,0,1,1,6,2,45,7,-1,-1,-1,-1,1,-1
2015621501956,2,1,0,18,0,0,0,0,0,0,2,1,6,2,30,6,-1,-1,-1,-1,1,-1
2015621501957,1,9,0,18,0,0,0,0,0,0,1,1,2,2,37,7,-1,-1,-1,-1,1,-1
2015621501959,1,9,0,16,0,0,0,0,1,10,1,1,6,1,17,4,-1,-1,-1,-1,1,-1
2015621501960,1,9,0,18,0,0,0,0,0,0,1,1,2,1,38,7,-1,-1,-1,-1,3,-1
2015621501960,2,9,0,4,0,0,0,0,0,0,2,1,6,1,54,8,-1,-1,-1,-1,1,-1
2015621501961,1,9,0,18,0,0,1,0,0,6,1,1,2,1,25,5,-1,-1,-1,-1,1,-1
2015621501962,1,9,0,18,0,0,2,0,7,2,1,1,6,2,44,7,-1,-1,-1,-1,1,-1
2015621501963,1,9,0,5,0,6,0,0,0,0,1,1,6,2,70,10,-1,-1,-1,-1,2,-1
2015621501964,1,9,0,15,0,0,0,0,0,0,4,1,6,2,32,6,-1,-1,-1,-1,1,-1
2015621501965,1,9,0,18,0,0,0,0,0,0,1,1,6,1,74,10,-1,-1,-1,-1,1,-1
2015621501966,1,9,0,18,0,2,0,0,0,0,3,1,1,1,69,10,-1,-1,-1,-1,1,-1
2015621501967,1,19,0,18,0,0,5,4,0,0,1,1,6,1,29,6,-1,-1,-1,-1,1,-1
2015621501967,2,19,0,2,0,0,0,4,1,0,2,1,6,3,-1,-1,-1,-1,-1,-1,-1,-1
2015621501967,3,9,0,2,0,0,0,4,0,0,2,1,6,3,-1,-1,-1,-1,-1,-1,-1,-1
2015621501968,1,19,0,9,0,6,0,0,0,0,1,1,6,1,27,6,-1,-1,-1,-1,1,-1
2015621501968,2,1,0,18,0,8,0,0,0,0,4,1,6,1,47,8,-1,-1,-1,-1,1,-1
2015621501969,1,9,0,9,0,1,0,0,0,0,4,1,2,2,63,9,-1,-1,-1,-1,1,-1
2015621501969,2,1,0,18,0,8,0,0,0,0,1,1,2,2,27,6,-1,-1,-1,-1,1,-1
2015621501970,1,9,0,18,0,0,0,0,0,0,1,1,6,2,27,6,-1,-1,-1,-1,2,-1
2015621501971,1,9,0,18,0,0,0,0,0,0,1,1,6,1,27,6,-1,-1,-1,-1,1,-1
2015621501971,2,9,0,4,0,0,0,0,0,0,2,1,6,1,19,4,-1,-1,-1,-1,1,-1
2015621501972,1,9,0,5,0,0,0,0,0,0,3,1,6,2,18,4,-1,-1,-1,-1,1,-1
2015621501972,2,9,0,18,0,0,0,0,0,0,1,1,6,2,54,8,-1,-1,-1,-1,1,-1
2015621501972,3,1,0,18,0,0,0,0,0,0,1,1,6,1,23,5,-1,-1,-1,-1,1,-1
2015621501972,4,1,0,18,0,0,0,0,0,0,3,1,6,1,21,5,-1,-1,-1,-1,1,-1
2015621501973,1,9,0,17,0,0,1,0,1,10,1,1,6,1,18,4,-1,-1,-1,-1,1,-1
2015621501974,1,9,0,18,0,0,1,10,6,2,4,1,6,2,19,4,-1,-1,-1,-1,1,-1
2015621501975,1,9,0,18,0,0,0,0,4,6,1,1,6,2,48,8,-1,-1,-1,-1,3,-1
2015621501975,2,9,0,18,0,0,0,1,5,6,1,1,6,1,21,5,-1,-1,-1,-1,2,-1
2015621501976,1,19,0,18,0,0,0,0,0,0,1,1,1,1,22,5,-1,-1,-1,-1,2,-1
2015621501976,2,19,0,3,0,0,0,0,0,0,2,1,2,1,37,7,-1,-1,-1,-1,1,-1
2015621501976,3,9,0,3,0,0,0,0,0,0,2,1,2,1,50,8,-1,-1,-1,-1,1,-1
2015621501977,1,9,0,1,0,1,0,0,0,0,2,1,6,1,73,10,-1,-1,-1,-1,1,-1
2015621501977,2,8,0,3,0,1,0,0,0,0,1,1,2,1,63,9,-1,-1,-1,-1,1,-1
2015621501978,1,19,0,18,0,0,0,0,0,0,1,1,1,1,29,6,-1,-1,-1,-1,2,-1
2015621501979,1,9,0,17,0,0,2,0,7,9,1,1,2,2,22,5,-1,-1,-1,-1,2,-1
2015621501980,1,9,0,9,0,1,0,0,0,0,3,1,6,2,76,11,-1,-1,-1,-1,1,-1
2015621501980,2,9,0,18,0,1,0,0,0,0,1,1,6,1,52,8,-1,-1,-1,-1,1,-1
2015621501981,1,9,0,18,0,0,5,0,1,4,1,2,6,1,73,10,-1,-1,-1,-1,1,-1
2015621501982,1,9,0,17,0,0,0,0,1,4,4,1,2,1,43,7,-1,-1,-1,-1,3,-1
2015621501983,1,9,0,18,0,0,0,0,0,0,1,1,1,1,21,5,-1,-1,-1,-1,1,-1
2015621501984,1,9,0,13,0,3,0,0,0,0,4,1,2,1,23,5,-1,-1,-1,-1,1,-1
2015621501984,2,1,0,18,0,8,0,0,0,0,1,1,2,1,37,7,-1,-1,-1,-1,1,-1
2015621501985,1,9,0,18,0,0,0,0,0,0,3,1,6,2,83,11,-1,-1,-1,-1,1,-1
2015621501985,2,19,0,18,0,0,0,0,0,0,3,1,6,3,-1,-1,-1,-1,-1,-1,-1,-1
2015621501986,1,9,0,9,0,1,0,0,0,0,4,1,3,1,40,7,-1,-1,-1,-1,1,-1
2015621501986,2,9,0,18,0,1,0,0,0,0,1,1,6,1,45,7,-1,-1,-1,-1,2,-1
2015621501987,1,9,0,18,0,0,0,0,0,0,1,1,6,2,34,6,-1,-1,-1,-1,1,-1
2015621501987,2,9,0,4,0,0,0,0,0,0,2,1,6,1,28,6,-1,-1,-1,-1,2,-1
2015621501988,1,9,0,5,8,0,0,0,0,0,3,1,6,1,27,6,-1,-1,-1,-1,3,-1
2015621501988,2,9,0,18,0,0,0,0,0,0,4,1,6,1,57,9,-1,-1,-1,-1,1,-1
2015621501989,1,19,0,18,0,1,5,0,0,0,1,1,1,1,52,8,-1,-1,-1,-1,1,-1
2015621501989,2,9,0,9,0,1,0,0,0,0,3,1,6,2,60,9,-1,-1,-1,-1,1,-1
2015621501990,1,9,0,16,0,0,2,0,0,0,1,1,1,1,43,7,-1,-1,-1,-1,1,-1
2015621501990,2,9,0,17,0,0,0,0,1,1,1,1,6,1,43,7,-1,-1,-1,-1,1,-1
2015621501991,1,9,0,18,0,2,5,4,0,0,4,1,6,2,25,5,-1,-1,-1,-1,1,-1
2015621501991,2,9,0,18,0,2,0,0,0,0,0,1,6,1,24,5,-1,-1,-1,-1,1,-1
2015621501991,3,9,0,2,0,2,0,0,0,0,2,1,6,3,-1,-1,-1,-1,-1,-1,-1,-1
2015621501991,4,19,0,2,0,2,0,0,0,0,2,1,6,3,-1,-1,-1,-1,-1,-1,-1,-1
2015621501991,5,9,0,2,0,2,0,0,0,0,2,1,6,3,-1,-1,-1,-1,-1,-1,-1,-1
2015621501991,6,9,0,2,0,2,0,0,0,0,2,1,6,3,-1,-1,-1,-1,-1,-1,-1,-1
2015621501991,7,9,0,2,0,2,0,0,0,0,2,1,6,3,-1,-1,-1,-1,-1,-1,-1,-1
2015621501991,8,9,0,2,0,2,0,0,0,0,2,1,6,3,-1,-1,-1,-1,-1,-1,-1,-1
2015621501992,1,1,0,18,0,6,0,0,0,0,1,1,6,1,17,4,-1,-1,-1,-1,1,-1
2015621501992,2,9,0,18,0,1,0,0,0,0,3,1,6,1,56,9,-1,-1,-1,-1,1,-1
2015621501993,1,9,0,18,0,0,0,0,0,0,4,1,6,1,83,11,-1,-1,-1,-1,2,-1
2015621501994,1,9,0,18,0,1,0,0,0,0,1,1,6,3,-1,-1,-1,-1,-1,-1,-1,-1
2015621501995,1,9,0,16,0,8,1,0,0,0,1,1,6,1,37,7,-1,-1,-1,-1,3,-1
2015621501995,2,9,0,10,0,5,0,0,0,0,2,1,6,2,22,5,-1,-1,-1,-1,3,-1
2015621501996,1,9,0,6,0,0,0,0,0,0,3,1,2,2,30,6,-1,-1,-1,-1,2,-1
2015621501996,2,2,0,14,0,0,0,0,0,0,1,1,2,1,16,4,-1,-1,-1,-1,1,-1
2015621501997,1,9,0,5,0,1,0,0,0,0,1,1,6,3,-1,-1,-1,-1,-1,-1,-1,-1
2015621501997,2,19,0,18,0,1,0,0,0,0,4,1,6,1,19,4,-1,-1,-1,-1,1,-1
2015621501998,1,90,0,18,0,0,0,0,0,10,1,1,1,1,59,9,-1,-1,-1,-1,1,-1
2015621501999,1,9,0,7,0,1,0,0,0,0,1,1,6,3,-1,-1,-1,-1,-1,-1,-1,-1
2015621502000,1,9,0,4,0,1,0,0,0,0,1,1,2,2,24,5,-1,-1,-1,-1,3,-1
2015621502000,2,9,0,3,0,1,0,0,0,0,2,1,6,1,67,10,-1,-1,-1,-1,1,-1
2015621502001,1,9,0,6,0,0,0,0,0,0,1,1,6,1,73,10,-1,-1,-1,-1,2,-1
2015621502001,2,1,0,18,0,0,0,0,0,0,3,1,6,1,45,7,-1,-1,-1,-1,1,-1
2015621502002,1,9,0,18,0,0,0,0,0,0,1,1,6,1,47,8,-1,-1,-1,-1,1,-1
2015621502002,2,9,0,18,0,0,0,0,0,0,3,1,6,2,48,8,-1,-1,-1,-1,3,-1
2015621502003,1,1,0,18,0,0,0,0,0,0,4,1,6,1,16,4,-1,-1,-1,-1,1,-1
2015621502003,2,9,0,18,0,0,0,0,0,0,1,1,1,2,17,4,-1,-1,-1,-1,1,-1
2015621502004,1,9,0,18,0,0,0,0,1,7,1,1,6,2,45,7,-1,-1,-1,-1,1,-1
2015621502005,1,9,0,4,0,1,0,0,0,0,1,1,6,1,36,7,-1,-1,-1,-1,1,-1
2015621502005,2,9,0,4,0,1,0,0,0,0,2,1,6,2,23,5,-1,-1,-1,-1,1,-1
2015621502006,1,9,0,5,0,1,0,0,0,0,1,1,2,2,55,8,-1,-1,-1,-1,1,-1
2015621502006,2,9,0,5,0,2,0,0,0,0,2,1,2,1,59,9,-1,-1,-1,-1,1,-1
2015621502007,1,9,0,7,0,6,0,0,0,0,3,1,6,2,90,11,-1,-1,-1,-1,1,-1
2015621502007,2,9,0,18,0,8,0,0,0,0,1,1,6,2,34,6,-1,-1,-1,-1,2,-1
2015621502008,1,10,0,1,0,0,0,0,0,0,4,1,1,1,43,7,-1,-1,-1,-1,1,-1
2015621502009,1,9,0,7,0,1,0,0,0,0,4,1,6,2,58,9,-1,-1,-1,-1,1,-1
2015621502009,2,1,0,7,0,1,0,0,0,0,3,1,6,1,54,8,-1,-1,-1,-1,1,-1
2015621502010,1,9,0,18,0,4,0,0,0,0,1,1,6,2,58,9,-1,-1,-1,-1,1,-1
2015621502010,2,9,0,18,0,3,0,0,0,0,4,1,6,2,33,6,-1,-1,-1,-1,1,-1
2015621502011,1,9,0,9,0,8,0,0,0,0,1,1,6,1,84,11,-1,-1,-1,-1,1,-1
2015621502011,2,9,0,18,0,8,0,0,0,0,3,1,6,1,32,6,-1,-1,-1,-1,1,-1
2015621502012,1,19,0,4,0,4,0,0,0,0,1,1,1,1,63,9,-1,-1,-1,-1,1,-1
2015621502012,2,9,0,4,0,4,0,0,0,0,2,1,6,2,49,8,-1,-1,-1,-1,1,-1
2015621502013,1,9,0,18,0,4,0,0,0,0,1,1,6,2,23,5,-1,-1,-1,-1,1,-1
2015621502013,2,1,0,9,0,8,0,0,0,0,2,1,6,2,59,9,-1,-1,-1,-1,1,-1
2015621502014,1,9,0,9,0,1,0,0,0,0,1,1,6,3,-1,-1,-1,-1,-1,-1,-1,-1
2015621502014,2,1,0,5,0,1,0,0,0,0,3,1,2,1,20,4,-1,-1,-1,-1,1,-1
2015621502015,1,9,0,18,0,0,0,0,0,0,1,1,6,1,75,10,-1,-1,-1,-1,1,-1
2015621502017,1,3,0,18,0,0,1,0,0,0,1,1,6,1,41,7,-1,-1,-1,-1,1,-1
2015621502018,1,9,0,12,0,0,1,0,0,0,1,1,1,1,22,5,-1,-1,-1,-1,1,-1
2015621502018,2,2,0,3,0,0,0,0,0,0,2,1,6,1,36,7,-1,-1,-1,-1,1,-1
2015621502018,3,9,0,3,0,0,0,0,0,0,1,1,6,1,-1,-1,-1,-1,-1,-1,1,-1
2015621502019,1,9,0,18,0,8,0,0,0,0,1,1,6,3,-1,-1,-1,-1,-1,-1,-1,-1
2015621502020,1,9,0,5,0,8,0,0,0,0,2,1,6,1,32,6,-1,-1,-1,-1,1,-1
2015621502020,2,9,0,18,0,4,0,0,0,0,1,1,1,1,59,9,-1,-1,-1,-1,1,-1
2015621502021,1,9,0,18,0,0,0,0,0,0,1,1,2,2,35,6,-1,-1,-1,-1,2,-1
2015621502022,1,9,0,18,0,0,0,0,0,0,1,1,6,2,52,8,-1,-1,-1,-1,3,-1
2015621502022,2,9,0,4,0,0,0,0,0,0,2,1,6,1,39,7,-1,-1,-1,-1,2,-1
2015621502023,1,9,0,6,0,2,0,0,0,0,1,1,6,1,82,11,-1,-1,-1,-1,1,-1
2015621502024,1,3,0,18,0,1,1,4,0,0,1,1,1,1,28,6,-1,-1,-1,-1,1,-1
2015621502024,2,9,0,2,0,1,0,0,0,0,2,1,6,3,-1,-1,-1,-1,-1,-1,-1,-1
2015621502025,1,9,0,18,0,7,2,0,0,7,1,1,6,1,26,6,-1,-1,-1,-1,1,-1
2015621502026,1,10,0,9,0,4,0,0,0,0,1,1,1,1,53,8,-1,-1,-1,-1,1,-1
2015621502026,2,9,0,18,0,8,0,0,0,0,1,1,6,2,46,8,-1,-1,-1,-1,1,-1
2015621502027,1,9,0,18,0,1,0,0,0,0,1,1,6,1,36,7,-1,-1,-1,-1,1,-1
2015621502027,2,9,0,4,0,1,0,0,0,0,2,1,6,2,32,6,-1,-1,-1,-1,1,-1
2015621502028,1,9,0,18,0,0,1,0,1,4,1,1,6,1,25,5,-1,-1,-1,-1,1,-1
2015621502029,1,9,0,16,0,1,0,0,0,0,3,1,6,1,70,10,-1,-1,-1,-1,1,-1
2015621502029,2,9,0,17,0,1,0,4,0,0,3,1,6,1,47,8,-1,-1,-1,-1,2,-1
2015621502029,3,9,0,2,0,2,0,0,0,0,4,1,6,3,-1,-1,-1,-1,-1,-1,-1,-1
2015621502030,1,9,0,17,0,1,0,7,0,0,1,1,6,1,32,6,-1,-1,-1,-1,1,-1
2015621502031,1,9,0,18,0,0,0,4,0,0,4,1,6,1,22,5,-1,-1,-1,-1,3,-1
2015621502031,2,9,0,2,0,0,0,0,0,0,3,1,6,3,-1,-1,-1,-1,-1,-1,-1,-1
2015621502032,1,9,0,18,0,0,1,0,0,0,1,1,6,1,21,5,-1,-1,-1,-1,1,-1
2015621502032,2,9,0,18,0,0,0,0,0,0,2,1,6,2,30,6,-1,-1,-1,-1,1,-1
2015621502032,3,9,0,2,0,0,0,0,0,0,3,1,6,3,-1,-1,-1,-1,-1,-1,-1,-1
2015621502032,4,9,0,2,0,0,0,0,0,0,3,1,6,3,-1,-1,-1,-1,-1,-1,-1,-1
2015621502034,1,9,0,18,0,1,0,0,0,0,1,1,6,1,28,6,-1,-1,-1,-1,1,-1
2015621502034,2,9,0,5,0,1,0,0,0,0,2,1,6,2,23,5,-1,-1,-1,-1,1,-1
2015621502035,1,1,0,11,0,0,0,0,0,0,2,1,6,1,22,5,-1,-1,-1,-1,3,-1
2015621502035,2,9,0,18,0,0,0,0,0,0,1,1,2,2,32,6,-1,-1,-1,-1,1,-1
2015621502036,1,9,0,18,0,0,1,0,0,0,1,1,6,3,-1,-1,-1,-1,-1,-1,-1,-1
2015621502036,2,16,0,18,0,0,0,0,0,0,2,1,6,2,50,8,-1,-1,-1,-1,2,-1
2015621502037,1,1,0,18,0,0,0,0,0,0,1,1,6,1,18,4,-1,-1,-1,-1,2,-1
2015621502037,2,9,0,4,0,0,0,0,0,0,2,1,6,2,23,5,-1,-1,-1,-1,1,-1
2015621502038,1,9,0,9,0,6,0,0,0,0,3,1,6,2,80,11,-1,-1,-1,-1,1,-1
2015621502038,2,19,0,18,0,8,0,0,0,0,4,1,1,1,58,9,-1,-1,-1,-1,1,-1
2015621502039,1,9,0,18,0,0,0,7,1,11,1,1,6,2,43,7,-1,-1,-1,-1,2,-1
2015621502040,1,9,0,18,0,0,1,0,0,0,1,1,6,1,26,6,-1,-1,-1,-1,1,-1
2015621502040,2,17,0,18,0,0,0,0,0,0,1,1,6,1,44,7,-1,-1,-1,-1,1,-1
2015621502041,1,9,0,5,0,6,0,0,0,0,1,1,6,1,36,7,-1,-1,-1,-1,3,-1
2015621502041,2,9,0,18,0,8,0,0,0,0,4,1,6,2,58,9,-1,-1,-1,-1,2,-1
2015621502042,1,9,0,9,0,1,0,0,0,0,1,1,6,1,20,4,-1,-1,-1,-1,1,-1
2015621502042,2,9,0,18,0,1,0,0,0,0,3,1,1,2,37,7,-1,-1,-1,-1,1,-1
2015621502043,1,9,0,18,0,8,0,0,7,7,1,1,6,1,36,7,-1,-1,-1,-1,1,-1
2015621502043,2,9,0,5,0,1,0,0,0,0,2,1,6,1,51,8,-1,-1,-1,-1,1,-1
2015621502044,1,98,1,4,9,5,0,0,0,0,2,1,1,1,57,9,-1,-1,-1,-1,1,-1
2015621502045,1,9,0,18,0,0,0,0,0,0,1,1,6,1,35,6,-1,-1,-1,-1,1,-1
2015621502045,2,9,0,4,0,0,0,0,0,0,2,1,6,2,18,4,-1,-1,-1,-1,1,-1
2015621502046,1,9,0,18,0,0,0,0,0,0,1,1,1,2,38,7,-1,-1,-1,-1,1,-1
2015621502046,2,9,0,18,0,0,0,0,0,0,2,1,1,2,57,9,-1,-1,-1,-1,1,-1
2015621502047,1,9,0,18,0,8,1,0,1,4,1,1,6,2,21,5,-1,-1,-1,-1,1,-1
2015621502048,1,9,0,4,0,1,0,0,0,0,1,1,6,3,-1,-1,-1,-1,-1,-1,-1,-1
2015621502048,2,8,0,10,0,1,0,0,0,0,2,1,1,1,29,6,-1,-1,-1,-1,1,-1
2015621502049,1,9,0,18,0,8,0,7,0,0,4,1,2,1,27,6,-1,-1,-1,-1,1,-1
2015621502049,2,8,0,18,0,8,0,0,0,0,1,1,1,2,48,8,-1,-1,-1,-1,1,-1
2015621502050,1,9,0,17,0,0,0,0,1,11,1,1,6,1,23,5,-1,-1,-1,-1,1,-1
2015621502051,1,9,0,18,0,0,0,0,0,0,1,1,6,2,20,4,-1,-1,-1,-1,1,-1
2015621502051,2,9,0,18,0,0,0,0,0,0,2,1,6,1,47,8,-1,-1,-1,-1,1,-1
2015621502052,1,9,0,16,0,0,0,0,0,0,0,1,6,3,-1,-1,-1,-1,-1,-1,-1,-1
2015621502052,2,9,0,17,0,0,5,0,7,0,1,1,6,1,20,4,-1,-1,-1,-1,2,-1
2015621502053,1,9,0,1,0,0,0,0,0,0,2,1,6,1,25,5,-1,-1,-1,-1,1,-1
2015621502054,1,9,0,16,0,0,0,0,7,0,1,1,2,2,23,5,-1,-1,-1,-1,1,-1
2015621502055,1,9,0,18,0,2,0,0,0,0,1,1,2,2,38,7,-1,-1,-1,-1,1,-1
2015621502055,2,9,0,4,0,2,0,0,0,0,2,1,2,2,45,7,-1,-1,-1,-1,1,-1
2015621502056,1,4,0,18,0,2,0,0,0,0,1,1,6,1,27,6,-1,-1,-1,-1,1,-1
2015621502057,1,9,0,18,0,1,0,0,0,0,1,1,6,1,65,9,-1,-1,-1,-1,1,-1
2015621502057,2,9,0,4,0,1,0,0,0,0,2,1,6,1,56,9,-1,-1,-1,-1,2,-1
2015621502058,1,1,0,18,0,1,0,0,0,0,1,1,6,1,21,5,-1,-1,-1,-1,1,-1
2015621502058,2,9,0,18,0,1,0,0,0,0,1,1,6,2,41,7,-1,-1,-1,-1,1,-1
2015621502059,1,9,0,18,0,0,0,0,0,0,1,1,6,3,-1,-1,-1,-1,-1,-1,-1,-1
2015621502060,1,2,0,9,0,3,0,0,0,0,0,1,1,1,17,4,-1,-1,-1,-1,1,-1
2015621502061,1,9,0,16,0,0,0,0,7,2,1,1,6,1,37,7,-1,-1,-1,-1,1,-1
2015621502062,1,9,0,18,0,0,0,0,0,0,1,1,1,1,28,6,-1,-1,-1,-1,1,-1
2015621502062,2,19,0,4,0,0,0,0,0,0,2,1,1,1,36,7,-1,-1,-1,-1,1,-1
2015621502062,3,19,0,4,0,0,0,0,0,0,2,1,1,1,37,7,-1,-1,-1,-1,2,-1
2015621502062,4,19,0,4,0,0,0,0,0,0,2,1,1,1,34,6,-1,-1,-1,-1,1,-1
2015621502063,1,9,0,18,0,0,0,0,0,0,1,1,6,2,32,6,-1,-1,-1,-1,2,-1
2015621502063,2,9,0,4,0,0,0,0,0,0,2,1,6,1,70,10,-1,-1,-1,-1,1,-1
2015621502064,1,19,0,18,0,4,0,0,0,0,1,1,6,1,73,10,-1,-1,-1,-1,1,-1
2015621502064,2,19,0,4,0,4,0,0,0,0,2,1,6,1,60,9,-1,-1,-1,-1,1,-1
2015621502065,1,9,0,18,0,0,5,0,7,0,1,1,6,1,24,5,-1,-1,-1,-1,1,-1
2015621502066,1,9,0,17,0,0,2,0,1,11,1,1,6,1,21,5,-1,-1,-1,-1,2,-1
2015621502067,1,9,0,18,0,0,0,0,1,2,1,1,6,1,66,10,-1,-1,-1,-1,1,-1
2015621502068,1,19,0,13,0,0,0,0,0,0,4,1,1,1,25,5,-1,-1,-1,-1,1,-1
2015621502068,2,1,0,18,0,0,0,0,0,0,2,1,6,1,36,7,-1,-1,-1,-1,2,-1
2015621502070,1,9,0,18,0,0,0,0,0,0,3,1,6,2,23,5,-1,-1,-1,-1,1,-1
2015621502070,2,9,0,3,0,0,0,0,0,0,4,1,6,1,39,7,-1,-1,-1,-1,1,-1
2015621502070,3,9,0,2,0,0,0,0,0,0,3,1,6,3,-1,-1,-1,-1,-1,-1,-1,-1
2015621502070,4,9,0,2,0,0,0,0,0,0,3,1,6,3,-1,-1,-1,-1,-1,-1,-1,-1
2015621502071,1,9,0,18,0,0,0,0,0,0,4,1,6,1,24,5,-1,-1,-1,-1,1,-1
2015621502072,1,9,0,18,0,0,0,0,0,0,1,1,6,2,38,7,-1,-1,-1,-1,1,-1
2015621502073,1,9,0,9,0,5,0,0,0,0,1,1,6,1,67,10,-1,-1,-1,-1,1,-1
2015621502073,2,3,0,18,0,8,0,0,0,0,1,1,6,1,17,4,-1,-1,-1,-1,1,-1
2015621502074,1,9,0,9,0,4,0,0,0,0,1,1,6,1,68,10,-1,-1,-1,-1,2,-1
2015621502074,2,9,0,18,0,8,0,0,0,0,2,1,6,1,58,9,-1,-1,-1,-1,2,-1
2015621502075,1,9,0,5,0,4,0,0,0,0,1,1,6,1,34,6,-1,-1,-1,-1,-1,-1
2015621502075,2,9,0,5,0,4,0,0,0,0,2,1,6,2,44,7,-1,-1,-1,-1,1,-1
2015621502076,1,9,0,16,0,0,0,0,7,4,4,1,6,1,18,4,-1,-1,-1,-1,1,-1
2015621502077,1,21,1,4,0,1,0,0,0,0,1,1,1,1,54,8,-1,-1,-1,-1,1,-1
2015621502077,2,9,0,3,0,1,0,0,0,0,2,1,6,1,29,6,-1,-1,-1,-1,1,-1
2015621502078,1,9,0,9,0,1,0,0,0,0,1,1,6,2,62,9,-1,-1,-1,-1,1,-1
2015621502079,1,9,0,18,0,8,0,0,7,2,4,1,6,1,78,11,-1,-1,-1,-1,1,-1
2015621502079,2,9,0,18,0,8,0,0,0,0,1,1,6,1,33,6,-1,-1,-1,-1,1,-1
2015621502080,1,9,0,9,0,6,0,0,0,0,1,1,6,2,25,5,-1,-1,-1,-1,1,-1
2015621502080,2,9,0,18,0,8,0,0,0,0,1,1,6,1,76,11,-1,-1,-1,-1,3,-1
2015621502081,1,9,0,18,0,0,0,0,1,0,1,1,6,1,19,4,-1,-1,-1,-1,2,-1
2015621502082,1,9,0,18,0,0,0,0,0,0,1,1,6,3,-1,-1,-1,-1,-1,-1,-1,-1
2015621502083,1,9,0,18,0,1,0,0,0,0,1,1,6,1,68,10,-1,-1,-1,-1,1,-1
2015621502083,2,9,0,18,0,1,0,0,0,0,2,1,6,2,39,7,-1,-1,-1,-1,1,-1
2015621502084,1,9,0,18,0,0,0,10,0,0,4,1,2,2,33,6,-1,-1,-1,-1,1,-1
2015621502084,2,9,0,18,0,0,0,0,0,0,3,1,6,1,47,8,-1,-1,-1,-1,1,-1
2015621502084,3,9,0,2,0,0,0,0,0,0,2,1,6,3,-1,-1,-1,-1,-1,-1,-1,-1
2015621502085,1,9,0,13,0,0,0,0,0,0,1,1,6,1,29,6,-1,-1,-1,-1,1,-1
2015621502085,2,9,0,5,0,0,0,0,0,0,2,1,3,2,60,9,-1,-1,-1,-1,1,-1
2015621502086,1,9,0,18,0,0,0,0,0,0,1,1,6,1,22,5,-1,-1,-1,-1,2,-1
2015621502087,1,9,0,18,0,1,5,7,1,0,3,1,6,2,38,7,-1,-1,-1,-1,1,-1
2015621502088,1,9,0,18,0,0,0,0,7,4,1,1,6,2,19,4,-1,-1,-1,-1,1,-1
2015621502089,1,9,0,18,0,1,0,0,7,11,3,1,6,1,27,6,-1,-1,-1,-1,1,-1
2015621502090,1,1,0,18,0,2,0,0,0,0,4,1,6,1,23,5,-1,-1,-1,-1,1,-1
2015621502090,2,9,0,18,0,1,0,0,0,0,1,1,6,1,52,8,-1,-1,-1,-1,1,-1
2015621502091,1,9,0,18,0,0,5,0,0,0,1,1,6,1,40,7,-1,-1,-1,-1,1,-1
2015621502091,2,9,0,3,0,0,0,0,0,0,2,1,6,2,53,8,-1,-1,-1,-1,1,-1
2015621502092,1,9,0,18,0,1,0,0,0,0,4,1,1,1,41,7,-1,-1,-1,-1,1,-1
2015621502093,1,19,0,4,0,1,0,0,0,0,1,1,6,1,26,6,-1,-1,-1,-1,1,-1
2015621502093,2,9,0,3,0,1,0,0,0,0,2,1,2,1,32,6,-1,-1,-1,-1,1,-1
2015621502093,3,9,0,3,0,1,0,0,0,0,2,1,6,2,35,6,-1,-1,-1,-1,2,-1
2015621502094,1,9,0,18,0,0,1,0,2,2,1,1,6,1,38,7,-1,-1,-1,-1,1,-1
2015621502095,1,9,0,9,0,8,0,0,0,0,1,1,6,1,19,4,-1,-1,-1,-1,1,-1
2015621502095,2,9,0,18,0,8,0,0,0,0,1,1,6,2,64,9,-1,-1,-1,-1,3,-1
2015621502096,1,9,0,16,0,1,0,0,0,0,1,1,6,1,49,8,-1,-1,-1,-1,1,-1
2015621502096,2,21,0,17,0,1,0,0,0,0,1,1,1,1,56,9,-1,-1,-1,-1,1,-1
2015621502097,1,9,0,18,0,4,0,0,0,0,1,1,6,1,34,6,-1,-1,-1,-1,2,-1
2015621502097,2,9,0,18,0,4,0,0,0,0,2,1,6,1,20,4,-1,-1,-1,-1,3,-1