Accident_Index,Vehicle_Reference,Vehicle_Type,Towing_and_Articulation,Vehicle_Manoeuvre,Vehicle_Location-Restricted_Lane,Junction_Location,Skidding_and_Overturning,Hit_Object_in_Carriageway,Vehicle_Leaving_Carriageway,Hit_Object_off_Carriageway,1st_Point_of_Impact,Was_Vehicle_Left_Hand_Drive?,Journey_Purpose_of_Driver,Sex_of_Driver,Age_of_Driver,Age_Band_of_Driver,Engine_Capacity_(CC),Propulsion_Code,Age_of_Vehicle,Driver_IMD_Decile,Driver_Home_Area_Type,Vehicle_IMD_Decile
2015621502097,3,9,0,18,0,4,0,0,0,0,2,1,6,1,24,5,-1,-1,-1,-1,2,-1
2015621502098,1,19,0,9,0,5,0,0,0,0,3,1,1,1,35,6,-1,-1,-1,-1,1,-1
2015621502098,2,4,0,13,0,8,0,0,0,0,4,1,1,1,25,5,-1,-1,-1,-1,1,-1
2015621502099,1,9,0,6,0,0,0,0,0,0,3,1,6,1,19,4,-1,-1,-1,-1,1,-1
2015621502099,2,4,0,13,0,0,0,0,0,0,4,1,1,1,50,8,-1,-1,-1,-1,3,-1
2015621502100,1,9,0,7,0,8,0,0,0,0,1,1,6,1,21,5,-1,-1,-1,-1,1,-1
2015621502100,2,90,0,18,0,8,0,0,0,0,1,1,6,1,55,8,-1,-1,-1,-1,1,-1
2015621502101,1,9,0,18,0,0,0,0,0,0,1,1,6,2,46,8,-1,-1,-1,-1,1,-1
2015621502103,1,9,0,9,0,8,0,0,0,0,1,1,6,1,33,6,-1,-1,-1,-1,1,-1
2015621502103,2,1,0,18,0,1,0,0,0,0,1,1,6,1,60,9,-1,-1,-1,-1,1,-1
2015621502104,1,9,0,18,0,1,0,0,0,0,4,1,3,2,69,10,-1,-1,-1,-1,1,-1
2015621502105,1,9,0,18,0,0,0,0,0,0,1,1,6,2,49,8,-1,-1,-1,-1,1,-1
2015621502106,1,9,0,9,0,4,0,0,0,0,1,1,6,2,84,11,-1,-1,-1,-1,1,-1
2015621502106,2,1,0,9,0,8,0,0,0,0,4,1,2,1,36,7,-1,-1,-1,-1,1,-1
2015621502107,1,9,0,7,0,8,0,0,0,0,4,1,6,2,57,9,-1,-1,-1,-1,1,-1
2015621502108,1,9,0,18,0,8,0,0,0,0,1,1,6,2,82,11,-1,-1,-1,-1,1,-1
2015621502108,2,9,0,9,0,6,0,0,0,0,4,1,6,2,19,4,-1,-1,-1,-1,1,-1
2015621502109,1,9,0,17,0,0,0,0,1,4,1,1,6,2,31,6,-1,-1,-1,-1,2,-1
2015621502110,1,9,0,9,0,5,0,0,0,0,1,1,6,1,26,6,-1,-1,-1,-1,1,-1
2015621502110,2,3,0,18,0,8,0,0,0,0,1,1,6,1,29,6,-1,-1,-1,-1,1,-1
2015621502111,1,9,0,10,0,1,0,7,0,0,1,1,6,1,62,9,-1,-1,-1,-1,1,-1
2015621502111,2,1,0,18,0,1,0,0,0,0,2,1,1,1,29,6,-1,-1,-1,-1,1,-1
2015621502112,1,9,0,9,0,6,0,0,0,0,1,1,6,1,58,9,-1,-1,-1,-1,1,-1
2015621502112,2,9,0,18,0,8,0,4,0,0,4,1,6,2,46,8,-1,-1,-1,-1,1,-1
2015621502112,3,9,0,2,0,2,0,0,0,0,3,1,6,3,-1,-1,-1,-1,-1,-1,-1,-1
2015621502112,4,9,0,2,0,2,0,4,0,0,1,1,6,3,-1,-1,-1,-1,-1,-1,-1,-1
2015621502112,5,9,0,2,0,2,0,4,0,0,2,1,6,3,-1,-1,-1,-1,-1,-1,-1,-1
2015621502112,6,9,0,2,0,2,0,4,0,0,2,1,6,3,-1,-1,-1,-1,-1,-1,-1,-1
2015621502113,1,9,0,18,0,6,0,0,0,0,1,1,6,1,32,6,-1,-1,-1,-1,1,-1
2015621502113,2,9,0,18,0,1,0,0,1,0,3,1,6,1,51,8,-1,-1,-1,-1,1,-1
2015621502114,1,9,0,18,0,0,0,0,0,0,1,1,6,1,37,7,-1,-1,-1,-1,1,-1
2015621502114,2,9,0,4,0,0,0,0,0,0,2,1,6,2,40,7,-1,-1,-1,-1,1,-1
2015621502115,1,9,0,16,0,8,0,0,0,0,1,1,6,2,32,6,-1,-1,-1,-1,2,-1
2015621502115,2,9,0,17,0,8,0,0,1,0,3,1,6,2,57,9,-1,-1,-1,-1,1,-1
2015621502115,3,19,0,18,0,8,0,0,1,0,1,1,2,1,25,5,-1,-1,-1,-1,1,-1
2015621502116,1,9,0,9,0,1,0,7,0,0,1,1,6,2,77,11,-1,-1,-1,-1,1,-1
2015621502117,1,9,0,4,0,1,1,0,0,0,1,1,6,1,62,9,-1,-1,-1,-1,3,-1
2015621502117,2,9,0,4,0,1,0,0,0,0,2,1,6,2,46,8,-1,-1,-1,-1,1,-1
2015621502118,1,9,0,7,0,6,0,0,0,0,1,1,6,2,57,9,-1,-1,-1,-1,1,-1
2015621502119,1,9,0,18,0,8,0,0,0,0,1,1,6,2,33,6,-1,-1,-1,-1,2,-1
2015621502120,1,9,0,9,0,5,0,0,0,0,1,1,6,1,20,4,-1,-1,-1,-1,1,-1
2015621502120,2,1,0,18,0,8,0,0,0,0,3,1,6,2,20,4,-1,-1,-1,-1,1,-1
2015621502121,1,9,0,17,0,0,2,0,2,10,1,1,2,1,19,4,-1,-1,-1,-1,1,-1
2015621502122,1,9,0,18,0,3,0,0,1,1,3,1,6,2,39,7,-1,-1,-1,-1,1,-1
2015621502122,2,9,0,18,0,3,0,0,0,0,4,1,2,1,49,8,-1,-1,-1,-1,1,-1
2015621502123,1,9,0,9,0,8,0,0,0,0,4,1,6,2,53,8,-1,-1,-1,-1,1,-1
2015621502123,2,3,0,18,0,8,0,0,0,0,1,1,6,1,29,6,-1,-1,-1,-1,1,-1
2015621502124,1,9,0,18,0,0,0,0,0,0,1,1,6,1,79,11,-1,-1,-1,-1,1,-1
2015621502124,2,9,0,4,0,0,0,0,0,0,2,1,6,1,50,8,-1,-1,-1,-1,1,-1
2015621502125,1,9,0,5,0,1,0,0,0,0,4,1,6,2,71,10,-1,-1,-1,-1,1,-1
2015621502126,1,9,0,4,0,1,1,0,0,0,1,1,6,2,25,5,-1,-1,-1,-1,2,-1
2015621502126,2,9,0,3,0,1,0,0,0,0,2,1,6,1,48,8,-1,-1,-1,-1,1,-1
2015621502126,3,9,0,3,0,1,0,0,0,0,2,1,6,2,27,6,-1,-1,-1,-1,1,-1
2015621502127,1,19,0,10,0,1,0,0,0,0,1,1,6,1,44,7,-1,-1,-1,-1,1,-1
2015621502128,1,9,0,4,0,1,0,0,0,0,1,1,6,2,36,7,-1,-1,-1,-1,3,-1
2015621502128,2,9,0,3,0,1,0,0,0,0,2,1,6,2,32,6,-1,-1,-1,-1,1,-1
2015621502129,1,9,0,17,0,0,0,0,0,0,1,1,6,2,19,4,-1,-1,-1,-1,-1,-1
2015621502129,2,9,0,16,0,0,0,0,0,0,1,1,1,1,53,8,-1,-1,-1,-1,1,-1
2015621502130,1,9,0,18,0,0,1,0,0,11,1,1,6,1,20,4,-1,-1,-1,-1,1,-1
2015621502131,1,9,0,18,0,0,0,0,0,0,1,1,6,2,34,6,-1,-1,-1,-1,1,-1
2015621502132,1,9,0,18,0,1,0,0,0,0,1,1,2,1,37,7,-1,-1,-1,-1,1,-1
2015621502132,2,9,0,3,0,1,0,0,0,0,2,1,6,2,23,5,-1,-1,-1,-1,1,-1
2015621502133,1,9,0,18,0,1,0,0,0,0,1,1,6,1,50,8,-1,-1,-1,-1,2,-1
2015621502134,1,9,0,18,0,0,0,0,0,0,1,1,6,1,50,8,-1,-1,-1,-1,1,-1
2015621502134,2,9,0,18,0,0,1,0,0,0,2,1,6,1,54,8,-1,-1,-1,-1,1,-1
2015621502134,3,9,0,18,0,0,0,0,0,0,0,1,6,1,28,6,-1,-1,-1,-1,3,-1
2015621502135,1,11,0,18,0,0,1,0,0,0,4,1,1,1,53,8,-1,-1,-1,-1,1,-1
2015621502136,1,9,0,14,0,1,0,0,0,0,1,1,6,1,30,6,-1,-1,-1,-1,1,-1
2015621502136,2,9,0,2,0,1,0,0,0,0,2,1,6,1,49,8,-1,-1,-1,-1,1,-1
2015621502137,1,3,0,3,0,8,0,0,0,0,4,1,1,1,42,7,-1,-1,-1,-1,1,-1
2015621502137,2,9,0,9,0,8,0,0,0,0,3,1,6,1,31,6,-1,-1,-1,-1,1,-1
2015621502138,1,9,0,18,0,0,2,0,0,0,4,1,6,2,38,7,-1,-1,-1,-1,1,-1
2015621502138,2,9,0,18,0,0,0,0,0,0,0,1,6,2,38,7,-1,-1,-1,-1,1,-1
2015621502139,1,9,0,9,0,1,0,0,0,0,1,1,6,2,41,7,-1,-1,-1,-1,1,-1
2015621502140,1,9,0,9,0,1,0,0,0,0,1,1,6,1,71,10,-1,-1,-1,-1,1,-1
2015621502140,2,3,0,18,0,1,0,0,0,0,1,1,6,1,39,7,-1,-1,-1,-1,1,-1
2015621502141,1,9,0,18,0,0,0,0,0,0,1,1,2,1,24,5,-1,-1,-1,-1,1,-1
2015621502142,1,9,0,18,0,0,1,0,0,0,1,1,6,1,57,9,-1,-1,-1,-1,1,-1
2015621502142,2,9,0,3,0,0,0,0,0,0,2,1,6,2,41,7,-1,-1,-1,-1,2,-1
2015621502143,1,9,0,18,0,0,1,4,0,0,1,1,6,1,73,10,-1,-1,-1,-1,1,-1
2015621502143,2,9,0,18,0,0,1,0,0,0,2,1,6,1,35,6,-1,-1,-1,-1,1,-1
2015621502143,3,9,0,18,0,0,0,10,0,0,4,1,6,1,57,9,-1,-1,-1,-1,3,-1
2015621502143,4,9,0,2,0,0,0,0,0,0,1,1,6,3,-1,-1,-1,-1,-1,-1,-1,-1
2015621502144,1,9,0,18,0,2,0,0,0,0,1,1,6,3,-1,-1,-1,-1,-1,-1,-1,-1
2015621502145,1,20,0,18,0,0,0,0,0,0,1,1,1,1,48,8,-1,-1,-1,-1,1,-1
2015621502145,2,9,0,4,0,0,0,0,0,0,2,1,6,1,53,8,-1,-1,-1,-1,1,-1
2015621502145,3,9,0,4,0,0,0,0,0,0,2,1,1,1,57,9,-1,-1,-1,-1,3,-1
2015621502146,1,9,0,18,0,0,0,0,0,0,1,1,6,1,79,11,-1,-1,-1,-1,1,-1
2015621502146,2,21,0,2,6,0,0,0,0,0,2,1,1,1,56,9,-1,-1,-1,-1,2,-1
2015621502147,1,9,0,7,0,5,1,0,1,7,1,1,6,1,18,4,-1,-1,-1,-1,2,-1
2015621502148,1,9,0,9,0,1,0,0,0,0,1,1,6,2,73,10,-1,-1,-1,-1,1,-1
2015621502148,2,9,0,18,0,1,0,0,0,0,1,1,6,1,18,4,-1,-1,-1,-1,2,-1
2015621502149,1,8,0,18,0,0,0,0,0,0,1,1,1,1,56,9,-1,-1,-1,-1,1,-1
2015621502150,1,9,0,18,0,0,0,0,0,0,1,1,6,2,20,4,-1,-1,-1,-1,1,-1
2015621502151,1,9,0,4,0,1,0,0,0,0,1,1,6,1,47,8,-1,-1,-1,-1,1,-1
2015621502151,2,9,0,4,0,1,0,0,0,0,2,1,6,1,35,6,-1,-1,-1,-1,1,-1
2015621502152,1,9,0,18,0,0,1,0,0,6,1,1,2,1,31,6,-1,-1,-1,-1,1,-1
2015621502153,1,9,0,9,0,2,0,7,0,0,1,1,6,2,58,9,-1,-1,-1,-1,1,-1
2015621502154,1,9,0,18,0,1,0,0,0,0,1,1,6,2,32,6,-1,-1,-1,-1,2,-1
2015621502154,2,9,0,3,0,1,0,0,0,0,2,1,6,2,60,9,-1,-1,-1,-1,2,-1
2015621502155,1,9,0,18,0,1,2,0,0,7,4,1,6,1,74,10,-1,-1,-1,-1,1,-1
2015621502156,1,9,0,1,0,1,0,0,0,0,2,1,6,2,17,4,-1,-1,-1,-1,1,-1
2015621502156,2,9,0,18,0,1,0,0,0,0,1,1,6,2,28,6,-1,-1,-1,-1,1,-1
2015621502157,1,9,0,18,0,3,0,0,0,0,1,1,1,1,48,8,-1,-1,-1,-1,1,-1
2015621502157,2,9,0,4,0,3,0,10,0,0,2,1,6,2,24,5,-1,-1,-1,-1,1,-1
2015621502158,1,9,0,7,0,1,0,0,0,0,1,1,6,2,22,5,-1,-1,-1,-1,1,-1
2015621502158,2,9,0,4,0,8,0,0,0,0,4,1,6,1,20,4,-1,-1,-1,-1,1,-1
2015621502159,1,9,0,18,0,0,0,0,0,0,1,1,2,1,27,6,-1,-1,-1,-1,3,-1
2015621502160,1,9,0,10,0,0,0,0,0,0,1,1,2,2,28,6,-1,-1,-1,-1,1,-1
2015621502160,2,9,0,10,0,0,0,0,0,0,2,1,2,2,36,7,-1,-1,-1,-1,1,-1
2015621502161,1,9,0,18,0,1,0,0,0,0,1,1,6,2,17,4,-1,-1,-1,-1,1,-1
2015621502161,2,19,0,17,0,1,0,0,0,0,1,1,6,1,44,7,-1,-1,-1,-1,1,-1
2015621502162,1,9,0,18,0,0,0,0,0,0,1,1,6,2,26,6,-1,-1,-1,-1,1,-1
2015621502162,2,9,0,4,0,0,0,0,0,0,2,1,6,1,50,8,-1,-1,-1,-1,1,-1
2015621502163,1,19,0,7,0,5,0,10,1,7,1,1,6,1,38,7,-1,-1,-1,-1,1,-1
2015621502164,1,1,0,18,0,0,0,0,0,0,1,1,6,1,16,4,-1,-1,-1,-1,1,-1
2015621502165,1,9,0,18,0,0,0,0,0,0,1,1,6,1,45,7,-1,-1,-1,-1,1,-1
2015621502165,2,9,0,3,0,0,0,0,0,6,2,1,6,1,48,8,-1,-1,-1,-1,1,-1
2015621502165,3,9,0,3,0,0,0,0,0,0,2,1,6,1,27,6,-1,-1,-1,-1,1,-1
2015621502166,1,8,0,18,0,0,1,0,0,10,1,1,1,1,39,7,-1,-1,-1,-1,1,-1
2015621502167,1,9,0,18,0,4,0,0,0,0,1,1,6,1,41,7,-1,-1,-1,-1,1,-1
2015621502167,2,1,0,5,0,4,0,0,0,0,2,1,6,1,22,5,-1,-1,-1,-1,1,-1
2015621502168,1,3,0,13,0,0,0,7,0,0,1,1,2,1,20,4,-1,-1,-1,-1,1,-1
2015621502169,1,9,0,9,0,5,0,0,0,0,1,1,6,1,58,9,-1,-1,-1,-1,1,-1
2015621502170,1,19,0,18,0,0,0,0,0,0,4,1,6,1,52,8,-1,-1,-1,-1,2,-1
2015621502171,1,9,0,9,0,2,0,0,0,0,1,1,6,3,-1,-1,-1,-1,-1,-1,-1,-1
2015621502171,2,1,0,18,0,2,0,0,0,0,1,1,6,1,27,6,-1,-1,-1,-1,1,-1
2015621502172,1,19,4,18,0,0,3,0,5,10,1,1,1,1,46,8,-1,-1,-1,-1,1,-1
2015621502173,1,9,0,14,0,0,0,0,0,0,1,1,6,2,81,11,-1,-1,-1,-1,1,-1
2015621502173,2,9,0,2,0,0,0,0,0,0,1,1,6,3,-1,-1,-1,-1,-1,-1,-1,-1
2015621502174,1,9,0,16,0,2,0,0,7,4,1,1,6,1,21,5,-1,-1,-1,-1,1,-1
2015621502175,1,9,0,18,0,0,0,0,7,7,1,1,6,1,23,5,-1,-1,-1,-1,3,-1
2015621502176,1,9,0,18,0,2,0,0,0,0,1,1,6,1,24,5,-1,-1,-1,-1,1,-1
2015621502177,1,9,0,5,0,0,0,0,0,0,0,1,1,1,51,8,-1,-1,-1,-1,1,-1
2015621502177,2,3,0,18,0,0,0,0,0,0,0,1,6,1,19,4,-1,-1,-1,-1,1,-1
2015621502178,1,9,0,18,0,0,0,0,0,0,3,1,6,2,46,8,-1,-1,-1,-1,1,-1
2015621502179,1,9,0,9,0,8,0,0,0,0,1,1,2,2,26,6,-1,-1,-1,-1,1,-1
2015621502179,2,9,0,18,0,1,0,0,0,0,1,1,6,1,51,8,-1,-1,-1,-1,1,-1
2015621502180,1,9,0,7,0,6,0,0,0,0,4,1,1,1,53,8,-1,-1,-1,-1,1,-1
2015621502181,1,9,0,5,0,4,0,0,0,0,1,1,6,1,25,5,-1,-1,-1,-1,1,-1
2015621502181,2,9,0,4,0,4,0,0,0,0,2,1,6,1,65,9,-1,-1,-1,-1,1,-1
2015621502182,1,9,0,18,0,0,0,0,0,0,1,1,6,1,59,9,-1,-1,-1,-1,3,-1
2015621502182,2,9,0,2,0,0,0,0,0,0,2,1,6,3,-1,-1,-1,-1,-1,-1,-1,-1
2015621502183,1,21,0,4,0,0,5,0,1,7,1,1,1,1,49,8,-1,-1,-1,-1,1,-1
2015621502183,2,20,0,4,0,0,0,0,0,0,2,1,1,1,55,8,-1,-1,-1,-1,3,-1
2015621502183,3,21,1,4,0,0,3,0,0,0,2,1,1,1,55,8,-1,-1,-1,-1,1,-1
2015621502184,1,9,0,18,0,0,0,0,0,0,1,1,6,2,26,6,-1,-1,-1,-1,1,-1
2015621502184,2,9,0,4,0,0,0,0,0,0,2,1,6,2,52,8,-1,-1,-1,-1,1,-1
2015621502185,1,19,0,18,0,1,0,0,0,0,1,1,1,1,36,7,-1,-1,-1,-1,1,-1
2015621502185,2,9,0,18,0,1,0,0,0,0,2,1,1,2,19,4,-1,-1,-1,-1,2,-1
2015621502186,1,9,0,18,0,1,0,0,0,0,1,1,6,3,-1,-1,-1,-1,-1,-1,-1,-1
2015621502187,1,19,0,18,0,0,0,4,0,0,1,1,6,1,72,10,-1,-1,-1,-1,1,-1
2015621502187,2,9,0,2,0,0,0,0,0,0,4,1,6,3,-1,-1,-1,-1,-1,-1,-1,-1
2015621502188,1,9,0,9,0,3,0,0,0,0,1,1,6,1,47,8,-1,-1,-1,-1,2,-1
2015621502189,1,9,0,7,0,8,0,0,0,0,1,1,6,1,72,10,-1,-1,-1,-1,1,-1
2015621502189,2,9,0,18,0,8,0,0,0,0,4,1,6,1,22,5,-1,-1,-1,-1,1,-1
2015621502190,1,9,0,11,0,1,0,0,0,0,4,1,6,1,48,8,-1,-1,-1,-1,2,-1
2015621502190,2,11,0,18,0,1,0,0,0,0,3,1,1,1,56,9,-1,-1,-1,-1,1,-1
2015621502191,1,8,0,4,0,1,0,0,0,0,1,1,1,2,50,8,-1,-1,-1,-1,1,-1
2015621502191,2,9,0,3,0,1,0,0,0,0,2,1,6,1,44,7,-1,-1,-1,-1,1,-1
2015621502192,1,9,0,18,0,0,0,0,0,0,1,1,2,1,28,6,-1,-1,-1,-1,1,-1
2015621502192,2,10,0,3,0,0,0,0,0,0,2,1,2,2,19,4,-1,-1,-1,-1,1,-1
2015621502193,1,9,0,18,0,2,0,4,0,0,4,1,6,1,77,11,-1,-1,-1,-1,1,-1
2015621502193,2,9,0,2,0,2,0,0,0,0,4,1,6,3,-1,-1,-1,-1,-1,-1,-1,-1
2015621502194,1,19,0,18,0,0,0,0,0,0,0,1,6,1,21,5,-1,-1,-1,-1,2,-1
2015621502195,1,9,0,18,0,0,0,0,0,0,1,1,6,1,17,4,-1,-1,-1,-1,1,-1
2015621502195,2,9,0,3,0,0,0,0,0,0,2,1,6,1,38,7,-1,-1,-1,-1,1,-1
2015621502195,3,9,0,3,0,0,0,0,0,0,2,1,1,2,47,8,-1,-1,-1,-1,2,-1
2015621502196,1,9,0,9,0,6,0,0,0,0,1,1,6,2,33,6,-1,-1,-1,-1,1,-1
2015621502196,2,1,0,7,0,1,0,0,0,0,1,1,6,1,41,7,-1,-1,-1,-1,1,-1
2015621502197,1,19,0,6,0,1,0,0,0,0,3,1,6,1,25,5,-1,-1,-1,-1,1,-1
2015621502197,2,1,0,7,0,1,0,0,0,0,1,1,6,1,37,7,-1,-1,-1,-1,1,-1
2015621502198,1,9,0,18,0,0,0,0,0,6,1,1,6,1,21,5,-1,-1,-1,-1,1,-1
2015621502198,2,9,0,18,0,0,0,0,0,6,3,1,6,1,48,8,-1,-1,-1,-1,2,-1
2015621502199,1,9,0,18,0,8,0,0,0,0,3,1,1,2,21,5,-1,-1,-1,-1,2,-1
2015621502200,1,9,0,18,0,0,1,0,1,4,1,1,6,1,34,6,-1,-1,-1,-1,1,-1
2015621502201,1,9,0,18,0,8,0,0,0,0,0,1,6,3,-1,-1,-1,-1,-1,-1,-1,-1
2015621502201,2,9,0,18,0,8,0,0,3,4,1,1,6,2,43,7,-1,-1,-1,-1,1,-1
2015621502202,1,9,0,18,0,0,0,0,0,0,1,1,6,1,35,6,-1,-1,-1,-1,1,-1
2015621502202,2,10,0,18,0,0,0,0,0,0,3,1,1,1,48,8,-1,-1,-1,-1,1,-1
2015621502202,3,9,0,18,0,0,0,0,0,0,1,1,6,2,66,10,-1,-1,-1,-1,1,-1
2015621600001,1,9,0,18,0,0,0,0,0,0,1,1,6,1,36,7,-1,-1,-1,-1,1,-1
2015621600001,2,9,0,18,0,0,0,0,0,0,1,1,6,1,17,4,-1,-1,-1,-1,1,-1
2015621600002,1,9,0,7,0,8,0,0,0,0,1,1,6,2,40,7,-1,-1,-1,-1,1,-1
2015621600002,2,1,0,18,0,8,0,0,0,0,1,1,6,2,21,5,-1,-1,-1,-1,1,-1
2015621600003,1,9,0,9,0,6,0,0,0,0,3,1,6,1,32,6,-1,-1,-1,-1,1,-1
2015621600003,2,9,0,17,0,1,0,0,0,0,1,1,6,1,27,6,-1,-1,-1,-1,1,-1
2015621600004,1,9,0,9,0,1,0,0,0,0,1,1,1,1,39,7,-1,-1,-1,-1,1,-1
2015621600004,2,9,0,18,0,1,0,0,0,0,4,1,6,1,23,5,-1,-1,-1,-1,2,-1
2015621600005,1,5,0,12,0,0,1,0,5,6,3,1,6,1,43,7,-1,-1,-1,-1,1,-1
2015621600006,1,9,0,18,0,1,0,0,0,0,1,1,6,1,17,4,-1,-1,-1,-1,1,-1
2015621600006,2,8,0,9,0,1,0,0,0,0,3,1,1,1,53,8,-1,-1,-1,-1,1,-1
2015621600006,3,9,0,7,0,1,0,0,0,0,3,1,6,1,23,5,-1,-1,-1,-1,1,-1
2015621600007,1,8,0,9,0,6,0,0,0,0,1,1,1,2,46,8,-1,-1,-1,-1,1,-1
2015621600007,2,9,0,18,0,1,0,0,0,0,1,1,2,2,26,6,-1,-1,-1,-1,1,-1
2015621600008,1,9,0,6,0,0,0,0,0,0,3,1,6,2,49,8,-1,-1,-1,-1,1,-1
2015621600008,2,9,0,18,0,0,0,0,0,0,1,1,6,1,27,6,-1,-1,-1,-1,1,-1
2015621600009,1,9,0,18,0,0,0,0,0,0,3,1,2,2,22,5,-1,-1,-1,-1,3,-1
2015621600009,2,9,0,18,0,0,0,0,0,0,3,1,6,2,33,6,-1,-1,-1,-1,1,-1
2015621600010,1,9,0,18,0,1,0,4,0,0,4,1,6,3,-1,-1,-1,-1,-1,-1,-1,-1
2015621600010,2,9,0,2,0,1,0,0,0,0,3,1,6,2,36,7,-1,-1,-1,-1,1,-1
2015621600011,1,9,0,18,0,1,0,0,0,0,1,1,6,3,-1,-1,-1,-1,-1,-1,-1,-1
2015621600011,2,9,0,18,0,1,0,0,0,0,2,1,6,1,47,8,-1,-1,-1,-1,1,-1
2015621600012,1,9,0,18,0,8,0,0,0,0,1,1,6,1,22,5,-1,-1,-1,-1,1,-1
2015621600012,2,9,0,18,0,8,0,0,0,0,3,1,6,2,32,6,-1,-1,-1,-1,1,-1
2015621600013,1,9,0,5,0,1,0,0,0,0,1,1,6,3,-1,-1,-1,-1,-1,-1,-1,-1
2015621600014,1,19,0,18,0,0,1,0,0,0,1,1,1,1,30,6,-1,-1,-1,-1,1,-1
2015621600014,2,19,4,18,0,0,4,0,0,0,2,1,1,1,60,9,-1,-1,-1,-1,3,-1
2015621600014,3,9,0,18,0,0,1,0,0,0,1,1,6,1,57,9,-1,-1,-1,-1,1,-1
2015621600014,4,9,0,18,0,0,1,0,0,0,3,1,6,1,35,6,-1,-1,-1,-1,3,-1
2015621600016,1,9,0,6,0,0,0,0,0,0,3,1,6,1,27,6,-1,-1,-1,-1,1,-1
2015621600016,2,19,0,18,0,0,0,0,0,0,1,1,6,1,22,5,-1,-1,-1,-1,1,-1
2015621600017,1,9,0,18,0,0,0,4,0,0,3,1,6,3,-1,-1,-1,-1,-1,-1,-1,-1
2015621600017,2,9,0,2,0,0,0,0,0,0,3,1,1,3,-1,-1,-1,-1,-1,-1,-1,-1
2015621600017,3,9,0,2,0,0,0,0,0,0,4,1,6,3,-1,-1,-1,-1,-1,-1,-1,-1
2015621600018,1,9,0,18,0,0,1,4,1,0,1,1,2,1,32,6,-1,-1,-1,-1,1,-1
2015621600018,2,9,0,2,0,0,0,0,1,0,2,1,6,3,-1,-1,-1,-1,-1,-1,-1,-1
2015621600019,1,9,0,13,0,0,5,0,2,4,1,1,6,1,29,6,-1,-1,-1,-1,1,-1
2015621600019,2,9,0,18,0,0,0,0,1,0,1,1,6,1,33,6,-1,-1,-1,-1,1,-1
2015621600019,3,19,0,18,0,0,0,0,0,0,2,1,2,1,30,6,-1,-1,-1,-1,1,-1
2015621600019,4,9,0,18,0,0,0,0,0,0,0,1,6,1,47,8,-1,-1,-1,-1,1,-1
2015621600020,1,5,0,18,0,0,1,0,0,0,1,1,6,1,26,6,-1,-1,-1,-1,1,-1
2015621600020,2,9,0,18,0,0,0,0,0,0,1,1,6,2,64,9,-1,-1,-1,-1,3,-1
2015621600021,1,9,0,18,0,0,0,0,0,0,1,1,1,2,43,7,-1,-1,-1,-1,2,-1
2015621600021,2,9,0,2,0,0,0,0,0,0,1,1,1,2,57,9,-1,-1,-1,-1,3,-1
2015621600021,3,9,0,2,0,0,0,0,0,0,2,1,6,3,-1,-1,-1,-1,-1,-1,-1,-1
2015621600021,4,9,0,2,0,0,0,0,0,0,2,1,6,3,-1,-1,-1,-1,-1,-1,-1,-1
2015621600022,1,9,0,1,0,1,0,0,0,0,2,1,6,2,52,8,-1,-1,-1,-1,1,-1
2015621600023,1,9,0,16,0,0,1,0,1,4,1,1,6,1,20,4,-1,-1,-1,-1,2,-1
2015621600024,1,9,0,18,0,1,0,0,0,0,1,1,6,2,62,9,-1,-1,-1,-1,2,-1
2015621600024,2,9,0,3,0,1,0,0,0,0,2,1,6,2,44,7,-1,-1,-1,-1,1,-1
2015621600024,3,9,0,3,0,1,0,0,0,0,2,1,6,2,24,5,-1,-1,-1,-1,1,-1
2015621600025,1,1,0,18,0,1,0,0,0,0,1,1,6,1,33,6,-1,-1,-1,-1,1,-1
2015621600025,2,8,0,9,0,1,0,0,0,0,1,1,1,1,47,8,-1,-1,-1,-1,1,-1
2015621600026,1,9,0,16,0,0,0,7,0,0,3,1,2,1,19,4,-1,-1,-1,-1,1,-1
2015621600027,1,9,0,18,0,8,0,0,0,0,1,1,6,1,23,5,-1,-1,-1,-1,1,-1
2015621600027,2,9,0,4,0,8,0,0,0,0,2,1,2,1,55,8,-1,-1,-1,-1,1,-1
2015621600027,3,9,0,4,0,8,0,0,0,0,2,1,6,2,31,6,-1,-1,-1,-1,1,-1
2015621600028,1,9,0,9,0,1,0,0,0,0,3,1,6,1,28,6,-1,-1,-1,-1,3,-1
2015621600028,2,97,0,13,0,1,0,0,0,0,1,1,6,1,48,8,-1,-1,-1,-1,1,-1
2015621600029,1,9,0,18,0,0,0,0,0,0,3,1,6,2,23,5,-1,-1,-1,-1,1,-1
2015621600030,1,9,0,6,0,8,0,0,0,0,4,1,6,3,-1,-1,-1,-1,-1,-1,-1,-1
2015621600030,2,8,0,18,0,8,0,0,0,0,1,1,1,1,29,6,-1,-1,-1,-1,1,-1
2015621600031,1,9,0,18,0,8,0,0,0,0,1,1,6,1,34,6,-1,-1,-1,-1,1,-1
2015621600031,2,9,0,3,0,8,0,0,0,0,2,1,6,1,34,6,-1,-1,-1,-1,3,-1
2015621600031,3,9,0,3,0,8,0,0,0,0,2,1,6,2,19,4,-1,-1,-1,-1,2,-1
2015621600032,1,9,0,9,0,6,0,0,0,0,1,1,6,1,36,7,-1,-1,-1,-1,1,-1
2015621600032,2,9,0,18,0,1,0,0,0,0,3,1,6,2,23,5,-1,-1,-1,-1,1,-1
2015621600033,1,9,0,18,0,0,0,0,1,7,1,1,6,2,46,8,-1,-1,-1,-1,1,-1
2015621600034,1,9,0,18,0,0,0,0,0,0,3,1,6,1,27,6,-1,-1,-1,-1,1,-1
2015621600035,1,9,0,9,0,8,0,0,0,0,1,1,6,1,61,9,-1,-1,-1,-1,1,-1
2015621600035,2,1,0,18,0,8,0,0,0,0,1,1,6,1,42,7,-1,-1,-1,-1,2,-1
2015621600036,1,9,0,5,0,6,0,0,1,9,3,1,6,1,87,11,-1,-1,-1,-1,3,-1
2015621600036,2,9,0,18,0,1,0,0,0,0,1,1,6,2,25,5,-1,-1,-1,-1,1,-1