Accident_Index,Vehicle_Reference,Vehicle_Type,Towing_and_Articulation,Vehicle_Manoeuvre,Vehicle_Location-Restricted_Lane,Junction_Location,Skidding_and_Overturning,Hit_Object_in_Carriageway,Vehicle_Leaving_Carriageway,Hit_Object_off_Carriageway,1st_Point_of_Impact,Was_Vehicle_Left_Hand_Drive?,Journey_Purpose_of_Driver,Sex_of_Driver,Age_of_Driver,Age_Band_of_Driver,Engine_Capacity_(CC),Propulsion_Code,Age_of_Vehicle,Driver_IMD_Decile,Driver_Home_Area_Type,Vehicle_IMD_Decile
2015621600037,1,9,0,18,0,8,0,0,0,0,1,1,6,3,-1,-1,-1,-1,-1,-1,-1,-1
2015621600038,1,8,0,18,0,0,0,0,0,0,4,1,1,3,-1,-1,-1,-1,-1,-1,-1,-1
2015621600039,1,9,0,18,0,0,1,0,1,7,1,1,6,1,45,7,-1,-1,-1,-1,1,-1
2015621600039,2,9,0,18,0,0,0,0,0,0,1,1,6,1,50,8,-1,-1,-1,-1,1,-1
2015621600039,3,9,0,18,0,0,0,1,0,0,3,1,6,1,25,5,-1,-1,-1,-1,3,-1
2015621600040,1,9,0,7,2,1,0,0,0,0,1,1,6,1,29,6,-1,-1,-1,-1,1,-1
2015621600040,2,11,0,18,2,1,0,0,0,0,1,1,1,1,59,9,-1,-1,-1,-1,1,-1
2015621600042,1,9,0,17,0,0,1,0,0,0,1,1,6,1,62,9,-1,-1,-1,-1,2,-1
2015621600042,2,9,0,16,0,0,0,0,0,0,1,1,6,1,19,4,-1,-1,-1,-1,3,-1
2015621600043,1,9,0,16,0,0,0,0,0,0,1,1,6,1,72,10,-1,-1,-1,-1,3,-1
2015621600043,2,5,0,17,0,0,0,0,0,0,1,1,6,1,50,8,-1,-1,-1,-1,1,-1
2015621600045,1,9,0,9,0,1,0,0,0,0,4,1,6,1,20,4,-1,-1,-1,-1,1,-1
2015621600045,2,3,0,18,0,1,0,0,0,0,1,1,6,1,20,4,-1,-1,-1,-1,1,-1
2015621600046,1,9,0,18,0,0,0,0,0,0,1,1,6,1,74,10,-1,-1,-1,-1,1,-1
2015621600046,2,9,0,18,0,0,0,0,0,0,2,1,6,1,34,6,-1,-1,-1,-1,1,-1
2015621600046,3,9,0,18,0,0,0,0,0,0,2,1,6,2,55,8,-1,-1,-1,-1,1,-1
2015621600046,4,9,0,18,0,0,0,0,0,0,2,1,6,2,67,10,-1,-1,-1,-1,2,-1
2015621600049,1,9,0,18,0,0,2,0,1,10,1,1,6,1,47,8,-1,-1,-1,-1,3,-1
2015621600052,1,9,0,18,0,0,0,0,0,0,4,1,6,1,43,7,-1,-1,-1,-1,2,-1
2015621600052,2,1,0,18,0,0,0,0,0,0,3,1,6,1,21,5,-1,-1,-1,-1,1,-1
2015621600053,1,9,0,5,0,4,0,0,0,0,1,1,6,2,72,10,-1,-1,-1,-1,1,-1
2015621600053,2,9,0,18,0,3,0,0,0,0,2,1,6,1,17,4,-1,-1,-1,-1,1,-1
2015621600054,1,19,0,7,2,5,0,0,0,0,4,1,1,1,26,6,-1,-1,-1,-1,2,-1
2015621600054,2,8,0,18,2,8,0,0,0,0,3,1,1,1,51,8,-1,-1,-1,-1,1,-1
2015621600055,1,9,0,7,0,6,0,0,0,0,1,1,6,1,46,8,-1,-1,-1,-1,3,-1
2015621600056,1,9,0,18,0,0,0,4,0,0,3,1,6,1,71,10,-1,-1,-1,-1,1,-1
2015621600056,2,9,0,2,0,0,0,0,0,2,3,1,6,3,-1,-1,-1,-1,-1,-1,-1,-1
2015621600058,1,9,0,18,0,0,0,0,0,0,0,1,6,2,25,5,-1,-1,-1,-1,1,-1
2015621600058,2,97,0,18,0,0,0,0,0,0,0,1,6,1,34,6,-1,-1,-1,-1,1,-1
2015621600062,1,16,0,18,0,1,0,0,0,0,3,1,6,1,47,8,-1,-1,-1,-1,3,-1
2015621600062,2,9,0,7,0,6,0,12,0,0,3,1,6,2,36,7,-1,-1,-1,-1,1,-1
2015621600063,1,9,0,9,0,6,0,0,0,0,3,1,6,2,40,7,-1,-1,-1,-1,1,-1
2015621600063,2,9,0,18,0,1,0,0,0,0,1,1,6,2,45,7,-1,-1,-1,-1,1,-1
2015621600064,1,9,0,9,0,5,0,0,0,0,1,1,2,1,57,9,-1,-1,-1,-1,1,-1
2015621600064,2,9,0,18,0,1,0,0,0,0,4,1,2,1,20,4,-1,-1,-1,-1,1,-1
2015621600065,1,9,0,17,0,0,0,0,0,0,1,1,6,1,27,6,-1,-1,-1,-1,1,-1
2015621600066,1,9,0,18,0,1,0,0,0,0,1,1,6,1,20,4,-1,-1,-1,-1,1,-1
2015621600066,2,9,0,7,0,6,0,0,0,0,3,1,6,1,67,10,-1,-1,-1,-1,3,-1
2015621600068,1,9,0,18,0,0,0,0,1,2,1,1,6,1,67,10,-1,-1,-1,-1,1,-1
2015621600069,1,9,0,18,0,0,1,0,2,10,4,1,6,1,25,5,-1,-1,-1,-1,1,-1
2015621600072,1,9,0,18,0,1,0,0,0,0,1,1,6,1,55,8,-1,-1,-1,-1,1,-1
2015621600072,2,8,0,18,0,1,0,0,0,0,1,1,1,1,52,8,-1,-1,-1,-1,1,-1
2015621600074,1,9,0,18,0,0,5,0,2,4,4,1,1,2,42,7,-1,-1,-1,-1,1,-1
2015621600076,1,9,0,18,0,0,0,0,0,0,3,1,6,1,36,7,-1,-1,-1,-1,1,-1
2015621600076,2,9,0,18,0,0,0,0,0,0,3,1,6,1,66,10,-1,-1,-1,-1,1,-1
2015621600077,1,9,0,18,0,0,0,0,0,0,4,1,6,2,57,9,-1,-1,-1,-1,2,-1
2015621600109,1,9,0,18,0,0,0,0,0,0,1,1,2,1,40,7,-1,-1,-1,-1,2,-1
2015621600109,2,19,0,3,0,0,0,0,0,0,2,1,1,1,53,8,-1,-1,-1,-1,1,-1
2015621600109,3,19,0,18,0,0,0,0,0,0,2,1,1,1,58,9,-1,-1,-1,-1,2,-1
2015621600109,4,9,0,3,0,0,0,0,0,0,2,1,6,1,35,6,-1,-1,-1,-1,1,-1
2015621600111,1,9,0,4,0,1,0,0,0,0,1,1,2,1,28,6,-1,-1,-1,-1,2,-1
2015621600111,2,9,0,3,0,1,0,0,0,0,2,1,6,2,19,4,-1,-1,-1,-1,1,-1
2015621600111,3,9,0,3,0,1,0,0,0,0,2,1,6,2,44,7,-1,-1,-1,-1,1,-1
2015621600116,1,9,0,18,0,8,0,0,0,0,1,1,6,2,22,5,-1,-1,-1,-1,2,-1
2015621600116,2,9,0,18,0,8,0,0,0,0,1,1,6,2,65,9,-1,-1,-1,-1,2,-1
2015621600138,1,3,0,18,0,0,0,0,0,0,1,1,2,1,24,5,-1,-1,-1,-1,1,-1
2015621600138,2,9,0,4,0,0,0,0,0,0,2,1,2,2,27,6,-1,-1,-1,-1,1,-1
2015621600146,1,9,0,18,0,0,0,0,0,0,1,1,6,1,66,10,-1,-1,-1,-1,2,-1
2015621600167,1,9,0,6,0,0,0,0,0,0,4,1,2,1,42,7,-1,-1,-1,-1,1,-1
2015621600167,2,9,0,18,0,0,0,0,0,0,1,1,2,1,44,7,-1,-1,-1,-1,1,-1
2015621600168,1,1,0,18,2,0,0,0,0,0,2,1,6,1,14,3,-1,-1,-1,-1,1,-1
2015621600168,2,11,0,18,2,0,0,0,0,0,1,1,1,1,29,6,-1,-1,-1,-1,1,-1
2015621600175,1,9,0,18,0,1,0,4,0,0,1,1,2,1,18,4,-1,-1,-1,-1,3,-1
2015621600175,2,9,0,2,0,1,0,0,0,0,1,1,6,3,-1,-1,-1,-1,-1,-1,-1,-1
2015621600175,3,19,0,2,0,1,0,0,0,0,1,1,6,3,-1,-1,-1,-1,-1,-1,-1,-1
2015621600177,1,9,0,18,0,0,5,0,0,0,1,1,6,1,22,5,-1,-1,-1,-1,3,-1
2015621600390,1,9,0,7,0,1,0,0,0,0,3,1,6,1,25,5,-1,-1,-1,-1,1,-1
2015621600390,2,9,0,18,0,1,0,0,0,0,3,1,6,1,54,8,-1,-1,-1,-1,1,-1
201563AC00115,1,9,0,18,0,1,0,0,0,0,3,1,6,2,77,11,-1,-1,-1,-1,3,-1
201563AC00115,2,21,0,18,0,1,1,0,0,0,1,1,1,1,64,9,-1,-1,-1,-1,3,-1
201563AC00315,1,9,0,18,0,0,2,0,1,0,1,1,6,1,58,9,-1,-1,-1,-1,3,-1
201563AC00315,2,9,0,18,0,0,1,0,0,0,2,1,6,2,27,6,-1,-1,-1,-1,3,-1
201563AC00315,3,1,0,18,0,0,0,0,0,0,0,1,6,3,-1,-1,-1,-1,-1,-1,-1,-1
201563AC00315,4,9,0,18,0,0,0,0,0,0,0,1,6,3,-1,-1,-1,-1,-1,-1,-1,-1
201563AC00315,5,19,0,18,0,0,0,0,0,0,0,1,6,3,-1,-1,-1,-1,-1,-1,-1,-1
201563AC00415,1,9,0,17,0,0,5,0,0,0,3,1,6,1,70,10,-1,-1,-1,-1,3,-1
201563AC00515,1,9,0,18,0,0,0,0,0,0,2,1,6,3,-1,-1,-1,-1,-1,-1,-1,-1
201563AC00515,2,1,0,18,0,0,0,0,0,0,1,1,2,1,60,9,-1,-1,-1,-1,-1,-1
201563AC00615,1,9,0,18,0,1,0,0,0,0,3,1,3,2,21,5,-1,-1,-1,-1,1,-1
201563AC00715,1,9,0,18,0,1,0,0,0,0,1,1,1,2,54,8,-1,-1,-1,-1,3,-1
201563AC00715,2,19,0,7,0,6,0,0,0,0,1,1,1,1,46,8,-1,-1,-1,-1,3,-1
201563AC00815,1,9,0,9,0,4,0,0,0,0,1,1,6,2,38,7,-1,-1,-1,-1,1,-1
201563AC00815,2,9,0,18,0,3,0,0,1,10,4,1,3,2,48,8,-1,-1,-1,-1,3,-1
201563AC00915,1,9,0,18,0,0,1,0,4,6,1,1,6,1,22,5,-1,-1,-1,-1,3,-1
201563AC01015,1,9,0,18,0,0,2,0,1,4,3,1,6,1,47,8,-1,-1,-1,-1,1,-1
201563AC01015,2,21,0,18,0,0,0,0,0,0,0,1,6,3,-1,-1,-1,-1,-1,-1,-1,-1
201563AC01115,1,9,0,18,0,0,1,0,2,4,1,1,1,2,50,8,-1,-1,-1,-1,1,-1
201563AC01215,1,9,0,18,0,0,1,0,0,0,1,1,6,1,35,6,-1,-1,-1,-1,2,-1
201563AC01215,2,9,0,18,0,0,0,0,0,0,1,1,6,1,19,4,-1,-1,-1,-1,3,-1
201563AC01315,1,21,1,18,0,0,0,0,0,0,3,1,1,3,-1,-1,-1,-1,-1,-1,-1,-1
201563AC01315,2,21,0,18,0,0,0,0,0,0,3,1,1,1,49,8,-1,-1,-1,-1,3,-1
201563AC01415,1,19,0,18,0,0,1,0,1,9,1,1,1,1,64,9,-1,-1,-1,-1,1,-1
201563AC01415,2,9,0,18,0,0,0,0,0,0,0,1,6,3,-1,-1,-1,-1,-1,-1,-1,-1
201563AC01515,1,9,0,16,0,0,0,0,1,4,4,1,6,2,32,6,-1,-1,-1,-1,-1,-1
201563AC01615,1,9,0,18,0,0,0,0,7,0,1,1,6,2,23,5,-1,-1,-1,-1,3,-1
201563AC01715,1,9,0,18,0,0,2,0,1,10,1,1,1,1,20,4,-1,-1,-1,-1,3,-1
201563AC01815,1,19,0,18,0,1,0,0,0,0,1,1,1,1,32,6,-1,-1,-1,-1,3,-1
201563AC01815,2,9,0,10,0,1,0,0,0,0,2,1,6,2,62,9,-1,-1,-1,-1,3,-1
201563AC01915,1,3,0,18,0,0,1,0,0,0,0,1,1,1,41,7,-1,-1,-1,-1,3,-1
201563AC02015,1,9,0,18,0,0,1,0,0,0,1,1,6,2,32,6,-1,-1,-1,-1,-1,-1
201563AC02015,2,9,0,2,0,0,0,4,0,0,2,1,6,2,23,5,-1,-1,-1,-1,3,-1
201563AC02015,3,9,0,18,0,0,0,0,0,0,2,1,6,1,48,8,-1,-1,-1,-1,1,-1
201563AC02115,1,9,0,17,0,2,1,6,0,7,1,1,2,2,32,6,-1,-1,-1,-1,2,-1
201563AC02315,1,9,0,18,0,0,1,0,5,6,3,1,6,2,24,5,-1,-1,-1,-1,3,-1
201563AC02315,2,9,0,18,0,0,1,0,0,0,4,1,6,1,46,8,-1,-1,-1,-1,2,-1
201563AC02415,1,9,0,18,0,0,0,0,0,0,1,1,6,1,29,6,-1,-1,-1,-1,2,-1
201563AC02415,2,9,0,18,0,0,0,0,0,0,2,1,6,1,85,11,-1,-1,-1,-1,3,-1
201563AC02415,3,9,0,18,0,0,0,0,0,0,2,1,6,1,49,8,-1,-1,-1,-1,1,-1
201563AC02415,4,9,0,3,0,0,0,0,0,0,0,1,6,3,-1,-1,-1,-1,-1,-1,-1,-1
201563AC02515,1,9,0,9,0,8,0,0,0,0,3,1,6,1,85,11,-1,-1,-1,-1,3,-1
201563AC02515,2,9,0,18,0,1,0,0,0,0,1,1,6,2,26,6,-1,-1,-1,-1,1,-1
201563AC02615,1,9,0,18,0,0,1,6,1,10,1,1,6,1,20,4,-1,-1,-1,-1,2,-1
201563AC02715,1,9,0,16,0,0,2,10,0,0,1,1,2,1,19,4,-1,-1,-1,-1,2,-1
201563AC02715,2,9,0,17,0,0,0,0,0,0,3,1,6,2,71,10,-1,-1,-1,-1,3,-1
201563AC02815,1,9,0,18,0,1,0,0,0,0,1,1,6,1,36,7,-1,-1,-1,-1,1,-1
201563AC02815,2,9,0,18,0,1,0,0,0,0,3,1,6,1,37,7,-1,-1,-1,-1,1,-1
201563AC02915,1,9,0,18,0,1,0,0,0,0,1,1,6,1,21,5,-1,-1,-1,-1,2,-1
201563AC02915,2,9,0,9,0,1,0,0,0,0,2,1,6,1,32,6,-1,-1,-1,-1,2,-1
201563AC03015,1,9,0,18,0,1,2,0,0,0,1,1,2,1,21,5,-1,-1,-1,-1,3,-1
201563AC03115,1,9,0,18,0,0,0,0,0,0,1,1,2,1,43,7,-1,-1,-1,-1,2,-1
201563AC03115,2,9,0,3,0,0,0,0,0,0,1,1,6,1,18,4,-1,-1,-1,-1,2,-1
201563AC03115,3,9,0,3,0,0,0,0,0,0,2,1,6,1,86,11,-1,-1,-1,-1,2,-1
201563AC03115,4,9,0,3,0,0,0,0,0,0,0,1,6,3,-1,-1,-1,-1,-1,-1,-1,-1
201563AC03215,1,9,0,18,0,0,1,0,0,0,1,1,6,2,32,6,-1,-1,-1,-1,1,-1
201563AC03215,2,9,0,18,0,0,1,0,0,0,1,1,2,2,30,6,-1,-1,-1,-1,1,-1
201563AC03315,1,4,0,18,0,1,1,0,7,0,3,1,6,1,28,6,-1,-1,-1,-1,3,-1
201563AC03415,1,9,0,18,0,1,1,0,0,0,1,1,1,2,20,4,-1,-1,-1,-1,3,-1
201563AC03415,2,9,0,18,0,1,0,0,0,0,2,1,1,1,37,7,-1,-1,-1,-1,3,-1
201563AC03415,3,9,0,9,0,5,0,0,0,0,2,1,1,2,44,7,-1,-1,-1,-1,-1,-1
201563AC03515,1,9,0,18,0,0,1,0,1,6,2,1,6,2,38,7,-1,-1,-1,-1,1,-1
201563AC03615,1,9,0,18,0,0,0,0,0,0,4,1,2,1,29,6,-1,-1,-1,-1,2,-1
201563AC03615,2,1,0,18,0,0,0,0,0,0,2,1,6,1,34,6,-1,-1,-1,-1,3,-1
201563AC03715,1,9,0,9,0,8,0,0,0,0,1,1,2,1,59,9,-1,-1,-1,-1,1,-1
201563AC03815,1,9,0,5,0,0,0,0,0,0,1,1,6,1,25,5,-1,-1,-1,-1,3,-1
201563AC03815,2,9,0,18,0,0,0,0,0,0,4,1,6,1,20,4,-1,-1,-1,-1,3,-1
201563AC03915,1,9,0,5,0,6,0,0,0,0,1,1,6,1,77,11,-1,-1,-1,-1,1,-1
201563AC03915,2,9,0,18,0,1,1,0,0,0,1,1,6,1,33,6,-1,-1,-1,-1,1,-1
201563AC03915,3,9,0,2,9,1,0,0,0,0,2,1,6,3,-1,-1,-1,-1,-1,-1,-1,-1
201563AC04015,1,9,0,1,0,1,0,0,0,0,2,1,6,3,-1,-1,-1,-1,-1,-1,-1,-1
201563AC04015,2,22,0,4,0,6,0,0,0,0,1,1,6,1,87,11,-1,-1,-1,-1,1,-1
201563AC04115,1,9,0,3,0,1,0,0,0,0,1,1,6,2,54,8,-1,-1,-1,-1,3,-1
201563AC04115,2,9,0,5,0,1,0,0,0,0,2,1,6,1,45,7,-1,-1,-1,-1,1,-1
201563AC04215,1,9,0,18,0,0,0,0,0,0,1,1,1,2,30,6,-1,-1,-1,-1,3,-1
201563AC04215,2,9,0,3,0,0,0,0,0,0,2,1,6,2,24,5,-1,-1,-1,-1,3,-1
201563AC04215,3,9,0,18,0,0,0,0,0,0,0,1,6,3,-1,-1,-1,-1,-1,-1,-1,-1
201563AC04315,1,9,0,18,0,0,2,0,0,0,1,1,6,2,59,9,-1,-1,-1,-1,1,-1
201563AC04415,1,9,0,18,0,0,5,0,1,3,1,1,6,1,87,11,-1,-1,-1,-1,2,-1
201563AC04515,1,9,0,18,0,0,0,0,1,4,1,1,2,1,56,9,-1,-1,-1,-1,1,-1
201563AC04715,1,9,0,17,6,1,0,8,0,5,1,1,6,1,77,11,-1,-1,-1,-1,3,-1
201563AC04715,2,9,0,2,6,1,0,0,0,0,2,1,2,1,67,10,-1,-1,-1,-1,3,-1
201563AC04915,1,3,0,16,0,0,0,0,0,0,0,1,6,1,22,5,-1,-1,-1,-1,2,-1
201563AC05015,1,9,0,4,0,1,0,0,0,0,3,1,1,2,48,8,-1,-1,-1,-1,3,-1
201563AC05015,2,9,0,18,0,1,0,0,0,0,0,1,6,3,-1,-1,-1,-1,-1,-1,-1,-1
201563AC05015,3,9,0,2,0,1,0,0,0,0,0,1,6,3,-1,-1,-1,-1,-1,-1,-1,-1
201563AC05015,4,9,0,2,0,1,0,0,0,0,0,1,6,3,-1,-1,-1,-1,-1,-1,-1,-1
201563AC05115,1,9,0,18,0,0,0,0,0,0,2,1,6,1,67,10,-1,-1,-1,-1,1,-1
201563AC05115,2,9,0,18,0,0,0,0,0,0,2,1,6,1,59,9,-1,-1,-1,-1,1,-1
201563AC05115,3,9,0,18,0,0,1,0,0,0,1,1,6,2,51,8,-1,-1,-1,-1,1,-1
201563AC05115,4,9,0,3,0,0,0,0,0,0,0,1,6,3,-1,-1,-1,-1,-1,-1,-1,-1
201563AC05215,1,9,0,18,0,8,0,0,0,0,3,1,1,1,42,7,-1,-1,-1,-1,3,-1
201563AC05215,2,9,0,7,0,3,0,0,0,0,1,1,6,1,54,8,-1,-1,-1,-1,3,-1
201563AC05315,1,17,0,4,0,0,0,0,0,0,0,1,6,1,47,8,-1,-1,-1,-1,3,-1
201563AC05315,2,9,0,18,0,0,1,0,0,0,1,1,6,1,50,8,-1,-1,-1,-1,3,-1
201563AC05315,3,2,0,18,0,0,0,0,0,0,1,1,2,1,20,4,-1,-1,-1,-1,3,-1
201563AC05415,1,5,0,13,0,1,0,0,0,0,1,1,6,1,60,9,-1,-1,-1,-1,3,-1
201563AC05415,2,9,0,9,0,5,0,0,0,0,2,1,6,1,47,8,-1,-1,-1,-1,3,-1
201563AC05515,1,90,0,18,0,0,1,10,7,10,1,1,1,1,62,9,-1,-1,-1,-1,3,-1
201563AC05615,1,3,0,17,0,0,0,0,2,7,1,1,6,2,57,9,-1,-1,-1,-1,1,-1
201563AC05715,1,9,0,18,0,0,1,0,0,0,1,1,6,1,30,6,-1,-1,-1,-1,3,-1
201563AC05715,2,9,0,18,0,0,0,0,0,0,2,1,1,2,30,6,-1,-1,-1,-1,2,-1
201563AC05715,3,21,0,3,0,0,0,0,0,0,1,1,1,1,47,8,-1,-1,-1,-1,3,-1
201563AC05815,1,9,0,18,0,0,0,0,0,0,1,1,6,2,21,5,-1,-1,-1,-1,1,-1
201563AC05815,2,9,0,3,0,0,0,0,0,0,2,1,6,2,51,8,-1,-1,-1,-1,1,-1
201563AC05815,3,19,0,3,0,0,0,0,0,0,0,1,6,3,-1,-1,-1,-1,-1,-1,-1,-1
201563AC05915,1,9,0,2,0,0,0,4,0,0,2,1,1,3,30,6,-1,-1,-1,-1,-1,-1
201563AC05915,2,9,0,18,0,0,0,0,0,0,3,1,6,2,47,8,-1,-1,-1,-1,3,-1
201563AC05915,3,9,0,2,0,0,0,0,0,0,1,1,6,1,26,6,-1,-1,-1,-1,3,-1
201563AC05915,4,9,0,2,0,0,0,0,0,0,1,1,6,3,-1,-1,-1,-1,-1,-1,-1,-1
201563AC06015,1,9,0,18,0,0,0,0,1,3,1,1,6,1,25,5,-1,-1,-1,-1,1,-1
201563AC06015,2,19,0,2,0,0,0,0,0,0,3,1,6,3,-1,-1,-1,-1,-1,-1,-1,-1
201563AC06115,1,9,0,18,0,1,0,0,0,0,1,1,1,2,43,7,-1,-1,-1,-1,1,-1
201563AC06115,2,9,0,3,0,1,0,0,0,0,2,1,1,2,48,8,-1,-1,-1,-1,3,-1
201563AC06215,1,19,0,5,0,3,0,0,0,0,1,1,6,1,30,6,-1,-1,-1,-1,1,-1
201563AC06215,2,9,0,18,0,1,0,0,0,0,2,1,6,2,19,4,-1,-1,-1,-1,3,-1
201563AC06315,1,9,0,18,0,0,0,0,0,0,4,1,6,2,49,8,-1,-1,-1,-1,1,-1
201563AC06415,1,9,0,9,0,8,0,0,0,0,1,1,6,1,64,9,-1,-1,-1,-1,1,-1
201563AC06415,2,1,0,18,0,8,0,0,0,0,1,1,2,1,41,7,-1,-1,-1,-1,1,-1
201563AC06515,1,9,0,18,0,0,2,0,0,0,1,1,6,1,28,6,-1,-1,-1,-1,1,-1
201563AC06515,2,9,0,18,0,0,1,0,0,0,1,1,6,1,29,6,-1,-1,-1,-1,1,-1
201563AC06615,1,9,0,18,0,0,0,0,0,0,1,1,6,2,20,4,-1,-1,-1,-1,3,-1
201563AC06715,1,9,0,4,0,0,0,0,0,0,1,1,2,1,26,6,-1,-1,-1,-1,3,-1
201563AC06715,2,9,0,18,0,0,0,0,0,0,2,1,6,1,57,9,-1,-1,-1,-1,-1,-1
201563AC06815,1,9,0,9,0,8,0,0,0,0,3,1,6,1,70,10,-1,-1,-1,-1,3,-1
201563AC06815,2,9,0,18,0,8,0,0,0,0,1,1,6,2,20,4,-1,-1,-1,-1,1,-1
201563AC06915,1,9,0,18,0,0,2,0,1,10,1,1,6,1,25,5,-1,-1,-1,-1,3,-1
201563AC07015,1,9,0,18,0,0,1,0,7,0,1,1,6,2,40,7,-1,-1,-1,-1,1,-1
201563AC07015,2,9,0,18,0,0,1,0,0,0,1,1,2,1,24,5,-1,-1,-1,-1,1,-1
201563AC07115,1,19,0,18,0,0,0,0,0,0,3,1,1,1,47,8,-1,-1,-1,-1,3,-1
201563AC07115,2,5,0,16,0,0,0,0,0,0,1,1,2,1,38,7,-1,-1,-1,-1,2,-1
201563AC07315,1,9,0,18,0,0,0,0,0,0,1,1,6,3,-1,-1,-1,-1,-1,-1,-1,-1
201563AC07415,1,9,0,16,0,1,0,0,0,0,1,1,6,1,40,7,-1,-1,-1,-1,1,-1
201563AC07415,2,9,0,18,0,1,1,0,0,0,1,1,6,1,20,4,-1,-1,-1,-1,1,-1
201563AC07515,1,9,0,18,0,0,0,0,0,0,1,1,6,3,-1,-1,-1,-1,-1,-1,-1,-1
201563AC07515,2,9,0,18,0,0,0,0,0,0,3,1,6,2,39,7,-1,-1,-1,-1,3,-1
201563AC07615,1,9,3,18,0,0,4,0,0,0,0,1,6,1,75,10,-1,-1,-1,-1,2,-1
201563AC07715,1,9,0,7,0,1,0,0,0,0,1,1,6,2,81,11,-1,-1,-1,-1,2,-1
201563AC07715,2,9,0,18,0,1,0,0,0,0,1,1,6,1,57,9,-1,-1,-1,-1,2,-1
201563AC07815,1,9,0,5,0,4,0,0,0,0,1,1,6,2,33,6,-1,-1,-1,-1,3,-1
201563AC07815,2,9,0,3,0,4,0,0,0,0,2,1,6,1,33,6,-1,-1,-1,-1,2,-1
201563AC07915,1,9,0,18,0,1,0,0,0,0,3,1,6,2,31,6,-1,-1,-1,-1,2,-1
201563AC08015,1,9,0,18,0,0,0,0,0,0,1,1,6,2,36,7,-1,-1,-1,-1,-1,-1
201563AC08015,2,9,0,4,0,0,0,0,0,0,2,1,6,2,57,9,-1,-1,-1,-1,3,-1
201563AC08015,3,9,0,3,0,0,0,0,0,0,0,1,6,3,-1,-1,-1,-1,-1,-1,-1,-1
201563AC08115,1,19,0,17,0,0,0,0,1,3,1,1,1,1,46,8,-1,-1,-1,-1,2,-1
201563AC08215,1,9,0,18,0,1,0,6,0,0,1,1,6,1,24,5,-1,-1,-1,-1,3,-1
201563AC08315,1,9,0,18,0,1,0,0,0,0,1,1,2,2,33,6,-1,-1,-1,-1,3,-1
201563AC08315,2,9,0,10,0,5,0,0,0,0,2,1,6,1,34,6,-1,-1,-1,-1,3,-1
201563AC08415,1,9,0,18,0,1,0,0,0,0,3,1,6,3,-1,-1,-1,-1,-1,-1,-1,-1
201563AC08415,2,1,0,10,0,1,0,0,0,0,3,1,2,1,20,4,-1,-1,-1,-1,1,-1
201563AC08515,1,9,0,18,0,1,0,0,0,0,1,1,6,2,87,11,-1,-1,-1,-1,1,-1
201563AC08515,2,9,0,18,0,1,0,0,0,0,1,1,6,1,41,7,-1,-1,-1,-1,1,-1
201563AC08515,3,9,0,2,0,1,0,0,0,0,0,1,6,3,-1,-1,-1,-1,-1,-1,-1,-1
201563AC08615,1,9,0,18,9,1,1,0,1,4,2,1,6,1,27,6,-1,-1,-1,-1,1,-1
201563AC08715,1,9,0,9,0,5,0,0,0,0,1,1,6,1,47,8,-1,-1,-1,-1,3,-1
201563AC08715,2,1,0,18,0,1,0,0,0,0,1,1,6,1,38,7,-1,-1,-1,-1,1,-1
201563AC08815,1,9,0,13,0,0,0,0,7,0,3,1,6,1,20,4,-1,-1,-1,-1,3,-1
201563AC08815,2,9,0,18,0,0,1,0,7,0,1,1,6,2,23,5,-1,-1,-1,-1,3,-1
201563AC08815,3,9,0,18,0,0,0,0,1,0,1,1,6,1,40,7,-1,-1,-1,-1,1,-1
201563AC08915,1,9,0,18,0,4,0,0,0,0,1,1,6,2,88,11,-1,-1,-1,-1,-1,-1
201563AC08915,2,9,0,18,0,3,0,0,0,0,4,1,6,1,52,8,-1,-1,-1,-1,1,-1
201563AC09015,1,9,0,16,0,0,5,0,0,0,3,1,6,2,41,7,-1,-1,-1,-1,1,-1
201563AC09115,1,9,0,18,0,1,0,0,0,0,4,1,6,2,24,5,-1,-1,-1,-1,1,-1
201563AC09215,1,9,0,16,0,0,1,0,0,0,1,1,2,1,24,5,-1,-1,-1,-1,3,-1
201563AC09215,2,19,0,18,0,0,0,0,0,0,2,1,1,1,45,7,-1,-1,-1,-1,3,-1
201563AC09315,1,9,0,18,0,0,0,0,0,0,1,1,1,2,27,6,-1,-1,-1,-1,1,-1
201563AC09315,2,9,0,18,0,0,0,0,0,0,2,1,6,2,34,6,-1,-1,-1,-1,1,-1
201563AC09315,3,90,0,18,0,0,0,0,0,0,0,1,6,3,-1,-1,-1,-1,-1,-1,-1,-1
201563AC09415,1,9,0,18,0,1,0,0,0,0,2,1,6,1,18,4,-1,-1,-1,-1,1,-1
201563AC09415,2,9,0,18,0,1,0,0,0,0,2,1,6,1,54,8,-1,-1,-1,-1,1,-1
201563AC09415,3,9,0,9,0,5,0,0,0,0,0,1,6,3,-1,-1,-1,-1,-1,-1,-1,-1
201563AC09415,4,9,0,4,0,1,0,0,0,0,0,1,6,3,-1,-1,-1,-1,-1,-1,-1,-1
201563AC09515,1,9,0,5,0,0,0,0,0,0,1,1,6,2,50,8,-1,-1,-1,-1,1,-1
201563AC09515,2,9,0,18,0,0,0,0,0,0,1,1,2,1,23,5,-1,-1,-1,-1,3,-1
201563AC09615,1,9,0,18,0,1,0,0,0,0,1,1,6,2,65,9,-1,-1,-1,-1,3,-1
201563AC09615,2,9,0,10,0,1,0,0,0,0,2,1,2,2,24,5,-1,-1,-1,-1,1,-1
201563AC09715,1,9,0,16,0,0,5,0,8,10,1,1,6,2,19,4,-1,-1,-1,-1,3,-1
201563AC09815,1,9,0,7,0,5,0,0,0,0,4,1,6,2,25,5,-1,-1,-1,-1,1,-1
201563AC09815,2,1,0,18,0,1,0,0,0,0,1,1,6,1,18,4,-1,-1,-1,-1,1,-1
201563AC09915,1,9,0,18,0,0,0,0,0,0,1,1,6,1,46,8,-1,-1,-1,-1,1,-1
201563AC09915,2,9,0,3,0,0,0,0,0,0,2,1,1,1,63,9,-1,-1,-1,-1,1,-1
201563AC09915,3,9,0,3,0,0,0,0,0,0,1,1,6,1,35,6,-1,-1,-1,-1,1,-1
201563AC09915,4,9,0,3,0,0,0,0,0,0,2,1,6,1,43,7,-1,-1,-1,-1,2,-1
201563AC10015,1,9,0,18,0,0,1,0,8,10,1,1,6,1,29,6,-1,-1,-1,-1,2,-1