Accident_Index,Vehicle_Reference,Vehicle_Type,Towing_and_Articulation,Vehicle_Manoeuvre,Vehicle_Location-Restricted_Lane,Junction_Location,Skidding_and_Overturning,Hit_Object_in_Carriageway,Vehicle_Leaving_Carriageway,Hit_Object_off_Carriageway,1st_Point_of_Impact,Was_Vehicle_Left_Hand_Drive?,Journey_Purpose_of_Driver,Sex_of_Driver,Age_of_Driver,Age_Band_of_Driver,Engine_Capacity_(CC),Propulsion_Code,Age_of_Vehicle,Driver_IMD_Decile,Driver_Home_Area_Type,Vehicle_IMD_Decile
201563AC22515,1,9,0,18,0,0,0,10,1,4,1,1,6,1,24,5,-1,-1,-1,-1,1,-1
201563AC22615,1,9,0,16,0,0,5,0,0,0,1,1,2,2,63,9,-1,-1,-1,-1,2,-1
201563AC22715,1,9,0,18,0,0,1,0,0,0,4,1,6,1,41,7,-1,-1,-1,-1,3,-1
201563AC22715,2,9,0,18,0,0,0,0,0,0,1,1,6,1,41,7,-1,-1,-1,-1,3,-1
201563AC22815,1,19,0,1,0,0,0,0,0,0,1,1,6,1,40,7,-1,-1,-1,-1,-1,-1
201563AC22815,2,19,0,17,0,0,1,0,0,0,1,1,1,1,47,8,-1,-1,-1,-1,-1,-1
201563AC22915,1,9,0,18,0,0,0,0,0,0,1,1,6,2,26,6,-1,-1,-1,-1,3,-1
201563AC23015,1,9,0,16,0,0,1,0,0,0,3,1,6,1,19,4,-1,-1,-1,-1,3,-1
201563AC23015,2,9,0,17,0,0,2,0,0,0,3,1,6,2,59,9,-1,-1,-1,-1,3,-1
201563AC23115,1,9,0,16,0,0,1,0,0,0,1,1,1,2,20,4,-1,-1,-1,-1,3,-1
201563AC23115,2,21,1,17,0,0,0,0,0,0,1,1,1,1,57,9,-1,-1,-1,-1,3,-1
201563AC23215,1,9,0,18,0,1,0,0,0,0,4,1,2,1,22,5,-1,-1,-1,-1,3,-1
201563AC23215,2,9,0,18,0,1,0,0,0,0,1,1,2,2,51,8,-1,-1,-1,-1,3,-1
201563AC23315,1,9,0,18,0,2,0,0,1,0,1,1,6,2,79,11,-1,-1,-1,-1,3,-1
201563AC23315,2,9,0,18,0,1,0,0,0,0,4,1,6,2,50,8,-1,-1,-1,-1,3,-1
201563AC23415,1,9,0,18,0,8,0,0,0,0,1,1,6,1,18,4,-1,-1,-1,-1,1,-1
201563AC23415,2,9,0,4,0,8,0,0,0,0,2,1,2,1,36,7,-1,-1,-1,-1,1,-1
201563AC23415,3,9,0,18,0,8,0,0,0,0,2,1,6,2,46,8,-1,-1,-1,-1,3,-1
201563AC23515,1,5,0,17,0,8,0,0,1,10,1,1,6,1,52,8,-1,-1,-1,-1,2,-1
201563AC23515,2,5,0,18,0,1,0,0,0,0,0,1,6,3,-1,-1,-1,-1,-1,-1,-1,-1
201563AC23515,3,9,0,18,0,1,0,0,0,0,0,1,6,3,-1,-1,-1,-1,-1,-1,-1,-1
201563AC23615,1,9,0,18,0,0,0,0,0,0,1,1,2,1,33,6,-1,-1,-1,-1,3,-1
201563AC23715,1,9,0,18,0,0,1,0,1,4,4,1,6,1,83,11,-1,-1,-1,-1,2,-1
201563AC23715,2,21,1,18,0,0,0,0,0,0,3,1,1,1,54,8,-1,-1,-1,-1,-1,-1
201563AC23815,1,9,0,18,0,0,1,0,7,0,1,1,6,1,27,6,-1,-1,-1,-1,3,-1
201563AC23915,1,9,0,18,0,1,0,0,0,0,1,1,6,1,27,6,-1,-1,-1,-1,1,-1
201563AC23915,2,9,0,2,6,1,0,0,0,0,1,1,6,3,-1,-1,-1,-1,-1,-1,-1,-1
201563AC23915,3,9,0,2,6,1,0,0,0,0,1,1,6,3,-1,-1,-1,-1,-1,-1,-1,-1
201563AC24015,1,9,0,18,0,1,0,0,0,0,1,1,6,2,18,4,-1,-1,-1,-1,3,-1
201563AC24115,1,9,0,1,0,6,0,0,0,0,2,1,6,1,40,7,-1,-1,-1,-1,3,-1
201563AC24115,2,4,0,18,0,1,0,0,0,0,1,1,6,1,66,10,-1,-1,-1,-1,3,-1
201563AC24215,1,21,1,9,0,5,0,0,0,0,0,1,1,1,52,8,-1,-1,-1,-1,-1,-1
201563AC24215,2,9,0,18,0,1,5,0,3,10,0,1,1,2,54,8,-1,-1,-1,-1,2,-1
201563AC24315,1,9,0,18,0,8,0,0,0,0,1,1,6,2,41,7,-1,-1,-1,-1,1,-1
201563AC24315,2,9,0,3,0,8,0,0,0,0,2,1,6,1,24,5,-1,-1,-1,-1,3,-1
201563AC24415,1,9,0,18,0,1,0,4,0,0,1,1,6,1,46,8,-1,-1,-1,-1,3,-1
201563AC24415,2,9,0,10,0,5,0,0,0,0,2,1,6,1,57,9,-1,-1,-1,-1,3,-1
201563AC24515,1,9,0,18,0,0,5,0,0,0,1,1,6,2,21,5,-1,-1,-1,-1,3,-1
201563AC24615,1,9,0,18,0,1,0,0,0,0,1,1,6,2,68,10,-1,-1,-1,-1,1,-1
201563AC24615,2,9,0,2,0,1,0,0,0,0,2,1,6,1,22,5,-1,-1,-1,-1,3,-1
201563AC24715,1,9,0,9,0,5,0,0,0,0,1,1,6,1,59,9,-1,-1,-1,-1,2,-1
201563AC24715,2,9,0,18,0,1,0,0,0,0,1,1,1,2,28,6,-1,-1,-1,-1,1,-1
201563AC24815,1,19,0,18,0,1,0,0,0,0,2,1,2,1,30,6,-1,-1,-1,-1,1,-1
201563AC24815,2,9,0,10,0,5,0,0,0,0,1,1,2,1,49,8,-1,-1,-1,-1,3,-1
201563AC24815,3,9,0,18,0,1,0,0,1,0,1,1,2,2,26,6,-1,-1,-1,-1,1,-1
201563AC24915,1,9,0,18,0,8,0,0,0,0,1,1,6,2,27,6,-1,-1,-1,-1,1,-1
201563AC24915,2,9,0,10,0,1,0,0,0,0,2,1,6,2,68,10,-1,-1,-1,-1,1,-1
201563AC25015,1,9,0,18,0,4,0,0,0,0,1,1,6,2,50,8,-1,-1,-1,-1,1,-1
201563AC25015,2,1,0,18,0,3,0,0,0,0,4,1,6,1,51,8,-1,-1,-1,-1,1,-1
201563AC25115,1,9,0,18,0,8,0,0,0,0,3,1,6,2,44,7,-1,-1,-1,-1,3,-1
201563AC25115,2,9,0,7,0,8,0,0,0,0,4,1,6,2,26,6,-1,-1,-1,-1,3,-1
201563AC25215,1,21,4,1,0,8,0,0,0,0,1,1,1,1,31,6,-1,-1,-1,-1,3,-1
201563AC25215,2,9,0,10,0,1,0,0,0,0,2,1,6,2,68,10,-1,-1,-1,-1,3,-1
201563AC25315,1,9,0,16,0,0,2,0,0,0,1,1,6,2,18,4,-1,-1,-1,-1,2,-1
201563AC25415,1,5,0,16,0,0,0,0,0,0,1,1,6,1,55,8,-1,-1,-1,-1,-1,-1
201563AC25415,2,9,0,16,0,0,0,0,0,0,1,1,6,1,58,9,-1,-1,-1,-1,1,-1
201563AC25515,1,9,0,9,0,1,0,0,0,0,1,1,6,2,85,11,-1,-1,-1,-1,1,-1
201563AC25515,2,3,0,18,0,1,0,0,0,0,1,1,6,1,20,4,-1,-1,-1,-1,2,-1
201563AC25615,1,9,0,17,0,0,0,0,0,0,1,2,6,2,47,8,-1,-1,-1,-1,-1,-1
201563AC25615,2,2,0,18,0,0,0,0,0,0,1,1,6,1,75,10,-1,-1,-1,-1,1,-1
201563AC25715,1,9,0,18,0,2,1,0,0,0,1,1,6,1,88,11,-1,-1,-1,-1,1,-1
201563AC25715,2,9,0,3,0,2,0,0,0,0,2,1,2,1,27,6,-1,-1,-1,-1,1,-1
201563AC25815,1,9,0,18,0,0,1,0,0,0,2,1,6,1,20,4,-1,-1,-1,-1,3,-1
201563AC25815,2,9,0,18,0,0,0,0,0,0,2,1,6,1,31,6,-1,-1,-1,-1,1,-1
201563AC25815,3,9,0,18,0,0,1,0,0,0,2,1,6,1,33,6,-1,-1,-1,-1,1,-1
201563AC25815,4,9,0,3,0,0,0,0,0,0,0,1,6,3,-1,-1,-1,-1,-1,-1,-1,-1
201563AC25915,1,9,0,18,0,0,1,12,0,0,2,1,6,1,68,10,-1,-1,-1,-1,3,-1
201563AC25915,2,9,0,18,0,0,1,0,0,0,1,1,6,1,29,6,-1,-1,-1,-1,3,-1
201563AC26015,1,9,0,18,0,8,0,0,0,0,1,1,6,1,22,5,-1,-1,-1,-1,2,-1
201563AC26015,2,9,0,18,0,1,0,0,0,0,2,1,6,2,32,6,-1,-1,-1,-1,1,-1
201563AC26015,3,9,0,3,0,1,0,0,0,0,0,1,6,3,-1,-1,-1,-1,-1,-1,-1,-1
201563AC26115,1,5,0,18,0,0,1,0,0,0,0,1,6,1,41,7,-1,-1,-1,-1,3,-1
201563AC26215,1,5,0,18,0,0,1,0,0,0,0,1,6,1,50,8,-1,-1,-1,-1,1,-1
201563AC26315,1,9,0,18,0,0,0,0,1,2,1,1,2,2,23,5,-1,-1,-1,-1,1,-1
201563AC26415,1,3,0,18,0,1,1,0,0,0,0,1,2,1,20,4,-1,-1,-1,-1,2,-1
201563AC26515,1,9,0,18,0,0,0,0,0,0,1,1,6,2,25,5,-1,-1,-1,-1,1,-1
201563AC26515,2,9,0,18,0,0,0,0,0,0,2,1,6,1,38,7,-1,-1,-1,-1,1,-1
201563AC26615,1,9,0,4,0,4,0,0,0,0,1,1,6,2,39,7,-1,-1,-1,-1,1,-1
201563AC26615,2,9,0,18,0,1,0,0,0,0,2,1,6,2,25,5,-1,-1,-1,-1,3,-1
201563AC26715,1,19,0,18,0,1,0,0,0,0,1,1,1,1,49,8,-1,-1,-1,-1,3,-1
201563AC26715,2,9,0,3,0,4,0,0,0,0,2,1,6,2,64,9,-1,-1,-1,-1,1,-1
201563AC26815,1,11,0,4,0,0,0,0,0,0,0,1,1,1,24,5,-1,-1,-1,-1,1,-1
201563AC26815,2,9,0,4,0,0,0,0,0,0,0,1,6,3,-1,-1,-1,-1,-1,-1,-1,-1
201563AC26915,1,9,0,18,0,0,1,0,0,0,1,1,6,2,29,6,-1,-1,-1,-1,1,-1
201563AC26915,2,9,0,18,0,0,0,0,0,0,2,1,6,2,43,7,-1,-1,-1,-1,1,-1
201563AC27015,1,9,0,18,0,1,0,0,0,0,4,1,6,1,77,11,-1,-1,-1,-1,1,-1
201563AC27015,2,8,0,2,0,1,0,0,0,0,3,1,1,1,23,5,-1,-1,-1,-1,3,-1
201563AC27115,1,9,0,17,0,0,1,0,0,0,1,1,6,1,18,4,-1,-1,-1,-1,3,-1
201563AC27115,2,9,0,16,0,0,0,0,0,0,1,1,6,1,25,5,-1,-1,-1,-1,1,-1
201563AC27215,1,9,0,2,6,1,0,0,0,0,3,1,6,2,80,11,-1,-1,-1,-1,2,-1
201563AC27215,2,20,0,18,0,1,0,8,0,0,4,1,1,1,47,8,-1,-1,-1,-1,-1,-1
201563AC27315,1,9,0,18,0,4,0,0,1,7,1,1,6,2,48,8,-1,-1,-1,-1,2,-1
201563AC27315,2,9,0,18,0,3,0,0,0,0,4,1,2,2,27,6,-1,-1,-1,-1,1,-1
201563AC27415,1,9,0,9,0,1,0,0,0,0,1,1,6,1,44,7,-1,-1,-1,-1,1,-1
201563AC27415,2,9,0,18,0,8,0,0,0,0,1,1,6,2,21,5,-1,-1,-1,-1,1,-1
201563AC27515,1,9,0,16,0,0,1,0,8,10,1,1,6,2,25,5,-1,-1,-1,-1,1,-1
201563AC27515,2,9,4,18,0,0,0,0,0,0,1,1,6,2,47,8,-1,-1,-1,-1,3,-1
201563AC27615,1,9,0,16,0,0,0,0,1,0,1,1,6,2,56,9,-1,-1,-1,-1,3,-1
201563AC27715,1,9,0,18,0,0,5,0,0,0,0,1,6,1,18,4,-1,-1,-1,-1,1,-1
201563AC27715,2,9,0,18,0,0,0,0,0,0,0,1,6,3,-1,-1,-1,-1,-1,-1,-1,-1
201563AC27815,1,9,0,18,6,1,1,0,0,0,1,1,6,1,62,9,-1,-1,-1,-1,3,-1
201563AC27915,1,9,0,18,0,3,0,0,0,0,1,1,6,1,79,11,-1,-1,-1,-1,1,-1
201563AC27915,2,9,0,3,0,1,0,0,0,0,3,1,6,2,41,7,-1,-1,-1,-1,1,-1
201563AC27915,3,9,0,18,0,3,0,0,0,0,2,1,6,1,44,7,-1,-1,-1,-1,2,-1
201563AC27915,4,9,0,18,0,1,0,0,0,0,2,1,6,1,22,5,-1,-1,-1,-1,1,-1
201563AC28015,1,9,0,6,0,8,0,0,0,0,2,1,6,1,39,7,-1,-1,-1,-1,1,-1
201563AC28015,2,5,0,18,0,8,0,0,0,0,1,1,6,1,33,6,-1,-1,-1,-1,2,-1
201563AC28115,1,21,1,18,0,0,0,0,0,0,2,1,1,1,45,7,-1,-1,-1,-1,2,-1
201563AC28115,2,9,0,18,0,0,1,0,0,0,3,1,2,1,36,7,-1,-1,-1,-1,3,-1
201563AC28215,1,9,0,18,0,0,5,0,7,4,4,1,6,1,38,7,-1,-1,-1,-1,3,-1
201563AC28215,2,9,0,18,0,0,0,0,0,0,1,1,6,1,62,9,-1,-1,-1,-1,3,-1
201563AC28215,3,9,0,18,0,0,0,0,0,0,0,1,6,3,-1,-1,-1,-1,-1,-1,-1,-1
201563AC28215,4,9,0,18,0,0,0,0,0,0,0,1,6,3,-1,-1,-1,-1,-1,-1,-1,-1
201563AC28315,1,9,4,17,0,0,0,0,7,3,1,1,6,1,48,8,-1,-1,-1,-1,3,-1
201563AC28415,1,9,0,18,0,0,0,0,0,0,1,1,6,1,76,11,-1,-1,-1,-1,3,-1
201563AC28415,2,9,0,4,0,0,0,0,0,0,2,1,6,2,39,7,-1,-1,-1,-1,1,-1
201563AC28515,1,9,0,18,0,1,0,0,1,0,1,1,6,1,18,4,-1,-1,-1,-1,3,-1
201563AC28515,2,9,0,9,0,5,0,0,0,0,3,1,6,1,25,5,-1,-1,-1,-1,3,-1
201563AC28615,1,9,0,18,0,0,0,4,0,0,1,1,6,1,68,10,-1,-1,-1,-1,3,-1
201563AC28615,2,9,0,2,0,0,0,4,0,0,1,1,6,1,44,7,-1,-1,-1,-1,2,-1
201563AC28615,3,9,0,2,0,0,0,0,0,0,1,1,6,1,77,11,-1,-1,-1,-1,3,-1
201563AC28715,1,9,0,9,0,6,0,0,0,0,1,1,6,2,17,4,-1,-1,-1,-1,3,-1
201563AC28715,2,4,0,18,0,1,1,0,7,0,4,1,6,1,39,7,-1,-1,-1,-1,3,-1
201563AC28815,1,19,0,4,0,0,1,0,0,0,1,1,1,1,40,7,-1,-1,-1,-1,1,-1
201563AC28815,2,9,0,4,0,0,0,0,0,0,2,1,6,2,37,7,-1,-1,-1,-1,1,-1
201563AC28815,3,19,3,3,0,0,0,0,0,0,2,1,6,1,37,7,-1,-1,-1,-1,1,-1
201563AC28815,4,9,0,3,0,0,0,0,0,0,0,1,6,3,-1,-1,-1,-1,-1,-1,-1,-1
201563AC28915,1,1,0,15,0,8,0,0,0,0,1,1,6,1,13,3,-1,-1,-1,-1,3,-1
201563AC28915,2,9,0,9,0,5,0,0,0,0,3,1,6,2,41,7,-1,-1,-1,-1,-1,-1
201563AC28915,3,1,0,18,0,1,0,0,0,0,0,1,6,3,-1,-1,-1,-1,-1,-1,-1,-1
201563AC29015,1,21,1,5,0,0,0,0,0,0,4,1,1,1,56,9,-1,-1,-1,-1,2,-1
201563AC29015,2,19,0,2,0,0,0,0,0,0,0,1,6,3,-1,-1,-1,-1,-1,-1,-1,-1
201563AC29015,3,19,0,4,0,0,0,0,0,0,0,1,6,3,-1,-1,-1,-1,-1,-1,-1,-1
201563AC29115,1,9,0,7,0,2,0,0,0,0,1,1,6,1,38,7,-1,-1,-1,-1,1,-1
201563AC29115,2,22,0,18,0,1,0,0,0,0,2,1,6,2,65,9,-1,-1,-1,-1,3,-1
201563AC29215,1,9,0,18,0,2,0,0,0,0,3,1,6,1,27,6,-1,-1,-1,-1,1,-1
201563AC29215,2,9,0,18,0,2,0,0,0,0,4,1,6,1,27,6,-1,-1,-1,-1,2,-1
201563AC29315,1,9,0,5,0,1,0,0,0,0,1,1,1,2,57,9,-1,-1,-1,-1,1,-1
201563AC29315,2,1,0,18,0,1,0,0,0,0,4,1,6,1,40,7,-1,-1,-1,-1,1,-1
201563AC29415,1,9,0,18,0,4,0,0,0,0,2,1,6,2,60,9,-1,-1,-1,-1,1,-1
201563AC29415,2,9,0,3,0,4,0,0,0,0,1,1,6,1,57,9,-1,-1,-1,-1,1,-1
201563AC29515,1,9,0,5,0,4,0,0,0,0,1,1,2,2,50,8,-1,-1,-1,-1,1,-1
201563AC29515,2,1,0,18,0,4,0,0,0,0,1,1,6,1,23,5,-1,-1,-1,-1,3,-1
201563AC29615,1,9,0,18,0,1,0,0,0,0,1,1,6,1,26,6,-1,-1,-1,-1,1,-1
201563AC29615,2,9,0,9,0,8,0,0,0,0,3,1,6,1,17,4,-1,-1,-1,-1,3,-1
201563AC29715,1,9,0,18,0,8,0,0,0,0,1,1,6,2,17,4,-1,-1,-1,-1,3,-1
201563AC29715,2,9,0,16,0,1,1,0,0,0,2,1,6,1,60,9,-1,-1,-1,-1,3,-1
201563AC29815,1,9,0,17,0,0,5,0,0,0,1,1,6,1,23,5,-1,-1,-1,-1,1,-1
201563AC29915,1,9,0,18,0,0,1,10,7,3,4,1,6,1,18,4,-1,-1,-1,-1,1,-1
201563AC30015,1,9,0,18,0,0,1,0,0,0,1,1,6,1,30,6,-1,-1,-1,-1,3,-1
201563AC30015,2,19,4,18,0,0,0,0,0,0,3,1,2,1,35,6,-1,-1,-1,-1,3,-1
201563AC30115,1,9,0,18,0,0,0,0,0,0,0,1,1,1,56,9,-1,-1,-1,-1,1,-1
201563AC30215,1,9,0,16,0,0,2,10,0,0,1,1,2,1,34,6,-1,-1,-1,-1,3,-1
201563AC30215,2,9,0,18,0,0,0,0,0,0,1,1,1,1,51,8,-1,-1,-1,-1,2,-1
201563AC30315,1,5,0,16,0,0,0,0,0,0,1,1,6,1,59,9,-1,-1,-1,-1,3,-1
201563AC30315,2,9,0,18,0,0,0,0,0,0,1,1,6,2,27,6,-1,-1,-1,-1,1,-1
201563AC30415,1,9,0,18,0,0,2,0,0,0,1,1,6,2,20,4,-1,-1,-1,-1,2,-1
201563AC30515,1,9,0,9,0,6,0,0,0,0,1,1,6,1,79,11,-1,-1,-1,-1,1,-1
201563AC30515,2,9,0,18,0,8,0,0,0,0,1,1,6,2,36,7,-1,-1,-1,-1,2,-1
201563AC30615,1,9,0,18,0,0,0,0,0,0,3,1,6,2,59,9,-1,-1,-1,-1,3,-1
201563AC30715,1,9,0,18,0,0,0,0,0,0,1,1,6,1,37,7,-1,-1,-1,-1,1,-1
201563AC30715,2,9,0,18,0,0,0,0,0,0,1,1,6,1,46,8,-1,-1,-1,-1,1,-1
201563AC30815,1,9,0,7,0,8,0,0,0,0,1,1,6,2,35,6,-1,-1,-1,-1,1,-1
201563AC30815,2,9,0,18,0,2,0,0,0,0,1,1,6,2,53,8,-1,-1,-1,-1,1,-1
201563AC30915,1,3,0,18,0,8,1,0,0,0,4,1,6,1,19,4,-1,-1,-1,-1,3,-1
201563AC31015,1,9,0,18,0,4,0,0,0,0,0,1,6,1,57,9,-1,-1,-1,-1,1,-1
201563AC31015,2,9,0,18,0,8,0,0,0,0,0,1,6,3,-1,-1,-1,-1,-1,-1,-1,-1
201563AC31115,1,9,0,18,0,4,0,0,0,0,1,1,6,1,58,9,-1,-1,-1,-1,1,-1
201563AC31115,2,1,0,18,0,3,0,0,0,0,2,1,6,1,41,7,-1,-1,-1,-1,-1,-1
201563AC31215,1,9,0,17,0,0,0,0,0,0,4,1,6,2,69,10,-1,-1,-1,-1,3,-1
201563AC31315,1,9,0,18,0,0,0,4,0,0,1,1,6,1,44,7,-1,-1,-1,-1,1,-1
201563AC31315,2,21,1,2,6,0,0,0,0,0,2,1,1,1,53,8,-1,-1,-1,-1,2,-1
201563AC31415,1,9,0,18,0,1,0,0,0,0,1,1,6,1,41,7,-1,-1,-1,-1,1,-1
201563AC31415,2,9,0,4,0,1,0,0,0,0,2,1,6,2,37,7,-1,-1,-1,-1,1,-1
201563AC31415,3,9,0,4,0,1,0,0,0,0,0,1,6,3,-1,-1,-1,-1,-1,-1,-1,-1
201563AC31515,1,9,0,18,0,0,0,0,0,0,4,1,6,1,19,4,-1,-1,-1,-1,3,-1
201563AC31615,1,5,0,18,0,0,0,4,0,0,1,1,6,1,33,6,-1,-1,-1,-1,3,-1
201563AC31615,2,9,0,2,0,0,0,4,0,0,2,1,6,3,-1,-1,-1,-1,-1,-1,-1,-1
201563AC31615,3,9,0,18,0,0,0,0,0,0,0,1,6,3,-1,-1,-1,-1,-1,-1,-1,-1
201563AC31715,1,9,0,18,0,0,0,0,0,0,1,1,6,3,-1,-1,-1,-1,-1,-1,-1,-1
201563AC31715,2,9,4,18,0,0,0,0,0,0,2,1,6,1,55,8,-1,-1,-1,-1,1,-1
201563AC31815,1,9,0,3,0,0,0,0,0,0,2,1,6,2,51,8,-1,-1,-1,-1,2,-1
201563AC31815,2,9,0,18,0,0,0,0,0,0,1,1,6,2,49,8,-1,-1,-1,-1,1,-1
201563AC31815,3,9,0,3,0,0,0,0,0,0,0,1,6,3,-1,-1,-1,-1,-1,-1,-1,-1
201563AC31915,1,9,0,18,0,0,0,4,0,0,1,1,6,1,39,7,-1,-1,-1,-1,1,-1
201563AC31915,2,9,0,2,9,0,0,4,0,0,2,1,6,1,79,11,-1,-1,-1,-1,1,-1
201563AC31915,3,9,0,2,9,0,0,0,0,0,3,1,6,1,38,7,-1,-1,-1,-1,1,-1
201563AC32015,1,9,0,18,0,1,1,0,0,0,2,1,6,1,25,5,-1,-1,-1,-1,2,-1
201563AC32015,2,9,0,18,0,1,0,0,0,0,2,1,6,2,56,9,-1,-1,-1,-1,3,-1
201563AC32115,1,5,0,13,0,0,1,0,0,0,1,1,6,1,47,8,-1,-1,-1,-1,3,-1
201563AC32115,2,9,0,4,0,0,0,0,0,0,2,1,6,2,29,6,-1,-1,-1,-1,2,-1
201563AC32215,1,9,0,18,0,1,0,0,0,0,1,1,6,1,32,6,-1,-1,-1,-1,2,-1
201563AC32215,2,9,0,3,0,1,0,0,0,0,2,1,6,2,39,7,-1,-1,-1,-1,3,-1
201563AC32315,1,9,0,18,0,0,1,0,0,0,1,1,6,1,62,9,-1,-1,-1,-1,1,-1
201563AC32315,2,19,0,18,0,0,0,0,4,7,1,1,1,1,54,8,-1,-1,-1,-1,3,-1
201563AC32415,1,9,0,18,0,2,0,0,0,0,4,1,2,2,56,9,-1,-1,-1,-1,1,-1
201563AC32415,2,9,0,18,0,2,0,0,0,0,1,1,6,1,26,6,-1,-1,-1,-1,-1,-1
201563AC32615,1,9,0,18,0,0,1,0,0,0,1,1,6,2,17,4,-1,-1,-1,-1,1,-1
201563AC32615,2,9,0,1,0,0,0,0,0,0,1,1,3,1,31,6,-1,-1,-1,-1,1,-1
201563AC32715,1,9,0,18,0,0,0,0,0,0,1,1,2,2,20,4,-1,-1,-1,-1,3,-1
201563AC32715,2,90,0,3,0,0,0,0,0,0,1,1,6,1,53,8,-1,-1,-1,-1,3,-1
201563AC32815,1,9,0,7,0,2,0,0,0,0,1,1,6,2,61,9,-1,-1,-1,-1,3,-1
201563AC32815,2,9,0,17,0,1,0,0,0,0,1,1,6,1,83,11,-1,-1,-1,-1,3,-1
201563AC32915,1,9,0,18,0,4,0,0,0,0,1,1,1,1,58,9,-1,-1,-1,-1,3,-1
201563AC32915,2,9,0,3,0,4,0,0,0,0,2,1,6,2,28,6,-1,-1,-1,-1,1,-1
201563AC33015,1,9,0,16,0,0,1,0,0,0,1,1,2,1,36,7,-1,-1,-1,-1,3,-1
201563AC33015,2,21,1,17,0,0,0,0,0,0,1,1,1,2,48,8,-1,-1,-1,-1,3,-1
201563AC33115,1,9,0,18,0,1,0,0,0,0,1,1,6,3,-1,-1,-1,-1,-1,-1,-1,-1
201563AC33115,2,9,0,9,0,5,0,0,0,0,2,1,1,1,44,7,-1,-1,-1,-1,2,-1
201563AC33215,1,9,0,18,0,8,0,10,1,2,1,1,6,2,82,11,-1,-1,-1,-1,3,-1
201563AC33215,2,9,0,3,0,1,0,0,0,0,3,1,1,1,57,9,-1,-1,-1,-1,3,-1
201563AC33315,1,9,0,18,0,4,0,0,0,0,1,1,6,3,-1,-1,-1,-1,-1,-1,-1,-1
201563AC33315,2,1,0,18,0,8,1,0,0,0,2,1,2,1,39,7,-1,-1,-1,-1,1,-1
201563AC33415,1,9,0,18,0,0,0,0,0,0,4,1,6,3,-1,-1,-1,-1,-1,-1,-1,-1
201563AC33515,1,9,0,18,0,2,0,0,0,0,2,1,6,2,45,7,-1,-1,-1,-1,1,-1
201563AC33515,2,9,0,18,0,1,0,0,0,0,1,1,2,2,49,8,-1,-1,-1,-1,1,-1
201563AC33515,3,9,0,4,0,1,0,0,0,0,0,1,6,3,-1,-1,-1,-1,-1,-1,-1,-1
201563AC33515,4,19,0,5,0,1,0,0,0,0,0,1,6,3,-1,-1,-1,-1,-1,-1,-1,-1
201563AC33615,1,9,0,18,0,0,0,0,0,0,1,1,1,2,36,7,-1,-1,-1,-1,3,-1
201563AC33615,2,9,0,18,0,0,0,0,0,0,2,1,2,1,20,4,-1,-1,-1,-1,3,-1
201563AC33715,1,9,0,5,0,1,0,0,0,0,3,1,2,1,40,7,-1,-1,-1,-1,3,-1
201563AC33715,2,1,0,18,0,1,0,0,0,0,3,1,2,1,42,7,-1,-1,-1,-1,1,-1
201563AC33815,1,9,4,18,0,1,1,0,0,0,1,1,6,1,24,5,-1,-1,-1,-1,3,-1
201563AC33815,2,9,0,10,0,1,0,0,0,0,1,1,6,1,43,7,-1,-1,-1,-1,1,-1
201563AC33815,3,9,0,18,0,1,0,0,0,0,2,1,6,2,37,7,-1,-1,-1,-1,1,-1
201563AC33915,1,19,0,18,0,1,1,9,0,0,1,1,1,1,78,11,-1,-1,-1,-1,1,-1
201563AC34015,1,9,0,9,0,1,0,0,0,0,1,1,1,1,57,9,-1,-1,-1,-1,2,-1
201563AC34015,2,9,0,18,0,1,0,0,0,0,1,1,6,2,37,7,-1,-1,-1,-1,3,-1
201563AC34115,1,5,0,17,0,0,1,0,1,7,1,1,6,1,28,6,-1,-1,-1,-1,1,-1
201563AC34215,1,5,0,18,0,0,0,0,0,0,1,1,6,1,29,6,-1,-1,-1,-1,3,-1
201563AC34215,2,11,0,4,0,0,0,0,0,0,0,1,6,3,-1,-1,-1,-1,-1,-1,-1,-1
201563AC34315,1,9,0,18,0,0,0,0,0,0,1,1,2,1,60,9,-1,-1,-1,-1,2,-1
201563AC34315,2,9,0,18,0,0,0,0,0,0,0,1,6,3,-1,-1,-1,-1,-1,-1,-1,-1
201563AC34415,1,1,0,18,0,0,0,0,0,0,1,1,6,1,53,8,-1,-1,-1,-1,1,-1
201563AC34415,2,1,0,18,0,0,0,0,0,0,2,1,6,1,56,9,-1,-1,-1,-1,1,-1
201563AC34515,1,9,0,18,0,0,0,0,0,0,1,1,6,1,19,4,-1,-1,-1,-1,2,-1
201563AC34515,2,9,0,2,0,0,0,0,0,0,0,1,6,1,69,10,-1,-1,-1,-1,2,-1
201563AC34615,1,9,0,9,0,6,0,0,0,0,2,1,6,1,87,11,-1,-1,-1,-1,3,-1
201563AC34615,2,9,0,18,0,1,1,0,0,0,1,1,1,1,49,8,-1,-1,-1,-1,3,-1
201563AC34715,1,9,0,18,0,0,0,0,0,0,3,1,6,3,-1,-1,-1,-1,-1,-1,-1,-1
201563AC34715,2,9,0,18,0,0,0,0,0,0,1,1,1,2,27,6,-1,-1,-1,-1,2,-1
201563AC34815,1,9,0,16,0,1,5,0,1,7,1,1,2,1,24,5,-1,-1,-1,-1,1,-1
201563AC34915,1,9,0,16,0,0,5,0,8,10,1,1,6,1,17,4,-1,-1,-1,-1,2,-1
201563AC35015,1,9,0,7,0,8,0,0,1,10,1,1,6,1,68,10,-1,-1,-1,-1,1,-1
201563AC35115,1,9,0,5,0,2,0,0,0,0,1,1,1,2,41,7,-1,-1,-1,-1,3,-1
201563AC35115,2,3,0,18,0,7,0,0,0,0,1,1,2,1,17,4,-1,-1,-1,-1,1,-1
201563AC35215,1,9,0,16,0,0,2,0,1,10,4,1,6,1,73,10,-1,-1,-1,-1,3,-1
201563AC35315,1,9,0,18,0,0,0,0,0,0,1,1,1,1,48,8,-1,-1,-1,-1,1,-1
201563AC35415,1,9,0,18,0,0,0,0,0,0,1,1,6,1,72,10,-1,-1,-1,-1,1,-1
201563AC35415,2,17,4,18,0,0,0,0,0,0,2,1,6,1,40,7,-1,-1,-1,-1,3,-1
201563AC35515,1,4,0,18,0,0,0,0,0,0,1,1,1,1,24,5,-1,-1,-1,-1,1,-1
201563AC35615,1,19,0,18,0,0,0,0,0,0,3,1,6,1,19,4,-1,-1,-1,-1,3,-1
201563AC35615,2,5,0,13,0,0,0,0,7,9,4,1,6,1,53,8,-1,-1,-1,-1,1,-1