Accident_Index,Vehicle_Reference,Vehicle_Type,Towing_and_Articulation,Vehicle_Manoeuvre,Vehicle_Location-Restricted_Lane,Junction_Location,Skidding_and_Overturning,Hit_Object_in_Carriageway,Vehicle_Leaving_Carriageway,Hit_Object_off_Carriageway,1st_Point_of_Impact,Was_Vehicle_Left_Hand_Drive?,Journey_Purpose_of_Driver,Sex_of_Driver,Age_of_Driver,Age_Band_of_Driver,Engine_Capacity_(CC),Propulsion_Code,Age_of_Vehicle,Driver_IMD_Decile,Driver_Home_Area_Type,Vehicle_IMD_Decile
201563BC04915,2,9,0,10,0,1,0,0,0,0,2,1,2,2,38,7,-1,-1,-1,-1,3,-1
201563BC05115,1,9,0,9,0,8,0,0,0,0,3,1,6,2,38,7,-1,-1,-1,-1,1,-1
201563BC05115,2,19,0,18,0,1,0,0,0,0,1,1,6,1,47,8,-1,-1,-1,-1,3,-1
201563BC05215,1,9,0,18,0,0,5,0,0,0,1,1,6,1,33,6,-1,-1,-1,-1,3,-1
201563BC05315,1,9,0,18,0,0,0,0,0,0,1,1,1,1,37,7,-1,-1,-1,-1,-1,-1
201563BC05315,2,9,0,4,0,0,0,0,0,0,1,1,6,2,49,8,-1,-1,-1,-1,3,-1
201563BC05415,1,9,0,18,0,0,5,0,0,0,1,1,6,1,36,7,-1,-1,-1,-1,3,-1
201563BC05515,1,9,0,17,0,0,1,0,0,0,1,1,6,2,18,4,-1,-1,-1,-1,2,-1
201563BC05515,2,9,0,16,0,0,1,0,0,0,1,1,6,2,18,4,-1,-1,-1,-1,3,-1
201563BC05615,1,19,0,17,0,0,0,0,0,0,1,1,6,3,-1,-1,-1,-1,-1,-1,-1,-1
201563BC05615,2,19,0,16,0,0,0,0,0,0,3,1,6,2,48,8,-1,-1,-1,-1,3,-1
201563BC05715,1,19,0,18,0,0,0,0,0,0,1,1,1,1,26,6,-1,-1,-1,-1,3,-1
201563BC05815,1,9,0,16,0,0,1,0,7,0,0,1,6,2,25,5,-1,-1,-1,-1,-1,-1
201563BC05915,1,9,0,18,0,0,1,0,0,0,1,1,2,1,27,6,-1,-1,-1,-1,3,-1
201563BC05915,2,9,0,18,0,0,0,0,0,0,1,1,2,2,19,4,-1,-1,-1,-1,3,-1
201563BC06015,1,9,0,18,0,0,1,0,0,0,1,1,6,2,45,7,-1,-1,-1,-1,3,-1
201563BC06015,2,8,0,18,0,0,0,0,0,0,2,1,1,1,38,7,-1,-1,-1,-1,1,-1
201563BC06015,3,9,0,18,0,0,0,0,0,0,2,1,6,1,26,6,-1,-1,-1,-1,3,-1
201563BC06015,4,9,0,4,0,0,0,0,0,0,2,1,6,1,64,9,-1,-1,-1,-1,3,-1
201563BC06115,1,9,0,18,0,0,0,0,0,0,1,1,6,1,68,10,-1,-1,-1,-1,3,-1
201563BC06215,1,90,0,18,0,6,0,0,0,0,3,1,1,1,44,7,-1,-1,-1,-1,3,-1
201563BC06215,2,9,0,18,0,1,1,0,0,0,3,1,6,1,25,5,-1,-1,-1,-1,3,-1
201563BC06415,1,9,0,4,0,1,0,0,0,0,1,1,6,1,77,11,-1,-1,-1,-1,2,-1
201563BC06415,2,9,0,3,0,1,0,0,0,0,2,1,6,2,44,7,-1,-1,-1,-1,3,-1
201563BC06415,3,9,0,9,0,5,0,0,0,0,0,1,6,3,-1,-1,-1,-1,-1,-1,-1,-1
201563BC06515,1,9,0,7,0,3,0,0,0,0,3,1,6,1,22,5,-1,-1,-1,-1,1,-1
201563BC06515,2,9,0,18,0,1,0,0,0,0,3,1,1,1,40,7,-1,-1,-1,-1,1,-1
201563BC06615,1,9,0,9,0,6,0,0,0,0,3,1,2,1,32,6,-1,-1,-1,-1,2,-1
201563BC06615,2,5,0,18,0,1,0,0,0,0,1,1,6,1,49,8,-1,-1,-1,-1,1,-1
201563BC06715,1,9,0,18,0,0,1,0,0,4,1,1,1,2,57,9,-1,-1,-1,-1,3,-1
201563BC06815,1,9,0,18,0,0,2,0,0,0,1,1,1,1,21,5,-1,-1,-1,-1,1,-1
201563BC06915,1,9,0,18,0,0,5,0,7,10,3,1,6,1,22,5,-1,-1,-1,-1,2,-1
201563BC07015,1,9,0,17,0,0,0,0,0,0,3,1,6,1,33,6,-1,-1,-1,-1,3,-1
201563BC07115,1,9,0,16,0,0,0,0,7,4,1,1,6,1,35,6,-1,-1,-1,-1,3,-1
201563BC07215,1,5,0,18,0,0,0,7,0,0,1,1,6,1,63,9,-1,-1,-1,-1,1,-1
201563BC07315,1,17,0,9,0,2,0,0,0,0,3,1,1,1,35,6,-1,-1,-1,-1,3,-1
201563BC07315,2,5,0,18,0,1,0,0,0,0,1,1,2,1,46,8,-1,-1,-1,-1,3,-1
201563BC07415,1,9,0,18,0,1,0,0,0,0,3,1,6,1,79,11,-1,-1,-1,-1,-1,-1
201563BC07415,2,9,0,18,0,1,0,0,1,0,3,1,6,1,68,10,-1,-1,-1,-1,1,-1
201563BC07415,3,9,0,18,0,1,0,0,1,0,3,1,6,1,64,9,-1,-1,-1,-1,2,-1
201563BC07415,4,9,0,18,0,1,0,0,1,0,1,1,6,1,20,4,-1,-1,-1,-1,3,-1
201563BC07415,5,9,0,10,0,5,0,0,0,0,0,1,6,3,-1,-1,-1,-1,-1,-1,-1,-1
201563BC07515,1,9,0,16,0,0,2,0,1,9,4,1,6,1,16,4,-1,-1,-1,-1,2,-1
201563BC07615,1,9,0,13,0,0,0,0,1,10,1,1,6,1,21,5,-1,-1,-1,-1,3,-1
201563BC07615,2,9,0,18,0,0,0,0,1,0,1,1,6,1,50,8,-1,-1,-1,-1,1,-1
201563BC07615,3,19,0,18,0,0,0,0,0,0,0,1,1,1,40,7,-1,-1,-1,-1,1,-1
201563BC07615,4,9,0,18,0,0,0,0,0,0,0,1,6,1,67,10,-1,-1,-1,-1,3,-1
201563BC07615,5,9,0,18,0,0,0,0,0,0,0,1,6,1,35,6,-1,-1,-1,-1,1,-1
201563BC07715,1,19,0,18,0,1,1,0,0,0,3,1,1,1,53,8,-1,-1,-1,-1,1,-1
201563BC07715,2,11,0,18,2,1,0,0,0,0,0,1,6,1,53,8,-1,-1,-1,-1,3,-1
201563BC07815,1,9,0,18,0,0,0,0,0,3,3,1,1,2,56,9,-1,-1,-1,-1,3,-1
201563BC07815,2,9,0,18,0,0,0,0,0,0,3,1,6,2,24,5,-1,-1,-1,-1,2,-1
201563BC07815,3,9,0,18,0,0,0,0,0,0,3,1,6,2,64,9,-1,-1,-1,-1,3,-1
201563BC07915,1,9,0,18,0,8,0,0,0,0,1,1,2,1,53,8,-1,-1,-1,-1,3,-1
201563BC07915,2,9,0,7,0,6,0,0,3,0,3,1,6,1,19,4,-1,-1,-1,-1,1,-1
201563BC08015,1,9,0,18,0,0,0,0,0,0,1,1,6,2,73,10,-1,-1,-1,-1,1,-1
201563BC08015,2,9,0,18,0,0,0,0,0,0,1,1,6,1,43,7,-1,-1,-1,-1,3,-1
201563BC08115,1,9,0,18,0,0,0,0,0,0,1,1,1,2,45,7,-1,-1,-1,-1,3,-1
201563BC08115,2,19,0,18,0,0,0,0,0,0,2,1,1,1,52,8,-1,-1,-1,-1,2,-1
201563BC08215,1,9,0,18,0,0,0,0,0,0,4,1,6,1,18,4,-1,-1,-1,-1,3,-1
201563BC08215,2,9,0,18,0,0,0,0,0,0,4,1,6,2,34,6,-1,-1,-1,-1,3,-1
201563BC08315,1,9,0,17,0,0,0,0,2,10,4,1,6,1,79,11,-1,-1,-1,-1,2,-1
201563BC08315,2,9,0,16,0,0,0,0,0,0,3,1,6,2,62,9,-1,-1,-1,-1,1,-1
201563BC08415,1,3,0,18,0,0,0,0,0,0,1,1,6,1,22,5,-1,-1,-1,-1,3,-1
201563BC08415,2,9,0,18,0,0,0,0,0,0,2,1,6,2,80,11,-1,-1,-1,-1,3,-1
201563BC08515,1,9,0,18,0,0,0,0,1,3,3,1,6,2,34,6,-1,-1,-1,-1,3,-1
201563BC08615,1,9,0,5,0,8,0,0,0,0,1,1,6,2,76,11,-1,-1,-1,-1,3,-1
201563BC08615,2,19,0,18,0,1,0,0,0,0,1,1,1,1,20,4,-1,-1,-1,-1,3,-1
201563BC08715,1,4,0,18,0,0,0,0,1,9,1,1,6,1,62,9,-1,-1,-1,-1,2,-1
201563BC08815,1,9,0,18,0,0,1,0,0,0,1,1,6,2,72,10,-1,-1,-1,-1,2,-1
201563BC08815,2,9,0,18,0,0,0,0,0,0,1,1,2,2,27,6,-1,-1,-1,-1,3,-1
201563BC08915,1,9,0,18,0,0,5,0,0,0,1,1,6,1,18,4,-1,-1,-1,-1,2,-1
201563BC08915,2,9,0,18,0,0,0,0,0,0,3,1,6,2,51,8,-1,-1,-1,-1,2,-1
201563BC09015,1,9,0,16,0,0,2,0,0,0,0,1,6,2,48,8,-1,-1,-1,-1,3,-1
201563BC09115,1,5,0,18,0,1,0,0,7,0,1,1,6,1,23,5,-1,-1,-1,-1,3,-1
201563BC09115,2,9,0,4,0,1,0,0,0,0,2,1,6,1,20,4,-1,-1,-1,-1,3,-1
201563BC09115,3,9,0,9,0,1,0,0,7,0,3,1,6,2,29,6,-1,-1,-1,-1,1,-1
201563BC09215,1,19,0,5,0,6,0,0,0,0,3,1,6,2,46,8,-1,-1,-1,-1,3,-1
201563BC09215,2,3,0,18,0,1,0,0,0,0,1,1,6,1,49,8,-1,-1,-1,-1,1,-1
201563BC09315,1,9,0,18,0,0,0,0,0,0,3,1,6,1,71,10,-1,-1,-1,-1,3,-1
201563BC09315,2,19,0,4,0,0,0,0,0,0,1,1,6,1,47,8,-1,-1,-1,-1,3,-1
201563BC09415,1,9,0,2,0,0,0,0,0,0,3,1,1,1,65,9,-1,-1,-1,-1,3,-1
201563BC09415,2,1,0,18,0,0,0,0,0,0,1,1,6,2,22,5,-1,-1,-1,-1,3,-1
201563BC09515,1,9,0,16,0,1,0,0,0,0,1,1,1,1,49,8,-1,-1,-1,-1,1,-1
201563BC09515,2,9,0,9,0,1,0,0,0,0,4,1,6,2,34,6,-1,-1,-1,-1,3,-1
201563BC09615,1,9,0,18,0,0,1,0,0,0,1,1,2,2,24,5,-1,-1,-1,-1,3,-1
201563BC09615,2,9,0,18,0,0,0,0,0,0,3,1,6,1,58,9,-1,-1,-1,-1,1,-1
201563BC09715,1,5,0,16,0,1,1,0,0,0,1,1,6,1,67,10,-1,-1,-1,-1,1,-1
201563BC09715,2,9,0,17,0,1,0,0,0,0,1,1,6,1,60,9,-1,-1,-1,-1,3,-1
201563BC09815,1,9,0,18,0,0,0,0,0,0,4,1,6,1,72,10,-1,-1,-1,-1,-1,-1
201563BC09915,1,9,0,16,0,0,0,0,0,0,1,1,6,1,67,10,-1,-1,-1,-1,3,-1
201563BC09915,2,9,0,18,0,0,0,0,0,0,1,1,6,1,86,11,-1,-1,-1,-1,3,-1
201563BC10015,1,10,0,18,0,1,0,0,0,0,1,1,1,1,64,9,-1,-1,-1,-1,3,-1
201563BC10015,2,9,0,18,0,2,0,0,0,0,1,1,1,2,26,6,-1,-1,-1,-1,3,-1
201563BC10115,1,9,0,18,0,0,0,0,0,0,1,1,2,2,27,6,-1,-1,-1,-1,3,-1
201563BC10115,2,11,0,2,0,0,0,0,0,0,0,1,6,3,-1,-1,-1,-1,-1,-1,-1,-1
201563BC10215,1,19,0,18,0,0,5,4,0,0,1,1,2,1,28,6,-1,-1,-1,-1,2,-1
201563BC10215,2,9,0,2,0,0,0,0,0,0,1,1,6,1,38,7,-1,-1,-1,-1,3,-1
201563BC10215,3,9,0,2,0,0,0,0,0,0,1,1,6,1,28,6,-1,-1,-1,-1,3,-1
201563BC10315,1,9,0,3,0,1,0,0,0,0,1,1,6,1,27,6,-1,-1,-1,-1,1,-1
201563BC10315,2,9,0,3,0,1,0,0,0,0,2,1,6,1,21,5,-1,-1,-1,-1,3,-1
201563BC10315,3,9,0,4,0,1,0,0,0,0,2,1,6,1,60,9,-1,-1,-1,-1,1,-1
201563BC10315,4,9,0,9,0,1,0,0,0,0,0,1,6,3,-1,-1,-1,-1,-1,-1,-1,-1
201563BC10415,1,9,0,9,0,5,0,0,7,10,4,1,6,1,28,6,-1,-1,-1,-1,3,-1
201563BC10415,2,9,0,18,0,1,0,0,0,0,1,1,6,1,51,8,-1,-1,-1,-1,1,-1
201563BC10515,1,9,0,13,0,0,0,0,0,0,4,1,6,3,-1,-1,-1,-1,-1,-1,-1,-1
201563BC10515,2,5,0,13,0,0,0,0,0,0,3,1,6,1,52,8,-1,-1,-1,-1,2,-1
201563BC10515,3,11,0,18,0,0,0,0,0,0,0,1,6,3,-1,-1,-1,-1,-1,-1,-1,-1
201563BC10615,1,5,0,16,0,0,1,0,0,0,1,1,6,2,55,8,-1,-1,-1,-1,1,-1
201563BC10715,1,9,0,18,0,0,1,0,0,0,1,1,2,2,56,9,-1,-1,-1,-1,3,-1
201563BC10715,2,9,0,18,0,0,0,0,0,0,1,1,6,1,70,10,-1,-1,-1,-1,1,-1
201563BC10815,1,5,0,16,0,0,1,0,0,0,1,1,1,1,57,9,-1,-1,-1,-1,1,-1
201563BC10915,1,9,0,18,0,0,0,0,0,0,4,1,6,2,45,7,-1,-1,-1,-1,3,-1
201563BC11015,1,9,0,16,0,0,2,0,0,0,1,1,6,1,22,5,-1,-1,-1,-1,3,-1
201563BC11115,1,9,0,18,0,1,5,0,0,0,1,1,6,2,46,8,-1,-1,-1,-1,3,-1
201563BC11215,1,8,0,18,0,0,0,0,0,0,4,1,1,1,47,8,-1,-1,-1,-1,1,-1
201563BC11215,2,9,0,2,0,0,0,0,0,0,0,1,6,3,-1,-1,-1,-1,-1,-1,-1,-1
201563BC11215,3,9,0,2,0,0,0,0,0,0,0,1,6,3,-1,-1,-1,-1,-1,-1,-1,-1
201563BC11315,1,9,0,4,0,0,0,0,0,0,3,1,6,1,53,8,-1,-1,-1,-1,1,-1
201563BC11315,2,1,0,18,0,0,0,0,0,0,3,1,6,1,51,8,-1,-1,-1,-1,1,-1
201563BC11415,1,9,0,17,0,8,0,0,1,10,1,1,6,1,73,10,-1,-1,-1,-1,1,-1
201563BC11515,1,9,0,18,0,0,1,0,0,0,1,1,6,2,20,4,-1,-1,-1,-1,3,-1
201563BC11515,2,17,4,18,0,0,1,0,0,0,1,1,1,1,58,9,-1,-1,-1,-1,3,-1
201563BC11615,1,9,0,18,0,0,0,6,0,0,1,1,2,2,20,4,-1,-1,-1,-1,3,-1
201563BC11715,1,1,0,16,0,0,0,0,0,0,1,1,6,1,23,5,-1,-1,-1,-1,3,-1
201563BC11715,2,19,0,2,0,0,0,0,0,0,2,1,6,1,52,8,-1,-1,-1,-1,3,-1
201563BC11715,3,9,0,2,0,0,0,0,0,0,0,1,6,1,20,4,-1,-1,-1,-1,3,-1
201563BC11815,1,9,0,18,0,0,2,0,2,4,3,1,6,1,54,8,-1,-1,-1,-1,2,-1
201563BC11915,1,9,0,18,0,1,0,0,0,0,1,1,6,1,55,8,-1,-1,-1,-1,3,-1
201563BC11915,2,9,0,18,0,1,0,0,0,0,2,1,6,1,31,6,-1,-1,-1,-1,1,-1
201563BC12015,1,9,0,18,0,0,0,0,0,0,1,1,6,2,21,5,-1,-1,-1,-1,2,-1
201563BC12015,2,9,0,18,0,0,0,0,0,0,1,1,1,1,62,9,-1,-1,-1,-1,1,-1
201563BC12115,1,3,0,17,0,1,1,0,0,0,0,1,6,2,20,4,-1,-1,-1,-1,1,-1
201563BC12215,1,5,0,17,0,1,1,0,0,0,1,1,6,1,46,8,-1,-1,-1,-1,1,-1
201563BC12215,2,9,0,9,0,1,0,0,0,0,4,1,6,1,43,7,-1,-1,-1,-1,3,-1
201563BC12315,1,9,0,18,0,0,0,0,0,0,1,1,6,3,-1,-1,-1,-1,-1,-1,-1,-1
201563BC12315,2,1,0,18,0,0,0,0,0,0,1,1,6,1,20,4,-1,-1,-1,-1,1,-1
201563BC12415,1,5,0,18,0,0,1,0,0,0,1,1,6,2,59,9,-1,-1,-1,-1,1,-1
201563BC12515,1,9,0,17,0,1,0,0,0,0,0,1,6,3,-1,-1,-1,-1,-1,-1,-1,-1
201563BC12515,2,9,0,16,0,1,0,0,0,0,1,1,6,1,18,4,-1,-1,-1,-1,3,-1
201563BC12615,1,19,0,13,0,0,0,0,0,0,0,1,1,1,30,6,-1,-1,-1,-1,3,-1
201563BC12615,2,3,0,17,0,0,0,0,0,0,0,1,6,1,63,9,-1,-1,-1,-1,-1,-1
201563BC12715,1,19,0,18,0,0,1,0,0,0,1,1,1,1,49,8,-1,-1,-1,-1,3,-1
201563BC12715,2,1,0,18,0,0,0,0,0,0,2,1,6,1,27,6,-1,-1,-1,-1,2,-1
201563BC12815,1,9,0,18,0,0,1,0,0,0,1,1,6,1,73,10,-1,-1,-1,-1,3,-1
201563BC12815,2,19,0,18,0,0,0,0,0,0,1,1,1,1,41,7,-1,-1,-1,-1,3,-1
201563BC12915,1,9,0,18,0,0,0,0,0,0,0,2,6,1,24,5,-1,-1,-1,-1,-1,-1
201563BC12915,2,11,0,18,0,0,0,0,0,0,0,1,1,1,52,8,-1,-1,-1,-1,2,-1
201563BC13015,1,9,0,13,0,0,0,0,0,0,0,1,6,3,-1,-1,-1,-1,-1,-1,-1,-1
201563BC13015,2,9,0,18,0,0,0,0,0,0,1,1,6,1,43,7,-1,-1,-1,-1,3,-1
201563BC13015,3,9,0,18,0,0,0,0,0,0,2,1,6,1,36,7,-1,-1,-1,-1,1,-1
201563BC13015,4,9,0,18,0,0,0,0,0,0,0,1,6,3,-1,-1,-1,-1,-1,-1,-1,-1
201563BC13215,1,9,0,1,0,1,0,0,0,0,2,1,6,2,64,9,-1,-1,-1,-1,3,-1
201563BC13215,2,9,0,2,0,1,0,0,0,0,2,1,6,1,36,7,-1,-1,-1,-1,1,-1
201563BC13315,1,9,0,18,0,0,0,0,0,0,1,1,6,1,64,9,-1,-1,-1,-1,-1,-1
201563BC13315,2,5,0,18,0,0,0,0,0,0,4,1,6,1,65,9,-1,-1,-1,-1,-1,-1
201563BC13315,3,5,0,18,0,0,0,0,0,0,0,1,6,1,43,7,-1,-1,-1,-1,-1,-1
201563BC13315,4,9,0,8,0,0,0,0,1,0,0,1,6,2,78,11,-1,-1,-1,-1,3,-1
201563BC13415,1,17,0,18,0,0,0,0,0,0,1,1,6,1,53,8,-1,-1,-1,-1,3,-1
201563BC13415,2,9,0,18,0,0,0,0,0,0,2,1,6,2,43,7,-1,-1,-1,-1,3,-1
201563BC13515,1,9,0,17,0,1,1,0,0,0,1,1,2,1,23,5,-1,-1,-1,-1,3,-1
201563BC13515,2,9,0,16,0,1,5,0,0,0,1,1,2,1,47,8,-1,-1,-1,-1,3,-1
201563BC13515,3,9,0,16,0,1,0,1,0,0,1,1,6,1,43,7,-1,-1,-1,-1,3,-1
201563BC13615,1,9,0,18,0,0,0,0,1,0,4,1,1,2,18,4,-1,-1,-1,-1,2,-1
201563BC13615,2,9,0,18,0,0,0,0,0,0,3,1,6,2,41,7,-1,-1,-1,-1,3,-1
201563BC13715,1,9,0,18,0,0,0,0,0,0,2,1,6,1,41,7,-1,-1,-1,-1,2,-1
201563BC13715,2,19,0,18,0,0,0,0,0,0,2,1,1,1,37,7,-1,-1,-1,-1,2,-1
201563BC13715,3,19,0,18,0,0,0,0,0,0,1,1,1,1,58,9,-1,-1,-1,-1,3,-1
201563BC13715,4,9,0,2,0,0,0,0,0,0,0,1,6,3,-1,-1,-1,-1,-1,-1,-1,-1
201563BC13815,1,9,0,7,0,2,0,0,0,0,1,1,2,1,22,5,-1,-1,-1,-1,3,-1
201563BC13815,2,5,0,18,0,4,0,0,0,0,1,1,6,1,65,9,-1,-1,-1,-1,1,-1
201563BC13915,1,9,0,18,0,1,0,0,0,0,1,1,6,2,18,4,-1,-1,-1,-1,3,-1
201563BC13915,2,9,0,18,0,1,0,0,0,0,1,1,6,1,55,8,-1,-1,-1,-1,3,-1
201563BC14015,1,9,0,18,0,8,0,0,0,0,1,1,6,2,20,4,-1,-1,-1,-1,1,-1
201563BC14015,2,9,0,4,0,1,0,0,0,0,1,1,6,2,43,7,-1,-1,-1,-1,1,-1
201563BC14015,3,9,0,18,0,8,0,0,0,0,3,1,6,2,31,6,-1,-1,-1,-1,1,-1
201563BC14115,1,9,0,9,0,1,0,0,0,0,2,1,6,1,55,8,-1,-1,-1,-1,1,-1
201563BC14115,2,9,0,18,0,1,0,0,0,0,1,1,6,1,82,11,-1,-1,-1,-1,3,-1
201563BC14215,1,10,0,18,0,0,0,0,0,0,1,1,6,1,38,7,-1,-1,-1,-1,3,-1
201563BC14215,2,9,0,18,0,0,0,0,0,0,1,2,6,2,50,8,-1,-1,-1,-1,-1,-1
201563BC14415,1,9,0,5,0,8,0,0,0,0,1,1,6,1,82,11,-1,-1,-1,-1,3,-1
201563BC14415,2,9,0,18,0,8,1,0,0,0,1,1,6,1,62,9,-1,-1,-1,-1,3,-1
201563BC14515,1,9,0,17,0,0,2,0,1,0,1,1,6,2,21,5,-1,-1,-1,-1,3,-1
201563BC14615,1,9,0,18,0,0,0,0,0,0,1,1,6,1,19,4,-1,-1,-1,-1,3,-1
201563BC14615,2,19,0,18,0,0,0,0,0,0,1,1,6,1,44,7,-1,-1,-1,-1,2,-1
201563BC14715,1,9,0,18,0,0,0,0,0,0,1,1,6,2,67,10,-1,-1,-1,-1,3,-1
201563BC14715,2,1,0,14,0,0,1,0,0,0,2,1,6,1,21,5,-1,-1,-1,-1,1,-1
201563BC14815,1,9,0,18,0,0,0,12,0,0,1,1,2,2,61,9,-1,-1,-1,-1,-1,-1
201563BC14915,1,9,0,18,0,0,0,0,0,0,4,1,6,2,20,4,-1,-1,-1,-1,3,-1
201563BC14915,2,1,0,18,0,0,0,0,0,0,3,1,6,1,10,2,-1,-1,-1,-1,1,-1
201563BC15015,1,5,0,17,9,0,0,0,0,0,0,1,6,1,54,8,-1,-1,-1,-1,3,-1
201563BC15215,1,1,0,8,0,2,0,0,0,0,1,1,6,1,59,9,-1,-1,-1,-1,3,-1
201563BC15215,2,3,0,18,0,1,0,0,0,0,1,1,6,1,23,5,-1,-1,-1,-1,2,-1
201563BC15315,1,9,0,18,0,0,0,0,0,0,1,1,6,1,19,4,-1,-1,-1,-1,3,-1
201563BC15315,2,9,0,18,0,0,0,0,0,0,3,1,6,1,58,9,-1,-1,-1,-1,1,-1
201563BC15415,1,9,0,14,0,1,0,0,0,0,1,1,6,1,77,11,-1,-1,-1,-1,1,-1
201563BC15415,2,9,0,1,0,6,0,0,0,0,2,1,1,2,39,7,-1,-1,-1,-1,3,-1
201563BC15415,3,9,0,10,0,1,0,0,0,0,0,1,6,1,54,8,-1,-1,-1,-1,1,-1
201563BC15515,1,9,0,18,0,0,0,0,0,0,1,1,6,1,21,5,-1,-1,-1,-1,2,-1
201563BC15515,2,9,0,18,0,0,0,0,0,0,1,1,6,2,72,10,-1,-1,-1,-1,3,-1
201563BC15515,3,9,0,2,0,0,0,0,0,0,2,1,6,3,-1,-1,-1,-1,-1,-1,-1,-1
201563BC15515,4,9,0,2,0,0,0,0,0,0,2,1,6,3,-1,-1,-1,-1,-1,-1,-1,-1
201563BC15615,1,9,0,7,6,1,0,0,0,0,1,1,6,1,35,6,-1,-1,-1,-1,3,-1
201563BC15615,2,9,0,18,0,8,0,0,0,0,4,1,2,2,51,8,-1,-1,-1,-1,3,-1
201563BC15715,1,9,0,18,0,0,0,4,0,0,1,1,6,2,43,7,-1,-1,-1,-1,1,-1
201563BC15715,2,21,0,2,0,0,0,0,0,0,3,1,1,1,61,9,-1,-1,-1,-1,1,-1
201563BC15715,3,17,0,18,0,0,0,0,0,0,0,1,6,3,-1,-1,-1,-1,-1,-1,-1,-1
201563BC15815,1,9,0,18,0,0,0,0,0,0,1,1,6,1,16,4,-1,-1,-1,-1,3,-1
201563BC15815,2,9,0,18,0,0,0,0,0,1,1,1,6,2,41,7,-1,-1,-1,-1,3,-1
201563BC15915,1,5,0,18,0,0,1,0,0,0,1,1,6,1,57,9,-1,-1,-1,-1,1,-1
201563BC15915,2,9,0,18,0,0,0,0,0,0,1,1,6,1,62,9,-1,-1,-1,-1,1,-1
201563BC16015,1,9,0,16,0,0,1,0,7,10,1,1,6,1,20,4,-1,-1,-1,-1,1,-1
201563BC16115,1,9,0,18,0,0,0,0,0,0,1,1,2,2,26,6,-1,-1,-1,-1,3,-1
201563BC16115,2,9,0,18,0,0,0,0,0,0,1,1,6,1,62,9,-1,-1,-1,-1,3,-1
201563BC16115,3,17,0,18,0,0,0,0,0,0,0,1,1,1,64,9,-1,-1,-1,-1,3,-1
201563BC16215,1,9,0,4,0,0,0,0,0,0,1,1,6,2,63,9,-1,-1,-1,-1,3,-1
201563BC16215,2,9,0,18,0,0,0,0,0,0,1,1,6,1,58,9,-1,-1,-1,-1,3,-1
201563BC16315,1,9,0,17,0,0,0,0,0,0,1,1,1,2,36,7,-1,-1,-1,-1,3,-1
201563BC16315,2,19,0,18,0,0,0,0,1,0,1,1,1,1,42,7,-1,-1,-1,-1,2,-1
201563BC16415,1,9,0,18,0,0,0,0,0,0,1,1,6,3,-1,-1,-1,-1,-1,-1,-1,-1
201563BC16415,2,9,0,18,0,0,0,0,0,0,2,2,6,1,23,5,-1,-1,-1,-1,1,-1
201563BC16515,1,9,0,18,0,6,0,0,0,0,3,1,6,1,49,8,-1,-1,-1,-1,3,-1
201563BC16515,2,9,0,18,0,8,0,0,0,0,1,1,6,1,37,7,-1,-1,-1,-1,-1,-1
201563BC16615,1,19,0,16,0,0,0,0,0,0,3,1,6,3,-1,-1,-1,-1,-1,-1,-1,-1
201563BC16615,2,9,0,18,0,0,1,0,0,0,1,1,6,1,27,6,-1,-1,-1,-1,1,-1
201563BC16715,1,9,0,18,0,0,0,0,0,0,1,1,6,2,30,6,-1,-1,-1,-1,3,-1
201563BC16715,2,20,1,18,0,0,0,0,0,0,1,1,1,1,62,9,-1,-1,-1,-1,3,-1
201563BC16815,1,9,0,18,0,2,0,0,0,0,2,1,6,2,22,5,-1,-1,-1,-1,2,-1
201563BC16815,2,3,0,18,0,1,0,0,0,0,1,1,6,1,17,4,-1,-1,-1,-1,3,-1
201563BC16915,1,9,0,18,0,0,2,0,0,0,1,1,6,2,30,6,-1,-1,-1,-1,3,-1
201563BC17015,1,19,0,18,0,0,1,0,7,0,1,1,1,1,27,6,-1,-1,-1,-1,3,-1
201563BC17015,2,9,0,18,0,0,0,0,1,0,1,1,6,2,27,6,-1,-1,-1,-1,2,-1
201563BC17115,1,9,0,18,0,0,0,0,1,10,1,1,6,1,63,9,-1,-1,-1,-1,2,-1
201563BC17215,1,9,0,9,0,8,0,0,0,0,1,1,6,1,18,4,-1,-1,-1,-1,-1,-1
201563BC17215,2,9,0,18,0,1,0,0,0,0,1,1,6,2,63,9,-1,-1,-1,-1,3,-1
201563BC17315,1,11,0,17,0,0,0,0,2,10,1,1,1,1,63,9,-1,-1,-1,-1,3,-1
201563BC17415,1,9,0,18,0,4,0,0,0,0,1,1,6,2,66,10,-1,-1,-1,-1,3,-1
201563BC17415,2,5,0,9,0,8,0,0,0,0,4,1,2,1,31,6,-1,-1,-1,-1,3,-1
201563BC17515,1,9,0,17,0,0,2,0,7,10,1,1,6,1,18,4,-1,-1,-1,-1,1,-1
201563BC17615,1,19,0,18,0,0,0,10,0,0,3,1,1,1,49,8,-1,-1,-1,-1,1,-1
201563BC17615,2,9,0,17,0,0,5,0,0,0,1,1,3,2,48,8,-1,-1,-1,-1,3,-1
201563BC17715,1,9,0,18,0,1,0,0,0,0,1,1,1,2,38,7,-1,-1,-1,-1,3,-1
201563BC17815,1,9,0,18,0,1,0,0,0,0,1,1,6,2,47,8,-1,-1,-1,-1,2,-1
201563BC18015,1,9,0,18,0,8,0,0,0,0,3,1,6,1,49,8,-1,-1,-1,-1,3,-1
201563BC18015,2,9,0,18,0,1,0,0,0,0,1,1,6,1,45,7,-1,-1,-1,-1,3,-1
201563BC18115,1,19,0,18,0,0,0,0,0,0,4,1,6,1,52,8,-1,-1,-1,-1,3,-1
201563BC18115,2,17,4,2,0,0,0,0,0,0,1,1,6,1,52,8,-1,-1,-1,-1,3,-1
201563BC18315,1,9,0,7,0,1,0,0,0,0,1,1,6,1,34,6,-1,-1,-1,-1,3,-1
201563BC18315,2,9,0,7,0,1,0,0,0,0,2,1,6,1,57,9,-1,-1,-1,-1,3,-1
201563BC18415,1,9,0,18,0,2,2,0,0,0,1,1,6,1,23,5,-1,-1,-1,-1,3,-1
201563BC18515,1,9,0,18,0,0,0,0,0,0,0,1,6,1,30,6,-1,-1,-1,-1,3,-1
201563CP00115,1,19,0,16,0,0,5,0,2,10,1,1,2,1,37,7,-1,-1,-1,-1,3,-1