Accident_Index,Vehicle_Reference,Vehicle_Type,Towing_and_Articulation,Vehicle_Manoeuvre,Vehicle_Location-Restricted_Lane,Junction_Location,Skidding_and_Overturning,Hit_Object_in_Carriageway,Vehicle_Leaving_Carriageway,Hit_Object_off_Carriageway,1st_Point_of_Impact,Was_Vehicle_Left_Hand_Drive?,Journey_Purpose_of_Driver,Sex_of_Driver,Age_of_Driver,Age_Band_of_Driver,Engine_Capacity_(CC),Propulsion_Code,Age_of_Vehicle,Driver_IMD_Decile,Driver_Home_Area_Type,Vehicle_IMD_Decile
201563CP00215,1,90,0,18,0,0,0,0,0,0,0,1,1,2,25,5,-1,-1,-1,-1,1,-1
201563CP00215,2,9,0,18,9,0,0,0,0,0,4,1,6,1,74,10,-1,-1,-1,-1,2,-1
201563CP00215,3,9,0,4,0,0,0,0,1,0,2,1,6,2,47,8,-1,-1,-1,-1,3,-1
201563CP00215,4,9,0,18,0,0,0,4,0,0,1,1,6,1,24,5,-1,-1,-1,-1,-1,-1
201563CP00415,1,9,0,9,0,5,0,0,0,0,3,1,6,2,60,9,-1,-1,-1,-1,3,-1
201563CP00415,2,9,0,18,0,1,0,0,0,0,1,1,6,1,18,4,-1,-1,-1,-1,1,-1
201563CP00515,1,9,0,17,0,0,1,0,7,0,1,1,2,1,42,7,-1,-1,-1,-1,-1,-1
201563CP00515,2,9,0,17,0,0,1,0,1,0,2,1,1,2,22,5,-1,-1,-1,-1,3,-1
201563CP00615,1,9,0,18,0,0,5,0,8,10,0,1,6,1,22,5,-1,-1,-1,-1,3,-1
201563CP00715,1,9,0,18,0,0,0,0,0,0,2,1,6,1,35,6,-1,-1,-1,-1,1,-1
201563CP00715,2,9,0,18,0,0,0,0,0,0,2,1,2,1,61,9,-1,-1,-1,-1,1,-1
201563CP00715,3,9,0,18,0,0,1,0,0,0,1,1,2,2,22,5,-1,-1,-1,-1,1,-1
201563CP00715,4,9,0,3,0,0,0,0,0,0,0,1,6,3,-1,-1,-1,-1,-1,-1,-1,-1
201563CP00815,1,9,0,9,0,6,0,0,3,10,3,1,6,1,26,6,-1,-1,-1,-1,3,-1
201563CP00815,2,9,0,18,0,1,0,0,1,10,1,1,6,1,18,4,-1,-1,-1,-1,3,-1
201563CP00915,1,10,0,18,0,0,0,0,0,0,2,1,1,1,62,9,-1,-1,-1,-1,3,-1
201563CP00915,2,9,0,18,0,0,0,0,0,0,1,1,2,2,50,8,-1,-1,-1,-1,2,-1
201563CP01015,1,9,0,18,0,0,2,0,0,0,1,1,2,1,20,4,-1,-1,-1,-1,3,-1
201563CP01015,2,9,0,3,0,0,0,0,0,0,0,1,6,3,-1,-1,-1,-1,-1,-1,-1,-1
201563CP01115,1,9,0,18,0,1,0,0,0,0,1,1,6,2,19,4,-1,-1,-1,-1,1,-1
201563CP01115,2,9,0,18,0,2,0,0,0,0,2,1,6,2,31,6,-1,-1,-1,-1,1,-1
201563CP01215,1,9,0,16,0,0,2,0,1,10,4,1,6,1,46,8,-1,-1,-1,-1,3,-1
201563CP01315,1,9,0,16,0,0,5,0,0,0,1,1,6,1,17,4,-1,-1,-1,-1,3,-1
201563CP01415,1,9,0,17,0,0,2,0,0,0,1,1,6,2,28,6,-1,-1,-1,-1,1,-1
201563CP01515,1,9,0,18,0,8,0,0,3,0,1,1,3,2,34,6,-1,-1,-1,-1,3,-1
201563CP01515,2,9,0,18,0,8,0,0,0,0,4,1,6,1,58,9,-1,-1,-1,-1,3,-1
201563CP01615,1,9,0,18,0,0,0,0,0,0,1,1,6,1,43,7,-1,-1,-1,-1,3,-1
201563CP01615,2,9,0,18,0,0,0,4,0,0,2,1,6,1,30,6,-1,-1,-1,-1,1,-1
201563CP01615,3,9,0,18,0,0,0,4,0,0,2,1,6,1,63,9,-1,-1,-1,-1,3,-1
201563CP01715,1,9,0,18,0,1,0,0,3,8,1,1,6,2,28,6,-1,-1,-1,-1,3,-1
201563CP01715,2,10,0,4,0,1,0,0,0,0,2,1,1,1,36,7,-1,-1,-1,-1,2,-1
201563CP01815,1,9,0,18,0,0,0,0,1,0,4,1,6,2,56,9,-1,-1,-1,-1,3,-1
201563CP01915,1,3,0,18,0,0,1,0,0,0,0,1,6,1,19,4,-1,-1,-1,-1,3,-1
201563CP02015,1,11,0,18,0,0,1,0,0,0,1,1,6,1,54,8,-1,-1,-1,-1,2,-1
201563CP02115,1,9,0,18,0,1,1,0,0,0,1,1,1,1,21,5,-1,-1,-1,-1,2,-1
201563CP02115,2,9,0,17,0,1,0,0,0,0,1,1,2,2,22,5,-1,-1,-1,-1,2,-1
201563CP02215,1,9,0,18,0,0,1,0,0,0,1,1,6,1,17,4,-1,-1,-1,-1,2,-1
201563CP02215,2,9,0,18,0,0,0,0,0,0,0,1,6,3,-1,-1,-1,-1,-1,-1,-1,-1
201563CP02315,1,9,0,18,0,0,0,0,0,0,1,1,6,1,50,8,-1,-1,-1,-1,3,-1
201563CP02415,1,9,0,5,0,5,0,0,0,0,1,1,6,2,68,10,-1,-1,-1,-1,3,-1
201563CP02415,2,9,0,18,0,1,0,0,0,0,1,1,6,1,31,6,-1,-1,-1,-1,-1,-1
201563CP02515,1,9,0,18,0,0,0,0,0,0,1,1,6,1,66,10,-1,-1,-1,-1,3,-1
201563CP02515,2,9,0,18,0,0,0,0,0,0,1,1,6,1,46,8,-1,-1,-1,-1,2,-1
201563CP02615,1,9,0,17,0,8,2,0,1,0,4,1,6,2,29,6,-1,-1,-1,-1,1,-1
201563CP02715,1,9,0,18,0,0,0,0,0,0,1,1,6,1,49,8,-1,-1,-1,-1,3,-1
201563CP02815,1,9,0,18,0,0,0,0,0,0,0,1,6,3,-1,-1,-1,-1,-1,-1,-1,-1
201563CP02915,1,9,0,18,0,1,0,0,0,0,1,1,6,1,19,4,-1,-1,-1,-1,1,-1
201563CP02915,2,9,0,6,0,1,0,0,7,0,2,1,6,2,19,4,-1,-1,-1,-1,3,-1
201563CP03015,1,3,0,18,0,0,1,4,0,0,1,1,6,1,17,4,-1,-1,-1,-1,3,-1
201563CP03015,2,19,0,4,0,0,0,0,0,0,2,1,1,1,26,6,-1,-1,-1,-1,3,-1
201563CP03115,1,11,0,18,0,0,0,0,0,0,0,1,3,1,56,9,-1,-1,-1,-1,3,-1
201563CP03215,1,9,0,18,0,0,5,0,1,0,0,1,6,1,20,4,-1,-1,-1,-1,3,-1
201563CP03315,1,8,0,18,0,0,0,0,0,0,2,1,1,1,41,7,-1,-1,-1,-1,3,-1
201563CP03415,1,9,0,9,0,5,0,0,0,0,1,1,1,2,26,6,-1,-1,-1,-1,3,-1
201563CP03415,2,9,0,18,0,1,0,0,0,0,1,1,6,2,31,6,-1,-1,-1,-1,3,-1
201563CP03515,1,9,0,18,0,8,0,0,1,2,1,1,6,1,31,6,-1,-1,-1,-1,2,-1
201563CP03715,1,9,0,18,0,0,0,0,0,0,3,1,1,2,52,8,-1,-1,-1,-1,3,-1
201563CP03815,1,9,0,18,0,0,0,4,0,0,1,1,6,1,22,5,-1,-1,-1,-1,3,-1
201563CP03815,2,9,0,3,0,0,0,4,0,0,1,1,6,2,35,6,-1,-1,-1,-1,3,-1
201563CP03815,3,9,0,3,0,0,0,0,0,0,2,1,6,2,65,9,-1,-1,-1,-1,3,-1
201563CP03815,4,9,0,3,0,0,0,0,0,0,0,1,6,3,-1,-1,-1,-1,-1,-1,-1,-1
201563CP04015,1,9,0,1,0,0,0,0,0,0,0,1,1,1,55,8,-1,-1,-1,-1,2,-1
201563CP04115,1,9,0,18,0,0,5,0,0,0,1,1,6,2,72,10,-1,-1,-1,-1,2,-1
201563CP04115,2,9,0,2,0,0,0,0,0,0,1,1,1,2,18,4,-1,-1,-1,-1,2,-1
201563CP04215,1,9,0,18,0,0,2,0,0,0,0,1,2,1,21,5,-1,-1,-1,-1,3,-1
201563CP04215,2,21,0,18,0,0,0,0,0,0,0,1,6,3,-1,-1,-1,-1,-1,-1,-1,-1
201563CP04315,1,9,0,17,0,0,1,0,2,10,1,1,6,1,50,8,-1,-1,-1,-1,3,-1
201563CP04415,1,9,0,9,0,6,0,0,0,0,4,1,6,1,92,11,-1,-1,-1,-1,1,-1
201563CP04415,2,9,0,18,0,1,1,0,0,0,1,1,6,1,62,9,-1,-1,-1,-1,3,-1
201563CP04415,3,19,0,18,0,1,0,0,1,0,1,1,6,2,23,5,-1,-1,-1,-1,2,-1
201563CP04415,4,9,0,2,0,1,0,0,0,0,0,1,6,3,-1,-1,-1,-1,-1,-1,-1,-1
201563CP04515,1,9,0,9,0,5,0,0,0,0,4,1,6,1,17,4,-1,-1,-1,-1,3,-1
201563CP04515,2,9,0,18,0,8,1,0,0,0,1,1,6,2,52,8,-1,-1,-1,-1,3,-1
201563CP04615,1,9,0,4,0,0,0,0,0,0,2,1,6,1,68,10,-1,-1,-1,-1,1,-1
201563CP04615,2,9,0,18,0,0,1,0,0,0,1,1,1,1,30,6,-1,-1,-1,-1,1,-1
201563CP04615,3,9,0,18,0,0,1,0,0,0,1,1,6,1,68,10,-1,-1,-1,-1,3,-1
201563CP04715,1,9,0,18,0,1,0,0,0,0,3,1,6,1,26,6,-1,-1,-1,-1,1,-1
201563CP04715,2,17,0,18,0,1,0,0,0,0,1,1,1,1,34,6,-1,-1,-1,-1,-1,-1
201563CP04815,1,17,4,18,0,0,0,0,0,0,2,1,2,1,48,8,-1,-1,-1,-1,3,-1
201563CP04815,2,20,0,18,0,0,1,0,0,0,1,1,1,1,27,6,-1,-1,-1,-1,1,-1
201563CP04915,1,9,0,18,0,1,1,0,0,0,3,1,6,2,42,7,-1,-1,-1,-1,3,-1
201563CP04915,2,9,4,18,0,1,0,0,0,0,3,1,6,1,55,8,-1,-1,-1,-1,1,-1
201563CP04915,3,9,0,18,0,1,0,0,0,0,4,1,6,2,23,5,-1,-1,-1,-1,1,-1
201563CP05015,1,9,0,9,0,2,0,0,0,0,1,1,6,1,32,6,-1,-1,-1,-1,3,-1
201563CP05015,2,9,0,18,0,1,0,0,0,0,1,1,6,2,73,10,-1,-1,-1,-1,3,-1
201563CP05115,1,9,0,2,6,0,0,0,0,0,0,1,6,2,24,5,-1,-1,-1,-1,1,-1
201563CP05115,2,9,0,18,0,0,0,0,0,0,4,1,6,2,71,10,-1,-1,-1,-1,1,-1
201563CP05215,1,9,0,18,0,2,1,0,0,0,1,1,6,2,22,5,-1,-1,-1,-1,3,-1
201563CP05315,1,9,0,18,0,1,0,0,0,0,1,1,6,1,24,5,-1,-1,-1,-1,3,-1
201563CP05315,2,3,0,18,0,1,0,0,0,0,1,1,6,1,18,4,-1,-1,-1,-1,2,-1
201563CP05415,1,5,0,16,0,1,1,4,0,0,1,1,6,1,27,6,-1,-1,-1,-1,3,-1
201563CP05415,2,9,0,2,6,1,0,0,0,0,2,1,6,2,57,9,-1,-1,-1,-1,3,-1
201563CP05415,3,9,0,18,0,1,0,0,0,0,0,1,6,2,51,8,-1,-1,-1,-1,3,-1
201563CP05515,1,9,0,18,0,4,0,0,0,0,1,1,6,1,30,6,-1,-1,-1,-1,3,-1
201563CP05515,2,9,0,8,0,4,0,0,0,0,2,1,6,2,51,8,-1,-1,-1,-1,3,-1
201563CP05615,1,9,0,9,0,1,1,0,7,10,1,1,6,1,18,4,-1,-1,-1,-1,3,-1
201563CP05615,2,9,0,18,0,1,0,0,7,0,1,1,6,1,67,10,-1,-1,-1,-1,3,-1
201563CP05615,3,9,0,7,0,1,0,0,0,0,1,1,1,1,21,5,-1,-1,-1,-1,3,-1
201563CP05715,1,9,0,18,0,1,0,0,0,0,1,1,6,1,59,9,-1,-1,-1,-1,1,-1
201563CP05715,2,9,0,18,0,1,0,0,0,0,2,1,6,1,41,7,-1,-1,-1,-1,3,-1
201563CP05815,1,9,0,18,0,1,0,0,0,0,1,1,1,1,24,5,-1,-1,-1,-1,3,-1
201563CP05815,2,17,0,9,0,1,0,0,0,0,3,1,1,1,33,6,-1,-1,-1,-1,3,-1
201563CP05915,1,9,0,18,0,0,0,0,0,0,1,1,6,2,67,10,-1,-1,-1,-1,2,-1
201563CP06015,1,8,0,5,0,6,0,0,0,0,3,1,1,1,32,6,-1,-1,-1,-1,1,-1
201563CP06015,2,9,0,18,0,1,0,0,0,0,1,1,6,1,67,10,-1,-1,-1,-1,3,-1
201563CP06115,1,4,0,18,0,0,0,0,0,0,1,1,6,1,64,9,-1,-1,-1,-1,3,-1
201563CP06215,1,2,0,17,0,0,0,10,0,0,1,1,4,1,16,4,-1,-1,-1,-1,3,-1
201563CP06315,1,9,0,18,0,1,1,0,0,0,1,1,6,2,41,7,-1,-1,-1,-1,-1,-1
201563CP06315,2,9,0,18,0,1,0,0,0,0,2,1,6,1,33,6,-1,-1,-1,-1,3,-1
201563CP06315,3,9,0,9,0,1,0,0,0,0,0,1,6,3,-1,-1,-1,-1,-1,-1,-1,-1
201563CP06415,1,9,0,18,0,0,2,0,1,10,4,1,6,2,36,7,-1,-1,-1,-1,-1,-1
201563CP06415,2,21,0,18,0,0,0,0,0,0,0,1,6,3,-1,-1,-1,-1,-1,-1,-1,-1
201563CP06515,1,5,0,18,0,1,1,0,0,0,1,1,6,1,55,8,-1,-1,-1,-1,3,-1
201563CP06515,2,19,0,4,0,5,0,0,0,0,2,1,1,1,53,8,-1,-1,-1,-1,3,-1
201563CP06615,1,5,0,16,0,0,0,0,7,10,1,1,6,1,27,6,-1,-1,-1,-1,3,-1
201563CP06715,1,9,0,18,0,0,2,0,2,10,4,1,6,1,40,7,-1,-1,-1,-1,2,-1
201563CP06815,1,9,0,18,0,1,0,0,0,0,3,1,6,2,36,7,-1,-1,-1,-1,1,-1
201563CP06815,2,5,0,18,0,1,0,0,0,0,1,1,6,1,67,10,-1,-1,-1,-1,3,-1
201563CP06915,1,9,0,18,0,0,0,0,0,0,1,1,6,1,27,6,-1,-1,-1,-1,2,-1
201563CP06915,2,3,0,18,0,0,0,0,0,0,2,1,6,1,25,5,-1,-1,-1,-1,2,-1
201563CP06915,3,9,0,18,0,0,0,0,0,0,2,1,6,1,51,8,-1,-1,-1,-1,3,-1
201563CP07015,1,9,0,18,0,1,0,0,0,0,1,1,6,2,68,10,-1,-1,-1,-1,2,-1
201563CP07015,2,90,0,18,0,1,0,0,0,0,2,1,6,1,50,8,-1,-1,-1,-1,1,-1
201563CP07115,1,19,0,18,0,8,0,0,0,0,1,1,1,1,50,8,-1,-1,-1,-1,1,-1
201563CP07115,2,9,0,18,0,1,0,0,0,0,1,1,6,2,58,9,-1,-1,-1,-1,3,-1
201563CP07215,1,9,0,18,0,4,0,0,1,0,1,1,6,1,22,5,-1,-1,-1,-1,2,-1
201563CP07215,2,9,0,4,0,1,0,0,0,0,2,1,6,2,69,10,-1,-1,-1,-1,3,-1
201563CP07215,3,21,1,4,0,1,0,0,0,0,2,1,1,1,21,5,-1,-1,-1,-1,-1,-1
201563CP07315,1,19,0,1,0,6,0,0,0,0,0,1,6,1,32,6,-1,-1,-1,-1,1,-1
201563CP07415,1,3,0,17,0,0,0,0,2,10,1,1,6,1,44,7,-1,-1,-1,-1,2,-1
201563CP07515,1,9,0,16,0,0,1,0,0,0,3,1,6,1,78,11,-1,-1,-1,-1,2,-1
201563CP07515,2,90,0,2,0,0,0,0,0,0,0,1,6,1,61,9,-1,-1,-1,-1,1,-1
201563CP07615,1,9,0,18,0,0,0,0,0,0,4,1,6,1,23,5,-1,-1,-1,-1,1,-1
201563CP07715,1,9,0,10,0,5,0,0,0,0,2,1,6,1,60,9,-1,-1,-1,-1,1,-1
201563CP07715,2,9,3,4,0,1,0,0,0,0,1,1,6,1,55,8,-1,-1,-1,-1,1,-1
201563CP07715,3,19,0,4,0,1,0,0,0,0,1,1,1,1,33,6,-1,-1,-1,-1,1,-1
201563CP07815,1,9,0,18,0,1,0,0,0,0,1,1,6,1,84,11,-1,-1,-1,-1,2,-1
201563CP07815,2,9,0,7,0,1,0,0,7,0,2,1,6,2,58,9,-1,-1,-1,-1,2,-1
201563CP07915,1,9,0,18,0,0,1,0,8,10,1,1,2,2,20,4,-1,-1,-1,-1,3,-1
201563CP08015,1,9,0,4,0,4,1,0,0,0,1,1,6,3,-1,-1,-1,-1,-1,-1,-1,-1
201563CP08115,1,5,0,18,0,1,1,0,0,0,1,1,6,1,68,10,-1,-1,-1,-1,3,-1
201563CP08115,2,9,4,9,0,8,0,0,0,0,2,1,1,1,38,7,-1,-1,-1,-1,3,-1
201563CP08215,1,9,0,17,0,0,0,0,0,0,0,1,6,1,64,9,-1,-1,-1,-1,1,-1
201563CP08215,2,9,0,16,0,0,0,0,0,0,0,1,6,2,28,6,-1,-1,-1,-1,2,-1
201563CP08315,1,9,0,5,0,2,0,0,0,0,1,1,6,1,35,6,-1,-1,-1,-1,1,-1
201563CP08315,2,9,0,18,0,1,0,0,0,0,1,1,6,1,34,6,-1,-1,-1,-1,2,-1
201563CP08415,1,9,0,16,0,0,1,0,7,10,0,1,6,1,18,4,-1,-1,-1,-1,3,-1
201563CP08515,1,5,0,4,0,1,0,0,0,0,4,1,6,1,48,8,-1,-1,-1,-1,3,-1
201563CP08615,1,9,0,9,0,1,0,0,0,0,1,1,6,1,23,5,-1,-1,-1,-1,1,-1
201563CP08615,2,9,0,18,0,1,1,0,1,10,1,1,6,1,42,7,-1,-1,-1,-1,3,-1
201563CP08715,1,9,0,18,0,0,0,0,0,0,1,1,1,1,63,9,-1,-1,-1,-1,3,-1
201563CP08715,2,1,0,18,0,0,0,0,0,0,2,1,6,1,60,9,-1,-1,-1,-1,-1,-1
201563CP08815,1,5,0,18,0,0,0,0,0,0,1,1,6,1,45,7,-1,-1,-1,-1,1,-1
201563CP08815,2,19,0,18,0,0,0,0,0,0,2,1,1,1,33,6,-1,-1,-1,-1,3,-1
201563CP08815,3,5,0,18,0,0,1,0,0,0,1,1,6,1,31,6,-1,-1,-1,-1,3,-1
201563CP08815,4,9,0,4,0,0,0,0,0,0,2,1,6,1,30,6,-1,-1,-1,-1,3,-1
201563CP08815,5,9,0,3,0,0,0,0,0,0,0,1,6,3,-1,-1,-1,-1,-1,-1,-1,-1
201563CP08915,1,17,4,9,0,7,0,0,0,0,1,1,1,1,67,10,-1,-1,-1,-1,-1,-1
201563CP08915,2,9,0,18,0,1,0,0,1,0,1,1,6,2,52,8,-1,-1,-1,-1,3,-1
201563CP09015,1,9,0,9,0,8,0,0,0,0,1,1,6,1,57,9,-1,-1,-1,-1,3,-1
201563CP09015,2,5,0,18,0,1,1,0,0,0,1,1,2,1,63,9,-1,-1,-1,-1,-1,-1
201563CP09115,1,9,0,18,0,0,1,0,1,4,1,1,1,2,63,9,-1,-1,-1,-1,1,-1
201563CP09115,2,9,0,18,0,0,0,0,0,0,0,1,6,3,-1,-1,-1,-1,-1,-1,-1,-1
201563CP09115,3,9,0,18,0,0,0,0,0,0,0,1,6,3,-1,-1,-1,-1,-1,-1,-1,-1
201563CP09215,1,9,0,17,0,0,1,0,0,0,1,1,6,1,66,10,-1,-1,-1,-1,3,-1
201563CP09215,2,1,0,16,0,0,1,0,0,0,1,1,6,1,37,7,-1,-1,-1,-1,1,-1
201563CP09315,1,9,0,9,0,1,0,0,0,0,1,1,2,2,30,6,-1,-1,-1,-1,3,-1
201563CP09315,2,1,0,18,0,1,0,0,0,0,1,1,6,1,39,7,-1,-1,-1,-1,2,-1
201563CP09315,3,21,0,4,0,1,0,0,0,0,0,1,6,3,-1,-1,-1,-1,-1,-1,-1,-1
201563CP09315,4,9,0,2,0,1,0,0,0,0,0,1,6,3,-1,-1,-1,-1,-1,-1,-1,-1
201563CP09515,1,9,0,18,0,1,0,0,1,0,1,1,6,2,69,10,-1,-1,-1,-1,3,-1
201563CP09515,2,1,0,9,9,1,0,0,0,0,1,1,4,1,12,3,-1,-1,-1,-1,1,-1
201563CP09615,1,9,0,18,0,1,0,0,7,10,1,1,6,1,19,4,-1,-1,-1,-1,2,-1
201563CP09715,1,9,0,18,0,1,1,0,0,0,1,1,6,2,28,6,-1,-1,-1,-1,3,-1
201563CP09715,2,9,0,18,0,1,0,0,0,0,2,1,6,2,69,10,-1,-1,-1,-1,3,-1
201563CP09815,1,9,0,18,0,1,0,0,0,0,1,1,2,1,18,4,-1,-1,-1,-1,1,-1
201563CP09815,2,9,0,9,0,5,0,0,0,0,4,1,6,1,56,9,-1,-1,-1,-1,3,-1
201563CP09915,1,5,0,18,0,1,0,0,0,0,4,1,6,1,30,6,-1,-1,-1,-1,1,-1
201563CP10015,1,9,0,18,0,0,0,0,0,0,1,1,1,2,25,5,-1,-1,-1,-1,-1,-1
201563CP10015,2,10,0,2,0,0,0,0,0,0,0,1,6,3,-1,-1,-1,-1,-1,-1,-1,-1
201563CP10115,1,2,0,18,0,0,0,0,0,0,1,1,6,1,30,6,-1,-1,-1,-1,-1,-1
201563CP10115,2,9,0,18,0,0,1,0,0,0,1,1,2,1,41,7,-1,-1,-1,-1,3,-1
201563CP10215,1,9,0,18,0,2,0,0,0,0,3,1,6,2,33,6,-1,-1,-1,-1,-1,-1
201563CP10215,2,9,0,18,0,1,1,0,0,0,1,1,6,2,54,8,-1,-1,-1,-1,2,-1
201563CP10315,1,9,0,16,0,0,1,0,0,0,1,1,2,1,19,4,-1,-1,-1,-1,3,-1
201563CP10315,2,9,0,17,0,0,1,0,0,0,3,1,6,1,27,6,-1,-1,-1,-1,3,-1
201563CP10415,1,9,0,18,0,0,0,0,0,0,1,1,6,2,70,10,-1,-1,-1,-1,3,-1
201563CP10415,2,9,4,18,0,0,0,0,1,0,1,1,6,1,49,8,-1,-1,-1,-1,3,-1
201563CP10415,3,9,0,18,0,0,0,0,0,0,0,1,6,1,45,7,-1,-1,-1,-1,1,-1
201563CP10515,1,9,0,7,0,8,1,0,0,0,3,1,1,2,36,7,-1,-1,-1,-1,3,-1
201563CP10515,2,9,0,18,0,1,0,0,1,0,1,1,1,2,28,6,-1,-1,-1,-1,3,-1
201563CP10615,1,19,0,15,0,0,0,0,0,0,0,1,6,3,-1,-1,-1,-1,-1,-1,-1,-1
201563CP10615,2,9,0,18,0,0,0,0,0,0,0,1,6,3,-1,-1,-1,-1,-1,-1,-1,-1
201563CP10615,3,9,0,18,0,0,1,0,2,10,0,1,2,2,28,6,-1,-1,-1,-1,-1,-1
201563CP10715,1,5,0,17,0,1,0,0,0,0,3,1,6,1,67,10,-1,-1,-1,-1,3,-1
201563CP10715,2,4,0,16,0,1,0,0,0,0,3,1,6,1,62,9,-1,-1,-1,-1,1,-1
201563CP10815,1,19,0,4,0,1,5,0,0,0,4,1,1,1,21,5,-1,-1,-1,-1,3,-1
201563CP10915,1,9,0,16,0,0,5,0,7,10,0,1,6,1,32,6,-1,-1,-1,-1,2,-1
201563CP11015,1,9,0,17,0,0,0,0,0,0,1,1,6,1,23,5,-1,-1,-1,-1,3,-1
201563CP11015,2,9,0,16,0,0,0,0,0,0,1,1,6,2,43,7,-1,-1,-1,-1,3,-1
201563CP11115,1,3,0,18,0,0,0,0,1,0,1,1,6,1,35,6,-1,-1,-1,-1,2,-1
201563CP11215,1,9,0,18,0,0,2,0,0,0,1,1,6,1,21,5,-1,-1,-1,-1,2,-1
201563CP11315,1,9,0,1,0,8,0,0,0,0,2,1,6,1,86,11,-1,-1,-1,-1,3,-1
201563CP11415,1,9,0,3,0,0,5,0,2,10,1,1,6,1,27,6,-1,-1,-1,-1,3,-1
201563CP11515,1,19,0,15,0,0,0,0,0,0,4,1,6,1,63,9,-1,-1,-1,-1,1,-1
201563CP11515,2,1,0,18,0,0,0,0,0,0,3,1,6,1,49,8,-1,-1,-1,-1,3,-1
201563CP11615,1,9,0,1,0,0,0,0,0,0,2,1,6,1,20,4,-1,-1,-1,-1,3,-1
201563CP11715,1,19,0,17,0,0,0,0,0,0,1,1,1,1,30,6,-1,-1,-1,-1,1,-1
201563CP11715,2,9,0,16,0,0,0,0,0,0,1,1,3,2,33,6,-1,-1,-1,-1,3,-1
201563CP11815,1,9,0,17,0,0,2,0,2,10,1,1,6,2,28,6,-1,-1,-1,-1,3,-1
201563CP11815,2,9,0,4,0,0,0,0,0,0,1,1,6,2,26,6,-1,-1,-1,-1,3,-1
201563CP11915,1,19,0,18,0,0,0,0,0,0,1,1,6,1,23,5,-1,-1,-1,-1,1,-1
201563CP11915,2,9,0,18,0,0,0,0,0,0,1,1,6,2,39,7,-1,-1,-1,-1,1,-1
201563CP12015,1,19,0,18,0,0,0,0,0,0,1,1,2,1,53,8,-1,-1,-1,-1,2,-1
201563CP12015,2,9,0,2,0,0,0,0,0,0,2,1,1,1,33,6,-1,-1,-1,-1,2,-1
201563CP12115,1,19,0,18,0,0,1,0,0,0,3,1,6,1,32,6,-1,-1,-1,-1,2,-1
201563CP12115,2,9,0,18,0,0,0,0,0,0,3,1,6,2,50,8,-1,-1,-1,-1,3,-1
201563CP12215,1,3,0,17,0,0,1,0,0,0,3,1,6,1,18,4,-1,-1,-1,-1,1,-1
201563CP12315,1,9,0,16,0,0,0,0,0,0,1,1,6,2,42,7,-1,-1,-1,-1,3,-1
201563CP12315,2,9,0,17,0,0,0,0,0,0,3,1,6,2,55,8,-1,-1,-1,-1,3,-1
201563CP12415,1,19,0,18,0,0,1,0,0,0,1,1,1,2,60,9,-1,-1,-1,-1,3,-1
201563CP12415,2,17,5,18,0,0,0,0,0,0,2,1,1,1,43,7,-1,-1,-1,-1,3,-1
201563CP12515,1,9,0,3,0,0,0,0,0,0,1,1,1,1,18,4,-1,-1,-1,-1,3,-1
201563CP12515,2,9,0,18,0,0,0,0,0,0,2,1,6,1,48,8,-1,-1,-1,-1,3,-1
201563CP12515,3,9,0,3,0,0,0,0,0,0,0,1,6,3,-1,-1,-1,-1,-1,-1,-1,-1
201563CP12615,1,9,0,18,0,0,0,0,0,0,3,1,1,2,39,7,-1,-1,-1,-1,3,-1
201563CP12615,2,9,0,18,0,0,0,0,0,0,1,1,6,2,24,5,-1,-1,-1,-1,1,-1
201563CP12715,1,9,0,16,0,1,0,0,0,0,1,1,6,2,25,5,-1,-1,-1,-1,3,-1
201563CP12715,2,2,0,8,0,1,0,0,0,0,2,1,2,2,16,4,-1,-1,-1,-1,3,-1
201563CP12815,1,5,0,18,0,0,1,0,0,0,1,1,6,1,65,9,-1,-1,-1,-1,3,-1
201563CP12915,1,9,0,18,0,0,1,0,0,0,0,1,2,1,33,6,-1,-1,-1,-1,3,-1
201563CP13015,1,9,0,18,0,0,0,0,0,0,1,1,6,2,43,7,-1,-1,-1,-1,3,-1
201563CP13015,2,19,0,18,0,0,0,0,0,0,1,1,6,1,38,7,-1,-1,-1,-1,1,-1
201563CP13115,1,9,0,17,0,1,0,10,2,1,1,1,2,2,55,8,-1,-1,-1,-1,2,-1
201563CP13215,1,9,0,18,0,0,0,0,0,0,1,1,6,2,48,8,-1,-1,-1,-1,2,-1
201563CP13215,2,9,0,4,0,0,0,0,0,0,2,1,6,1,39,7,-1,-1,-1,-1,2,-1
201563CP13215,3,9,0,18,0,0,0,0,0,0,0,1,6,3,-1,-1,-1,-1,-1,-1,-1,-1
201563CP13315,1,9,0,18,0,1,0,0,0,0,1,1,6,2,44,7,-1,-1,-1,-1,3,-1
201563CP13315,2,19,0,18,0,1,0,0,0,0,2,1,6,1,52,8,-1,-1,-1,-1,3,-1
201563CP13315,3,9,0,18,0,1,0,0,0,0,2,1,6,2,36,7,-1,-1,-1,-1,2,-1
201563CP13415,1,9,0,16,0,0,1,0,0,0,4,1,6,1,19,4,-1,-1,-1,-1,2,-1
201563CP13515,1,9,0,18,0,1,0,0,0,0,1,1,6,1,48,8,-1,-1,-1,-1,3,-1
201563CP13515,2,9,0,10,0,1,0,0,0,0,2,1,6,1,42,7,-1,-1,-1,-1,1,-1
201563CP13615,1,5,0,18,0,0,1,0,0,0,1,1,6,1,36,7,-1,-1,-1,-1,3,-1
201563CP13615,2,9,0,18,0,0,0,0,0,0,1,1,6,1,68,10,-1,-1,-1,-1,1,-1
201563CP13715,1,9,0,7,0,5,5,0,7,10,0,1,6,2,19,4,-1,-1,-1,-1,3,-1
201563CP13915,1,9,0,18,0,1,0,0,0,10,4,1,6,1,24,5,-1,-1,-1,-1,3,-1
201563CP14015,1,4,0,17,0,0,0,0,0,0,1,1,6,1,21,5,-1,-1,-1,-1,3,-1
201563CP14115,1,9,0,18,0,8,0,0,0,0,3,1,6,2,48,8,-1,-1,-1,-1,1,-1
201563CP14115,2,9,0,18,0,8,0,0,0,0,1,1,6,1,42,7,-1,-1,-1,-1,2,-1
201563CP14215,1,9,0,10,0,1,0,0,0,0,1,1,6,2,29,6,-1,-1,-1,-1,3,-1
201563CP14215,2,3,0,18,0,1,1,0,7,0,1,1,6,1,27,6,-1,-1,-1,-1,2,-1
201563CP14315,1,9,0,7,9,6,0,0,0,0,1,1,6,2,55,8,-1,-1,-1,-1,1,-1