Accident_Index,Vehicle_Reference,Vehicle_Type,Towing_and_Articulation,Vehicle_Manoeuvre,Vehicle_Location-Restricted_Lane,Junction_Location,Skidding_and_Overturning,Hit_Object_in_Carriageway,Vehicle_Leaving_Carriageway,Hit_Object_off_Carriageway,1st_Point_of_Impact,Was_Vehicle_Left_Hand_Drive?,Journey_Purpose_of_Driver,Sex_of_Driver,Age_of_Driver,Age_Band_of_Driver,Engine_Capacity_(CC),Propulsion_Code,Age_of_Vehicle,Driver_IMD_Decile,Driver_Home_Area_Type,Vehicle_IMD_Decile
201563CP14415,1,19,0,13,0,1,1,0,0,0,1,1,2,1,51,8,-1,-1,-1,-1,3,-1
201563CP14415,2,2,0,9,0,1,1,0,0,0,2,1,2,1,16,4,-1,-1,-1,-1,3,-1
201563CP14515,1,9,0,18,0,0,0,0,0,0,1,1,6,2,18,4,-1,-1,-1,-1,3,-1
201563CP14515,2,9,0,18,0,0,0,0,0,0,1,1,6,2,62,9,-1,-1,-1,-1,1,-1
201563CP14615,1,9,0,18,0,1,1,0,0,0,1,1,6,2,38,7,-1,-1,-1,-1,2,-1
201563CP14615,2,9,0,9,0,2,0,0,0,0,3,1,6,2,75,10,-1,-1,-1,-1,3,-1
201563CP14715,1,11,0,5,0,0,0,0,0,0,2,1,6,1,63,9,-1,-1,-1,-1,3,-1
201563CP14815,1,19,0,1,0,0,0,0,0,0,2,1,1,1,30,6,-1,-1,-1,-1,1,-1
201563CP14915,1,9,0,18,0,1,0,0,0,0,1,1,2,2,18,4,-1,-1,-1,-1,1,-1
201563CP14915,2,9,0,18,0,1,0,0,0,0,2,1,2,2,46,8,-1,-1,-1,-1,2,-1
201563CP15015,1,19,0,4,0,1,0,0,0,0,1,1,2,1,57,9,-1,-1,-1,-1,3,-1
201563CP15115,1,9,0,18,0,0,0,0,0,0,1,1,6,2,49,8,-1,-1,-1,-1,3,-1
201563CP15115,2,9,0,4,0,0,1,0,0,0,2,1,6,1,46,8,-1,-1,-1,-1,2,-1
201563CP15115,3,9,0,4,0,0,0,0,0,0,2,1,6,1,34,6,-1,-1,-1,-1,2,-1
201563CP15215,1,9,0,18,0,1,0,0,0,0,1,1,6,1,67,10,-1,-1,-1,-1,2,-1
201563CP15315,1,9,0,7,0,3,0,0,0,0,1,1,6,1,50,8,-1,-1,-1,-1,-1,-1
201563CP15315,2,4,0,7,0,3,0,0,0,0,1,1,6,1,50,8,-1,-1,-1,-1,1,-1
201563CP15415,1,3,0,18,0,8,1,10,0,0,3,1,6,1,20,4,-1,-1,-1,-1,2,-1
201563CP15515,1,3,0,18,0,0,1,0,0,0,0,1,2,1,19,4,-1,-1,-1,-1,3,-1
201563CP15515,2,19,0,4,0,0,0,0,0,0,0,1,6,3,-1,-1,-1,-1,-1,-1,-1,-1
201563CP15615,1,9,0,18,0,0,0,0,0,0,1,1,6,2,66,10,-1,-1,-1,-1,2,-1
201563CP15615,2,9,0,18,0,0,0,0,0,0,2,1,6,1,21,5,-1,-1,-1,-1,3,-1
201563CP15715,1,9,0,18,0,0,5,0,0,0,1,1,6,1,56,9,-1,-1,-1,-1,2,-1
201563CP15815,1,9,0,18,0,0,0,0,1,10,1,1,6,2,46,8,-1,-1,-1,-1,3,-1
201563CP15915,1,17,4,9,0,5,1,0,0,0,3,1,1,1,20,4,-1,-1,-1,-1,3,-1
201563CP15915,2,5,0,18,0,1,0,0,0,0,1,1,6,1,58,9,-1,-1,-1,-1,2,-1
201563CP16015,1,9,0,18,0,6,0,0,0,0,1,1,6,1,70,10,-1,-1,-1,-1,3,-1
201563CP16015,2,21,1,18,0,1,0,0,1,0,1,1,1,1,41,7,-1,-1,-1,-1,-1,-1
201563CP16115,1,9,0,18,0,1,0,0,0,0,0,1,6,3,-1,-1,-1,-1,-1,-1,-1,-1
201563CP16115,2,9,0,4,0,1,0,0,0,0,3,1,6,2,76,11,-1,-1,-1,-1,3,-1
201563CP16215,1,9,0,18,0,0,2,0,0,0,1,1,6,1,31,6,-1,-1,-1,-1,3,-1
201563CP16315,1,9,0,18,0,0,0,0,1,3,1,1,6,1,54,8,-1,-1,-1,-1,1,-1
201563CP16415,1,9,0,18,0,1,0,0,0,0,1,1,6,2,52,8,-1,-1,-1,-1,3,-1
201563CP16415,2,9,0,18,0,8,0,0,0,0,4,1,6,1,58,9,-1,-1,-1,-1,1,-1
201563CP16515,1,9,0,18,0,0,0,0,0,0,3,1,2,2,19,4,-1,-1,-1,-1,3,-1
201563CP16615,1,9,0,18,0,1,1,0,1,0,1,1,2,1,62,9,-1,-1,-1,-1,2,-1
201563CP16615,2,19,0,18,0,1,0,0,0,0,2,1,6,1,61,9,-1,-1,-1,-1,2,-1
201563CP16615,3,9,0,9,0,5,0,0,0,0,0,1,6,3,-1,-1,-1,-1,-1,-1,-1,-1
201563CP16715,1,9,0,18,0,1,0,0,0,0,1,1,6,1,35,6,-1,-1,-1,-1,3,-1
201563CP16715,2,9,0,10,0,1,0,0,0,0,2,1,6,2,65,9,-1,-1,-1,-1,3,-1
201563CP16815,1,9,0,18,0,0,2,0,1,10,4,1,1,1,28,6,-1,-1,-1,-1,2,-1
201563CP16915,1,9,0,18,0,0,2,0,8,10,0,1,6,1,26,6,-1,-1,-1,-1,2,-1
201563CP17015,1,9,0,18,0,0,0,0,0,0,1,1,6,1,69,10,-1,-1,-1,-1,1,-1
201563CP17015,2,9,0,18,0,0,0,0,0,0,1,1,6,1,60,9,-1,-1,-1,-1,1,-1
201563CP17115,1,9,0,4,0,1,0,0,0,0,1,1,6,1,70,10,-1,-1,-1,-1,1,-1
201563CP17215,1,9,0,9,0,6,0,0,1,0,2,1,6,2,76,11,-1,-1,-1,-1,1,-1
201563CP17215,2,9,0,18,0,1,0,0,0,0,1,1,6,1,21,5,-1,-1,-1,-1,1,-1
201563CP17315,1,9,0,16,0,1,1,0,0,0,1,1,6,2,23,5,-1,-1,-1,-1,1,-1
201563CP17315,2,9,0,17,0,2,0,0,0,0,1,1,6,2,36,7,-1,-1,-1,-1,3,-1
201563CP17415,1,9,0,18,0,0,1,0,0,0,1,1,6,2,62,9,-1,-1,-1,-1,3,-1
201563CP17415,2,19,0,18,0,0,0,0,0,0,1,1,1,1,31,6,-1,-1,-1,-1,1,-1
201563CP17515,1,9,0,18,0,1,1,0,0,0,1,1,6,1,69,10,-1,-1,-1,-1,3,-1
201563CP17515,2,9,0,18,0,1,0,0,0,0,1,1,6,2,30,6,-1,-1,-1,-1,3,-1
201563CP17615,1,9,0,18,0,1,0,0,0,0,1,1,6,2,31,6,-1,-1,-1,-1,3,-1
201563CP17615,2,9,0,4,0,1,0,0,0,0,2,1,6,1,32,6,-1,-1,-1,-1,1,-1
201563CP17615,3,21,5,9,0,5,0,0,0,0,0,1,6,3,-1,-1,-1,-1,-1,-1,-1,-1
201563CP17715,1,5,0,18,0,0,0,0,0,0,0,1,6,1,49,8,-1,-1,-1,-1,1,-1
201563CP17815,1,8,0,17,0,0,2,0,0,0,1,1,1,1,56,9,-1,-1,-1,-1,1,-1
201563CP17915,1,1,0,18,0,1,1,0,0,0,1,1,6,1,13,3,-1,-1,-1,-1,2,-1
201563CP17915,2,9,0,18,0,1,0,0,0,0,4,1,6,2,31,6,-1,-1,-1,-1,2,-1
201563CP18015,1,9,0,17,0,0,1,0,2,10,3,1,6,3,-1,-1,-1,-1,-1,-1,-1,-1
201563CP18015,2,5,0,17,0,0,0,0,1,9,4,1,6,1,51,8,-1,-1,-1,-1,3,-1
201563CP18115,1,5,0,18,0,0,0,0,0,0,1,1,2,1,49,8,-1,-1,-1,-1,3,-1
201563CP18215,1,1,0,18,0,0,0,0,1,0,3,1,6,2,30,6,-1,-1,-1,-1,2,-1
201563CP18215,2,9,0,18,1,0,0,0,0,0,1,1,6,1,74,10,-1,-1,-1,-1,2,-1
201563CP18315,1,9,0,17,0,0,1,0,7,0,4,1,1,1,48,8,-1,-1,-1,-1,3,-1
201563CP18315,2,19,0,16,0,0,1,0,0,0,1,1,1,1,61,9,-1,-1,-1,-1,1,-1
201563CP18415,1,9,0,18,0,1,0,0,0,0,2,1,6,2,45,7,-1,-1,-1,-1,1,-1
201563CP18415,2,3,0,18,0,1,0,0,0,0,1,1,6,1,24,5,-1,-1,-1,-1,3,-1
201563CP18415,3,9,0,7,0,5,0,0,0,0,0,1,6,3,-1,-1,-1,-1,-1,-1,-1,-1
201563CP18515,1,9,0,18,0,8,0,0,0,0,4,1,6,1,30,6,-1,-1,-1,-1,2,-1
201563CP18515,2,9,0,18,0,8,0,0,0,0,0,1,6,3,-1,-1,-1,-1,-1,-1,-1,-1
201563CP18615,1,19,0,3,0,4,0,0,0,0,3,1,6,2,29,6,-1,-1,-1,-1,1,-1
201563CP18615,2,20,0,9,0,4,0,0,0,0,4,1,1,1,50,8,-1,-1,-1,-1,2,-1
201563CP18715,1,1,0,17,0,0,0,0,0,0,1,1,6,1,51,8,-1,-1,-1,-1,3,-1
201563CP18815,1,5,0,18,0,1,0,0,0,0,0,1,6,1,57,9,-1,-1,-1,-1,1,-1
201563CP18915,1,9,0,18,0,1,1,0,0,0,1,1,2,1,23,5,-1,-1,-1,-1,1,-1
201563CP18915,2,9,0,3,0,1,0,0,0,0,0,1,6,1,70,10,-1,-1,-1,-1,3,-1
201563CP18915,3,9,0,3,0,1,0,0,0,0,4,1,6,1,73,10,-1,-1,-1,-1,1,-1
201563CP18915,4,9,0,10,0,1,0,0,0,0,0,1,6,2,35,6,-1,-1,-1,-1,3,-1
201563CP19015,1,5,0,18,0,0,1,0,8,10,1,1,6,1,63,9,-1,-1,-1,-1,3,-1
201563CP19115,1,9,0,17,0,0,1,0,0,0,1,1,6,1,33,6,-1,-1,-1,-1,1,-1
201563CP19115,2,9,0,16,0,0,0,0,0,0,1,1,6,2,71,10,-1,-1,-1,-1,1,-1
201563CP19215,1,3,0,18,0,0,0,0,0,0,0,1,6,1,18,4,-1,-1,-1,-1,1,-1
201563CP19315,1,9,0,18,0,0,0,0,0,0,4,1,6,3,-1,-1,-1,-1,-1,-1,-1,-1
201563CP19515,1,2,0,18,0,0,0,0,0,0,1,1,6,2,20,4,-1,-1,-1,-1,2,-1
201563CP19515,2,19,0,18,0,0,0,0,0,0,2,1,1,1,32,6,-1,-1,-1,-1,3,-1
201563CP19615,1,9,0,3,0,0,0,0,0,0,2,1,6,1,61,9,-1,-1,-1,-1,1,-1
201563CP19615,2,9,0,4,0,0,0,0,0,0,1,1,6,2,22,5,-1,-1,-1,-1,1,-1
201563CP19715,1,9,0,10,0,5,0,0,0,0,2,1,1,2,44,7,-1,-1,-1,-1,1,-1
201563CP19715,2,19,0,18,0,1,1,0,0,0,1,1,2,1,48,8,-1,-1,-1,-1,1,-1
201563CP19715,3,9,0,18,0,1,0,0,0,0,0,1,6,3,-1,-1,-1,-1,-1,-1,-1,-1
201563CP19815,1,19,0,18,0,0,0,0,0,0,1,1,2,1,33,6,-1,-1,-1,-1,3,-1
201563CP19915,1,9,0,9,0,1,0,0,0,0,1,1,6,2,46,8,-1,-1,-1,-1,2,-1
201563CP19915,2,9,0,18,0,1,0,0,0,0,1,1,2,2,51,8,-1,-1,-1,-1,3,-1
201563CP20015,1,9,0,18,0,8,0,0,0,0,1,1,6,1,80,11,-1,-1,-1,-1,1,-1
201563CP20015,2,9,0,18,0,4,0,0,0,0,3,1,1,2,27,6,-1,-1,-1,-1,2,-1
201563CP20115,1,9,4,18,0,0,0,0,0,0,1,1,6,1,71,10,-1,-1,-1,-1,2,-1
201563CP20115,2,9,0,4,0,0,0,0,0,0,2,1,6,1,64,9,-1,-1,-1,-1,1,-1
201563CP20115,3,21,0,4,0,0,0,0,0,0,0,1,6,3,-1,-1,-1,-1,-1,-1,-1,-1
201563CP20215,1,9,0,16,0,1,1,0,0,0,1,1,6,2,81,11,-1,-1,-1,-1,1,-1
201563CP20215,2,9,0,18,0,1,0,0,0,0,1,1,6,2,41,7,-1,-1,-1,-1,1,-1
201563CP20315,1,2,0,17,0,2,1,0,1,10,4,1,6,1,16,4,-1,-1,-1,-1,3,-1
201563CP20415,1,9,0,5,0,6,0,0,0,10,1,1,6,2,73,10,-1,-1,-1,-1,-1,-1
201563CP20515,1,9,0,17,0,1,1,0,0,0,1,1,6,2,18,4,-1,-1,-1,-1,3,-1
201563CP20515,2,17,5,10,0,5,0,0,0,0,2,1,1,1,18,4,-1,-1,-1,-1,3,-1
201563CP20615,1,9,0,9,0,8,0,0,0,0,1,1,1,2,41,7,-1,-1,-1,-1,2,-1
201563CP20615,2,9,0,18,0,1,0,0,0,0,1,1,6,1,74,10,-1,-1,-1,-1,1,-1
201563CP20715,1,9,0,18,0,1,0,0,0,0,1,1,1,1,25,5,-1,-1,-1,-1,3,-1
201563CP20715,2,9,0,10,0,1,0,0,0,0,2,1,6,1,68,10,-1,-1,-1,-1,2,-1
201563CP20815,1,9,0,17,0,0,2,0,2,10,4,1,6,1,32,6,-1,-1,-1,-1,3,-1
201563CP20915,1,11,0,9,0,5,0,0,0,0,1,1,1,1,55,8,-1,-1,-1,-1,-1,-1
201563CP20915,2,2,0,18,0,8,1,0,0,0,1,1,2,1,16,4,-1,-1,-1,-1,3,-1
201563CP21015,1,2,0,18,0,0,1,0,0,0,0,1,6,2,16,4,-1,-1,-1,-1,3,-1
201563CP21115,1,9,0,17,0,0,1,0,0,0,1,1,6,2,21,5,-1,-1,-1,-1,2,-1
201563CP21115,2,9,0,4,0,0,0,0,1,0,3,1,6,1,53,8,-1,-1,-1,-1,3,-1
201563CP21215,1,9,0,18,0,0,0,0,0,0,4,1,6,3,-1,-1,-1,-1,-1,-1,-1,-1
201563CP21315,1,9,0,17,0,0,2,0,7,9,1,1,6,2,39,7,-1,-1,-1,-1,3,-1
201563CP21415,1,9,0,17,0,0,0,0,0,0,1,1,6,1,52,8,-1,-1,-1,-1,1,-1
201563CP21415,2,19,0,16,0,0,0,0,0,0,1,1,1,1,50,8,-1,-1,-1,-1,2,-1
201563CP21515,1,8,0,18,0,2,0,0,0,0,1,1,6,3,-1,-1,-1,-1,-1,-1,-1,-1
201563CP21515,2,2,0,18,0,2,0,0,0,0,2,1,6,2,18,4,-1,-1,-1,-1,3,-1
201563CP21615,1,9,0,16,0,8,1,0,7,10,1,1,6,2,22,5,-1,-1,-1,-1,2,-1
201563CP21615,2,19,0,17,0,2,0,0,0,0,1,1,1,1,49,8,-1,-1,-1,-1,3,-1
201563CP21715,1,9,0,18,0,0,0,0,0,0,4,1,6,1,80,11,-1,-1,-1,-1,3,-1
201563CP21815,1,10,0,18,0,1,0,0,0,0,0,1,1,1,68,10,-1,-1,-1,-1,3,-1
201563CP21915,1,9,0,5,0,8,0,0,0,0,3,1,6,2,22,5,-1,-1,-1,-1,2,-1
201563CP21915,2,9,0,18,0,1,0,0,0,0,4,1,6,2,40,7,-1,-1,-1,-1,2,-1
201563CP22015,1,9,4,5,0,6,0,0,1,0,3,1,6,1,91,11,-1,-1,-1,-1,3,-1
201563CP22015,2,19,0,18,0,1,0,0,0,0,1,1,1,1,63,9,-1,-1,-1,-1,2,-1
201563CP22115,1,9,0,16,0,0,1,0,0,0,4,1,6,1,24,5,-1,-1,-1,-1,3,-1
201563CP22115,2,9,0,18,0,0,0,0,0,0,1,1,6,2,18,4,-1,-1,-1,-1,3,-1
201563CP22215,1,9,0,17,0,0,0,0,0,0,1,1,2,2,20,4,-1,-1,-1,-1,3,-1
201563CP22215,2,9,0,18,0,0,0,0,0,0,1,1,6,2,50,8,-1,-1,-1,-1,3,-1
201563CP22315,1,9,0,18,0,0,0,0,0,0,1,1,2,2,29,6,-1,-1,-1,-1,1,-1
201563CP22415,1,9,0,18,0,0,1,0,0,0,1,1,6,2,55,8,-1,-1,-1,-1,-1,-1
201563CP22415,2,9,0,18,0,0,0,0,0,0,1,1,6,1,47,8,-1,-1,-1,-1,3,-1
201563CP22515,1,5,0,18,0,0,0,0,0,0,0,1,6,1,44,7,-1,-1,-1,-1,-1,-1
201563CP22615,1,9,0,18,0,1,1,0,0,0,1,1,6,2,27,6,-1,-1,-1,-1,3,-1
201563CP22615,2,9,0,18,0,1,0,0,0,0,1,1,6,1,32,6,-1,-1,-1,-1,1,-1
201563CP22715,1,3,0,18,0,1,0,0,0,0,1,1,1,1,19,4,-1,-1,-1,-1,3,-1
201563CP22715,2,9,0,18,0,5,0,0,0,0,2,1,6,2,28,6,-1,-1,-1,-1,3,-1
201563CP22715,3,9,0,3,0,1,0,0,0,0,0,1,6,3,-1,-1,-1,-1,-1,-1,-1,-1
201563CP22715,4,9,0,3,0,1,0,0,0,0,0,1,6,3,-1,-1,-1,-1,-1,-1,-1,-1
201563CP22815,1,9,0,18,0,2,0,0,0,0,1,1,1,2,47,8,-1,-1,-1,-1,2,-1
201563CP22815,2,11,0,2,0,1,0,0,0,0,0,1,1,1,55,8,-1,-1,-1,-1,3,-1
201563CP22915,1,9,0,4,0,1,0,0,0,0,2,1,1,1,46,8,-1,-1,-1,-1,3,-1
201563CP22915,2,9,0,18,0,1,0,0,0,0,1,1,6,2,22,5,-1,-1,-1,-1,1,-1
201563CP23015,1,9,0,18,0,1,1,0,7,0,1,1,6,1,72,10,-1,-1,-1,-1,3,-1
201563CP23015,2,9,0,10,0,1,0,0,0,0,2,1,6,1,17,4,-1,-1,-1,-1,3,-1
201563CP23115,1,9,0,17,0,0,1,0,8,10,1,1,6,1,27,6,-1,-1,-1,-1,3,-1
201563CP23215,1,9,0,4,0,1,1,0,0,0,1,1,6,2,48,8,-1,-1,-1,-1,2,-1
201563CP23215,2,9,0,3,0,1,0,0,0,0,2,1,6,2,45,7,-1,-1,-1,-1,1,-1
201563CP23315,1,9,0,17,0,2,0,0,1,0,1,1,6,2,74,10,-1,-1,-1,-1,3,-1
201563CP23415,1,9,0,17,0,0,1,0,7,10,1,1,6,1,23,5,-1,-1,-1,-1,1,-1
201563CP23515,1,9,0,18,0,0,0,0,0,0,1,1,6,2,37,7,-1,-1,-1,-1,1,-1
201563CP23515,2,9,0,18,0,0,0,0,0,0,2,1,6,1,68,10,-1,-1,-1,-1,2,-1
201563CP23515,3,9,0,3,0,0,0,0,0,0,0,1,6,3,-1,-1,-1,-1,-1,-1,-1,-1
201563CP23615,1,9,0,18,0,0,2,0,8,10,1,1,6,2,34,6,-1,-1,-1,-1,1,-1
201563CP23715,1,19,0,17,0,0,0,0,0,0,0,1,1,1,42,7,-1,-1,-1,-1,2,-1
201563CP23715,2,9,0,18,0,0,0,0,0,0,1,1,1,2,26,6,-1,-1,-1,-1,2,-1
201563CP23815,1,9,0,18,0,0,0,0,0,0,1,1,6,1,73,10,-1,-1,-1,-1,3,-1
201563CP23815,2,17,0,2,0,0,0,0,0,0,3,1,1,1,20,4,-1,-1,-1,-1,1,-1
201563CP23915,1,19,0,18,0,2,0,0,0,0,1,1,6,1,55,8,-1,-1,-1,-1,1,-1
201563CP23915,2,1,0,18,0,1,0,0,0,0,1,1,6,1,25,5,-1,-1,-1,-1,1,-1
201563CP24015,1,5,0,4,0,1,0,0,0,0,1,1,6,1,71,10,-1,-1,-1,-1,1,-1
201563CP24015,2,5,0,3,0,1,0,0,0,0,2,1,6,1,64,9,-1,-1,-1,-1,1,-1
201563CP24015,3,9,0,18,0,1,0,0,0,0,0,1,6,3,-1,-1,-1,-1,-1,-1,-1,-1
201563CP24115,1,3,0,18,0,1,1,0,0,0,1,1,6,1,17,4,-1,-1,-1,-1,3,-1
201563CP24115,2,9,0,10,0,1,0,0,0,0,2,1,6,2,60,9,-1,-1,-1,-1,3,-1
201563CP24115,3,9,0,14,0,8,0,0,0,0,0,1,6,3,-1,-1,-1,-1,-1,-1,-1,-1
201563CP24215,1,9,0,18,0,0,1,0,1,4,1,1,6,1,20,4,-1,-1,-1,-1,2,-1
201563CP24315,1,19,0,18,0,1,0,0,0,0,1,1,1,1,35,6,-1,-1,-1,-1,1,-1
201563CP24315,2,9,0,3,0,1,0,0,0,0,2,1,6,2,20,4,-1,-1,-1,-1,2,-1
201563CP24315,3,9,0,9,0,5,0,0,0,0,0,1,6,3,-1,-1,-1,-1,-1,-1,-1,-1
201563CP24415,1,9,0,5,0,1,0,0,0,0,3,1,6,1,61,9,-1,-1,-1,-1,1,-1
201563CP24415,2,11,0,18,0,1,0,0,0,0,1,1,6,1,52,8,-1,-1,-1,-1,2,-1
201563CP24515,1,9,0,18,0,0,0,0,8,7,3,1,6,1,31,6,-1,-1,-1,-1,2,-1
201563CP24615,1,9,0,18,0,2,0,0,0,0,4,1,6,2,24,5,-1,-1,-1,-1,3,-1
201563CP24615,2,9,0,18,0,1,0,0,0,0,1,1,6,1,45,7,-1,-1,-1,-1,1,-1
201563CP24715,1,9,0,18,0,1,0,0,0,0,1,1,6,1,19,4,-1,-1,-1,-1,2,-1
201563CP24715,2,9,0,18,0,1,0,0,0,0,2,1,6,2,23,5,-1,-1,-1,-1,2,-1
201563CP24715,3,9,0,10,0,1,0,0,0,2,2,1,6,2,28,6,-1,-1,-1,-1,3,-1
201563CP24815,1,2,0,18,0,0,1,10,0,0,3,1,6,2,16,4,-1,-1,-1,-1,3,-1
201563CP24915,1,9,0,17,0,0,2,0,8,10,1,1,6,1,42,7,-1,-1,-1,-1,2,-1
201563CP25015,1,9,0,3,0,1,0,0,0,0,2,1,6,1,31,6,-1,-1,-1,-1,-1,-1
201563CP25015,2,9,0,3,0,1,0,0,0,0,2,1,6,1,20,4,-1,-1,-1,-1,3,-1
201563CP25015,3,9,0,18,0,1,0,0,0,0,1,1,6,1,74,10,-1,-1,-1,-1,3,-1
201563CP25015,4,9,0,10,0,5,0,0,0,0,0,1,6,3,-1,-1,-1,-1,-1,-1,-1,-1
201563CP25115,1,9,0,18,0,0,0,0,7,10,1,1,6,1,30,6,-1,-1,-1,-1,1,-1
201563CP25215,1,9,0,18,0,5,1,0,0,0,0,1,1,2,25,5,-1,-1,-1,-1,-1,-1
201563CP25215,2,9,0,18,0,1,0,0,0,0,0,1,6,3,-1,-1,-1,-1,-1,-1,-1,-1
201563CP25315,1,9,0,16,0,0,0,0,0,0,1,1,6,2,17,4,-1,-1,-1,-1,3,-1
201563CP25315,2,9,0,17,0,0,0,0,0,0,1,1,6,2,55,8,-1,-1,-1,-1,1,-1
201563CP25415,1,9,0,16,0,0,1,0,8,10,1,1,6,1,41,7,-1,-1,-1,-1,1,-1
201563CP25515,1,9,0,16,0,0,1,0,0,0,1,1,6,1,18,4,-1,-1,-1,-1,1,-1
201563CP25515,2,19,0,17,0,0,0,0,0,0,1,1,1,1,42,7,-1,-1,-1,-1,1,-1
201563CP25615,1,9,0,9,0,1,0,0,0,0,4,1,6,1,85,11,-1,-1,-1,-1,2,-1
201563CP25615,2,9,0,18,0,8,0,0,0,0,1,1,6,1,26,6,-1,-1,-1,-1,2,-1
201563CP25715,1,9,0,18,0,0,0,0,0,0,1,1,6,1,32,6,-1,-1,-1,-1,1,-1
201563CP25715,2,5,0,3,0,0,0,0,0,0,2,1,6,1,39,7,-1,-1,-1,-1,3,-1
201563CP25715,3,9,0,18,0,0,0,0,0,0,0,1,6,3,-1,-1,-1,-1,-1,-1,-1,-1
201563CP25815,1,9,0,18,0,8,0,0,0,0,3,1,6,1,50,8,-1,-1,-1,-1,3,-1
201563CP25915,1,3,0,16,0,0,1,0,0,0,3,1,6,1,22,5,-1,-1,-1,-1,2,-1
201563CP26015,1,9,0,7,0,1,0,0,0,0,3,1,6,1,73,10,-1,-1,-1,-1,1,-1
201563CP26115,1,9,0,8,0,1,0,0,0,0,1,1,6,1,19,4,-1,-1,-1,-1,2,-1
201563CP26115,2,9,0,7,0,1,0,0,0,0,2,1,6,2,55,8,-1,-1,-1,-1,2,-1
201563CP26215,1,9,0,18,0,8,0,0,0,0,4,1,6,2,63,9,-1,-1,-1,-1,3,-1
201563CP26215,2,9,0,18,0,8,0,0,0,0,4,1,1,1,54,8,-1,-1,-1,-1,1,-1
201563CP26315,1,9,0,17,0,0,2,0,0,0,1,1,2,2,19,4,-1,-1,-1,-1,-1,-1
201563CP26415,1,9,0,18,0,1,0,0,0,0,4,1,6,2,50,8,-1,-1,-1,-1,1,-1
201563CP26515,1,19,0,18,0,8,0,0,0,0,1,1,1,1,45,7,-1,-1,-1,-1,1,-1
201563CP26515,2,9,0,10,0,8,0,0,0,0,2,1,1,1,27,6,-1,-1,-1,-1,1,-1
201563CP26615,1,9,0,18,0,3,0,0,0,0,1,1,6,1,49,8,-1,-1,-1,-1,3,-1
201563CP26715,1,9,0,18,0,0,1,0,1,4,1,1,6,2,38,7,-1,-1,-1,-1,1,-1
201563CP26815,1,9,0,18,0,0,2,0,8,10,1,1,6,1,18,4,-1,-1,-1,-1,3,-1
201563CP26915,1,9,0,10,0,0,0,0,0,0,2,1,6,2,48,8,-1,-1,-1,-1,3,-1
201563CP26915,2,9,0,18,0,0,0,0,0,0,1,1,6,2,56,9,-1,-1,-1,-1,3,-1
201563CP26915,3,9,0,18,0,0,1,0,0,0,1,1,6,2,35,6,-1,-1,-1,-1,1,-1
201563CP27015,1,9,0,5,0,6,0,0,0,0,4,1,6,1,58,9,-1,-1,-1,-1,3,-1
201563CP27015,2,19,0,13,0,1,1,0,0,0,1,1,6,1,20,4,-1,-1,-1,-1,3,-1
201563CP27015,3,5,0,18,0,1,0,0,0,0,0,1,6,3,-1,-1,-1,-1,-1,-1,-1,-1
201563CP27115,1,9,0,8,0,0,0,0,0,0,0,1,6,2,46,8,-1,-1,-1,-1,3,-1
201563CP27115,2,9,0,7,0,0,1,0,0,0,0,1,6,1,39,7,-1,-1,-1,-1,3,-1
201563CP27215,1,9,0,18,0,0,0,0,0,0,1,1,6,1,20,4,-1,-1,-1,-1,3,-1
201563CP27315,1,9,0,18,0,1,0,0,1,10,1,1,6,1,47,8,-1,-1,-1,-1,3,-1
201563CP27315,2,9,0,2,6,1,0,0,0,0,2,1,6,1,35,6,-1,-1,-1,-1,3,-1
201563CP27415,1,9,0,18,0,0,0,4,0,0,1,1,6,1,83,11,-1,-1,-1,-1,3,-1
201563CP27415,2,9,0,4,0,0,0,0,0,0,2,1,6,2,52,8,-1,-1,-1,-1,3,-1
201563CP27515,1,9,0,18,0,1,0,0,0,0,1,1,6,1,39,7,-1,-1,-1,-1,1,-1
201563CP27515,2,9,0,9,0,1,0,0,0,0,3,1,6,2,20,4,-1,-1,-1,-1,2,-1
201563CP27615,1,9,0,17,0,0,0,0,0,0,1,1,2,2,33,6,-1,-1,-1,-1,3,-1
201563CP27615,2,9,0,16,0,0,0,0,0,0,1,1,6,2,28,6,-1,-1,-1,-1,3,-1
201563CP27715,1,9,0,5,0,6,0,0,0,0,1,1,1,2,57,9,-1,-1,-1,-1,3,-1
201563CP27715,2,9,0,18,0,1,0,0,0,0,1,1,6,1,77,11,-1,-1,-1,-1,3,-1
201563CP27715,3,9,0,2,0,1,0,0,0,0,0,1,6,3,-1,-1,-1,-1,-1,-1,-1,-1
201563CP27815,1,9,0,18,0,2,0,0,0,0,1,1,6,1,31,6,-1,-1,-1,-1,1,-1
201563CP27815,2,9,0,3,0,1,0,0,0,0,2,1,6,1,58,9,-1,-1,-1,-1,2,-1
201563CP27815,3,9,0,18,0,1,0,0,0,0,1,1,1,1,18,4,-1,-1,-1,-1,3,-1
201563CP27815,4,9,0,3,0,1,0,0,0,0,2,1,6,1,31,6,-1,-1,-1,-1,1,-1
201563CP27815,5,9,0,10,0,5,0,0,0,0,0,1,6,3,-1,-1,-1,-1,-1,-1,-1,-1
201563CP27815,6,9,0,3,0,1,0,0,0,0,0,1,6,3,-1,-1,-1,-1,-1,-1,-1,-1
201563CP27915,1,9,0,9,0,1,0,0,7,0,1,1,1,1,29,6,-1,-1,-1,-1,3,-1
201563CP27915,2,9,0,18,0,1,0,0,1,0,1,1,6,1,19,4,-1,-1,-1,-1,3,-1
201563CP27915,3,19,0,2,0,1,0,0,0,0,0,1,6,3,-1,-1,-1,-1,-1,-1,-1,-1
201563CP28015,1,9,0,17,0,0,2,0,1,0,4,1,2,1,26,6,-1,-1,-1,-1,3,-1
201563CP28115,1,20,0,18,0,0,5,0,0,0,1,1,1,1,64,9,-1,-1,-1,-1,2,-1
201563CP28215,1,9,0,17,0,0,1,0,0,0,1,1,6,1,21,5,-1,-1,-1,-1,3,-1
201563CP28315,1,9,0,18,0,3,0,0,0,0,1,1,6,1,-1,-1,-1,-1,-1,-1,2,-1
201563CP28315,2,19,0,18,0,4,0,0,0,0,1,1,6,1,21,5,-1,-1,-1,-1,2,-1
201563CP28415,1,19,0,18,0,1,1,4,0,0,1,1,6,1,42,7,-1,-1,-1,-1,3,-1
201563CP28415,2,21,0,4,0,1,0,10,1,0,2,1,2,1,39,7,-1,-1,-1,-1,3,-1
201563CP28515,1,9,0,18,0,0,0,0,0,0,1,1,1,2,37,7,-1,-1,-1,-1,3,-1