Accident_Index,Vehicle_Reference,Vehicle_Type,Towing_and_Articulation,Vehicle_Manoeuvre,Vehicle_Location-Restricted_Lane,Junction_Location,Skidding_and_Overturning,Hit_Object_in_Carriageway,Vehicle_Leaving_Carriageway,Hit_Object_off_Carriageway,1st_Point_of_Impact,Was_Vehicle_Left_Hand_Drive?,Journey_Purpose_of_Driver,Sex_of_Driver,Age_of_Driver,Age_Band_of_Driver,Engine_Capacity_(CC),Propulsion_Code,Age_of_Vehicle,Driver_IMD_Decile,Driver_Home_Area_Type,Vehicle_IMD_Decile
201563CP28615,1,9,0,18,0,0,0,0,0,0,1,1,6,2,18,4,-1,-1,-1,-1,3,-1
201563CP28615,2,9,0,3,0,0,0,0,0,0,2,1,6,1,31,6,-1,-1,-1,-1,1,-1
201563CP28715,1,9,0,18,0,2,0,0,0,0,1,1,6,2,23,5,-1,-1,-1,-1,2,-1
201563CP28715,2,9,0,3,0,2,0,0,0,0,2,1,6,1,31,6,-1,-1,-1,-1,3,-1
201563CP28815,1,9,0,18,0,1,0,0,0,0,4,1,1,2,51,8,-1,-1,-1,-1,2,-1
201563CP28815,2,9,0,18,0,1,0,0,0,0,3,1,2,1,25,5,-1,-1,-1,-1,3,-1
201563CP29015,1,9,0,18,0,0,0,0,0,0,1,1,3,1,69,10,-1,-1,-1,-1,3,-1
201563CP29015,2,9,0,2,0,0,0,0,0,0,0,1,6,3,-1,-1,-1,-1,-1,-1,-1,-1
201563CP29115,1,9,0,18,0,0,0,0,0,0,1,1,6,2,65,9,-1,-1,-1,-1,-1,-1
201563DP00115,1,9,0,18,9,0,0,0,7,4,3,1,6,1,18,4,-1,-1,-1,-1,2,-1
201563DP00215,1,9,0,17,0,0,2,0,7,0,0,1,1,2,22,5,-1,-1,-1,-1,3,-1
201563DP00315,1,9,0,18,0,0,1,0,0,0,1,1,6,2,47,8,-1,-1,-1,-1,2,-1
201563DP00315,2,9,0,18,0,0,0,0,0,0,1,1,1,1,53,8,-1,-1,-1,-1,3,-1
201563DP00415,1,9,0,18,0,0,0,0,0,0,1,1,6,1,75,10,-1,-1,-1,-1,3,-1
201563DP00515,1,9,0,3,0,1,0,0,0,0,1,1,6,2,23,5,-1,-1,-1,-1,1,-1
201563DP00615,1,9,0,17,0,0,2,0,8,4,1,1,6,1,59,9,-1,-1,-1,-1,3,-1
201563DP00715,1,9,0,18,0,0,2,0,1,10,1,1,2,2,26,6,-1,-1,-1,-1,2,-1
201563DP00815,1,9,0,17,0,0,1,0,7,1,1,1,6,2,55,8,-1,-1,-1,-1,3,-1
201563DP00915,1,9,0,4,0,5,0,0,0,0,1,1,6,1,44,7,-1,-1,-1,-1,3,-1
201563DP00915,2,9,0,18,0,2,1,0,0,0,1,1,6,1,75,10,-1,-1,-1,-1,3,-1
201563DP01015,1,9,0,18,0,1,0,0,0,0,4,1,6,1,21,5,-1,-1,-1,-1,-1,-1
201563DP01115,1,9,0,16,0,0,1,0,1,1,2,1,2,2,23,5,-1,-1,-1,-1,3,-1
201563DP01215,1,9,0,18,9,0,1,10,7,10,1,1,6,1,27,6,-1,-1,-1,-1,1,-1
201563DP01315,1,9,0,18,0,1,0,0,0,0,1,1,6,1,47,8,-1,-1,-1,-1,-1,-1
201563DP01315,2,9,0,18,0,1,0,0,0,0,1,1,6,1,23,5,-1,-1,-1,-1,1,-1
201563DP01415,1,9,0,16,0,0,2,0,0,0,3,1,6,1,55,8,-1,-1,-1,-1,3,-1
201563DP01515,1,9,0,18,0,0,2,0,7,7,1,1,6,2,18,4,-1,-1,-1,-1,3,-1
201563DP01615,1,9,0,17,0,0,1,0,7,10,1,1,2,2,22,5,-1,-1,-1,-1,3,-1
201563DP01715,1,9,0,16,0,0,1,0,0,0,1,1,6,1,37,7,-1,-1,-1,-1,3,-1
201563DP01715,2,9,0,17,0,0,0,0,0,0,1,1,6,1,38,7,-1,-1,-1,-1,3,-1
201563DP01815,1,1,0,18,0,0,1,0,0,0,0,1,1,1,29,6,-1,-1,-1,-1,2,-1
201563DP01915,1,9,0,16,0,0,0,0,7,10,3,1,6,1,54,8,-1,-1,-1,-1,1,-1
201563DP02015,1,9,0,18,0,0,5,0,1,0,0,1,6,1,53,8,-1,-1,-1,-1,3,-1
201563DP02115,1,9,0,18,0,0,1,0,0,0,1,1,6,1,50,8,-1,-1,-1,-1,3,-1
201563DP02115,2,9,0,4,0,0,0,0,0,0,2,1,4,1,19,4,-1,-1,-1,-1,3,-1
201563DP02215,1,9,0,17,0,0,1,0,1,3,1,1,6,1,66,10,-1,-1,-1,-1,-1,-1
201563DP02315,1,9,0,18,0,0,0,0,7,4,1,1,2,1,40,7,-1,-1,-1,-1,2,-1
201563DP02415,1,9,0,14,0,1,0,0,0,0,4,1,1,2,21,5,-1,-1,-1,-1,3,-1
201563DP02415,2,11,0,4,0,1,0,0,0,0,0,1,3,3,-1,-1,-1,-1,-1,-1,-1,-1
201563DP02515,1,9,0,17,0,0,5,0,2,3,4,1,6,1,79,11,-1,-1,-1,-1,1,-1
201563DP02615,1,9,0,16,0,1,2,0,0,0,3,1,6,1,19,4,-1,-1,-1,-1,2,-1
201563DP02715,1,9,0,18,0,0,2,0,0,0,1,1,2,2,44,7,-1,-1,-1,-1,2,-1
201563DP02815,1,9,0,9,0,6,0,0,0,0,3,1,6,2,72,10,-1,-1,-1,-1,1,-1
201563DP02815,2,9,4,18,0,8,0,0,0,0,1,1,1,1,64,9,-1,-1,-1,-1,3,-1
201563DP03015,1,9,0,9,0,1,0,0,0,0,1,1,6,1,24,5,-1,-1,-1,-1,2,-1
201563DP03015,2,9,0,18,0,1,0,0,0,0,1,1,6,2,39,7,-1,-1,-1,-1,3,-1
201563DP03115,1,9,0,18,9,1,0,0,1,10,1,1,6,2,32,6,-1,-1,-1,-1,3,-1
201563DP03215,1,9,0,17,0,0,1,0,1,0,1,1,6,2,19,4,-1,-1,-1,-1,3,-1
201563DP03315,1,9,0,17,0,0,2,0,1,9,1,1,6,1,62,9,-1,-1,-1,-1,2,-1
201563DP03415,1,3,0,17,0,0,1,0,0,0,0,1,6,1,55,8,-1,-1,-1,-1,3,-1
201563DP03515,1,9,0,1,0,5,0,0,0,0,2,1,6,2,46,8,-1,-1,-1,-1,3,-1
201563DP03515,2,9,0,3,0,1,0,0,0,0,1,1,6,2,54,8,-1,-1,-1,-1,3,-1
201563DP03615,1,9,0,9,0,6,0,0,0,0,1,1,6,2,52,8,-1,-1,-1,-1,2,-1
201563DP03615,2,19,0,18,0,1,0,0,7,0,1,1,1,1,35,6,-1,-1,-1,-1,3,-1
201563DP03715,1,9,0,9,0,5,0,0,0,0,1,1,6,1,82,11,-1,-1,-1,-1,3,-1
201563DP03715,2,9,0,18,0,1,0,0,0,0,1,1,6,2,56,9,-1,-1,-1,-1,3,-1
201563DP03815,1,9,0,17,0,0,1,0,1,1,1,1,6,1,27,6,-1,-1,-1,-1,-1,-1
201563DP03915,1,9,0,16,0,0,0,0,0,0,3,1,2,1,34,6,-1,-1,-1,-1,2,-1
201563DP04015,1,9,0,18,0,1,0,0,0,0,1,1,6,2,38,7,-1,-1,-1,-1,3,-1
201563DP04015,2,9,0,9,0,1,0,0,0,0,2,1,2,1,31,6,-1,-1,-1,-1,3,-1
201563DP04115,1,9,0,16,0,0,2,0,0,0,1,1,6,1,17,4,-1,-1,-1,-1,1,-1
201563DP04115,2,9,0,18,0,0,0,0,1,10,1,1,6,1,69,10,-1,-1,-1,-1,1,-1
201563DP04215,1,19,0,18,0,1,1,0,0,0,1,1,1,1,35,6,-1,-1,-1,-1,3,-1
201563DP04215,2,9,0,4,0,1,1,10,7,0,2,1,6,2,22,5,-1,-1,-1,-1,3,-1
201563DP04215,3,9,0,7,0,5,0,0,1,0,0,1,6,1,60,9,-1,-1,-1,-1,3,-1
201563DP04315,1,9,0,16,0,0,2,0,0,0,1,1,6,1,17,4,-1,-1,-1,-1,2,-1
201563DP04415,1,5,5,18,0,0,0,0,1,0,1,1,6,1,72,10,-1,-1,-1,-1,1,-1
201563DP04515,1,19,0,18,0,0,0,0,0,0,1,1,1,1,38,7,-1,-1,-1,-1,1,-1
201563DP04515,2,21,0,4,0,0,0,0,0,0,2,1,6,1,44,7,-1,-1,-1,-1,-1,-1
201563DP04515,3,11,0,3,0,0,0,0,0,0,0,1,6,3,-1,-1,-1,-1,-1,-1,-1,-1
201563DP04615,1,9,0,18,0,0,1,7,6,6,1,1,6,1,40,7,-1,-1,-1,-1,1,-1
201563DP04715,1,5,0,17,0,1,0,0,1,0,3,1,6,1,50,8,-1,-1,-1,-1,3,-1
201563DP04815,1,9,0,18,0,0,1,0,1,0,1,1,2,2,22,5,-1,-1,-1,-1,2,-1
201563DP04915,1,9,0,17,0,0,2,0,1,0,1,1,1,2,18,4,-1,-1,-1,-1,3,-1
201563DP05015,1,9,0,18,0,0,5,0,8,4,1,1,6,1,38,7,-1,-1,-1,-1,2,-1
201563DP05115,1,9,0,15,0,0,2,10,7,9,1,1,6,1,19,4,-1,-1,-1,-1,3,-1
201563DP05115,2,9,0,18,0,0,0,0,0,0,0,1,6,3,-1,-1,-1,-1,-1,-1,-1,-1
201563DP05115,3,9,0,18,0,0,0,0,0,0,0,1,6,3,-1,-1,-1,-1,-1,-1,-1,-1
201563DP05215,1,9,0,3,0,0,0,0,0,0,2,1,6,2,70,10,-1,-1,-1,-1,3,-1
201563DP05215,2,9,0,18,0,0,0,0,0,0,1,1,1,1,53,8,-1,-1,-1,-1,3,-1
201563DP05315,1,9,0,18,0,1,2,0,1,4,1,1,6,1,28,6,-1,-1,-1,-1,3,-1
201563DP05415,1,9,0,16,0,0,2,0,1,4,1,1,6,1,22,5,-1,-1,-1,-1,3,-1
201563DP05515,1,9,0,18,0,0,0,0,0,0,1,1,6,2,22,5,-1,-1,-1,-1,2,-1
201563DP05515,2,19,0,18,0,0,0,0,0,0,2,1,1,1,44,7,-1,-1,-1,-1,1,-1
201563DP05715,1,9,0,18,0,1,0,0,0,0,0,1,6,3,-1,-1,-1,-1,-1,-1,-1,-1
201563DP05815,1,9,0,18,0,1,1,0,0,0,1,1,2,1,41,7,-1,-1,-1,-1,1,-1
201563DP05815,2,21,0,1,0,6,0,0,0,0,3,1,1,1,44,7,-1,-1,-1,-1,3,-1
201563DP05915,1,9,0,13,0,0,0,0,0,0,2,1,2,2,51,8,-1,-1,-1,-1,3,-1
201563DP05915,2,9,0,18,0,0,0,0,0,0,1,1,6,2,28,6,-1,-1,-1,-1,3,-1
201563DP05915,3,21,0,18,0,0,0,0,0,0,0,1,6,3,-1,-1,-1,-1,-1,-1,-1,-1
201563DP06015,1,9,0,18,0,0,2,0,0,0,0,1,6,1,18,4,-1,-1,-1,-1,3,-1
201563DP06115,1,9,0,18,0,1,0,0,0,0,1,1,6,2,30,6,-1,-1,-1,-1,1,-1
201563DP06115,2,9,0,3,0,1,0,0,0,0,2,1,6,1,32,6,-1,-1,-1,-1,1,-1
201563DP06115,3,9,0,3,0,1,0,0,0,0,2,1,6,2,31,6,-1,-1,-1,-1,1,-1
201563DP06115,4,9,0,3,0,1,0,0,0,0,0,1,6,3,-1,-1,-1,-1,-1,-1,-1,-1
201563DP06215,1,9,0,18,0,0,5,0,7,4,3,1,6,1,27,6,-1,-1,-1,-1,1,-1
201563DP06315,1,19,0,9,0,1,0,0,0,0,4,1,1,2,47,8,-1,-1,-1,-1,3,-1
201563DP06315,2,9,0,18,0,1,1,0,0,0,1,1,6,2,62,9,-1,-1,-1,-1,3,-1
201563DP06415,1,9,0,18,0,6,0,0,0,0,1,1,6,2,64,9,-1,-1,-1,-1,2,-1
201563DP06415,2,1,0,4,0,2,0,0,0,0,3,1,6,1,54,8,-1,-1,-1,-1,2,-1
201563DP06515,1,9,0,16,0,0,0,0,7,10,1,1,6,2,67,10,-1,-1,-1,-1,1,-1
201563DP06615,1,9,0,18,0,1,5,0,1,10,1,1,6,1,47,8,-1,-1,-1,-1,2,-1
201563DP06615,2,9,0,2,6,1,0,0,0,0,3,1,6,2,56,9,-1,-1,-1,-1,2,-1
201563DP06615,3,19,0,2,6,1,0,0,0,0,3,1,6,1,58,9,-1,-1,-1,-1,2,-1
201563DP06715,1,9,0,17,0,0,1,0,1,9,2,1,6,1,19,4,-1,-1,-1,-1,1,-1
201563DP06815,1,9,0,17,0,0,5,0,1,0,4,1,2,1,27,6,-1,-1,-1,-1,2,-1
201563DP06915,1,9,0,18,0,0,0,0,0,0,1,1,6,1,67,10,-1,-1,-1,-1,1,-1
201563DP06915,2,9,4,18,0,0,3,0,7,0,1,1,1,1,66,10,-1,-1,-1,-1,3,-1
201563DP07015,1,9,0,5,0,6,0,0,0,0,1,1,6,1,91,11,-1,-1,-1,-1,3,-1
201563DP07015,2,19,0,18,0,1,0,0,0,0,1,1,1,2,46,8,-1,-1,-1,-1,2,-1
201563DP07115,1,9,0,9,0,1,1,0,0,0,2,1,6,2,20,4,-1,-1,-1,-1,1,-1
201563DP07115,2,5,0,18,0,1,1,0,0,0,1,1,6,1,66,10,-1,-1,-1,-1,2,-1
201563DP07115,3,9,0,18,0,1,0,0,0,0,0,1,6,2,48,8,-1,-1,-1,-1,1,-1
201563DP07215,1,9,0,18,0,0,0,0,0,0,1,1,1,1,52,8,-1,-1,-1,-1,3,-1
201563DP07215,2,9,0,18,0,0,0,0,0,0,0,1,6,1,44,7,-1,-1,-1,-1,3,-1
201563DP07415,1,5,0,18,0,0,0,0,0,0,1,1,6,1,45,7,-1,-1,-1,-1,3,-1
201563DP07415,2,9,0,18,0,0,0,0,0,0,2,1,6,2,54,8,-1,-1,-1,-1,3,-1
201563DP07415,3,9,0,18,0,0,0,0,0,0,0,1,6,1,45,7,-1,-1,-1,-1,1,-1
201563DP07515,1,90,0,18,0,1,0,0,7,10,1,1,1,1,63,9,-1,-1,-1,-1,3,-1
201563DP07615,1,9,0,5,0,6,0,0,1,0,1,1,1,2,39,7,-1,-1,-1,-1,1,-1
201563DP07615,2,21,0,18,0,1,1,0,0,0,1,1,1,1,44,7,-1,-1,-1,-1,1,-1
201563DP07715,1,9,0,18,0,1,0,0,0,0,1,1,6,1,65,9,-1,-1,-1,-1,1,-1
201563DP07715,2,17,0,7,0,1,0,0,0,0,1,1,1,1,29,6,-1,-1,-1,-1,3,-1
201563DP07715,3,9,0,18,0,1,0,0,0,0,0,1,6,3,-1,-1,-1,-1,-1,-1,-1,-1
201563DP07815,1,21,0,18,0,1,0,0,0,0,1,1,1,1,49,8,-1,-1,-1,-1,1,-1
201563DP07815,2,9,0,3,0,1,0,0,0,0,2,1,6,2,39,7,-1,-1,-1,-1,1,-1
201563DP07815,3,9,0,10,0,5,0,0,0,0,0,1,6,3,-1,-1,-1,-1,-1,-1,-1,-1
201563DP07915,1,9,0,9,0,5,0,0,0,0,4,1,6,2,55,8,-1,-1,-1,-1,1,-1
201563DP07915,2,9,0,18,0,1,0,0,0,0,1,1,2,2,53,8,-1,-1,-1,-1,3,-1
201563DP08015,1,21,0,17,0,0,0,0,0,0,1,1,1,1,63,9,-1,-1,-1,-1,1,-1
201563DP08015,2,19,4,16,0,0,3,0,0,0,1,1,1,1,38,7,-1,-1,-1,-1,1,-1
201563DP08115,1,90,0,5,0,6,0,0,7,0,1,1,6,1,84,11,-1,-1,-1,-1,2,-1
201563DP08115,2,9,0,18,0,8,0,0,0,0,1,1,6,1,61,9,-1,-1,-1,-1,1,-1
201563DP08215,1,9,0,18,0,0,1,0,0,0,1,1,6,2,30,6,-1,-1,-1,-1,3,-1
201563DP08215,2,9,0,18,0,0,0,0,0,0,1,1,6,1,78,11,-1,-1,-1,-1,3,-1
201563DP08315,1,9,0,9,0,1,0,0,0,0,1,1,6,2,21,5,-1,-1,-1,-1,3,-1
201563DP08315,2,9,0,18,0,1,0,0,0,0,1,1,6,1,47,8,-1,-1,-1,-1,3,-1
201563DP08415,1,9,0,18,0,0,5,0,0,0,3,1,6,1,44,7,-1,-1,-1,-1,1,-1
201563DP08515,1,20,0,18,0,1,5,0,0,0,1,1,1,1,57,9,-1,-1,-1,-1,1,-1
201563DP08515,2,21,0,18,0,1,0,0,1,0,1,1,1,1,65,9,-1,-1,-1,-1,1,-1
201563DP08615,1,9,0,18,0,0,0,0,7,4,1,1,6,1,27,6,-1,-1,-1,-1,1,-1
201563DP08715,1,9,0,18,0,0,0,0,0,0,3,1,1,2,49,8,-1,-1,-1,-1,3,-1
201563DP08715,2,9,0,18,0,0,0,0,0,0,3,1,1,2,63,9,-1,-1,-1,-1,3,-1
201563DP08815,1,5,0,18,0,0,0,0,1,4,0,1,6,1,48,8,-1,-1,-1,-1,1,-1
201563DP08915,1,9,0,9,0,1,0,0,0,0,1,1,6,1,78,11,-1,-1,-1,-1,3,-1
201563DP08915,2,9,0,18,0,1,0,0,0,0,1,1,6,2,43,7,-1,-1,-1,-1,3,-1
201563DP09015,1,1,0,18,0,0,0,0,0,0,0,1,6,2,56,9,-1,-1,-1,-1,-1,-1
201563DP09115,1,9,0,18,0,0,5,0,1,0,0,1,6,2,25,5,-1,-1,-1,-1,2,-1
201563DP09215,1,9,0,17,0,0,2,0,7,4,1,1,6,1,19,4,-1,-1,-1,-1,2,-1
201563DP09315,1,9,0,1,0,8,0,0,8,10,2,1,6,2,48,8,-1,-1,-1,-1,3,-1
201563DP09415,1,9,0,4,0,1,0,0,0,0,1,1,6,1,76,11,-1,-1,-1,-1,3,-1
201563DP09515,1,9,0,16,0,0,1,0,8,10,2,1,2,1,22,5,-1,-1,-1,-1,3,-1
201563DP09615,1,9,0,1,0,0,0,4,0,0,2,1,6,1,76,11,-1,-1,-1,-1,3,-1
201563DP09615,2,9,0,2,0,0,0,0,0,0,1,1,6,2,27,6,-1,-1,-1,-1,-1,-1
201563DP09715,1,2,0,18,0,4,1,0,0,0,0,1,6,1,16,4,-1,-1,-1,-1,3,-1
201563DP09815,1,9,4,10,0,5,0,0,0,0,3,1,1,1,76,11,-1,-1,-1,-1,3,-1
201563DP09815,2,5,0,14,0,1,1,10,7,9,4,1,6,1,69,10,-1,-1,-1,-1,1,-1
201563DP09915,1,9,0,17,0,0,5,0,0,0,1,1,6,2,36,7,-1,-1,-1,-1,1,-1
201563DP10015,1,3,0,17,0,0,0,0,0,0,3,1,6,1,28,6,-1,-1,-1,-1,2,-1
201563DP10015,2,19,0,16,0,0,0,0,0,0,3,1,6,3,-1,-1,-1,-1,-1,-1,-1,-1
201563DP10115,1,9,0,16,0,1,0,0,7,10,1,1,6,2,25,5,-1,-1,-1,-1,1,-1
201563DP10115,2,9,0,10,6,5,0,0,0,0,0,1,6,2,65,9,-1,-1,-1,-1,1,-1
201563DP10215,1,9,0,17,0,0,1,0,0,0,4,1,1,1,50,8,-1,-1,-1,-1,1,-1
201563DP10215,2,9,0,18,0,0,0,0,0,0,1,1,1,1,44,7,-1,-1,-1,-1,1,-1
201563DP10315,1,9,0,18,0,0,0,0,0,0,0,1,6,3,-1,-1,-1,-1,-1,-1,-1,-1
201563DP10315,2,1,0,18,0,0,0,0,1,10,1,1,6,1,57,9,-1,-1,-1,-1,1,-1
201563DP10415,1,5,0,17,0,0,1,0,0,0,4,1,6,1,52,8,-1,-1,-1,-1,1,-1
201563DP10515,1,9,0,9,0,6,0,0,0,0,1,1,6,2,56,9,-1,-1,-1,-1,2,-1
201563DP10515,2,9,0,18,0,1,1,0,0,0,1,1,6,2,38,7,-1,-1,-1,-1,3,-1
201563DP10615,1,9,0,9,0,1,0,0,0,0,2,1,6,1,44,7,-1,-1,-1,-1,1,-1
201563DP10615,2,5,0,18,0,1,1,0,0,0,1,1,6,1,62,9,-1,-1,-1,-1,1,-1
201563DP10715,1,9,0,18,0,0,0,0,0,0,4,1,6,2,74,10,-1,-1,-1,-1,1,-1
201563DP10815,1,9,0,9,0,8,0,0,0,0,1,1,6,1,76,11,-1,-1,-1,-1,1,-1
201563DP10815,2,9,0,18,0,8,0,0,0,0,1,1,2,2,26,6,-1,-1,-1,-1,1,-1
201563DP10915,1,9,0,18,0,0,0,0,7,0,1,1,6,1,18,4,-1,-1,-1,-1,3,-1
201563DP10915,2,9,0,18,0,0,0,0,0,0,1,1,6,1,51,8,-1,-1,-1,-1,2,-1
201563DP11015,1,9,0,18,0,1,0,0,7,0,1,1,6,1,84,11,-1,-1,-1,-1,3,-1
201563DP11015,2,9,0,9,0,1,0,0,0,0,3,1,6,2,62,9,-1,-1,-1,-1,3,-1
201563DP11115,1,5,0,13,0,1,1,0,0,0,1,1,6,1,65,9,-1,-1,-1,-1,1,-1
201563DP11115,2,9,0,9,0,1,0,0,0,0,3,1,6,2,32,6,-1,-1,-1,-1,1,-1
201563DP11215,1,9,0,18,0,5,0,0,7,10,2,1,6,1,43,7,-1,-1,-1,-1,3,-1
201563DP11215,2,9,0,18,0,1,1,0,0,0,1,1,6,1,24,5,-1,-1,-1,-1,3,-1
201563DP11315,1,9,0,16,0,0,5,0,7,10,1,1,6,1,17,4,-1,-1,-1,-1,3,-1
201563DP11315,2,9,0,17,0,0,0,0,0,0,0,1,6,3,-1,-1,-1,-1,-1,-1,-1,-1
201563DP11415,1,9,0,17,0,0,2,0,1,4,4,1,6,2,19,4,-1,-1,-1,-1,3,-1
201563DP11515,1,9,0,18,0,0,0,0,1,0,1,1,6,2,47,8,-1,-1,-1,-1,3,-1
201563DP11615,1,9,0,18,0,1,0,0,0,0,1,1,1,1,34,6,-1,-1,-1,-1,3,-1
201563DP11615,2,3,0,18,0,4,0,2,0,0,1,1,6,2,44,7,-1,-1,-1,-1,1,-1
201563DP11715,1,9,0,18,0,1,0,0,0,0,1,1,6,1,21,5,-1,-1,-1,-1,3,-1
201563DP11715,2,9,0,18,0,1,0,0,0,0,1,1,6,1,72,10,-1,-1,-1,-1,3,-1
201563DP11715,3,9,0,9,0,1,0,0,0,0,0,1,6,2,83,11,-1,-1,-1,-1,3,-1
201563DP11715,4,9,0,18,0,1,0,0,0,0,0,1,6,1,23,5,-1,-1,-1,-1,3,-1
201563DP11815,1,5,0,16,0,0,0,0,0,0,1,1,6,1,82,11,-1,-1,-1,-1,3,-1
201563DP11915,1,9,0,18,0,0,0,0,0,0,1,1,6,1,36,7,-1,-1,-1,-1,1,-1
201563DP12015,1,9,0,18,0,0,0,0,0,0,1,1,6,1,23,5,-1,-1,-1,-1,3,-1
201563DP12015,2,9,0,18,0,0,0,0,2,10,1,1,6,2,25,5,-1,-1,-1,-1,3,-1
201563DP12115,1,5,0,18,0,0,1,0,0,0,1,1,6,1,27,6,-1,-1,-1,-1,1,-1
201563DP12115,2,5,0,18,0,0,1,0,0,0,1,1,1,1,27,6,-1,-1,-1,-1,1,-1
201563DP12215,1,19,0,18,0,1,0,0,6,4,1,1,1,1,24,5,-1,-1,-1,-1,3,-1
201563DP12315,1,9,0,18,0,1,0,0,0,0,1,1,2,2,49,8,-1,-1,-1,-1,1,-1
201563DP12315,2,9,0,18,0,1,0,0,0,0,2,1,1,1,39,7,-1,-1,-1,-1,1,-1
201563DP12315,3,9,0,18,0,1,0,0,0,2,2,1,6,1,79,11,-1,-1,-1,-1,3,-1
201563DP12315,4,21,0,3,0,1,0,0,0,0,0,1,6,3,-1,-1,-1,-1,-1,-1,-1,-1
201563DP12415,1,9,0,18,0,1,0,0,0,0,1,1,1,1,27,6,-1,-1,-1,-1,1,-1
201563DP12415,2,10,0,3,0,1,0,0,0,0,2,1,1,1,72,10,-1,-1,-1,-1,1,-1
201563DP12415,3,9,0,9,0,5,0,0,0,0,0,1,6,3,-1,-1,-1,-1,-1,-1,-1,-1
201563DP12515,1,3,0,16,0,0,1,0,8,10,1,1,2,1,23,5,-1,-1,-1,-1,3,-1
201563DP12615,1,9,0,17,0,0,1,0,1,4,1,1,6,2,47,8,-1,-1,-1,-1,3,-1
201563DP12715,1,9,0,18,0,0,0,0,0,0,1,1,6,2,41,7,-1,-1,-1,-1,3,-1
201563DP12715,2,9,0,18,0,0,1,0,0,0,1,1,1,2,47,8,-1,-1,-1,-1,3,-1
201563DP12815,1,5,0,18,0,1,1,0,0,0,1,1,6,1,51,8,-1,-1,-1,-1,3,-1
201563DP12815,2,19,0,9,0,1,0,0,0,0,1,1,1,1,61,9,-1,-1,-1,-1,3,-1
201563DP12915,1,9,0,16,0,0,5,0,7,10,0,1,6,1,84,11,-1,-1,-1,-1,3,-1
201563DP13015,1,9,0,18,0,0,0,0,0,0,1,1,6,2,20,4,-1,-1,-1,-1,2,-1
201563DP13015,2,9,0,18,0,0,0,0,0,0,1,1,6,1,36,7,-1,-1,-1,-1,1,-1
201563DP13115,1,9,0,18,0,0,0,0,0,0,1,1,6,2,39,7,-1,-1,-1,-1,3,-1
201563DP13115,2,9,0,18,0,0,0,0,0,0,2,1,6,1,77,11,-1,-1,-1,-1,3,-1
201563DP13115,3,9,0,18,0,0,0,0,0,0,2,1,6,2,43,7,-1,-1,-1,-1,1,-1
201563DP13215,1,11,0,9,0,1,0,0,0,0,4,1,1,1,31,6,-1,-1,-1,-1,2,-1
201563DP13215,2,5,0,18,0,8,1,0,0,0,1,1,6,1,22,5,-1,-1,-1,-1,3,-1
201563DP13315,1,1,0,18,0,1,0,0,1,0,1,1,6,1,55,8,-1,-1,-1,-1,1,-1
201563DP13315,2,9,0,13,0,1,0,0,0,0,0,1,6,3,-1,-1,-1,-1,-1,-1,-1,-1
201563DP13315,3,9,0,13,0,1,0,0,0,0,0,1,6,3,-1,-1,-1,-1,-1,-1,-1,-1
201563DP13415,1,3,0,16,0,0,0,0,0,0,1,1,2,1,31,6,-1,-1,-1,-1,3,-1
201563DP13415,2,9,0,17,0,0,0,0,0,0,3,1,6,2,49,8,-1,-1,-1,-1,3,-1
201563DP13515,1,8,0,18,0,3,0,0,0,0,0,1,1,1,66,10,-1,-1,-1,-1,2,-1
201563DP13615,1,19,0,13,0,0,0,0,1,0,1,1,1,1,28,6,-1,-1,-1,-1,1,-1
201563DP13615,2,9,0,18,0,0,0,0,1,4,1,1,6,1,75,10,-1,-1,-1,-1,3,-1
201563DP13615,3,9,0,18,0,0,0,0,0,0,0,1,6,3,-1,-1,-1,-1,-1,-1,-1,-1
201563DP13715,1,9,0,5,0,6,0,0,0,0,1,1,6,2,27,6,-1,-1,-1,-1,1,-1
201563DP13715,2,9,0,18,0,1,1,0,0,0,1,1,6,1,52,8,-1,-1,-1,-1,3,-1
201563DP13815,1,3,0,16,0,0,0,0,0,0,1,1,6,1,25,5,-1,-1,-1,-1,1,-1
201563DP13815,2,9,0,18,0,0,1,0,0,0,1,1,6,2,60,9,-1,-1,-1,-1,3,-1
201563DP13815,3,17,4,18,0,0,0,0,0,0,0,1,6,3,-1,-1,-1,-1,-1,-1,-1,-1
201563DP14115,1,9,0,18,0,0,2,0,1,0,0,1,6,2,28,6,-1,-1,-1,-1,1,-1
201563DP14215,1,9,0,9,0,6,0,0,0,0,3,1,3,2,37,7,-1,-1,-1,-1,1,-1
201563DP14215,2,21,0,18,0,1,1,0,0,0,1,1,1,1,28,6,-1,-1,-1,-1,3,-1
201563DP14315,1,5,0,18,0,1,1,0,0,0,0,1,6,1,64,9,-1,-1,-1,-1,1,-1
201563DP14315,2,9,0,4,0,1,0,0,0,0,0,1,6,3,-1,-1,-1,-1,-1,-1,-1,-1
201563DP14415,1,9,0,18,0,0,0,0,0,0,1,1,6,2,49,8,-1,-1,-1,-1,-1,-1
201563DP14415,2,17,4,18,0,0,1,0,0,0,1,1,1,1,23,5,-1,-1,-1,-1,3,-1
201563DP14415,3,9,0,2,0,0,0,0,0,0,0,1,6,3,-1,-1,-1,-1,-1,-1,-1,-1
201563DP14515,1,5,0,18,0,0,1,0,0,0,1,1,6,1,44,7,-1,-1,-1,-1,1,-1
201563DP14515,2,9,0,18,0,0,1,0,0,0,1,1,6,1,54,8,-1,-1,-1,-1,1,-1
201563DP14515,3,9,0,18,0,0,0,0,0,0,0,1,6,3,-1,-1,-1,-1,-1,-1,-1,-1
201563DP14515,4,5,0,18,0,0,0,0,0,0,0,1,6,3,-1,-1,-1,-1,-1,-1,-1,-1
201563DP14515,5,5,0,18,0,0,0,0,0,0,0,1,6,3,-1,-1,-1,-1,-1,-1,-1,-1
201563DP14615,1,5,0,13,0,8,1,0,7,0,4,1,6,1,74,10,-1,-1,-1,-1,1,-1
201563DP14615,2,9,0,9,0,8,0,0,0,0,3,1,6,1,68,10,-1,-1,-1,-1,2,-1
201563DP14715,1,5,0,18,0,0,1,0,0,0,1,1,6,1,59,9,-1,-1,-1,-1,-1,-1
201563DP14715,2,9,0,18,0,0,1,0,0,0,1,1,6,2,22,5,-1,-1,-1,-1,3,-1
201563DP14815,1,9,0,18,0,8,0,0,0,0,3,1,6,1,64,9,-1,-1,-1,-1,1,-1