Accident_Index,Vehicle_Reference,Vehicle_Type,Towing_and_Articulation,Vehicle_Manoeuvre,Vehicle_Location-Restricted_Lane,Junction_Location,Skidding_and_Overturning,Hit_Object_in_Carriageway,Vehicle_Leaving_Carriageway,Hit_Object_off_Carriageway,1st_Point_of_Impact,Was_Vehicle_Left_Hand_Drive?,Journey_Purpose_of_Driver,Sex_of_Driver,Age_of_Driver,Age_Band_of_Driver,Engine_Capacity_(CC),Propulsion_Code,Age_of_Vehicle,Driver_IMD_Decile,Driver_Home_Area_Type,Vehicle_IMD_Decile
201563DP14915,1,9,0,18,0,0,1,0,0,0,1,1,6,1,76,11,-1,-1,-1,-1,3,-1
201563DP14915,2,9,0,18,0,0,0,0,0,0,2,1,6,1,51,8,-1,-1,-1,-1,1,-1
201563DP14915,3,9,0,18,0,0,0,0,0,0,2,1,6,1,48,8,-1,-1,-1,-1,1,-1
201563DP14915,4,9,0,3,0,0,0,0,0,0,0,1,6,3,-1,-1,-1,-1,-1,-1,-1,-1
201563DP15115,1,4,0,18,0,3,0,0,0,0,0,1,6,2,57,9,-1,-1,-1,-1,1,-1
201563DP15215,1,5,0,18,0,0,0,0,0,0,0,1,6,1,65,9,-1,-1,-1,-1,1,-1
201563DP15215,2,9,0,3,0,0,0,0,0,0,0,1,6,3,-1,-1,-1,-1,-1,-1,-1,-1
201563DP15315,1,9,0,18,9,0,0,0,7,10,1,1,2,1,46,8,-1,-1,-1,-1,1,-1
201563DP15515,1,9,0,17,0,0,0,0,0,0,1,1,2,1,48,8,-1,-1,-1,-1,2,-1
201563DP15515,2,9,0,18,0,0,0,0,1,0,1,1,6,2,25,5,-1,-1,-1,-1,1,-1
201563DP15615,1,9,0,16,0,0,0,0,0,0,0,1,6,1,46,8,-1,-1,-1,-1,3,-1
201563DP15715,1,9,0,18,0,0,0,0,2,4,4,1,6,2,69,10,-1,-1,-1,-1,2,-1
201563DP15815,1,9,0,18,0,0,2,0,7,0,1,1,1,2,40,7,-1,-1,-1,-1,3,-1
201563DP15915,1,9,0,18,0,0,0,0,0,0,0,1,6,3,-1,-1,-1,-1,-1,-1,-1,-1
201563DP15915,2,9,0,18,0,0,5,0,8,10,1,1,6,1,53,8,-1,-1,-1,-1,3,-1
201563DP16015,1,1,0,18,0,8,0,0,0,0,1,1,6,1,15,3,-1,-1,-1,-1,3,-1
201563DP16015,2,19,0,18,0,8,0,0,0,0,1,1,1,1,29,6,-1,-1,-1,-1,1,-1
201563DP16115,1,9,0,16,0,8,1,0,7,10,4,1,2,2,23,5,-1,-1,-1,-1,3,-1
201563DP16115,2,21,0,17,0,1,1,0,0,0,1,1,1,1,47,8,-1,-1,-1,-1,3,-1
201563DP16115,3,9,0,2,9,1,0,0,0,0,0,1,6,1,50,8,-1,-1,-1,-1,3,-1
201563DP16315,1,9,0,18,0,0,1,0,1,3,3,1,6,1,19,4,-1,-1,-1,-1,2,-1
201563DP16415,1,10,0,18,0,1,1,0,7,0,1,1,1,1,59,9,-1,-1,-1,-1,2,-1
201563DP16415,2,9,0,9,0,8,0,0,8,10,2,1,1,1,26,6,-1,-1,-1,-1,1,-1
201563DP16515,1,5,0,17,0,0,0,0,1,0,0,1,6,1,31,6,-1,-1,-1,-1,1,-1
201563DP16615,1,9,0,16,0,0,1,0,8,10,1,1,6,1,28,6,-1,-1,-1,-1,3,-1
201563DP16615,2,9,0,18,0,0,0,0,0,0,0,1,6,3,-1,-1,-1,-1,-1,-1,-1,-1
201563DP16715,1,9,0,16,0,0,0,0,7,0,1,1,6,1,66,10,-1,-1,-1,-1,2,-1
201563DP16715,2,19,0,18,0,0,1,0,0,0,1,1,2,1,48,8,-1,-1,-1,-1,1,-1
201563DP16715,3,9,0,18,0,0,0,0,1,0,3,1,6,1,19,4,-1,-1,-1,-1,3,-1
201563DP16715,4,9,0,4,0,0,0,0,0,0,1,1,6,2,45,7,-1,-1,-1,-1,3,-1
201563DP16715,5,9,0,18,0,0,0,0,0,0,0,1,6,2,47,8,-1,-1,-1,-1,3,-1
201563DP16815,1,5,0,17,0,0,0,0,1,0,0,1,6,1,45,7,-1,-1,-1,-1,1,-1
201563DP16915,1,9,0,17,0,0,5,0,8,10,1,1,6,1,18,4,-1,-1,-1,-1,3,-1
201563DP17015,1,9,0,18,0,8,0,0,0,0,3,1,6,1,63,9,-1,-1,-1,-1,-1,-1
201563DP17115,1,9,0,13,0,1,0,0,0,0,1,1,6,1,76,11,-1,-1,-1,-1,3,-1
201563DP17115,2,9,0,10,0,1,0,0,0,0,3,1,1,1,75,10,-1,-1,-1,-1,3,-1
201563DP17215,1,9,0,16,0,0,5,0,1,0,1,1,6,1,26,6,-1,-1,-1,-1,1,-1
201563DP17315,1,9,0,18,0,0,0,0,0,0,3,1,1,1,73,10,-1,-1,-1,-1,1,-1
201563DP17315,2,9,0,18,0,0,0,0,0,0,3,1,6,1,61,9,-1,-1,-1,-1,1,-1
201563DP17415,1,9,0,18,0,1,1,0,1,2,1,1,6,2,18,4,-1,-1,-1,-1,3,-1
201563DP17515,1,5,0,17,0,0,1,0,1,7,1,1,6,1,18,4,-1,-1,-1,-1,2,-1
201563DP17615,1,9,0,18,0,0,1,0,0,0,1,1,6,2,36,7,-1,-1,-1,-1,1,-1
201563DP17715,1,9,0,18,0,1,1,0,1,0,1,1,6,2,68,10,-1,-1,-1,-1,3,-1
201563DP17715,2,9,0,3,0,1,0,0,0,0,2,1,2,2,46,8,-1,-1,-1,-1,3,-1
201563DP17715,3,9,0,18,0,1,1,0,1,7,1,1,6,2,49,8,-1,-1,-1,-1,3,-1
201563DP17815,1,5,0,17,0,8,1,0,0,0,1,1,6,1,58,9,-1,-1,-1,-1,1,-1
201563DP17915,1,5,0,16,0,0,1,0,7,9,1,1,6,1,49,8,-1,-1,-1,-1,1,-1
201563DP17915,2,10,0,17,0,0,1,0,1,9,1,1,6,1,53,8,-1,-1,-1,-1,1,-1
201563DP18015,1,1,0,18,0,0,0,0,1,0,0,1,6,1,60,9,-1,-1,-1,-1,1,-1
201563DP18115,1,9,0,18,0,1,0,0,0,0,4,1,6,3,-1,-1,-1,-1,-1,-1,-1,-1
201563DP18115,2,1,0,18,0,1,0,0,0,0,1,1,2,1,27,6,-1,-1,-1,-1,1,-1
201563DP18215,1,19,0,18,0,0,0,0,0,1,1,1,6,1,63,9,-1,-1,-1,-1,2,-1
201563DP18215,2,9,0,18,0,0,0,0,0,0,3,1,2,1,25,5,-1,-1,-1,-1,1,-1
201563DP18315,1,9,0,18,0,0,2,0,7,4,4,1,1,1,24,5,-1,-1,-1,-1,-1,-1
201563DP18415,1,9,0,18,0,0,0,0,0,3,3,1,6,1,37,7,-1,-1,-1,-1,1,-1
201563DP18415,2,5,0,13,0,0,0,0,0,0,1,1,6,1,27,6,-1,-1,-1,-1,1,-1
201563DP18415,3,9,0,3,0,0,0,0,0,0,0,1,6,3,-1,-1,-1,-1,-1,-1,-1,-1
201563DP18515,1,5,0,3,0,8,0,0,0,0,2,1,6,1,48,8,-1,-1,-1,-1,1,-1
201563DP18515,2,5,0,3,0,5,0,0,0,0,2,1,6,1,36,7,-1,-1,-1,-1,1,-1
201563DP18515,3,5,0,4,0,8,1,4,0,0,1,1,6,1,44,7,-1,-1,-1,-1,1,-1
201563DP18515,4,9,0,4,0,1,0,0,0,0,0,1,6,3,-1,-1,-1,-1,-1,-1,-1,-1
201563DP18615,1,9,0,18,0,0,0,0,1,10,1,1,6,1,29,6,-1,-1,-1,-1,1,-1
201563DP18615,2,9,0,18,0,0,1,0,0,0,1,1,6,2,18,4,-1,-1,-1,-1,3,-1
201563DP18715,1,9,0,16,0,0,2,0,0,0,0,1,6,1,29,6,-1,-1,-1,-1,2,-1
201563DP18815,1,9,0,13,0,0,0,0,7,0,1,1,6,1,34,6,-1,-1,-1,-1,2,-1
201563DP18915,1,90,0,9,0,1,2,0,0,0,3,1,6,1,60,9,-1,-1,-1,-1,2,-1
201563DP18915,2,9,0,18,0,1,0,0,4,0,1,1,6,1,17,4,-1,-1,-1,-1,1,-1
201563DP19015,1,5,0,13,0,8,1,0,7,0,3,1,6,1,49,8,-1,-1,-1,-1,3,-1
201563DP19015,2,9,0,9,0,5,1,0,0,0,3,1,6,1,67,10,-1,-1,-1,-1,3,-1
201563DP19115,1,9,0,18,0,1,0,0,0,0,4,1,6,1,37,7,-1,-1,-1,-1,1,-1
201563DP19115,2,1,0,18,0,6,0,0,0,0,1,1,6,2,29,6,-1,-1,-1,-1,1,-1
201563DP19215,1,9,0,18,0,1,1,0,0,0,1,1,6,2,36,7,-1,-1,-1,-1,3,-1
201563DP19215,2,9,0,18,0,1,0,0,0,0,2,1,6,2,37,7,-1,-1,-1,-1,1,-1
201563DP19215,3,9,0,9,0,1,0,0,0,0,2,1,2,1,46,8,-1,-1,-1,-1,3,-1
201563DP19315,1,9,0,17,0,1,2,0,0,0,0,1,6,2,18,4,-1,-1,-1,-1,3,-1
201563DP19315,2,9,0,16,0,1,0,0,0,0,0,1,6,2,69,10,-1,-1,-1,-1,3,-1
201563DP19415,1,9,0,12,0,0,0,0,0,0,3,1,6,2,58,9,-1,-1,-1,-1,3,-1
201563DP19415,2,9,0,18,0,0,0,0,0,0,4,1,6,1,19,4,-1,-1,-1,-1,2,-1
201563DP19515,1,9,0,1,0,1,0,0,0,0,2,1,6,1,23,5,-1,-1,-1,-1,-1,-1
201563DP19615,1,9,0,17,0,0,1,0,1,10,1,1,6,2,26,6,-1,-1,-1,-1,1,-1
201563DP19715,1,9,0,1,0,0,0,0,0,0,2,1,6,1,50,8,-1,-1,-1,-1,1,-1
201563DP19715,2,22,0,18,9,0,5,0,0,0,1,1,6,1,45,7,-1,-1,-1,-1,1,-1
201563DP19815,1,9,0,18,0,0,0,0,0,0,0,1,6,3,-1,-1,-1,-1,-1,-1,-1,-1
201563DP19915,1,9,0,3,0,0,0,2,0,0,1,1,6,1,21,5,-1,-1,-1,-1,3,-1
201563DP19915,2,9,0,3,0,0,0,0,0,0,2,1,6,2,40,7,-1,-1,-1,-1,3,-1
201563DP19915,3,9,0,4,0,0,0,0,0,0,0,1,6,3,-1,-1,-1,-1,-1,-1,-1,-1
201563DP19915,4,9,0,4,0,0,0,0,0,0,0,1,6,3,-1,-1,-1,-1,-1,-1,-1,-1
201563DP19915,5,9,0,18,0,0,0,0,0,0,0,1,6,3,-1,-1,-1,-1,-1,-1,-1,-1
201563DP20015,1,9,0,16,0,1,0,0,0,0,1,1,6,1,89,11,-1,-1,-1,-1,3,-1
201563DP20015,2,9,0,10,0,1,0,0,0,0,2,1,6,2,72,10,-1,-1,-1,-1,3,-1
201563DP20115,1,9,0,16,0,0,5,0,1,10,1,1,2,2,32,6,-1,-1,-1,-1,1,-1
201563DP20215,1,9,4,13,0,0,0,0,0,0,2,1,2,1,61,9,-1,-1,-1,-1,3,-1
201563DP20215,2,1,0,18,0,0,0,0,0,0,1,1,6,1,32,6,-1,-1,-1,-1,3,-1
201563DP20315,1,9,0,16,0,0,0,0,0,0,1,1,6,1,32,6,-1,-1,-1,-1,3,-1
201563DP20315,2,90,0,17,0,0,0,0,0,0,1,1,6,1,66,10,-1,-1,-1,-1,3,-1
201563DP20415,1,5,0,16,0,0,1,0,8,10,0,1,6,1,52,8,-1,-1,-1,-1,2,-1
201563DP20515,1,5,0,16,0,0,1,0,0,0,1,1,6,1,36,7,-1,-1,-1,-1,1,-1
201563DP20515,2,9,0,18,0,0,0,0,0,0,3,1,6,2,53,8,-1,-1,-1,-1,3,-1
201563DP20615,1,9,0,7,0,5,0,0,0,0,1,1,6,1,31,6,-1,-1,-1,-1,1,-1
201563DP20615,2,1,0,18,9,6,0,0,0,0,2,1,6,1,10,2,-1,-1,-1,-1,1,-1
201563DP20715,1,9,0,9,0,1,0,0,0,0,4,1,6,1,34,6,-1,-1,-1,-1,3,-1
201563DP20715,2,9,0,17,0,1,0,0,7,0,4,1,6,1,52,8,-1,-1,-1,-1,3,-1
201563DP20815,1,2,0,18,0,1,1,10,0,0,4,1,2,1,18,4,-1,-1,-1,-1,1,-1
201563DP20915,1,9,0,9,0,2,0,0,3,1,1,1,6,2,18,4,-1,-1,-1,-1,1,-1
201563DP21015,1,9,0,1,0,0,0,0,0,0,2,1,3,1,47,8,-1,-1,-1,-1,2,-1
201563DP21015,2,9,0,18,0,0,0,0,0,0,1,1,3,1,36,7,-1,-1,-1,-1,3,-1
201563DP21115,1,9,0,18,0,0,0,0,0,0,4,1,6,2,73,10,-1,-1,-1,-1,2,-1
201563DP21215,1,9,0,18,0,1,0,0,8,1,1,1,1,2,44,7,-1,-1,-1,-1,3,-1
201563DP21215,2,9,0,4,0,1,0,0,0,0,4,1,6,2,75,10,-1,-1,-1,-1,3,-1
201563DP21215,3,9,0,3,0,1,0,0,0,0,0,1,6,3,-1,-1,-1,-1,-1,-1,-1,-1
201563DP21315,1,9,0,16,0,0,5,0,1,10,1,1,6,2,26,6,-1,-1,-1,-1,1,-1
201563DP21415,1,9,0,18,0,1,0,0,0,0,1,1,6,1,80,11,-1,-1,-1,-1,2,-1
201563DP21415,2,9,0,3,0,1,0,0,0,0,2,1,6,1,51,8,-1,-1,-1,-1,1,-1
201563DP21415,3,9,0,10,0,5,0,0,0,0,0,1,2,1,58,9,-1,-1,-1,-1,1,-1
201563DP21415,4,9,0,18,0,1,0,0,0,0,1,1,6,1,74,10,-1,-1,-1,-1,1,-1
201563DP21515,1,4,0,17,0,0,1,0,2,7,1,1,6,2,28,6,-1,-1,-1,-1,3,-1
201563DP21615,1,9,0,18,0,1,0,0,0,0,1,1,6,2,33,6,-1,-1,-1,-1,3,-1
201563DP21615,2,9,0,10,0,1,0,0,0,0,2,1,3,1,47,8,-1,-1,-1,-1,2,-1
201563DP21715,1,9,0,18,0,0,0,0,0,0,1,1,2,2,57,9,-1,-1,-1,-1,3,-1
201563DP21715,2,9,0,18,0,0,0,0,1,0,1,1,6,2,25,5,-1,-1,-1,-1,1,-1
201563DP21715,3,9,0,18,0,0,0,0,0,0,0,1,6,2,54,8,-1,-1,-1,-1,1,-1
201563DP21815,1,9,0,9,0,8,0,0,0,0,1,1,6,3,-1,-1,-1,-1,-1,-1,-1,-1
201563DP21915,1,9,0,18,0,1,0,0,0,0,1,1,6,2,20,4,-1,-1,-1,-1,1,-1
201563DP21915,2,9,0,18,0,1,0,0,0,0,2,1,6,2,48,8,-1,-1,-1,-1,1,-1
201563DP21915,3,9,0,9,0,1,0,0,0,0,2,1,6,2,46,8,-1,-1,-1,-1,2,-1
201563DP22015,1,5,0,17,0,0,0,0,1,10,1,1,6,1,29,6,-1,-1,-1,-1,-1,-1
201563DP22115,1,5,0,18,0,0,0,12,7,0,1,1,6,1,57,9,-1,-1,-1,-1,2,-1
201563DP22215,1,9,0,17,0,0,0,0,1,10,1,1,6,2,28,6,-1,-1,-1,-1,1,-1
201563DP22315,1,17,4,9,0,2,0,0,0,0,3,1,1,1,41,7,-1,-1,-1,-1,3,-1
201563DP22315,2,1,0,18,0,2,0,0,0,0,1,1,6,1,6,2,-1,-1,-1,-1,3,-1
201563DP22415,1,9,0,18,0,0,0,0,0,0,1,1,6,1,63,9,-1,-1,-1,-1,3,-1
201563DP22415,2,19,0,18,0,0,0,0,0,0,1,1,6,1,-1,-1,-1,-1,-1,-1,-1,-1
201563DP22515,1,9,0,10,0,6,0,0,0,0,1,1,6,1,20,4,-1,-1,-1,-1,2,-1
201563DP22515,2,9,0,18,0,1,0,0,0,0,1,1,1,1,18,4,-1,-1,-1,-1,2,-1
201563DP22615,1,19,0,18,0,1,5,0,1,10,3,1,6,1,32,6,-1,-1,-1,-1,3,-1
201563DP22615,2,9,0,18,0,1,0,0,0,0,3,1,6,2,26,6,-1,-1,-1,-1,2,-1
201563DP22715,1,9,0,16,0,0,0,0,1,10,1,1,1,1,31,6,-1,-1,-1,-1,1,-1
201563DP22815,1,90,0,17,0,1,2,0,0,0,1,1,6,1,47,8,-1,-1,-1,-1,3,-1
201563DP22815,2,9,0,16,0,1,0,0,0,0,1,1,6,1,27,6,-1,-1,-1,-1,1,-1
201563DP22915,1,5,0,18,0,0,1,0,0,0,1,1,6,1,21,5,-1,-1,-1,-1,1,-1
201563DP23015,1,5,0,16,0,0,1,0,0,0,1,1,6,1,39,7,-1,-1,-1,-1,3,-1
201563DP23015,2,9,0,17,0,0,1,0,1,0,1,1,6,1,39,7,-1,-1,-1,-1,3,-1
201563DP23115,1,9,0,18,0,0,0,0,0,0,1,1,2,2,38,7,-1,-1,-1,-1,2,-1
201563DP23115,2,9,0,18,0,0,1,0,0,0,1,1,6,1,40,7,-1,-1,-1,-1,1,-1
201563DP23215,1,9,0,18,0,0,0,0,0,0,1,1,6,1,21,5,-1,-1,-1,-1,2,-1
201563DP23215,2,9,0,16,0,0,0,0,0,0,1,1,6,2,29,6,-1,-1,-1,-1,1,-1
201563DP23315,1,9,0,18,0,0,1,0,0,0,1,1,6,2,48,8,-1,-1,-1,-1,1,-1
201563DP23315,2,9,0,4,0,0,1,0,0,0,2,1,6,2,27,6,-1,-1,-1,-1,1,-1
201563DP23315,3,9,3,18,0,0,0,0,0,0,0,1,1,1,45,7,-1,-1,-1,-1,1,-1
201563DP23415,1,9,0,9,0,1,0,0,0,0,1,1,6,1,18,4,-1,-1,-1,-1,3,-1
201563DP23415,2,9,0,18,0,1,0,0,0,0,1,1,2,2,52,8,-1,-1,-1,-1,3,-1
201563DP23415,3,9,0,2,0,1,0,0,0,0,1,1,6,2,22,5,-1,-1,-1,-1,2,-1
201563DP23515,1,9,0,18,0,6,0,0,0,0,1,1,6,1,18,4,-1,-1,-1,-1,2,-1
201563DP23515,2,9,0,18,0,8,0,0,0,0,4,1,6,2,56,9,-1,-1,-1,-1,3,-1
201563DP23615,1,9,0,16,0,0,2,0,0,0,1,1,1,2,21,5,-1,-1,-1,-1,2,-1
201563DP23715,1,1,0,18,0,4,0,0,0,1,1,1,6,1,40,7,-1,-1,-1,-1,2,-1
201563DP23715,2,9,0,3,0,1,0,0,0,0,2,1,6,1,36,7,-1,-1,-1,-1,3,-1
201563DP23815,1,9,0,18,0,0,0,0,0,0,1,1,6,1,59,9,-1,-1,-1,-1,2,-1
201563DP23915,1,9,0,18,0,0,0,0,0,0,0,1,6,3,-1,-1,-1,-1,-1,-1,-1,-1
201563DP23915,2,4,0,18,0,0,1,0,0,0,1,1,6,1,45,7,-1,-1,-1,-1,1,-1
201563DP24015,1,5,0,18,0,0,1,0,2,10,1,1,6,1,60,9,-1,-1,-1,-1,1,-1
201563DP24015,2,5,0,18,0,0,0,0,0,0,1,1,6,1,56,9,-1,-1,-1,-1,1,-1
201563DP24015,3,5,0,13,0,0,0,0,0,0,0,1,6,3,-1,-1,-1,-1,-1,-1,-1,-1
201563DP24015,4,5,0,13,0,0,0,0,0,0,0,1,6,3,-1,-1,-1,-1,-1,-1,-1,-1
201563DP24115,1,1,0,18,0,1,0,0,2,10,1,1,6,1,16,4,-1,-1,-1,-1,3,-1
201563DP24115,2,9,0,18,0,1,0,10,0,0,1,1,6,1,36,7,-1,-1,-1,-1,-1,-1
201563DP24215,1,9,0,18,0,0,2,0,2,10,0,1,6,2,45,7,-1,-1,-1,-1,3,-1
201563DP24315,1,9,0,17,0,0,0,6,1,10,4,1,6,2,17,4,-1,-1,-1,-1,1,-1
201563DP24415,1,9,0,17,0,0,1,0,0,0,1,1,6,1,48,8,-1,-1,-1,-1,3,-1
201563DP24415,2,9,0,18,0,0,0,0,0,0,4,1,6,2,68,10,-1,-1,-1,-1,1,-1
201563DP24515,1,9,0,18,0,1,1,0,7,10,1,1,6,1,62,9,-1,-1,-1,-1,2,-1
201563DP24615,1,9,0,17,0,0,1,0,1,4,0,1,1,1,34,6,-1,-1,-1,-1,1,-1
201563DP24715,1,3,0,18,0,0,1,0,0,0,4,1,6,1,20,4,-1,-1,-1,-1,1,-1
201563DP24815,1,21,0,17,0,0,1,0,2,4,1,1,1,1,58,9,-1,-1,-1,-1,1,-1
201563DP24915,1,9,0,17,0,0,0,0,1,9,1,1,6,2,53,8,-1,-1,-1,-1,1,-1
201563DP25015,1,9,0,16,0,0,0,0,0,0,0,1,6,3,-1,-1,-1,-1,-1,-1,-1,-1
201563DP25015,2,3,0,17,0,0,1,0,0,0,1,1,6,1,28,6,-1,-1,-1,-1,3,-1
201563DP25115,1,9,0,18,0,1,1,0,0,0,1,1,6,1,86,11,-1,-1,-1,-1,3,-1
201563DP25115,2,9,0,18,0,1,1,0,0,0,2,1,6,1,44,7,-1,-1,-1,-1,1,-1
201563DP25215,1,19,0,18,0,0,0,0,0,0,0,1,6,3,-1,-1,-1,-1,-1,-1,-1,-1
201563DP25315,1,9,0,17,0,0,2,0,0,0,1,1,6,2,31,6,-1,-1,-1,-1,2,-1
201563DP25415,1,9,0,18,0,1,1,0,0,0,1,1,6,1,18,4,-1,-1,-1,-1,3,-1
201563DP25415,2,9,0,2,9,1,0,0,0,0,1,1,6,1,54,8,-1,-1,-1,-1,3,-1
201563DP25515,1,9,0,18,0,0,0,0,0,0,2,1,1,2,30,6,-1,-1,-1,-1,3,-1
201563DP25515,2,9,0,18,0,0,0,0,0,0,1,1,1,2,54,8,-1,-1,-1,-1,3,-1
201563DP25615,1,9,0,17,0,0,0,0,0,0,1,1,6,3,-1,-1,-1,-1,-1,-1,-1,-1
201563DP25615,2,9,0,16,0,0,0,0,0,0,3,1,6,1,19,4,-1,-1,-1,-1,2,-1
201563DP25715,1,9,0,16,0,0,1,0,0,0,1,1,6,1,31,6,-1,-1,-1,-1,1,-1
201563DP25715,2,9,0,17,0,0,0,0,0,0,1,1,6,2,57,9,-1,-1,-1,-1,3,-1
201563DP25815,1,9,0,18,0,1,0,0,0,0,1,1,6,1,37,7,-1,-1,-1,-1,3,-1
201563DP25815,2,3,0,10,0,1,0,0,0,0,2,1,6,1,73,10,-1,-1,-1,-1,1,-1
201563DP25915,1,9,3,18,0,1,0,0,0,0,1,1,6,1,70,10,-1,-1,-1,-1,1,-1
201563DP25915,2,9,0,18,0,1,0,0,0,0,2,1,6,1,75,10,-1,-1,-1,-1,1,-1
201563DP25915,3,9,0,9,0,5,0,0,0,0,0,1,6,3,-1,-1,-1,-1,-1,-1,-1,-1
201563DP25915,4,5,0,3,0,1,0,0,0,0,0,1,6,3,-1,-1,-1,-1,-1,-1,-1,-1
201563DP26015,1,9,0,18,0,0,0,0,1,10,1,1,6,2,20,4,-1,-1,-1,-1,3,-1
201563DP26115,1,8,0,18,0,1,0,4,0,0,1,1,1,1,56,9,-1,-1,-1,-1,2,-1
201563DP26115,2,9,0,9,0,5,0,0,0,0,2,1,6,2,44,7,-1,-1,-1,-1,1,-1
201563DP26115,3,9,0,18,0,1,0,0,0,0,0,1,6,3,-1,-1,-1,-1,-1,-1,-1,-1
201563DP26215,1,19,0,18,0,0,0,0,0,0,1,1,2,1,31,6,-1,-1,-1,-1,1,-1
201563DP26215,2,9,0,18,0,0,0,0,0,0,1,1,1,1,56,9,-1,-1,-1,-1,2,-1
201563DP26315,1,9,0,18,0,0,0,0,0,0,1,1,6,1,55,8,-1,-1,-1,-1,-1,-1
201563DP26315,2,9,0,18,0,0,0,0,0,0,1,1,6,1,57,9,-1,-1,-1,-1,3,-1
201563DP26415,1,9,0,4,0,1,0,0,0,0,2,1,3,2,50,8,-1,-1,-1,-1,3,-1
201563DP26415,2,9,0,4,0,1,0,0,0,0,2,1,6,1,53,8,-1,-1,-1,-1,2,-1
201563DP26415,3,9,0,18,0,1,0,0,0,0,1,1,6,2,44,7,-1,-1,-1,-1,3,-1
201563DP26515,1,9,0,16,0,0,2,10,7,9,1,1,1,2,57,9,-1,-1,-1,-1,3,-1
201563DP26615,1,5,0,16,0,0,0,0,0,0,3,1,6,1,53,8,-1,-1,-1,-1,2,-1
201563DP26615,2,21,1,18,0,0,0,0,0,0,3,1,1,1,40,7,-1,-1,-1,-1,3,-1
201563DP26715,1,21,1,18,0,0,0,0,0,0,4,1,1,3,-1,-1,-1,-1,-1,-1,-1,-1
201563DP26815,1,9,0,18,0,0,1,0,0,0,1,1,2,2,21,5,-1,-1,-1,-1,3,-1
201563DP26915,1,9,0,18,0,1,0,0,7,9,1,1,6,2,33,6,-1,-1,-1,-1,1,-1
201563DP27015,1,19,0,18,0,0,0,0,7,0,0,1,6,3,-1,-1,-1,-1,-1,-1,-1,-1
201563DP27015,2,9,0,18,0,0,0,0,1,9,0,1,6,1,60,9,-1,-1,-1,-1,3,-1
201563DP27115,1,3,0,16,0,0,1,0,7,10,1,1,6,1,16,4,-1,-1,-1,-1,3,-1
201563DP27115,2,19,0,17,0,0,1,0,0,0,3,1,1,1,40,7,-1,-1,-1,-1,1,-1
201563DP27215,1,9,0,18,0,1,0,0,7,0,1,1,6,1,65,9,-1,-1,-1,-1,3,-1
201563DP27215,2,9,0,2,9,1,0,0,1,0,1,1,6,2,67,10,-1,-1,-1,-1,2,-1
201563DP27315,1,9,0,17,0,0,1,0,1,10,1,1,6,2,35,6,-1,-1,-1,-1,2,-1
201563DP27415,1,5,0,17,0,0,1,0,7,0,1,1,6,1,53,8,-1,-1,-1,-1,1,-1
201563DP27515,1,9,0,18,0,0,2,0,0,0,0,1,6,2,32,6,-1,-1,-1,-1,3,-1
201563DP27515,2,17,4,16,0,0,0,0,0,0,0,1,1,1,35,6,-1,-1,-1,-1,3,-1
201563DP27615,1,5,0,18,0,0,1,0,0,0,1,1,6,1,56,9,-1,-1,-1,-1,1,-1
201563DP27715,1,9,0,18,0,0,1,0,0,0,3,1,6,2,62,9,-1,-1,-1,-1,3,-1
201563DP27715,2,9,3,18,0,0,1,0,1,0,1,1,6,1,53,8,-1,-1,-1,-1,1,-1
201563DP27815,1,9,0,18,0,1,0,0,0,0,2,1,6,2,55,8,-1,-1,-1,-1,1,-1
201563DP27815,2,5,0,18,0,1,0,0,7,9,1,1,6,1,52,8,-1,-1,-1,-1,2,-1
201563DP27915,1,19,0,18,0,0,1,0,1,1,4,1,6,1,22,5,-1,-1,-1,-1,3,-1
201563DP28015,1,4,0,18,0,1,1,0,0,0,1,1,6,1,44,7,-1,-1,-1,-1,3,-1
201563DP28015,2,9,0,4,0,1,0,0,0,0,2,1,6,1,22,5,-1,-1,-1,-1,3,-1
201563DP28015,3,9,0,5,0,6,0,0,0,0,0,1,6,3,-1,-1,-1,-1,-1,-1,-1,-1
201563DP28115,1,3,0,18,0,1,1,10,1,2,3,1,6,1,29,6,-1,-1,-1,-1,-1,-1
201563DP28215,1,9,0,18,0,0,1,0,0,0,1,1,6,1,19,4,-1,-1,-1,-1,2,-1
201563DP28215,2,9,0,18,0,0,0,0,0,0,2,1,6,1,37,7,-1,-1,-1,-1,3,-1
201563DP28215,3,19,0,4,0,0,0,0,0,0,2,1,2,1,36,7,-1,-1,-1,-1,3,-1
201563DP28215,4,9,0,2,0,0,0,0,0,0,0,1,6,3,-1,-1,-1,-1,-1,-1,-1,-1
201563DP28315,1,19,0,16,0,0,1,0,0,0,1,1,6,1,23,5,-1,-1,-1,-1,3,-1
201563DP28315,2,9,0,18,0,0,0,0,1,0,1,1,1,1,48,8,-1,-1,-1,-1,3,-1
201563DP28415,1,9,0,18,0,1,0,4,0,0,1,1,6,1,56,9,-1,-1,-1,-1,1,-1
201563DP28415,2,9,0,10,0,1,0,0,0,0,2,1,6,2,43,7,-1,-1,-1,-1,2,-1
201563DP28415,3,9,0,18,0,1,0,0,0,0,1,1,6,1,56,9,-1,-1,-1,-1,1,-1
201563DP28415,4,19,0,18,0,1,1,0,1,10,2,1,6,1,50,8,-1,-1,-1,-1,1,-1
201563DP28515,1,9,0,16,0,0,0,0,1,0,1,1,2,2,25,5,-1,-1,-1,-1,1,-1
201563DP28615,1,9,0,9,0,8,0,0,0,0,1,1,6,2,77,11,-1,-1,-1,-1,2,-1
201563DP28615,2,3,0,18,0,1,0,0,0,0,1,1,2,1,17,4,-1,-1,-1,-1,3,-1
201563DP28715,1,9,0,18,0,0,5,0,1,4,1,1,1,1,21,5,-1,-1,-1,-1,1,-1
201563DP28815,1,9,0,18,0,0,1,0,1,9,1,1,6,2,17,4,-1,-1,-1,-1,2,-1
201563DP28915,1,9,0,16,0,0,0,0,8,4,1,1,6,1,21,5,-1,-1,-1,-1,3,-1
201563DP29015,1,9,0,18,0,0,1,4,0,0,1,1,6,2,18,4,-1,-1,-1,-1,1,-1
201563DP29015,2,9,0,2,0,0,0,0,0,0,2,1,6,3,-1,-1,-1,-1,-1,-1,-1,-1
201563DP29115,1,9,0,18,0,0,5,0,1,7,4,1,6,1,62,9,-1,-1,-1,-1,3,-1
201563DP29215,1,5,0,16,0,0,1,0,7,0,1,1,6,1,42,7,-1,-1,-1,-1,1,-1
201563DP29415,1,9,0,18,0,1,0,0,0,0,2,1,6,2,62,9,-1,-1,-1,-1,3,-1