Accident_Index,Vehicle_Reference,Vehicle_Type,Towing_and_Articulation,Vehicle_Manoeuvre,Vehicle_Location-Restricted_Lane,Junction_Location,Skidding_and_Overturning,Hit_Object_in_Carriageway,Vehicle_Leaving_Carriageway,Hit_Object_off_Carriageway,1st_Point_of_Impact,Was_Vehicle_Left_Hand_Drive?,Journey_Purpose_of_Driver,Sex_of_Driver,Age_of_Driver,Age_Band_of_Driver,Engine_Capacity_(CC),Propulsion_Code,Age_of_Vehicle,Driver_IMD_Decile,Driver_Home_Area_Type,Vehicle_IMD_Decile
201563DP43715,1,9,0,18,0,0,5,0,0,0,1,1,2,2,49,8,-1,-1,-1,-1,3,-1
201563DP43815,1,9,0,18,0,1,0,0,0,0,1,1,3,2,37,7,-1,-1,-1,-1,3,-1
201563DP43815,2,9,0,18,0,1,0,0,0,0,3,1,6,1,87,11,-1,-1,-1,-1,2,-1
201563DP43915,1,8,0,18,0,0,0,0,0,0,1,1,1,1,54,8,-1,-1,-1,-1,1,-1
201563DP43915,2,9,0,2,0,0,0,0,0,0,0,1,6,3,-1,-1,-1,-1,-1,-1,-1,-1
201563DP43915,3,9,0,2,0,0,0,0,0,0,0,1,6,3,-1,-1,-1,-1,-1,-1,-1,-1
201591NE00480,1,9,0,16,0,0,2,0,7,0,1,1,6,1,37,7,-1,-1,-1,-1,3,-1
201591NE00768,1,9,0,18,0,0,1,0,7,0,3,1,6,2,24,5,1149,1,10,-1,-1,-1
201591NE00807,1,9,0,18,0,0,0,0,0,0,1,1,6,2,18,4,1199,1,11,-1,2,-1
201591NE01452,1,5,0,17,0,0,1,0,1,0,4,1,6,1,33,6,1050,1,8,-1,2,-1
201591NE01534,1,9,0,4,6,5,1,0,0,0,1,1,6,1,18,4,-1,-1,-1,-1,3,-1
201591NE02288,1,9,0,17,0,8,0,0,0,0,1,1,6,1,56,9,1997,2,6,-1,3,-1
201591NE02288,2,19,0,17,0,8,0,0,1,11,1,1,1,1,50,8,-1,-1,-1,-1,3,-1
201591NE02288,3,19,0,10,0,1,0,0,0,0,1,1,6,1,58,9,-1,-1,-1,-1,3,-1
201591NE02288,4,9,0,8,0,1,0,0,0,0,3,1,6,2,45,7,1149,1,1,-1,3,-1
201591NE02452,1,9,0,1,0,0,0,0,0,0,2,1,6,1,45,7,1395,1,1,-1,3,-1
201591NE02459,1,9,0,18,0,0,0,0,7,0,1,1,6,1,22,5,1968,2,11,-1,1,-1
201591NE02813,1,9,0,18,0,0,0,12,7,4,1,1,2,2,30,6,-1,-1,-1,-1,3,-1
201591NE02849,1,9,0,18,0,0,5,0,1,11,1,1,6,2,18,4,1199,1,12,-1,3,-1
201591NE04409,1,9,0,18,0,2,0,0,0,0,2,1,6,2,25,5,1360,1,10,-1,2,-1
201591NE04409,2,9,0,18,0,2,0,0,0,0,1,1,2,1,-1,-1,1198,1,13,-1,2,-1
201591NE04611,1,9,0,16,0,0,5,7,1,10,1,1,6,2,26,6,1229,1,8,-1,3,-1
201591NE04620,1,9,0,17,0,0,5,0,1,4,1,1,6,2,20,4,1596,1,9,-1,3,-1
201591NE04876,1,9,0,16,0,2,1,0,1,9,0,1,6,2,19,4,-1,-1,-1,-1,3,-1
201591NE04966,1,9,0,18,0,0,2,0,2,0,3,1,6,2,19,4,1149,1,4,-1,2,-1
201591NE05186,1,9,0,3,0,0,0,0,0,0,0,1,6,1,56,9,1796,1,14,-1,3,-1
201591NE05186,2,17,4,4,0,0,0,0,0,0,1,1,1,1,38,7,6788,2,1,-1,3,-1
201591NE05491,1,9,0,8,0,1,0,0,0,0,1,1,6,1,66,10,1396,1,1,-1,2,-1
201591NE05491,2,9,0,10,0,1,0,0,0,0,2,1,6,2,62,9,1364,1,5,-1,3,-1
201591NE05813,1,9,0,17,0,0,0,6,1,10,1,1,6,1,39,7,1124,1,11,-1,2,-1
201591NE05854,1,5,0,7,0,2,0,0,7,1,1,1,6,1,48,8,1043,1,-1,-1,2,-1
201591NE06259,1,9,0,9,0,2,5,0,7,11,1,1,2,1,23,5,1973,1,16,-1,3,-1
201591NE06473,1,9,0,13,0,0,0,0,0,0,1,1,2,1,51,8,1896,2,13,-1,3,-1
201591NE06473,2,9,0,18,0,0,0,0,1,0,1,1,1,1,56,9,2982,2,6,-1,3,-1
201591NE06611,1,9,0,9,0,5,0,0,0,0,1,1,1,2,26,6,-1,-1,-1,-1,1,-1
201591NE06611,2,9,0,18,0,8,0,0,0,0,1,1,6,1,17,4,1364,1,4,-1,-1,-1
201591NE06681,1,9,0,7,9,0,1,0,7,11,4,1,6,1,19,4,1998,1,12,-1,3,-1
201591NE06799,1,9,0,18,0,1,0,0,7,0,1,1,2,1,33,6,1560,2,1,-1,2,-1
201591NE06799,2,19,0,9,0,6,0,0,0,0,1,1,1,1,26,6,2464,2,7,-1,3,-1
201591NE06825,1,9,0,5,0,6,0,0,0,0,1,1,6,1,20,4,1390,1,1,-1,-1,-1
201591NE06825,2,9,0,18,0,1,0,0,1,11,4,1,2,2,64,9,1560,2,1,-1,3,-1
201591NE07832,1,1,0,18,0,0,0,0,0,9,1,1,6,1,44,7,-1,-1,-1,-1,1,-1
201591NE08032,1,9,0,3,0,4,0,0,0,0,2,1,6,2,27,6,1596,1,7,-1,1,-1
201591NE08032,2,9,0,3,0,4,0,0,0,0,1,1,6,2,26,6,998,1,1,-1,1,-1
201591NE08555,1,5,0,13,0,0,1,0,0,0,1,1,6,1,36,7,599,1,12,-1,3,-1
201591NE08555,2,90,0,16,0,0,0,0,0,0,1,1,6,1,58,9,2800,2,9,-1,3,-1
201591NE08555,3,9,0,17,0,0,0,0,0,0,0,1,6,1,44,7,2401,2,13,-1,3,-1
201591NE08555,4,9,0,17,0,0,0,0,0,0,0,1,6,1,39,7,2926,2,9,-1,3,-1
201591NE08629,1,9,0,18,0,0,5,0,1,4,1,1,6,1,45,7,2616,1,11,-1,3,-1
201591NE08778,1,9,0,17,0,0,1,0,1,4,1,1,2,1,34,6,2995,1,3,-1,1,-1
201591NE08778,2,9,0,16,0,0,0,0,0,0,0,1,2,1,43,7,-1,-1,-1,-1,2,-1
201591NE09210,1,9,0,17,0,0,1,0,1,9,1,1,6,2,65,9,1896,2,6,-1,1,-1
201591NE09211,1,5,0,17,0,0,1,0,1,9,4,1,6,1,54,8,-1,-1,-1,-1,-1,-1
201591NE09221,1,9,0,17,0,0,0,0,0,0,1,1,6,2,67,10,1390,1,3,-1,3,-1
201591NE09221,2,9,0,16,0,0,0,0,0,0,3,1,6,2,44,7,1598,1,13,-1,2,-1
201591NE09221,3,9,0,16,0,0,0,0,0,0,1,1,6,1,28,6,1149,1,5,-1,1,-1
201591NE09267,1,5,0,17,0,0,1,0,1,0,0,1,6,1,35,6,-1,-1,-1,-1,-1,-1
201591NE09291,1,5,0,17,0,0,1,0,1,1,3,1,6,1,46,8,1164,1,11,-1,-1,-1
201591NE09291,2,5,0,17,0,0,0,0,0,0,2,1,6,1,52,8,-1,-1,-1,-1,-1,-1
201591NE09369,1,9,0,16,0,0,0,0,0,0,1,1,1,1,55,8,1339,1,7,-1,3,-1
201591NE09369,2,5,0,17,0,0,0,0,0,0,1,1,6,1,50,8,-1,-1,-1,-1,-1,-1
201591NE09800,1,5,0,16,0,0,1,0,0,0,4,1,6,1,58,9,-1,-1,-1,-1,-1,-1
201591NE09854,1,20,0,18,0,0,0,0,0,0,3,1,1,1,47,8,6700,2,1,-1,3,-1
201591NE09854,2,21,0,18,0,0,0,0,0,0,3,1,1,1,46,8,5900,2,12,-1,3,-1
201591NE09982,1,9,0,6,0,1,0,0,0,0,4,1,6,2,58,9,1390,1,3,-1,3,-1
201591NE09982,2,1,0,18,0,1,0,0,0,0,1,1,6,1,62,9,-1,-1,-1,-1,3,-1
201591NE09999,1,4,0,18,0,0,0,0,0,0,1,1,6,1,19,4,124,1,1,-1,3,-1
201591NE09999,2,9,0,5,0,0,0,0,0,0,3,1,6,1,56,9,1994,2,12,-1,3,-1
201591NE10013,1,5,0,18,0,0,1,10,0,0,1,1,6,1,30,6,600,1,12,-1,1,-1
201591NE10085,1,5,0,16,0,0,1,0,7,9,1,1,6,1,30,6,675,1,2,-1,1,-1
201591NE10347,1,9,0,3,0,0,0,0,0,0,3,1,1,1,64,9,1896,2,13,-1,3,-1
201591NE10347,2,5,0,18,0,0,0,0,0,0,1,1,1,1,51,8,647,1,12,-1,2,-1
201591NE10439,1,5,0,13,0,0,1,0,1,0,3,1,6,1,26,6,650,1,14,-1,3,-1
201591NE10439,2,9,0,18,0,0,0,0,0,0,3,2,6,2,30,6,-1,-1,-1,-1,-1,-1
201591NE11012,1,19,0,17,0,0,0,0,0,0,1,1,6,1,26,6,2198,2,2,-1,1,-1
201591NE11012,2,9,0,17,0,0,0,0,0,0,1,1,6,2,31,6,1390,1,6,-1,3,-1
201591NE11450,1,9,0,16,0,0,1,0,7,0,4,1,2,2,30,6,1461,2,13,-1,3,-1
201591NE11450,2,9,0,16,0,0,0,0,0,0,1,1,6,1,42,7,1997,2,5,-1,-1,-1
201591NE11977,1,97,0,17,0,0,0,0,1,0,4,1,6,1,25,5,599,1,13,-1,1,-1
201591NE12201,1,9,0,18,0,0,2,7,1,1,4,1,6,1,20,4,1396,1,10,-1,-1,-1
201591NE12208,1,9,0,17,0,0,0,0,7,4,1,1,6,1,26,6,1493,2,5,-1,3,-1
201591NE12249,1,9,0,18,0,0,2,0,0,11,3,1,6,1,17,4,1198,1,11,-1,2,-1
201591NE12249,2,9,0,18,0,0,1,0,0,0,3,2,6,1,24,5,-1,-1,-1,-1,-1,-1
201591NE13149,1,9,0,10,0,1,0,0,0,0,2,1,6,1,37,7,1198,1,5,-1,3,-1
201591NE13149,2,9,0,18,0,1,0,0,0,0,2,1,2,1,52,8,1968,2,6,-1,-1,-1
201591NE13149,3,19,0,18,0,1,0,0,0,0,1,1,1,1,61,9,2143,2,3,-1,3,-1
201591NE13276,1,9,0,5,0,0,0,0,0,0,2,1,6,1,31,6,998,1,-1,-1,-1,-1
201591NE13276,2,5,0,17,0,0,0,0,1,0,1,1,6,1,39,7,988,1,11,-1,3,-1
201591NE13376,1,5,0,18,0,0,1,0,0,0,0,1,6,1,43,7,-1,-1,-1,-1,-1,-1
201591NE13532,1,9,0,17,0,0,2,0,8,1,3,2,6,1,19,4,-1,-1,-1,-1,-1,-1
201591NE13772,1,9,0,9,0,4,0,0,0,0,3,1,6,1,77,11,1598,1,12,-1,2,-1
201591NE13772,2,9,0,9,0,4,0,0,0,0,1,1,6,1,60,9,1998,1,9,-1,3,-1
201591NE13817,1,5,0,4,0,0,0,10,0,0,4,1,6,1,47,8,-1,-1,-1,-1,-1,-1
201591NE13846,1,9,0,17,0,0,2,0,0,10,1,1,6,1,23,5,2494,2,1,-1,3,-1
201591NE14100,1,9,0,1,0,1,0,0,0,0,2,1,6,2,43,7,2993,2,3,-1,3,-1
201591NE14211,1,21,1,16,0,0,0,0,7,1,1,1,1,1,70,10,12902,2,-1,-1,-1,-1
201591NE14251,1,5,0,2,6,0,0,0,0,0,0,1,6,1,64,9,-1,-1,-1,-1,-1,-1
201591NE14615,1,9,0,18,0,0,0,0,0,0,3,1,2,2,59,9,1956,2,1,-1,3,-1
201591NE14615,2,9,0,18,0,0,0,0,7,4,1,1,6,1,60,9,1998,1,13,-1,3,-1
201591NE14615,3,1,0,18,9,0,0,0,0,0,4,1,6,1,7,2,-1,-1,-1,-1,3,-1
201591NE14615,4,1,0,18,9,0,0,0,0,0,4,1,6,2,10,2,-1,-1,-1,-1,3,-1
201591NE15100,1,97,0,18,0,0,1,0,0,0,0,1,6,1,49,8,600,1,11,-1,3,-1
201591NE15452,1,9,0,16,0,0,0,0,0,0,1,1,6,1,48,8,1781,1,14,-1,3,-1
201591NE15452,2,9,0,17,0,0,0,0,0,0,1,1,6,1,30,6,998,1,1,-1,-1,-1
201591NE15758,1,17,0,16,0,2,1,0,0,0,1,1,1,1,18,4,6600,2,7,-1,3,-1
201591NE15758,2,9,0,17,0,1,0,0,0,0,3,1,2,1,31,6,1461,2,8,-1,-1,-1
201591NE15968,1,9,0,16,0,0,5,0,1,0,3,1,6,1,27,6,1206,1,4,-1,-1,-1
201591NE16032,1,9,0,18,0,1,1,0,0,0,1,1,6,2,34,6,1896,2,6,-1,1,-1
201591NE16032,2,9,0,18,0,1,0,0,7,0,4,1,6,1,17,4,999,1,-1,-1,3,-1
201591NE16419,1,9,0,18,0,1,1,0,1,11,1,1,6,1,57,9,1968,2,2,-1,3,-1
201591NE16419,2,9,0,10,0,1,0,0,0,0,4,1,6,2,31,6,1388,1,6,-1,1,-1
201591NE16468,1,5,0,13,0,0,0,0,7,9,3,1,6,1,45,7,998,1,10,-1,3,-1
201591NE16468,2,9,0,17,0,0,0,0,0,0,3,1,2,1,27,6,1995,1,6,-1,3,-1
201591NE16468,3,90,0,16,0,0,0,0,0,0,3,1,6,1,60,9,2198,2,1,-1,-1,-1
201591NE16643,1,9,0,16,0,0,1,0,0,0,1,1,2,1,49,8,1998,1,12,-1,3,-1
201591NE16643,2,9,4,17,0,0,0,0,1,0,1,1,1,1,29,6,2982,2,1,-1,1,-1
201591NE16910,1,9,0,7,0,6,0,0,1,0,3,1,6,1,23,5,1497,8,-1,-1,-1,-1
201591NE16910,2,9,0,18,0,8,5,0,0,0,4,1,6,2,53,8,1149,1,5,-1,3,-1
201591NE16910,3,9,0,18,0,1,0,0,0,0,1,1,6,2,51,8,2179,2,5,-1,3,-1
201591NE17374,1,9,0,17,0,0,0,0,0,0,1,1,6,2,70,10,1242,1,-1,-1,-1,-1
201591NE17374,2,9,0,16,0,0,0,0,0,0,1,1,6,1,44,7,1968,2,6,-1,-1,-1
201591NE17413,1,9,0,3,0,0,0,0,0,0,2,1,6,2,63,9,1461,2,3,-1,2,-1
201591NE17413,2,9,0,4,0,0,1,0,0,0,1,1,6,2,27,6,1299,1,10,-1,1,-1
201591NE18180,1,9,0,18,0,0,5,0,1,9,1,1,6,1,32,6,1560,2,8,-1,1,-1
201591NE18416,1,9,0,18,0,0,0,0,0,0,1,1,6,1,72,10,1398,2,10,-1,-1,-1
201591NE18416,2,9,0,9,0,0,0,0,0,0,1,1,6,2,28,6,1499,1,-1,-1,-1,-1
201591NE18712,1,19,0,16,0,0,5,0,7,9,1,1,6,1,27,6,1461,2,-1,-1,1,-1
201591NE19013,1,19,0,1,0,1,0,0,0,0,1,1,2,1,29,6,1997,2,7,-1,2,-1
201591NE19013,2,3,0,3,0,1,0,0,0,0,1,1,2,1,20,4,125,1,-1,-1,2,-1
201591NE19029,1,9,0,18,0,0,0,0,0,0,2,1,6,1,83,11,996,1,1,-1,3,-1
201591NE19029,2,9,0,4,0,0,0,0,0,0,2,1,6,2,55,8,2435,1,11,-1,2,-1
201591NE19029,3,19,0,4,0,0,0,0,0,0,2,1,6,1,34,6,1998,2,12,-1,1,-1
201591NE19384,1,9,0,18,0,0,1,11,7,10,1,1,6,2,43,7,2479,1,27,-1,-1,-1
201591NE19578,1,9,0,16,0,0,2,10,1,9,3,1,6,1,25,5,-1,-1,-1,-1,3,-1
201591NE19798,1,9,0,10,0,1,0,0,0,0,2,1,6,1,72,10,1560,2,4,-1,3,-1
201591NE19798,2,9,0,4,0,1,0,0,0,0,1,1,6,2,62,9,1364,1,5,-1,3,-1
201591NE19925,1,9,4,5,0,0,0,0,0,0,2,1,6,2,41,7,-1,-1,-1,-1,3,-1
201591NE19925,2,9,0,3,0,0,0,0,7,0,2,1,6,2,34,6,1360,1,11,-1,1,-1
201591NE19925,3,9,0,18,0,0,0,0,1,0,1,1,6,1,65,9,1461,2,1,-1,-1,-1
201591NE20116,1,9,0,18,0,0,0,0,1,0,3,1,6,1,80,11,998,1,4,-1,3,-1
201591NE20116,2,17,5,18,0,0,0,0,0,0,3,1,1,1,19,4,-1,2,6,-1,3,-1
201591NE20182,1,9,0,18,0,1,0,0,1,9,1,1,6,2,80,11,1598,2,1,-1,3,-1
201591NE20182,2,9,0,18,0,1,0,0,0,0,1,1,6,2,32,6,1968,2,1,-1,3,-1
201591NE20381,1,9,0,18,0,0,5,0,1,9,1,1,6,1,70,10,2435,1,15,-1,3,-1
201591NE20585,1,9,0,18,0,0,0,0,0,0,1,1,6,1,26,6,1984,1,-1,-1,3,-1
201591NE20694,1,9,0,9,0,7,0,0,0,0,1,1,2,2,39,7,-1,-1,-1,-1,2,-1
201591NE20694,2,9,0,18,0,1,0,10,7,4,1,1,4,2,57,9,1560,2,9,-1,-1,-1
201591NE20694,3,9,0,8,0,1,0,0,0,0,1,1,4,1,37,7,2496,2,12,-1,3,-1
201591NE20778,1,9,0,5,0,0,0,0,0,0,1,1,6,2,53,8,1364,1,8,-1,3,-1
201591NE20778,2,9,0,2,0,0,0,0,0,0,2,1,6,-1,-1,-1,1149,1,4,-1,-1,-1
201591NE20898,1,9,0,16,0,0,0,11,0,0,2,1,2,1,41,7,1686,2,11,-1,-1,-1
201591NE20947,1,19,0,18,0,0,0,0,0,0,4,1,6,1,32,6,-1,-1,-1,-1,3,-1
201591NE21095,1,9,0,18,0,0,0,0,0,0,4,1,6,2,52,8,1149,1,7,-1,3,-1
201591NE21134,1,9,0,17,9,0,5,0,7,9,4,1,6,1,51,8,1984,2,7,-1,-1,-1
201591NE21145,1,9,0,18,0,0,1,0,8,11,1,1,6,1,19,4,1598,1,6,-1,-1,-1
201591NE21242,1,9,0,17,0,0,1,0,1,4,3,1,6,1,18,4,1598,1,3,-1,3,-1
201591NE21745,1,9,0,12,9,0,0,4,0,0,4,1,6,1,18,4,1896,2,18,-1,-1,-1
201591NE21745,2,9,0,2,0,0,0,0,0,0,2,1,6,2,-1,-1,1149,1,9,-1,-1,-1
201591NE21840,1,9,0,18,0,1,0,0,0,0,4,1,6,2,75,10,996,1,1,-1,3,-1
201591NE21840,2,9,0,9,0,8,0,0,0,0,3,1,6,1,72,10,1598,2,-1,-1,3,-1
201591NE22075,1,19,0,5,0,1,0,0,0,0,1,1,1,2,66,10,1248,2,1,-1,2,-1
201591NE22236,1,21,0,16,0,0,5,0,7,9,1,1,1,1,48,8,-1,-1,-1,-1,1,-1
201591NE22455,1,21,0,18,0,0,0,0,0,0,2,1,1,1,59,9,4462,2,2,-1,1,-1
201591NE22455,2,9,0,18,0,0,1,0,0,0,1,1,6,1,33,6,1997,2,12,-1,2,-1
201591NE22455,3,9,0,18,0,0,0,0,0,0,1,1,6,1,22,5,1998,1,12,-1,1,-1
201591NE22715,1,9,0,9,0,1,1,0,0,0,1,1,6,2,43,7,1560,2,-1,-1,-1,-1
201591NE22715,2,9,0,9,0,8,0,0,0,0,1,1,6,2,18,4,1360,1,12,-1,3,-1
201591NE22715,3,9,0,10,0,8,0,0,0,0,3,1,6,2,32,6,1956,2,1,-1,3,-1
201591NH00238,1,9,0,16,0,0,0,6,7,10,1,1,6,1,61,9,-1,-1,-1,-1,3,-1
201591NH00271,1,9,0,17,0,0,2,0,1,11,4,1,6,2,54,8,-1,-1,-1,-1,3,-1
201591NH00754,1,9,0,18,0,0,0,0,0,0,1,1,6,2,67,10,1388,1,10,-1,3,-1
201591NH00754,2,9,4,18,0,0,0,0,0,0,1,1,1,1,42,7,2720,2,6,-1,1,-1
201591NH01229,1,9,0,18,0,0,1,0,1,10,4,1,2,2,56,9,-1,-1,-1,-1,3,-1
201591NH01236,1,9,0,18,0,-1,2,10,7,11,1,1,6,2,20,4,2231,2,5,-1,3,-1
201591NH01344,1,9,0,18,0,0,0,0,0,0,0,1,6,2,26,6,1390,1,5,-1,3,-1
201591NH01344,2,9,0,18,0,0,0,0,0,0,0,1,6,2,30,6,-1,-1,-1,-1,3,-1
201591NH01425,1,19,0,18,0,0,5,0,1,9,1,1,1,1,19,4,2143,2,2,-1,2,-1
201591NH01852,1,9,0,7,0,8,0,0,0,0,3,1,6,1,50,8,1598,1,16,-1,3,-1
201591NH01852,2,98,0,13,0,8,1,0,0,0,4,1,1,1,31,6,2198,2,1,-1,3,-1
201591NH01924,1,9,0,10,0,1,0,0,0,0,2,1,6,1,58,9,1997,1,13,-1,2,-1
201591NH01924,2,19,0,18,0,8,0,0,0,0,1,1,6,1,76,11,1870,2,13,-1,3,-1
201591NH01939,1,5,0,5,0,0,1,0,7,9,1,1,6,1,21,5,599,1,15,-1,3,-1
201591NH02865,1,9,0,18,0,0,1,0,0,0,1,1,6,1,61,9,1998,1,10,-1,2,-1
201591NH02865,2,9,0,18,0,0,1,0,0,0,1,1,6,1,52,8,1997,2,13,-1,2,-1
201591NH02869,1,9,0,17,0,1,0,10,1,10,1,1,6,2,21,5,1995,2,12,-1,3,-1
201591NH02930,1,9,0,16,0,0,0,0,1,9,1,1,1,1,59,9,1560,2,6,-1,3,-1
201591NH03137,1,5,0,18,0,0,1,0,1,3,1,1,6,1,42,7,645,1,11,-1,3,-1
201591NH03259,1,9,0,17,0,0,1,0,1,11,4,1,6,2,49,8,1422,2,10,-1,3,-1
201591NH03849,1,9,0,16,0,2,2,0,0,0,4,1,6,2,19,4,1596,1,11,-1,3,-1
201591NH03959,1,5,0,4,0,0,0,0,1,0,0,1,6,1,32,6,1585,1,3,-1,3,-1
201591NH04191,1,5,0,18,0,0,1,0,1,0,0,1,2,1,29,6,599,1,14,-1,3,-1
201591NH04191,2,9,0,9,0,0,0,0,0,0,0,1,6,2,58,9,1242,1,8,-1,3,-1
201591NH04296,1,9,0,17,0,0,1,0,7,0,1,1,6,1,60,9,-1,-1,-1,-1,-1,-1
201591NH04296,2,9,0,17,0,0,1,0,7,0,1,1,6,2,27,6,1199,1,14,-1,3,-1
201591NH04549,1,9,0,18,0,0,2,0,8,11,1,1,6,2,74,10,1229,1,4,-1,3,-1
201591NH04616,1,9,0,1,-1,5,0,0,0,0,2,1,6,1,25,5,1997,2,10,-1,3,-1
201591NH04632,1,1,0,18,0,2,0,0,0,0,3,1,6,1,21,5,-1,-1,-1,-1,2,-1
201591NH04632,2,8,0,13,0,2,0,0,0,0,4,1,1,1,62,9,1461,2,1,-1,3,-1
201591NH04662,1,9,0,3,6,0,0,0,0,0,2,1,6,1,44,7,1995,2,3,-1,3,-1
201591NH04662,2,97,0,3,6,0,0,0,0,0,1,1,6,1,46,8,-1,-1,-1,-1,3,-1
201591NH04770,1,9,0,18,6,0,5,0,7,9,0,1,6,1,56,9,1349,1,1,-1,3,-1
201591NH04819,1,9,0,17,0,0,1,0,7,9,1,1,6,2,39,7,1762,1,15,-1,3,-1
201591NH04875,1,9,4,18,0,0,0,0,0,0,0,1,1,1,59,9,-1,-1,-1,-1,3,-1
201591NH04875,2,9,0,18,0,0,1,11,1,11,1,1,1,2,35,6,998,1,3,-1,3,-1
201591NH04875,3,9,0,18,0,0,0,11,0,0,1,1,1,2,57,9,1995,2,2,-1,3,-1
201591NH05009,1,9,4,18,0,0,0,0,0,0,1,1,6,1,50,8,2495,2,11,-1,3,-1
201591NH05009,2,9,0,18,0,0,0,0,0,0,1,1,6,2,59,9,1329,1,1,-1,3,-1
201591NH05458,1,9,0,16,0,0,1,0,1,9,1,1,6,1,28,6,1149,1,13,-1,2,-1
201591NH05458,2,9,4,18,0,0,1,0,1,0,1,1,6,1,51,8,2487,2,15,-1,3,-1
201591NH05746,1,19,0,16,0,0,0,0,0,0,3,1,1,1,20,4,2500,2,3,-1,3,-1
201591NH05746,2,9,0,18,0,0,0,0,0,0,3,1,6,1,60,9,2401,2,13,-1,3,-1
201591NH05786,1,20,0,18,0,0,0,0,1,0,1,1,1,1,51,8,4461,2,5,-1,3,-1
201591NH06266,1,9,0,9,0,0,0,0,0,0,2,1,6,2,72,10,998,1,11,-1,3,-1
201591NH06266,2,9,0,18,0,0,0,0,0,0,1,1,6,2,20,4,1798,1,8,-1,3,-1
201591NH06407,1,9,0,9,9,1,0,0,0,0,3,1,6,1,85,11,1389,1,11,-1,3,-1
201591NJ00054,1,9,0,17,0,0,2,0,1,3,1,1,6,1,79,11,2494,1,16,-1,3,-1
201591NJ00377,1,9,0,18,0,0,1,0,8,11,1,1,6,1,41,7,3000,1,22,-1,3,-1
201591NJ00377,2,9,0,18,0,0,0,0,0,0,1,1,6,1,65,9,-1,-1,-1,-1,2,-1
201591NJ00654,1,9,0,18,0,0,1,0,1,11,1,1,6,2,47,8,1399,2,11,-1,2,-1
201591NJ00678,1,9,0,18,0,1,0,0,0,0,0,1,6,2,68,10,1242,1,4,-1,2,-1
201591NJ00845,1,9,0,5,0,0,0,0,0,0,1,1,6,1,45,7,1199,1,13,-1,2,-1
201591NJ01018,1,9,0,16,0,0,2,0,7,11,1,1,6,1,29,6,1997,1,13,-1,3,-1
201591NJ01094,1,10,0,18,0,0,1,-1,2,7,1,1,2,1,42,7,-1,-1,-1,-1,1,-1
201591NJ01281,1,9,0,13,0,1,0,0,0,0,1,1,1,2,19,4,1199,1,11,-1,2,-1
201591NJ01281,2,19,4,9,0,1,0,0,7,0,3,1,1,1,71,10,-1,-1,-1,-1,-1,-1
201591NJ01458,1,9,0,18,0,1,0,0,0,0,1,1,6,1,30,6,1198,1,4,-1,2,-1
201591NJ02413,1,3,0,7,0,1,1,0,0,0,0,1,2,1,20,4,124,1,10,-1,3,-1
201591NJ02566,1,9,0,18,0,0,2,0,1,11,1,1,6,1,18,4,1242,1,14,-1,2,-1
201591NJ02585,1,9,0,17,0,0,1,0,7,11,3,1,6,1,39,7,1449,1,14,-1,2,-1
201591NJ02728,1,98,0,18,0,0,5,0,1,0,4,1,1,1,46,8,11116,2,10,-1,-1,-1
201591NJ03015,1,9,0,18,0,0,0,0,0,0,1,1,6,2,86,11,1198,1,5,-1,1,-1
201591NJ03015,2,1,0,18,0,0,0,0,0,0,2,1,6,2,47,8,-1,-1,-1,-1,2,-1
201591NJ03061,1,9,0,8,0,5,0,0,0,0,1,1,6,1,67,10,1461,2,-1,-1,-1,-1
201591NJ03061,2,20,5,18,0,2,0,0,1,0,3,1,6,1,65,9,-1,-1,-1,-1,2,-1
201591NJ03417,1,17,0,17,0,2,1,0,0,0,3,1,6,1,71,10,-1,-1,-1,-1,3,-1
201591NJ03417,2,9,0,16,0,1,1,0,0,0,1,1,6,1,54,8,1124,1,12,-1,3,-1
201591NJ03421,1,9,0,7,0,2,5,4,0,0,4,1,6,2,34,6,1997,2,11,-1,2,-1
201591NJ03421,2,9,0,2,0,0,0,0,0,0,4,1,6,3,-1,-1,1951,2,14,-1,-1,-1
201591NJ03671,1,3,0,18,0,0,1,0,0,0,0,1,6,1,19,4,-1,-1,-1,-1,2,-1
201591NJ03984,1,9,0,18,0,0,0,0,0,0,3,2,6,2,62,9,-1,-1,-1,-1,-1,-1
201591NJ03984,2,9,0,18,0,0,0,0,0,0,3,1,6,1,72,10,2967,1,16,-1,2,-1
201591NJ03984,3,9,0,18,0,0,0,0,0,0,3,1,6,1,62,9,1686,2,1,-1,1,-1
201591NJ03984,4,9,0,18,0,0,0,0,0,0,1,1,6,1,62,9,1598,2,-1,-1,-1,-1
201591NJ03984,5,9,0,18,0,0,0,0,0,0,2,1,6,1,46,8,1896,2,8,-1,1,-1
201591NJ04230,1,19,0,18,0,0,1,12,2,3,1,1,1,1,48,8,1998,2,12,-1,2,-1
201591NJ04551,1,9,0,17,0,0,5,0,2,11,1,1,6,1,23,5,1398,2,11,-1,-1,-1
201591NJ04767,1,8,0,18,0,0,0,0,0,0,4,1,1,1,65,9,1997,2,11,-1,2,-1
201591NJ04847,1,9,0,9,0,0,0,0,0,0,3,1,1,1,38,7,-1,-1,-1,-1,2,-1
201591NJ04847,2,5,0,14,0,0,1,0,0,0,1,1,6,1,34,6,-1,-1,-1,-1,2,-1
201591NJ04849,1,98,1,9,0,1,0,0,0,0,3,1,1,1,57,9,10677,2,1,-1,3,-1
201591NJ04849,2,9,0,18,0,1,1,0,8,11,1,1,2,2,36,7,1587,1,8,-1,3,-1
201591NJ05373,1,19,0,9,0,1,0,0,0,0,4,1,1,1,23,5,-1,-1,-1,-1,3,-1