Accident_Index,Vehicle_Reference,Vehicle_Type,Towing_and_Articulation,Vehicle_Manoeuvre,Vehicle_Location-Restricted_Lane,Junction_Location,Skidding_and_Overturning,Hit_Object_in_Carriageway,Vehicle_Leaving_Carriageway,Hit_Object_off_Carriageway,1st_Point_of_Impact,Was_Vehicle_Left_Hand_Drive?,Journey_Purpose_of_Driver,Sex_of_Driver,Age_of_Driver,Age_Band_of_Driver,Engine_Capacity_(CC),Propulsion_Code,Age_of_Vehicle,Driver_IMD_Decile,Driver_Home_Area_Type,Vehicle_IMD_Decile
201591NJ05373,2,9,0,18,0,1,0,0,0,0,1,1,6,1,57,9,1796,1,12,-1,3,-1
201591NJ05567,1,9,0,18,0,0,5,0,2,0,1,1,6,1,32,6,1997,2,11,-1,3,-1
201591NJ05645,1,9,0,17,0,1,0,11,1,0,1,1,6,1,19,4,998,1,6,-1,-1,-1
201591NJ05645,2,9,0,16,0,2,0,11,1,10,1,1,6,1,23,5,-1,-1,-1,-1,-1,-1
201591NJ05712,1,9,0,17,0,0,0,0,0,0,1,1,6,1,55,8,1499,1,-1,-1,-1,-1
201591NJ05712,2,9,0,16,0,0,0,0,0,0,1,1,6,2,34,6,1197,1,1,-1,3,-1
201591NJ05896,1,21,1,18,0,0,0,0,1,11,1,1,1,1,61,9,10837,2,-1,-1,1,-1
201591NJ05985,1,9,0,17,0,0,0,0,0,0,0,1,6,1,25,5,1598,2,-1,-1,-1,-1
201591NJ05985,2,5,0,16,0,0,1,0,0,0,0,1,6,1,70,10,647,1,16,-1,2,-1
201591NJ06160,1,9,0,18,0,0,5,0,8,10,1,1,6,2,22,5,1229,1,2,-1,-1,-1
201591NJ06332,1,9,0,18,0,8,0,0,0,0,0,1,6,1,85,11,1364,1,7,-1,2,-1
201591NJ06385,1,9,0,2,0,1,0,0,0,0,3,1,6,2,56,9,-1,-1,-1,-1,2,-1
201591NJ06385,2,17,4,14,0,1,0,0,0,0,3,1,1,1,22,5,4525,2,7,-1,3,-1
201591NJ06523,1,9,0,18,0,0,1,12,0,0,0,1,2,2,67,10,1198,1,3,-1,3,-1
201591NJ06908,1,9,0,18,0,8,0,0,0,0,4,1,6,2,36,7,1560,2,2,-1,3,-1
201591NJ06908,2,9,0,18,0,8,0,0,0,0,1,1,6,1,73,10,1399,2,6,-1,2,-1
201591NJ07104,1,9,0,2,0,1,0,0,0,0,1,1,6,2,79,11,998,1,11,-1,2,-1
201591NJ07296,1,9,0,17,0,0,2,0,1,4,4,1,6,1,43,7,1596,1,10,-1,2,-1
201591NJ07493,1,19,0,2,6,1,0,0,1,11,2,1,1,1,50,8,2402,2,10,-1,3,-1
201591NJ07493,2,9,0,4,0,1,1,4,1,0,1,1,6,1,67,10,1969,2,-1,-1,3,-1
201591NJ08074,1,9,0,1,0,0,0,0,0,0,2,1,1,1,50,8,-1,-1,-1,-1,2,-1
201591NJ08289,1,9,0,7,0,2,2,4,0,0,1,1,6,1,23,5,1796,1,14,-1,-1,-1
201591NJ08289,2,9,0,2,0,2,0,0,0,0,1,1,6,3,-1,-1,1388,1,6,-1,-1,-1
201591NJ19609,1,9,0,18,0,0,1,0,0,1,4,1,6,1,31,6,1598,1,9,-1,3,-1
201591NK01240,1,9,0,17,0,0,1,0,7,11,1,1,6,2,30,6,1598,1,8,-1,3,-1
201591NK01618,1,9,0,17,0,0,0,7,1,11,4,1,6,1,86,11,1598,1,10,-1,3,-1
201591NK01793,1,9,0,9,0,2,1,0,0,0,4,1,6,1,32,6,2967,2,7,-1,3,-1
201591NK01793,2,9,0,18,0,1,0,0,1,0,1,1,6,1,57,9,1200,1,2,-1,3,-1
201591NK02749,1,9,0,16,6,0,5,0,7,11,1,1,6,1,28,6,1360,1,8,-1,2,-1
201591NK02780,1,9,0,9,0,1,0,0,0,0,1,1,6,1,47,8,1896,2,9,-1,3,-1
201591NK02780,2,9,0,18,0,1,0,0,0,0,1,1,6,2,44,7,998,1,9,-1,3,-1
201591NK02937,1,5,0,17,0,0,1,0,1,11,1,1,6,1,49,8,-1,-1,-1,-1,2,-1
201591NK03184,1,9,0,8,0,6,0,0,1,11,1,1,6,2,18,4,1598,1,13,-1,2,-1
201591NK03763,1,9,0,5,0,1,0,0,0,0,1,1,6,1,36,7,1998,2,14,-1,3,-1
201591NK03982,1,2,0,18,0,0,1,0,1,0,0,1,6,1,16,4,50,1,-1,-1,2,-1
201591NK04415,1,9,0,17,0,0,2,0,7,0,1,1,6,2,20,4,1149,1,13,-1,3,-1
201591NK04712,1,9,0,18,0,0,0,0,0,0,1,1,6,1,19,4,-1,-1,-1,-1,3,-1
201591NK04712,2,9,0,18,0,0,0,11,7,0,1,1,2,2,56,9,1582,2,4,-1,-1,-1
201591NK04942,1,9,0,18,0,0,2,0,2,11,1,1,6,2,47,8,1968,2,5,-1,3,-1
201591NL00068,1,9,0,18,0,0,0,0,0,0,1,1,6,1,82,11,1242,1,6,-1,3,-1
201591NL00068,2,11,0,8,0,0,0,0,0,0,2,1,1,1,64,9,8268,2,10,-1,3,-1
201591NL00257,1,90,0,18,0,0,2,0,7,11,1,1,1,1,65,9,-1,-1,-1,-1,3,-1
201591NL00405,1,9,0,18,0,0,0,0,0,0,1,1,6,2,27,6,2771,1,16,-1,3,-1
201591NL00405,2,9,0,18,0,0,0,0,0,0,1,1,6,1,72,10,-1,-1,-1,-1,3,-1
201591NL00807,1,9,0,16,0,0,1,0,1,0,1,1,6,2,47,8,-1,-1,-1,-1,3,-1
201591NL01151,1,9,0,16,0,0,2,0,7,11,1,1,6,1,41,7,2198,1,13,-1,3,-1
201591NL01584,1,9,0,18,0,0,0,0,0,0,4,1,6,1,49,8,2494,1,17,-1,2,-1
201591NL01674,1,19,0,9,0,5,0,0,0,0,1,1,2,1,30,6,-1,-1,-1,-1,3,-1
201591NL02166,1,9,0,4,0,1,0,0,1,9,1,1,6,1,24,5,1198,1,12,-1,-1,-1
201591NL02166,2,9,0,4,0,1,0,0,7,0,2,1,6,1,63,9,1995,2,14,-1,3,-1
201591NL02281,1,19,0,4,0,0,0,0,0,0,1,1,1,1,47,8,1560,2,1,-1,-1,-1
201591NL02281,2,97,0,13,0,0,0,0,0,0,4,1,6,1,44,7,-1,-1,-1,-1,3,-1
201591NL02287,1,9,0,17,0,0,0,0,1,0,1,1,6,1,72,10,1399,1,6,-1,3,-1
201591NL02287,2,9,0,2,6,0,0,0,0,0,0,1,6,1,-1,-1,-1,-1,-1,-1,-1,-1
201591NL02457,1,19,0,18,0,0,5,0,7,10,1,1,2,1,26,6,2402,2,15,-1,3,-1
201591NL02545,1,9,0,9,0,2,0,0,0,0,3,1,2,1,17,4,1198,1,11,-1,3,-1
201591NL02545,2,9,0,18,-1,8,0,0,0,0,1,1,2,1,22,5,1595,1,10,-1,2,-1
201591NL02994,1,9,0,5,0,2,0,0,1,0,3,1,6,1,66,10,999,1,6,-1,-1,-1
201591NL02994,2,9,3,18,0,1,0,0,1,0,1,1,6,1,57,9,2231,2,-1,-1,2,-1
201591NL03320,1,9,0,18,0,0,2,0,7,11,1,1,6,1,23,5,1984,1,7,-1,3,-1
201591NL03599,1,9,0,16,0,0,5,0,7,0,0,1,6,1,28,6,-1,-1,-1,-1,3,-1
201591NL03844,1,5,0,17,0,0,0,0,2,11,1,1,6,1,38,7,1352,1,6,-1,-1,-1
201591NL03891,1,9,0,18,0,1,0,0,0,0,1,1,2,1,33,6,2494,2,2,-1,1,-1
201591NL03891,2,9,0,4,0,1,0,0,0,0,2,1,2,1,50,8,-1,-1,-1,-1,1,-1
201591NL04264,1,9,0,18,0,0,0,0,0,0,4,1,6,2,25,5,1398,1,11,-1,3,-1
201591NL04281,1,9,0,16,0,0,0,0,1,9,1,1,2,1,21,5,1994,1,9,-1,3,-1
201591NL04375,1,9,0,18,0,1,0,0,0,0,1,1,1,1,48,8,1995,2,3,-1,-1,-1
201591NL05534,1,5,0,18,0,0,0,0,1,11,1,1,6,1,24,5,646,1,10,-1,3,-1
201591NL05549,1,9,0,18,0,0,1,0,0,0,1,1,6,1,20,4,1360,1,11,-1,3,-1
201591NL05650,1,9,0,9,0,1,0,0,0,0,3,1,2,2,18,4,1349,1,4,-1,-1,-1
201591NL05952,1,9,0,13,0,0,1,0,7,11,1,1,6,1,38,7,1997,2,2,-1,3,-1
201591NL06073,1,4,0,18,0,1,1,4,0,0,1,1,2,1,33,6,487,1,11,-1,3,-1
201591NL06073,2,19,0,2,6,1,0,0,0,0,1,1,2,2,50,8,1753,2,7,-1,3,-1
201591NM00036,1,9,0,17,0,0,2,0,7,9,4,1,6,2,57,9,1998,1,11,-1,2,-1
201591NM00280,1,9,0,18,0,0,5,0,7,11,1,1,2,1,50,8,1598,1,14,-1,3,-1
201591NM00355,1,21,4,18,0,0,5,0,1,11,1,1,1,1,35,6,11705,2,6,-1,1,-1
201591NM00427,1,21,1,18,0,0,3,0,4,0,1,1,1,1,56,9,12902,2,3,-1,3,-1
201591NM00468,1,9,0,18,0,0,0,10,0,0,1,1,6,2,54,8,1591,1,1,-1,2,-1
201591NM00468,2,22,0,18,9,0,0,0,0,0,3,1,6,1,80,11,-1,-1,-1,-1,2,-1
201591NM00576,1,9,0,18,0,0,1,0,1,10,4,1,6,1,40,7,-1,-1,-1,-1,3,-1
201591NM00583,1,9,0,18,0,0,0,0,1,11,1,1,3,1,49,8,-1,-1,-1,-1,3,-1
201591NM00583,2,11,0,16,0,0,1,0,0,0,3,1,1,1,21,5,-1,2,18,-1,3,-1
201591NM00599,1,17,4,13,0,0,0,0,0,0,0,1,1,1,32,6,-1,-1,-1,-1,1,-1
201591NM00599,2,9,0,13,0,0,0,0,7,4,3,1,6,1,28,6,2967,2,1,-1,2,-1
201591NM00634,1,9,0,3,0,0,0,0,0,0,2,1,6,1,36,7,1560,2,2,-1,3,-1
201591NM00634,2,9,0,18,0,0,0,0,0,0,1,1,6,1,18,4,1197,1,2,-1,3,-1
201591NM00727,1,9,0,10,0,1,0,0,0,0,0,1,6,2,72,10,1598,1,9,-1,2,-1
201591NM00732,1,9,0,4,0,0,0,0,0,0,2,1,6,1,50,8,-1,-1,-1,-1,1,-1
201591NM00732,2,9,0,16,0,0,0,0,0,0,1,1,6,2,50,8,-1,-1,-1,-1,-1,-1
201591NM01124,1,9,0,12,0,1,0,0,0,0,3,1,6,1,76,11,-1,-1,-1,-1,3,-1
201591NM01124,2,9,0,17,0,1,0,10,6,0,4,1,1,1,43,7,1598,2,3,-1,1,-1
201591NM01187,1,9,0,18,0,0,1,0,0,0,3,1,6,2,66,10,-1,-1,-1,-1,3,-1
201591NM01187,2,9,0,18,0,0,0,0,0,0,3,1,6,1,28,6,1753,2,9,-1,3,-1
201591NM01187,3,9,0,18,0,0,0,0,0,0,0,1,6,1,26,6,2993,2,11,-1,3,-1
201591NM01187,4,9,0,18,0,0,0,0,0,0,0,1,6,2,30,6,-1,-1,-1,-1,2,-1
201591NM01187,5,9,0,18,0,0,0,0,0,0,0,1,6,2,51,8,1994,2,10,-1,3,-1
201591NM01519,1,9,0,16,0,0,1,0,0,0,0,1,6,2,58,9,-1,-1,-1,-1,3,-1
201591NM01911,1,1,0,18,0,2,0,0,0,0,0,1,6,1,45,7,-1,-1,-1,-1,3,-1
201591NM02088,1,5,0,16,0,1,1,0,7,10,1,1,6,1,47,8,599,1,2,-1,3,-1
201591NM02212,1,21,1,18,0,0,0,0,0,0,1,1,1,1,50,8,12809,2,1,-1,3,-1
201591NM02212,2,21,1,18,0,0,0,0,0,0,2,1,1,1,66,10,-1,-1,-1,-1,-1,-1
201591NM02212,3,19,0,18,0,0,0,0,0,0,0,1,1,1,35,6,2198,2,1,-1,3,-1
201591NM02795,1,9,0,16,0,0,5,0,1,9,4,1,6,1,25,5,2351,1,14,-1,1,-1
201591NM03007,1,9,0,18,0,0,0,0,0,0,1,1,6,2,68,10,1197,1,5,-1,3,-1
201591NM03253,1,9,0,4,0,0,0,0,0,0,2,1,6,1,50,8,1997,2,1,-1,-1,-1
201591NM03253,2,9,0,4,0,0,1,4,0,0,1,1,6,1,65,9,1461,2,-1,-1,3,-1
201591NM03313,1,19,0,10,0,1,0,0,1,0,3,1,6,1,68,10,-1,-1,-1,-1,1,-1
201591NM03313,2,9,0,13,0,1,0,0,0,0,4,1,6,1,39,7,1598,1,16,-1,1,-1
201591NM03338,1,9,0,18,0,0,2,0,1,0,4,1,2,1,28,6,1461,2,3,-1,1,-1
201591NM03920,1,9,0,18,0,0,5,0,7,0,1,1,6,1,16,4,1198,1,8,-1,3,-1
201591NM04788,1,9,0,17,0,0,0,0,0,0,4,1,6,1,58,9,-1,-1,-1,-1,1,-1
201591NM04968,1,5,0,16,0,0,1,0,7,11,1,1,6,1,46,8,1137,1,15,-1,2,-1
201591NM04997,1,90,0,18,0,0,1,0,0,0,1,1,1,1,23,5,-1,-1,-1,-1,-1,-1
201591NM04997,2,21,0,18,0,0,0,0,0,0,3,1,1,1,42,7,12900,2,6,-1,-1,-1
201591NM04997,3,21,1,18,0,0,1,0,1,0,1,1,1,1,51,8,11705,2,8,-1,1,-1
201591NM04997,4,9,0,18,0,0,1,0,0,0,1,1,6,2,50,8,2946,1,8,-1,1,-1
201591NM05288,1,9,0,10,0,2,0,0,0,0,1,1,6,1,47,8,1598,1,-1,-1,-1,-1
201591NM05288,2,9,0,18,0,1,0,0,0,0,4,1,6,1,34,6,1910,2,9,-1,3,-1
201591NM05288,3,9,0,10,0,1,0,0,0,0,4,1,6,1,32,6,2494,2,2,-1,3,-1
201591NM05315,1,9,0,9,0,8,0,0,0,0,0,1,6,1,67,10,1591,1,-1,-1,-1,-1
201591NM05315,2,5,0,18,0,8,1,0,1,9,3,1,6,1,42,7,599,1,6,-1,1,-1
201591NM05758,1,9,0,18,0,8,0,0,0,0,3,1,6,1,23,5,1390,1,7,-1,1,-1
201591NM05758,2,9,0,9,0,1,0,0,0,0,3,1,6,1,59,9,1998,8,-1,-1,-1,-1
201591NM05837,1,9,0,16,0,0,5,0,1,11,1,1,6,2,18,4,1199,1,13,-1,-1,-1
201591NM05979,1,9,0,18,0,0,1,0,7,0,1,1,6,1,74,10,2179,2,3,-1,2,-1
201591NM05979,2,21,1,18,0,0,0,0,0,0,4,1,1,1,45,7,11967,2,2,-1,1,-1
201591NM05986,1,9,0,17,0,0,0,0,0,0,1,1,6,1,79,11,998,1,2,-1,-1,-1
201591NM06321,1,9,0,18,6,0,0,0,7,1,1,1,6,1,57,9,1686,2,1,-1,1,-1
201591NM06389,1,90,0,4,6,0,1,0,1,0,1,1,6,1,71,10,2800,2,16,-1,3,-1
201591NM06393,1,9,0,16,0,2,0,0,1,11,2,1,6,2,82,11,1242,1,4,-1,2,-1
201591NM06393,2,5,0,17,0,8,1,0,0,0,1,1,6,1,42,7,999,1,6,-1,2,-1
201591NM06486,1,9,0,18,0,8,0,0,0,0,1,1,6,1,83,11,1968,2,3,-1,2,-1
201591NM06486,2,9,0,9,0,1,0,0,1,0,1,1,6,2,77,11,999,1,1,-1,2,-1
201591NM06491,1,9,0,18,0,0,2,10,7,11,0,1,6,1,24,5,1398,1,1,-1,1,-1
201591NM06600,1,9,0,16,0,0,0,0,0,0,1,1,6,1,50,8,1900,2,15,-1,-1,-1
201591NM06600,2,5,0,17,0,0,0,0,7,0,1,1,6,1,58,9,-1,-1,-1,-1,-1,-1
201591NM06679,1,2,0,18,0,0,0,0,1,0,0,1,2,2,18,4,125,1,1,-1,-1,-1
201591NM06843,1,9,0,16,0,0,2,0,1,0,1,1,6,2,20,4,-1,-1,-1,-1,2,-1
201591NM07075,1,9,0,18,0,0,5,0,1,0,1,1,2,1,57,9,2198,2,-1,-1,3,-1
201591NM07075,2,9,0,18,0,0,0,0,0,0,1,1,6,1,53,8,1968,2,1,-1,-1,-1
201591NM07075,3,9,0,2,6,0,0,0,0,0,2,1,6,2,72,10,-1,-1,-1,-1,1,-1
201591NM07110,1,19,0,18,0,0,0,0,0,0,1,1,1,1,41,7,1248,2,7,-1,1,-1
201591NM07110,2,1,0,18,0,0,0,0,7,0,2,1,6,1,36,7,-1,-1,-1,-1,2,-1
201591NM07361,1,9,0,18,0,0,0,0,0,0,1,1,6,1,64,9,1396,1,5,-1,-1,-1
201591NM07361,2,5,0,13,0,0,2,0,7,0,1,1,6,1,26,6,1200,1,2,-1,-1,-1
201591NM07529,1,9,0,18,0,0,0,0,0,0,1,1,2,1,55,8,-1,-1,-1,-1,3,-1
201591NM07529,2,9,0,18,0,0,0,0,0,0,1,1,6,2,65,9,2179,2,3,-1,3,-1
201591NM07782,1,5,0,16,0,0,2,0,1,11,4,1,6,1,37,7,1137,1,8,-1,1,-1
201591NM08199,1,9,0,16,0,0,1,0,0,0,1,1,6,2,18,4,-1,-1,-1,-1,-1,-1
201591NM08199,2,9,0,17,0,0,2,0,1,9,1,1,6,1,42,7,1868,2,15,-1,2,-1
201591NM08389,1,9,0,18,0,1,0,0,0,0,1,1,6,2,62,9,1598,2,1,-1,2,-1
201591NM08389,2,9,0,8,0,1,0,0,0,0,2,1,6,2,37,7,1390,1,17,-1,-1,-1
201591NM08389,3,9,0,8,0,1,0,0,0,7,2,1,6,1,33,6,2179,2,10,-1,1,-1
201591NM08635,1,9,0,18,0,1,0,0,0,0,4,1,6,2,47,8,1198,1,10,-1,1,-1
201591NM08635,2,9,0,5,0,2,0,0,0,0,1,1,1,1,28,6,1969,2,-1,-1,-1,-1
201591NM08724,1,97,0,17,0,0,0,0,0,0,1,1,6,1,26,6,-1,-1,-1,-1,3,-1
201591NM08809,1,9,0,17,0,0,0,0,1,11,1,1,6,1,17,4,1124,1,14,-1,2,-1
201591NM08863,1,9,0,17,0,0,0,0,2,11,1,1,6,1,23,5,2143,2,-1,-1,3,-1
201591NM09195,1,21,1,5,0,1,0,0,0,0,4,1,1,1,48,8,12777,2,4,-1,1,-1
201591NM09446,1,9,0,17,0,0,2,0,1,11,4,1,2,2,25,5,1398,1,10,-1,3,-1
201591NM09483,1,21,1,18,0,1,1,0,1,0,1,1,1,1,52,8,12777,2,4,-1,1,-1
201591NM09483,2,9,0,10,0,5,0,0,1,0,1,2,6,2,46,8,-1,-1,-1,-1,-1,-1
201591NM09483,3,21,1,18,0,1,3,0,0,0,1,1,1,1,41,7,12809,2,1,-1,2,-1
201591NM09483,4,9,0,10,0,1,0,0,0,0,1,1,1,2,21,5,2268,2,2,-1,-1,-1
201591NM09589,1,9,0,16,0,0,1,0,7,0,0,1,6,2,65,9,1598,2,2,-1,3,-1
201591NM09764,1,9,0,7,0,1,0,0,0,0,2,1,6,1,63,9,1248,2,10,-1,3,-1
201591NM09764,2,19,0,16,0,1,0,0,0,0,1,1,1,1,21,5,-1,-1,-1,-1,3,-1
201591NM10046,1,9,0,16,0,0,2,0,1,0,1,1,2,1,22,5,1596,1,10,-1,3,-1
201591NM10318,1,9,0,18,0,0,1,0,7,9,1,1,6,1,58,9,1560,2,-1,-1,3,-1
201591NM10318,2,90,0,17,0,0,2,0,0,4,1,1,1,1,51,8,-1,-1,-1,-1,3,-1
201591NM10370,1,9,0,18,0,2,2,0,0,4,4,1,6,2,35,6,1598,1,8,-1,3,-1
201591NN00456,1,9,0,18,9,0,0,0,1,2,1,1,6,2,34,6,1339,1,5,-1,1,-1
201591NN00458,1,9,0,18,0,0,0,0,0,0,1,1,1,1,37,7,-1,-1,-1,-1,2,-1
201591NN00458,2,9,0,18,0,0,0,0,0,0,2,1,6,1,50,8,1386,1,9,-1,2,-1
201591NN00458,3,21,1,18,0,0,0,0,0,0,2,1,1,1,-1,-1,12902,2,1,-1,3,-1
201591NN00487,1,9,0,16,0,0,2,0,0,0,4,1,6,2,46,8,1198,1,5,-1,3,-1
201591NN01028,1,9,0,18,0,1,0,0,0,0,1,1,6,2,66,10,1197,1,-1,-1,1,-1
201591NN01028,2,9,0,18,0,2,0,0,1,7,1,1,6,2,30,6,1968,2,5,-1,3,-1
201591NN01591,1,9,0,17,0,0,1,0,7,4,1,1,6,1,24,5,1600,2,5,-1,-1,-1
201591NN01643,1,9,0,16,0,0,0,0,0,0,1,1,6,2,-1,-1,1248,1,4,-1,3,-1
201591NN01643,2,9,0,17,0,0,0,0,0,0,1,1,6,1,20,4,1364,1,5,-1,3,-1
201591NN01705,1,9,0,18,0,0,0,0,0,0,1,1,2,1,31,6,1198,1,8,-1,1,-1
201591NN02224,1,9,0,16,0,0,2,0,1,9,1,1,6,2,20,4,-1,-1,-1,-1,1,-1
201591NN02906,1,22,0,18,0,-1,0,0,0,0,3,1,6,1,74,10,-1,-1,-1,-1,-1,-1
201591NN02906,2,9,0,18,0,-1,0,0,0,0,3,1,1,1,54,8,-1,-1,-1,-1,1,-1
201591NN03069,1,98,0,10,0,1,0,0,0,0,4,1,1,1,54,8,1248,2,7,-1,1,-1
201591NN03069,2,9,0,18,0,1,0,0,0,0,1,1,1,1,68,10,-1,-1,-1,-1,2,-1
201591NN03204,1,9,0,5,0,0,0,0,0,0,4,1,1,1,54,8,2496,1,14,-1,1,-1
201591NN03462,1,9,0,4,0,3,0,0,0,0,1,1,6,1,68,10,1242,1,16,-1,1,-1
201591NN03462,2,1,0,18,0,3,0,0,0,0,3,1,6,1,17,4,-1,-1,-1,-1,-1,-1
201591NN04005,1,9,0,18,0,0,5,0,0,0,0,1,6,1,17,4,-1,-1,-1,-1,1,-1
201591NN04189,1,9,0,13,0,0,1,0,7,4,1,1,6,1,83,11,-1,-1,-1,-1,3,-1
201591NN04189,2,9,0,18,0,0,1,0,1,0,1,1,6,2,30,6,1968,2,10,-1,1,-1
201591NN04189,3,9,0,18,0,0,0,0,0,0,3,1,6,1,51,8,-1,-1,-1,-1,2,-1
201591NN04189,4,9,0,13,0,0,1,0,7,0,1,1,6,1,27,6,-1,-1,-1,-1,1,-1
201591NN04419,1,9,0,18,0,3,0,0,0,0,1,1,6,2,65,9,1398,1,4,-1,-1,-1
201591NN04644,1,4,0,14,0,0,1,0,0,0,4,1,6,1,25,5,124,1,3,-1,1,-1
201591NN04708,1,21,1,8,0,1,0,0,0,0,0,1,1,1,51,8,12419,2,3,-1,3,-1
201591NN05279,1,5,0,18,0,0,1,0,0,0,3,1,6,1,63,9,-1,-1,-1,-1,-1,-1
201591NN05489,1,9,0,16,0,0,1,0,0,0,1,1,6,2,43,7,-1,-1,-1,-1,3,-1
201591NN05489,2,19,4,17,0,0,0,0,0,0,1,1,1,1,51,8,-1,-1,-1,-1,-1,-1
201591NN05826,1,9,0,16,0,0,1,0,7,11,1,1,2,2,19,4,-1,-1,-1,-1,3,-1
201591NN06050,1,9,0,18,0,0,2,0,1,11,1,1,6,2,27,6,-1,-1,-1,-1,3,-1
201591NN06256,1,9,0,18,0,8,0,0,7,0,1,1,2,1,52,8,-1,-1,-1,-1,2,-1
201591NN06256,2,9,0,9,0,8,0,0,3,0,1,1,2,1,45,7,-1,-1,-1,-1,1,-1
201591NN06481,1,8,0,5,0,4,0,0,0,0,1,1,1,1,62,9,1995,2,2,-1,-1,-1
201591NN06481,2,1,0,18,0,8,0,0,0,0,3,1,2,1,22,5,-1,-1,-1,-1,1,-1
201591NN06513,1,9,0,17,0,0,1,0,7,11,3,1,6,2,25,5,1461,2,13,-1,1,-1
201591NN06914,1,9,0,9,0,8,0,0,0,0,3,1,6,2,37,7,1248,1,1,-1,3,-1
201591NN06914,2,8,0,18,0,8,0,0,0,0,1,1,1,1,38,7,1896,2,5,-1,1,-1
201591NN06915,1,11,0,1,2,0,0,0,0,0,2,1,1,1,39,7,-1,-1,-1,-1,-1,-1
201591NN06983,1,9,0,5,0,0,0,0,0,0,4,1,1,1,61,9,1796,1,9,-1,1,-1
201591NN07227,1,9,0,3,0,1,0,0,0,0,2,1,6,1,24,5,1246,1,9,-1,3,-1
201591NN07227,2,19,0,18,0,1,0,0,0,0,1,1,6,1,39,7,2198,2,2,-1,1,-1
201591NN07361,1,9,0,3,0,1,0,0,0,0,3,1,6,2,37,7,-1,-1,-1,-1,3,-1
201591NN07361,2,20,0,18,0,1,1,0,0,0,1,1,1,1,52,8,4461,2,6,-1,1,-1
201591NN07361,3,9,0,18,0,1,1,10,1,9,1,1,6,2,32,6,1598,2,4,-1,1,-1
201591NN08369,1,19,0,5,0,0,0,0,0,0,2,1,6,1,45,7,2198,2,2,-1,1,-1
201591NN08424,1,9,0,9,0,6,0,0,0,0,1,1,2,1,57,9,-1,-1,-1,-1,2,-1
201591NN08424,2,9,0,18,0,1,0,0,0,0,1,1,6,1,71,10,1396,1,11,-1,2,-1
201591NN08881,1,9,0,13,0,0,0,0,0,0,1,1,6,1,32,6,1968,2,5,-1,1,-1
201591NN08881,2,19,0,17,0,0,0,0,0,0,1,1,2,1,48,8,-1,-1,-1,-1,3,-1
201591NN09180,1,9,0,13,0,8,0,0,0,0,4,1,6,1,23,5,1390,1,7,-1,1,-1
201591NN09180,2,1,0,9,0,5,1,0,0,0,1,1,6,1,43,7,-1,-1,-1,-1,1,-1
201591NN10113,1,5,0,12,0,0,1,0,0,0,1,1,6,1,30,6,645,1,12,-1,-1,-1
201591NN10113,2,9,0,12,0,0,0,0,0,0,2,1,6,1,46,8,1248,2,2,-1,3,-1
201591NN10724,1,9,0,18,0,2,0,0,0,0,3,1,6,2,36,7,-1,-1,-1,-1,3,-1
201591NN11139,1,9,0,17,0,2,0,0,0,0,1,1,6,1,27,6,1598,1,4,-1,1,-1
201591NN11139,2,1,0,16,0,1,1,0,0,0,1,1,6,1,16,4,-1,-1,-1,-1,1,-1
201591NN11503,1,98,1,18,0,0,0,0,2,10,3,1,1,1,36,7,12900,2,4,-1,3,-1
201591NN11503,2,98,1,18,0,0,0,0,0,0,3,1,1,1,48,8,12902,2,-1,-1,3,-1
201591NN12506,1,9,0,16,0,0,2,0,0,0,3,1,2,1,24,5,1997,1,5,-1,1,-1
201591NN12506,2,9,0,18,0,0,0,0,0,0,1,1,6,1,41,7,1560,2,3,-1,3,-1
201591NN12600,1,9,0,3,0,1,0,0,0,0,2,1,6,2,53,8,898,1,1,-1,3,-1
201591NN12600,2,9,0,4,0,1,0,0,0,0,1,1,6,1,35,6,1910,2,10,-1,1,-1
201591NN12793,1,9,0,14,0,1,0,0,0,0,4,1,6,2,73,10,-1,-1,-1,-1,1,-1
201591NN13956,1,98,0,5,0,6,0,0,0,0,4,1,1,1,64,9,4580,2,17,-1,3,-1
201591NN13956,2,9,0,16,0,1,0,0,0,0,1,1,6,2,25,5,1896,2,12,-1,3,-1
201591NN13969,1,8,0,18,0,0,0,0,0,0,0,1,1,1,31,6,1995,2,4,-1,1,-1
201591NN15869,1,1,0,17,0,0,0,0,0,0,1,1,6,1,31,6,-1,-1,-1,-1,-1,-1
201591NN15869,2,9,-1,-1,0,0,-1,0,-1,0,-1,-1,-1,-1,-1,-1,-1,-1,-1,-1,-1,-1
201591NN16090,1,9,0,6,0,6,5,0,0,1,1,1,6,1,67,10,2402,2,7,-1,1,-1
201591NN16090,2,9,0,18,0,1,0,0,0,1,1,1,6,1,64,9,1560,2,4,-1,-1,-1
201591NN16278,1,9,0,18,0,8,0,0,0,0,1,1,6,1,59,9,2231,2,4,-1,2,-1
201591NN16278,2,9,0,9,0,8,0,0,0,0,1,1,6,1,45,7,1716,2,13,-1,3,-1
201591NN17024,1,9,0,18,0,0,1,0,7,0,1,1,6,1,42,7,1461,2,-1,-1,-1,-1
201591NN17024,2,9,0,17,0,0,0,0,0,0,1,1,6,2,48,8,1341,1,12,-1,3,-1
201591NN17402,1,9,0,18,0,8,0,0,0,0,1,1,2,2,43,7,1339,1,13,-1,3,-1
201591NN17402,2,9,0,9,0,8,0,0,0,0,1,1,6,1,45,7,1968,2,-1,-1,-1,-1
201591NN17681,1,9,0,18,0,1,1,0,0,0,1,1,2,1,45,7,-1,-1,-1,-1,-1,-1