Accident_Index,Vehicle_Reference,Vehicle_Type,Towing_and_Articulation,Vehicle_Manoeuvre,Vehicle_Location-Restricted_Lane,Junction_Location,Skidding_and_Overturning,Hit_Object_in_Carriageway,Vehicle_Leaving_Carriageway,Hit_Object_off_Carriageway,1st_Point_of_Impact,Was_Vehicle_Left_Hand_Drive?,Journey_Purpose_of_Driver,Sex_of_Driver,Age_of_Driver,Age_Band_of_Driver,Engine_Capacity_(CC),Propulsion_Code,Age_of_Vehicle,Driver_IMD_Decile,Driver_Home_Area_Type,Vehicle_IMD_Decile
201591NN17681,2,9,0,9,0,5,0,0,0,0,2,1,6,1,54,8,1598,1,-1,-1,-1,-1
201591NN18172,1,9,0,9,0,0,0,0,0,0,3,1,6,2,46,8,2199,2,2,-1,3,-1
201591NN18172,2,3,0,14,0,0,0,0,0,0,1,1,6,1,57,9,124,2,1,-1,-1,-1
201591NN18678,1,9,0,18,0,0,1,12,0,7,1,1,2,2,21,5,1360,1,11,-1,3,-1
201591NN19498,1,9,0,17,0,0,2,0,7,0,1,1,6,2,91,11,1198,1,9,-1,3,-1
201591NN19498,2,9,0,16,0,0,0,0,0,0,1,1,2,1,45,7,2926,2,10,-1,2,-1
201591NN20823,1,9,0,18,0,1,0,0,0,0,3,1,6,2,58,9,1686,2,1,-1,2,-1
201591NN21126,1,9,0,3,0,2,0,0,0,0,2,1,1,2,26,6,2198,2,1,-1,-1,-1
201591NN21126,2,9,0,18,0,1,0,0,0,0,1,1,6,1,27,6,1900,2,9,-1,1,-1
201591NN21439,1,9,0,18,0,0,0,0,7,9,1,1,6,1,49,8,1398,1,-1,-1,-1,-1
201591NN21454,1,9,0,18,0,0,5,0,0,0,1,1,6,1,46,8,1461,2,-1,-1,-1,-1
201591NN21454,2,9,0,6,6,0,0,0,0,0,1,1,6,2,50,8,1685,2,3,-1,1,-1
201591NN21564,1,9,0,3,0,0,0,0,0,0,2,1,6,1,24,5,1149,1,10,-1,3,-1
201591NN21564,2,9,0,18,0,0,0,0,0,0,1,1,2,2,48,8,1560,2,1,-1,1,-1
201591NN21631,1,9,0,17,0,0,2,0,0,0,1,1,6,1,24,5,1998,1,5,-1,3,-1
201591NN22703,1,9,0,5,9,1,0,0,3,10,1,1,6,1,83,11,998,1,4,-1,1,-1
201591NN22798,1,9,0,17,0,0,0,0,7,1,1,1,6,1,76,11,1797,8,3,-1,1,-1
201591NN23716,1,9,0,15,0,1,0,0,0,0,4,1,6,1,35,6,1956,2,4,-1,1,-1
201591NN23716,2,98,0,9,0,1,0,0,0,0,3,1,6,1,50,8,2198,2,3,-1,-1,-1
201591NN23779,1,90,0,18,0,0,0,0,0,0,4,1,6,1,74,10,1929,2,18,-1,-1,-1
201591NN23832,1,11,0,13,0,0,0,0,0,0,4,1,1,1,59,9,7300,2,9,-1,1,-1
201591NN23832,2,9,0,13,0,0,1,0,1,11,1,1,6,1,74,10,2143,2,2,-1,3,-1
201591NN23901,1,1,0,15,0,3,0,0,1,0,4,1,6,2,58,9,-1,-1,-1,-1,-1,-1
201591NN23901,2,9,0,18,0,3,0,0,0,0,4,1,6,2,54,8,1896,2,9,-1,-1,-1
201591NN24131,1,1,0,3,0,3,0,0,0,0,2,1,2,1,32,6,-1,-1,-1,-1,-1,-1
201591NN24131,2,9,0,3,0,3,0,0,0,0,2,1,6,2,38,7,1598,1,8,-1,-1,-1
201591NN24220,1,9,0,4,0,0,0,0,0,0,1,1,6,1,59,9,1149,1,7,-1,1,-1
201591NN24220,2,9,0,3,0,0,0,0,0,0,2,1,6,1,66,10,1598,1,14,-1,1,-1
201591NN24220,3,9,0,4,0,0,0,0,0,0,2,1,6,1,72,10,1149,1,5,-1,1,-1
201591NN24373,1,9,0,16,0,0,1,0,0,0,1,1,6,1,38,7,1685,2,1,-1,-1,-1
201591NN24373,2,19,0,17,0,0,1,0,1,7,1,1,2,1,48,8,1896,2,7,-1,3,-1
201591NN24373,3,19,4,18,0,0,0,0,0,0,3,1,6,1,54,8,1598,2,-1,-1,2,-1
201591NN24478,1,9,0,1,-1,0,0,0,0,0,2,1,1,1,52,8,1598,2,3,-1,3,-1
201591NN24619,1,4,0,16,0,3,5,0,0,0,4,1,6,1,56,9,847,1,-1,-1,3,-1
201591NN25366,1,9,0,7,0,6,0,0,0,0,3,1,6,1,71,10,-1,-1,-1,-1,1,-1
201591NN25366,2,1,0,16,0,6,0,0,0,0,1,1,6,1,32,6,-1,-1,-1,-1,1,-1
201591NN25692,1,9,0,18,0,0,0,0,0,0,1,1,6,1,36,7,1596,1,2,-1,1,-1
201591NN25692,2,1,0,18,0,0,5,0,0,0,2,1,6,1,72,10,-1,-1,-1,-1,-1,-1
201591NN26511,1,9,0,17,0,0,1,0,8,0,1,1,6,1,17,4,1364,1,10,-1,3,-1
201591NN26637,1,21,0,17,0,0,0,0,1,0,3,1,1,1,56,9,10837,2,1,-1,3,-1
201591NN26637,2,11,0,16,0,0,1,0,0,0,3,1,1,1,47,8,3972,2,11,-1,1,-1
201591NN26711,1,9,0,13,0,1,0,0,0,0,1,1,6,1,33,6,3000,1,15,-1,3,-1
201591NN26711,2,9,0,9,0,1,0,0,0,0,3,1,6,1,64,9,1598,2,4,-1,3,-1
201591NN27396,1,3,0,18,0,0,1,0,2,11,1,1,6,1,21,5,124,1,1,-1,2,-1
201591NN27511,1,19,0,7,0,6,0,0,0,0,4,1,1,1,41,7,2198,2,-1,-1,1,-1
201591NN27511,2,1,0,18,0,6,0,0,0,0,3,1,2,2,58,9,-1,-1,-1,-1,1,-1
201591NN27973,1,9,0,11,0,5,1,10,3,1,4,1,3,1,20,4,1998,1,12,-1,3,-1
201591NN28056,1,9,0,10,0,0,0,0,7,0,0,1,1,1,51,8,-1,-1,-1,-1,1,-1
201591NN28056,2,9,4,18,0,0,0,0,0,0,1,1,1,1,82,11,2765,2,14,-1,3,-1
201591NN28427,1,9,0,17,0,0,1,0,1,0,1,1,6,2,40,7,1299,1,10,-1,2,-1
201591NN29315,1,9,0,5,0,2,0,0,0,0,1,1,6,1,48,8,999,1,2,-1,1,-1
201591NN29388,1,9,0,9,0,2,0,0,0,0,3,1,6,2,60,9,1197,1,-1,-1,1,-1
201591NN29388,2,9,0,9,0,2,0,0,0,0,3,1,6,2,42,7,-1,-1,-1,-1,1,-1
201591NN30004,1,9,0,3,0,0,0,0,0,0,2,1,2,2,49,8,-1,-1,-1,-1,2,-1
201591NN30004,2,9,0,18,0,0,1,0,0,0,1,1,6,2,53,8,1600,2,5,-1,1,-1
201591NN30024,1,5,0,18,0,0,1,0,2,10,0,1,6,1,46,8,996,1,18,-1,3,-1
201591NN30545,1,9,0,16,0,0,2,0,7,11,1,1,2,2,20,4,1229,1,1,-1,-1,-1
201591NN30669,1,97,0,4,0,0,1,0,0,0,4,1,6,1,30,6,124,1,15,-1,3,-1
201591NN30918,1,9,0,18,0,1,0,0,0,0,1,1,6,1,32,6,-1,-1,-1,-1,1,-1
201591NN30918,2,9,0,10,0,1,0,0,0,0,3,1,6,1,32,6,1275,1,17,-1,1,-1
201591NN31009,1,9,0,6,0,0,0,0,0,0,3,1,2,1,47,8,1461,2,-1,-1,3,-1
201591NN31009,2,3,0,18,0,0,5,0,0,0,1,1,2,1,54,8,125,1,7,-1,1,-1
201591NN31073,1,8,0,10,0,1,0,0,0,0,2,1,1,1,39,7,1896,2,11,-1,1,-1
201591NN31073,2,9,0,18,0,1,0,0,0,0,1,1,6,1,21,5,1364,1,1,-1,1,-1
201591NN31921,1,9,0,18,0,0,0,0,1,10,4,1,6,1,51,8,1798,1,13,-1,1,-1
201591NN33354,1,9,0,18,0,4,0,0,0,0,2,1,2,1,46,8,1598,1,5,-1,3,-1
201591NN33354,2,9,0,18,0,4,0,0,0,0,1,1,2,1,25,5,1368,1,9,-1,2,-1
201591NN33466,1,9,0,18,0,0,0,11,0,0,1,1,6,1,42,7,1969,2,1,-1,3,-1
201591NN33466,2,9,0,18,0,0,0,11,0,0,1,1,2,2,51,8,1390,1,5,-1,3,-1
201591NN33466,3,9,0,18,0,0,0,11,0,0,1,1,2,1,56,9,1360,1,8,-1,3,-1
201591NN33466,4,9,0,18,0,0,0,11,0,1,1,1,6,1,30,6,999,1,3,-1,1,-1
201591NN33466,5,9,0,18,0,0,0,0,0,0,1,1,6,1,26,6,1968,2,5,-1,1,-1
201591NN33466,6,9,0,18,0,0,0,11,0,0,1,1,6,2,50,8,1598,1,9,-1,-1,-1
201591NN33466,7,9,0,18,0,0,0,0,0,0,1,1,6,2,34,6,1968,2,8,-1,3,-1
201591NN33466,8,19,0,18,0,0,0,11,0,0,1,1,2,1,32,6,1753,2,2,-1,2,-1
201591NN33466,9,9,0,18,0,0,0,10,0,0,1,1,6,1,19,4,1388,1,5,-1,3,-1
201591NN33857,1,9,0,18,0,0,2,0,1,0,1,1,6,2,22,5,1149,1,7,-1,3,-1
201591NN33871,1,9,0,18,0,0,2,0,1,4,3,1,2,1,18,4,1388,1,10,-1,1,-1
201591NN34342,1,9,0,9,0,8,0,0,0,0,1,1,6,1,62,9,1386,1,6,-1,1,-1
201591NN34342,2,1,0,18,0,1,0,0,0,0,1,1,6,2,49,8,-1,-1,-1,-1,1,-1
201591NN35248,1,9,0,16,0,1,0,0,0,0,4,1,6,2,35,6,1598,1,10,-1,1,-1
201591NN35408,1,9,0,18,0,0,1,0,0,0,0,1,6,1,57,9,1968,2,5,-1,1,-1
201591NN35408,2,9,0,4,0,0,0,0,0,0,1,1,6,1,26,6,1587,1,13,-1,1,-1
201591NN35408,3,9,0,4,0,0,1,0,0,0,1,1,6,2,-1,-1,1598,2,-1,-1,2,-1
201591NN35549,1,8,0,18,0,1,0,0,0,0,2,1,1,1,41,7,1560,2,1,-1,1,-1
201591NN35549,2,9,0,9,0,1,0,0,0,0,1,1,6,2,36,7,1398,1,3,-1,3,-1
201591NP00156,1,9,0,18,0,0,0,0,7,0,4,1,6,1,45,7,1422,2,5,-1,3,-1
201591NP00459,1,19,0,18,0,0,2,0,8,10,1,1,1,1,52,8,-1,-1,-1,-1,3,-1
201591NP00502,1,11,0,16,0,0,0,0,0,0,1,1,1,1,29,6,7300,2,6,-1,3,-1
201591NP00502,2,9,0,17,0,0,1,0,0,0,1,1,1,1,23,5,1248,2,3,-1,-1,-1
201591NP00586,1,9,0,13,0,1,2,0,7,9,1,1,6,1,52,8,-1,-1,-1,-1,3,-1
201591NP00586,2,90,0,18,0,1,0,0,0,0,3,1,6,2,48,8,2490,2,20,-1,2,-1
201591NP00594,1,19,0,16,0,0,2,0,7,9,3,1,1,1,30,6,-1,-1,-1,-1,3,-1
201591NP00953,1,9,0,17,0,2,1,0,7,9,1,1,2,2,51,8,1422,2,6,-1,3,-1
201591NP01016,1,9,0,18,0,0,0,0,0,0,2,1,1,1,33,6,2268,2,1,-1,3,-1
201591NP01016,2,9,0,18,0,0,0,4,0,0,1,1,6,1,65,9,1596,1,3,-1,3,-1
201591NP01057,1,19,0,16,0,0,2,0,1,0,0,1,1,1,42,7,1995,2,2,-1,3,-1
201591NP02004,1,9,0,5,0,0,0,0,0,0,4,1,6,2,18,4,1349,1,11,-1,3,-1
201591NP02036,1,9,0,16,0,0,1,0,8,11,3,-1,2,1,18,4,1242,1,9,-1,2,-1
201591NP02036,2,21,1,17,0,0,0,0,0,0,3,-1,1,1,37,7,12777,2,-1,-1,1,-1
201591NP02050,1,19,0,7,0,2,0,0,0,0,2,1,1,1,59,9,2299,2,-1,-1,3,-1
201591NP02050,2,9,0,7,0,8,0,0,0,0,2,1,1,1,25,5,1598,1,-1,-1,2,-1
201591NP02322,1,9,0,18,0,0,2,0,0,0,4,1,6,1,23,5,1582,2,1,-1,-1,-1
201591NP03247,1,9,0,3,0,1,0,0,0,0,2,1,6,2,36,7,1598,1,10,-1,2,-1
201591NP03247,2,19,0,3,0,1,0,0,0,0,2,1,6,1,41,7,2298,2,3,-1,2,-1
201591NP03247,3,9,0,18,0,1,1,0,0,0,2,1,6,1,57,9,-1,-1,-1,-1,-1,-1
201591NP03876,1,9,4,9,0,6,0,0,0,0,1,1,6,1,69,10,1597,1,17,-1,3,-1
201591NP03876,2,9,0,18,0,1,1,0,7,0,1,1,6,1,28,6,1995,2,12,-1,3,-1
201591NP03951,1,9,0,18,0,0,1,0,1,9,3,1,6,1,78,11,2179,2,4,-1,3,-1
201591NP03951,2,21,0,18,0,0,2,0,0,0,3,1,1,1,52,8,-1,-1,-1,-1,2,-1
201591NP04591,1,5,0,16,0,0,1,0,7,9,1,1,6,1,46,8,-1,-1,-1,-1,-1,-1
201591NP04741,1,9,0,16,0,0,0,0,0,0,1,1,6,1,76,11,-1,-1,-1,-1,-1,-1
201591NP04741,2,9,0,17,0,0,0,0,0,0,1,1,6,1,62,9,2184,2,11,-1,1,-1
201591NP04963,1,97,0,18,0,1,1,0,7,0,4,1,6,1,28,6,-1,-1,-1,-1,-1,-1
201591NP05001,1,9,0,16,0,0,5,10,1,9,1,1,2,1,47,8,1896,2,10,-1,3,-1
201591NP05062,1,5,0,17,0,0,1,0,0,0,0,1,6,1,55,8,-1,-1,-1,-1,-1,-1
201591NP05062,2,9,0,16,0,0,0,0,0,0,0,1,6,2,54,8,1988,1,14,-1,3,-1
201591NP05073,1,19,0,7,0,8,0,0,0,0,4,1,6,1,47,8,2198,2,2,-1,1,-1
201591NP05073,2,9,0,18,0,8,0,0,0,0,1,1,6,1,56,9,1560,2,-1,-1,-1,-1
201591NP05125,1,9,0,16,0,0,1,0,8,10,1,1,6,1,88,11,1968,2,5,-1,1,-1
201591NP05186,1,9,0,16,0,0,2,0,7,9,0,1,6,2,17,4,1229,1,7,-1,3,-1
201591NP05203,1,9,0,17,0,0,2,0,1,0,0,1,6,2,36,7,1248,1,4,-1,3,-1
201591NP05424,1,9,0,18,0,0,0,0,0,0,0,1,6,1,68,10,1956,2,1,-1,3,-1
201591NP05515,1,5,0,13,0,1,0,0,0,0,2,1,6,2,45,7,750,1,2,-1,3,-1
201591NP05515,2,9,0,7,0,1,0,0,0,0,2,1,6,1,56,9,1328,1,2,-1,-1,-1
201591NP06114,1,9,0,3,0,0,0,0,0,0,2,1,6,1,53,8,1598,2,2,-1,3,-1
201591NP06114,2,1,0,16,0,0,0,4,0,0,1,1,6,2,25,5,-1,-1,-1,-1,-1,-1
201591NP06118,1,5,0,13,0,0,1,0,0,0,4,1,6,1,54,8,-1,-1,-1,-1,-1,-1
201591NP06871,1,9,0,18,0,8,0,0,0,0,3,1,6,1,23,5,1999,1,9,-1,3,-1
201591NP06871,2,1,0,9,0,2,0,0,0,0,1,1,6,1,13,3,-1,-1,-1,-1,-1,-1
201591NP07064,1,5,0,9,0,5,0,0,0,0,2,1,6,1,47,8,-1,-1,-1,-1,-1,-1
201591NP07064,2,5,0,9,0,5,0,0,0,0,1,1,6,1,58,9,-1,-1,-1,-1,-1,-1
201591NP07132,1,9,0,6,0,1,0,0,0,0,0,1,6,1,59,9,2191,2,1,-1,1,-1
201591NP07132,2,9,0,4,0,1,0,0,0,0,2,1,2,1,20,4,1199,1,14,-1,3,-1
201591NP07132,3,9,0,4,0,1,1,0,0,0,1,1,6,2,35,6,1398,1,-1,-1,-1,-1
201591NP07132,4,9,0,4,0,1,0,0,0,0,0,1,2,1,46,8,2231,2,3,-1,1,-1
201591NP07132,5,9,0,4,0,1,2,0,0,0,2,1,2,2,20,4,1598,1,8,-1,1,-1
201591NP07132,6,21,0,4,0,1,1,0,0,0,1,1,6,1,34,6,12900,2,7,-1,2,-1
201591NP07139,1,19,0,18,0,0,0,0,0,0,4,1,2,1,57,9,2299,2,4,-1,-1,-1
201591NP07168,1,9,0,16,0,0,0,0,7,11,1,1,6,1,18,4,1124,1,9,-1,3,-1
201591NP07242,1,19,0,18,0,0,5,0,1,9,1,1,1,1,21,5,2143,2,1,-1,1,-1
201591NP07398,1,21,1,9,0,6,0,0,0,0,1,1,1,1,34,6,12902,2,2,-1,1,-1
201591NP07398,2,9,0,3,0,1,0,0,0,0,1,1,6,1,72,10,1229,1,9,-1,-1,-1
201591NP07683,1,5,0,16,0,0,0,0,0,0,1,1,6,1,53,8,899,1,19,-1,1,-1
201591NP07683,2,90,0,17,0,0,0,0,0,0,3,1,1,1,23,5,-1,-1,-1,-1,3,-1
201591NP07707,1,9,0,4,0,1,0,0,0,0,4,1,6,2,50,8,1398,1,4,-1,3,-1
201591NP08037,1,9,0,6,0,0,0,0,0,0,3,1,6,1,32,6,1339,1,7,-1,1,-1
201591NP08037,2,5,0,17,0,0,1,0,0,0,1,1,6,1,56,9,1402,1,9,-1,1,-1
201591NP08066,1,9,0,16,0,2,0,10,0,0,4,1,6,1,63,9,1596,1,-1,-1,-1,-1
201591NP08066,2,9,0,18,0,1,0,0,0,0,2,1,6,1,-1,-1,2987,2,-1,-1,-1,-1
201591NP08066,3,9,4,18,0,1,0,0,0,0,1,1,6,1,61,9,1968,2,5,-1,1,-1
201591NP08066,4,9,0,18,0,1,0,0,0,0,3,1,6,1,29,6,2191,2,-1,-1,-1,-1
201591NP08066,5,5,0,17,0,1,0,0,0,0,1,1,6,1,59,9,1340,1,20,-1,2,-1
201591NP08159,1,9,0,18,0,0,2,10,2,9,1,1,6,2,35,6,-1,-1,-1,-1,1,-1
201591NP08189,1,9,0,9,0,6,0,0,0,0,3,1,6,1,27,6,-1,-1,-1,-1,-1,-1
201591NP08189,2,5,0,18,0,1,0,0,0,0,1,1,6,1,55,8,1100,1,27,-1,1,-1
201591NP08462,1,9,0,16,0,0,1,0,7,9,1,1,6,1,46,8,1798,1,9,-1,3,-1
201591NP08484,1,9,0,17,0,0,1,0,1,11,1,1,6,1,55,8,6208,1,3,-1,3,-1
201591NP08745,1,90,0,18,0,0,0,0,0,0,4,1,6,1,47,8,2287,2,2,-1,3,-1
201591NP08835,1,9,0,9,0,6,0,0,0,0,3,1,6,2,84,11,1339,1,10,-1,3,-1
201591NP08835,2,19,0,18,0,6,0,0,0,0,1,1,6,1,42,7,2198,2,1,-1,3,-1
201591NP08847,1,9,0,16,0,1,0,0,0,0,1,1,6,1,61,9,1984,1,14,-1,3,-1
201591NP08847,2,9,0,17,0,1,0,0,0,0,1,1,6,2,52,8,1390,1,10,-1,3,-1
201591NP08887,1,9,0,18,0,0,0,0,0,0,0,1,6,2,64,9,1598,1,1,-1,-1,-1
201591NP08887,2,9,0,18,0,0,0,0,0,0,0,1,6,1,69,10,1590,1,14,-1,-1,-1
201591NP08887,3,9,0,18,0,0,2,0,7,7,1,1,6,1,32,6,1598,1,10,-1,2,-1
201591NP09056,1,90,0,18,0,0,0,0,0,0,4,1,1,1,52,8,-1,-1,-1,-1,3,-1
201591NP09157,1,5,0,18,0,0,1,0,1,0,1,1,6,1,45,7,-1,-1,-1,-1,1,-1
201591NP09320,1,5,0,16,0,0,1,0,7,0,4,1,6,1,61,9,750,1,23,-1,1,-1
201591NP09399,1,90,0,9,0,5,0,0,0,0,4,1,6,2,59,9,-1,-1,-1,-1,3,-1
201591NP09399,2,11,0,18,0,2,0,0,0,0,1,1,1,1,38,7,11630,2,14,-1,1,-1
201591NP09524,1,9,0,18,0,0,0,12,7,10,1,1,6,1,40,7,1951,2,13,-1,3,-1
201591NP09547,1,11,0,18,0,0,0,0,7,9,3,1,1,1,67,10,9360,2,2,-1,1,-1
201591NP09547,2,9,0,18,0,0,1,0,1,11,4,1,2,2,52,8,1896,2,9,-1,3,-1
201591NP09807,1,4,0,4,0,0,1,0,7,9,3,1,6,1,47,8,200,1,-1,-1,1,-1
201591NP09810,1,5,0,18,8,0,0,0,0,0,3,1,6,1,39,7,599,1,16,-1,1,-1
201591NP09856,1,9,0,9,0,5,0,0,0,0,1,1,6,1,47,8,1968,2,7,-1,-1,-1
201591NP09856,2,9,0,18,0,1,1,0,7,0,3,1,6,1,67,10,1422,2,7,-1,-1,-1
201591NP09856,3,5,0,18,0,1,1,0,1,9,1,1,6,1,55,8,636,1,10,-1,1,-1
201591NP09952,1,90,0,18,0,0,1,0,0,0,3,1,6,2,59,9,-1,-1,-1,-1,-1,-1
201591NP10146,1,9,0,17,0,0,0,0,0,0,1,1,6,1,49,8,-1,-1,-1,-1,-1,-1
201591NP10146,2,19,0,17,0,0,0,0,0,0,1,1,6,1,31,6,1870,2,9,-1,3,-1
201591NP10157,1,9,0,18,0,0,0,0,0,0,1,1,2,2,20,4,1242,1,1,-1,1,-1
201591NP10157,2,9,0,18,0,0,0,0,0,0,1,1,6,1,43,7,2401,2,8,-1,3,-1
201591NP10338,1,5,0,17,0,0,2,0,1,0,3,1,6,1,27,6,-1,-1,-1,-1,-1,-1
201591NP10551,1,9,0,17,0,0,1,0,0,11,1,1,6,1,18,4,1149,1,19,-1,2,-1
201591NP10575,1,5,0,18,0,0,1,0,0,0,2,1,6,1,48,8,-1,-1,-1,-1,-1,-1
201591NP10575,2,19,0,18,0,0,0,0,0,0,2,1,2,1,53,8,1248,2,8,-1,3,-1
201591NP10637,1,9,0,17,0,0,0,0,0,0,1,1,6,2,30,6,1598,2,1,-1,1,-1
201591NP10637,2,1,0,17,0,0,5,0,1,9,2,1,6,2,55,8,-1,-1,-1,-1,3,-1
201591NP10645,1,5,0,16,0,0,1,0,1,0,1,1,6,1,43,7,1170,1,5,-1,-1,-1
201591NP10683,1,9,0,18,0,0,0,0,7,9,1,1,6,2,21,5,1461,2,2,-1,1,-1
201591NP10908,1,5,0,17,0,0,1,10,7,10,1,1,6,1,47,8,1198,1,2,-1,3,-1
201591NP10937,1,9,0,17,0,0,0,0,1,1,0,1,6,2,80,11,1461,2,2,-1,3,-1
201591NP11154,1,9,0,9,0,8,0,0,0,0,4,1,6,1,67,10,1798,1,10,-1,3,-1
201591NP11154,2,5,0,18,0,8,1,0,1,0,1,1,6,1,37,7,998,1,11,-1,1,-1
201591NP11171,1,9,0,18,0,0,0,0,0,0,1,1,6,1,71,10,1968,2,1,-1,3,-1
201591NP11171,2,5,0,18,0,0,0,0,7,0,1,1,6,1,57,9,1137,1,18,-1,3,-1
201591NP11210,1,9,0,16,0,0,1,0,1,10,1,1,2,2,59,9,1587,1,11,-1,-1,-1
201591NP11279,1,9,0,18,0,0,0,0,1,11,1,1,2,2,56,9,1360,1,11,-1,3,-1
201591NP11331,1,9,0,16,0,0,0,0,1,9,1,1,6,1,43,7,1781,1,13,-1,3,-1
201591NP11548,1,9,0,17,0,0,0,0,0,0,1,1,6,1,33,6,1398,2,-1,-1,1,-1
201591NP11548,2,19,0,16,0,0,0,0,0,0,1,1,1,1,51,8,1996,2,1,-1,2,-1
201591NP11561,1,9,0,18,0,0,0,0,0,0,2,1,6,1,49,8,1598,1,5,-1,3,-1
201591NP11561,2,9,0,18,0,0,0,0,0,0,1,1,6,1,33,6,1560,2,-1,-1,-1,-1
201591NP11883,1,19,0,18,0,0,0,0,1,0,4,1,1,2,42,7,4461,2,6,-1,-1,-1
201591NP12111,1,9,0,17,0,0,0,0,1,10,4,1,6,1,24,5,973,1,15,-1,1,-1
201591NP12189,1,9,0,13,0,0,1,0,7,0,2,1,6,2,60,9,1796,1,12,-1,3,-1
201591NP12189,2,9,0,18,0,0,1,0,7,9,1,1,6,2,27,6,1598,1,3,-1,3,-1
201591NP12324,1,9,0,17,0,0,1,0,1,0,4,1,6,1,22,5,1229,1,6,-1,3,-1
201591NP12522,1,9,0,16,0,1,1,0,7,9,1,1,1,1,24,5,2198,2,2,-1,1,-1
201591NP12643,1,9,0,17,0,0,2,0,7,10,1,1,2,2,55,8,1998,1,13,-1,-1,-1
201591NP12901,1,9,0,17,0,0,2,0,7,9,1,1,6,2,35,6,1364,1,9,-1,3,-1
201591NP13375,1,9,0,17,0,0,2,0,1,1,1,1,2,2,18,4,1461,2,13,-1,3,-1
201591NP13484,1,9,0,17,0,0,2,0,2,10,1,1,6,2,19,4,-1,-1,-1,-1,-1,-1
201591NP13998,1,9,0,16,0,0,2,0,7,0,1,1,6,1,41,7,1896,2,15,-1,3,-1
201591NP13998,2,9,0,16,0,0,0,0,0,0,0,1,6,1,23,5,1398,2,6,-1,1,-1
2015921500002,1,8,0,18,0,0,0,0,0,0,1,2,6,1,51,8,1956,2,2,-1,1,-1
2015921500009,1,9,0,18,0,0,2,0,1,9,0,1,1,2,54,8,1598,1,9,-1,3,-1
2015921500012,1,9,0,18,0,1,1,0,7,0,1,1,6,1,23,5,1242,1,2,-1,3,-1
2015921500012,2,9,0,18,0,1,1,0,0,0,1,1,6,2,47,8,-1,-1,-1,-1,1,-1
2015921500013,1,9,0,18,0,0,2,0,7,0,2,1,6,2,29,6,1390,1,14,-1,3,-1
2015921500014,1,9,0,18,0,0,0,0,0,0,3,1,6,1,35,6,1598,1,10,-1,1,-1
2015921500016,1,9,0,4,0,1,0,0,0,0,3,1,6,1,17,4,-1,-1,-1,-1,2,-1
2015921500016,2,9,0,13,0,1,0,0,7,10,4,1,6,1,35,6,-1,-1,-1,-1,3,-1
2015921500017,1,9,0,17,0,0,1,7,0,0,1,1,2,1,44,7,1364,1,6,-1,3,-1
2015921500025,1,9,0,4,0,0,0,0,0,0,1,1,6,1,37,7,1753,2,14,-1,1,-1
2015921500025,2,9,0,10,0,0,0,0,0,0,2,1,6,1,40,7,1910,2,9,-1,1,-1
2015921500030,1,9,0,16,0,0,0,0,1,10,1,1,6,1,50,8,1998,1,6,-1,3,-1
2015921500033,1,20,0,5,0,0,1,0,0,0,1,1,1,1,62,9,2998,2,7,-1,1,-1
2015921500033,2,9,0,3,0,0,0,0,0,0,2,1,1,1,58,9,2148,2,8,-1,3,-1
2015921500035,1,9,0,18,0,0,0,0,2,10,4,1,1,1,45,7,-1,-1,-1,-1,1,-1
2015921500035,2,9,0,16,0,0,0,0,2,9,1,1,6,1,44,7,-1,-1,-1,-1,3,-1
2015921500036,1,9,0,18,0,0,0,11,0,0,1,1,1,1,39,7,-1,-1,-1,-1,2,-1
2015921500037,1,9,0,18,0,0,1,11,0,0,1,1,2,1,20,4,1796,1,11,-1,3,-1
2015921500038,1,9,0,5,0,0,0,0,0,0,3,1,2,2,30,6,1799,1,4,-1,1,-1
2015921500039,1,9,0,9,0,8,0,0,0,0,0,1,6,3,20,4,-1,-1,-1,-1,-1,-1
2015921500039,2,9,0,18,0,1,1,10,0,0,0,1,6,1,24,5,-1,-1,-1,-1,3,-1
2015921500040,1,9,0,9,0,8,0,0,0,0,1,1,1,2,45,7,-1,-1,-1,-1,3,-1
2015921500040,2,9,0,18,0,8,0,0,0,0,3,1,1,2,47,8,2993,12,-1,-1,3,-1
2015921500043,1,9,0,17,0,0,2,0,7,11,1,1,6,1,23,5,1910,2,7,-1,2,-1
2015921500045,1,19,0,17,0,0,1,6,0,0,4,1,6,1,28,6,1998,2,11,-1,1,-1
2015921500045,2,9,0,16,0,0,0,6,0,0,1,1,6,2,43,7,1968,2,-1,-1,3,-1
2015921500046,1,9,0,5,0,4,0,0,0,0,1,1,6,1,78,11,1328,1,11,-1,3,-1
2015921500046,2,1,0,11,0,3,0,0,0,0,2,1,6,1,59,9,-1,-1,-1,-1,1,-1
2015921500048,1,9,0,9,0,6,0,0,0,0,1,1,6,1,59,9,1796,1,10,-1,3,-1
2015921500052,1,9,0,18,0,0,1,0,2,10,1,1,6,1,27,6,1998,1,16,-1,1,-1
2015921500053,1,9,0,18,0,4,0,0,0,0,1,1,6,2,55,8,1461,2,6,-1,1,-1
2015921500053,2,1,0,18,0,4,0,0,0,0,4,1,6,1,25,5,-1,-1,-1,-1,1,-1
2015921500056,1,9,0,18,0,0,2,0,7,11,4,1,6,1,22,5,-1,-1,-1,-1,2,-1
2015921500058,1,9,0,18,0,0,1,0,0,0,1,1,6,1,17,4,1388,1,12,-1,3,-1
2015921500058,2,9,0,3,0,0,0,0,0,0,2,1,6,1,64,9,-1,-1,-1,-1,3,-1