Accident_Index,Vehicle_Reference,Vehicle_Type,Towing_and_Articulation,Vehicle_Manoeuvre,Vehicle_Location-Restricted_Lane,Junction_Location,Skidding_and_Overturning,Hit_Object_in_Carriageway,Vehicle_Leaving_Carriageway,Hit_Object_off_Carriageway,1st_Point_of_Impact,Was_Vehicle_Left_Hand_Drive?,Journey_Purpose_of_Driver,Sex_of_Driver,Age_of_Driver,Age_Band_of_Driver,Engine_Capacity_(CC),Propulsion_Code,Age_of_Vehicle,Driver_IMD_Decile,Driver_Home_Area_Type,Vehicle_IMD_Decile
2015921500059,1,9,0,9,0,6,0,0,0,0,2,1,6,1,71,10,2179,2,2,-1,1,-1
2015921500059,2,3,0,18,0,8,1,0,0,0,4,1,6,1,26,6,-1,-1,-1,-1,2,-1
2015921500066,1,9,0,3,0,0,0,0,0,0,1,1,6,2,31,6,1781,1,14,-1,1,-1
2015921500066,2,9,0,9,0,0,0,0,0,0,2,1,6,1,39,7,1781,2,10,-1,1,-1
2015921500068,1,1,0,16,0,8,0,0,0,0,1,1,6,2,17,4,-1,-1,-1,-1,1,-1
2015921500068,2,9,0,5,0,4,0,0,0,0,3,1,6,1,17,4,-1,-1,-1,-1,-1,-1
2015921500072,1,9,0,17,0,0,5,0,1,11,1,1,2,1,62,9,1398,1,2,-1,-1,-1
2015921500073,1,9,0,16,0,6,2,0,1,7,1,1,6,1,17,4,1422,2,6,-1,3,-1
2015921500074,1,9,0,14,0,0,2,0,1,0,1,1,6,1,50,8,1461,2,6,-1,2,-1
2015921500079,1,9,0,9,0,5,0,12,0,0,4,1,6,1,39,7,1590,1,12,-1,3,-1
2015921500081,1,9,0,13,0,1,0,0,0,0,2,1,2,1,31,6,1368,1,8,-1,1,-1
2015921500081,2,9,0,18,0,1,0,0,0,0,1,1,2,1,40,7,-1,-1,-1,-1,1,-1
2015921500084,1,9,4,6,0,0,0,0,0,0,3,1,1,1,26,6,-1,-1,-1,-1,-1,-1
2015921500084,2,9,0,13,0,0,0,0,0,0,4,1,6,2,22,5,998,1,7,-1,3,-1
2015921500089,1,9,0,16,0,2,1,0,1,9,1,1,6,1,61,9,-1,-1,-1,-1,2,-1
2015921500091,1,9,0,8,0,1,0,0,0,0,2,1,2,1,34,6,1984,1,5,-1,1,-1
2015921500091,2,9,0,8,0,1,0,0,0,0,1,1,2,1,18,4,1198,1,4,-1,3,-1
2015921500092,1,20,0,7,0,2,0,0,0,0,4,1,1,1,40,7,2402,2,7,-1,-1,-1
2015921500092,2,9,0,18,0,2,0,0,0,0,4,1,2,2,46,8,1364,1,2,-1,1,-1
2015921500093,1,9,0,11,0,0,1,0,1,9,0,1,6,2,21,5,1124,1,14,-1,1,-1
2015921500106,1,9,0,17,0,0,2,0,2,7,1,1,2,2,22,5,2495,2,12,-1,2,-1
2015921500107,1,20,0,15,0,0,0,0,0,0,4,1,6,1,48,8,2402,2,13,-1,3,-1
2015921500107,2,19,0,18,0,0,1,0,1,0,3,1,1,1,30,6,1248,2,9,-1,2,-1
2015921500110,1,19,0,18,0,0,0,0,0,0,1,2,1,1,35,6,-1,-1,-1,-1,-1,-1
2015921500110,2,9,0,18,0,0,0,0,1,0,1,1,6,2,37,7,-1,-1,-1,-1,1,-1
2015921500111,1,21,1,18,0,0,0,0,0,0,1,1,1,1,38,7,12740,2,5,-1,1,-1
2015921500112,1,9,0,7,0,3,0,0,0,0,1,1,6,1,65,9,-1,-1,-1,-1,2,-1
2015921500112,2,9,0,18,0,3,0,0,0,0,4,1,6,1,18,4,1198,1,4,-1,2,-1
2015921500113,1,9,0,9,0,5,0,0,0,0,3,1,6,2,52,8,2231,2,2,-1,3,-1
2015921500113,2,9,0,18,0,8,0,0,0,0,3,1,6,1,68,10,1598,1,1,-1,1,-1
2015921500117,1,9,0,18,0,0,1,0,7,11,1,1,6,1,18,4,-1,-1,-1,-1,1,-1
2015921500118,1,9,0,8,0,1,0,0,0,0,2,1,6,1,50,8,1399,2,12,-1,1,-1
2015921500118,2,9,0,18,0,1,0,0,0,0,1,1,6,1,46,8,1198,1,11,-1,3,-1
2015921500124,1,9,0,9,0,2,0,0,2,1,3,1,6,2,24,5,1527,2,13,-1,2,-1
2015921500126,1,19,0,16,0,0,0,0,7,0,1,1,1,1,54,8,1560,2,1,-1,1,-1
2015921500127,1,1,0,18,0,0,0,0,0,0,3,1,6,2,50,8,-1,-1,-1,-1,-1,-1
2015921500127,2,19,0,15,0,0,0,0,0,4,1,1,6,3,-1,-1,-1,-1,-1,-1,-1,-1
2015921500129,1,9,0,16,0,0,1,0,7,11,3,1,6,1,63,9,-1,-1,-1,-1,1,-1
2015921500130,1,9,0,18,0,4,0,0,3,1,1,1,6,1,20,4,1229,1,2,-1,-1,-1
2015921500130,2,9,0,18,0,4,0,0,0,0,3,1,6,1,50,8,-1,-1,-1,-1,1,-1
2015921500133,1,19,0,17,0,0,0,0,0,0,3,1,1,1,44,7,2198,2,4,-1,2,-1
2015921500133,2,9,0,16,0,0,0,0,0,0,3,1,6,1,40,7,2993,2,1,-1,3,-1
2015921500133,3,19,0,16,0,0,0,0,0,0,1,1,1,1,30,6,1968,2,5,-1,2,-1
2015921500136,1,8,0,12,0,0,1,10,7,9,3,1,1,1,60,9,-1,-1,-1,-1,-1,-1
2015921500136,2,21,1,16,0,0,0,10,1,9,3,1,1,1,60,9,10518,2,8,-1,1,-1
2015921500139,1,9,0,15,0,0,1,0,0,0,1,1,6,1,59,9,-1,-1,-1,-1,2,-1
2015921500139,2,9,0,18,0,0,0,0,0,0,1,1,6,2,50,8,2982,2,10,-1,-1,-1
2015921500140,1,9,0,18,0,0,1,0,4,6,3,1,6,2,40,7,2671,1,15,-1,1,-1
2015921500141,1,1,0,10,0,2,0,0,0,0,2,1,2,1,22,5,-1,-1,-1,-1,1,-1
2015921500141,2,19,0,18,0,1,0,0,0,0,1,1,1,1,38,7,2143,2,2,-1,1,-1
2015921500148,1,9,0,9,0,0,0,0,0,0,1,1,2,1,59,9,1968,2,3,-1,1,-1
2015921500148,2,1,0,18,0,0,0,0,0,0,3,1,2,1,51,8,-1,-1,-1,-1,1,-1
2015921500150,1,9,0,11,0,1,0,0,0,0,1,1,1,1,44,7,1991,2,5,-1,3,-1
2015921500152,1,9,0,18,0,0,0,0,0,0,1,1,6,1,32,6,-1,-1,-1,-1,3,-1
2015921500152,2,98,1,16,0,0,0,0,0,0,0,1,6,3,-1,-1,-1,-1,-1,-1,-1,-1
2015921500153,1,9,0,9,0,2,0,0,0,0,1,1,6,1,30,6,1240,1,10,-1,1,-1
2015921500154,1,9,0,18,0,0,0,0,0,0,1,1,6,1,21,5,1896,2,9,-1,1,-1
2015921500158,1,9,0,18,0,0,5,0,1,4,1,1,2,2,57,9,-1,-1,-1,-1,3,-1
2015921500160,1,9,0,18,5,0,1,0,1,2,3,1,2,1,42,7,-1,-1,-1,-1,1,-1
2015921500161,1,19,0,16,0,0,1,0,0,0,1,1,1,1,62,9,2198,2,2,-1,1,-1
2015921500161,2,21,0,18,0,0,0,0,0,0,1,1,1,1,32,6,12130,2,12,-1,3,-1
2015921500162,1,9,0,18,0,0,0,4,0,0,1,1,6,1,76,11,-1,-1,-1,-1,3,-1
2015921500162,2,9,0,2,0,0,0,0,0,0,2,1,1,3,30,6,1199,1,11,-1,-1,-1
2015921500163,1,9,0,16,0,0,2,0,1,0,0,1,2,2,38,7,-1,-1,-1,-1,2,-1
2015921500164,1,9,0,18,0,0,1,0,7,4,4,1,2,1,35,6,-1,-1,-1,-1,2,-1
2015921500174,1,9,0,18,0,0,5,0,2,0,3,1,1,2,19,4,1229,1,7,-1,3,-1
2015921500176,1,9,0,9,0,5,0,0,0,0,4,1,6,1,50,8,2148,2,10,-1,1,-1
2015921500176,2,5,0,18,0,8,1,0,0,0,1,1,6,1,24,5,636,1,2,-1,2,-1
2015921500180,1,9,0,3,0,0,0,0,0,0,2,1,2,1,40,7,2231,2,2,-1,3,-1
2015921500180,2,9,0,3,0,0,0,0,0,0,2,1,2,1,40,7,-1,-1,-1,-1,-1,-1
2015921500180,3,9,0,4,0,0,0,0,0,0,1,1,2,2,40,7,1596,1,11,-1,-1,-1
2015921500181,1,5,0,18,0,0,0,0,0,0,1,1,6,1,45,7,650,1,20,-1,1,-1
2015921500181,2,9,0,4,0,0,0,0,0,0,2,1,6,1,53,8,2179,2,3,-1,3,-1
2015921500182,1,9,0,17,0,1,2,0,6,9,1,1,6,2,40,7,-1,-1,-1,-1,-1,-1
2015921500183,1,9,0,9,0,5,0,0,0,0,1,1,6,1,54,8,998,1,3,-1,1,-1
2015921500183,2,9,0,18,0,2,0,0,0,0,1,1,1,1,38,7,1364,1,10,-1,1,-1
2015921500184,1,4,0,5,0,0,1,0,0,0,0,1,1,1,40,7,675,1,1,-1,1,-1
2015921500185,1,19,0,15,0,0,0,11,0,0,1,1,1,1,43,7,1870,2,9,-1,1,-1
2015921500189,1,11,0,7,0,5,0,0,0,0,1,1,1,1,32,6,6700,2,3,-1,1,-1
2015921500190,1,9,0,18,0,1,1,0,6,0,1,1,6,1,26,6,1968,2,8,-1,1,-1
2015921500190,2,9,0,5,0,6,1,0,0,0,3,1,6,1,71,10,1560,2,3,-1,3,-1
2015921500191,1,9,0,7,0,8,0,0,0,0,1,1,6,2,71,10,1240,1,8,-1,1,-1
2015921500195,1,9,0,7,0,6,0,0,0,0,1,1,2,1,30,6,1390,1,14,-1,3,-1
2015921500196,1,9,0,18,0,8,0,0,0,0,1,1,6,2,47,8,1598,1,10,-1,1,-1
2015921500196,2,9,0,10,0,8,0,0,0,0,4,1,2,2,20,4,1299,1,14,-1,-1,-1
2015921500198,1,9,0,7,0,-1,0,0,0,0,1,1,6,1,25,5,996,1,5,-1,1,-1
2015921500198,2,9,0,18,0,6,0,0,0,0,1,1,2,1,70,10,1364,1,1,-1,1,-1
2015921500201,1,9,0,18,0,0,2,0,1,11,4,1,6,2,32,6,1598,1,11,-1,1,-1
2015921500205,1,9,0,18,0,6,0,0,0,0,3,1,6,2,85,11,1796,1,8,-1,3,-1
2015921500205,2,9,0,18,0,1,0,0,1,0,1,1,6,1,19,4,-1,-1,-1,-1,-1,-1
2015921500206,1,9,0,5,0,4,0,0,0,0,3,1,1,1,46,8,-1,-1,-1,-1,1,-1
2015921500206,2,5,0,9,0,8,0,0,0,0,1,1,1,1,28,6,599,1,15,-1,1,-1
2015921500207,1,19,0,16,0,1,0,0,7,9,1,1,6,1,72,10,1769,2,18,-1,2,-1
2015921500209,1,9,0,13,0,0,1,0,0,0,1,1,6,1,19,4,1299,1,12,-1,3,-1
2015921500209,2,9,0,18,0,0,0,0,0,0,1,1,6,2,22,5,998,1,-1,-1,2,-1
2015921500212,1,9,0,17,0,0,5,0,2,11,1,1,6,2,32,6,-1,-1,-1,-1,2,-1
2015921500214,1,9,0,16,0,0,0,0,0,0,4,1,2,2,18,4,1397,1,7,-1,3,-1
2015921500215,1,9,0,18,0,0,0,0,0,0,1,1,2,2,27,6,1995,2,1,-1,2,-1
2015921500215,2,9,0,18,0,0,0,0,7,0,1,1,6,1,21,5,1896,2,8,-1,3,-1
2015921500216,1,9,0,9,0,6,0,0,0,0,1,1,6,1,86,11,-1,-1,-1,-1,1,-1
2015921500216,2,9,0,18,0,1,0,0,0,0,1,1,2,1,19,4,1390,1,4,-1,1,-1
2015921500216,3,3,0,18,0,1,0,0,0,0,1,1,2,1,19,4,125,1,15,-1,1,-1
2015921500222,1,9,0,18,0,0,5,0,7,11,1,1,2,1,20,4,-1,-1,-1,-1,1,-1
2015921500226,1,9,0,18,0,1,0,0,7,0,1,1,6,2,40,7,-1,-1,-1,-1,3,-1
2015921500226,2,9,0,7,0,1,5,0,0,0,3,1,6,1,50,8,1598,2,5,-1,3,-1
2015921500227,1,9,0,18,0,6,0,0,3,11,1,1,2,1,56,9,-1,-1,-1,-1,3,-1
2015921500229,1,9,0,18,0,0,0,0,7,11,1,1,6,2,20,4,1998,1,9,-1,3,-1
2015921500232,1,9,0,7,0,5,1,10,1,7,1,1,3,1,54,8,2967,2,3,-1,-1,-1
2015921500232,2,9,0,18,0,1,1,11,1,7,1,1,2,2,21,5,1198,1,-1,-1,3,-1
2015921500233,1,9,0,15,9,0,1,10,1,4,1,1,6,1,22,5,1896,2,11,-1,1,-1
2015921500237,1,9,0,18,0,8,0,0,0,0,1,1,2,2,27,6,1198,1,12,-1,3,-1
2015921500237,2,1,0,18,0,8,0,0,0,0,1,1,6,1,32,6,-1,-1,-1,-1,1,-1
2015921500239,1,9,0,9,0,8,0,0,0,0,4,1,6,2,48,8,-1,-1,-1,-1,3,-1
2015921500239,2,9,0,18,0,8,0,0,0,0,1,1,6,1,35,6,1956,2,3,-1,1,-1
2015921500239,3,9,0,3,0,6,0,0,0,0,3,1,6,2,21,5,1229,1,1,-1,1,-1
2015921500241,1,11,0,18,2,8,0,0,0,0,4,1,1,1,23,5,-1,2,15,-1,1,-1
2015921500242,1,19,0,3,0,1,0,0,0,0,1,1,1,1,41,7,1996,2,5,-1,1,-1
2015921500242,2,21,1,1,0,1,0,0,0,0,2,1,1,1,35,6,10837,2,2,-1,-1,-1
2015921500246,1,9,0,5,0,8,0,0,0,0,3,2,6,2,35,6,1124,1,12,-1,1,-1
2015921500246,2,9,0,5,0,8,0,0,0,0,4,1,6,1,26,6,2148,2,6,-1,1,-1
2015921500248,1,9,0,18,0,0,0,11,0,0,1,1,1,1,67,10,-1,-1,-1,-1,1,-1
2015921500252,1,19,0,4,0,4,0,0,0,0,1,1,1,1,40,7,2463,2,9,-1,3,-1
2015921500255,1,90,0,18,0,1,0,0,0,0,4,1,1,1,55,8,-1,-1,-1,-1,3,-1
2015921500255,2,1,0,18,0,1,0,0,0,0,3,1,1,1,62,9,-1,-1,-1,-1,3,-1
2015921500258,1,5,0,18,0,1,0,0,0,0,1,1,6,1,35,6,798,1,7,-1,1,-1
2015921500258,2,9,0,9,0,1,0,0,0,0,1,1,6,1,58,9,2967,2,6,-1,3,-1
2015921500261,1,9,0,18,0,6,0,0,1,0,3,1,6,2,28,6,1397,1,14,-1,1,-1
2015921500261,2,9,0,18,0,1,0,0,0,0,1,1,6,1,18,4,-1,-1,-1,-1,-1,-1
2015921500263,1,9,0,18,0,1,0,11,0,0,1,1,6,2,28,6,1229,1,3,-1,1,-1
2015921500263,2,9,0,3,0,2,0,4,0,0,2,1,6,1,31,6,1998,2,1,-1,-1,-1
2015921500263,3,9,0,10,0,2,0,0,0,0,2,2,6,1,52,8,-1,-1,-1,-1,-1,-1
2015921500270,1,9,0,15,0,4,1,0,0,0,1,1,2,1,38,7,2967,1,10,-1,3,-1
2015921500270,2,9,0,8,0,4,0,0,0,0,2,1,2,2,39,7,1968,2,2,-1,3,-1
2015921500270,3,9,0,18,0,3,1,10,1,0,4,1,3,2,31,6,1598,1,10,-1,3,-1
2015921500272,1,11,0,5,0,2,0,0,0,0,1,1,1,1,55,8,6700,2,3,-1,3,-1
2015921500273,1,9,0,7,0,6,0,0,0,0,2,1,6,1,78,11,1461,2,4,-1,2,-1
2015921500273,2,9,0,18,0,2,0,0,0,0,1,1,6,1,26,6,1998,2,10,-1,1,-1
2015921500274,1,9,0,13,0,0,0,0,0,0,1,1,6,1,22,5,1998,1,-1,-1,1,-1
2015921500274,2,9,0,13,0,0,1,0,0,0,1,1,6,1,26,6,-1,-1,-1,-1,3,-1
2015921500274,3,9,0,18,0,0,0,0,0,0,1,1,6,1,81,11,1388,1,5,-1,3,-1
2015921500276,1,9,0,17,0,1,0,0,1,0,1,1,6,2,47,8,1242,1,3,-1,3,-1
2015921500276,2,98,0,18,0,1,0,0,0,0,1,1,6,1,50,8,-1,-1,-1,-1,3,-1
2015921500280,1,9,0,18,0,0,0,0,0,0,1,1,6,1,38,7,-1,-1,-1,-1,1,-1
2015921500280,2,9,0,2,0,0,0,0,0,0,1,1,6,1,35,6,1390,1,2,-1,1,-1
2015921500280,3,9,0,2,0,0,0,0,0,0,1,1,6,1,35,6,1910,2,7,-1,3,-1
2015921500280,4,9,0,2,0,0,0,0,0,0,2,1,6,1,40,7,1783,1,11,-1,1,-1
2015921500282,1,9,0,16,0,0,5,0,2,9,4,1,6,2,29,6,1397,1,7,-1,1,-1
2015921500283,1,9,0,13,0,1,2,0,1,0,4,1,1,2,24,5,1248,1,2,-1,3,-1
2015921500283,2,9,0,18,0,5,0,0,0,0,1,1,1,1,34,6,1997,2,7,-1,3,-1
2015921500286,1,9,0,14,0,0,0,0,0,0,0,1,6,1,30,6,-1,-1,-1,-1,-1,-1
2015921500291,1,9,0,3,0,1,0,0,0,0,2,1,6,1,30,6,1198,1,8,-1,-1,-1
2015921500291,2,9,0,3,0,1,0,0,0,0,2,1,6,1,40,7,-1,-1,-1,-1,3,-1
2015921500291,3,9,0,18,0,1,0,0,0,0,1,1,6,1,85,11,998,1,5,-1,2,-1
2015921500294,1,11,0,9,0,8,0,0,0,0,3,1,1,1,28,6,6696,2,2,-1,1,-1
2015921500294,2,9,0,18,0,8,0,0,0,0,1,1,6,2,34,6,1398,2,5,-1,3,-1
2015921500295,1,9,0,18,0,0,0,0,7,2,1,1,6,2,50,8,1296,1,8,-1,3,-1
2015921500296,1,9,0,4,0,1,1,0,0,0,1,1,6,1,81,11,-1,-1,-1,-1,2,-1
2015921500296,2,9,0,4,0,1,0,0,0,0,2,1,6,2,44,7,1968,2,3,-1,1,-1
2015921500296,3,90,0,10,0,1,0,0,0,0,0,1,1,1,45,7,2987,2,1,-1,2,-1
2015921500300,1,9,0,18,0,0,0,0,0,0,0,2,1,1,36,7,1368,1,2,-1,3,-1
2015921500300,2,9,0,18,0,0,0,11,0,0,1,2,1,1,20,4,1598,1,16,-1,3,-1
2015921500301,1,9,0,9,0,1,0,0,0,0,1,1,6,2,84,11,-1,-1,-1,-1,3,-1
2015921500301,2,9,0,18,0,1,0,0,0,0,4,1,6,2,57,9,-1,-1,-1,-1,3,-1
2015921500301,3,17,4,8,0,1,0,0,0,0,4,1,1,1,52,8,-1,2,5,-1,3,-1
2015921500302,1,9,0,17,0,1,2,0,7,11,1,1,6,2,22,5,-1,-1,-1,-1,1,-1
2015921500304,1,9,0,9,0,6,0,0,0,0,1,1,6,1,72,10,1582,2,1,-1,3,-1
2015921500304,2,1,0,18,0,8,5,0,0,0,1,1,6,1,51,8,-1,-1,-1,-1,2,-1
2015921500305,1,9,0,16,0,0,0,0,0,0,1,1,1,2,44,7,1910,2,5,-1,1,-1
2015921500305,2,9,0,17,0,0,1,0,0,0,1,1,6,1,60,9,1997,1,1,-1,1,-1
2015921500307,1,9,0,4,0,0,0,0,0,0,1,1,6,1,54,8,1997,2,7,-1,1,-1
2015921500307,2,9,0,1,0,0,0,0,0,0,2,1,6,2,40,7,1461,2,3,-1,1,-1
2015921500309,1,9,0,18,0,1,0,0,4,0,4,2,6,1,34,6,2496,1,9,-1,3,-1
2015921500313,1,9,0,18,0,8,0,0,0,0,1,1,6,1,21,5,1596,1,8,-1,1,-1
2015921500313,2,9,0,18,0,8,0,0,0,0,1,1,6,1,41,7,1686,2,4,-1,1,-1
2015921500315,1,8,0,18,0,0,0,0,1,4,1,1,1,1,61,9,1997,2,3,-1,3,-1
2015921500321,1,9,0,17,0,0,0,0,1,11,1,1,6,2,24,5,1299,1,12,-1,3,-1
2015921500324,1,9,0,18,0,0,0,0,7,4,1,1,6,1,19,4,1388,1,8,-1,3,-1
2015921500327,1,9,0,5,0,0,0,0,0,0,1,1,3,2,58,9,1796,1,3,-1,3,-1
2015921500327,2,9,0,2,0,0,0,0,0,0,1,1,3,2,35,6,1229,1,2,-1,3,-1
2015921500328,1,9,0,9,0,7,0,0,0,0,3,1,6,1,25,5,1595,2,5,-1,3,-1
2015921500328,2,3,0,18,0,1,0,0,0,0,1,1,2,1,20,4,125,1,1,-1,3,-1
2015921500329,1,9,0,18,0,0,1,10,7,5,1,1,6,1,24,5,1396,1,13,-1,1,-1
2015921500330,1,9,0,18,0,0,0,0,0,0,1,1,2,1,57,9,1586,1,7,-1,1,-1
2015921500331,1,9,0,16,0,0,0,6,8,10,4,1,6,2,78,11,-1,-1,-1,-1,1,-1
2015921500332,1,19,0,18,0,0,0,0,0,0,1,1,1,1,22,5,1461,2,3,-1,3,-1
2015921500332,2,9,0,18,0,0,0,0,1,0,1,1,2,2,54,8,998,1,2,-1,2,-1
2015921500333,1,9,0,13,0,0,5,0,8,0,3,1,2,2,17,4,1229,1,10,-1,2,-1
2015921500333,2,9,0,18,0,0,1,0,1,0,4,1,2,1,35,6,1896,2,12,-1,3,-1
2015921500333,3,98,0,18,0,0,0,0,0,0,2,1,1,1,33,6,12900,2,7,-1,2,-1
2015921500334,1,9,0,9,0,0,0,0,0,0,4,1,1,1,28,6,1598,2,2,-1,1,-1
2015921500334,2,9,0,18,0,0,0,0,0,0,1,1,1,2,33,6,-1,-1,-1,-1,1,-1
2015921500337,1,9,0,18,0,2,0,0,0,0,3,1,6,1,62,9,1968,2,8,-1,3,-1
2015921500337,2,9,0,13,0,8,1,0,0,0,1,1,2,2,19,4,1461,2,8,-1,3,-1
2015921500341,1,5,0,13,0,0,0,0,0,0,1,1,6,1,30,6,1301,1,1,-1,3,-1
2015921500341,2,5,0,13,0,0,0,0,0,0,2,1,6,1,52,8,1195,1,2,-1,3,-1
2015921500341,3,21,0,12,0,0,0,0,0,0,3,1,1,1,36,7,3920,2,3,-1,1,-1
2015921500342,1,9,0,4,0,0,0,0,0,0,1,1,2,2,42,7,1868,2,16,-1,3,-1
2015921500342,2,9,0,4,0,0,0,0,0,0,1,1,2,1,18,4,1398,1,3,-1,3,-1
2015921500342,3,9,0,4,0,0,0,0,0,0,1,1,2,1,21,5,-1,-1,-1,-1,1,-1
2015921500342,4,9,0,18,0,0,0,0,0,0,1,1,2,1,37,7,1991,2,10,-1,1,-1
2015921500344,1,9,0,4,0,1,0,0,0,0,1,1,3,2,40,7,1794,1,9,-1,1,-1
2015921500345,1,9,0,16,0,0,2,0,7,4,4,1,2,2,24,5,1242,1,1,-1,3,-1
2015921500348,1,19,0,16,0,8,0,11,4,1,1,1,6,1,33,6,1868,2,12,-1,-1,-1
2015921500349,1,9,0,18,0,0,0,0,0,0,4,1,6,3,47,8,1997,2,7,-1,1,-1
2015921500352,1,9,0,9,0,6,0,0,0,0,0,1,6,1,41,7,1328,1,10,-1,3,-1
2015921500352,2,9,0,18,0,1,1,0,1,0,1,1,2,1,37,7,1998,1,8,-1,1,-1
2015921500352,3,9,0,18,0,1,0,0,7,0,3,1,2,1,36,7,-1,-1,-1,-1,3,-1
2015921500353,1,9,0,18,0,0,0,0,0,0,3,1,6,1,50,8,2497,2,18,-1,3,-1
2015921500353,2,9,0,18,0,0,0,0,0,0,3,1,1,1,23,5,1991,1,19,-1,1,-1
2015921500353,3,19,0,18,0,0,0,0,1,0,1,1,1,1,41,7,2402,2,4,-1,1,-1
2015921500355,1,9,0,9,0,8,0,0,0,0,1,1,6,2,33,6,-1,-1,-1,-1,1,-1
2015921500355,2,9,0,18,0,8,0,10,1,1,1,1,1,1,24,5,2967,2,1,-1,2,-1
2015921500356,1,5,0,18,0,1,0,0,0,0,4,1,1,1,56,9,1200,1,24,-1,2,-1
2015921500356,2,9,0,5,0,1,0,0,0,0,1,1,6,1,49,8,-1,-1,-1,-1,1,-1
2015921500366,1,9,0,4,0,0,0,0,0,0,1,1,2,2,26,6,1598,2,4,-1,1,-1
2015921500366,2,9,0,3,0,0,0,0,0,0,2,1,6,2,47,8,1299,1,10,-1,1,-1
2015921500367,1,9,0,13,0,0,0,0,0,0,1,1,6,1,31,6,1390,1,4,-1,1,-1
2015921500367,2,9,0,18,0,0,0,0,0,0,1,1,6,2,22,5,1984,1,9,-1,1,-1
2015921500369,1,9,0,9,0,6,0,0,0,0,4,1,6,2,38,7,-1,-1,-1,-1,3,-1
2015921500369,2,90,0,18,0,1,0,0,0,0,1,1,6,1,48,8,1584,1,18,-1,3,-1
2015921500373,1,9,0,17,0,0,2,0,3,11,1,1,2,1,35,6,1896,2,7,-1,-1,-1
2015921500374,1,5,0,18,0,8,0,0,1,0,1,1,6,1,23,5,640,1,14,-1,1,-1
2015921500374,2,9,0,9,0,8,0,4,7,0,1,1,6,1,44,7,1368,1,5,-1,1,-1
2015921500374,3,9,0,2,0,2,0,0,0,0,2,1,6,1,20,4,1086,5,9,-1,1,-1
2015921500376,1,9,0,18,6,2,0,0,1,1,1,1,6,1,62,9,1364,1,2,-1,2,-1
2015921500378,1,9,0,18,0,0,1,0,1,1,3,1,6,1,38,7,1149,1,7,-1,1,-1
2015921500381,1,5,0,16,0,2,1,0,0,0,1,1,6,1,63,9,865,1,6,-1,1,-1
2015921500381,2,9,0,17,0,1,0,0,0,0,1,1,6,1,44,7,2800,2,19,-1,1,-1
2015921500383,1,9,0,18,0,0,5,0,0,0,4,1,2,2,48,8,1598,1,6,-1,1,-1
2015921500386,1,9,0,18,0,8,0,0,0,0,1,1,6,2,37,7,1229,1,10,-1,1,-1
2015921500386,2,3,0,18,0,8,0,0,0,0,3,1,2,1,35,6,125,1,1,-1,1,-1
2015921500389,1,9,0,18,0,0,2,4,8,0,1,1,6,1,39,7,1910,2,9,-1,1,-1
2015921500389,2,9,0,2,9,0,0,0,2,11,4,1,6,3,50,8,-1,-1,-1,-1,1,-1
2015921500390,1,9,0,18,0,0,0,0,1,0,3,1,6,2,60,9,1242,1,1,-1,1,-1
2015921500392,1,9,0,15,0,0,1,0,1,4,4,1,6,2,29,6,-1,-1,-1,-1,3,-1
2015921500392,2,9,0,15,0,0,0,0,0,0,0,1,6,1,77,11,1560,2,7,-1,3,-1
2015921500393,1,9,0,17,0,0,5,0,7,9,1,1,6,1,21,5,1896,2,12,-1,3,-1
2015921500395,1,9,0,18,0,1,0,0,0,0,0,1,2,1,27,6,1396,1,10,-1,1,-1
2015921500395,2,9,0,18,0,1,0,0,0,0,0,1,2,1,18,4,1910,2,10,-1,1,-1
2015921500395,3,9,0,18,0,1,0,0,0,0,0,1,2,1,50,8,1199,2,2,-1,3,-1
2015921500395,4,9,0,18,0,1,0,0,0,0,0,1,2,2,49,8,1598,1,6,-1,3,-1
2015921500395,5,19,0,18,0,1,0,0,0,0,0,1,2,1,52,8,1560,2,7,-1,1,-1
2015921500396,1,9,0,3,0,0,0,0,0,0,1,1,1,1,46,8,1968,2,1,-1,1,-1
2015921500398,1,9,0,16,0,0,0,0,0,0,1,1,6,1,24,5,1396,1,11,-1,2,-1
2015921500398,2,9,0,18,0,0,0,0,0,0,1,1,6,1,85,11,1560,2,1,-1,3,-1
2015921500399,1,5,0,12,0,0,5,0,7,11,4,1,2,1,54,8,1731,1,5,-1,2,-1
2015921500399,2,9,0,13,0,0,0,0,0,0,3,1,2,2,22,5,1598,2,2,-1,3,-1
2015921500408,1,9,0,18,0,8,0,0,0,0,1,1,2,1,34,6,1149,1,8,-1,1,-1
2015921500411,1,19,0,18,0,0,0,0,0,0,3,1,6,3,17,4,-1,-1,-1,-1,-1,-1
2015921500411,2,9,0,18,0,0,1,0,0,0,3,1,1,2,58,9,1298,1,12,-1,3,-1
2015921500414,1,11,0,4,2,1,0,0,0,0,0,1,6,1,51,8,9360,2,7,-1,-1,-1
2015921500414,2,9,0,7,2,5,0,0,0,0,0,1,6,3,57,9,-1,-1,-1,-1,1,-1