Accident_Index,Vehicle_Reference,Vehicle_Type,Towing_and_Articulation,Vehicle_Manoeuvre,Vehicle_Location-Restricted_Lane,Junction_Location,Skidding_and_Overturning,Hit_Object_in_Carriageway,Vehicle_Leaving_Carriageway,Hit_Object_off_Carriageway,1st_Point_of_Impact,Was_Vehicle_Left_Hand_Drive?,Journey_Purpose_of_Driver,Sex_of_Driver,Age_of_Driver,Age_Band_of_Driver,Engine_Capacity_(CC),Propulsion_Code,Age_of_Vehicle,Driver_IMD_Decile,Driver_Home_Area_Type,Vehicle_IMD_Decile
2015921500417,1,9,0,18,0,1,0,0,0,0,1,1,2,2,28,6,998,1,1,-1,2,-1
2015921500417,2,9,0,3,0,1,0,0,0,0,2,1,2,2,18,4,1229,1,7,-1,3,-1
2015921500417,3,9,0,3,0,1,0,0,0,0,2,1,2,1,46,8,1796,1,7,-1,3,-1
2015921500417,4,9,0,3,0,1,0,0,0,0,2,1,2,1,54,8,-1,-1,-1,-1,1,-1
2015921500419,1,9,0,17,0,0,1,0,7,11,1,1,6,1,30,6,-1,-1,-1,-1,3,-1
2015921500421,1,9,0,5,8,1,0,0,0,0,4,1,6,1,33,6,2231,2,2,-1,2,-1
2015921500426,1,9,0,16,0,0,0,0,0,0,4,1,6,1,43,7,2720,2,6,-1,1,-1
2015921500429,1,9,0,16,0,8,0,0,0,0,1,1,2,1,38,7,1798,1,11,-1,3,-1
2015921500429,2,9,0,10,0,2,0,0,0,0,2,1,2,2,18,4,-1,-1,-1,-1,3,-1
2015921500430,1,97,0,18,0,1,1,4,0,0,1,1,6,1,58,9,955,1,13,-1,3,-1
2015921500430,2,9,0,10,0,1,0,0,0,0,2,1,6,1,57,9,1968,2,3,-1,3,-1
2015921500435,1,9,0,16,0,0,0,0,1,11,1,1,6,1,42,7,2457,1,9,-1,3,-1
2015921500435,2,9,0,17,0,0,1,0,2,11,1,1,2,1,42,7,1968,2,2,-1,3,-1
2015921500439,1,9,0,13,0,0,0,0,1,0,3,1,2,1,22,5,-1,-1,-1,-1,2,-1
2015921500439,2,9,0,13,0,0,0,0,0,0,4,1,6,1,42,7,-1,-1,-1,-1,2,-1
2015921500440,1,4,0,18,0,1,1,0,0,0,3,1,1,1,27,6,124,1,3,-1,2,-1
2015921500440,2,9,0,18,0,1,0,0,0,0,1,1,6,1,33,6,1951,2,13,-1,1,-1
2015921500441,1,9,0,17,0,0,0,0,1,9,1,1,6,2,37,7,1995,2,1,-1,3,-1
2015921500445,1,19,0,18,9,0,0,0,7,0,1,1,6,1,25,5,1360,1,7,-1,1,-1
2015921500448,1,5,0,18,0,1,0,0,0,0,4,1,6,1,46,8,656,1,3,-1,1,-1
2015921500450,1,9,0,5,0,0,0,0,1,11,1,1,6,2,42,7,1398,1,3,-1,2,-1
2015921500450,2,9,0,4,0,0,0,0,0,0,2,1,6,1,70,10,1582,2,4,-1,3,-1
2015921500451,1,9,0,18,0,0,0,0,0,0,1,1,6,2,29,6,998,1,2,-1,2,-1
2015921500451,2,9,0,18,0,0,0,0,0,0,2,1,6,2,26,6,1596,1,7,-1,2,-1
2015921500452,1,5,0,16,0,0,1,0,7,11,1,1,6,1,29,6,749,1,12,-1,1,-1
2015921500453,1,9,0,18,9,1,0,0,3,11,1,1,6,2,75,10,1398,1,3,-1,1,-1
2015921500455,1,9,0,18,0,8,0,0,6,9,1,1,2,1,42,7,1364,1,7,-1,1,-1
2015921500455,2,9,0,9,0,6,0,0,0,0,0,1,2,2,29,6,2143,2,1,-1,3,-1
2015921500457,1,9,0,18,0,0,0,0,0,0,3,1,2,1,40,7,1910,2,9,-1,1,-1
2015921500458,1,5,0,18,0,3,0,0,0,0,3,1,6,1,44,7,1000,1,2,-1,2,-1
2015921500460,1,9,0,17,0,0,2,0,7,4,1,1,6,1,17,4,1242,1,9,-1,3,-1
2015921500462,1,9,0,9,0,1,0,0,0,0,3,1,6,2,57,9,1329,1,3,-1,1,-1
2015921500462,2,19,4,18,0,1,0,0,0,0,4,1,6,1,33,6,-1,-1,-1,-1,1,-1
2015921500464,1,9,0,18,0,0,0,0,0,0,1,1,6,1,30,6,1910,2,10,-1,1,-1
2015921500464,2,9,0,18,0,0,0,0,0,0,4,1,6,2,51,8,1596,1,7,-1,1,-1
2015921500466,1,9,0,17,0,0,0,0,1,4,1,1,6,1,67,10,1560,2,1,-1,1,-1
2015921500470,1,9,0,16,0,0,0,0,1,11,1,1,6,2,45,7,1242,1,13,-1,2,-1
2015921500471,1,9,0,13,0,0,1,0,0,0,1,1,6,1,54,8,1968,2,5,-1,3,-1
2015921500471,2,9,0,16,0,0,1,0,1,0,1,1,6,1,51,8,2993,2,4,-1,1,-1
2015921500472,1,9,0,18,0,4,0,0,0,0,1,1,2,1,49,8,1596,1,3,-1,1,-1
2015921500472,2,1,0,18,0,8,0,0,0,0,4,1,6,2,27,6,-1,-1,-1,-1,1,-1
2015921500473,1,9,0,9,0,2,0,0,0,0,1,1,1,1,52,8,1896,2,6,-1,3,-1
2015921500474,1,9,0,16,0,0,1,0,0,0,1,1,2,1,52,8,2495,2,12,-1,3,-1
2015921500474,2,9,0,17,0,0,0,0,1,0,1,1,2,2,19,4,1242,1,4,-1,2,-1
2015921500475,1,9,0,9,0,8,0,0,0,0,1,1,2,1,28,6,1461,2,2,-1,1,-1
2015921500475,2,2,0,13,0,8,1,0,0,0,4,1,2,1,48,8,124,1,4,-1,1,-1
2015921500477,1,8,0,18,0,1,0,0,0,0,1,1,1,1,51,8,1798,1,8,-1,1,-1
2015921500477,2,9,0,10,0,1,0,0,0,0,2,1,6,1,21,5,998,1,10,-1,2,-1
2015921500478,1,9,0,4,0,1,0,0,0,0,1,1,6,1,35,6,1968,2,5,-1,1,-1
2015921500478,2,9,0,3,0,1,0,0,0,0,2,1,2,2,52,8,1498,1,8,-1,1,-1
2015921500481,1,19,0,9,0,6,0,0,1,0,1,1,1,1,26,6,2148,2,6,-1,3,-1
2015921500481,2,9,0,18,0,8,0,0,1,0,3,1,2,1,42,7,-1,-1,-1,-1,3,-1
2015921500487,1,9,0,16,0,0,2,0,1,11,4,1,6,1,27,6,1796,1,9,-1,3,-1
2015921500491,1,9,0,18,0,0,0,0,0,0,1,1,6,2,78,11,1598,2,3,-1,3,-1
2015921500491,2,9,0,18,0,0,0,0,0,0,1,1,6,1,81,11,1399,2,6,-1,3,-1
2015921500492,1,9,0,18,0,0,5,0,0,0,1,1,2,2,21,5,1299,1,10,-1,3,-1
2015921500493,1,21,1,18,0,8,0,0,0,0,3,1,1,1,52,8,11705,2,7,-1,3,-1
2015921500493,2,9,0,18,0,8,0,0,0,0,4,1,1,1,25,5,1560,2,1,-1,1,-1
2015921500494,1,9,0,18,0,0,0,0,0,0,1,1,6,1,26,6,1598,1,14,-1,-1,-1
2015921500496,1,9,0,14,0,2,0,0,0,0,4,2,6,1,20,4,-1,-1,-1,-1,2,-1
2015921500497,1,9,0,17,0,0,2,0,2,3,1,1,6,2,20,4,1596,1,7,-1,3,-1
2015921500498,1,9,0,18,0,0,0,6,8,10,1,1,6,1,23,5,1994,1,16,-1,3,-1
2015921500501,1,9,0,18,0,0,0,0,1,0,4,1,6,1,82,11,1870,2,3,-1,3,-1
2015921500501,2,9,0,18,0,0,1,10,8,0,0,1,6,1,41,7,-1,-1,-1,-1,2,-1
2015921500501,3,9,0,18,0,0,2,0,0,0,4,1,6,1,64,9,2179,2,7,-1,3,-1
2015921500502,1,9,0,4,0,0,0,0,0,0,1,1,6,1,21,5,2521,1,5,-1,3,-1
2015921500502,2,9,0,18,0,0,0,0,0,0,1,1,6,1,23,5,1400,2,10,-1,2,-1
2015921500505,1,97,0,18,0,0,0,0,1,11,1,1,6,1,45,7,-1,-1,-1,-1,-1,-1
2015921500507,1,9,0,7,0,0,0,0,0,0,1,1,6,1,18,4,1229,1,3,-1,3,-1
2015921500507,2,9,0,9,0,0,0,0,0,0,1,1,1,2,42,7,1968,2,4,-1,1,-1
2015921500508,1,9,0,18,0,0,0,0,7,11,1,1,6,1,89,11,1396,1,15,-1,1,-1
2015921500509,1,9,0,18,0,8,0,0,0,0,0,1,6,2,29,6,1968,2,6,-1,3,-1
2015921500509,2,9,0,18,0,8,0,0,0,0,3,1,2,1,44,7,1560,2,10,-1,3,-1
2015921500513,1,9,0,17,0,0,0,0,1,0,1,1,6,2,19,4,1496,2,-1,-1,3,-1
2015921500513,2,9,0,18,0,0,0,0,0,0,1,1,6,1,26,6,2494,1,16,-1,2,-1
2015921500515,1,9,0,14,0,2,0,4,0,0,4,1,2,1,61,9,1086,1,10,-1,1,-1
2015921500515,2,9,0,2,0,2,0,0,0,0,1,1,2,1,37,7,2461,2,7,-1,3,-1
2015921500515,3,9,0,18,0,1,0,0,0,0,3,1,6,2,33,6,1248,1,2,-1,3,-1
2015921500518,1,21,0,7,0,8,0,0,0,0,1,1,1,1,45,7,6692,2,3,-1,1,-1
2015921500519,1,9,4,5,0,0,0,0,0,0,3,1,6,1,56,9,1997,2,14,-1,3,-1
2015921500521,1,9,0,18,0,1,0,0,0,0,1,1,6,2,69,10,1198,1,13,-1,3,-1
2015921500521,2,19,0,9,0,6,0,0,0,0,1,1,1,1,45,7,1870,2,12,-1,1,-1
2015921500521,3,98,0,9,0,1,0,0,0,0,1,1,1,1,33,6,12740,2,4,-1,2,-1
2015921500525,1,9,0,13,0,0,2,0,7,9,1,1,1,1,24,5,1997,1,8,-1,3,-1
2015921500527,1,9,0,16,0,0,0,0,0,0,4,1,6,3,30,6,-1,-1,-1,-1,-1,-1
2015921500527,2,1,0,16,0,0,0,10,1,0,3,1,6,1,57,9,-1,-1,-1,-1,1,-1
2015921500529,1,9,0,16,0,0,1,0,2,11,1,1,6,2,35,6,1490,1,7,-1,1,-1
2015921500531,1,9,0,18,0,1,0,0,0,0,3,1,6,1,25,5,1999,1,10,-1,3,-1
2015921500531,2,9,0,18,0,8,0,0,0,0,1,1,6,2,55,8,2500,2,15,-1,3,-1
2015921500533,1,9,0,16,0,0,1,0,0,0,1,1,6,2,22,5,1999,1,7,-1,1,-1
2015921500533,2,19,0,17,0,0,0,0,1,9,1,1,1,1,60,9,2143,2,3,-1,3,-1
2015921500535,1,9,0,17,0,0,0,0,3,4,1,1,6,2,24,5,1994,1,11,-1,3,-1
2015921500536,1,5,0,18,0,2,0,0,0,0,4,1,6,1,26,6,996,1,10,-1,1,-1
2015921500537,1,9,0,17,0,1,0,0,0,0,0,1,3,1,45,7,1390,1,9,-1,3,-1
2015921500537,2,9,0,5,0,1,0,0,0,0,3,1,6,2,30,6,1753,2,7,-1,3,-1
2015921500538,1,9,0,5,0,0,0,0,0,0,1,1,1,1,22,5,-1,-1,-1,-1,1,-1
2015921500539,1,19,4,4,0,0,0,0,0,0,2,1,1,1,49,8,-1,-1,-1,-1,3,-1
2015921500539,2,9,0,4,0,0,1,0,0,0,1,1,1,2,26,6,1560,2,6,-1,-1,-1
2015921500540,1,9,0,9,0,1,1,0,0,0,2,1,6,1,59,9,999,1,3,-1,1,-1
2015921500540,2,9,0,18,0,1,0,0,0,0,1,1,6,1,55,8,1956,2,1,-1,1,-1
2015921500540,3,9,0,18,0,1,0,0,0,0,1,1,6,2,19,4,1399,2,5,-1,1,-1
2015921500540,4,9,0,18,0,1,0,0,0,0,1,1,6,2,36,7,1598,1,7,-1,1,-1
2015921500541,1,9,0,3,0,8,1,0,0,0,4,1,2,1,36,7,2143,2,-1,-1,1,-1
2015921500541,2,9,0,18,0,8,1,0,0,0,1,1,2,1,25,5,-1,-1,-1,-1,-1,-1
2015921500544,1,9,0,5,0,6,0,0,3,0,1,1,6,1,80,11,1560,2,10,-1,3,-1
2015921500544,2,9,0,18,0,1,0,0,7,1,1,1,6,2,50,8,2477,2,10,-1,3,-1
2015921500545,1,9,0,18,0,8,0,0,0,0,1,1,1,1,70,10,1997,2,6,-1,3,-1
2015921500545,2,9,0,18,0,8,0,0,0,0,1,1,6,2,30,6,1388,1,7,-1,3,-1
2015921500550,1,9,0,18,0,1,0,0,0,0,1,1,1,1,50,8,-1,-1,-1,-1,-1,-1
2015921500550,2,9,0,10,0,1,0,0,0,0,2,1,6,1,33,6,1598,1,12,-1,1,-1
2015921500551,1,9,0,16,0,0,5,0,8,11,1,1,6,1,42,7,1896,2,11,-1,-1,-1
2015921500555,1,9,0,16,0,0,1,0,1,9,2,1,6,1,18,4,1968,2,4,-1,3,-1
2015921500556,1,2,0,16,0,8,0,0,0,0,4,1,6,1,17,4,49,1,3,-1,1,-1
2015921500556,2,9,0,9,0,2,0,0,0,0,1,1,2,2,35,6,1598,1,9,-1,1,-1
2015921500559,1,5,0,9,0,5,0,0,0,0,0,1,6,2,47,8,865,1,1,-1,-1,-1
2015921500561,1,9,0,17,0,0,5,10,5,6,3,1,6,2,26,6,1242,1,1,-1,3,-1
2015921500562,1,90,0,9,9,8,0,0,0,0,1,1,1,1,31,6,7545,2,6,-1,-1,-1
2015921500565,1,9,0,18,0,1,0,0,1,0,1,1,6,2,38,7,1560,2,5,-1,-1,-1
2015921500565,2,9,0,18,0,1,0,0,0,0,2,1,6,2,62,9,2495,2,12,-1,1,-1
2015921500565,3,9,0,7,0,0,0,0,0,0,0,1,6,2,60,9,998,1,5,-1,3,-1
2015921500570,1,9,0,18,0,1,0,0,0,0,3,1,1,2,44,7,1995,2,2,-1,1,-1
2015921500571,1,9,0,16,0,0,0,0,1,11,3,1,1,1,22,5,1995,2,2,-1,3,-1
2015921500571,2,9,0,17,0,0,0,0,0,0,3,1,1,2,44,7,1598,1,11,-1,1,-1
2015921500572,1,5,0,4,0,0,2,0,0,0,1,1,6,1,67,10,-1,-1,-1,-1,-1,-1
2015921500572,2,5,0,4,0,0,0,0,0,0,2,1,6,1,67,10,-1,-1,-1,-1,-1,-1
2015921500574,1,9,0,9,0,8,0,0,0,0,1,1,6,2,21,5,1399,1,4,-1,1,-1
2015921500574,2,9,0,18,0,1,0,0,0,0,4,1,6,2,67,10,1240,1,10,-1,1,-1
2015921500575,1,9,0,9,0,5,1,10,7,2,3,1,6,1,48,8,2184,2,10,-1,3,-1
2015921500575,2,9,0,13,0,1,1,10,1,2,1,1,1,2,42,7,-1,-1,-1,-1,-1,-1
2015921500575,3,9,0,2,0,1,0,0,0,0,3,1,6,3,18,4,1994,1,8,-1,-1,-1
2015921500575,4,9,0,2,0,2,0,0,0,0,3,1,6,3,18,4,1896,2,12,-1,-1,-1
2015921500575,5,9,0,2,0,2,0,0,0,0,3,1,6,3,18,4,-1,-1,-1,-1,-1,-1
2015921500575,6,90,0,2,0,2,0,0,0,0,1,1,6,3,18,4,-1,-1,-1,-1,-1,-1
2015921500575,7,9,0,2,0,2,0,0,0,0,1,1,6,3,18,4,1910,2,9,-1,-1,-1
2015921500575,8,9,0,2,0,2,0,0,0,0,0,1,6,3,18,4,1240,1,9,-1,-1,-1
2015921500575,9,9,0,2,0,2,0,0,0,0,1,1,6,3,18,4,3000,1,10,-1,-1,-1
2015921500577,1,9,0,2,0,0,0,0,0,0,4,1,6,1,34,6,1994,1,21,-1,1,-1
2015921500577,2,1,0,18,9,0,0,0,0,0,1,1,6,1,12,3,-1,-1,-1,-1,3,-1
2015921500578,1,9,0,9,0,2,0,0,0,0,1,1,6,2,60,9,1598,1,1,-1,2,-1
2015921500578,2,1,0,18,0,2,0,0,0,0,1,1,6,1,18,4,-1,-1,-1,-1,1,-1
2015921500579,1,9,0,13,0,0,0,0,5,6,1,1,6,1,24,5,1995,2,7,-1,1,-1
2015921500579,2,19,0,13,-1,0,-1,0,-1,0,-1,1,-1,-1,-1,-1,-1,-1,-1,-1,-1,-1
2015921500580,1,9,0,5,0,0,0,0,0,0,2,1,6,1,64,9,2496,1,11,-1,1,-1
2015921500580,2,97,0,5,0,0,0,0,0,0,2,1,6,1,43,7,599,1,10,-1,1,-1
2015921500580,3,9,0,18,0,0,1,0,0,0,1,2,6,1,32,6,1781,1,16,-1,1,-1
2015921500582,1,1,0,14,0,0,0,0,0,0,1,1,6,1,40,7,-1,-1,-1,-1,-1,-1
2015921500583,1,9,0,18,0,0,0,0,0,0,3,1,2,1,40,7,-1,-1,-1,-1,3,-1
2015921500584,1,9,0,5,0,6,0,0,0,0,3,1,2,1,30,6,1598,1,7,-1,1,-1
2015921500584,2,21,1,18,0,1,1,0,0,0,1,1,1,1,47,8,10837,2,3,-1,1,-1
2015921500586,1,9,0,17,0,0,1,0,8,11,1,1,6,2,20,4,1199,1,13,-1,3,-1
2015921500588,1,9,0,16,0,0,0,0,0,0,1,1,1,1,20,4,1896,2,12,-1,-1,-1
2015921500588,2,10,0,17,0,0,0,0,0,0,1,1,1,1,52,8,2143,2,5,-1,1,-1
2015921500589,1,9,0,18,0,0,0,0,1,11,4,1,6,1,85,11,1598,1,1,-1,1,-1
2015921500590,1,9,0,18,0,5,5,10,1,1,1,1,2,1,70,10,2720,2,9,-1,-1,-1
2015921500591,1,9,0,10,0,5,0,0,0,0,0,1,6,3,30,6,-1,-1,-1,-1,-1,-1
2015921500591,2,9,0,3,0,8,0,0,0,0,2,1,6,1,64,9,2179,2,3,-1,3,-1
2015921500591,3,9,0,3,0,8,0,0,0,0,1,1,1,2,29,6,1149,1,14,-1,1,-1
2015921500592,1,9,0,13,0,1,0,0,0,0,1,1,6,1,22,5,1598,1,1,-1,3,-1
2015921500592,2,9,0,7,0,1,0,0,0,0,1,1,6,2,27,6,1198,1,7,-1,-1,-1
2015921500596,1,9,0,9,0,8,0,0,0,0,1,1,6,1,19,4,1796,1,14,-1,3,-1
2015921500596,2,1,0,18,0,8,0,0,0,0,2,1,6,2,28,6,-1,-1,-1,-1,1,-1
2015921500597,1,5,0,18,0,0,2,12,0,0,0,1,2,1,24,5,650,1,16,-1,3,-1
2015921500598,1,9,0,9,0,8,0,0,0,0,4,1,6,2,49,8,1997,1,2,-1,3,-1
2015921500598,2,1,0,18,0,6,0,0,0,0,3,1,6,2,43,7,-1,-1,-1,-1,1,-1
2015921500600,1,9,0,9,0,8,0,0,7,0,2,1,6,1,27,6,1398,1,-1,-1,-1,-1
2015921500600,2,21,1,18,0,8,1,0,0,0,1,1,1,1,48,8,12902,2,-1,-1,3,-1
2015921500602,1,19,0,18,0,0,0,0,0,0,3,1,1,1,30,6,2198,2,-1,-1,1,-1
2015921500610,1,9,0,17,0,0,0,0,1,4,1,1,6,2,42,7,1386,1,6,-1,3,-1
2015921500611,1,9,0,18,0,7,0,0,0,0,3,1,6,2,30,6,2179,2,7,-1,1,-1
2015921500611,2,9,0,9,0,7,0,0,0,0,4,1,6,1,25,5,2143,2,1,-1,1,-1
2015921500613,1,9,0,5,0,8,0,0,0,0,1,1,6,1,61,9,2495,2,10,-1,3,-1
2015921500613,2,9,0,18,0,1,0,0,0,11,3,1,6,2,35,6,-1,-1,-1,-1,3,-1
2015921500614,1,9,0,17,0,0,0,0,1,11,0,1,6,2,54,8,1198,1,13,-1,2,-1
2015921500622,1,9,0,9,0,1,0,0,7,11,3,1,6,1,19,4,1598,1,6,-1,-1,-1
2015921500622,2,9,0,17,0,1,0,0,7,11,1,1,6,1,84,11,999,1,2,-1,3,-1
2015921500623,1,5,0,18,0,1,1,0,0,0,1,1,6,1,35,6,1450,1,10,-1,2,-1
2015921500623,2,19,0,18,0,1,0,0,0,0,2,1,1,1,52,8,2287,2,1,-1,3,-1
2015921500623,3,9,0,10,0,5,0,0,0,0,0,1,1,2,22,5,1242,1,3,-1,3,-1
2015921500627,1,9,0,18,0,1,2,0,1,0,2,1,1,1,41,7,1493,2,4,-1,1,-1
2015921500627,2,9,0,18,0,1,1,0,7,11,1,1,6,1,36,7,1984,1,13,-1,3,-1
2015921500629,1,9,0,9,0,6,0,0,3,11,1,1,6,1,45,7,1984,1,7,-1,3,-1
2015921500629,2,9,0,17,0,1,0,0,7,11,1,1,6,1,55,8,1582,2,2,-1,3,-1
2015921500630,1,17,0,18,0,0,0,0,0,0,2,1,1,1,33,6,6728,2,2,-1,2,-1
2015921500630,2,19,0,18,0,0,0,11,0,0,1,1,1,1,41,7,2143,2,3,-1,2,-1
2015921500631,1,-1,0,18,0,0,0,0,0,0,0,2,6,3,-1,-1,-1,-1,-1,-1,-1,-1
2015921500631,2,1,0,18,0,0,0,0,1,4,1,1,1,1,45,7,-1,-1,-1,-1,2,-1
2015921500633,1,21,0,18,0,1,0,4,0,0,1,1,1,1,56,9,12900,2,7,-1,1,-1
2015921500633,2,9,0,10,0,2,1,0,0,0,2,1,6,1,55,8,2402,2,7,-1,3,-1
2015921500636,1,9,0,4,0,1,0,0,0,0,1,1,3,2,47,8,998,1,2,-1,2,-1
2015921500638,1,9,0,9,0,5,0,0,0,0,3,1,1,1,27,6,1368,1,11,-1,1,-1
2015921500638,2,5,0,18,0,8,5,0,0,0,3,1,1,1,59,9,656,1,4,-1,1,-1
2015921500643,1,5,0,18,0,8,0,0,0,0,1,1,2,1,45,7,1298,1,9,-1,3,-1
2015921500643,2,9,0,9,0,1,0,0,0,0,4,1,6,1,30,6,2995,1,4,-1,-1,-1
2015921500644,1,9,0,18,0,8,0,0,0,0,0,1,6,1,81,11,1198,1,2,-1,1,-1
2015921500644,2,9,0,10,0,2,0,0,7,0,0,1,6,1,23,5,2497,2,16,-1,1,-1
2015921500646,1,9,0,17,0,0,0,6,1,0,1,1,6,1,19,4,1560,2,6,-1,3,-1
2015921500647,1,9,0,18,2,0,0,0,0,0,1,1,6,1,24,5,1988,1,12,-1,3,-1
2015921500649,1,9,0,12,0,1,0,0,1,1,3,1,6,2,25,5,1595,1,2,-1,1,-1
2015921500649,2,3,0,18,0,1,0,0,1,1,4,1,6,1,40,7,124,1,6,-1,1,-1
2015921500650,1,5,0,18,7,8,1,0,7,0,3,1,6,1,45,7,800,1,2,-1,2,-1
2015921500650,2,9,4,9,0,5,0,0,0,0,0,1,2,1,30,6,-1,-1,-1,-1,-1,-1
2015921500651,1,4,0,13,0,1,2,0,0,0,1,1,1,1,38,7,636,1,9,-1,3,-1
2015921500651,2,9,0,9,0,1,0,0,0,0,3,1,6,2,72,10,1198,1,1,-1,-1,-1
2015921500653,1,9,0,18,0,0,0,0,1,4,1,1,6,1,30,6,1598,1,15,-1,1,-1
2015921500659,1,9,0,9,0,6,0,0,0,0,1,1,6,1,71,10,1461,2,4,-1,1,-1
2015921500659,2,5,0,18,0,1,1,0,0,0,1,1,6,1,27,6,998,1,9,-1,2,-1
2015921500661,1,97,0,13,0,0,2,0,1,11,3,1,6,1,48,8,675,1,5,-1,3,-1
2015921500661,2,20,0,18,0,0,0,0,0,0,3,1,6,1,63,9,-1,-1,-1,-1,1,-1
2015921500662,1,20,4,18,0,8,0,0,0,0,1,1,1,1,39,7,-1,-1,-1,-1,2,-1
2015921500662,2,9,0,10,0,8,0,0,0,0,2,1,6,2,40,7,1560,2,5,-1,3,-1
2015921500664,1,9,0,18,0,0,1,0,2,0,1,1,6,1,66,10,1995,1,10,-1,3,-1
2015921500664,2,5,0,18,0,0,0,0,0,0,2,1,6,1,60,9,-1,-1,-1,-1,-1,-1
2015921500665,1,2,0,18,0,0,2,10,7,0,4,1,6,1,16,4,49,1,10,-1,3,-1
2015921500665,2,9,0,2,0,0,0,0,0,0,4,1,6,1,37,7,1198,1,1,-1,2,-1
2015921500666,1,9,0,18,0,0,0,4,0,0,1,1,6,1,36,7,1360,1,13,-1,1,-1
2015921500666,2,9,0,2,0,0,0,0,0,0,3,1,6,3,45,7,-1,-1,-1,-1,-1,-1
2015921500667,1,9,0,17,0,0,2,0,1,11,4,1,6,2,18,4,1398,1,3,-1,3,-1
2015921500668,1,21,0,12,0,0,0,0,0,0,3,1,1,1,38,7,6870,2,13,-1,3,-1
2015921500668,2,1,0,18,0,0,0,0,1,0,4,1,6,1,60,9,-1,-1,-1,-1,-1,-1
2015921500669,1,9,0,9,0,1,0,0,0,0,1,1,2,2,39,7,1364,1,5,-1,1,-1
2015921500669,2,1,0,18,0,1,0,0,0,0,3,1,6,1,52,8,-1,-1,-1,-1,1,-1
2015921500672,1,9,0,9,0,0,0,0,0,0,1,1,6,2,37,7,2231,2,3,-1,3,-1
2015921500672,2,9,0,18,0,0,0,0,0,0,1,1,6,1,39,7,-1,-1,-1,-1,3,-1
2015921500677,1,9,0,11,0,0,0,0,0,0,4,1,6,1,25,5,1968,2,1,-1,1,-1
2015921500677,2,9,0,11,0,0,0,0,0,0,1,1,6,2,38,7,2148,2,9,-1,1,-1
2015921500678,1,9,0,5,0,2,0,0,0,0,0,1,2,1,25,5,2143,2,1,-1,-1,-1
2015921500678,2,4,0,18,0,1,0,0,0,0,0,1,2,1,54,8,1200,1,19,-1,3,-1
2015921500683,1,11,0,18,0,0,0,0,0,0,4,1,1,1,53,8,12000,2,6,-1,3,-1
2015921500684,1,9,0,17,0,0,5,0,1,0,3,1,6,1,18,4,1396,1,10,-1,3,-1
2015921500684,2,9,0,18,0,0,0,0,0,0,1,1,6,2,69,10,2987,2,-1,-1,3,-1
2015921500687,1,9,0,17,0,0,0,0,0,0,1,1,6,2,31,6,898,1,1,-1,1,-1
2015921500690,1,9,0,18,0,0,0,0,0,0,1,1,6,1,72,10,2179,2,-1,-1,1,-1
2015921500690,2,9,0,18,0,0,0,0,0,0,3,1,6,1,34,6,2967,2,2,-1,3,-1
2015921500692,1,97,0,16,0,0,1,0,7,0,0,1,2,1,53,8,649,1,1,-1,1,-1
2015921500696,1,9,0,18,0,0,0,0,7,11,1,1,6,2,19,4,1360,1,13,-1,3,-1
2015921500698,1,9,0,17,0,0,0,0,7,10,4,1,6,1,18,4,1390,1,7,-1,3,-1
2015921500698,2,9,0,18,0,0,0,0,0,0,3,1,6,1,33,6,1997,2,5,-1,1,-1
2015921500699,1,19,0,1,0,1,0,0,0,0,2,1,1,1,27,6,2402,2,14,-1,3,-1
2015921500700,1,9,0,17,0,8,1,10,0,0,3,1,6,1,39,7,6208,1,2,-1,1,-1
2015921500700,2,9,0,7,0,8,1,10,7,7,1,1,6,2,27,6,1124,1,8,-1,1,-1
2015921500701,1,5,0,16,0,0,0,0,7,0,1,1,6,1,44,7,749,1,18,-1,3,-1
2015921500701,2,9,0,17,0,0,0,0,1,0,1,1,6,1,59,9,2982,2,5,-1,3,-1
2015921500706,1,9,0,5,0,6,1,0,1,4,3,1,6,2,74,10,1229,1,3,-1,2,-1
2015921500706,2,19,0,18,0,8,1,0,7,9,1,1,1,1,59,9,1870,2,9,-1,3,-1
2015921500708,1,9,0,16,0,0,5,0,7,7,1,1,6,2,48,8,1229,1,2,-1,3,-1
2015921500712,1,5,0,16,0,0,0,0,0,0,1,1,6,1,62,9,-1,-1,-1,-1,-1,-1
2015921500712,2,19,4,17,0,0,0,0,0,0,3,1,1,1,60,9,2198,2,-1,-1,3,-1
2015921500714,1,9,0,16,9,2,0,10,1,10,2,1,1,2,40,7,1598,1,7,-1,3,-1
2015921500717,1,9,0,9,0,8,0,0,7,11,3,1,6,2,48,8,-1,-1,-1,-1,1,-1
2015921500717,2,19,0,18,0,8,0,0,7,0,1,1,6,1,18,4,-1,-1,-1,-1,3,-1
2015921500721,1,9,0,16,9,3,1,10,1,11,1,1,6,2,21,5,-1,-1,-1,-1,3,-1
2015921500724,1,9,0,9,0,1,0,0,0,0,4,1,6,1,31,6,1587,1,13,-1,-1,-1
2015921500724,2,9,0,18,0,1,0,0,0,0,1,1,1,2,33,6,1896,2,8,-1,2,-1