Accident_Index,Vehicle_Reference,Vehicle_Type,Towing_and_Articulation,Vehicle_Manoeuvre,Vehicle_Location-Restricted_Lane,Junction_Location,Skidding_and_Overturning,Hit_Object_in_Carriageway,Vehicle_Leaving_Carriageway,Hit_Object_off_Carriageway,1st_Point_of_Impact,Was_Vehicle_Left_Hand_Drive?,Journey_Purpose_of_Driver,Sex_of_Driver,Age_of_Driver,Age_Band_of_Driver,Engine_Capacity_(CC),Propulsion_Code,Age_of_Vehicle,Driver_IMD_Decile,Driver_Home_Area_Type,Vehicle_IMD_Decile
2015921501378,1,8,0,18,0,0,0,0,8,7,3,1,1,1,30,6,1977,2,4,-1,3,-1
2015921501379,1,9,0,9,0,5,0,0,0,0,0,1,6,2,50,8,1769,1,13,-1,1,-1
2015921501379,2,1,0,18,0,8,0,0,0,0,4,1,6,1,26,6,-1,-1,-1,-1,1,-1
2015921501381,1,9,0,4,0,0,0,0,0,0,1,1,2,2,29,6,1968,2,6,-1,1,-1
2015921501382,1,5,0,4,0,1,1,0,0,0,0,1,6,2,37,7,675,1,6,-1,1,-1
2015921501386,1,9,0,9,0,2,0,11,0,0,1,1,1,1,33,6,2494,2,1,-1,1,-1
2015921501388,1,9,0,18,0,0,0,0,0,0,1,1,6,2,41,7,1870,2,5,-1,3,-1
2015921501388,2,9,0,18,0,0,0,0,0,0,1,1,6,1,56,9,1461,2,-1,-1,-1,-1
2015921501394,1,9,0,9,0,8,0,0,0,0,1,1,6,2,46,8,1968,2,3,-1,-1,-1
2015921501394,2,1,0,18,0,8,0,0,0,0,4,1,2,1,41,7,-1,-1,-1,-1,1,-1
2015921501395,1,9,0,17,0,1,2,0,1,4,1,1,1,1,23,5,2982,2,3,-1,2,-1
2015921501397,1,9,0,18,0,0,0,0,0,0,3,1,6,1,35,6,-1,-1,-1,-1,3,-1
2015921501399,1,9,0,17,0,0,5,0,1,0,0,1,6,1,17,4,1199,1,11,-1,2,-1
2015921501402,1,11,0,7,0,8,0,0,0,0,1,1,1,1,42,7,6696,2,2,-1,1,-1
2015921501403,1,9,0,18,0,0,2,0,1,10,1,1,2,1,24,5,1596,1,15,-1,3,-1
2015921501404,1,3,0,3,0,0,0,0,0,0,2,1,6,1,23,5,124,1,5,-1,-1,-1
2015921501404,2,9,0,4,0,0,0,0,0,0,1,1,6,2,40,7,1588,1,13,-1,1,-1
2015921501406,1,19,0,17,0,8,0,0,0,0,1,1,1,1,60,9,1896,2,12,-1,-1,-1
2015921501406,2,9,0,5,0,8,0,0,0,0,4,1,6,2,54,8,1108,1,6,-1,-1,-1
2015921501407,1,9,0,5,0,2,0,0,0,0,3,1,6,1,73,10,1997,2,11,-1,3,-1
2015921501407,2,19,0,18,0,1,0,0,0,0,1,1,1,1,45,7,2402,2,4,-1,2,-1
2015921501408,1,3,0,16,0,1,0,10,4,0,3,1,6,1,18,4,124,1,-1,-1,2,-1
2015921501409,1,9,0,18,0,0,0,0,0,0,1,1,6,1,65,9,1598,1,10,-1,2,-1
2015921501410,1,9,0,17,0,0,1,0,1,3,1,1,1,1,33,6,2400,2,2,-1,3,-1
2015921501412,1,9,0,18,0,1,0,0,0,0,4,1,6,2,20,4,1242,1,2,-1,-1,-1
2015921501412,2,9,0,9,0,1,0,0,0,0,1,1,6,1,32,6,1390,1,14,-1,1,-1
2015921501414,1,9,0,17,0,0,1,0,0,0,4,1,6,2,37,7,999,1,14,-1,1,-1
2015921501414,2,9,0,16,0,0,0,0,0,0,1,1,2,1,64,9,1995,2,1,-1,3,-1
2015921501415,1,9,0,18,0,0,0,0,7,0,1,1,1,1,44,7,1248,2,3,-1,-1,-1
2015921501415,2,9,0,4,0,0,0,0,1,0,2,1,6,2,51,8,-1,-1,-1,-1,2,-1
2015921501416,1,9,0,5,0,6,0,0,0,0,0,1,6,1,32,6,1598,1,10,-1,1,-1
2015921501416,2,5,0,18,0,1,0,0,0,0,0,1,6,1,54,8,998,1,7,-1,1,-1
2015921501417,1,9,0,18,0,2,0,0,0,0,1,1,6,2,54,8,1248,1,6,-1,1,-1
2015921501417,2,1,0,18,0,1,0,0,0,0,1,1,1,1,42,7,-1,-1,-1,-1,3,-1
2015921501418,1,9,0,16,0,0,0,0,1,10,1,1,6,1,30,6,998,1,2,-1,2,-1
2015921501418,2,9,0,17,0,0,0,0,0,0,1,1,6,2,50,8,1242,1,10,-1,3,-1
2015921501420,1,21,0,7,0,8,0,0,0,0,1,1,1,1,60,9,6692,2,3,-1,1,-1
2015921501423,1,9,0,18,0,0,0,0,0,0,1,1,6,1,48,8,-1,-1,-1,-1,1,-1
2015921501424,1,9,0,18,0,0,5,4,0,0,1,1,6,2,36,7,2231,2,2,-1,1,-1
2015921501425,1,97,0,14,0,0,0,0,0,0,0,1,2,1,17,4,50,1,-1,-1,3,-1
2015921501425,2,97,0,14,0,0,0,4,0,0,1,1,2,1,17,4,123,1,-1,-1,1,-1
2015921501426,1,9,0,18,0,0,0,4,8,11,3,1,6,1,35,6,1998,1,25,-1,2,-1
2015921501426,2,9,0,2,0,0,0,0,0,0,3,1,6,2,27,6,1364,1,8,-1,2,-1
2015921501427,1,9,0,18,0,3,0,0,1,2,3,1,6,1,25,5,1242,1,9,-1,1,-1
2015921501428,1,9,0,16,0,0,2,0,7,0,1,1,6,2,22,5,1796,1,10,-1,3,-1
2015921501430,1,9,0,5,0,6,5,0,1,11,1,1,6,2,18,4,1149,1,3,-1,3,-1
2015921501430,2,21,1,18,0,1,0,0,0,0,3,1,1,1,56,9,12419,2,-1,-1,2,-1
2015921501433,1,9,0,18,0,0,1,0,0,0,1,1,6,2,69,10,1390,1,1,-1,2,-1
2015921501433,2,9,0,18,0,0,0,0,0,0,3,1,1,2,40,7,1598,2,2,-1,2,-1
2015921501433,3,9,0,2,6,0,0,0,0,0,3,1,6,3,30,6,1560,2,3,-1,-1,-1
2015921501437,1,9,0,17,9,0,5,0,1,11,1,1,6,1,37,7,-1,-1,-1,-1,3,-1
2015921501438,1,9,0,18,0,0,0,0,0,0,0,1,6,1,45,7,1998,1,12,-1,1,-1
2015921600016,1,9,0,5,0,1,0,11,0,0,1,1,6,1,46,8,1997,2,3,-1,1,-1
2015921600016,2,9,0,18,0,1,0,0,0,0,4,1,6,1,40,7,2000,1,10,-1,3,-1
2015921600017,1,9,0,18,0,1,0,0,0,0,1,1,6,1,61,9,1560,2,-1,-1,2,-1
2015921600017,2,9,0,9,0,5,0,0,0,0,1,1,6,1,30,6,2688,2,15,-1,-1,-1
2015921600018,1,9,0,18,0,0,1,0,7,9,1,1,6,1,21,5,1995,1,7,-1,1,-1
2015921600018,2,21,1,18,0,0,5,0,1,9,1,1,1,1,34,6,12900,2,3,-1,1,-1
2015921600024,1,9,0,18,0,0,0,0,0,0,1,1,6,1,24,5,1968,2,2,-1,1,-1
2015921600040,1,9,0,18,0,4,0,0,0,0,3,1,1,1,57,9,-1,-1,-1,-1,1,-1
2015921600040,2,1,0,18,0,3,0,0,0,0,1,1,2,1,55,8,-1,-1,-1,-1,1,-1
2015921600049,1,9,0,9,0,6,0,0,0,0,4,1,6,2,38,7,1598,2,2,-1,1,-1
2015921600049,2,1,0,18,0,1,0,0,0,0,1,1,2,1,43,7,-1,-1,-1,-1,1,-1
2015921600223,1,9,0,7,0,6,0,11,0,0,3,1,1,1,27,6,1997,2,9,-1,1,-1
2015921600223,2,1,0,18,0,1,0,0,0,0,3,1,6,1,29,6,-1,-1,-1,-1,1,-1
2015921600327,1,9,0,5,0,2,5,0,7,8,1,1,6,2,45,7,1242,1,6,-1,3,-1
2015930000001,1,9,0,18,0,0,0,0,0,0,1,1,6,1,19,4,1396,1,24,-1,1,-1
2015930000002,1,9,0,9,0,8,0,0,0,0,1,1,6,1,30,6,-1,-1,-1,-1,1,-1
2015930000002,2,1,0,18,0,8,0,0,0,0,0,1,2,1,51,8,-1,-1,-1,-1,1,-1
2015930000003,1,20,0,18,0,8,0,0,0,11,1,1,1,1,31,6,2998,2,-1,-1,1,-1
2015930000003,2,9,0,18,0,8,0,0,0,0,4,1,1,1,37,7,1560,2,5,-1,1,-1
2015930000004,1,9,0,7,0,5,0,0,0,0,1,1,6,2,59,9,1799,1,7,-1,1,-1
2015930000005,1,9,0,17,0,0,0,0,1,11,1,1,6,2,27,6,1598,1,14,-1,3,-1
2015930000006,1,21,0,18,0,0,5,0,6,6,3,1,1,1,63,9,10837,2,-1,-1,3,-1
2015930000007,1,9,0,18,0,3,0,0,0,0,1,1,6,1,35,6,-1,-1,-1,-1,1,-1
2015930000007,2,1,0,3,0,1,5,0,0,0,2,1,6,1,28,6,-1,-1,-1,-1,1,-1
2015930000008,1,9,0,18,0,0,0,0,0,0,3,1,6,1,45,7,1329,1,2,-1,3,-1
2015930000009,1,10,0,18,0,0,0,12,0,0,1,1,1,1,55,8,-1,-1,-1,-1,1,-1
2015930000009,2,9,0,18,0,0,0,12,0,0,1,1,2,1,33,6,1461,2,6,-1,1,-1
2015930000010,1,9,0,18,0,0,0,0,0,0,1,1,2,1,27,6,1900,2,16,-1,1,-1
2015930000010,2,9,0,18,0,0,0,0,0,0,1,1,2,1,40,7,1997,2,10,-1,1,-1
2015930000011,1,9,0,18,0,8,0,0,0,0,4,1,6,1,46,8,-1,-1,-1,-1,1,-1
2015930000011,2,9,0,18,0,1,0,0,0,0,1,1,1,1,24,5,1560,2,1,-1,1,-1
2015930000012,1,9,0,18,0,1,0,0,0,0,1,1,6,1,32,6,1951,2,12,-1,1,-1
2015930000012,2,9,0,3,0,1,0,0,0,0,2,1,6,1,63,9,-1,-1,-1,-1,3,-1
2015930000013,1,9,0,18,0,0,0,0,0,0,1,1,6,2,51,8,1587,1,9,-1,3,-1
2015930000014,1,9,0,4,0,0,0,0,0,0,2,1,1,1,43,7,1997,2,1,-1,3,-1
2015930000014,2,9,0,18,0,0,0,0,0,0,1,1,2,1,31,6,-1,-1,-1,-1,2,-1
2015930000014,3,9,0,18,0,0,0,0,0,0,1,1,6,1,20,4,973,1,12,-1,3,-1
2015930000014,4,9,0,18,0,0,0,0,0,0,1,1,6,2,46,8,1364,1,6,-1,3,-1
2015930000015,1,9,0,18,0,1,0,0,0,0,1,1,6,1,24,5,1596,1,11,-1,3,-1
2015930000015,2,9,0,2,0,1,0,0,0,0,2,1,6,1,52,8,1997,2,7,-1,3,-1
2015930000015,3,9,0,2,0,1,0,0,0,0,2,1,6,2,45,7,1400,1,10,-1,3,-1
2015930000017,1,9,0,13,0,0,0,0,0,0,1,1,2,2,37,7,1995,2,2,-1,3,-1
2015930000018,1,9,0,18,0,0,0,0,5,6,1,1,6,2,28,6,1242,1,5,-1,1,-1
2015930000019,1,9,0,8,0,1,0,0,0,0,2,1,2,1,41,7,-1,-1,-1,-1,1,-1
2015930000019,2,1,0,18,0,1,0,0,0,0,1,1,6,1,13,3,-1,-1,-1,-1,1,-1
2015930000020,1,9,0,18,0,8,0,0,0,0,1,1,6,1,27,6,1396,1,14,-1,1,-1
2015930000020,2,9,0,18,0,8,0,0,0,0,4,1,6,1,22,5,1364,1,7,-1,3,-1
2015930000027,1,9,0,18,0,2,0,0,0,0,4,1,6,1,34,6,1998,1,10,-1,1,-1
2015930000027,2,9,0,18,0,1,0,0,0,0,1,1,6,1,49,8,-1,-1,-1,-1,1,-1
2015930000042,1,9,0,18,0,0,1,0,1,0,1,1,6,2,78,11,995,1,7,-1,1,-1
2015930000049,1,11,0,18,0,1,0,0,0,0,0,1,1,1,55,8,-1,-1,-1,-1,1,-1
2015930000050,1,9,0,4,0,0,0,0,0,0,0,1,6,2,36,7,1598,1,14,-1,1,-1
2015930000051,1,9,0,18,0,0,1,0,7,0,1,1,6,1,40,7,-1,-1,-1,-1,1,-1
2015930000060,1,9,0,18,0,0,5,0,7,0,1,1,1,2,27,6,-1,-1,-1,-1,3,-1
2015930000068,1,9,0,4,0,2,1,10,7,11,1,1,2,2,52,8,1598,1,7,-1,1,-1
2015930000072,1,9,0,18,0,0,0,0,0,0,1,1,6,1,33,6,-1,-1,-1,-1,3,-1
2015930000072,2,19,0,18,0,0,0,0,0,0,2,1,6,3,-1,-1,2198,2,3,-1,-1,-1
2015930000072,3,9,0,18,0,0,0,0,0,0,1,1,6,2,36,7,-1,-1,-1,-1,1,-1
2015930000072,4,21,0,18,0,0,0,0,0,0,2,1,1,1,59,9,-1,-1,-1,-1,1,-1
2015930000079,1,21,1,16,0,0,5,5,0,0,1,1,1,1,44,7,-1,-1,-1,-1,1,-1
2015930000084,1,21,1,18,0,0,0,0,0,0,3,1,1,1,28,6,-1,-1,-1,-1,3,-1
2015930000092,1,9,0,18,0,0,1,0,7,11,1,1,1,2,41,7,1242,1,5,-1,2,-1
2015930000097,1,9,0,18,0,0,2,0,7,4,1,1,2,2,23,5,-1,-1,-1,-1,3,-1
2015930000098,1,9,0,18,0,0,0,0,1,10,4,1,6,1,32,6,-1,-1,-1,-1,1,-1
2015930000105,1,9,0,18,0,8,0,0,0,0,1,1,1,1,41,7,1598,2,3,-1,1,-1
2015930000105,2,9,0,18,0,8,0,0,0,0,4,1,6,1,31,6,1461,2,10,-1,1,-1
2015930000106,1,9,0,5,0,0,0,0,0,0,1,1,6,1,22,5,1896,2,11,-1,1,-1
2015930000106,2,20,0,4,0,0,0,0,0,0,1,1,1,1,-1,-1,-1,-1,-1,-1,1,-1
2015930000107,1,9,0,18,0,0,0,0,4,6,1,1,2,2,19,4,1229,1,4,-1,1,-1
2015930000109,1,11,0,18,0,2,0,0,0,0,0,1,1,1,44,7,9600,2,18,-1,1,-1
2015930000109,2,9,0,18,0,2,0,0,0,0,0,1,6,3,-1,-1,-1,-1,-1,-1,-1,-1
2015930000112,1,9,0,18,0,0,1,4,0,0,3,1,6,1,19,4,-1,-1,-1,-1,2,-1
2015930000112,2,9,0,3,0,0,0,0,0,0,2,1,6,1,56,9,-1,-1,-1,-1,3,-1
2015930000113,1,9,0,18,0,2,0,0,0,0,1,1,2,1,52,8,1499,1,1,-1,1,-1
2015930000114,1,9,0,18,0,4,0,0,0,0,1,1,6,1,49,8,1796,1,6,-1,1,-1
2015930000114,2,1,0,18,0,8,0,0,0,0,4,1,2,1,29,6,-1,-1,-1,-1,1,-1
2015930000115,1,9,0,5,0,6,0,0,0,0,3,1,2,2,24,5,1461,2,11,-1,1,-1
2015930000115,2,9,0,18,0,1,0,0,0,0,1,1,6,1,84,11,1299,1,11,-1,3,-1
2015930000116,1,9,0,18,0,8,0,0,0,0,3,1,6,1,55,8,1590,1,15,-1,1,-1
2015930000116,2,1,0,18,0,8,0,0,0,0,4,1,6,1,59,9,-1,-1,-1,-1,1,-1
2015930000117,1,9,0,2,0,0,0,10,0,0,4,1,6,2,51,8,1968,2,5,-1,2,-1
2015930000123,1,9,0,7,0,0,0,0,7,4,1,1,1,2,61,9,1995,2,2,-1,3,-1
2015930000124,1,9,0,18,0,0,0,0,0,0,1,1,6,2,80,11,1349,1,6,-1,3,-1
2015930000124,2,9,0,18,0,0,0,0,0,0,2,1,6,1,65,9,2967,2,8,-1,3,-1
2015930000125,1,9,0,9,0,0,5,0,0,0,1,1,6,2,30,6,1149,1,8,-1,1,-1
2015930000126,1,9,0,17,0,0,0,0,7,0,1,1,6,1,49,8,1598,1,1,-1,-1,-1
2015930000126,2,9,0,16,0,0,0,0,0,0,1,1,6,2,52,8,1390,1,6,-1,2,-1
2015930000127,1,9,0,18,0,0,2,0,1,0,1,1,1,1,38,7,1582,2,2,-1,3,-1
2015930000128,1,19,0,5,0,0,0,0,0,0,0,1,6,1,28,6,2198,2,2,-1,1,-1
2015930000128,2,9,0,18,0,0,0,0,7,2,1,1,1,1,64,9,1910,2,11,-1,1,-1
2015930000129,1,9,0,11,0,0,1,0,5,6,1,1,2,2,27,6,-1,-1,-1,-1,3,-1
2015930000130,1,90,0,13,0,1,0,0,0,0,1,1,1,1,50,8,2987,2,5,-1,2,-1
2015930000130,2,9,0,9,0,1,0,0,0,0,3,1,2,2,21,5,1598,1,6,-1,3,-1
2015930000131,1,9,0,16,0,0,2,0,1,0,1,1,6,1,25,5,1997,1,12,-1,1,-1
2015930000132,1,21,0,18,0,0,5,0,2,10,1,1,1,1,29,6,-1,-1,-1,-1,1,-1
2015930000133,1,9,0,18,0,0,0,4,0,0,1,1,6,1,45,7,1360,1,8,-1,2,-1
2015930000133,2,9,0,2,0,0,0,4,0,0,2,1,6,3,-1,-1,1560,2,9,-1,-1,-1
2015930000133,3,9,0,2,0,0,0,0,0,0,2,1,6,3,-1,-1,1995,2,3,-1,-1,-1
2015930000134,1,9,0,18,0,0,5,0,1,0,1,1,6,1,28,6,1596,1,12,-1,1,-1
2015930000135,1,9,0,17,0,0,5,0,1,0,1,1,6,1,51,8,-1,-1,-1,-1,1,-1
2015930000136,1,9,0,1,0,0,0,0,0,0,3,1,6,1,34,6,1229,1,1,-1,1,-1
2015930000138,1,9,0,7,0,8,0,0,0,0,1,1,1,1,73,10,-1,-1,-1,-1,1,-1
2015930000139,1,9,0,18,0,0,0,0,0,0,1,1,6,1,82,11,998,1,1,-1,1,-1
2015930000139,2,9,0,3,0,0,0,0,0,0,2,1,2,2,47,8,-1,-1,-1,-1,3,-1
2015930000140,1,9,0,18,0,1,0,0,0,0,1,1,6,2,17,4,1299,1,14,-1,3,-1
2015930000140,2,9,0,4,0,1,0,0,0,0,2,1,6,2,38,7,1242,1,1,-1,1,-1
2015930000140,3,9,0,10,0,1,0,0,0,0,2,1,6,2,61,9,-1,-1,-1,-1,1,-1
2015930000140,4,9,0,18,0,1,0,0,0,0,1,1,6,1,82,11,1797,8,4,-1,3,-1
2015930000141,1,9,0,18,0,8,0,0,0,0,1,1,6,1,36,7,-1,-1,-1,-1,1,-1
2015930000141,2,9,0,18,0,8,0,0,1,10,3,1,1,2,52,8,1997,2,1,-1,1,-1
2015930000142,1,9,0,5,0,6,0,0,0,0,1,1,6,1,76,11,1783,1,11,-1,1,-1
2015930000142,2,5,0,18,0,1,0,0,0,0,1,1,6,1,58,9,885,1,11,-1,1,-1
2015930000143,1,9,0,15,0,0,0,0,0,0,3,1,3,2,37,7,1197,1,4,-1,3,-1
2015930000147,1,9,0,18,0,0,5,0,1,11,1,1,6,1,73,10,1388,1,8,-1,1,-1
2015930000148,1,9,0,9,0,6,0,0,0,0,4,1,1,1,24,5,1242,1,13,-1,1,-1
2015930000148,2,9,0,9,0,5,0,0,0,0,2,1,6,1,27,6,1596,1,7,-1,1,-1
2015930000149,1,9,0,4,0,0,0,0,0,0,1,1,6,2,-1,-1,1248,1,2,-1,1,-1
2015930000149,2,9,0,3,0,0,0,0,0,0,2,1,6,2,59,9,998,1,6,-1,1,-1
2015930000149,3,9,0,3,0,0,0,0,0,0,2,1,6,1,59,9,1598,2,3,-1,2,-1
2015930000150,1,9,0,15,0,0,0,0,0,0,4,1,1,2,42,7,1499,2,2,-1,1,-1
2015930000151,1,9,0,18,0,0,0,0,0,0,1,1,6,2,24,5,1242,1,5,-1,1,-1
2015930000151,2,17,4,18,0,0,0,0,0,0,2,-1,2,1,47,8,-1,-1,-1,-1,3,-1
2015930000152,1,9,0,13,0,0,0,0,7,0,1,1,2,1,52,8,1461,2,11,-1,3,-1
2015930000152,2,9,0,18,0,0,0,0,0,0,1,1,2,1,46,8,999,1,1,-1,2,-1
2015930000154,1,9,0,18,0,2,0,0,0,0,1,1,2,2,35,6,1956,2,2,-1,1,-1
2015930000156,1,9,0,6,0,0,0,0,0,0,4,1,1,1,63,9,1560,2,2,-1,1,-1
2015930000156,2,4,0,18,0,0,0,0,0,0,1,1,2,1,27,6,749,1,5,-1,1,-1
2015930000157,1,9,0,5,0,2,0,0,0,0,1,1,2,2,39,7,1686,2,11,-1,1,-1
2015930000158,1,9,0,17,0,2,5,0,1,0,4,1,6,1,18,4,-1,-1,-1,-1,3,-1
2015930000159,1,9,0,1,0,2,0,0,0,0,2,1,6,1,39,7,1390,1,11,-1,1,-1
2015930000161,1,9,0,5,0,2,0,0,0,0,1,1,1,1,22,5,1995,2,3,-1,2,-1
2015930000161,2,9,0,18,0,1,0,0,0,0,3,1,6,2,24,5,1364,1,1,-1,1,-1
2015930000162,1,19,0,5,0,2,0,0,0,0,1,1,1,1,36,7,-1,-1,-1,-1,1,-1
2015930000162,2,9,0,18,0,1,0,0,0,0,3,1,6,2,55,8,1685,2,-1,-1,2,-1
2015930000163,1,9,0,5,0,2,0,0,0,0,4,1,6,2,69,10,-1,-1,-1,-1,2,-1
2015930000163,2,9,0,18,0,1,0,0,0,0,1,1,2,1,27,6,-1,-1,-1,-1,3,-1
2015930000164,1,9,0,18,0,0,0,0,4,6,1,1,6,1,19,4,1349,1,7,-1,1,-1
2015930000164,2,9,0,18,0,0,0,0,0,0,2,1,1,2,37,7,1968,2,4,-1,2,-1
2015930000165,1,9,0,17,0,0,0,10,1,11,1,1,1,2,43,7,1870,2,8,-1,2,-1
2015930000166,1,9,0,17,0,0,5,0,7,4,1,1,6,1,41,7,2494,2,1,-1,3,-1
2015930000167,1,9,0,18,0,2,0,0,0,0,1,1,2,1,31,6,-1,-1,-1,-1,1,-1
2015930000168,1,9,0,18,0,0,1,0,7,11,1,1,6,1,38,7,-1,-1,-1,-1,1,-1
2015930000169,1,21,0,18,0,2,0,0,0,0,1,1,1,1,51,8,12419,2,5,-1,1,-1
2015930000169,2,9,0,18,0,1,3,0,0,0,1,1,6,1,29,6,1328,1,9,-1,3,-1
2015930000170,1,9,0,18,0,2,0,0,0,0,2,1,6,2,20,4,-1,-1,-1,-1,2,-1
2015930000170,2,9,0,18,0,1,0,0,0,0,1,1,6,1,37,7,2179,2,4,-1,3,-1
2015930000171,1,9,0,15,0,0,5,11,5,6,1,1,1,1,23,5,1242,1,8,-1,1,-1
2015930000172,1,9,0,18,0,2,0,0,7,11,1,1,6,1,37,7,1968,2,2,-1,1,-1
2015930000173,1,9,0,18,0,2,0,0,0,0,4,1,2,2,52,8,1061,1,11,-1,1,-1
2015930000174,1,9,2,18,0,1,0,0,0,0,4,1,1,2,64,9,1388,1,6,-1,1,-1
2015930000175,1,19,0,18,0,1,0,0,0,0,3,1,6,1,34,6,2198,2,3,-1,1,-1
2015930000175,2,9,0,18,0,2,0,0,0,0,1,1,6,1,29,6,1796,1,13,-1,1,-1
2015930000175,3,9,0,3,0,1,0,0,0,0,2,1,6,1,50,8,1560,2,1,-1,1,-1
2015930000176,1,9,0,18,0,0,1,0,0,0,1,1,6,2,68,10,1968,2,4,-1,1,-1
2015930000176,2,9,0,3,0,0,0,0,0,0,2,1,6,1,48,8,1229,1,9,-1,2,-1
2015930000176,3,9,0,3,0,0,0,0,0,0,2,1,6,2,57,9,1896,2,8,-1,3,-1
2015930000176,4,9,0,3,0,0,0,0,0,0,2,1,6,3,21,5,1229,1,5,-1,1,-1
2015930000177,1,5,0,15,0,0,1,0,0,0,1,1,6,1,50,8,-1,-1,-1,-1,2,-1
2015930000177,2,9,0,18,0,0,0,0,0,0,2,1,6,2,18,4,1242,1,6,-1,1,-1
2015930000178,1,9,0,9,0,8,0,0,0,0,1,1,1,1,27,6,1975,1,8,-1,1,-1
2015930000178,2,9,0,18,0,1,0,0,0,0,1,1,6,2,73,10,-1,-1,-1,-1,1,-1
2015930000179,1,9,0,18,0,2,0,0,0,0,2,1,6,2,70,10,1349,1,7,-1,3,-1
2015930000179,2,9,0,18,0,1,5,0,1,0,1,1,2,2,29,6,1349,1,2,-1,3,-1
2015930000179,3,9,0,18,0,1,0,0,7,0,1,1,6,1,49,8,1299,1,7,-1,3,-1
2015930000179,4,9,0,2,0,1,0,0,0,0,2,1,6,2,48,8,1997,1,7,-1,3,-1
2015930000180,1,3,0,18,0,0,0,0,1,0,0,1,6,1,23,5,100,1,15,-1,3,-1
2015930000181,1,9,0,5,0,1,0,0,0,0,1,1,6,3,-1,-1,-1,-1,-1,-1,-1,-1
2015930000182,1,11,0,5,0,2,0,0,0,0,3,1,1,1,55,8,2148,2,6,-1,1,-1
2015930000182,2,9,0,18,0,1,0,0,0,0,1,1,6,2,36,7,-1,-1,-1,-1,1,-1
2015930000183,1,9,0,5,0,3,0,0,0,0,1,1,6,1,48,8,-1,-1,-1,-1,3,-1
2015930000183,2,9,0,18,0,4,0,0,0,0,4,1,6,1,31,6,1560,2,6,-1,1,-1
2015930000184,1,9,0,4,0,1,0,0,7,2,1,1,2,1,21,5,1598,2,5,-1,1,-1
2015930000185,1,9,0,5,0,2,0,0,0,0,1,1,6,1,58,9,1598,2,3,-1,1,-1
2015930000186,1,9,0,7,0,1,0,0,0,0,1,1,6,2,57,9,1798,1,10,-1,3,-1
2015930000186,2,9,0,18,0,1,0,0,0,0,1,1,2,1,30,6,1240,1,10,-1,1,-1
2015930000187,1,9,0,5,0,0,0,4,0,0,1,1,6,2,87,11,1587,1,9,-1,1,-1
2015930000187,2,9,0,2,0,0,0,0,1,11,1,1,6,2,-1,-1,1998,1,19,-1,1,-1
2015930000188,1,9,0,18,0,0,0,0,0,0,1,1,1,1,24,5,1149,1,3,-1,3,-1
2015930000188,2,9,0,4,0,0,0,0,0,0,2,1,6,2,51,8,1968,2,2,-1,1,-1
2015930000189,1,9,0,18,0,0,0,0,0,0,1,1,6,2,53,8,1396,1,4,-1,1,-1
2015930000190,1,9,0,18,0,2,0,0,0,0,1,1,6,1,62,9,1598,1,12,-1,1,-1
2015930000193,1,9,0,18,0,1,0,4,0,0,1,1,1,1,29,6,1968,2,3,-1,1,-1
2015930000193,2,9,0,2,0,1,0,0,3,0,2,1,6,2,48,8,-1,-1,-1,-1,1,-1
2015930000194,1,21,1,18,0,0,1,0,1,11,1,1,1,1,43,7,-1,-1,-1,-1,2,-1
2015930000195,1,9,0,18,0,0,5,0,1,0,1,1,6,2,40,7,1598,1,13,-1,2,-1
2015930000196,1,9,0,4,0,1,0,4,0,0,1,1,2,2,32,6,-1,-1,-1,-1,3,-1
2015930000196,2,9,0,3,0,1,0,0,0,0,2,1,1,1,53,8,1560,2,2,-1,2,-1
2015930000197,1,9,0,18,0,1,0,0,7,2,1,1,6,2,19,4,-1,-1,-1,-1,1,-1
2015930000198,1,9,0,2,0,2,0,0,0,0,3,1,2,2,50,8,1229,1,-1,-1,1,-1
2015930000198,2,1,0,18,0,2,0,4,0,0,1,1,6,1,25,5,-1,-1,-1,-1,1,-1
2015930000199,1,1,0,7,0,1,0,0,0,0,4,1,2,1,44,7,-1,-1,-1,-1,1,-1
2015930000202,1,19,0,1,0,1,0,0,0,0,2,1,1,1,46,8,1560,2,1,-1,1,-1
2015930000204,1,9,0,16,0,0,0,0,1,0,1,1,2,2,36,7,1248,2,8,-1,3,-1
2015930000205,1,9,0,9,0,1,0,0,0,0,1,1,6,1,72,10,1388,1,12,-1,2,-1
2015930000205,2,1,0,18,0,1,0,0,0,0,1,1,6,1,44,7,-1,-1,-1,-1,1,-1
2015930000205,3,11,0,3,0,1,0,0,0,0,3,1,1,1,50,8,6696,2,1,-1,1,-1
2015930000206,1,9,0,18,0,0,0,0,1,0,1,1,6,1,23,5,1398,2,9,-1,1,-1
2015930000207,1,5,0,18,0,1,0,0,1,11,1,1,6,1,57,9,487,1,24,-1,1,-1
2015930000208,1,9,0,4,0,1,0,0,0,0,1,1,6,1,65,9,1242,1,9,-1,2,-1
2015930000208,2,19,0,10,0,1,0,0,0,0,2,1,6,1,78,11,2461,2,13,-1,2,-1
2015930000209,1,9,0,9,0,1,0,0,0,0,4,1,1,1,42,7,998,1,3,-1,3,-1