Accident_Index,Vehicle_Reference,Vehicle_Type,Towing_and_Articulation,Vehicle_Manoeuvre,Vehicle_Location-Restricted_Lane,Junction_Location,Skidding_and_Overturning,Hit_Object_in_Carriageway,Vehicle_Leaving_Carriageway,Hit_Object_off_Carriageway,1st_Point_of_Impact,Was_Vehicle_Left_Hand_Drive?,Journey_Purpose_of_Driver,Sex_of_Driver,Age_of_Driver,Age_Band_of_Driver,Engine_Capacity_(CC),Propulsion_Code,Age_of_Vehicle,Driver_IMD_Decile,Driver_Home_Area_Type,Vehicle_IMD_Decile
2015930000209,2,9,0,18,0,1,0,0,0,0,1,1,6,1,57,9,-1,-1,-1,-1,3,-1
2015930000209,3,9,0,3,0,1,0,0,0,0,1,1,2,2,58,9,999,1,2,-1,1,-1
2015930000210,1,21,1,18,0,0,0,0,0,0,1,1,1,1,52,8,-1,-1,-1,-1,1,-1
2015930000210,2,9,0,18,0,0,0,0,0,0,1,1,6,1,30,6,1896,2,14,-1,1,-1
2015930000211,1,9,0,18,0,2,0,0,0,0,4,1,1,1,72,10,2494,2,12,-1,3,-1
2015930000211,2,9,0,18,0,1,0,0,0,0,1,1,6,2,50,8,2401,2,10,-1,3,-1
2015930000212,1,21,1,5,0,2,0,0,0,0,1,1,1,1,54,8,10518,2,2,-1,2,-1
2015930000213,1,9,0,15,0,0,0,0,0,0,3,1,-1,2,46,8,-1,-1,-1,-1,-1,-1
2015930000213,2,9,0,18,0,0,0,0,0,0,3,1,1,2,45,7,1198,1,4,-1,1,-1
2015930000213,3,5,0,18,0,0,0,0,0,0,3,1,6,1,46,8,400,1,-1,-1,1,-1
2015930000216,1,90,0,9,0,8,0,0,0,0,3,1,6,3,-1,-1,-1,-1,-1,-1,-1,-1
2015930000217,1,19,0,18,0,0,0,0,0,0,1,1,2,1,30,6,1753,2,4,-1,1,-1
2015930000217,2,9,0,3,0,0,0,0,0,0,2,1,6,1,19,4,999,1,3,-1,3,-1
2015930000217,3,9,0,3,0,0,0,0,0,0,2,1,6,1,49,8,1360,1,5,-1,1,-1
2015930000217,4,9,0,3,0,0,0,0,0,0,2,1,6,2,30,6,1598,1,5,-1,3,-1
2015930000217,5,9,0,3,0,0,0,0,0,0,2,1,6,1,66,10,1461,2,12,-1,3,-1
2015930000218,1,9,0,2,0,0,0,0,0,0,0,1,1,1,41,7,-1,-1,-1,-1,1,-1
2015930000219,1,9,0,7,0,8,0,0,0,0,1,1,6,3,-1,-1,-1,-1,-1,-1,-1,-1
2015930000219,2,1,0,18,0,8,0,0,0,0,4,1,2,1,30,6,-1,-1,-1,-1,1,-1
2015930000221,1,9,0,1,0,2,0,0,0,0,2,1,6,1,31,6,1598,1,6,-1,1,-1
2015930000222,1,9,0,16,0,0,5,0,7,11,1,1,2,1,48,8,1988,1,13,-1,2,-1
2015930000223,1,21,0,1,0,0,0,4,0,0,2,1,1,1,49,8,-1,-1,-1,-1,3,-1
2015930000223,2,9,0,2,0,0,0,0,0,0,2,1,6,2,48,8,1598,2,5,-1,3,-1
2015930000224,1,9,0,18,0,1,0,0,0,0,1,1,6,2,-1,-1,1398,2,1,-1,-1,-1
2015930000225,1,1,0,18,0,0,0,0,0,0,3,1,6,1,14,3,-1,-1,-1,-1,3,-1
2015930000225,2,1,0,18,0,0,0,0,0,0,4,1,6,1,15,3,-1,-1,-1,-1,1,-1
2015930000226,1,9,0,5,0,3,0,0,0,0,1,1,6,2,37,7,1968,2,4,-1,1,-1
2015930000226,2,4,0,3,0,3,0,0,0,0,2,1,6,1,57,9,1237,1,3,-1,3,-1
2015930000227,1,9,0,18,0,2,0,0,0,0,1,1,6,2,31,6,1461,2,1,-1,1,-1
2015930000228,1,90,0,5,0,3,0,0,0,0,1,1,6,3,-1,-1,-1,-1,-1,-1,-1,-1
2015930000228,2,9,0,5,0,3,0,0,0,0,2,1,6,1,18,4,1149,1,14,-1,1,-1
2015930000229,1,9,0,4,0,1,0,0,0,0,0,1,1,1,46,8,1560,2,3,-1,1,-1
2015930000230,1,9,0,1,0,1,0,0,0,0,2,1,6,2,77,11,1248,1,2,-1,1,-1
2015930000231,1,9,0,18,0,1,0,0,0,0,1,1,6,1,19,4,1388,1,9,-1,3,-1
2015930000231,2,9,0,3,0,1,0,0,0,0,2,1,6,1,66,10,-1,-1,-1,-1,1,-1
2015930000231,3,9,0,3,0,1,0,0,0,0,3,1,6,1,26,6,1560,2,2,-1,1,-1
2015930000232,1,11,0,18,0,2,0,0,0,0,1,1,1,1,56,9,6700,2,5,-1,1,-1
2015930000234,1,9,0,9,0,1,0,0,0,0,1,1,4,1,17,4,1149,1,8,-1,1,-1
2015930000234,2,3,0,18,0,1,0,0,0,0,1,1,6,1,17,4,124,1,11,-1,1,-1
2015930000235,1,9,0,15,0,0,0,0,0,0,1,1,6,2,49,8,1598,1,8,-1,3,-1
2015930000235,2,9,0,18,0,0,0,0,0,0,1,1,6,1,34,6,1598,1,11,-1,1,-1
2015930000237,1,9,0,18,0,1,0,0,0,0,1,1,6,1,60,9,1968,2,6,-1,1,-1
2015930000237,2,3,0,9,0,3,0,0,0,0,1,1,6,1,23,5,125,1,10,-1,1,-1
2015930000238,1,9,0,18,0,2,0,0,0,0,1,1,6,1,46,8,998,1,-1,-1,1,-1
2015930000238,2,9,0,18,0,1,0,0,0,0,1,1,6,1,59,9,1364,1,10,-1,3,-1
2015930000239,1,9,0,17,0,0,1,0,1,11,1,1,6,1,29,6,-1,-1,-1,-1,-1,-1
2015930000240,1,9,0,18,0,0,0,0,1,7,4,1,6,2,21,5,1364,1,7,-1,1,-1
2015930000241,1,9,0,5,0,8,0,0,0,0,1,1,2,1,50,8,1798,1,11,-1,1,-1
2015930000241,2,9,0,17,0,8,0,0,0,0,1,1,6,1,70,10,1086,1,9,-1,1,-1
2015930000244,1,9,0,1,0,0,0,0,0,0,2,1,1,1,55,8,2143,2,-1,-1,3,-1
2015930000245,1,9,0,18,0,0,0,0,0,0,1,1,6,1,23,5,-1,-1,-1,-1,3,-1
2015930000246,1,5,0,18,0,1,0,0,7,11,1,1,6,1,52,8,-1,-1,-1,-1,1,-1
2015930000246,2,9,0,5,0,2,0,0,0,0,1,1,6,1,55,8,1910,2,8,-1,1,-1
2015930000247,1,9,0,13,0,0,0,0,0,0,1,1,6,1,58,9,2199,2,4,-1,3,-1
2015930000247,2,9,0,9,0,0,0,0,0,0,1,1,6,2,34,6,1968,2,-1,-1,3,-1
2015930000249,1,9,0,5,0,2,0,0,0,0,3,1,6,1,51,8,2495,2,12,-1,3,-1
2015930000249,2,20,0,18,0,2,0,0,0,0,1,1,1,1,46,8,-1,-1,-1,-1,1,-1
2015930000249,3,9,0,18,0,1,0,0,0,0,2,1,6,2,51,8,1997,2,1,-1,1,-1
2015930000249,4,9,0,18,0,1,0,0,0,0,1,1,6,2,38,7,1596,1,13,-1,1,-1
2015930000250,1,9,0,18,0,1,0,0,0,0,1,1,6,1,25,5,1968,2,5,-1,3,-1
2015930000250,2,9,0,4,0,1,0,0,0,0,2,1,6,2,87,11,1198,1,5,-1,3,-1
2015930000251,1,9,0,4,0,1,0,0,0,0,1,1,6,2,21,5,1360,1,9,-1,1,-1
2015930000251,2,9,0,4,0,1,0,0,0,0,2,1,6,1,41,7,1900,2,9,-1,1,-1
2015930000252,1,1,0,18,0,2,0,0,0,0,1,1,6,1,15,3,-1,-1,-1,-1,1,-1
2015930000252,2,9,0,18,0,1,0,0,0,0,1,1,6,1,27,6,-1,-1,-1,-1,1,-1
2015930000255,1,9,0,18,0,1,5,0,1,2,4,1,6,1,69,10,1968,2,7,-1,3,-1
2015930000256,1,20,2,15,0,1,0,0,0,0,1,1,1,1,30,6,-1,-1,-1,-1,1,-1
2015930000256,2,17,0,9,0,1,0,0,0,0,1,1,1,1,25,5,-1,-1,-1,-1,1,-1
2015930000257,1,9,0,17,0,0,2,8,1,0,4,1,2,1,20,4,1422,2,7,-1,2,-1
2015930000258,1,9,0,18,0,0,0,0,1,11,1,1,6,3,-1,-1,3246,1,11,-1,-1,-1
2015930000259,1,9,0,9,0,0,0,0,0,0,4,1,6,1,58,9,1799,1,4,-1,3,-1
2015930000259,2,9,0,18,0,0,0,0,0,0,3,1,1,1,26,6,1998,2,12,-1,3,-1
2015930000259,3,9,0,18,0,0,0,0,0,0,0,1,6,1,49,8,1896,2,10,-1,3,-1
2015930000260,1,9,0,16,0,0,0,0,1,11,1,1,6,1,29,6,-1,-1,-1,-1,1,-1
2015930000261,1,9,0,16,0,1,1,0,1,4,1,1,6,3,67,10,4554,1,16,-1,1,-1
2015930000262,1,9,0,18,0,2,0,0,0,0,1,1,6,2,53,8,1299,1,8,-1,1,-1
2015930000262,2,1,0,18,0,1,0,0,0,0,1,1,6,1,19,4,-1,-1,-1,-1,1,-1
2015930000263,1,9,0,5,0,2,0,0,0,0,1,1,6,1,21,5,2521,1,6,-1,2,-1
2015930000264,1,5,0,18,0,0,1,0,0,0,1,1,2,2,54,8,745,1,3,-1,-1,-1
2015930000265,1,19,0,18,0,0,0,0,0,0,1,1,1,1,34,6,1461,2,8,-1,1,-1
2015930000265,2,21,1,18,0,0,0,0,0,0,1,1,1,1,54,8,12777,2,6,-1,1,-1
2015930000267,1,9,0,17,0,0,1,0,2,11,1,1,6,2,20,4,1242,1,15,-1,-1,-1
2015930000268,1,19,0,1,0,2,0,0,0,0,2,1,1,1,22,5,1686,2,11,-1,1,-1
2015930000269,1,20,0,13,0,0,0,0,0,0,1,1,1,1,49,8,-1,-1,-1,-1,1,-1
2015930000269,2,1,0,18,0,0,0,0,0,0,2,1,6,1,37,7,-1,-1,-1,-1,3,-1
2015930000270,1,9,0,18,0,2,0,0,0,0,4,1,6,2,60,9,1668,1,12,-1,3,-1
2015930000271,1,5,0,16,0,0,1,0,1,11,1,1,6,1,23,5,124,1,16,-1,1,-1
2015930000272,1,9,0,1,0,1,0,0,0,0,2,1,6,1,51,8,1968,2,1,-1,1,-1
2015930000273,1,5,0,16,0,2,0,0,7,11,1,1,6,1,52,8,1298,1,14,-1,2,-1
2015930000274,1,9,0,9,0,2,0,0,0,0,4,1,6,1,54,8,-1,-1,-1,-1,3,-1
2015930000274,2,9,0,18,0,2,5,0,1,0,1,1,2,2,41,7,1560,2,5,-1,2,-1
2015930000275,1,9,0,18,0,0,0,0,1,0,1,1,2,2,51,8,1956,2,1,-1,1,-1
2015930000276,1,9,0,16,0,0,1,0,1,11,2,1,2,2,18,4,1149,1,6,-1,3,-1
2015930000277,1,20,0,18,0,1,0,0,0,0,1,1,1,1,31,6,-1,-1,-1,-1,2,-1
2015930000277,2,9,0,3,0,1,0,0,0,0,2,1,2,2,42,7,1995,2,10,-1,3,-1
2015930000277,3,9,0,9,0,1,0,0,0,0,2,1,6,1,67,10,-1,-1,-1,-1,3,-1
2015930000278,1,9,0,5,0,1,0,0,0,0,1,1,6,1,62,9,1794,1,9,-1,3,-1
2015930000279,1,9,0,16,0,0,1,0,7,11,1,1,6,2,36,7,1360,1,10,-1,3,-1
2015930000280,1,9,0,18,0,1,0,0,0,0,1,1,2,2,47,8,1560,2,7,-1,1,-1
2015930000281,1,20,0,18,0,0,0,0,0,0,1,1,6,1,27,6,-1,-1,-1,-1,2,-1
2015930000282,1,1,0,18,0,1,0,0,0,0,1,1,1,1,13,3,-1,-1,-1,-1,3,-1
2015930000282,2,21,0,18,0,1,0,0,0,0,1,1,1,1,66,10,10518,2,4,-1,2,-1
2015930000283,1,9,0,3,0,1,0,0,0,0,1,1,6,1,31,6,1390,1,6,-1,3,-1
2015930000283,2,9,0,3,0,1,0,0,0,0,2,1,6,1,52,8,1598,2,3,-1,3,-1
2015930000284,1,1,0,17,0,0,0,0,0,0,3,1,6,1,48,8,-1,-1,-1,-1,1,-1
2015930000284,2,9,0,16,0,0,0,0,0,0,0,1,6,1,67,10,1997,2,4,-1,3,-1
2015930000286,1,90,0,5,0,2,0,0,0,0,1,1,6,3,-1,-1,-1,-1,-1,-1,-1,-1
2015930000286,2,1,0,18,0,1,0,0,0,0,4,1,6,2,14,3,-1,-1,-1,-1,1,-1
2015930000287,1,9,0,5,0,2,0,0,0,0,1,1,6,2,43,7,1870,2,6,-1,1,-1
2015930000287,2,9,0,18,0,1,0,0,0,0,1,1,6,1,73,10,2997,1,14,-1,1,-1
2015930000288,1,9,0,5,0,2,0,0,0,0,1,1,6,1,50,8,2429,1,9,-1,1,-1
2015930000289,1,9,0,18,0,0,0,0,0,0,4,1,6,3,-1,-1,-1,-1,-1,-1,-1,-1
2015930000289,2,9,0,2,0,0,0,0,0,0,3,1,6,1,36,7,1364,1,8,-1,1,-1
2015930000290,1,9,0,9,0,1,0,0,0,0,1,1,1,1,83,11,-1,-1,-1,-1,1,-1
2015930000291,1,9,0,16,0,0,0,0,1,4,4,1,6,1,23,5,1364,1,7,-1,2,-1
2015930000292,1,5,0,18,0,0,0,0,7,10,1,1,6,1,24,5,599,1,12,-1,1,-1
2015930000292,2,5,0,18,0,0,0,0,0,0,2,1,6,1,23,5,599,1,13,-1,1,-1
2015930000293,1,9,0,4,0,1,2,10,0,0,4,1,6,1,41,7,-1,-1,-1,-1,1,-1
2015930000294,1,9,0,18,0,0,5,12,0,0,1,1,6,1,30,6,1598,1,13,-1,1,-1
2015930000295,1,9,0,5,0,2,0,0,0,0,1,1,2,1,79,11,1391,1,15,-1,1,-1
2015930000295,2,3,0,9,0,1,0,0,0,0,3,1,2,1,28,6,-1,-1,-1,-1,1,-1
2015930000296,1,21,0,18,0,0,0,0,7,4,1,1,1,1,46,8,10308,2,2,-1,3,-1
2015930000297,1,19,0,3,0,1,0,0,0,0,1,1,1,1,23,5,-1,-1,-1,-1,1,-1
2015930000297,2,9,0,3,0,1,0,0,0,0,2,1,2,1,63,9,996,1,2,-1,3,-1
2015930000298,1,9,0,18,0,0,0,0,7,0,1,1,6,1,47,8,1997,2,15,-1,1,-1
2015930000298,2,9,0,18,0,0,0,0,1,0,1,1,2,1,48,8,1796,1,9,-1,1,-1
2015930000299,1,1,0,18,0,2,0,0,0,0,1,1,6,1,15,3,-1,-1,-1,-1,1,-1
2015930000299,2,9,0,18,0,1,0,0,0,0,1,1,6,2,60,9,1398,1,5,-1,1,-1
2015930000300,1,9,0,18,0,0,5,0,1,11,1,1,6,1,28,6,1753,2,13,-1,3,-1
2015930000301,1,9,0,18,0,0,2,0,1,0,4,1,6,1,19,4,998,1,1,-1,1,-1
2015930000302,1,9,0,4,0,1,0,0,0,0,1,1,6,2,48,8,-1,-1,-1,-1,3,-1
2015930000302,2,20,0,4,0,1,0,0,0,0,2,1,1,1,55,8,-1,-1,-1,-1,3,-1
2015930000303,1,9,0,5,0,0,0,0,0,0,1,1,6,2,34,6,1995,2,8,-1,1,-1
2015930000303,2,9,0,18,0,0,0,0,0,0,4,1,6,1,23,5,1796,1,11,-1,1,-1
2015930000304,1,9,0,18,0,1,0,0,0,0,1,1,6,2,27,6,1461,2,6,-1,1,-1
2015930000304,2,9,0,8,0,1,0,0,0,0,2,1,6,2,32,6,1461,2,7,-1,1,-1
2015930000305,1,9,0,18,0,0,0,4,0,0,1,1,6,1,74,10,-1,-1,-1,-1,1,-1
2015930000305,2,9,0,2,0,0,0,0,0,0,2,1,6,2,25,5,1399,2,2,-1,1,-1
2015930000305,3,9,0,2,0,0,0,0,0,0,2,2,6,1,67,10,1386,1,7,-1,1,-1
2015930000306,1,9,0,18,0,0,0,0,7,4,1,1,6,1,20,4,2495,2,11,-1,3,-1
2015930000307,1,9,0,18,0,0,5,0,7,11,1,1,6,1,33,6,1461,2,12,-1,1,-1
2015930000308,1,9,0,18,0,1,0,0,0,0,1,1,6,2,32,6,1598,1,2,-1,1,-1
2015930000308,2,1,0,9,0,2,0,0,0,0,1,1,6,2,7,2,-1,-1,-1,-1,1,-1
2015930000309,1,9,0,9,0,1,0,0,0,0,1,1,6,1,18,4,1149,1,11,-1,1,-1
2015930000309,2,3,2,18,0,1,0,0,0,0,1,1,6,1,52,8,125,1,3,-1,1,-1
2015930000310,1,9,0,18,0,0,5,4,0,0,1,1,6,2,65,9,1598,1,8,-1,3,-1
2015930000310,2,9,0,2,0,0,0,0,0,0,2,1,6,1,67,10,1248,2,9,-1,3,-1
2015930000310,3,9,0,18,0,0,0,0,0,0,1,1,6,1,24,5,1200,1,1,-1,1,-1
2015930000311,1,9,0,16,0,0,0,0,0,0,1,1,6,2,66,10,1248,1,-1,-1,3,-1
2015930000311,2,21,1,17,0,0,0,0,0,0,1,1,1,1,65,9,12902,2,2,-1,1,-1
2015930000312,1,9,0,18,0,1,0,0,0,0,1,1,6,1,56,9,998,1,6,-1,1,-1
2015930000313,1,11,0,5,0,1,0,0,0,0,1,1,1,1,37,7,4250,2,12,-1,1,-1
2015930000313,2,9,0,3,0,1,0,0,0,0,2,1,6,1,35,6,-1,-1,-1,-1,1,-1
2015930000314,1,9,0,9,0,1,0,0,0,0,1,1,6,1,33,6,2979,1,12,-1,1,-1
2015930000314,2,9,0,18,0,1,0,0,0,0,1,1,2,1,31,6,1968,2,9,-1,1,-1
2015930000314,3,9,0,3,0,1,0,0,0,0,1,1,2,1,71,10,2494,2,10,-1,1,-1
2015930000314,4,9,2,3,0,1,0,0,0,0,1,1,2,2,56,9,2179,2,6,-1,1,-1
2015930000315,1,8,0,2,0,0,0,0,0,0,0,1,6,3,-1,-1,-1,-1,-1,-1,-1,-1
2015930000316,1,2,0,18,0,1,0,0,0,0,1,1,6,1,68,10,748,1,19,-1,1,-1
2015930000316,2,9,0,4,0,1,0,0,0,0,2,1,6,1,54,8,1968,2,1,-1,3,-1
2015930000316,3,9,0,18,0,1,0,0,0,0,1,1,6,2,58,9,-1,-1,-1,-1,1,-1
2015930000317,1,9,0,18,0,1,0,0,0,0,1,1,6,1,52,8,1229,1,9,-1,3,-1
2015930000317,2,20,0,18,0,1,0,0,0,0,2,1,6,1,26,6,-1,-1,-1,-1,1,-1
2015930000318,1,9,0,9,0,1,1,0,0,0,4,1,6,1,18,4,995,1,7,-1,1,-1
2015930000319,1,3,0,17,0,3,1,0,0,0,1,1,6,1,32,6,124,1,3,-1,2,-1
2015930000319,2,90,0,4,0,3,0,0,0,0,0,1,6,3,-1,-1,-1,-1,-1,-1,-1,-1
2015930000320,1,9,0,18,0,0,0,0,0,0,1,1,6,1,20,4,1124,1,15,-1,3,-1
2015930000320,2,9,0,18,0,0,0,0,0,0,1,1,6,2,65,9,-1,-1,-1,-1,3,-1
2015930000321,1,11,0,6,0,2,0,0,0,5,2,1,1,1,55,8,-1,-1,-1,-1,1,-1
2015930000322,1,9,0,17,0,0,2,10,7,0,1,1,1,1,26,6,-1,-1,-1,-1,3,-1
2015930000323,1,9,0,17,0,0,2,0,0,0,1,1,6,1,42,7,1998,1,12,-1,2,-1
2015930000324,1,9,0,18,0,0,0,0,0,0,3,1,1,2,42,7,1248,2,1,-1,1,-1
2015930000324,2,1,0,18,0,0,0,0,0,0,1,1,6,2,40,7,-1,-1,-1,-1,1,-1
2015930000326,1,9,0,18,0,0,0,0,0,0,1,1,1,1,52,8,1951,2,11,-1,1,-1
2015930000326,2,9,0,18,0,0,0,0,0,0,2,1,6,2,45,7,-1,-1,-1,-1,1,-1
2015930000327,1,5,0,17,0,0,0,0,0,0,1,1,6,1,57,9,-1,-1,-1,-1,-1,-1
2015930000327,2,9,0,16,0,0,0,0,0,0,1,1,6,1,65,9,1199,1,11,-1,2,-1
2015930000328,1,9,0,18,0,0,0,0,0,0,1,1,2,1,48,8,2143,2,1,-1,3,-1
2015930000328,2,9,0,18,0,0,0,0,0,0,2,1,6,1,58,9,-1,-1,-1,-1,3,-1
2015930000329,1,20,0,18,0,0,0,4,0,0,1,1,1,1,36,7,-1,-1,-1,-1,1,-1
2015930000329,2,21,0,2,0,0,0,0,0,0,2,1,2,1,57,9,12419,2,3,-1,1,-1
2015930000330,1,4,0,16,0,0,0,0,0,0,1,1,6,1,49,8,1000,1,5,-1,1,-1
2015930000330,2,9,0,17,0,0,0,0,0,0,1,1,6,2,67,10,1339,1,2,-1,1,-1
2015930000331,1,9,0,18,0,1,0,0,0,0,1,1,1,1,-1,-1,-1,-1,-1,-1,-1,-1
2015930000331,2,9,0,18,0,1,0,0,0,0,4,1,1,2,48,8,-1,-1,-1,-1,-1,-1
2015930000332,1,9,0,7,0,1,0,0,0,0,4,1,6,2,43,7,1999,1,8,-1,1,-1
2015930000333,1,9,0,9,0,1,0,0,0,0,1,1,2,2,18,4,1399,2,3,-1,3,-1
2015930000333,2,5,0,18,0,1,0,0,0,0,1,1,6,1,37,7,1298,1,6,-1,1,-1
2015930000335,1,9,0,18,0,0,0,0,0,0,1,1,6,2,43,7,1598,1,7,-1,3,-1
2015930000336,1,9,0,17,0,0,0,0,1,11,1,1,6,1,31,6,1991,2,10,-1,3,-1
2015930000337,1,9,0,18,0,1,0,0,0,0,1,1,6,2,62,9,1248,1,4,-1,1,-1
2015930000337,2,5,0,18,0,1,0,0,0,0,3,1,6,1,60,9,996,1,10,-1,1,-1
2015930000338,1,9,0,18,0,0,0,0,0,0,0,1,6,1,64,9,1998,1,12,-1,1,-1
2015930000339,1,9,0,18,0,0,5,0,1,4,4,1,6,1,29,6,1329,1,1,-1,2,-1
2015930000340,1,90,0,9,0,0,0,0,0,0,1,1,1,1,48,8,-1,-1,-1,-1,3,-1
2015930000340,2,9,0,18,0,0,0,0,0,0,1,1,2,1,36,7,1998,2,10,-1,3,-1
2015930000341,1,9,0,18,0,1,0,0,2,0,4,1,6,1,21,5,-1,-1,-1,-1,3,-1
2015930000342,1,9,0,6,0,1,0,0,0,0,1,1,1,1,29,6,1388,1,5,-1,1,-1
2015930000342,2,9,0,18,0,1,0,0,0,0,1,1,6,1,65,9,-1,-1,-1,-1,1,-1
2015930000343,1,9,0,18,0,0,0,4,0,0,1,1,6,1,35,6,1242,1,11,-1,1,-1
2015930000343,2,9,0,2,0,0,0,0,0,0,2,1,6,1,67,10,1360,1,11,-1,2,-1
2015930000343,3,9,0,2,0,0,0,0,0,0,2,1,6,1,46,8,1560,2,2,-1,1,-1
2015930000343,4,9,0,2,0,0,0,0,0,0,2,1,6,2,48,8,1242,1,2,-1,1,-1
2015930000344,1,9,0,4,0,1,0,0,0,0,1,1,6,2,38,7,1339,1,7,-1,1,-1
2015930000344,2,9,0,4,0,1,0,0,0,0,2,1,6,2,59,9,1388,1,11,-1,1,-1
2015930000345,1,9,0,18,0,0,0,0,0,0,1,1,6,1,63,9,1596,1,-1,-1,2,-1
2015930000346,1,19,0,5,0,2,0,0,0,0,1,1,1,1,51,8,-1,-1,-1,-1,1,-1
2015930000346,2,1,0,5,0,3,0,0,0,0,2,1,6,1,33,6,-1,-1,-1,-1,3,-1
2015930000347,1,9,0,17,0,0,2,0,1,0,1,1,6,1,47,8,1149,1,11,-1,1,-1
2015930000348,1,9,0,18,0,0,0,0,0,0,1,1,3,1,41,7,1149,1,9,-1,3,-1
2015930000349,1,9,0,5,0,2,0,0,0,0,4,1,6,2,40,7,2179,2,5,-1,1,-1
2015930000349,2,9,0,18,0,1,0,0,0,0,1,1,2,1,49,8,1905,2,17,-1,1,-1
2015930000350,1,19,0,18,0,0,0,0,0,0,1,1,1,1,41,7,2143,2,4,-1,1,-1
2015930000350,2,21,0,2,0,0,0,0,0,0,2,1,1,1,61,9,9200,2,6,-1,1,-1
2015930000352,1,9,0,18,0,0,0,0,0,0,1,1,6,2,67,10,1388,1,7,-1,1,-1
2015930000354,1,9,0,18,0,0,0,0,0,0,1,1,6,1,52,8,-1,-1,-1,-1,2,-1
2015930000355,1,9,0,18,0,0,0,0,1,11,1,1,6,1,47,8,1896,2,14,-1,1,-1
2015930000356,1,20,0,4,0,1,0,0,0,0,1,1,1,1,41,7,-1,-1,-1,-1,1,-1
2015930000356,2,9,0,3,0,1,0,0,0,0,2,1,6,2,62,9,1998,2,3,-1,3,-1
2015930000357,1,9,0,18,0,0,0,0,1,0,1,1,6,1,28,6,-1,-1,-1,-1,1,-1
2015930000358,1,9,0,18,0,0,0,0,0,0,4,1,6,1,28,6,1598,1,7,-1,1,-1
2015930000359,1,9,0,17,0,0,1,0,1,10,1,1,6,2,19,4,1108,1,11,-1,2,-1
2015930000360,1,9,0,5,0,2,0,0,0,0,1,1,6,1,20,4,-1,-1,-1,-1,1,-1
2015930000360,2,1,0,18,0,1,0,0,0,0,1,1,6,1,43,7,-1,-1,-1,-1,1,-1
2015930000361,1,10,0,18,0,0,0,0,0,0,1,1,1,1,57,9,-1,-1,-1,-1,3,-1
2015930000361,2,9,0,18,0,0,0,0,0,0,1,1,6,2,71,10,1339,1,5,-1,1,-1
2015930000361,3,9,0,2,0,0,0,0,0,0,1,1,6,1,22,5,1686,2,2,-1,1,-1
2015930000362,1,9,0,5,0,2,0,0,0,0,1,1,2,1,30,6,1800,1,14,-1,1,-1
2015930000362,2,9,0,18,0,2,0,0,0,0,1,1,2,2,19,4,-1,-1,-1,-1,1,-1
2015930000363,1,9,0,18,0,0,0,0,4,6,1,1,6,1,40,7,1796,1,8,-1,1,-1
2015930000364,1,5,0,9,0,1,0,0,0,0,1,1,6,1,49,8,-1,-1,-1,-1,-1,-1
2015930000364,2,9,0,18,0,1,0,0,0,0,1,1,6,2,34,6,1386,1,9,-1,1,-1
2015930000365,1,9,0,18,0,0,0,0,0,0,1,1,2,1,44,7,-1,-1,-1,-1,3,-1
2015930000365,2,11,0,3,0,0,0,0,0,0,0,1,1,1,41,7,6700,2,3,-1,-1,-1
2015930000367,1,9,0,18,0,1,0,0,2,11,1,1,6,1,18,4,1595,1,15,-1,1,-1
2015930000367,2,9,0,3,0,1,0,0,0,0,1,1,2,1,31,6,2494,2,2,-1,3,-1
2015930000368,1,20,0,18,0,0,0,0,0,0,0,1,1,1,57,9,-1,-1,-1,-1,3,-1
2015930000368,2,9,0,18,0,0,0,11,0,0,1,1,6,1,56,9,2993,2,9,-1,3,-1
2015930000369,1,2,0,18,0,1,0,0,0,0,1,1,6,1,22,5,-1,-1,-1,-1,1,-1
2015930000369,2,9,0,5,0,2,0,0,0,0,1,1,6,1,42,7,1242,1,10,-1,1,-1
2015930000370,1,9,0,1,0,0,0,0,0,0,2,1,6,1,58,9,1998,1,10,-1,1,-1
2015930000371,1,9,0,5,0,2,0,0,0,0,1,1,6,1,59,9,1997,1,8,-1,1,-1
2015930000371,2,9,0,1,0,2,0,0,0,0,4,1,6,2,52,8,1598,1,2,-1,1,-1
2015930000372,1,9,0,5,0,2,0,0,0,0,1,1,6,1,70,10,1461,2,1,-1,1,-1
2015930000373,1,9,0,16,0,1,0,0,7,0,1,1,6,1,17,4,-1,-1,-1,-1,3,-1
2015930000373,2,9,0,17,0,1,0,0,1,0,1,1,6,2,20,4,1362,1,2,-1,3,-1
2015930000374,1,9,0,5,0,2,0,0,0,0,1,1,6,1,84,11,1798,1,3,-1,3,-1
2015930000374,2,19,0,18,0,8,0,0,0,0,1,1,6,1,66,10,2402,2,12,-1,1,-1
2015930000375,1,4,0,18,0,1,0,0,0,0,1,1,6,1,58,9,998,1,8,-1,3,-1
2015930000375,2,9,0,5,0,2,0,0,0,0,3,1,6,1,61,9,2400,2,6,-1,3,-1
2015930000376,1,20,0,18,0,1,0,0,0,0,1,1,1,1,27,6,-1,-1,-1,-1,1,-1
2015930000376,2,9,0,3,0,1,0,0,0,0,2,1,2,1,52,8,1198,1,8,-1,2,-1
2015930000376,3,20,0,3,0,1,0,0,0,0,1,1,2,1,59,9,-1,-1,-1,-1,2,-1