Accident_Index,Vehicle_Reference,Vehicle_Type,Towing_and_Articulation,Vehicle_Manoeuvre,Vehicle_Location-Restricted_Lane,Junction_Location,Skidding_and_Overturning,Hit_Object_in_Carriageway,Vehicle_Leaving_Carriageway,Hit_Object_off_Carriageway,1st_Point_of_Impact,Was_Vehicle_Left_Hand_Drive?,Journey_Purpose_of_Driver,Sex_of_Driver,Age_of_Driver,Age_Band_of_Driver,Engine_Capacity_(CC),Propulsion_Code,Age_of_Vehicle,Driver_IMD_Decile,Driver_Home_Area_Type,Vehicle_IMD_Decile
2015930000533,2,19,0,17,0,0,0,0,0,0,1,1,6,1,27,6,1753,2,5,-1,1,-1
2015930000534,1,9,0,18,0,0,0,0,1,4,1,1,6,1,78,11,973,1,12,-1,3,-1
2015930000535,1,9,0,17,0,0,0,0,0,0,1,1,6,1,25,5,-1,-1,-1,-1,1,-1
2015930000535,2,5,0,16,0,0,0,0,0,0,1,1,6,2,-1,-1,-1,-1,-1,-1,-1,-1
2015930000536,1,9,4,18,0,0,0,0,0,0,4,1,6,1,65,9,-1,-1,-1,-1,2,-1
2015930000536,2,1,0,18,0,0,0,0,0,0,1,1,6,1,58,9,-1,-1,-1,-1,3,-1
2015930000537,1,11,0,18,0,0,0,0,0,0,1,1,1,1,24,5,8268,2,10,-1,3,-1
2015930000538,1,21,0,18,0,0,0,0,0,0,1,1,1,1,50,8,16400,2,1,-1,3,-1
2015930000538,2,9,0,18,0,0,0,0,0,0,1,1,6,1,77,11,1298,1,12,-1,3,-1
2015930000539,1,21,0,18,0,0,0,0,0,0,1,1,1,1,34,6,12777,2,7,-1,2,-1
2015930000540,1,9,0,17,0,0,0,0,1,11,1,1,6,1,20,4,2143,2,2,-1,1,-1
2015930000542,1,9,0,18,0,1,0,0,0,0,1,1,6,1,30,6,1997,1,12,-1,1,-1
2015930000543,1,21,0,16,0,0,5,0,7,0,1,1,1,1,52,8,3920,2,2,-1,3,-1
2015930000544,1,9,0,18,0,0,0,0,0,0,1,1,6,1,38,7,1398,1,5,-1,1,-1
2015930000544,2,9,0,18,0,0,0,0,0,0,1,1,6,1,71,10,1339,1,11,-1,2,-1
2015930000545,1,9,0,9,0,1,1,0,7,11,1,1,6,1,30,6,1686,2,13,-1,1,-1
2015930000546,1,9,0,2,0,0,0,0,0,0,0,-1,6,2,26,6,1240,1,11,-1,3,-1
2015930000546,2,9,0,1,0,0,0,0,0,0,3,1,6,1,56,9,1149,1,11,-1,1,-1
2015930000547,1,9,0,18,0,0,0,0,0,0,1,1,6,2,29,6,1364,1,6,-1,1,-1
2015930000547,2,9,0,3,0,0,0,0,0,0,2,1,6,2,51,8,1753,2,7,-1,3,-1
2015930000548,1,9,0,18,0,0,0,0,1,11,1,1,2,2,28,6,1399,2,4,-1,3,-1
2015930000549,1,9,0,4,0,1,0,0,1,2,1,1,6,1,21,5,1198,1,10,-1,2,-1
2015930000550,1,9,0,7,0,3,0,0,0,0,1,1,4,1,46,8,1968,2,1,-1,1,-1
2015930000550,2,1,0,18,0,3,0,0,0,0,2,1,6,1,31,6,-1,-1,-1,-1,3,-1
2015930000551,1,9,0,5,0,2,0,0,0,0,1,1,1,1,60,9,-1,-1,-1,-1,2,-1
2015930000551,2,20,0,18,0,1,0,0,0,0,1,1,1,1,48,8,-1,-1,-1,-1,1,-1
2015930000552,1,9,0,5,0,2,0,0,0,0,1,1,1,1,52,8,1781,1,12,-1,1,-1
2015930000553,1,9,0,9,0,2,0,0,0,0,1,1,6,2,29,6,1956,2,-1,-1,1,-1
2015930000553,2,5,0,9,0,1,0,0,0,0,3,1,6,1,23,5,600,1,14,-1,1,-1
2015930000554,1,9,0,9,0,2,0,0,0,0,1,1,6,1,23,5,1896,2,12,-1,1,-1
2015930000555,1,9,0,13,0,0,0,0,0,0,0,1,1,1,54,8,2191,2,-1,-1,1,-1
2015930000555,2,9,0,13,0,0,1,0,1,4,1,1,2,1,35,6,1497,1,14,-1,2,-1
2015930000556,1,9,0,9,0,1,0,0,0,0,1,1,6,1,23,5,1198,1,9,-1,3,-1
2015930000556,2,9,0,18,0,1,5,0,1,0,1,1,6,1,42,7,-1,-1,-1,-1,3,-1
2015930000557,1,9,0,18,0,0,0,0,0,0,1,1,6,1,36,7,2179,2,8,-1,2,-1
2015930000557,2,1,0,18,0,0,0,0,0,0,2,1,6,1,56,9,-1,-1,-1,-1,2,-1
2015930000558,1,9,0,5,0,1,1,0,0,0,1,1,6,2,22,5,1242,1,2,-1,-1,-1
2015930000558,2,9,0,5,0,1,0,0,0,0,2,1,6,1,64,9,-1,-1,-1,-1,1,-1
2015930000559,1,9,0,9,0,1,0,0,0,0,3,1,6,1,49,8,1595,1,7,-1,1,-1
2015930000559,2,9,0,18,0,1,0,0,0,0,1,1,6,1,87,11,1399,1,7,-1,1,-1
2015930000560,1,9,0,18,0,1,0,0,0,0,1,1,6,2,50,8,1248,2,6,-1,-1,-1
2015930000560,2,9,0,18,0,1,0,0,7,0,2,1,6,1,23,5,1560,2,3,-1,1,-1
2015930000561,1,9,0,9,0,1,0,0,0,0,4,1,6,2,33,6,1598,1,12,-1,1,-1
2015930000561,2,9,0,18,0,1,0,0,0,0,1,1,6,2,18,4,1198,1,5,-1,1,-1
2015930000562,1,9,0,18,0,1,0,0,0,0,1,1,2,1,39,7,1586,1,7,-1,1,-1
2015930000562,2,1,0,18,0,1,0,0,0,0,1,1,2,1,61,9,-1,-1,-1,-1,1,-1
2015930000563,1,90,0,4,0,1,0,0,0,0,1,1,6,3,-1,-1,-1,-1,-1,-1,-1,-1
2015930000563,2,9,0,3,0,1,0,0,0,0,2,1,2,2,37,7,1242,1,1,-1,3,-1
2015930000564,1,5,0,5,0,2,1,0,0,0,0,1,6,1,25,5,398,1,12,-1,1,-1
2015930000565,1,21,1,3,0,2,0,0,0,0,3,1,1,1,45,7,-1,-1,-1,-1,1,-1
2015930000565,2,9,0,18,0,1,0,4,1,0,1,1,6,1,65,9,1598,2,6,-1,1,-1
2015930000566,1,3,0,4,0,1,1,0,0,0,0,1,2,2,18,4,125,1,9,-1,1,-1
2015930000567,1,9,0,9,0,2,0,0,0,0,1,1,6,1,42,7,1242,1,8,-1,1,-1
2015930000568,1,9,0,17,0,0,1,0,1,11,1,1,2,2,30,6,1199,1,13,-1,2,-1
2015930000569,1,9,0,18,0,0,5,10,1,0,4,1,6,1,32,6,1242,1,5,-1,2,-1
2015930000570,1,9,0,13,0,0,0,0,7,0,3,1,6,2,37,7,1339,1,7,-1,2,-1
2015930000570,2,9,0,13,0,0,0,0,7,0,0,1,6,1,38,7,-1,-1,-1,-1,3,-1
2015930000571,1,9,0,16,0,0,0,0,0,0,1,1,6,1,31,6,1968,2,9,-1,2,-1
2015930000571,2,9,0,18,0,0,0,0,0,0,1,1,6,1,45,7,-1,-1,-1,-1,3,-1
2015930000572,1,9,0,18,0,1,1,0,1,11,1,1,1,1,25,5,1598,2,5,-1,1,-1
2015930000573,1,9,0,18,0,1,0,0,0,0,4,1,6,1,18,4,1388,1,12,-1,3,-1
2015930000574,1,9,0,4,0,1,1,0,0,0,1,1,6,2,69,10,3200,2,1,-1,3,-1
2015930000574,2,9,0,9,0,1,0,0,0,0,2,1,6,1,27,6,-1,-1,-1,-1,1,-1
2015930000574,3,9,0,18,0,1,0,0,0,0,2,1,6,1,42,7,1968,2,4,-1,1,-1
2015930000575,1,9,0,18,0,0,0,0,0,0,1,1,6,2,19,4,998,1,3,-1,3,-1
2015930000575,2,9,0,2,0,0,0,0,0,0,2,1,6,2,76,11,2967,2,9,-1,3,-1
2015930000576,1,9,0,17,0,0,0,0,0,0,1,1,6,1,27,6,1398,1,2,-1,1,-1
2015930000576,2,9,0,18,0,0,0,0,0,0,1,1,6,2,59,9,998,1,-1,-1,1,-1
2015930000576,3,9,0,18,0,0,0,0,0,0,1,1,6,2,31,6,1587,1,10,-1,3,-1
2015930000576,4,9,0,18,0,0,0,0,0,0,1,1,6,2,54,8,1598,1,10,-1,1,-1
2015930000577,1,90,2,18,0,2,0,0,0,0,4,1,6,3,-1,-1,-1,-1,-1,-1,-1,-1
2015930000578,1,3,0,18,0,1,0,0,0,0,1,1,6,1,24,5,125,1,-1,-1,3,-1
2015930000578,2,9,0,18,0,1,0,0,0,0,1,1,6,1,89,11,659,1,11,-1,1,-1
2015930000578,3,20,0,3,0,1,0,0,0,0,1,1,1,1,32,6,2143,2,1,-1,3,-1
2015930000579,1,9,0,18,0,1,0,0,1,0,1,1,6,2,52,8,1796,1,8,-1,1,-1
2015930000580,1,9,0,18,0,1,1,0,0,0,1,1,6,1,40,7,1149,1,8,-1,1,-1
2015930000580,2,9,0,18,0,1,0,0,0,0,1,1,6,1,29,6,-1,-1,-1,-1,1,-1
2015930000581,1,9,0,18,0,0,1,0,0,0,1,1,6,1,34,6,1896,2,13,-1,3,-1
2015930000581,2,9,0,18,0,0,0,0,0,0,1,1,6,2,71,10,2495,2,12,-1,3,-1
2015930000582,1,9,0,18,0,0,0,0,0,0,1,1,6,1,46,8,-1,-1,-1,-1,3,-1
2015930000583,1,90,0,18,0,0,0,0,0,0,0,1,6,3,-1,-1,-1,-1,-1,-1,-1,-1
2015930000584,1,20,0,13,0,1,0,0,0,0,1,1,6,1,64,9,-1,-1,-1,-1,1,-1
2015930000584,2,9,0,9,0,1,0,0,1,0,2,1,6,1,24,5,1388,1,11,-1,3,-1
2015930000585,1,9,0,18,0,2,0,0,0,0,3,1,6,2,21,5,1299,1,13,-1,1,-1
2015930000585,2,9,0,18,0,2,0,0,0,0,1,1,6,2,68,10,1360,1,9,-1,1,-1
2015930000586,1,4,0,18,0,0,0,0,0,0,1,1,6,1,57,9,649,1,17,-1,1,-1
2015930000587,1,9,0,17,0,0,5,0,7,11,1,1,6,1,33,6,1999,1,8,-1,1,-1
2015941500014,1,9,0,18,0,0,2,0,8,11,1,1,6,2,40,7,-1,-1,-1,-1,1,-1
2015941500015,1,9,0,18,0,2,0,8,0,0,1,1,6,2,82,11,1240,1,9,-1,1,-1
2015941500015,2,9,0,2,0,2,0,0,0,0,4,1,2,1,60,9,1596,1,10,-1,1,-1
2015941500016,1,9,0,18,0,0,0,0,0,0,3,1,6,1,75,10,1587,1,8,-1,1,-1
2015941500017,1,11,0,15,0,0,0,4,0,0,4,1,3,1,46,8,6700,2,4,-1,2,-1
2015941500017,2,19,0,2,0,0,0,0,0,0,2,1,6,1,35,6,2402,2,6,-1,2,-1
2015941500019,1,19,0,17,0,1,2,0,2,11,4,1,6,2,24,5,-1,-1,-1,-1,1,-1
2015941500019,2,9,0,10,0,1,0,0,0,0,2,1,6,1,41,7,1598,2,2,-1,1,-1
2015941500019,3,9,0,2,0,1,0,0,0,0,2,1,6,1,24,5,-1,-1,-1,-1,-1,-1
2015941500022,1,9,0,18,0,0,0,0,0,0,4,1,3,2,40,7,1598,1,13,-1,1,-1
2015941500023,1,9,0,5,0,0,0,4,0,0,1,1,6,1,79,11,1686,2,4,-1,2,-1
2015941500023,2,9,0,2,0,0,0,0,0,0,2,1,6,1,26,6,1896,2,14,-1,2,-1
2015941500023,3,9,0,2,0,0,0,0,7,2,1,1,6,2,29,6,1997,2,1,-1,2,-1
2015941500027,1,9,0,17,0,0,2,0,0,0,4,1,6,2,20,4,998,1,13,-1,3,-1
2015941500035,1,9,0,9,0,1,0,0,0,0,1,1,6,1,20,4,-1,-1,-1,-1,1,-1
2015941500035,2,9,0,18,0,8,0,0,0,0,1,1,6,2,30,6,998,1,2,-1,1,-1
2015941500039,1,9,0,9,0,4,0,0,7,11,1,1,2,1,54,8,2967,2,3,-1,1,-1
2015941500039,2,21,0,7,0,4,0,0,0,0,0,1,6,3,35,6,-1,-1,-1,-1,-1,-1
2015941500041,1,11,0,4,0,1,1,0,0,0,1,1,1,1,60,9,-1,-1,-1,-1,1,-1
2015941500041,2,9,0,4,0,1,0,0,0,0,2,1,6,1,49,8,-1,-1,-1,-1,1,-1
2015941500043,1,9,0,18,0,1,1,8,0,0,1,1,6,1,18,4,-1,-1,-1,-1,1,-1
2015941500043,2,9,0,2,0,1,0,0,0,0,3,1,6,2,62,9,1242,1,4,-1,1,-1
2015941500049,1,21,1,18,0,0,5,7,0,0,3,1,1,1,39,7,12809,2,-1,-1,2,-1
2015941500053,1,9,0,18,0,0,0,0,0,0,1,1,6,2,35,6,-1,-1,-1,-1,-1,-1
2015941500054,1,9,0,4,0,1,0,0,0,0,1,1,6,2,35,6,1596,1,13,-1,2,-1
2015941500054,2,9,0,3,0,1,0,0,0,0,2,1,1,2,35,6,1248,2,1,-1,2,-1
2015941500065,1,9,0,18,0,1,0,0,0,0,1,1,6,2,36,7,1242,1,1,-1,1,-1
2015941500065,2,19,0,3,0,1,0,0,0,0,2,1,1,1,33,6,1399,2,5,-1,1,-1
2015941500066,1,9,0,1,0,0,0,0,0,0,2,1,6,2,35,6,-1,-1,-1,-1,-1,-1
2015941500075,1,9,0,5,0,1,0,0,0,0,1,1,6,1,29,6,1598,1,8,-1,1,-1
2015941500075,2,1,0,18,0,1,5,0,0,0,4,1,2,1,43,7,-1,-1,-1,-1,3,-1
2015941500078,1,9,0,17,0,1,0,0,0,0,1,1,6,1,83,11,2967,2,4,-1,3,-1
2015941500078,2,9,0,16,0,5,0,0,0,0,1,1,6,2,46,8,-1,-1,-1,-1,3,-1
2015941500079,1,9,0,16,0,1,0,0,0,0,1,1,6,1,24,5,1362,1,3,-1,1,-1
2015941500084,1,9,0,18,0,1,0,0,0,0,4,1,6,1,31,6,1596,1,4,-1,2,-1
2015941500085,1,9,0,6,0,1,0,0,0,0,1,1,1,1,60,9,1794,1,13,-1,1,-1
2015941500085,2,9,0,18,0,8,0,0,0,0,1,1,2,1,35,6,1995,2,11,-1,1,-1
2015941500088,1,19,0,18,0,0,0,0,0,0,1,1,2,1,47,8,2494,2,5,-1,1,-1
2015941500088,2,9,0,5,0,0,0,0,0,0,3,1,6,1,39,7,-1,-1,-1,-1,1,-1
2015941500090,1,9,0,9,0,5,0,0,0,0,1,1,6,2,17,4,999,1,15,-1,1,-1
2015941500090,2,9,0,17,0,5,1,0,0,0,1,1,6,1,58,9,-1,-1,-1,-1,-1,-1
2015941500091,1,9,0,14,0,0,1,0,8,0,1,1,1,1,25,5,-1,-1,-1,-1,1,-1
2015941500091,2,11,0,2,0,0,0,0,0,0,2,1,1,1,28,6,9000,2,8,-1,2,-1
2015941500091,3,9,0,14,0,0,1,0,0,0,1,1,1,1,39,7,1997,2,13,-1,1,-1
2015941500096,1,9,0,18,0,1,0,0,0,0,1,1,6,1,56,9,-1,-1,-1,-1,1,-1
2015941500096,2,9,0,3,0,1,0,0,0,0,2,1,6,2,40,7,1896,2,7,-1,1,-1
2015941500097,1,9,0,5,0,2,0,0,0,0,1,1,6,2,38,7,1997,2,6,-1,1,-1
2015941500097,2,9,0,18,0,1,0,0,0,0,1,1,6,2,20,4,1598,2,2,-1,1,-1
2015941500098,1,9,0,5,0,4,0,0,0,0,1,1,6,2,27,6,1995,2,8,-1,1,-1
2015941500098,2,9,0,5,0,4,0,0,0,0,2,1,2,1,66,10,-1,-1,-1,-1,1,-1
2015941500099,1,9,0,18,0,4,0,0,0,0,3,1,6,1,18,4,1199,1,11,-1,1,-1
2015941500099,2,20,0,5,0,8,0,0,0,0,1,1,6,1,54,8,-1,-1,-1,-1,3,-1
2015941500100,1,21,0,4,0,0,0,0,0,0,1,1,1,1,52,8,-1,-1,-1,-1,1,-1
2015941500100,2,20,0,4,0,0,0,0,0,0,2,1,1,1,37,7,2402,2,4,-1,1,-1
2015941500106,1,9,0,18,0,1,0,0,0,0,1,1,6,2,24,5,-1,-1,-1,-1,-1,-1
2015941500106,2,9,0,3,0,1,0,0,0,0,2,1,6,1,37,7,2191,2,1,-1,1,-1
2015941500106,3,9,0,3,0,1,0,0,0,0,2,1,6,1,54,8,1968,2,3,-1,3,-1
2015941500106,4,9,0,3,0,1,0,0,0,0,2,1,6,1,34,6,1968,2,2,-1,1,-1
2015941500107,1,9,0,18,0,0,0,0,0,0,1,1,6,2,21,5,1299,1,12,-1,3,-1
2015941500109,1,9,0,16,0,0,0,0,7,10,1,1,6,1,52,8,1242,1,13,-1,3,-1
2015941500113,1,9,0,17,0,0,0,0,2,4,3,1,6,1,17,4,-1,-1,-1,-1,1,-1
2015941500113,2,9,0,16,0,0,0,0,0,0,1,1,6,2,52,8,2993,2,3,-1,1,-1
2015941500113,3,9,0,16,0,0,0,0,0,0,1,1,2,1,27,6,1490,1,8,-1,1,-1
2015941500115,1,9,0,18,0,0,0,0,0,0,1,1,6,2,54,8,1242,1,1,-1,1,-1
2015941500116,1,9,0,18,0,0,0,0,7,4,1,1,6,1,23,5,-1,-1,-1,-1,1,-1
2015941500117,1,9,0,5,0,0,0,0,0,0,1,1,1,2,27,6,1388,1,11,-1,1,-1
2015941500118,1,9,0,18,0,0,0,0,1,11,4,1,6,1,32,6,-1,-1,-1,-1,3,-1
2015941500121,1,9,0,18,0,0,0,0,0,0,4,1,2,1,44,7,1364,1,7,-1,1,-1
2015941500126,1,19,0,18,0,0,1,0,0,0,1,1,6,1,22,5,1248,2,1,-1,-1,-1
2015941500128,1,9,0,16,0,0,1,0,1,4,1,1,6,1,19,4,1596,1,8,-1,1,-1
2015941500129,1,19,0,5,0,1,0,0,0,0,1,1,2,1,40,7,1995,2,2,-1,1,-1
2015941500129,2,1,0,18,0,8,0,0,0,0,3,1,6,1,61,9,-1,-1,-1,-1,3,-1
2015941500130,1,9,0,17,0,0,2,0,0,0,1,1,6,1,21,5,-1,-1,-1,-1,3,-1
2015941500132,1,9,0,18,0,0,0,0,0,0,1,1,6,2,31,6,1149,1,12,-1,1,-1
2015941500132,2,9,0,4,0,0,0,0,0,0,2,1,6,1,41,7,2204,2,8,-1,1,-1
2015941500135,1,9,0,18,0,2,0,0,0,0,1,1,6,1,45,7,1896,2,9,-1,-1,-1
2015941500135,2,9,0,4,0,2,0,0,0,0,2,1,6,2,36,7,1242,1,3,-1,1,-1
2015941500138,1,9,0,7,0,8,0,0,0,0,1,1,6,2,59,9,1198,1,2,-1,2,-1
2015941500138,2,1,0,18,0,8,0,0,0,0,2,1,6,1,35,6,-1,-1,-1,-1,1,-1
2015941500139,1,9,0,18,0,0,1,0,1,11,1,1,6,1,17,4,973,1,13,-1,1,-1
2015941500142,1,9,0,18,0,8,0,0,0,0,1,1,2,2,23,5,1390,1,1,-1,3,-1
2015941500142,2,9,0,4,0,8,0,0,0,0,2,1,2,2,34,6,1560,2,3,-1,3,-1
2015941500145,1,9,0,18,0,0,5,0,2,10,1,1,2,2,34,6,-1,-1,-1,-1,3,-1
2015941500146,1,9,0,5,0,0,1,10,7,4,1,1,6,1,26,6,1988,1,11,-1,1,-1
2015941500150,1,9,0,16,0,0,0,0,0,0,1,1,6,1,21,5,1600,1,17,-1,3,-1
2015941500150,2,9,0,18,0,0,0,0,0,0,1,1,2,1,56,9,2982,2,-1,-1,3,-1
2015941500153,1,17,4,18,0,1,1,0,0,0,4,1,1,1,18,4,6728,2,3,-1,3,-1
2015941500153,2,9,0,18,0,1,0,0,1,0,1,1,6,2,47,8,998,1,1,-1,3,-1
2015941500154,1,9,0,13,0,1,0,0,0,0,1,1,6,2,23,5,1199,1,13,-1,1,-1
2015941500154,2,1,0,18,0,1,0,0,0,0,1,1,6,1,49,8,-1,-1,-1,-1,3,-1
2015941500155,1,9,0,18,0,2,0,0,0,0,1,1,2,1,18,4,1248,2,7,-1,1,-1
2015941500160,1,9,0,18,0,8,0,0,0,0,1,1,6,2,41,7,1461,2,1,-1,1,-1
2015941500160,2,9,0,1,0,8,0,0,0,0,4,1,6,1,35,6,2500,2,29,-1,1,-1
2015941500160,3,9,0,2,0,1,0,0,0,0,3,1,6,1,39,7,2494,1,19,-1,3,-1
2015941500163,1,9,0,9,0,5,0,0,0,0,1,1,6,1,59,9,-1,-1,-1,-1,2,-1
2015941500165,1,9,0,5,0,0,0,0,0,0,1,1,6,2,80,11,1398,2,5,-1,-1,-1
2015941500165,2,9,0,2,0,0,0,0,0,0,0,1,6,2,63,9,1339,1,9,-1,1,-1
2015941500167,1,9,0,4,0,0,0,0,0,0,1,1,6,2,30,6,1598,1,8,-1,1,-1
2015941500167,2,9,0,13,0,0,0,0,0,0,2,1,6,2,29,6,1461,2,1,-1,2,-1
2015941500168,1,9,0,18,0,0,0,0,0,0,1,1,1,1,48,8,2198,2,1,-1,1,-1
2015941500171,1,9,0,4,0,0,1,0,1,11,4,1,1,1,51,8,-1,-1,-1,-1,1,-1
2015941500172,1,9,0,18,0,4,0,0,0,0,1,1,6,2,35,6,998,1,4,-1,1,-1
2015941500172,2,9,0,3,0,1,0,0,0,0,2,1,6,1,34,6,1560,2,6,-1,3,-1
2015941500175,1,11,0,17,0,1,0,0,0,0,3,1,1,2,41,7,4250,2,9,-1,3,-1
2015941500175,2,9,0,16,0,1,0,0,0,0,3,1,6,1,34,6,1595,1,10,-1,1,-1
2015941500176,1,9,0,3,0,7,0,0,0,0,2,1,6,2,35,6,1390,1,9,-1,1,-1
2015941500176,2,9,0,18,0,7,0,0,0,0,1,1,1,2,44,7,1598,2,-1,-1,1,-1
2015941500177,1,97,0,14,0,0,0,4,0,0,4,1,6,1,24,5,-1,-1,-1,-1,1,-1
2015941500177,2,9,0,2,0,0,0,0,0,0,4,1,6,1,35,6,1997,2,1,-1,1,-1
2015941500177,3,11,0,17,0,0,0,0,0,0,4,1,6,1,56,9,4250,2,11,-1,1,-1
2015941500178,1,9,0,7,0,6,0,0,0,0,1,1,6,2,80,11,1242,1,15,-1,3,-1
2015941500183,1,9,0,18,0,1,0,0,0,0,1,1,6,2,68,10,1598,1,5,-1,1,-1
2015941500183,2,9,0,10,0,5,0,0,0,0,2,1,6,1,36,7,1149,1,8,-1,1,-1
2015941500187,1,9,0,5,0,4,0,0,0,0,3,1,6,2,38,7,1598,1,6,-1,1,-1
2015941500187,2,9,0,18,0,8,0,0,0,0,1,1,2,1,24,5,1399,1,12,-1,1,-1
2015941500193,1,9,0,5,0,4,0,0,0,0,1,1,2,2,29,6,-1,-1,-1,-1,1,-1
2015941500193,2,9,0,5,0,4,0,0,0,0,2,1,6,1,75,10,-1,-1,-1,-1,1,-1
2015941500197,1,9,0,9,0,5,0,0,0,0,4,1,6,2,36,7,1870,2,10,-1,3,-1
2015941500197,2,9,0,18,0,1,0,0,0,0,1,1,6,1,62,9,1560,2,5,-1,3,-1
2015941500205,1,9,0,4,0,0,0,0,0,0,2,1,2,2,25,5,1242,1,8,-1,1,-1
2015941500205,2,9,0,4,0,0,0,0,0,0,2,1,2,2,25,5,1200,1,1,-1,1,-1
2015941500205,3,9,0,18,0,0,0,0,0,0,1,1,2,2,27,6,1332,1,6,-1,1,-1
2015941500205,4,9,0,18,0,0,0,0,0,0,1,1,2,1,37,7,-1,-1,-1,-1,1,-1
2015941500205,5,9,0,18,0,0,0,0,0,0,1,1,2,2,26,6,1229,1,5,-1,1,-1
2015941500205,6,9,0,18,0,0,0,0,0,0,3,1,2,1,52,8,1390,1,9,-1,3,-1
2015941500208,1,9,0,18,0,0,2,0,7,9,4,1,6,1,19,4,1229,1,5,-1,3,-1
2015941500209,1,9,0,5,0,0,0,0,0,0,3,1,2,1,23,5,1149,1,15,-1,1,-1
2015941500209,2,9,0,18,0,0,0,0,0,0,4,1,6,1,67,10,1349,1,1,-1,1,-1
2015941500209,3,9,0,2,0,0,0,0,0,0,3,1,6,2,42,7,1198,1,8,-1,1,-1
2015941500214,1,19,0,18,0,0,0,0,0,0,1,1,1,1,58,9,1598,2,3,-1,1,-1
2015941500214,2,9,0,4,0,0,0,0,0,0,2,1,6,2,20,4,1461,2,2,-1,1,-1
2015941500216,1,9,0,18,0,1,0,0,0,0,1,1,3,2,24,5,1598,1,12,-1,1,-1
2015941500216,2,9,0,3,0,1,0,0,0,0,2,1,3,2,43,7,1598,1,5,-1,1,-1
2015941500217,1,9,0,18,0,0,0,0,0,0,1,1,6,2,45,7,1498,1,8,-1,3,-1
2015941500219,1,9,0,18,0,4,0,0,0,0,1,1,6,1,35,6,1199,1,12,-1,1,-1
2015941500219,2,9,0,3,0,4,0,0,0,0,2,1,2,2,28,6,1242,1,6,-1,1,-1
2015941500224,1,9,0,18,0,0,0,0,0,0,4,1,6,2,43,7,1362,1,2,-1,1,-1
2015941500225,1,5,0,4,0,8,1,0,0,0,4,1,6,1,38,7,625,1,12,-1,1,-1
2015941500226,1,9,0,18,0,0,0,0,0,0,1,1,6,2,44,7,1598,2,3,-1,3,-1
2015941500226,2,9,0,18,0,0,0,0,0,0,2,1,6,2,41,7,1598,1,8,-1,3,-1
2015941500231,1,9,0,18,0,8,0,0,7,7,3,1,6,1,80,11,1229,1,2,-1,3,-1
2015941500237,1,9,0,5,0,0,0,0,0,0,1,1,6,2,38,7,1968,2,2,-1,1,-1
2015941500238,1,1,0,7,0,8,0,0,0,0,3,1,6,1,10,2,-1,-1,-1,-1,1,-1
2015941500238,2,9,0,9,0,8,0,0,0,0,1,1,6,1,38,7,1560,2,4,-1,1,-1
2015941500240,1,9,0,4,0,1,0,0,0,0,1,1,1,2,50,8,-1,-1,-1,-1,1,-1
2015941500240,2,9,0,8,0,2,0,0,0,0,2,1,6,2,55,8,1229,1,1,-1,2,-1
2015941500241,1,97,0,17,0,0,0,10,1,0,1,1,6,2,29,6,600,1,2,-1,3,-1
2015941500242,1,9,0,4,0,7,0,0,0,0,1,1,6,1,30,6,-1,-1,-1,-1,-1,-1
2015941500242,2,9,0,4,0,7,0,0,0,0,2,1,2,2,27,6,1598,1,3,-1,1,-1
2015941500242,3,9,0,4,0,7,0,0,0,0,1,1,6,2,30,6,1598,1,6,-1,1,-1
2015941500243,1,9,0,18,0,1,0,0,0,0,1,1,2,1,17,4,1598,1,9,-1,1,-1
2015941500243,2,9,0,10,0,1,0,0,0,0,2,1,1,2,51,8,1242,1,3,-1,1,-1
2015941500244,1,9,0,18,0,0,0,0,0,0,1,1,6,2,33,6,1999,1,12,-1,3,-1
2015941500245,1,19,0,18,0,0,0,0,0,0,3,1,6,1,50,8,1910,2,11,-1,2,-1
2015941500247,1,9,0,18,0,2,0,0,0,0,1,1,6,2,33,6,-1,-1,-1,-1,1,-1
2015941500247,2,9,0,3,0,2,0,0,0,0,2,1,6,1,24,5,-1,-1,-1,-1,1,-1
2015941500249,1,9,0,18,0,3,0,0,1,7,1,1,6,2,69,10,1149,1,12,-1,1,-1
2015941500251,1,9,0,7,0,8,0,0,0,0,1,1,6,1,46,8,998,1,11,-1,1,-1
2015941500251,2,9,0,18,0,8,0,0,0,0,4,1,6,2,45,7,1560,2,3,-1,1,-1
2015941500252,1,9,0,17,0,8,0,0,0,0,4,1,6,1,86,11,1968,2,10,-1,1,-1
2015941500252,2,11,0,4,0,1,0,0,0,0,3,1,1,1,65,9,6700,2,6,-1,3,-1
2015941500258,1,9,0,17,0,1,0,0,7,3,1,1,1,2,42,7,1461,2,13,-1,1,-1
2015941500260,1,9,0,17,0,8,0,0,0,0,1,1,2,2,42,7,1296,1,9,-1,3,-1
2015941500260,2,9,0,9,0,8,0,0,0,0,3,1,6,2,29,6,1968,2,6,-1,1,-1
2015941500261,1,9,0,18,0,0,0,4,0,0,1,1,3,1,74,10,1396,1,7,-1,1,-1
2015941500261,2,9,0,2,0,0,0,0,1,0,2,1,6,2,49,8,1956,2,1,-1,1,-1