Accident_Index,Vehicle_Reference,Vehicle_Type,Towing_and_Articulation,Vehicle_Manoeuvre,Vehicle_Location-Restricted_Lane,Junction_Location,Skidding_and_Overturning,Hit_Object_in_Carriageway,Vehicle_Leaving_Carriageway,Hit_Object_off_Carriageway,1st_Point_of_Impact,Was_Vehicle_Left_Hand_Drive?,Journey_Purpose_of_Driver,Sex_of_Driver,Age_of_Driver,Age_Band_of_Driver,Engine_Capacity_(CC),Propulsion_Code,Age_of_Vehicle,Driver_IMD_Decile,Driver_Home_Area_Type,Vehicle_IMD_Decile
2015941500263,1,9,0,13,0,0,2,0,1,10,3,1,6,1,32,6,1796,1,12,-1,1,-1
2015941500265,1,9,0,9,0,8,0,0,0,0,4,1,6,2,50,8,2179,2,7,-1,3,-1
2015941500265,2,1,0,18,0,8,0,0,1,0,4,1,6,1,44,7,-1,-1,-1,-1,3,-1
2015941500267,1,9,0,18,0,8,0,0,0,0,1,1,2,1,59,9,1796,1,4,-1,1,-1
2015941500267,2,1,0,18,0,8,0,0,0,0,2,1,2,1,22,5,-1,-1,-1,-1,1,-1
2015941500268,1,9,0,9,0,8,0,0,0,0,1,1,6,1,81,11,1229,1,4,-1,2,-1
2015941500268,2,9,0,7,0,8,0,0,0,0,1,1,6,2,69,10,1229,1,9,-1,3,-1
2015941500270,1,11,0,18,0,8,0,0,0,0,1,1,1,1,53,8,3900,2,11,-1,1,-1
2015941500270,2,9,0,18,0,8,0,0,0,0,1,1,6,2,29,6,1398,1,5,-1,1,-1
2015941500271,1,9,0,9,0,8,0,0,0,0,1,1,6,1,20,4,-1,-1,-1,-1,-1,-1
2015941500271,2,1,0,10,0,1,0,0,0,0,4,1,6,1,41,7,-1,-1,-1,-1,2,-1
2015941500273,1,19,0,18,0,0,0,0,0,0,1,1,1,1,26,6,2143,2,1,-1,1,-1
2015941500277,1,9,0,4,0,1,1,0,0,0,1,1,6,1,68,10,1956,2,4,-1,1,-1
2015941500277,2,9,0,10,0,8,0,0,0,0,3,1,6,2,25,5,1396,1,11,-1,1,-1
2015941500279,1,9,0,18,0,0,0,0,0,0,1,1,6,2,49,8,1242,1,12,-1,1,-1
2015941500279,2,9,0,4,0,0,0,0,0,0,2,1,6,1,30,6,1598,1,1,-1,3,-1
2015941500280,1,9,0,7,0,8,0,0,0,0,1,2,6,1,35,6,-1,-1,-1,-1,1,-1
2015941500280,2,9,0,18,0,8,0,0,0,0,4,1,6,2,60,9,1229,1,6,-1,1,-1
2015941500281,1,9,0,7,0,6,0,0,0,0,3,1,6,2,41,7,1242,1,3,-1,1,-1
2015941500281,2,11,0,18,0,1,0,0,0,0,4,1,1,1,49,8,5900,2,9,-1,2,-1
2015941500287,1,9,0,18,0,3,0,0,0,0,4,1,6,1,35,6,1995,2,11,-1,-1,-1
2015941500293,1,9,0,18,0,1,0,0,0,0,4,1,6,1,37,7,1248,1,3,-1,1,-1
2015941500295,1,9,0,9,0,8,0,0,0,0,1,1,6,2,52,8,998,1,2,-1,1,-1
2015941500295,2,1,0,18,0,8,0,0,0,0,1,1,6,1,35,6,-1,-1,-1,-1,2,-1
2015941500297,1,9,0,4,0,0,0,0,0,0,1,1,6,1,59,9,2199,2,1,-1,1,-1
2015941500297,2,9,0,3,0,0,0,0,0,0,2,1,6,1,54,8,1956,2,1,-1,1,-1
2015941500297,3,19,0,2,0,0,0,0,0,0,0,1,1,2,41,7,-1,-1,-1,-1,1,-1
2015941500298,1,11,0,4,0,0,0,0,0,0,1,1,1,1,35,6,6871,2,6,-1,-1,-1
2015941500299,1,9,0,2,0,0,0,0,0,0,4,1,6,3,-1,-1,1206,1,4,-1,-1,-1
2015941500299,2,1,0,15,0,0,0,4,0,0,1,1,6,1,19,4,-1,-1,-1,-1,1,-1
2015941500301,1,9,0,4,0,1,0,0,2,1,1,1,6,1,56,9,1998,2,6,-1,-1,-1
2015941500301,2,9,0,10,0,2,0,0,0,0,2,1,6,1,28,6,1968,2,8,-1,1,-1
2015941500301,3,9,0,8,0,1,0,0,0,0,2,1,6,2,40,7,2982,2,1,-1,1,-1
2015941500301,4,9,0,4,0,1,0,0,0,0,1,1,6,1,46,8,1598,2,1,-1,1,-1
2015941500305,1,9,0,5,0,8,0,0,0,0,3,1,6,1,75,10,1339,1,2,-1,1,-1
2015941500305,2,1,0,18,0,1,0,0,0,0,1,1,6,2,45,7,-1,-1,-1,-1,3,-1
2015941500308,1,1,0,18,9,0,0,0,8,0,3,1,6,1,40,7,-1,-1,-1,-1,2,-1
2015941500308,2,21,0,18,0,0,0,0,0,0,4,1,1,1,44,7,3920,2,8,-1,1,-1
2015941500309,1,1,0,18,0,0,0,0,0,0,3,1,4,1,13,3,-1,-1,-1,-1,1,-1
2015941500309,2,9,0,13,0,0,0,0,0,0,4,1,6,2,21,5,1560,2,6,-1,1,-1
2015941500310,1,3,0,4,0,2,0,0,0,0,3,1,6,1,70,10,124,1,2,-1,3,-1
2015941500311,1,9,0,18,0,8,0,0,0,0,1,1,6,1,19,4,1686,2,7,-1,1,-1
2015941500311,2,9,0,9,0,8,0,0,0,0,3,1,6,2,51,8,2179,2,6,-1,1,-1
2015941500313,1,9,0,18,0,0,0,0,0,0,1,1,6,1,22,5,-1,-1,-1,-1,2,-1
2015941500314,1,9,0,13,0,0,0,0,0,0,0,1,6,3,-1,-1,1341,1,11,-1,-1,-1
2015941500314,2,9,0,18,0,0,0,0,1,0,1,1,6,1,55,8,1386,1,9,-1,3,-1
2015941500315,1,9,0,18,0,0,0,0,7,4,1,1,6,1,72,10,2688,2,12,-1,3,-1
2015941500315,2,9,0,5,0,0,5,0,7,4,2,1,1,2,65,9,1870,2,8,-1,1,-1
2015941500317,1,9,0,9,0,7,0,0,0,0,3,1,2,2,31,6,1395,1,1,-1,1,-1
2015941500317,2,9,0,18,0,8,0,0,0,0,1,1,2,2,29,6,2494,1,18,-1,1,-1
2015941500321,1,9,0,18,0,8,0,0,0,0,1,1,1,1,40,7,1598,1,11,-1,-1,-1
2015941500322,1,3,0,18,0,8,0,0,0,0,1,1,6,1,18,4,124,1,4,-1,1,-1
2015941500322,2,9,0,18,0,8,0,0,0,0,3,1,6,2,48,8,1397,1,6,-1,3,-1
2015941500323,1,9,0,18,0,0,0,0,0,0,4,1,6,3,35,6,-1,-1,-1,-1,-1,-1
2015941500328,1,9,0,18,0,0,1,0,1,0,1,1,2,2,27,6,1995,2,1,-1,1,-1
2015941500328,2,9,0,18,0,0,1,0,1,0,1,1,6,1,36,7,2993,2,1,-1,1,-1
2015941500328,3,9,0,18,0,0,1,0,5,6,1,1,6,1,51,8,2993,2,4,-1,2,-1
2015941500329,1,9,0,18,0,0,1,0,1,9,4,1,6,1,81,11,3199,1,15,-1,3,-1
2015941500332,1,9,0,18,0,0,2,0,1,11,1,1,6,1,31,6,-1,-1,-1,-1,1,-1
2015941500332,2,9,0,18,0,0,0,0,1,0,1,1,6,2,30,6,1910,2,11,-1,1,-1
2015941500333,1,9,0,13,0,2,0,0,0,0,1,1,6,1,21,5,1493,1,16,-1,1,-1
2015941500333,2,9,0,18,0,1,0,0,0,0,1,1,6,2,26,6,2198,1,14,-1,1,-1
2015941500339,1,9,0,18,0,8,0,0,0,0,4,1,6,2,38,7,1796,1,7,-1,1,-1
2015941500339,2,9,0,18,0,8,0,0,0,0,4,1,6,1,32,6,1248,2,4,-1,1,-1
2015941500341,1,9,0,18,0,3,1,0,1,7,1,1,6,2,18,4,1242,1,5,-1,1,-1
2015941500343,1,5,0,18,0,8,1,0,0,0,3,1,2,1,20,4,498,1,15,-1,1,-1
2015941500345,1,9,0,18,0,0,0,0,5,6,4,1,6,1,25,5,1997,1,8,-1,2,-1
2015941500347,1,21,0,18,0,1,0,0,0,0,1,1,1,1,51,8,11705,2,7,-1,1,-1
2015941500347,2,9,0,9,0,1,0,0,0,0,2,1,6,1,46,8,1998,2,8,-1,1,-1
2015941500347,3,9,0,18,0,1,0,0,0,0,3,1,1,2,48,8,1995,2,5,-1,1,-1
2015941500349,1,9,0,5,0,4,0,0,0,0,1,1,2,1,40,7,1686,2,1,-1,1,-1
2015941500349,2,5,0,3,0,4,0,0,0,0,2,1,2,1,45,7,1157,1,13,-1,1,-1
2015941500350,1,9,0,17,0,0,2,0,1,10,1,1,6,2,28,6,1229,1,10,-1,1,-1
2015941500356,1,9,0,18,0,0,2,0,2,1,1,1,6,1,42,7,2792,1,9,-1,1,-1
2015941500357,1,9,0,4,0,1,0,0,0,0,1,1,6,2,72,10,1997,1,4,-1,3,-1
2015941500357,2,9,0,9,0,1,0,0,0,0,2,1,6,2,45,7,1997,2,1,-1,3,-1
2015941500358,1,9,0,5,0,4,0,0,0,0,1,1,2,1,58,9,1997,2,13,-1,1,-1
2015941500358,2,1,0,9,0,8,0,0,0,0,2,1,6,1,41,7,-1,-1,-1,-1,1,-1
2015941500361,1,5,0,18,0,0,0,0,0,0,1,1,6,1,74,10,745,1,8,-1,2,-1
2015941500361,2,9,0,4,0,0,0,0,0,0,2,1,6,2,67,10,1198,1,3,-1,1,-1
2015941500361,3,9,0,4,0,0,0,0,0,0,0,1,1,1,28,6,2993,2,5,-1,1,-1
2015941500365,1,9,0,18,0,0,0,4,0,0,1,1,6,1,21,5,1124,1,14,-1,1,-1
2015941500365,2,9,0,2,0,0,0,0,0,0,2,1,6,1,48,8,2967,1,14,-1,1,-1
2015941500370,1,9,0,9,0,7,0,0,0,0,1,1,6,1,57,9,1560,2,-1,-1,-1,-1
2015941500370,2,9,0,18,0,1,1,0,1,0,4,1,6,2,27,6,1984,1,7,-1,2,-1
2015941500371,1,9,0,18,0,0,0,0,0,0,4,1,2,2,30,6,1598,1,13,-1,2,-1
2015941500372,1,1,0,18,0,0,0,0,0,0,1,1,6,2,10,2,-1,-1,-1,-1,1,-1
2015941500372,2,9,0,18,0,0,0,0,0,0,1,1,6,2,47,8,1149,1,9,-1,1,-1
2015941500373,1,97,0,18,9,2,1,0,1,1,1,1,6,1,23,5,-1,-1,-1,-1,1,-1
2015941500375,1,9,0,18,0,1,0,0,0,0,4,1,6,2,43,7,-1,-1,-1,-1,3,-1
2015941500379,1,9,0,18,0,0,0,0,0,0,1,1,6,3,35,6,-1,-1,-1,-1,-1,-1
2015941500380,1,9,0,18,0,1,0,0,0,0,1,1,6,1,71,10,2435,1,22,-1,3,-1
2015941500380,2,9,0,18,0,2,0,0,0,0,1,1,6,1,85,11,1598,1,6,-1,3,-1
2015941500386,1,9,0,18,0,0,0,0,0,0,1,1,6,2,27,6,1149,1,7,-1,1,-1
2015941500386,2,9,0,4,0,0,0,0,0,0,2,1,6,2,69,10,2143,2,-1,-1,1,-1
2015941500388,1,5,0,16,0,0,1,0,7,11,1,1,6,1,47,8,998,1,16,-1,1,-1
2015941500390,1,8,0,18,0,0,0,0,0,0,1,1,1,1,44,7,1910,2,6,-1,3,-1
2015941500393,1,5,0,14,0,1,0,0,0,0,1,1,6,1,54,8,599,1,16,-1,2,-1
2015941500393,2,9,0,9,0,1,0,0,0,0,3,1,6,2,29,6,1995,2,8,-1,1,-1
2015941500396,1,9,0,17,0,0,5,0,1,9,1,1,6,1,28,6,1796,1,14,-1,2,-1
2015941500399,1,9,0,18,0,0,0,7,0,0,3,1,6,1,65,9,1461,2,1,-1,1,-1
2015941500399,2,9,0,18,0,0,0,0,0,0,3,1,6,1,47,8,1995,2,2,-1,1,-1
2015941500399,3,9,0,2,6,0,0,0,0,0,3,1,6,1,57,9,1339,1,5,-1,1,-1
2015941500403,1,9,0,5,0,0,0,0,0,0,3,1,6,1,76,11,1597,1,17,-1,1,-1
2015941500403,2,1,0,18,0,0,0,0,0,0,1,1,6,1,38,7,-1,-1,-1,-1,3,-1
2015941500404,1,9,0,18,0,8,0,0,0,0,1,1,2,1,28,6,1499,2,2,-1,1,-1
2015941500404,2,9,0,18,0,8,0,0,0,0,4,1,6,1,75,10,1343,1,11,-1,1,-1
2015941500408,1,9,0,16,0,0,2,0,2,0,1,1,6,1,30,6,1781,1,14,-1,1,-1
2015941500411,1,90,0,18,0,1,0,0,0,0,3,1,1,1,50,8,-1,-1,-1,-1,2,-1
2015941500413,1,9,0,18,0,8,0,0,0,0,1,1,1,2,44,7,1498,1,5,-1,1,-1
2015941500413,2,1,0,18,0,8,0,0,0,0,1,1,6,1,74,10,-1,-1,-1,-1,3,-1
2015941500414,1,9,0,18,0,0,0,0,0,0,4,1,6,2,55,8,1242,1,4,-1,1,-1
2015941500417,1,9,0,18,0,0,0,0,0,0,1,1,6,1,60,9,1997,2,14,-1,1,-1
2015941500417,2,9,0,5,0,0,0,0,0,0,2,1,6,1,68,10,1360,1,12,-1,1,-1
2015941500419,1,19,0,18,0,1,1,0,0,0,1,1,6,1,45,7,2143,2,4,-1,3,-1
2015941500419,2,9,0,10,0,1,0,0,1,4,2,1,6,2,62,9,1995,2,3,-1,3,-1
2015941500425,1,9,0,16,0,0,2,0,1,4,4,1,6,1,18,4,1896,1,17,-1,1,-1
2015941500432,1,11,0,18,0,0,0,0,0,0,4,1,1,1,60,9,6696,2,1,-1,1,-1
2015941500434,1,9,0,13,0,1,0,0,7,11,1,1,6,1,25,5,1390,1,15,-1,1,-1
2015941500434,2,9,0,9,0,1,0,0,0,0,1,1,6,1,22,5,1229,1,9,-1,1,-1
2015941500436,1,9,0,4,0,1,0,0,0,0,1,1,6,1,56,9,2198,2,8,-1,1,-1
2015941500436,2,9,0,4,0,1,0,0,0,0,2,1,6,1,51,8,1582,2,5,-1,1,-1
2015941500436,3,9,0,3,0,1,0,0,0,0,2,1,6,1,38,7,1995,2,3,-1,2,-1
2015941500438,1,3,0,18,0,1,0,0,0,0,1,1,6,1,18,4,93,1,13,-1,1,-1
2015941500438,2,3,0,7,0,1,0,0,0,0,2,1,6,1,17,4,-1,-1,-1,-1,1,-1
2015941500439,1,9,0,18,0,1,0,0,0,0,1,1,6,2,27,6,1598,1,5,-1,1,-1
2015941500439,2,9,0,10,0,1,0,0,0,0,2,1,6,2,57,9,1349,1,7,-1,1,-1
2015941500440,1,9,0,18,0,8,5,10,2,0,1,1,6,1,27,6,1968,2,11,-1,1,-1
2015941500442,1,9,0,6,0,0,0,0,0,0,3,1,6,1,52,8,1461,2,-1,-1,1,-1
2015941500442,2,5,0,18,0,0,1,0,0,0,1,1,6,1,72,10,652,1,11,-1,3,-1
2015941500443,1,9,0,18,0,0,0,0,0,0,3,1,6,1,25,5,1796,1,6,-1,1,-1
2015941500445,1,9,0,18,0,0,0,0,0,0,3,1,6,3,-1,-1,-1,-1,-1,-1,-1,-1
2015941500445,2,9,0,18,0,0,0,0,0,0,3,1,6,1,81,11,1598,1,10,-1,1,-1
2015941500446,1,9,0,14,0,0,5,4,7,0,1,1,6,1,41,7,1390,1,13,-1,1,-1
2015941500446,2,9,0,2,0,0,0,0,0,0,2,1,2,2,47,8,1360,1,5,-1,1,-1
2015941500447,1,19,0,9,0,6,0,0,0,0,3,1,1,1,36,7,1560,2,2,-1,1,-1
2015941500447,2,5,0,18,0,8,1,0,0,0,1,1,6,1,66,10,1098,1,14,-1,1,-1
2015941500448,1,9,0,18,0,1,0,0,0,0,1,1,3,2,30,6,1242,1,4,-1,1,-1
2015941500448,2,9,0,18,0,1,0,0,0,0,2,1,6,2,23,5,1995,2,7,-1,1,-1
2015941500451,1,9,0,17,0,0,2,0,1,11,1,1,6,1,20,4,1149,1,11,-1,1,-1
2015941500452,1,9,0,18,0,0,0,0,5,6,1,1,6,1,40,7,3246,1,11,-1,3,-1
2015941500452,2,9,0,18,0,0,0,0,1,4,2,1,6,1,58,9,1998,1,-1,-1,1,-1
2015941500453,1,9,0,17,0,0,5,0,1,11,1,1,6,1,80,11,1582,2,3,-1,1,-1
2015941500454,1,9,0,18,0,1,0,0,0,0,1,1,6,3,-1,-1,1598,1,12,-1,-1,-1
2015941500454,2,9,0,1,0,1,0,0,0,0,4,1,6,1,33,6,1600,2,5,-1,1,-1
2015941500457,1,9,0,18,0,0,0,0,0,0,1,1,6,1,67,10,2143,2,2,-1,3,-1
2015941500457,2,9,0,10,0,0,0,0,0,0,2,1,6,2,55,8,1349,1,5,-1,1,-1
2015941500457,3,9,0,18,0,0,0,0,0,0,1,1,6,2,51,8,1149,1,11,-1,1,-1
2015941500462,1,9,0,13,0,1,0,0,0,0,1,1,6,1,44,7,1956,2,-1,-1,1,-1
2015941500462,2,17,0,9,0,5,5,0,7,0,3,1,6,1,47,8,-1,1,67,-1,3,-1
2015941500463,1,9,0,18,0,0,0,0,0,0,1,1,2,1,53,8,1149,1,4,-1,2,-1
2015941500464,1,9,0,5,0,1,0,0,3,11,1,1,6,1,85,11,1968,2,2,-1,1,-1
2015941500464,2,9,0,3,0,1,0,0,0,0,2,1,6,1,56,9,1596,1,1,-1,3,-1
2015941500470,1,9,0,17,0,0,2,0,7,10,1,1,6,2,65,9,1995,2,13,-1,3,-1
2015941500473,1,9,0,11,0,8,0,0,0,0,4,1,2,1,39,7,1229,1,8,-1,1,-1
2015941500473,2,5,0,18,0,8,0,0,0,0,3,1,6,1,59,9,680,1,3,-1,2,-1
2015941500477,1,17,4,18,0,1,0,0,0,0,1,1,1,1,31,6,-1,-1,-1,-1,3,-1
2015941500477,2,9,0,9,0,1,0,0,0,0,2,1,6,1,57,9,2204,2,8,-1,3,-1
2015941500479,1,9,0,16,0,0,5,0,8,10,1,1,6,2,26,6,1242,1,10,-1,1,-1
2015941500482,1,19,0,18,0,0,0,0,0,0,4,1,1,1,61,9,2998,2,4,-1,1,-1
2015941500483,1,9,0,17,0,0,1,0,0,0,1,1,1,2,45,7,1399,2,5,-1,1,-1
2015941500486,1,9,0,18,0,1,1,0,0,0,1,1,6,1,36,7,-1,-1,-1,-1,1,-1
2015941500486,2,9,0,9,0,6,0,0,0,0,2,1,6,1,78,11,998,1,10,-1,3,-1
2015941500487,1,9,0,18,0,0,0,0,0,0,4,1,6,1,21,5,2000,2,11,-1,1,-1
2015941500488,1,5,0,18,0,0,5,0,7,11,4,1,6,1,66,10,-1,-1,-1,-1,2,-1
2015941500490,1,5,0,13,0,0,0,0,0,0,3,1,1,1,30,6,599,1,16,-1,2,-1
2015941500490,2,9,0,18,0,0,0,0,0,0,0,1,6,1,76,11,1461,2,1,-1,2,-1
2015941500490,3,9,0,18,0,0,0,0,0,0,3,1,6,1,79,11,1984,2,2,-1,3,-1
2015941500492,1,9,0,5,0,1,0,0,0,0,1,1,6,2,60,9,1598,1,3,-1,1,-1
2015941500493,1,5,0,16,0,0,0,0,0,0,4,1,6,1,57,9,750,1,15,-1,2,-1
2015941500500,1,9,0,16,9,0,1,0,8,11,3,1,6,1,20,4,1598,2,4,-1,3,-1
2015941500501,1,9,0,4,0,0,0,0,0,0,2,1,2,2,43,7,1998,1,9,-1,3,-1
2015941500501,2,9,0,18,0,0,0,0,0,0,1,1,2,1,26,6,998,1,3,-1,1,-1
2015941500501,3,9,0,18,0,0,0,0,0,0,2,1,2,2,23,5,1149,1,3,-1,1,-1
2015941500501,4,9,0,18,0,0,0,0,0,0,2,1,2,2,49,8,1229,1,2,-1,1,-1
2015941500501,5,9,0,18,0,0,0,0,0,0,1,1,2,2,30,6,1198,1,6,-1,3,-1
2015941500503,1,9,0,4,0,0,1,0,0,0,1,1,6,2,19,4,973,1,14,-1,1,-1
2015941500503,2,9,0,3,0,0,0,0,0,0,2,1,6,1,35,6,1999,1,11,-1,1,-1
2015941500503,3,9,0,3,0,0,0,0,0,0,2,1,6,1,47,8,1598,2,2,-1,1,-1
2015941500510,1,9,0,18,0,2,0,0,0,0,4,1,6,3,-1,-1,-1,-1,-1,-1,-1,-1
2015941500511,1,9,0,18,0,2,0,0,0,0,1,1,6,2,20,4,1560,2,1,-1,1,-1
2015941500513,1,9,0,18,0,1,0,0,0,0,1,1,6,1,18,4,1229,1,7,-1,1,-1
2015941500513,2,9,0,4,0,1,0,0,0,0,1,1,6,1,19,4,1368,1,9,-1,1,-1
2015941500513,3,9,0,4,0,1,0,0,0,0,2,1,6,1,18,4,1242,1,11,-1,1,-1
2015941500514,1,19,0,14,0,1,0,0,0,0,4,1,1,1,40,7,2198,2,-1,-1,1,-1
2015941500514,2,19,0,2,0,1,0,0,0,0,3,1,1,2,47,8,1997,2,1,-1,2,-1
2015941500517,1,90,0,18,0,0,0,0,0,0,1,1,6,1,9,2,-1,-1,-1,-1,-1,-1
2015941500517,2,9,0,18,0,0,0,0,0,0,4,1,6,1,22,5,1341,1,15,-1,1,-1
2015941500520,1,9,0,18,0,0,1,0,1,9,1,1,6,1,25,5,1998,1,15,-1,1,-1
2015941500522,1,5,0,13,0,1,0,0,7,4,3,1,6,1,38,7,599,1,5,-1,3,-1
2015941500525,1,9,0,5,0,4,0,0,0,0,1,1,2,1,55,8,998,1,3,-1,1,-1
2015941500525,2,5,0,9,0,8,0,0,0,0,4,1,6,1,51,8,953,1,10,-1,1,-1
2015941500527,1,9,0,13,0,8,0,0,0,0,4,1,2,1,73,10,1397,1,7,-1,2,-1
2015941500527,2,2,0,9,0,5,0,0,0,0,3,1,6,1,17,4,49,1,2,-1,1,-1
2015941500529,1,9,0,18,0,0,2,0,7,10,1,1,2,1,46,8,1910,2,9,-1,1,-1
2015941500530,1,9,0,7,0,8,0,0,0,0,1,1,2,1,62,9,1995,2,1,-1,1,-1
2015941500530,2,1,0,18,0,8,0,0,0,0,4,1,2,1,48,8,-1,-1,-1,-1,1,-1
2015941500531,1,9,0,18,0,8,0,0,0,0,1,1,1,1,28,6,1796,1,16,-1,1,-1
2015941500531,2,9,0,2,0,8,0,0,0,0,2,1,6,2,50,8,1499,1,1,-1,3,-1
2015941500531,3,9,0,2,0,8,0,0,0,0,2,1,6,2,50,8,1798,1,8,-1,2,-1
2015941500534,1,9,0,7,0,8,1,0,3,11,1,1,6,1,18,4,1248,2,4,-1,1,-1
2015941500535,1,3,0,4,0,4,1,0,0,0,4,1,2,1,19,4,123,1,-1,-1,2,-1
2015941500540,1,9,0,18,0,0,0,0,0,0,1,1,1,1,34,6,1229,1,9,-1,1,-1
2015941500540,2,9,0,4,0,0,0,0,0,0,2,1,6,1,23,5,1598,2,4,-1,3,-1
2015941500543,1,9,0,9,0,8,0,0,0,0,1,1,6,2,45,7,1596,1,10,-1,2,-1
2015941500543,2,9,0,18,0,8,0,0,0,0,1,1,6,2,83,11,995,1,12,-1,2,-1
2015941500544,1,9,0,18,0,0,1,0,7,4,1,1,6,1,21,5,1588,1,11,-1,3,-1
2015941500547,1,9,0,18,0,0,0,0,0,0,1,1,2,2,17,4,1149,1,9,-1,1,-1
2015941500547,2,9,0,18,0,0,0,0,0,0,1,1,6,1,41,7,2993,2,3,-1,-1,-1
2015941500548,1,9,0,16,0,1,2,0,1,10,1,1,6,1,81,11,1948,1,15,-1,3,-1
2015941500549,1,9,0,16,0,0,5,0,7,11,3,1,6,2,25,5,1229,1,9,-1,1,-1
2015941500551,1,9,0,5,0,0,0,0,0,0,1,1,6,1,29,6,1590,1,12,-1,1,-1
2015941500551,2,9,0,3,0,0,0,0,0,0,2,1,6,2,56,9,1296,1,7,-1,1,-1
2015941500552,1,5,0,18,0,0,0,0,0,0,3,1,6,1,40,7,1247,1,5,-1,3,-1
2015941500556,1,9,0,6,0,0,0,0,0,0,3,1,6,1,39,7,2494,1,15,-1,3,-1
2015941500556,2,21,4,18,0,0,0,0,0,0,1,1,1,1,49,8,11705,2,11,-1,1,-1
2015941500571,1,9,0,18,0,0,0,0,0,0,1,1,6,1,37,7,1686,2,2,-1,1,-1
2015941500571,2,9,0,4,0,0,0,0,0,0,2,1,6,1,35,6,1686,2,2,-1,2,-1
2015941500571,3,9,0,4,0,0,0,0,0,0,2,1,6,1,47,8,1598,1,14,-1,1,-1
2015941500571,4,9,0,4,0,0,0,0,0,0,2,1,6,1,68,10,1968,2,5,-1,1,-1
2015941500572,1,9,0,4,0,1,0,0,0,0,2,1,6,1,54,8,2400,2,-1,-1,-1,-1
2015941500572,2,20,0,18,0,1,0,0,0,0,1,1,1,1,34,6,-1,-1,-1,-1,2,-1
2015941500572,3,9,0,18,0,1,0,0,0,0,1,1,2,2,30,6,1753,2,12,-1,3,-1
2015941500573,1,9,0,9,0,8,0,0,0,0,1,1,6,2,20,4,1596,1,5,-1,1,-1
2015941500573,2,5,0,18,0,8,0,0,0,0,1,1,6,1,70,10,-1,-1,-1,-1,1,-1
2015941500580,1,20,0,18,0,0,0,0,0,0,3,1,1,1,59,9,-1,-1,-1,-1,2,-1
2015941500584,1,9,0,7,0,6,0,0,7,0,3,1,6,1,52,8,1956,2,1,-1,1,-1
2015941500584,2,9,0,18,0,1,0,0,7,1,4,1,2,2,48,8,1560,2,3,-1,3,-1
2015941500587,1,9,0,16,0,1,1,0,2,1,4,1,6,1,30,6,1796,1,14,-1,2,-1
2015941500590,1,9,0,18,0,1,0,0,0,0,1,1,6,1,25,5,-1,-1,-1,-1,3,-1
2015941500590,2,19,0,10,0,1,0,0,0,0,2,1,2,2,49,8,-1,-1,-1,-1,1,-1
2015941500593,1,9,0,18,0,0,0,0,0,0,1,1,6,2,31,6,1596,1,14,-1,1,-1
2015941500593,2,9,0,4,0,0,0,0,0,0,2,1,6,1,33,6,1781,1,10,-1,3,-1
2015941500594,1,9,0,18,0,0,0,0,0,0,1,1,2,1,64,9,1984,1,6,-1,3,-1
2015941500594,2,9,0,3,0,0,0,0,0,0,2,1,2,2,43,7,1229,1,7,-1,1,-1
2015941500594,3,9,0,3,0,0,0,0,0,0,2,1,2,1,56,9,1998,1,8,-1,3,-1
2015941500599,1,21,0,13,0,1,0,0,0,0,4,1,1,3,-1,-1,-1,-1,-1,-1,-1,-1
2015941500599,2,1,0,18,0,1,0,0,0,0,3,1,6,1,56,9,-1,-1,-1,-1,1,-1
2015941500601,1,9,0,9,0,2,0,0,0,0,1,1,6,1,34,6,1199,1,13,-1,1,-1
2015941500601,2,9,0,18,0,1,0,0,0,0,4,1,6,1,21,5,1398,1,1,-1,1,-1
2015941500602,1,5,0,7,0,8,0,0,0,0,4,1,6,1,52,8,1783,1,8,-1,1,-1
2015941500602,2,1,0,18,0,8,0,0,0,0,1,1,6,1,35,6,-1,-1,-1,-1,1,-1
2015941500603,1,21,1,2,0,0,0,0,0,0,2,1,1,1,50,8,12902,2,2,-1,1,-1
2015941500603,2,1,0,18,0,0,0,0,0,0,1,1,2,1,29,6,-1,-1,-1,-1,1,-1
2015941500605,1,9,0,9,0,6,0,0,0,0,3,1,6,1,52,8,1490,1,8,-1,3,-1
2015941500605,2,5,0,18,0,8,0,0,0,0,1,1,6,1,52,8,656,1,9,-1,2,-1
2015941500606,1,9,0,9,0,2,0,0,0,0,0,1,6,3,-1,-1,-1,-1,-1,-1,-1,-1
2015941500606,2,9,0,18,0,1,2,0,2,10,1,1,6,1,31,6,1197,1,-1,-1,1,-1
2015941500608,1,9,0,7,0,2,1,0,0,0,1,1,6,2,24,5,1587,1,9,-1,1,-1
2015941500608,2,9,0,4,0,1,0,0,1,4,1,1,6,1,51,8,1968,2,6,-1,3,-1
2015941500613,1,9,0,13,0,1,0,0,7,11,4,1,2,1,45,7,1968,2,8,-1,3,-1
2015941500613,2,9,0,9,0,1,0,0,0,0,3,1,6,1,53,8,2199,2,3,-1,1,-1
2015941500618,1,9,0,18,0,0,0,0,2,2,4,1,6,1,20,4,1598,1,14,-1,3,-1