Accident_Index,Vehicle_Reference,Vehicle_Type,Towing_and_Articulation,Vehicle_Manoeuvre,Vehicle_Location-Restricted_Lane,Junction_Location,Skidding_and_Overturning,Hit_Object_in_Carriageway,Vehicle_Leaving_Carriageway,Hit_Object_off_Carriageway,1st_Point_of_Impact,Was_Vehicle_Left_Hand_Drive?,Journey_Purpose_of_Driver,Sex_of_Driver,Age_of_Driver,Age_Band_of_Driver,Engine_Capacity_(CC),Propulsion_Code,Age_of_Vehicle,Driver_IMD_Decile,Driver_Home_Area_Type,Vehicle_IMD_Decile
2015941500623,1,9,0,18,0,0,2,0,1,4,1,1,6,1,54,8,1229,1,9,-1,1,-1
2015941500625,1,9,0,18,0,1,1,0,0,0,1,1,6,2,41,7,1497,1,12,-1,1,-1
2015941500625,2,9,0,4,0,1,0,0,0,0,2,1,6,2,50,8,1995,2,2,-1,1,-1
2015941500626,1,9,0,9,0,2,0,0,0,0,1,1,6,1,79,11,-1,-1,-1,-1,-1,-1
2015941500626,2,9,0,18,0,1,0,0,0,0,1,1,6,1,18,4,1596,1,9,-1,1,-1
2015941500628,1,9,0,9,0,1,0,0,0,0,0,1,6,3,-1,-1,-1,-1,-1,-1,-1,-1
2015941500628,2,11,0,5,0,8,0,0,0,0,0,1,1,1,65,9,5900,2,9,-1,1,-1
2015941500629,1,9,0,18,0,1,0,0,0,0,3,1,6,3,-1,-1,-1,-1,-1,-1,-1,-1
2015941500630,1,5,0,18,0,4,0,0,0,0,1,1,6,1,42,7,745,1,1,-1,1,-1
2015941500630,2,9,0,3,0,1,0,0,0,0,2,1,6,2,46,8,998,1,6,-1,3,-1
2015941500634,1,9,0,18,0,0,0,0,0,0,2,1,6,1,57,9,1560,2,3,-1,1,-1
2015941500634,2,9,0,18,0,0,0,0,0,0,1,1,6,1,38,7,1968,2,1,-1,3,-1
2015941500634,3,9,0,18,0,0,0,0,0,0,2,1,6,1,55,8,1995,2,7,-1,1,-1
2015941500634,4,5,0,18,0,0,0,0,0,0,1,1,6,1,54,8,1811,1,1,-1,1,-1
2015941500635,1,9,0,4,0,1,0,0,0,0,0,1,6,1,62,9,1560,2,-1,-1,-1,-1
2015941500635,2,11,0,18,0,1,0,0,0,0,0,1,1,1,35,6,-1,-1,-1,-1,1,-1
2015941500636,1,9,0,4,0,1,0,0,0,0,1,1,2,2,26,6,1398,1,1,-1,1,-1
2015941500636,2,9,0,3,0,1,0,0,0,0,2,1,2,2,28,6,1388,1,9,-1,1,-1
2015941500642,1,9,0,18,0,0,0,0,0,0,1,1,2,1,22,5,1753,2,12,-1,1,-1
2015941500642,2,1,0,18,0,0,0,0,1,10,2,1,2,1,41,7,-1,-1,-1,-1,1,-1
2015941500644,1,9,0,18,0,0,0,0,0,0,1,1,6,1,53,8,-1,-1,-1,-1,1,-1
2015941500644,2,9,0,18,0,0,0,0,0,0,2,1,6,2,41,7,1598,2,4,-1,1,-1
2015941500645,1,9,0,16,0,1,1,0,0,0,1,1,1,1,61,9,-1,-1,-1,-1,1,-1
2015941500645,2,20,1,17,0,2,0,0,0,0,3,1,1,1,46,8,-1,-1,-1,-1,1,-1
2015941500654,1,9,0,4,0,1,0,0,0,0,1,1,6,1,18,4,1248,2,7,-1,1,-1
2015941500654,2,9,0,3,0,1,0,0,0,0,2,1,6,1,34,6,-1,-1,-1,-1,1,-1
2015941500654,3,9,0,10,0,1,0,0,0,0,2,1,6,2,69,10,1598,1,9,-1,1,-1
2015941500658,1,9,0,18,9,0,0,0,0,0,1,1,6,1,28,6,1598,1,14,-1,1,-1
2015941500660,1,9,0,18,0,0,0,0,1,4,1,1,6,1,18,4,1364,1,6,-1,1,-1
2015941500661,1,9,0,7,0,4,0,0,0,0,1,1,6,1,29,6,2143,2,-1,-1,1,-1
2015941500661,2,9,0,9,0,3,0,0,0,0,4,1,6,2,73,10,1242,1,8,-1,3,-1
2015941500662,1,9,0,18,6,0,1,4,0,0,1,1,6,1,27,6,1796,1,13,-1,1,-1
2015941500662,2,9,0,2,6,0,0,0,1,0,2,1,6,2,35,6,1598,1,8,-1,1,-1
2015941500662,3,9,0,2,6,0,0,0,1,0,2,1,6,1,35,6,-1,-1,-1,-1,1,-1
2015941500665,1,19,0,18,0,2,0,0,0,0,1,1,1,1,27,6,2198,2,2,-1,1,-1
2015941500665,2,9,0,4,0,2,0,0,0,0,2,1,6,1,45,7,1341,1,12,-1,1,-1
2015941500666,1,9,0,7,0,8,0,0,0,0,1,1,6,1,90,11,1299,1,18,-1,1,-1
2015941500666,2,9,0,18,0,8,0,0,0,0,1,1,6,2,39,7,1582,2,5,-1,1,-1
2015941500667,1,9,0,12,0,0,0,0,0,0,3,1,6,2,66,10,1086,1,6,-1,3,-1
2015941500667,2,9,0,18,0,0,0,0,0,0,4,1,6,2,54,8,1395,1,-1,-1,3,-1
2015941500668,1,9,0,18,0,0,0,0,0,0,4,1,2,2,55,8,2400,2,3,-1,1,-1
2015941500670,1,9,0,4,0,0,1,0,0,0,1,1,6,1,19,4,-1,-1,-1,-1,1,-1
2015941500670,2,9,0,3,0,0,0,0,0,0,2,1,1,1,46,8,-1,-1,-1,-1,1,-1
2015941500672,1,5,0,4,0,0,0,0,0,0,1,1,6,1,27,6,748,1,9,-1,-1,-1
2015941500672,2,9,0,18,0,0,0,0,0,0,1,1,6,2,63,9,1198,1,12,-1,3,-1
2015941500672,3,9,0,3,0,0,0,0,0,0,3,1,6,2,42,7,1968,2,6,-1,3,-1
2015941500673,1,9,0,18,0,8,0,0,0,0,3,1,6,1,35,6,1596,1,4,-1,-1,-1
2015941500673,2,9,0,18,0,8,0,0,0,0,4,1,2,1,21,5,1242,1,4,-1,1,-1
2015941500674,1,5,0,18,0,1,0,0,0,0,1,1,6,1,50,8,749,1,16,-1,3,-1
2015941500674,2,9,0,9,0,2,0,0,0,0,1,1,6,2,48,8,2696,2,6,-1,1,-1
2015941500677,1,9,0,9,0,8,0,0,0,0,1,1,6,1,42,7,1598,1,5,-1,3,-1
2015941500677,2,9,0,17,0,8,0,0,0,0,1,1,6,1,37,7,1994,1,13,-1,1,-1
2015941500678,1,9,0,9,0,5,0,0,0,0,1,1,6,2,80,11,1398,2,10,-1,3,-1
2015941500678,2,9,0,18,0,8,0,0,1,0,1,1,6,1,30,6,1596,1,13,-1,3,-1
2015941500679,1,9,0,18,0,1,0,0,0,0,1,1,6,1,48,8,1124,1,12,-1,2,-1
2015941500679,2,19,0,10,0,1,0,0,0,0,2,1,6,1,41,7,2148,2,8,-1,1,-1
2015941500680,1,17,4,18,0,2,0,0,0,0,4,1,1,1,20,4,-1,2,21,-1,3,-1
2015941500682,1,9,0,16,0,0,0,0,0,0,3,1,6,2,49,8,1560,2,1,-1,3,-1
2015941500682,2,17,0,17,0,0,0,0,0,0,3,1,1,1,23,5,-1,-1,-1,-1,3,-1
2015941500684,1,5,0,17,0,0,0,0,2,10,4,1,6,1,41,7,599,1,17,-1,1,-1
2015941500687,1,9,0,7,0,8,0,0,0,0,1,1,6,1,20,4,1242,1,12,-1,1,-1
2015941500687,2,19,0,4,0,8,0,0,0,0,1,1,1,1,49,8,2402,2,4,-1,1,-1
2015941500689,1,9,0,16,0,0,0,0,0,0,1,1,6,2,92,11,1490,1,9,-1,1,-1
2015941500689,2,9,0,17,0,0,0,0,0,0,3,1,6,1,67,10,1560,2,5,-1,1,-1
2015941500690,1,9,0,18,0,0,1,0,0,0,1,1,2,1,48,8,1368,1,8,-1,2,-1
2015941500690,2,9,0,4,0,0,0,0,0,0,2,1,2,1,45,7,2967,2,-1,-1,3,-1
2015941500690,3,9,0,4,0,0,0,0,0,0,2,1,2,1,47,8,1686,2,2,-1,3,-1
2015941500692,1,9,0,5,0,0,0,0,0,0,1,1,1,1,18,4,1686,2,11,-1,3,-1
2015941500692,2,9,0,3,0,0,0,0,0,0,2,1,6,1,41,7,1197,1,-1,-1,2,-1
2015941500694,1,9,0,18,0,1,0,0,0,0,3,1,3,1,43,7,1388,1,13,-1,2,-1
2015941500695,1,9,0,12,0,0,0,0,0,0,2,1,6,2,61,9,1248,2,7,-1,2,-1
2015941500695,2,9,0,18,0,0,0,0,0,0,1,1,6,1,69,10,1229,1,7,-1,2,-1
2015941500697,1,9,0,18,0,0,1,0,0,0,1,1,2,1,17,4,998,1,9,-1,3,-1
2015941500697,2,9,0,4,0,0,0,0,0,0,2,1,2,1,25,5,1390,1,7,-1,1,-1
2015941500697,3,9,0,4,0,0,0,0,0,0,2,1,2,1,48,8,1587,1,7,-1,2,-1
2015941500700,1,9,0,17,0,0,5,0,8,11,1,1,6,1,50,8,1248,2,7,-1,1,-1
2015941500701,1,9,0,18,0,4,0,0,0,0,1,1,6,1,55,8,1969,2,1,-1,2,-1
2015941500701,2,3,0,18,0,8,0,0,0,0,4,1,6,1,41,7,125,1,-1,-1,1,-1
2015941500702,1,9,0,18,0,8,0,0,0,0,1,1,6,2,69,10,1900,2,8,-1,3,-1
2015941500702,2,9,0,11,0,8,0,0,0,0,4,1,6,1,23,5,1368,1,8,-1,1,-1
2015941500705,1,9,0,18,0,3,0,0,7,7,1,1,6,2,57,9,1587,1,9,-1,2,-1
2015941500706,1,9,0,4,0,1,0,0,0,0,1,1,6,1,51,8,1591,1,2,-1,-1,-1
2015941500706,2,9,0,10,0,1,0,0,0,0,2,1,6,1,20,4,1248,2,4,-1,1,-1
2015941500709,1,9,0,18,0,0,0,0,0,0,1,1,6,1,71,10,1086,1,11,-1,1,-1
2015941500711,1,9,0,18,0,1,0,0,0,0,1,1,3,1,37,7,2979,1,10,-1,1,-1
2015941500711,2,9,0,3,0,1,0,0,0,0,2,1,2,2,23,5,1398,1,5,-1,1,-1
2015941500717,1,9,0,5,0,4,0,0,0,0,1,1,6,1,20,4,1229,1,-1,-1,1,-1
2015941500717,2,1,0,18,0,8,0,0,0,0,1,1,6,1,42,7,-1,-1,-1,-1,1,-1
2015941500722,1,8,0,18,0,0,0,0,0,0,4,1,1,1,50,8,1796,1,5,-1,2,-1
2015941500723,1,9,0,18,0,0,0,0,0,0,0,1,6,1,48,8,1560,2,2,-1,1,-1
2015941500723,2,90,0,2,0,0,0,0,0,0,0,1,1,1,41,7,-1,-1,-1,-1,1,-1
2015941500724,1,9,0,18,0,8,0,0,0,0,1,1,6,3,-1,-1,-1,-1,-1,-1,-1,-1
2015941500724,2,1,0,9,0,8,0,0,0,0,4,1,6,2,43,7,-1,-1,-1,-1,1,-1
2015941500725,1,9,0,18,0,0,0,0,0,0,1,1,6,1,20,4,-1,-1,-1,-1,1,-1
2015941500725,2,9,0,2,0,0,0,0,0,0,3,1,6,1,25,5,1896,2,7,-1,1,-1
2015941500727,1,9,0,18,0,0,0,0,0,0,4,1,1,1,57,9,1598,2,2,-1,1,-1
2015941500728,1,9,0,9,0,8,0,0,0,0,1,1,6,1,66,10,1461,2,9,-1,1,-1
2015941500728,2,4,0,18,0,8,0,0,0,0,1,1,6,1,57,9,1298,1,14,-1,1,-1
2015941500731,1,9,0,18,0,2,0,0,0,0,3,1,6,1,27,6,-1,-1,-1,-1,1,-1
2015941500732,1,9,0,9,0,8,0,0,0,0,1,1,1,2,20,4,1368,1,6,-1,1,-1
2015941500732,2,5,0,18,0,8,0,0,0,0,3,1,6,1,49,8,781,1,16,-1,1,-1
2015941500733,1,9,0,18,0,8,0,0,0,0,1,1,6,1,37,7,1229,1,3,-1,3,-1
2015941500733,2,9,0,18,0,8,0,0,1,0,4,1,6,1,32,6,-1,-1,-1,-1,2,-1
2015941500734,1,9,0,14,0,0,0,0,0,0,1,1,6,1,34,6,2157,1,16,-1,1,-1
2015941500737,1,2,0,18,0,1,1,0,0,0,3,1,2,1,18,4,49,1,2,-1,1,-1
2015941500740,1,9,0,16,0,0,5,0,7,11,1,1,6,1,62,9,-1,-1,-1,-1,2,-1
2015941500740,2,11,0,17,0,0,0,0,0,0,1,1,1,1,50,8,6871,2,10,-1,2,-1
2015941500741,1,9,0,18,0,0,0,0,0,0,3,1,1,1,24,5,995,1,11,-1,2,-1
2015941500741,2,9,0,18,0,0,0,0,2,11,3,1,6,1,85,11,1560,2,2,-1,3,-1
2015941500743,1,9,0,18,0,0,0,12,0,0,1,1,6,1,47,8,1499,2,-1,-1,1,-1
2015941500746,1,9,0,18,0,8,1,0,0,0,4,1,6,1,46,8,1798,8,2,-1,1,-1
2015941500746,2,9,0,9,0,8,1,0,0,0,1,1,6,1,54,8,1685,2,-1,-1,1,-1
2015941500747,1,19,0,18,0,0,0,4,0,0,1,1,2,1,22,5,2198,2,5,-1,1,-1
2015941500747,2,19,0,2,0,0,0,0,1,0,2,1,6,1,45,7,2299,2,5,-1,1,-1
2015941500749,1,9,0,18,0,1,0,0,0,0,1,1,6,2,20,4,1229,1,8,-1,1,-1
2015941500749,2,9,0,3,0,1,0,0,0,0,2,1,1,1,35,6,1997,1,12,-1,2,-1
2015941500753,1,5,0,13,0,1,1,0,0,0,1,1,6,1,29,6,636,1,12,-1,-1,-1
2015941500753,2,17,4,9,0,5,0,0,0,0,2,1,1,2,62,9,-1,2,8,-1,3,-1
2015941500754,1,9,0,18,0,8,0,0,0,0,3,1,6,1,32,6,1343,1,13,-1,1,-1
2015941500754,2,1,0,18,0,8,0,0,0,0,1,1,6,1,8,2,-1,-1,-1,-1,1,-1
2015941500757,1,9,0,18,0,0,0,0,0,0,1,1,6,1,44,7,1968,2,7,-1,1,-1
2015941500757,2,9,0,18,0,0,0,0,0,0,2,1,6,1,52,8,1229,1,3,-1,1,-1
2015941500760,1,9,0,18,0,0,5,4,0,0,1,1,6,1,73,10,998,1,15,-1,1,-1
2015941500760,2,9,0,2,0,0,0,0,0,0,2,1,6,2,29,6,1149,1,13,-1,1,-1
2015941500761,1,9,0,4,0,1,0,0,0,0,1,1,6,2,50,8,-1,-1,-1,-1,-1,-1
2015941500764,1,19,0,13,0,1,0,0,0,0,1,1,1,1,49,8,2198,2,5,-1,1,-1
2015941500764,2,9,0,10,0,1,0,0,0,0,2,1,1,1,19,4,1968,2,7,-1,1,-1
2015941500765,1,9,0,18,0,0,5,0,0,0,1,1,6,1,50,8,1686,2,10,-1,1,-1
2015941500765,2,9,0,18,0,0,0,0,0,0,1,1,6,2,66,10,1329,1,1,-1,2,-1
2015941500766,1,9,0,18,0,0,0,0,0,0,1,1,2,1,34,6,1796,1,7,-1,1,-1
2015941500766,2,21,4,2,0,0,0,0,0,0,2,1,6,3,-1,-1,-1,-1,-1,-1,-1,-1
2015941500767,1,9,0,18,0,1,0,0,0,0,1,1,6,2,63,9,2401,2,12,-1,1,-1
2015941500767,2,9,0,9,0,1,0,0,0,0,3,1,6,2,33,6,1598,1,5,-1,3,-1
2015941500768,1,19,0,16,0,0,0,0,0,0,3,1,1,1,46,8,3920,2,1,-1,-1,-1
2015941500768,2,9,0,17,0,0,0,0,1,0,3,1,6,2,73,10,1386,1,7,-1,3,-1
2015941500769,1,19,0,18,0,8,5,0,7,0,4,1,1,1,45,7,2198,2,-1,-1,1,-1
2015941500769,2,11,0,7,0,8,0,0,0,0,3,1,1,1,47,8,6871,2,6,-1,2,-1
2015941500770,1,9,0,18,0,1,0,0,0,0,1,1,6,1,48,8,1995,2,9,-1,1,-1
2015941500770,2,9,0,10,0,1,0,0,0,0,2,1,6,2,43,7,1461,2,5,-1,1,-1
2015941500771,1,9,0,1,0,1,0,0,0,0,2,1,6,2,24,5,1398,2,12,-1,1,-1
2015941500773,1,9,0,18,0,1,0,0,0,0,3,1,6,1,86,11,1390,1,14,-1,-1,-1
2015941500773,2,9,0,3,0,1,0,0,0,0,2,1,6,1,64,9,-1,-1,-1,-1,2,-1
2015941500773,3,9,0,3,0,1,0,0,0,0,2,1,6,2,30,6,1339,1,7,-1,2,-1
2015941500773,4,9,0,10,0,1,0,0,0,0,2,1,6,1,72,10,2191,2,1,-1,1,-1
2015941500774,1,9,0,18,0,8,0,0,0,0,4,1,6,2,80,11,1197,1,-1,-1,1,-1
2015941500774,2,9,0,18,0,1,0,0,0,0,1,1,2,2,28,6,1896,2,13,-1,1,-1
2015941500774,3,9,0,10,0,1,0,0,0,0,1,1,2,1,40,7,1969,2,-1,-1,1,-1
2015941500778,1,9,0,7,0,2,1,0,0,0,1,1,6,2,30,6,1599,1,9,-1,1,-1
2015941500778,2,9,0,3,0,1,0,0,0,0,1,1,1,1,34,6,1896,2,12,-1,1,-1
2015941500781,1,9,0,17,0,0,2,0,1,0,1,1,6,1,22,5,1198,1,11,-1,2,-1
2015941500782,1,9,0,16,0,0,0,0,7,0,1,1,6,1,51,8,1598,1,9,-1,2,-1
2015941500782,2,19,0,17,0,0,0,0,0,0,1,1,2,1,35,6,2461,2,6,-1,2,-1
2015941500784,1,9,0,7,0,4,0,0,0,0,1,1,6,2,75,10,1495,1,13,-1,1,-1
2015941500784,2,9,0,18,0,8,0,0,0,0,4,1,6,2,36,7,998,1,3,-1,1,-1
2015941500785,1,9,0,17,0,0,1,0,8,10,1,1,6,2,24,5,1242,1,8,-1,1,-1
2015941500789,1,9,0,5,0,6,0,0,0,0,3,1,6,1,50,8,-1,-1,-1,-1,-1,-1
2015941500789,2,1,0,18,0,1,0,0,0,0,1,1,2,1,44,7,-1,-1,-1,-1,1,-1
2015941500790,1,9,0,17,0,0,0,0,2,7,4,1,6,1,39,7,1998,1,18,-1,1,-1
2015941500791,1,5,0,9,0,8,0,0,0,0,3,1,2,1,48,8,999,1,6,-1,1,-1
2015941500793,1,9,0,7,0,3,0,0,0,0,4,1,6,2,35,6,1242,1,1,-1,1,-1
2015941500794,1,9,0,18,0,6,0,0,7,0,3,1,6,1,19,4,1229,1,2,-1,1,-1
2015941500794,2,20,0,18,0,1,0,0,7,0,1,1,1,1,65,9,4462,2,2,-1,1,-1
2015941500798,1,9,0,18,0,8,0,0,0,0,1,1,6,2,19,4,-1,-1,-1,-1,1,-1
2015941500798,2,9,0,18,0,8,0,0,0,0,3,1,6,1,38,7,1598,1,8,-1,1,-1
2015941500808,1,9,0,18,0,2,0,0,0,0,1,1,6,1,43,7,999,1,1,-1,1,-1
2015941500808,2,9,0,18,0,1,0,0,0,0,1,1,6,2,19,4,1198,1,10,-1,1,-1
2015941500809,1,9,0,5,0,8,0,0,0,0,4,1,6,2,38,7,1198,1,1,-1,3,-1
2015941500809,2,8,0,18,0,8,0,0,0,0,1,1,1,2,43,7,1995,2,7,-1,1,-1
2015941500809,3,17,4,3,0,1,0,0,0,0,1,1,1,1,26,6,6728,2,4,-1,3,-1
2015941500814,1,9,0,18,0,0,0,0,0,0,1,1,6,1,71,10,1398,1,3,-1,1,-1
2015941500814,2,9,0,18,0,0,0,0,0,0,1,1,6,2,59,9,1198,1,11,-1,1,-1
2015941500817,1,9,0,18,0,0,1,2,0,0,1,1,6,1,76,11,1968,2,4,-1,3,-1
2015941500818,1,1,0,9,0,4,0,0,0,0,1,1,6,1,14,3,-1,-1,-1,-1,1,-1
2015941500818,2,9,0,18,0,3,0,0,0,0,4,1,1,2,34,6,2401,2,11,-1,1,-1
2015941500820,1,9,0,5,7,7,0,0,7,7,4,1,6,2,45,7,1998,8,-1,-1,-1,-1
2015941500820,2,9,0,18,0,8,0,0,0,0,1,1,2,2,25,5,1242,1,5,-1,1,-1
2015941500828,1,9,0,16,0,0,2,0,1,4,1,1,6,1,47,8,1390,1,12,-1,3,-1
2015941500829,1,9,0,18,0,0,2,10,2,11,1,1,6,1,20,4,1149,1,12,-1,2,-1
2015941500830,1,1,0,17,0,1,1,0,0,0,3,1,6,1,45,7,-1,-1,-1,-1,3,-1
2015941500832,1,3,0,16,0,0,1,0,8,11,1,1,6,1,18,4,125,1,9,-1,3,-1
2015941500841,1,9,0,9,0,6,0,0,0,0,1,1,6,2,68,10,1149,1,9,-1,3,-1
2015941500841,2,5,0,18,0,8,0,0,0,0,4,1,6,1,51,8,640,1,25,-1,1,-1
2015941500845,1,9,0,17,0,8,0,0,0,0,4,1,2,1,18,4,1390,1,11,-1,1,-1
2015941500845,2,9,0,18,0,8,0,0,0,0,1,1,6,1,51,8,1799,1,8,-1,3,-1
2015941500845,3,9,0,18,0,8,0,0,0,0,1,1,6,2,35,6,1390,1,10,-1,2,-1
2015941500846,1,9,0,16,0,1,2,0,2,10,1,1,6,2,18,4,998,1,3,-1,3,-1
2015941500850,1,9,0,18,0,1,0,0,3,11,1,1,6,1,20,4,1390,1,4,-1,3,-1
2015941500852,1,9,0,18,0,1,0,0,0,0,1,1,6,1,33,6,1598,2,1,-1,3,-1
2015941500852,2,9,0,18,0,1,0,0,0,0,2,1,1,2,39,7,1591,1,2,-1,1,-1
2015941500852,3,9,0,18,0,1,0,0,0,0,2,1,6,1,53,8,1598,1,6,-1,1,-1
2015941500854,1,9,0,18,0,1,0,0,0,0,1,1,6,2,32,6,1364,1,7,-1,1,-1
2015941500854,2,9,0,18,0,1,0,0,0,0,3,1,6,1,32,6,1896,2,14,-1,1,-1
2015941500854,3,9,0,18,0,1,0,0,0,0,3,1,6,1,54,8,1596,1,11,-1,-1,-1
2015941500855,1,9,0,18,0,0,0,0,0,0,3,1,6,1,46,8,-1,-1,-1,-1,2,-1
2015941500863,1,9,0,5,4,0,0,0,0,0,3,1,6,2,49,8,1951,2,9,-1,3,-1
2015941500863,2,9,0,18,0,0,0,0,0,0,2,1,2,2,40,7,1798,1,7,-1,1,-1
2015941500864,1,9,0,18,0,1,0,0,0,0,1,1,6,2,32,6,2172,2,11,-1,1,-1
2015941500864,2,9,0,3,0,1,0,0,0,0,2,1,6,1,73,10,1388,1,8,-1,1,-1
2015941500864,3,9,0,3,0,1,0,0,0,0,2,1,6,2,46,8,1896,2,13,-1,1,-1
2015941500866,1,9,0,18,0,8,0,0,0,0,4,1,6,2,27,6,1364,1,8,-1,1,-1
2015941500866,2,9,0,9,0,8,0,0,0,0,3,1,6,2,31,6,1956,2,2,-1,-1,-1
2015941500872,1,9,0,9,0,5,0,0,0,0,3,1,6,2,32,6,-1,-1,-1,-1,1,-1
2015941500872,2,9,0,18,0,1,0,0,0,0,3,1,6,1,17,4,1248,1,2,-1,3,-1
2015941500873,1,9,0,13,0,0,2,0,1,1,3,1,6,1,27,6,-1,-1,-1,-1,1,-1
2015941500873,2,9,0,18,0,0,0,0,0,0,0,1,1,1,24,5,-1,-1,-1,-1,1,-1
2015941500877,1,22,0,7,0,6,0,0,0,0,0,1,6,1,87,11,-1,-1,-1,-1,1,-1
2015941500877,2,19,0,18,0,1,0,0,0,0,1,1,1,1,55,8,-1,-1,-1,-1,1,-1
2015941500877,3,9,0,18,0,1,0,0,0,0,2,1,6,2,32,6,1598,1,14,-1,1,-1
2015941500878,1,9,0,4,0,1,0,0,0,0,1,1,6,1,39,7,1896,2,12,-1,3,-1
2015941500878,2,9,0,8,0,1,0,0,0,0,2,1,6,2,22,5,999,1,-1,-1,1,-1
2015941500879,1,11,0,9,0,8,0,0,0,0,1,1,1,1,41,7,6871,2,7,-1,1,-1
2015941500879,2,9,0,2,0,1,0,0,0,0,3,1,6,1,42,7,1991,1,12,-1,1,-1
2015941500880,1,9,0,18,0,0,0,11,0,0,1,1,2,2,38,7,1364,2,1,-1,3,-1
2015941500880,2,9,0,18,0,0,0,11,0,0,1,1,1,1,53,8,1995,2,-1,-1,1,-1
2015941500881,1,9,0,18,0,0,0,0,0,0,1,1,6,1,70,10,1850,1,15,-1,1,-1
2015941500881,2,9,0,18,0,0,0,0,0,0,2,1,6,1,17,4,1229,1,6,-1,1,-1
2015941500882,1,9,0,18,0,0,0,0,7,9,3,1,6,2,34,6,1560,2,1,-1,2,-1
2015941500885,1,3,0,18,0,0,2,0,0,0,3,1,6,2,29,6,124,1,7,-1,1,-1
2015941500891,1,9,0,17,0,0,2,0,1,9,4,1,6,2,77,11,1598,1,6,-1,3,-1
2015941500892,1,9,0,7,0,8,0,0,0,0,1,1,6,2,49,8,1560,2,1,-1,1,-1
2015941500892,2,1,0,7,0,8,0,0,0,0,1,1,6,1,39,7,-1,-1,-1,-1,1,-1
2015941500893,1,9,0,17,0,0,0,0,0,0,1,1,6,2,44,7,1398,1,-1,-1,3,-1
2015941500894,1,19,0,9,0,6,0,0,0,0,3,1,1,1,52,8,2198,2,8,-1,1,-1
2015941500894,2,9,0,18,0,1,1,0,0,0,1,1,6,2,41,7,1229,1,3,-1,1,-1
2015941500895,1,9,0,18,0,1,0,0,0,0,4,1,6,1,20,4,1364,1,10,-1,3,-1
2015941500896,1,21,0,11,0,1,0,0,0,0,4,1,1,1,53,8,4249,2,2,-1,2,-1
2015941500896,2,9,0,18,0,1,0,0,0,0,3,1,2,1,18,4,1896,2,10,-1,1,-1
2015941500897,1,9,0,18,0,1,0,0,0,0,1,1,6,2,44,7,1229,1,2,-1,1,-1
2015941500898,1,9,0,17,0,0,2,0,1,0,4,1,3,1,21,5,1999,1,10,-1,3,-1
2015941500900,1,9,0,5,0,0,0,0,0,0,3,1,6,1,38,7,1998,1,10,-1,1,-1
2015941500900,2,9,0,18,0,0,0,0,0,0,4,1,6,1,27,6,1299,1,14,-1,2,-1
2015941500903,1,9,0,9,0,6,0,0,0,0,3,1,6,1,26,6,1242,1,9,-1,3,-1
2015941500903,2,9,0,18,0,1,0,0,0,0,1,1,6,1,31,6,-1,-1,-1,-1,3,-1
2015941500905,1,21,1,7,0,6,2,0,0,0,3,1,1,1,47,8,12900,2,4,-1,1,-1
2015941500907,1,9,0,5,0,4,1,0,0,0,1,1,6,1,37,7,1598,2,-1,-1,2,-1
2015941500907,2,9,0,4,0,4,0,0,0,0,2,1,6,1,25,5,1560,2,7,-1,1,-1
2015941500908,1,9,0,4,0,0,0,0,0,0,1,1,2,1,28,6,1598,1,11,-1,1,-1
2015941500908,2,9,0,4,0,0,0,0,0,0,2,1,6,2,46,8,2198,1,10,-1,3,-1
2015941500913,1,19,0,18,0,1,0,0,0,0,1,1,1,1,28,6,1870,2,12,-1,1,-1
2015941500913,2,9,0,18,0,1,0,0,1,0,1,1,6,2,26,6,1560,2,6,-1,-1,-1
2015941500917,1,9,0,7,0,8,0,0,0,0,4,1,6,2,32,6,1229,1,-1,-1,2,-1
2015941500917,2,1,0,18,0,8,0,0,0,0,1,1,2,1,57,9,-1,-1,-1,-1,1,-1
2015941500920,1,9,0,18,0,0,5,0,1,3,1,1,6,1,45,7,1560,2,1,-1,1,-1
2015941500923,1,9,0,7,0,3,0,0,0,0,1,1,2,2,22,5,998,1,2,-1,3,-1
2015941500923,2,9,0,18,0,1,0,0,1,11,1,1,6,1,52,8,1999,1,6,-1,1,-1
2015941500928,1,9,0,18,0,0,1,0,0,0,3,1,6,1,24,5,1598,1,8,-1,3,-1
2015941500928,2,9,0,18,0,0,0,0,0,0,3,1,6,1,56,9,-1,-1,-1,-1,3,-1
2015941500931,1,9,0,18,0,0,1,0,7,4,2,1,6,1,42,7,2687,1,13,-1,1,-1
2015941500933,1,9,0,9,0,8,0,0,0,0,3,1,2,1,46,8,1596,1,6,-1,1,-1
2015941500933,2,19,0,18,0,8,0,0,0,0,1,1,1,1,19,4,1868,2,12,-1,2,-1
2015941500934,1,9,0,18,0,0,0,0,0,0,4,1,1,2,28,6,1685,2,1,-1,1,-1
2015941500935,1,9,0,9,0,1,0,0,0,0,1,1,6,2,36,7,1582,2,4,-1,-1,-1
2015941500935,2,9,0,18,0,8,0,0,0,0,1,1,6,2,54,8,998,1,4,-1,-1,-1