Accident_Index,Vehicle_Reference,Vehicle_Type,Towing_and_Articulation,Vehicle_Manoeuvre,Vehicle_Location-Restricted_Lane,Junction_Location,Skidding_and_Overturning,Hit_Object_in_Carriageway,Vehicle_Leaving_Carriageway,Hit_Object_off_Carriageway,1st_Point_of_Impact,Was_Vehicle_Left_Hand_Drive?,Journey_Purpose_of_Driver,Sex_of_Driver,Age_of_Driver,Age_Band_of_Driver,Engine_Capacity_(CC),Propulsion_Code,Age_of_Vehicle,Driver_IMD_Decile,Driver_Home_Area_Type,Vehicle_IMD_Decile
2015941500936,1,9,0,18,0,1,0,0,0,0,1,1,1,1,58,9,-1,-1,-1,-1,1,-1
2015941500936,2,9,0,10,0,1,0,0,0,0,2,1,6,1,40,7,1598,2,3,-1,2,-1
2015941500938,1,9,0,18,0,1,0,0,0,0,4,1,6,1,18,4,1248,2,5,-1,1,-1
2015941500939,1,9,0,18,0,1,5,0,2,11,4,1,2,2,46,8,1242,1,6,-1,2,-1
2015941500944,1,90,0,17,0,0,1,0,1,11,1,1,1,1,32,6,5480,2,9,-1,3,-1
2015941500945,1,9,0,18,0,0,5,0,0,0,4,1,6,2,22,5,1242,1,3,-1,2,-1
2015941500946,1,3,0,17,0,0,1,10,1,2,1,1,6,1,19,4,-1,-1,-1,-1,1,-1
2015941500947,1,9,0,6,0,8,0,0,0,0,1,1,6,1,37,7,1753,2,9,-1,1,-1
2015941500948,1,9,0,18,0,0,0,0,0,0,1,1,2,1,25,5,1364,1,6,-1,2,-1
2015941500948,2,19,4,18,0,0,0,0,0,0,1,1,6,1,30,6,2198,2,3,-1,1,-1
2015941500949,1,20,0,18,0,0,0,0,0,0,4,1,1,1,26,6,5880,2,8,-1,1,-1
2015941500949,2,1,0,18,0,0,0,0,0,0,2,1,2,1,34,6,-1,-1,-1,-1,1,-1
2015941500953,1,9,0,18,0,0,2,0,1,7,1,1,6,2,35,6,998,1,2,-1,1,-1
2015941500959,1,9,0,18,0,0,2,0,2,10,1,1,6,1,17,4,1590,1,10,-1,1,-1
2015941500960,1,9,0,18,0,8,0,0,0,0,1,1,6,2,50,8,1198,1,7,-1,1,-1
2015941500960,2,9,0,9,0,8,0,0,0,0,3,1,6,2,45,7,1598,1,-1,-1,2,-1
2015941500970,1,9,0,4,0,1,0,0,0,0,1,1,6,1,57,9,1328,1,13,-1,1,-1
2015941500970,2,9,0,3,0,1,0,0,0,0,2,1,6,2,32,6,1997,2,12,-1,1,-1
2015941500979,1,9,0,18,0,0,0,0,1,7,1,1,6,2,74,10,1332,1,16,-1,1,-1
2015941500979,2,9,0,18,0,0,0,0,0,0,1,1,2,2,31,6,1968,2,-1,-1,-1,-1
2015941500984,1,9,0,18,0,1,0,0,0,0,1,1,6,1,69,10,1798,8,-1,-1,1,-1
2015941500984,2,11,0,7,0,8,0,0,0,0,2,1,1,1,25,5,12000,2,11,-1,1,-1
2015941500985,1,9,0,1,9,0,0,0,0,0,2,1,6,1,22,5,1398,1,5,-1,1,-1
2015941500986,1,9,0,9,0,8,0,0,0,0,1,1,2,1,34,6,-1,-1,-1,-1,2,-1
2015941500990,1,9,0,4,0,1,0,0,0,0,1,1,6,3,-1,-1,-1,-1,-1,-1,-1,-1
2015941500990,2,9,0,3,0,1,0,0,0,0,2,1,2,2,23,5,998,1,2,-1,1,-1
2015941500991,1,9,0,9,0,5,0,0,0,0,1,1,6,1,53,8,1390,1,11,-1,2,-1
2015941500994,1,9,0,9,0,8,0,0,0,0,1,1,6,2,26,6,1248,1,4,-1,1,-1
2015941500994,2,9,0,18,0,8,0,0,0,0,3,1,6,1,54,8,1956,2,2,-1,2,-1
2015941500995,1,21,0,7,0,5,0,0,0,0,4,1,1,1,29,6,-1,-1,-1,-1,1,-1
2015941500995,2,9,0,18,0,1,0,0,0,0,3,1,1,1,44,7,-1,-1,-1,-1,1,-1
2015941500996,1,9,0,5,0,1,0,0,0,0,1,1,6,2,62,9,1399,2,6,-1,1,-1
2015941500996,2,9,0,3,0,2,0,0,0,0,2,1,6,2,54,8,1360,1,10,-1,1,-1
2015941500997,1,9,0,18,0,0,5,0,8,11,1,1,6,1,22,5,1360,1,9,-1,1,-1
2015941500999,1,9,0,9,0,8,0,0,0,0,0,1,6,2,44,7,1997,2,3,-1,2,-1
2015941500999,2,9,0,18,0,8,0,0,7,11,1,1,6,1,44,7,1896,2,13,-1,2,-1
2015941500999,3,9,0,18,0,8,0,0,0,0,1,1,6,2,43,7,1248,2,6,-1,3,-1
2015941501000,1,9,0,5,0,1,0,0,0,0,1,1,6,3,-1,-1,-1,-1,-1,-1,-1,-1
2015941501000,2,9,0,3,0,1,0,0,0,0,2,1,2,2,28,6,1598,1,1,-1,1,-1
2015941501003,1,9,0,17,0,0,1,0,7,11,1,1,6,1,19,4,1598,1,6,-1,3,-1
2015941501004,1,9,0,18,0,0,2,0,1,9,4,1,2,1,28,6,1796,1,13,-1,1,-1
2015941501006,1,9,0,18,0,1,0,0,0,0,1,1,6,3,-1,-1,-1,-1,-1,-1,-1,-1
2015941501008,1,19,0,18,0,0,0,0,0,0,3,1,1,1,33,6,2198,2,3,-1,1,-1
2015941501010,1,21,0,18,0,2,0,0,0,0,1,1,1,1,50,8,4461,2,4,-1,1,-1
2015941501011,1,9,0,9,0,8,0,0,0,0,1,1,6,1,18,4,1149,1,14,-1,2,-1
2015941501011,2,1,0,18,0,8,0,0,0,0,1,1,6,1,45,7,-1,-1,-1,-1,1,-1
2015941501011,3,1,0,18,0,8,0,0,0,0,1,1,6,1,58,9,-1,-1,-1,-1,1,-1
2015941501011,4,1,0,18,0,8,0,0,0,0,1,1,6,1,49,8,-1,-1,-1,-1,-1,-1
2015941501011,5,1,0,18,0,8,0,0,0,0,1,1,6,1,51,8,-1,-1,-1,-1,1,-1
2015941501012,1,9,0,18,0,0,0,0,0,0,1,1,1,2,33,6,2148,2,12,-1,1,-1
2015941501012,2,9,0,3,0,0,0,0,0,0,2,1,6,2,57,9,-1,-1,-1,-1,1,-1
2015941501015,1,9,0,16,0,0,0,0,0,0,1,1,6,2,32,6,1590,1,10,-1,1,-1
2015941501015,2,9,0,17,0,0,0,0,0,0,1,1,6,2,49,8,1364,1,9,-1,1,-1
2015941501017,1,9,0,5,0,4,0,0,0,0,3,1,2,1,60,9,2993,2,1,-1,1,-1
2015941501017,2,3,0,9,0,8,0,0,0,0,4,1,2,1,31,6,124,1,-1,-1,1,-1
2015941501022,1,9,0,17,0,0,2,0,7,11,4,1,6,1,19,4,1598,1,7,-1,2,-1
2015941501023,1,9,0,9,0,8,0,0,0,0,3,1,6,1,33,6,1242,1,2,-1,1,-1
2015941501023,2,9,0,18,0,8,0,0,0,0,4,1,6,2,58,9,1910,2,8,-1,1,-1
2015941501025,1,9,0,17,0,0,2,0,8,1,1,1,6,1,40,7,3246,1,12,-1,1,-1
2015941501030,1,9,0,18,0,0,0,0,0,0,1,1,6,1,44,7,1868,2,11,-1,1,-1
2015941501030,2,9,0,4,0,0,0,0,0,0,2,1,2,1,25,5,999,1,1,-1,3,-1
2015941501032,1,9,0,4,0,1,1,0,0,0,1,1,6,2,80,11,1598,1,15,-1,1,-1
2015941501033,1,9,0,18,0,1,0,0,0,0,1,1,6,1,40,7,1242,1,14,-1,1,-1
2015941501033,2,9,0,4,0,1,0,0,0,0,2,1,6,1,21,5,1398,2,8,-1,3,-1
2015941501033,3,9,0,3,0,1,0,0,0,0,2,1,6,2,24,5,1242,1,3,-1,1,-1
2015941501035,1,9,0,17,0,0,2,0,1,11,1,1,6,2,40,7,1868,2,14,-1,2,-1
2015941501040,1,9,0,18,0,1,0,0,0,0,1,1,6,3,-1,-1,-1,-1,-1,-1,-1,-1
2015941501040,2,9,0,3,0,1,0,0,0,0,2,1,6,2,36,7,1242,1,13,-1,1,-1
2015941501041,1,9,0,16,0,0,2,0,8,10,1,1,6,1,39,7,1248,2,11,-1,3,-1
2015941600001,1,9,0,9,0,8,0,0,0,0,3,1,6,2,56,9,999,1,4,-1,3,-1
2015941600001,2,9,0,18,0,3,0,0,0,0,4,1,6,2,43,7,1364,1,9,-1,2,-1
2015941600004,1,9,0,7,9,6,0,0,0,0,1,1,2,1,29,6,1360,1,12,-1,3,-1
2015941600018,1,9,0,18,0,0,0,0,0,0,1,1,6,2,40,7,1998,2,9,-1,1,-1
2015941600063,1,9,0,18,0,0,0,0,1,4,1,1,6,1,26,6,1560,2,9,-1,1,-1
2015941600188,1,21,1,9,0,8,0,0,0,0,3,2,1,1,40,7,-1,-1,-1,-1,-1,-1
2015941600188,2,9,0,9,0,8,0,0,0,0,4,1,2,2,26,6,1986,2,10,-1,1,-1
2015941600233,1,9,0,18,0,0,0,0,0,0,1,1,6,1,36,7,1598,1,5,-1,1,-1
2015941600233,2,9,0,18,0,0,0,0,0,0,1,1,6,2,27,6,1498,1,3,-1,3,-1
2015950000001,1,9,0,18,0,0,0,0,0,0,4,1,6,3,-1,-1,-1,-1,-1,-1,-1,-1
2015950000001,2,1,0,18,0,0,0,0,0,0,3,1,6,1,34,6,-1,-1,-1,-1,3,-1
2015950000003,1,9,0,18,0,0,0,0,6,2,4,1,6,1,21,5,-1,-1,-1,-1,1,-1
2015950000004,1,19,0,1,0,0,0,0,0,0,2,1,6,1,34,6,-1,-1,-1,-1,2,-1
2015950000006,1,9,0,18,0,8,0,0,7,2,1,1,6,1,14,3,1956,2,2,-1,1,-1
2015950000006,2,9,0,18,0,8,0,0,7,0,1,1,1,1,41,7,1996,2,5,-1,2,-1
2015950000006,3,10,0,18,0,1,0,0,0,0,0,1,1,1,37,7,2198,2,3,-1,1,-1
2015950000007,1,9,0,16,0,8,0,0,0,0,1,1,1,1,23,5,-1,-1,-1,-1,1,-1
2015950000007,2,9,0,18,0,1,0,0,0,0,1,1,1,1,36,7,1995,2,10,-1,1,-1
2015950000008,1,9,0,18,0,0,1,0,1,4,1,1,6,1,18,4,-1,-1,-1,-1,3,-1
2015950000009,1,9,0,7,0,8,0,0,0,0,1,1,6,2,58,9,1796,1,8,-1,1,-1
2015950000010,1,9,0,18,0,1,0,0,0,0,1,1,6,1,47,8,1461,2,5,-1,1,-1
2015950000010,2,10,0,4,0,1,0,0,0,0,2,1,6,2,41,7,-1,-1,-1,-1,1,-1
2015950000010,3,9,0,10,0,1,0,0,0,0,2,1,6,1,57,9,1199,1,1,-1,1,-1
2015950000013,1,11,0,5,6,0,0,0,0,0,1,1,1,1,46,8,7300,2,11,-1,3,-1
2015950000016,1,9,0,9,0,2,0,0,0,0,3,1,6,1,45,7,1951,2,15,-1,1,-1
2015950000019,1,9,0,9,0,8,0,0,0,0,3,1,6,2,29,6,1956,2,3,-1,3,-1
2015950000025,1,9,0,9,0,8,0,0,0,0,1,1,2,1,28,6,1598,2,2,-1,1,-1
2015950000025,2,1,0,18,0,1,0,0,0,0,1,1,6,1,30,6,-1,-1,-1,-1,2,-1
2015950000027,1,9,0,18,0,1,0,0,0,0,1,1,6,1,20,4,1368,1,4,-1,1,-1
2015950000027,2,9,0,10,0,1,0,0,0,0,2,1,2,2,24,5,1229,1,4,-1,2,-1
2015950000028,1,3,0,18,0,1,0,0,0,0,1,1,6,1,19,4,124,1,18,-1,1,-1
2015950000028,2,9,0,7,0,1,0,0,0,0,2,1,6,1,26,6,1796,1,5,-1,-1,-1
2015950000030,1,9,0,11,0,0,0,4,0,0,4,1,6,1,78,11,1390,1,5,-1,1,-1
2015950000030,2,8,0,18,0,0,0,0,0,0,0,1,1,1,49,8,2499,2,7,-1,1,-1
2015950000030,3,9,0,2,0,0,0,0,0,0,3,1,6,3,-1,-1,1390,1,8,-1,-1,-1
2015950000031,1,9,0,18,0,0,0,0,4,6,3,1,6,2,24,5,1956,2,2,-1,2,-1
2015950000031,2,9,0,4,0,0,0,11,0,0,1,1,6,2,39,7,1796,1,7,-1,3,-1
2015950000032,1,9,0,18,0,0,0,0,1,4,3,1,6,1,18,4,1199,1,14,-1,2,-1
2015950000035,1,9,0,18,0,0,0,0,0,0,1,1,6,1,49,8,1991,2,8,-1,3,-1
2015950000035,2,9,0,18,0,0,0,0,0,0,2,1,6,2,25,5,1870,2,12,-1,2,-1
2015950000036,1,9,0,18,0,0,1,0,1,7,3,1,6,1,24,5,-1,-1,-1,-1,1,-1
2015950000038,1,9,0,18,0,0,0,0,0,0,1,1,6,1,-1,-1,-1,-1,-1,-1,-1,-1
2015950000039,1,11,0,18,0,1,0,0,0,0,0,1,1,1,49,8,9360,2,6,-1,2,-1
2015950000040,1,9,0,17,0,0,0,0,1,4,4,1,6,1,19,4,2143,2,-1,-1,1,-1
2015950000041,1,9,0,18,0,4,0,0,0,0,1,2,6,1,25,5,-1,-1,-1,-1,1,-1
2015950000041,2,9,0,18,0,1,0,0,0,0,4,1,6,2,33,6,1149,1,7,-1,1,-1
2015950000042,1,9,0,18,0,0,1,0,7,11,1,1,6,2,18,4,1229,1,10,-1,1,-1
2015950000043,1,9,0,9,0,8,0,0,0,0,1,1,6,2,47,8,1587,1,10,-1,1,-1
2015950000043,2,2,0,18,0,8,0,0,0,0,1,1,6,1,17,4,49,1,3,-1,1,-1
2015950000045,1,9,0,16,0,0,1,0,7,0,1,1,6,1,79,11,-1,-1,-1,-1,3,-1
2015950000045,2,9,0,16,0,0,0,0,0,0,1,1,6,2,58,9,-1,-1,-1,-1,1,-1
2015950000046,1,9,0,18,0,0,0,0,0,0,1,1,6,2,52,8,1388,1,3,-1,1,-1
2015950000046,2,9,0,3,0,0,0,0,0,0,2,1,6,1,74,10,1560,2,3,-1,3,-1
2015950000047,1,11,0,4,0,0,0,0,0,0,1,1,1,1,51,8,9360,2,4,-1,2,-1
2015950000048,1,10,0,9,0,4,0,0,0,0,1,1,6,1,84,11,-1,-1,-1,-1,1,-1
2015950000048,2,1,0,18,0,8,0,0,0,0,2,1,6,1,40,7,-1,-1,-1,-1,1,-1
2015950000053,1,9,0,18,0,8,0,0,0,0,1,1,2,2,48,8,1598,1,3,-1,-1,-1
2015950000053,2,1,0,18,0,8,0,0,0,0,1,1,6,1,26,6,-1,-1,-1,-1,1,-1
2015950000055,1,9,0,9,0,2,0,0,0,0,3,1,2,2,31,6,1796,1,11,-1,1,-1
2015950000055,2,4,0,18,0,1,0,0,0,0,1,1,2,1,28,6,599,1,3,-1,1,-1
2015950000056,1,4,0,17,0,0,0,0,0,0,4,1,2,1,49,8,647,1,16,-1,-1,-1
2015950000057,1,19,0,18,0,0,0,0,0,0,4,1,2,1,46,8,2402,2,7,-1,3,-1
2015950000057,2,1,0,18,2,0,0,0,0,0,3,1,2,1,54,8,-1,-1,-1,-1,1,-1
2015950000058,1,9,0,17,0,0,1,0,2,4,4,1,6,1,23,5,3999,1,3,-1,3,-1
2015950000059,1,9,0,18,0,1,0,0,0,0,1,1,6,2,62,9,-1,-1,-1,-1,2,-1
2015950000059,2,9,0,14,0,1,0,0,0,0,1,1,6,1,23,5,1796,1,15,-1,1,-1
2015950000060,1,9,0,18,0,0,0,0,1,4,1,1,6,2,48,8,2231,2,8,-1,1,-1
2015950000061,1,9,0,18,0,2,5,0,0,0,1,1,6,1,73,10,-1,-1,-1,-1,2,-1
2015950000061,2,9,0,2,0,2,0,0,1,0,3,1,6,3,-1,-1,-1,-1,-1,-1,-1,-1
2015950000061,3,9,0,2,0,2,0,0,0,0,1,1,6,3,-1,-1,1796,1,6,-1,-1,-1
2015950000067,1,9,0,18,0,0,0,0,0,0,1,1,6,1,72,10,1242,1,1,-1,3,-1
2015950000067,2,9,0,3,0,0,0,0,0,0,2,1,6,2,50,8,1598,2,1,-1,3,-1
2015950000068,1,9,0,18,0,1,0,0,0,0,4,1,6,2,27,6,1461,2,-1,-1,2,-1
2015950000069,1,9,0,18,0,0,0,0,0,0,1,1,6,1,24,5,1198,1,10,-1,1,-1
2015950000071,1,19,0,18,0,0,0,0,0,0,1,1,1,1,24,5,1560,2,4,-1,-1,-1
2015950000071,2,9,0,18,0,0,0,0,0,0,2,1,6,1,71,10,1598,1,5,-1,-1,-1
2015950000071,3,9,0,18,0,0,0,0,0,0,2,1,6,1,68,10,1991,2,3,-1,-1,-1
2015950000072,1,9,0,17,0,0,1,0,0,0,1,1,6,1,23,5,1499,2,2,-1,-1,-1
2015950000072,2,9,0,16,0,0,0,0,0,0,1,1,6,1,23,5,-1,-1,-1,-1,1,-1
2015950000072,3,9,0,16,0,0,0,0,0,0,1,1,6,1,64,9,1910,2,7,-1,1,-1
2015950000075,1,19,0,18,0,0,0,0,0,0,4,1,6,1,23,5,2287,2,3,-1,1,-1
2015950000076,1,9,0,18,0,0,1,0,1,7,4,1,6,1,47,8,-1,-1,-1,-1,1,-1
2015950000077,1,9,0,18,0,0,0,0,0,0,1,1,6,2,51,8,2179,2,4,-1,3,-1
2015950000077,2,9,0,18,0,0,0,0,0,0,2,1,6,2,31,6,-1,-1,-1,-1,-1,-1
2015950000077,3,9,0,18,0,0,0,0,0,0,2,1,6,2,59,9,1461,2,1,-1,1,-1
2015950000078,1,9,0,18,0,0,1,0,0,0,1,1,6,1,35,6,-1,-1,-1,-1,1,-1
2015950000079,1,9,0,18,0,0,1,0,1,4,4,1,6,1,30,6,-1,-1,-1,-1,-1,-1
2015950000080,1,9,0,18,0,0,5,0,1,10,1,1,6,1,33,6,1998,2,11,-1,1,-1
2015950000081,1,9,0,18,0,8,0,0,0,0,3,1,6,1,19,4,1590,1,12,-1,1,-1
2015950000082,1,9,0,9,0,0,0,0,0,0,1,1,6,2,36,7,1368,1,11,-1,1,-1
2015950000082,2,9,0,18,0,0,0,0,0,0,4,1,6,2,60,9,-1,-1,-1,-1,1,-1
2015950000083,1,9,0,18,0,0,0,0,0,0,4,1,2,1,31,6,1560,2,2,-1,1,-1
2015950000085,1,9,0,6,0,1,0,0,0,0,3,1,6,2,30,6,-1,-1,-1,-1,1,-1
2015950000085,2,9,0,18,0,1,0,0,0,0,1,1,6,1,47,8,-1,-1,-1,-1,1,-1
2015950000086,1,2,0,18,0,8,0,0,0,0,4,1,2,1,28,6,108,1,2,-1,1,-1
2015950000087,1,9,0,7,0,8,0,0,0,0,1,1,2,2,18,4,-1,-1,-1,-1,2,-1
2015950000087,2,9,0,18,0,1,0,0,0,0,4,1,6,1,41,7,1685,2,1,-1,2,-1
2015950000088,1,9,0,16,0,7,0,0,0,0,1,2,6,1,33,6,-1,-1,-1,-1,1,-1
2015950000088,2,9,0,8,0,1,0,0,0,0,2,1,6,2,24,5,-1,-1,-1,-1,1,-1
2015950000089,1,9,0,9,0,8,0,0,0,0,1,1,6,1,59,9,1388,1,12,-1,1,-1
2015950000089,2,9,0,9,0,8,0,0,0,0,3,1,1,1,31,6,1396,1,2,-1,1,-1
2015950000091,1,11,0,5,2,0,0,0,0,0,0,1,1,1,36,7,7300,2,9,-1,1,-1
2015950000092,1,9,0,4,0,1,0,0,0,0,1,1,2,2,38,7,1596,1,6,-1,1,-1
2015950000092,2,9,0,4,0,1,0,0,0,0,2,1,2,2,50,8,1229,1,7,-1,3,-1
2015950000093,1,9,0,13,0,0,0,0,4,11,4,1,2,1,28,6,-1,-1,-1,-1,1,-1
2015950000093,2,90,0,18,0,0,0,0,0,0,3,1,2,1,28,6,-1,2,8,-1,3,-1
2015950000094,1,9,0,18,0,1,0,0,0,0,1,1,6,2,29,6,-1,-1,-1,-1,-1,-1
2015950000094,2,21,0,18,0,1,0,0,0,0,2,1,1,1,54,8,11705,2,3,-1,1,-1
2015950000096,1,9,0,5,0,2,0,0,0,0,1,1,6,1,37,7,1994,2,13,-1,1,-1
2015950000098,1,9,0,18,0,0,0,0,0,0,1,1,6,2,45,7,1582,2,2,-1,3,-1
2015950000098,2,9,0,6,0,0,0,0,0,0,2,1,6,1,29,6,1968,2,6,-1,3,-1
2015950000104,1,9,0,18,0,1,0,0,0,0,1,1,6,1,73,10,1242,1,8,-1,1,-1
2015950000104,2,9,0,18,0,1,0,0,0,0,1,1,2,2,57,9,1242,1,1,-1,1,-1
2015950000105,1,9,0,16,0,8,1,0,7,0,1,1,6,2,63,9,1242,1,4,-1,1,-1
2015950000105,2,9,0,18,0,1,0,0,0,0,1,1,1,2,53,8,-1,-1,-1,-1,3,-1
2015950000107,1,9,0,18,0,1,0,0,0,0,1,1,6,1,-1,-1,-1,-1,-1,-1,-1,-1
2015950000107,2,9,0,4,0,1,0,0,0,0,2,1,6,2,27,6,1229,1,5,-1,3,-1
2015950000108,1,21,0,9,0,8,0,0,0,0,1,1,1,1,52,8,-1,-1,-1,-1,2,-1
2015950000110,1,9,0,18,0,8,0,0,0,0,1,1,6,2,39,7,1248,2,1,-1,1,-1
2015950000111,1,19,0,13,0,0,0,0,0,0,4,1,6,1,-1,-1,1998,2,12,-1,-1,-1
2015950000111,2,1,0,18,0,0,0,0,0,0,3,1,6,2,47,8,-1,-1,-1,-1,2,-1
2015950000118,1,9,0,18,0,0,0,0,0,0,1,1,6,1,19,4,1364,1,6,-1,1,-1
2015950000118,2,9,0,18,0,0,0,0,0,0,2,1,6,2,50,8,1229,1,4,-1,1,-1
2015950000119,1,19,0,9,0,1,0,0,0,0,4,1,6,1,23,5,1868,2,11,-1,1,-1
2015950000119,2,1,0,18,0,1,0,0,0,0,1,1,6,1,49,8,-1,-1,-1,-1,1,-1
2015950000125,1,9,0,18,0,0,0,0,0,0,1,1,6,2,52,8,1229,1,5,-1,2,-1
2015950000125,2,9,0,18,0,0,0,0,0,0,1,1,6,1,36,7,1364,1,7,-1,1,-1
2015950000130,1,8,0,6,2,1,0,0,0,0,3,1,1,1,-1,-1,-1,-1,-1,-1,-1,-1
2015950000130,2,1,0,18,0,1,0,0,0,0,1,1,6,2,21,5,-1,-1,-1,-1,1,-1
2015950000133,1,9,0,16,0,0,1,0,4,6,1,1,2,2,20,4,1560,2,3,-1,1,-1
2015950000137,1,19,0,18,0,4,0,0,1,0,1,1,2,1,36,7,1248,2,10,-1,1,-1
2015950000138,1,9,0,18,0,1,0,7,0,0,1,1,6,2,36,7,1968,2,6,-1,1,-1
2015950000139,1,9,0,9,0,8,0,0,0,0,1,1,2,1,24,5,-1,-1,-1,-1,1,-1
2015950000139,2,9,0,18,0,2,0,0,0,0,1,1,2,1,41,7,998,1,7,-1,1,-1
2015950000141,1,9,0,18,0,0,0,0,7,2,1,1,6,1,18,4,1229,1,1,-1,2,-1
2015950000146,1,9,0,4,0,1,0,0,0,0,1,1,6,3,-1,-1,-1,-1,-1,-1,-1,-1
2015950000147,1,9,0,5,0,4,0,0,0,0,1,1,6,1,23,5,1896,2,7,-1,3,-1
2015950000147,2,1,0,17,0,3,0,0,0,0,4,1,1,1,44,7,-1,-1,-1,-1,1,-1
2015950000158,1,9,0,9,0,8,0,0,0,0,1,1,1,2,22,5,998,1,2,-1,1,-1
2015950000158,2,9,0,18,0,8,0,0,0,0,1,1,6,1,66,10,1560,2,4,-1,1,-1
2015950000159,1,19,0,18,0,0,0,0,0,0,1,1,2,1,46,8,1753,2,8,-1,1,-1
2015950000159,2,9,0,3,0,0,0,0,0,0,2,1,6,1,30,6,-1,-1,-1,-1,1,-1
2015950000159,3,9,0,3,0,0,0,0,0,0,2,1,6,1,35,6,1968,2,9,-1,1,-1
2015950000160,1,9,0,6,0,0,0,0,0,0,3,1,6,1,34,6,2199,1,18,-1,1,-1
2015950000160,2,9,0,18,0,0,0,0,0,0,1,1,6,1,40,7,2495,2,13,-1,-1,-1
2015950000161,1,9,0,18,0,0,1,0,0,0,1,1,2,1,27,6,1396,1,6,-1,-1,-1
2015950000161,2,9,0,18,0,0,0,0,0,0,2,1,2,1,21,5,1560,2,1,-1,-1,-1
2015950000161,3,9,0,18,0,0,0,0,0,0,2,1,2,1,48,8,1995,2,2,-1,3,-1
2015950000161,4,9,0,18,0,0,0,0,0,0,1,1,1,1,36,7,1797,8,4,-1,-1,-1
2015950000162,1,9,0,16,0,0,2,10,1,0,1,1,6,2,23,5,2204,2,7,-1,2,-1
2015950000166,1,9,0,17,0,1,1,0,0,0,3,1,6,2,20,4,1242,1,2,-1,1,-1
2015950000167,1,9,0,17,0,0,0,0,0,0,1,1,6,2,22,5,1986,2,7,-1,1,-1
2015950000167,2,19,0,2,0,0,0,0,0,0,2,1,1,3,-1,-1,2143,2,3,-1,-1,-1
2015950000167,3,9,0,2,0,0,0,0,0,0,2,1,6,3,-1,-1,1895,1,14,-1,-1,-1
2015950000168,1,9,0,18,0,0,0,0,0,0,1,1,6,2,70,10,1149,1,7,-1,1,-1
2015950000168,2,3,0,18,0,0,0,0,0,0,1,1,6,1,19,4,125,1,1,-1,1,-1
2015950000169,1,9,0,18,0,1,5,0,7,0,1,1,2,2,22,5,-1,-1,-1,-1,-1,-1
2015950000171,1,9,0,7,0,2,1,10,7,2,1,1,6,2,25,5,1242,1,1,-1,1,-1
2015950000172,1,9,0,18,0,1,1,0,7,1,1,1,6,1,43,7,1796,1,17,-1,1,-1
2015950000172,2,19,0,10,0,1,0,0,0,0,1,1,6,1,48,8,2148,2,9,-1,1,-1
2015950000173,1,9,0,18,0,4,1,0,0,0,2,1,6,2,21,5,998,1,1,-1,1,-1
2015950000173,2,1,0,9,0,4,1,0,0,0,1,1,6,1,52,8,-1,-1,-1,-1,1,-1
2015950000174,1,3,0,13,0,0,0,0,0,0,3,1,6,1,17,4,49,1,5,-1,1,-1
2015950000174,2,9,0,4,0,0,0,0,0,0,2,1,6,1,37,7,1796,1,10,-1,1,-1
2015950000175,1,11,0,3,0,0,0,0,0,0,0,1,1,1,32,6,7300,2,8,-1,1,-1
2015950000177,1,11,0,16,0,1,0,0,0,0,1,1,1,1,61,9,7300,2,2,-1,1,-1
2015950000177,2,9,0,8,0,1,0,0,0,0,2,1,6,2,48,8,1240,1,9,-1,1,-1
2015950000178,1,9,0,18,0,1,0,0,0,0,1,1,6,2,17,4,1248,2,8,-1,3,-1
2015950000178,2,9,0,4,0,1,0,0,0,0,2,1,6,2,77,11,1388,1,13,-1,1,-1
2015950000179,1,9,0,9,0,1,0,0,0,0,1,1,6,1,47,8,1560,2,3,-1,1,-1
2015950000179,2,4,0,18,0,1,1,0,0,0,1,1,6,1,30,6,998,1,5,-1,1,-1
2015950000180,1,9,0,18,0,0,0,0,7,10,1,1,6,1,24,5,1794,1,14,-1,1,-1
2015950000181,1,19,0,18,0,1,0,0,0,1,1,1,6,3,-1,-1,2953,2,10,-1,-1,-1
2015950000181,2,9,0,3,0,4,0,0,0,0,2,1,6,1,60,9,2967,1,16,-1,2,-1
2015950000182,1,11,0,5,0,0,0,0,0,0,0,1,1,1,46,8,4760,2,1,-1,1,-1
2015950000183,1,9,0,18,0,8,0,0,0,0,1,1,1,1,33,6,1998,2,8,-1,1,-1
2015950000183,2,9,0,18,0,8,0,0,0,0,1,1,6,1,18,4,1149,1,9,-1,1,-1
2015950000184,1,9,0,10,0,2,0,0,0,0,1,1,6,1,53,8,1199,1,14,-1,1,-1
2015950000184,2,2,0,18,0,8,0,0,7,0,4,1,2,1,50,8,49,1,12,-1,1,-1
2015950000185,1,9,0,18,0,8,0,0,0,0,1,1,1,1,30,6,-1,-1,-1,-1,-1,-1
2015950000185,2,9,0,18,0,1,0,0,0,0,2,1,2,1,21,5,1248,2,7,-1,-1,-1
2015950000186,1,8,0,18,0,0,0,0,0,0,4,1,1,2,50,8,2143,2,4,-1,1,-1
2015950000186,2,1,0,18,0,0,0,0,0,0,2,1,2,1,18,4,-1,-1,-1,-1,3,-1
2015950000190,1,9,0,18,0,0,0,0,0,0,1,1,6,2,52,8,1149,1,8,-1,2,-1