Accident_Index,Vehicle_Reference,Vehicle_Type,Towing_and_Articulation,Vehicle_Manoeuvre,Vehicle_Location-Restricted_Lane,Junction_Location,Skidding_and_Overturning,Hit_Object_in_Carriageway,Vehicle_Leaving_Carriageway,Hit_Object_off_Carriageway,1st_Point_of_Impact,Was_Vehicle_Left_Hand_Drive?,Journey_Purpose_of_Driver,Sex_of_Driver,Age_of_Driver,Age_Band_of_Driver,Engine_Capacity_(CC),Propulsion_Code,Age_of_Vehicle,Driver_IMD_Decile,Driver_Home_Area_Type,Vehicle_IMD_Decile
2015950000193,1,9,0,18,0,5,1,0,4,6,1,1,6,2,34,6,1364,1,9,-1,3,-1
2015950000194,1,9,0,7,0,8,0,0,0,0,4,1,6,1,59,9,1248,1,2,-1,-1,-1
2015950000194,2,9,0,4,0,1,0,0,0,0,1,1,2,2,59,9,1598,2,1,-1,1,-1
2015950000202,1,9,0,9,0,8,0,0,0,0,4,1,6,3,-1,-1,-1,-1,-1,-1,-1,-1
2015950000202,2,1,0,18,4,8,0,0,0,0,1,1,1,2,41,7,-1,-1,-1,-1,1,-1
2015950000213,1,9,0,9,0,8,0,0,0,0,1,1,6,2,46,8,1599,1,9,-1,1,-1
2015950000213,2,9,0,18,0,8,0,0,0,0,3,1,6,2,54,8,1229,1,5,-1,1,-1
2015950000223,1,9,0,18,0,1,0,0,0,0,1,1,6,3,-1,-1,-1,-1,-1,-1,-1,-1
2015950000223,2,9,0,10,0,1,0,0,0,0,2,1,6,2,38,7,1390,1,7,-1,1,-1
2015950000226,1,9,0,18,0,0,0,0,7,11,1,1,6,1,67,10,1998,2,11,-1,3,-1
2015950000226,2,9,2,18,0,0,0,0,0,0,1,1,6,1,42,7,-1,-1,-1,-1,3,-1
2015950000232,1,9,0,18,0,1,0,0,0,0,1,1,6,1,26,6,1390,1,3,-1,1,-1
2015950000232,2,9,0,3,0,1,0,0,0,0,2,1,6,2,24,5,1242,1,5,-1,1,-1
2015950000232,3,9,0,3,0,1,0,0,0,0,2,1,6,2,38,7,1461,2,1,-1,1,-1
2015950000233,1,9,0,13,0,1,0,0,0,0,4,1,6,2,54,8,998,1,1,-1,1,-1
2015950000233,2,1,0,18,0,1,0,0,0,0,3,1,6,1,46,8,-1,-1,-1,-1,1,-1
2015950000235,1,9,0,18,0,0,0,0,0,0,1,1,6,3,-1,-1,-1,-1,-1,-1,-1,-1
2015950000236,1,90,0,18,0,1,0,0,0,0,3,1,1,1,59,9,2999,2,3,-1,1,-1
2015950000236,2,9,0,18,0,8,0,0,0,0,1,1,6,2,77,11,1248,1,2,-1,1,-1
2015950000237,1,9,0,18,9,0,0,0,0,0,1,1,6,1,58,9,-1,-1,-1,-1,1,-1
2015950000240,1,19,0,13,0,0,0,0,0,0,4,1,2,1,31,6,2198,2,4,-1,1,-1
2015950000240,2,1,0,18,0,0,0,0,0,0,3,1,6,1,48,8,-1,-1,-1,-1,3,-1
2015950000242,1,9,0,5,0,2,0,0,0,0,4,1,6,1,33,6,1596,1,8,-1,1,-1
2015950000244,1,9,0,9,0,8,0,0,0,0,1,1,6,1,69,10,-1,-1,-1,-1,1,-1
2015950000245,1,9,0,18,0,1,0,0,0,0,1,1,2,2,49,8,1149,1,16,-1,1,-1
2015950000245,2,4,0,10,0,8,0,0,0,0,2,1,6,1,23,5,-1,-1,-1,-1,3,-1
2015950000246,1,21,0,7,0,2,0,0,0,0,1,1,1,1,39,7,-1,-1,-1,-1,1,-1
2015950000250,1,1,0,8,0,8,0,0,0,0,0,1,6,1,32,6,-1,-1,-1,-1,1,-1
2015950000251,1,8,0,18,0,1,0,0,0,0,1,1,1,1,28,6,2499,2,8,-1,1,-1
2015950000254,1,8,0,3,0,1,0,0,0,0,4,1,1,1,62,9,2499,2,2,-1,1,-1
2015950000254,2,1,0,15,0,1,0,8,1,0,3,1,2,2,36,7,-1,-1,-1,-1,1,-1
2015950000255,1,9,0,7,0,3,0,0,0,0,1,1,6,2,27,6,1248,1,1,-1,1,-1
2015950000255,2,9,0,18,0,8,0,0,0,0,1,1,2,2,25,5,1349,1,1,-1,3,-1
2015950000256,1,9,0,11,0,5,0,0,7,1,1,1,2,1,21,5,-1,-1,-1,-1,-1,-1
2015950000257,1,9,0,18,0,8,0,0,7,11,1,1,6,1,39,7,2792,1,19,-1,2,-1
2015950000257,2,9,0,9,0,8,0,0,7,11,2,1,6,1,51,8,1390,1,3,-1,1,-1
2015950000258,1,9,0,9,0,2,0,0,0,0,3,1,6,2,55,8,1799,1,6,-1,1,-1
2015950000258,2,3,0,18,0,1,0,0,0,0,1,1,6,1,33,6,49,1,10,-1,1,-1
2015950000259,1,9,0,18,0,1,0,0,0,0,1,1,6,2,25,5,1390,1,6,-1,1,-1
2015950000259,2,9,0,3,0,1,0,0,0,0,2,1,6,1,35,6,-1,-1,-1,-1,1,-1
2015950000260,1,9,0,18,0,1,0,0,0,0,1,1,6,2,44,7,1229,1,3,-1,1,-1
2015950000266,1,19,0,9,0,8,0,0,0,0,1,1,1,1,56,9,1896,2,11,-1,1,-1
2015950000268,1,9,0,18,0,2,0,0,0,0,4,1,2,1,26,6,3311,8,7,-1,1,-1
2015950000270,1,9,0,18,0,0,0,0,0,0,1,1,6,1,42,7,-1,-1,-1,-1,1,-1
2015950000270,2,19,0,18,0,0,0,0,0,0,2,1,1,1,25,5,1995,2,1,-1,1,-1
2015950000283,1,9,0,18,0,0,0,0,0,0,1,1,1,1,31,6,1968,2,7,-1,1,-1
2015950000283,2,9,0,18,0,0,0,0,0,0,2,1,1,2,37,7,1968,2,-1,-1,-1,-1
2015950000283,3,9,0,18,0,0,0,0,0,0,2,1,1,2,51,8,-1,-1,-1,-1,1,-1
2015950000283,4,9,0,18,0,0,0,0,0,0,2,1,6,2,38,7,1200,1,1,-1,1,-1
2015950000283,5,9,0,18,0,0,0,8,0,0,2,1,6,2,30,6,1598,1,8,-1,1,-1
2015950000289,1,19,0,18,0,1,0,0,0,0,1,1,6,1,54,8,1995,2,5,-1,2,-1
2015950000290,1,9,0,9,0,8,0,0,0,0,4,1,1,1,29,6,1896,2,8,-1,1,-1
2015950000290,2,9,0,17,0,8,0,0,0,0,1,1,6,1,26,6,998,1,9,-1,1,-1
2015950000291,1,9,0,18,0,1,0,0,0,0,1,1,6,2,25,5,998,1,3,-1,1,-1
2015950000291,2,9,0,3,0,1,0,0,0,0,2,1,6,1,52,8,-1,-1,-1,-1,1,-1
2015950000292,1,9,0,18,0,0,0,0,0,0,1,1,6,1,64,9,-1,-1,-1,-1,1,-1
2015950000293,1,19,0,13,0,1,0,0,0,0,4,1,6,3,-1,-1,-1,-1,-1,-1,-1,-1
2015950000293,2,1,0,18,0,1,0,0,0,0,3,1,6,1,38,7,-1,-1,-1,-1,1,-1
2015950000306,1,9,0,7,0,6,0,0,0,0,1,1,6,1,64,9,1497,1,12,-1,1,-1
2015950000306,2,1,0,18,0,1,0,0,0,0,1,1,6,1,28,6,-1,-1,-1,-1,1,-1
2015950000307,1,11,0,4,2,0,0,0,0,0,0,1,1,1,45,7,9360,2,7,-1,1,-1
2015950000316,1,9,0,18,0,0,0,0,0,0,4,1,6,2,29,6,1248,1,1,-1,1,-1
2015950000317,1,9,0,16,0,0,0,0,7,11,1,1,6,2,17,4,-1,-1,-1,-1,3,-1
2015950000320,1,19,0,9,0,1,0,0,0,0,1,1,1,1,27,6,1995,2,3,-1,1,-1
2015950000322,1,9,0,18,0,0,0,0,0,0,1,1,6,2,69,10,1896,2,8,-1,3,-1
2015950000323,1,9,0,18,0,0,0,0,0,0,1,1,6,1,56,9,-1,-1,-1,-1,1,-1
2015950000375,1,9,0,18,0,1,0,0,0,0,0,1,6,3,-1,-1,-1,-1,-1,-1,-1,-1
2015950000375,2,11,0,18,0,1,0,0,0,0,0,1,1,1,54,8,4760,2,1,-1,1,-1
2015950000378,1,19,0,18,0,0,0,0,0,0,1,1,6,1,52,8,1686,2,11,-1,1,-1
2015950000378,2,9,0,4,0,0,0,0,0,0,2,1,6,2,33,6,-1,-1,-1,-1,3,-1
2015950000378,3,9,0,4,0,0,0,0,0,0,2,1,2,1,28,6,1998,1,11,-1,1,-1
2015950000380,1,19,0,5,0,1,0,0,0,0,1,1,6,1,32,6,2477,2,11,-1,3,-1
2015950000380,2,9,0,4,0,1,0,0,0,0,2,1,6,2,43,7,2495,2,11,-1,1,-1
2015950000380,3,9,0,4,0,1,0,0,0,0,0,1,6,3,-1,-1,-1,-1,-1,-1,-1,-1
2015950000383,1,21,0,18,0,0,0,0,0,6,1,1,1,1,48,8,10308,2,2,-1,1,-1
2015950000395,1,9,0,9,0,8,0,0,0,0,3,1,2,2,32,6,1595,1,11,-1,1,-1
2015950000396,1,90,0,18,0,1,0,0,0,0,2,1,1,1,47,8,9290,2,2,-1,1,-1
2015950000397,1,9,0,9,0,8,0,0,0,0,0,1,6,3,-1,-1,-1,-1,-1,-1,-1,-1
2015950000397,2,11,0,18,0,1,0,0,0,0,0,1,1,1,47,8,7300,2,9,-1,3,-1
2015950000398,1,11,0,5,0,8,0,0,0,0,0,1,1,1,41,7,4760,2,1,-1,1,-1
2015950000399,1,8,0,4,0,1,0,0,0,0,0,1,1,1,40,7,2143,2,2,-1,1,-1
2015950000400,1,11,0,4,0,2,0,0,0,0,0,1,1,1,45,7,9360,2,4,-1,1,-1
2015950000401,1,8,0,12,0,1,0,0,0,0,3,1,1,1,46,8,2143,2,1,-1,-1,-1
2015950000401,2,1,0,18,0,1,0,0,0,0,4,1,6,1,28,6,-1,-1,-1,-1,1,-1
2015950000402,1,9,0,14,0,1,0,0,0,0,4,1,6,1,64,9,1598,1,8,-1,1,-1
2015950000403,1,9,0,9,0,8,0,0,0,0,3,1,6,1,40,7,1599,1,14,-1,1,-1
2015950000403,2,1,0,18,0,1,0,0,0,0,1,1,6,1,21,5,-1,-1,-1,-1,-1,-1
2015950000404,1,19,0,18,0,0,2,0,1,0,1,1,6,1,36,7,-1,-1,-1,-1,1,-1
2015950000405,1,9,0,18,0,0,0,0,0,0,4,1,6,2,20,4,1328,1,7,-1,1,-1
2015950000406,1,9,0,18,0,8,0,0,0,0,1,1,6,2,49,8,1598,2,3,-1,1,-1
2015950000406,2,1,0,9,0,8,0,0,0,0,1,1,6,1,64,9,-1,-1,-1,-1,1,-1
2015950000415,1,9,0,16,0,0,0,0,7,0,1,1,6,2,27,6,-1,-1,-1,-1,3,-1
2015950000415,2,9,0,17,0,0,0,0,0,0,1,1,1,1,36,7,1598,1,8,-1,3,-1
2015950000442,1,9,0,6,0,0,0,0,0,0,1,1,6,1,47,8,-1,-1,-1,-1,1,-1
2015950000442,2,19,0,3,0,0,0,0,0,0,2,1,6,1,37,7,-1,-1,-1,-1,3,-1
2015950000443,1,9,0,7,0,1,0,0,0,0,1,1,6,2,44,7,998,1,3,-1,1,-1
2015950000444,1,11,0,4,0,0,0,0,0,0,4,1,1,1,29,6,7300,2,10,-1,1,-1
2015950000445,1,9,0,7,0,8,0,0,0,0,3,1,6,2,73,10,996,1,6,-1,1,-1
2015950000445,2,1,0,7,0,8,0,0,0,0,1,1,6,1,52,8,-1,-1,-1,-1,1,-1
2015950000446,1,90,0,1,0,0,0,0,0,0,2,1,6,3,-1,-1,-1,-1,-1,-1,-1,-1
2015950000446,2,9,0,2,0,0,0,0,0,0,1,1,6,2,49,8,1396,1,3,-1,1,-1
2015950000452,1,9,0,18,0,1,0,0,0,0,1,1,6,1,34,6,-1,-1,-1,-1,1,-1
2015950000452,2,9,0,4,0,1,0,0,0,0,1,1,6,1,20,4,1896,2,15,-1,1,-1
2015950000452,3,9,0,18,0,1,0,0,0,0,3,1,6,1,30,6,1598,1,11,-1,1,-1
2015950000454,1,9,0,18,0,0,0,0,1,9,1,1,6,1,28,6,1396,1,1,-1,1,-1
2015950000478,1,1,0,18,0,1,0,0,0,0,4,1,6,3,-1,-1,-1,-1,-1,-1,-1,-1
2015950000478,2,1,0,12,0,1,0,0,0,0,3,1,2,2,18,4,-1,-1,-1,-1,1,-1
2015950000479,1,9,0,2,0,1,0,0,0,0,3,1,6,2,37,7,1896,2,6,-1,1,-1
2015950000479,2,1,0,14,0,1,0,0,0,0,1,1,6,1,41,7,-1,-1,-1,-1,1,-1
2015950000481,1,19,0,18,0,8,0,0,0,0,4,1,1,1,29,6,2198,2,2,-1,1,-1
2015950000482,1,90,0,7,0,8,0,0,0,0,4,1,1,1,50,8,7146,2,4,-1,3,-1
2015950000482,2,1,0,18,0,8,0,0,0,0,1,1,6,1,29,6,-1,-1,-1,-1,1,-1
2015950000491,1,9,0,18,0,0,0,0,0,0,1,1,1,1,38,7,1686,2,5,-1,1,-1
2015950000491,2,9,0,4,0,0,0,0,0,0,2,1,2,1,54,8,-1,-1,-1,-1,-1,-1
2015950000492,1,9,0,18,0,0,0,0,0,0,1,1,1,2,34,6,1968,2,3,-1,1,-1
2015950000492,2,9,0,18,0,0,0,0,0,0,2,1,1,1,42,7,1968,2,4,-1,1,-1
2015950000495,1,9,0,18,0,0,0,0,0,0,4,1,6,2,35,6,2204,2,7,-1,1,-1
2015950000496,1,9,0,18,0,0,0,0,0,0,1,1,6,1,50,8,1596,1,4,-1,1,-1
2015950000496,2,9,0,18,0,0,0,0,0,0,4,1,1,1,49,8,1560,2,4,-1,1,-1
2015950000497,1,9,0,18,0,1,0,0,0,0,1,1,6,3,-1,-1,-1,-1,-1,-1,-1,-1
2015950000497,2,1,0,18,0,1,0,0,0,0,1,1,6,1,24,5,-1,-1,-1,-1,1,-1
2015950000498,1,11,0,5,2,2,0,0,0,0,4,1,1,1,45,7,9360,2,7,-1,1,-1
2015950000499,1,9,0,9,0,8,0,0,0,0,1,1,6,1,81,11,1339,1,9,-1,1,-1
2015950000499,2,1,0,18,0,8,1,0,0,0,1,1,2,1,23,5,-1,-1,-1,-1,1,-1
2015950000500,1,9,0,18,0,8,0,0,0,0,1,1,6,1,66,10,1200,1,1,-1,2,-1
2015950000500,2,9,0,10,0,1,0,0,0,0,2,1,2,2,26,6,-1,-1,-1,-1,3,-1
2015950000500,3,9,0,18,0,1,0,0,0,0,3,1,2,1,29,6,1796,1,11,-1,1,-1
2015950000510,1,9,0,5,0,1,0,0,0,0,1,1,6,2,87,11,1242,1,7,-1,1,-1
2015950000510,2,2,0,18,0,1,0,0,0,0,1,1,6,1,26,6,49,1,1,-1,2,-1
2015950000512,1,19,0,18,0,1,0,0,0,0,1,1,1,1,25,5,2198,2,5,-1,1,-1
2015950000512,2,19,0,10,0,1,0,0,0,0,2,1,1,1,30,6,2402,2,13,-1,1,-1
2015950000513,1,9,0,9,0,8,0,0,1,2,1,1,2,2,25,5,1240,1,11,-1,1,-1
2015950000514,1,9,0,18,0,1,0,0,0,0,1,1,6,3,-1,-1,-1,-1,-1,-1,-1,-1
2015950000515,1,1,0,5,0,8,0,0,0,0,3,1,6,2,83,11,-1,-1,-1,-1,1,-1
2015950000515,2,9,0,9,0,8,0,0,0,0,1,1,6,2,43,7,1598,1,8,-1,1,-1
2015950000516,1,9,0,18,0,0,0,0,0,0,1,1,6,1,29,6,-1,-1,-1,-1,1,-1
2015950000516,2,9,0,3,0,0,0,0,0,0,2,1,6,2,21,5,1368,1,6,-1,1,-1
2015950000517,1,9,0,18,0,4,0,9,1,2,1,1,6,2,32,6,-1,-1,-1,-1,1,-1
2015950000518,1,19,0,5,0,0,0,0,0,0,1,1,6,1,44,7,-1,-1,-1,-1,1,-1
2015950000518,2,9,0,18,0,0,0,0,0,0,3,1,6,1,34,6,1995,2,1,-1,3,-1
2015950000519,1,9,0,18,0,4,0,0,0,0,1,1,6,1,50,8,2171,2,11,-1,1,-1
2015950000519,2,9,0,9,0,8,0,0,0,0,4,1,6,2,45,7,-1,-1,-1,-1,1,-1
2015950000520,1,8,0,1,0,0,0,0,0,0,2,1,6,1,54,8,2499,2,3,-1,1,-1
2015950000521,1,9,0,18,0,0,0,0,0,0,1,1,6,2,35,6,1991,2,8,-1,1,-1
2015950000522,1,9,2,11,0,8,0,0,0,0,0,1,6,2,39,7,1995,2,3,-1,1,-1
2015950000522,2,11,0,18,0,1,0,0,0,0,0,1,1,1,48,8,7300,2,3,-1,1,-1
2015950000523,1,9,0,4,0,1,0,0,0,0,1,1,6,1,29,6,1995,1,14,-1,1,-1
2015950000523,2,9,0,3,0,1,0,0,0,0,2,1,6,1,57,9,2494,1,16,-1,1,-1
2015950000524,1,9,0,18,0,8,0,0,3,1,1,1,6,2,60,9,-1,-1,-1,-1,1,-1
2015950000525,1,19,0,18,0,0,0,0,0,0,1,1,1,1,32,6,2148,2,8,-1,1,-1
2015950000525,2,90,4,18,0,0,0,0,0,0,2,1,1,1,55,8,-1,2,3,-1,3,-1
2015950000526,1,9,0,9,0,6,0,0,1,0,3,1,6,2,18,4,1360,1,5,-1,1,-1
2015950000526,2,9,0,18,0,1,0,0,1,11,1,1,6,1,32,6,-1,-1,-1,-1,-1,-1
2015950000542,1,9,0,5,0,0,0,0,0,0,4,1,6,1,-1,-1,1587,1,9,-1,-1,-1
2015950000543,1,9,0,9,0,8,0,0,3,10,1,1,6,1,62,9,-1,-1,-1,-1,1,-1
2015950000543,2,9,0,18,0,1,0,0,0,0,1,1,6,1,63,9,-1,-1,-1,-1,2,-1
2015950000544,1,9,0,18,0,1,0,0,0,0,1,1,6,1,-1,-1,-1,-1,-1,-1,-1,-1
2015950000549,1,9,0,7,0,3,0,0,0,0,4,1,2,2,33,6,1995,2,1,-1,1,-1
2015950000549,2,1,0,18,0,8,0,0,0,0,1,1,2,1,39,7,-1,-1,-1,-1,1,-1
2015950000550,1,9,0,18,0,0,0,0,0,0,1,1,6,1,17,4,973,1,13,-1,1,-1
2015950000550,2,9,0,18,0,0,0,0,0,0,2,1,2,2,52,8,1796,1,6,-1,1,-1
2015950000551,1,4,0,7,0,8,0,0,0,0,3,1,6,1,42,7,645,1,1,-1,1,-1
2015950000551,2,9,0,10,0,1,0,0,0,0,3,1,6,2,72,10,1951,2,12,-1,1,-1
2015950000557,1,9,0,17,0,0,0,0,0,0,1,1,2,1,37,7,2993,2,4,-1,3,-1
2015950000557,2,9,0,2,0,0,0,0,0,0,2,1,6,3,-1,-1,1242,1,11,-1,-1,-1
2015950000558,1,19,0,9,0,8,0,0,0,0,4,1,1,1,68,10,1995,2,5,-1,-1,-1
2015950000558,2,8,0,18,0,8,0,0,0,0,3,1,1,1,51,8,2402,2,13,-1,3,-1
2015950000559,1,11,0,4,0,0,0,0,0,0,0,1,1,1,37,7,9360,2,6,-1,1,-1
2015950000560,1,8,0,9,0,8,0,0,0,0,3,1,1,1,56,9,2499,2,1,-1,1,-1
2015950000566,1,19,0,6,0,1,0,0,0,0,0,1,1,3,-1,-1,-1,-1,-1,-1,-1,-1
2015950000566,2,3,0,5,0,8,0,0,0,0,3,1,6,1,20,4,124,1,1,-1,1,-1
2015950000567,1,19,0,9,0,1,0,0,0,0,4,1,1,1,38,7,1598,2,4,-1,1,-1
2015950000567,2,9,0,18,0,8,0,0,0,0,1,1,6,1,24,5,1149,1,9,-1,1,-1
2015950000568,1,9,0,18,0,0,0,0,0,0,1,1,6,2,58,9,1242,1,8,-1,1,-1
2015950000568,2,9,0,18,0,0,0,0,0,0,1,1,2,2,40,7,1364,1,8,-1,1,-1
2015950000570,1,19,0,18,0,1,0,0,0,0,1,1,2,1,27,6,1753,2,11,-1,1,-1
2015950000570,2,9,0,9,0,1,0,0,0,0,2,1,1,1,62,9,1910,2,7,-1,1,-1
2015950000571,1,9,0,18,8,0,0,0,0,0,1,1,2,1,32,6,-1,-1,-1,-1,-1,-1
2015950000571,2,9,0,18,0,0,0,0,0,0,2,1,6,1,33,6,1560,2,4,-1,1,-1
2015950000582,1,19,0,14,0,1,0,0,0,0,4,1,6,3,-1,-1,-1,-1,-1,-1,-1,-1
2015950000586,1,11,0,9,0,1,0,0,0,0,0,1,1,1,29,6,4760,2,1,-1,1,-1
2015950000588,1,9,0,5,0,1,0,0,0,0,3,1,6,2,67,10,1598,1,11,-1,1,-1
2015950000589,1,1,0,9,0,8,0,0,0,0,1,1,6,2,19,4,-1,-1,-1,-1,1,-1
2015950000589,2,9,0,18,0,8,0,0,0,0,1,1,6,1,52,8,1598,1,5,-1,1,-1
2015950000590,1,9,0,18,0,2,0,0,0,0,1,1,2,1,45,7,1997,2,2,-1,1,-1
2015950000592,1,9,0,16,0,0,0,0,1,0,1,1,6,2,23,5,1349,1,7,-1,1,-1
2015950000592,2,9,0,18,0,0,0,0,7,0,1,1,6,2,43,7,-1,-1,-1,-1,1,-1
2015950000597,1,11,0,5,0,1,0,0,0,0,0,1,1,1,51,8,4500,2,4,-1,1,-1
2015950000602,1,9,0,9,0,3,0,0,1,0,1,1,6,2,28,6,1240,1,10,-1,-1,-1
2015950000610,1,9,0,14,0,8,0,0,0,0,4,1,6,3,-1,-1,-1,-1,-1,-1,-1,-1
2015950000610,2,1,5,18,0,8,5,0,0,0,3,1,6,1,43,7,-1,-1,-1,-1,1,-1
2015950000611,1,11,0,18,0,8,0,0,0,0,0,1,1,1,45,7,9360,2,7,-1,1,-1
2015950000616,1,9,0,18,0,0,0,0,0,0,1,1,6,1,29,6,1397,1,13,-1,-1,-1
2015950000617,1,19,0,11,0,1,0,0,0,0,1,1,6,1,55,8,2998,2,7,-1,1,-1
2015950000617,2,9,0,18,0,1,0,0,0,0,2,1,6,2,57,9,1753,2,8,-1,-1,-1
2015950000617,3,9,0,18,0,1,0,0,0,0,3,1,2,1,34,6,998,1,2,-1,-1,-1
2015950000618,1,1,0,18,0,0,0,0,0,0,1,1,6,1,41,7,-1,-1,-1,-1,1,-1
2015950000619,1,9,0,18,0,0,0,0,0,0,1,1,6,3,-1,-1,-1,-1,-1,-1,-1,-1
2015950000625,1,9,0,9,0,1,0,0,0,0,2,1,6,1,84,11,-1,-1,-1,-1,1,-1
2015950000625,2,9,0,18,0,1,0,0,0,0,1,1,2,1,40,7,-1,-1,-1,-1,1,-1
2015950000625,3,9,0,4,0,1,0,0,0,0,1,1,2,2,35,6,-1,-1,-1,-1,1,-1
2015950000627,1,9,0,5,0,2,0,0,0,0,1,1,6,1,35,6,1590,1,14,-1,1,-1
2015950000627,2,1,0,18,0,8,0,0,0,0,1,1,2,1,47,8,-1,-1,-1,-1,1,-1
2015950000628,1,3,0,13,0,0,1,0,0,0,4,1,6,1,32,6,125,1,2,-1,1,-1
2015950000630,1,9,0,18,0,1,0,0,0,0,1,1,6,1,60,9,2477,2,8,-1,3,-1
2015950000630,2,11,0,3,0,1,0,0,0,0,2,1,6,1,44,7,4250,2,5,-1,1,-1
2015950000631,1,9,0,9,0,8,0,0,0,0,3,1,6,2,45,7,1796,1,8,-1,2,-1
2015950000631,2,1,0,7,0,1,0,0,0,0,2,1,6,1,51,8,-1,-1,-1,-1,3,-1
2015950000632,1,9,0,18,0,0,0,0,1,1,1,1,2,1,31,6,1061,1,12,-1,1,-1
2015950000633,1,9,0,18,0,1,0,10,1,5,1,1,6,2,72,10,1198,1,1,-1,3,-1
2015950000635,1,90,0,16,0,0,5,0,7,3,3,1,1,1,46,8,8970,2,8,-1,2,-1
2015950000636,1,9,0,7,0,8,0,0,1,11,1,1,6,1,28,6,-1,-1,-1,-1,2,-1
2015950000641,1,1,0,18,0,2,0,0,0,0,1,1,6,1,31,6,-1,-1,-1,-1,1,-1
2015950000641,2,9,0,10,0,1,0,0,0,0,1,1,6,1,34,6,1000,1,15,-1,1,-1
2015950000642,1,9,0,4,0,1,0,0,0,0,3,1,1,1,29,6,1968,2,2,-1,3,-1
2015950000642,2,9,0,18,0,1,0,0,0,0,1,1,6,1,35,6,1461,2,2,-1,2,-1
2015950000643,1,9,0,9,0,8,0,0,0,0,3,1,2,1,49,8,1242,1,1,-1,2,-1
2015950000643,2,9,0,18,0,1,0,0,0,0,1,1,6,1,67,10,1910,2,7,-1,-1,-1
2015950000644,1,9,0,9,0,2,0,0,0,0,3,1,6,1,73,10,1590,1,12,-1,1,-1
2015950000645,1,9,0,18,0,1,0,0,0,0,3,1,6,1,30,6,1968,2,3,-1,1,-1
2015950000646,1,19,0,9,0,8,0,0,0,0,4,1,6,1,-1,-1,-1,-1,-1,-1,-1,-1
2015950000646,2,1,0,18,0,8,0,0,0,0,1,1,6,1,51,8,-1,-1,-1,-1,1,-1
2015950000647,1,9,0,4,0,1,0,0,0,0,4,1,6,1,30,6,1560,2,3,-1,1,-1
2015950000648,1,9,0,18,0,0,0,0,0,0,1,1,6,2,74,10,1242,1,4,-1,1,-1
2015950000648,2,19,0,18,0,0,0,0,0,0,1,1,6,1,44,7,2402,2,8,-1,1,-1
2015950000649,1,11,0,4,0,1,0,0,0,0,4,1,1,1,33,6,9360,2,7,-1,2,-1
2015950000650,1,9,0,6,0,0,0,0,0,0,4,1,6,1,40,7,-1,-1,-1,-1,1,-1
2015950000650,2,9,0,18,0,0,0,0,0,0,1,1,6,1,72,10,-1,-1,-1,-1,1,-1
2015950000652,1,1,0,18,0,1,0,0,0,0,4,1,6,1,37,7,-1,-1,-1,-1,3,-1
2015950000652,2,9,0,18,0,6,0,0,0,0,3,1,2,1,20,4,1242,1,9,-1,3,-1
2015950000654,1,19,0,13,0,0,0,0,7,9,1,1,6,1,54,8,1686,2,4,-1,3,-1
2015950000654,2,9,0,18,0,0,0,0,0,0,3,1,6,2,23,5,1598,1,13,-1,3,-1
2015950000655,1,9,0,18,0,0,0,0,7,0,1,1,6,2,66,10,1199,1,12,-1,1,-1
2015950000655,2,4,0,18,0,0,0,0,1,0,1,1,6,1,49,8,1215,1,2,-1,1,-1
2015950000656,1,9,0,18,0,0,0,0,0,0,1,1,6,3,-1,-1,-1,-1,-1,-1,-1,-1
2015950000657,1,9,0,18,0,0,0,0,0,0,0,1,1,1,80,11,1329,1,6,-1,1,-1
2015950000657,2,11,0,18,0,0,0,0,0,0,1,1,6,2,44,7,6700,2,2,-1,2,-1
2015950000657,3,9,0,3,0,0,0,0,0,0,3,1,6,1,53,8,1598,1,9,-1,1,-1
2015950000657,4,90,0,5,0,0,0,0,0,0,1,1,1,1,56,9,9290,2,4,-1,1,-1
2015950000681,1,9,0,1,0,1,0,0,0,0,2,1,2,1,27,6,1998,1,6,-1,2,-1
2015950000688,1,9,0,16,0,0,0,0,7,0,1,1,2,2,44,7,1390,1,10,-1,2,-1
2015950000689,1,9,0,18,0,1,0,0,0,0,1,1,1,1,-1,-1,3997,2,8,-1,1,-1
2015950000697,1,9,0,18,0,0,0,0,0,0,1,1,6,3,-1,-1,-1,-1,-1,-1,-1,-1
2015950000697,2,1,0,18,0,0,0,0,0,0,1,1,6,1,33,6,-1,-1,-1,-1,3,-1
2015950000698,1,9,0,7,0,1,0,0,0,0,1,1,6,1,86,11,1560,2,5,-1,1,-1
2015950000698,2,19,0,18,0,1,0,0,0,0,1,1,6,1,19,4,2198,2,6,-1,1,-1
2015950000699,1,19,0,18,0,0,0,0,0,0,1,1,1,1,53,8,2148,2,6,-1,1,-1
2015950000699,2,9,0,4,0,0,0,0,0,0,2,1,2,2,24,5,1388,1,13,-1,1,-1
2015950000701,1,11,0,18,0,1,0,0,0,0,1,1,1,1,58,9,9000,2,10,-1,1,-1
2015950000701,2,9,0,18,0,1,0,0,0,0,2,1,6,1,45,7,2993,2,1,-1,1,-1
2015950000705,1,9,0,9,0,2,0,0,0,0,3,1,2,1,54,8,1390,1,10,-1,1,-1
2015950000708,1,9,0,18,0,1,0,0,0,0,1,1,2,2,45,7,-1,-1,-1,-1,1,-1
2015950000708,2,9,0,9,0,1,0,0,0,0,2,1,6,2,21,5,1229,1,7,-1,1,-1