Accident_Index,Vehicle_Reference,Vehicle_Type,Towing_and_Articulation,Vehicle_Manoeuvre,Vehicle_Location-Restricted_Lane,Junction_Location,Skidding_and_Overturning,Hit_Object_in_Carriageway,Vehicle_Leaving_Carriageway,Hit_Object_off_Carriageway,1st_Point_of_Impact,Was_Vehicle_Left_Hand_Drive?,Journey_Purpose_of_Driver,Sex_of_Driver,Age_of_Driver,Age_Band_of_Driver,Engine_Capacity_(CC),Propulsion_Code,Age_of_Vehicle,Driver_IMD_Decile,Driver_Home_Area_Type,Vehicle_IMD_Decile
2015950001203,3,9,0,16,0,0,0,0,0,0,1,1,6,1,20,4,1596,1,5,-1,2,-1
2015950001203,4,9,0,16,0,0,0,0,0,0,1,1,6,1,21,5,1995,1,12,-1,1,-1
2015950001204,1,9,0,18,0,0,0,0,0,0,1,1,6,1,68,10,1339,1,8,-1,1,-1
2015950001228,1,9,0,18,0,0,0,0,0,0,1,1,6,1,77,11,-1,-1,-1,-1,3,-1
2015950001229,1,4,0,17,0,0,5,10,1,9,1,1,6,1,47,8,675,1,1,-1,1,-1
2015950001230,1,9,0,18,0,4,0,0,0,0,1,1,6,1,54,8,1560,2,9,-1,2,-1
2015950001230,2,9,0,4,0,4,0,0,0,0,2,1,6,2,59,9,1124,1,14,-1,3,-1
2015950001247,1,9,0,18,0,1,0,0,2,10,4,1,2,2,24,5,1242,1,14,-1,1,-1
2015950001250,1,9,0,18,0,0,1,0,5,0,1,1,6,2,22,5,1499,1,-1,-1,1,-1
2015950001250,2,9,0,18,0,0,0,0,0,0,1,1,6,1,47,8,2191,2,2,-1,1,-1
2015950001250,3,9,0,18,0,0,0,0,0,0,1,1,6,1,25,5,1986,2,8,-1,1,-1
2015950001250,4,9,0,18,0,0,0,0,0,0,1,1,6,1,39,7,1560,2,2,-1,1,-1
2015950001250,5,9,0,18,0,0,0,0,0,0,1,1,6,1,55,8,1910,2,6,-1,1,-1
2015950001251,1,1,0,18,2,0,0,0,1,0,3,1,2,2,19,4,-1,-1,-1,-1,1,-1
2015950001251,2,11,0,18,2,0,0,0,0,0,1,1,1,1,50,8,6696,2,2,-1,2,-1
2015950001252,1,8,0,5,0,8,0,0,0,0,1,1,1,1,66,10,2664,2,15,-1,1,-1
2015950001252,2,9,0,18,0,8,0,0,0,0,4,1,6,1,34,6,1461,2,2,-1,1,-1
2015950001253,1,9,0,15,2,1,0,0,0,0,4,1,6,1,62,9,1781,1,17,-1,1,-1
2015950001254,1,9,0,18,0,0,0,0,7,11,4,1,6,1,18,4,1587,1,8,-1,3,-1
2015950001255,1,9,0,18,0,1,0,0,0,0,2,1,6,3,-1,-1,-1,-1,-1,-1,-1,-1
2015950001255,2,9,0,4,0,1,0,0,0,0,2,1,6,2,55,8,1596,1,2,-1,3,-1
2015950001256,1,9,0,18,0,1,0,0,0,0,1,1,2,2,48,8,1242,1,3,-1,1,-1
2015950001264,1,9,0,18,0,0,0,0,0,0,1,1,1,1,58,9,1997,2,4,-1,3,-1
2015950001264,2,9,0,2,0,0,0,0,0,0,2,1,6,3,-1,-1,1951,2,14,-1,-1,-1
2015950001272,1,9,0,18,0,0,0,0,0,0,1,1,6,1,83,11,-1,-1,-1,-1,2,-1
2015950001272,2,9,0,4,0,0,0,0,0,0,2,1,6,2,42,7,1598,1,7,-1,1,-1
2015950001273,1,9,0,7,0,8,0,0,0,0,1,1,6,2,46,8,1390,1,11,-1,2,-1
2015950001273,2,9,0,4,0,2,0,0,0,0,2,1,6,1,38,7,-1,-1,-1,-1,3,-1
2015950001273,3,9,0,3,0,2,0,0,0,0,2,1,6,2,65,9,1242,1,1,-1,2,-1
2015950001278,1,19,0,11,0,0,0,0,0,0,4,1,1,1,44,7,2198,2,4,-1,1,-1
2015950001278,2,1,0,12,0,0,0,0,0,0,3,1,1,1,30,6,-1,-1,-1,-1,1,-1
2015950001285,1,9,0,18,0,0,0,0,0,0,1,1,6,2,21,5,1242,1,1,-1,1,-1
2015950001285,2,9,0,3,0,0,0,0,0,0,2,1,6,1,55,8,1968,2,3,-1,1,-1
2015950001285,3,9,0,3,0,0,0,0,0,0,2,1,2,2,45,7,1299,1,13,-1,1,-1
2015950001285,4,9,0,3,0,0,0,0,0,0,2,1,6,1,34,6,1968,2,3,-1,-1,-1
2015950001286,1,9,0,4,0,0,0,0,0,0,4,1,6,3,-1,-1,1386,1,2,-1,-1,-1
2015950001288,1,19,0,1,0,0,0,0,0,0,2,1,1,1,52,8,2477,2,1,-1,2,-1
2015950001290,1,9,0,6,0,0,0,0,0,0,2,1,6,2,81,11,1587,1,8,-1,1,-1
2015950001290,2,9,0,18,0,0,0,0,0,0,1,1,1,1,28,6,1368,1,4,-1,2,-1
2015950001291,1,9,0,14,0,2,0,0,0,0,1,1,6,1,75,10,1998,1,9,-1,2,-1
2015950001291,2,9,0,2,0,2,0,0,1,0,1,2,6,3,-1,-1,998,1,-1,-1,-1,-1
2015950001292,1,11,0,5,2,1,0,0,0,0,0,1,1,2,61,9,7300,2,9,-1,1,-1
2015950001295,1,19,0,18,0,1,0,0,0,0,4,1,6,1,33,6,2477,2,-1,-1,1,-1
2015950001295,2,1,0,18,0,1,0,0,0,0,3,1,6,1,28,6,-1,-1,-1,-1,1,-1
2015950001296,1,9,0,9,0,8,0,0,0,0,1,1,6,2,21,5,2000,2,4,-1,1,-1
2015950001317,1,9,0,17,0,0,0,0,1,11,4,1,6,1,35,6,-1,-1,-1,-1,1,-1
2015950001329,1,1,0,18,0,3,0,0,0,0,1,1,6,1,43,7,-1,-1,-1,-1,1,-1
2015950001329,2,9,0,7,0,3,0,0,0,0,1,1,6,2,36,7,1686,2,10,-1,1,-1
2015950001330,1,1,0,18,0,2,0,0,0,0,3,1,6,2,22,5,-1,-1,-1,-1,1,-1
2015950001330,2,9,0,9,0,1,0,0,0,0,3,1,6,1,51,8,1560,2,1,-1,1,-1
2015950001331,1,9,0,2,0,2,0,0,0,0,0,1,2,3,-1,-1,1591,1,2,-1,-1,-1
2015950001331,2,1,0,14,0,2,0,0,0,0,0,1,6,1,44,7,-1,-1,-1,-1,1,-1
2015950001332,1,19,0,5,0,0,0,0,0,0,3,1,6,3,-1,-1,2287,2,6,-1,-1,-1
2015950001332,2,9,0,2,0,0,0,0,0,0,3,1,6,3,-1,-1,1149,1,11,-1,-1,-1
2015950001334,1,9,0,16,0,0,0,0,0,0,4,1,6,1,22,5,1198,1,8,-1,3,-1
2015950001334,2,9,0,18,0,0,0,0,0,0,1,1,2,1,20,4,1598,2,3,-1,3,-1
2015950001335,1,11,0,18,0,0,0,0,0,0,4,1,6,1,52,8,9360,2,4,-1,1,-1
2015950001336,1,11,0,13,0,1,0,0,0,0,4,1,1,1,38,7,4760,2,2,-1,1,-1
2015950001336,2,1,0,12,0,1,0,0,0,0,3,1,6,2,22,5,-1,-1,-1,-1,-1,-1
2015950001337,1,3,0,18,0,2,1,0,0,0,1,1,2,2,44,7,125,1,-1,-1,1,-1
2015950001338,1,8,0,18,0,2,0,0,0,0,0,1,6,3,-1,-1,-1,-1,-1,-1,-1,-1
2015950001338,2,9,0,4,1,8,0,0,0,0,0,1,1,1,43,7,-1,-1,-1,-1,-1,-1
2015950001339,1,9,0,7,0,8,0,0,0,0,4,2,6,2,33,6,-1,-1,-1,-1,-1,-1
2015950001339,2,1,0,18,0,8,0,0,0,0,3,1,6,2,42,7,-1,-1,-1,-1,1,-1
2015950001340,1,9,0,18,0,0,0,0,1,7,1,1,6,1,22,5,3000,2,20,-1,-1,-1
2015950001344,1,9,0,18,0,0,1,0,4,6,1,1,2,2,40,7,-1,-1,-1,-1,1,-1
2015950001345,1,9,0,14,0,0,0,0,0,0,1,1,6,1,19,4,1968,2,4,-1,2,-1
2015950001345,2,9,0,3,0,0,0,0,0,0,0,1,6,2,39,7,1686,2,3,-1,2,-1
2015950001345,3,11,0,3,0,0,0,0,0,0,0,1,1,1,63,9,5883,2,13,-1,1,-1
2015950001346,1,9,0,4,0,0,0,0,0,0,1,1,6,2,40,7,1242,1,5,-1,2,-1
2015950001346,2,9,0,3,0,0,0,0,0,0,2,1,6,1,43,7,1796,1,7,-1,1,-1
2015950001346,3,9,0,18,0,0,0,0,0,0,1,1,6,1,29,6,1598,1,2,-1,3,-1
2015950001347,1,9,0,16,0,1,0,0,0,0,1,1,6,1,16,4,1396,1,12,-1,3,-1
2015950001347,2,9,0,17,0,1,0,0,7,11,1,1,6,1,26,6,1991,1,22,-1,2,-1
2015950001348,1,9,0,5,0,8,0,0,0,0,4,1,6,3,-1,-1,-1,-1,-1,-1,-1,-1
2015950001354,1,11,0,18,0,1,0,0,0,0,4,1,1,1,50,8,9360,2,7,-1,1,-1
2015950001375,1,9,0,5,0,1,0,0,0,0,1,1,1,1,21,5,1956,2,2,-1,1,-1
2015950001375,2,9,0,18,0,1,0,0,0,0,1,1,6,2,37,7,1997,2,13,-1,2,-1
2015950001377,1,9,0,18,0,1,0,0,0,0,1,1,6,1,40,7,1896,2,8,-1,1,-1
2015950001377,2,9,0,4,0,1,0,0,0,0,2,1,6,2,21,5,1582,2,2,-1,1,-1
2015950001437,1,9,0,17,0,0,1,0,1,11,1,1,6,2,64,9,1598,1,12,-1,1,-1
2015950001438,1,9,0,18,0,0,0,0,5,6,3,1,6,2,30,6,1598,1,10,-1,1,-1
2015950001438,2,9,0,18,0,0,0,0,2,7,3,1,6,1,34,6,-1,-1,-1,-1,1,-1
2015950001440,1,9,0,18,0,0,0,0,0,0,1,1,6,2,55,8,-1,-1,-1,-1,1,-1
2015950001440,2,9,0,4,0,0,0,0,0,0,2,1,1,2,24,5,1598,1,5,-1,1,-1
2015950001440,3,9,0,3,0,0,0,0,0,0,2,1,1,1,64,9,1422,2,1,-1,2,-1
2015950001455,1,9,0,16,0,0,1,0,1,4,3,1,6,2,44,7,-1,-1,-1,-1,-1,-1
2015950001457,1,9,0,9,0,1,0,0,0,0,0,1,6,3,-1,-1,-1,-1,-1,-1,-1,-1
2015950001457,2,1,0,17,0,1,0,0,0,0,1,1,6,1,47,8,-1,-1,-1,-1,1,-1
2015950001459,1,8,0,9,0,1,0,0,0,0,3,1,1,1,56,9,2143,2,3,-1,3,-1
2015950001459,2,1,0,18,0,1,1,0,0,0,1,1,6,2,44,7,-1,-1,-1,-1,1,-1
2015950001484,1,11,0,5,3,1,0,0,0,0,0,1,6,1,59,9,7300,2,10,-1,1,-1
2015950001503,1,9,0,18,0,0,0,0,0,0,1,1,6,2,43,7,2204,2,7,-1,1,-1
2015950001503,2,9,0,3,0,0,0,0,0,0,2,1,6,2,51,8,1388,1,6,-1,1,-1
2015950001503,3,19,0,3,0,0,0,0,0,0,2,1,1,1,36,7,1995,2,2,-1,2,-1
2015950001510,1,8,0,3,0,1,0,0,0,0,3,1,1,3,-1,-1,-1,-1,-1,-1,-1,-1
2015950001510,2,1,0,18,0,2,0,0,0,0,3,1,6,1,50,8,-1,-1,-1,-1,1,-1
2015950001511,1,9,0,16,0,7,0,0,7,7,1,1,6,2,19,4,1198,1,4,-1,3,-1
2015950001515,1,9,0,4,0,0,0,0,0,0,0,1,1,1,39,7,1968,2,2,-1,1,-1
2015950001515,2,1,0,18,0,0,0,0,0,0,1,1,2,1,34,6,-1,-1,-1,-1,1,-1
2015950001520,1,9,0,17,0,0,0,0,1,11,1,1,6,1,25,5,1796,1,7,-1,1,-1
2015950001520,2,9,0,2,0,0,0,0,0,0,1,1,6,3,-1,-1,1199,1,11,-1,-1,-1
2015950001520,3,9,0,2,0,0,0,4,1,11,1,1,6,3,-1,-1,1248,1,1,-1,-1,-1
2015950001520,4,9,0,2,0,0,0,0,0,0,2,1,6,1,64,9,2401,2,9,-1,-1,-1
2015950001577,1,90,0,18,0,1,0,0,0,0,4,1,6,1,50,8,-1,-1,-1,-1,3,-1
2015950001577,2,9,0,7,0,5,0,0,1,0,1,1,6,1,36,7,1399,2,4,-1,1,-1
2015950001580,1,3,0,18,0,2,0,0,0,0,3,1,6,1,28,6,108,1,1,-1,1,-1
2015950001584,1,1,0,14,0,0,0,4,0,0,1,1,6,1,24,5,-1,-1,-1,-1,1,-1
2015950001584,2,19,0,2,0,0,0,0,0,0,3,1,1,1,46,8,1997,2,11,-1,1,-1
2015950001586,1,21,0,18,0,0,0,0,0,0,1,1,1,1,34,6,11705,2,9,-1,2,-1
2015950001586,2,9,0,2,6,0,0,0,1,0,3,1,6,2,75,10,-1,-1,-1,-1,2,-1
2015950001588,1,11,0,18,0,0,0,0,0,0,0,1,1,1,26,6,7300,2,10,-1,1,-1
2015950001590,1,9,0,7,0,4,0,0,0,0,1,1,6,1,48,8,1229,1,2,-1,1,-1
2015950001590,2,9,0,8,0,4,0,0,0,0,2,1,6,2,37,7,1599,1,7,-1,1,-1
2015950001592,1,19,0,1,0,0,0,0,0,0,2,1,1,1,40,7,2198,2,1,-1,1,-1
2015950001593,1,9,0,18,0,0,0,0,0,0,1,1,6,1,30,6,1998,1,9,-1,1,-1
2015950001593,2,21,1,18,0,0,0,0,0,0,3,1,1,1,35,6,11705,2,6,-1,3,-1
2015950001596,1,9,0,18,0,1,0,0,0,0,4,1,6,2,21,5,998,1,7,-1,1,-1
2015950001610,1,9,0,16,0,0,0,0,4,6,1,1,6,1,21,5,1242,1,7,-1,-1,-1
2015950001611,1,9,0,5,0,0,0,0,0,0,1,1,1,1,52,8,1996,2,9,-1,1,-1
2015950001619,1,9,0,1,0,0,0,0,0,0,2,1,1,1,48,8,1968,2,1,-1,1,-1
2015950001625,1,9,0,16,0,0,5,12,7,0,1,1,6,1,62,9,-1,-1,-1,-1,3,-1
2015950001626,1,9,0,9,0,8,0,0,0,0,1,1,6,1,73,10,-1,-1,-1,-1,1,-1
2015950001626,2,9,0,18,0,1,0,0,0,0,4,1,6,1,51,8,3456,8,3,-1,3,-1
2015950001626,3,9,0,9,0,1,0,0,0,0,1,1,6,2,42,7,2171,2,12,-1,2,-1
2015950001627,1,9,0,18,0,1,5,4,7,11,1,1,6,1,84,11,1598,1,15,-1,1,-1
2015950001627,2,9,0,2,0,2,0,0,0,0,4,1,6,1,31,6,-1,-1,-1,-1,2,-1
2015950001628,1,9,0,9,0,2,0,0,0,0,1,1,6,1,55,8,1598,1,9,-1,1,-1
2015950001629,1,9,0,16,0,0,0,0,2,7,1,1,6,1,18,4,1299,1,13,-1,3,-1
2015950001633,1,21,0,18,0,8,0,0,0,0,1,1,1,1,37,7,12777,2,2,-1,1,-1
2015950001633,2,9,0,9,0,8,0,0,0,0,1,1,1,2,27,6,1199,1,14,-1,1,-1
2015950001637,1,4,0,18,0,1,0,0,0,0,2,1,6,1,24,5,998,1,11,-1,2,-1
2015950001637,2,9,0,9,0,2,0,0,0,0,3,1,6,1,66,10,1598,2,2,-1,2,-1
2015950001638,1,9,0,7,0,8,0,0,0,0,1,1,6,1,23,5,-1,-1,-1,-1,1,-1
2015950001638,2,9,0,9,0,1,0,0,0,0,2,1,6,2,52,8,1339,1,11,-1,1,-1
2015950001638,3,9,0,2,0,2,0,0,0,0,2,1,6,3,-1,-1,1598,2,5,-1,-1,-1
2015950001639,1,9,0,15,0,0,0,0,0,0,1,1,6,1,20,4,-1,-1,-1,-1,3,-1
2015950001639,2,9,0,18,0,0,0,0,0,0,1,1,6,1,32,6,1124,1,11,-1,1,-1
2015950001639,3,19,0,2,0,0,0,0,0,0,2,1,6,3,-1,-1,2402,2,11,-1,-1,-1
2015950001639,4,19,0,2,0,0,0,0,0,0,2,2,6,3,-1,-1,2198,2,7,-1,-1,-1
2015950001654,1,9,0,14,0,0,0,0,0,0,4,1,6,2,53,8,1598,1,3,-1,1,-1
2015950001655,1,19,0,18,0,0,0,0,0,0,1,1,1,1,24,5,1560,2,-1,-1,1,-1
2015950001655,2,9,0,18,0,0,0,0,0,0,2,1,6,2,50,8,1587,1,8,-1,1,-1
2015950001656,1,9,0,18,0,0,0,0,0,0,3,1,6,1,64,9,1242,1,1,-1,3,-1
2015950001656,2,19,0,18,0,0,0,0,0,0,3,1,6,1,44,7,1560,2,6,-1,1,-1
2015950001657,1,4,0,16,0,0,1,0,7,0,4,1,6,1,32,6,675,1,2,-1,1,-1
2015950001658,1,11,0,5,0,1,0,0,0,0,4,1,1,1,60,9,9360,2,7,-1,1,-1
2015950001659,1,3,0,18,0,0,0,4,0,0,4,1,6,1,15,3,124,1,1,-1,-1,-1
2015950001659,2,9,0,2,0,0,0,0,0,0,3,1,6,3,-1,-1,1229,1,3,-1,-1,-1
2015950001662,1,9,0,7,0,8,0,0,0,0,1,1,6,3,-1,-1,-1,-1,-1,-1,-1,-1
2015950001662,2,9,0,18,0,8,0,0,0,0,1,1,6,1,35,6,-1,-1,-1,-1,1,-1
2015950001666,1,9,0,9,0,8,0,0,0,0,0,1,6,1,51,8,1248,2,4,-1,1,-1
2015950001666,2,11,0,18,0,8,0,0,0,0,0,1,1,1,33,6,9360,2,8,-1,1,-1
2015950001685,1,9,0,9,0,8,0,0,0,0,4,1,6,1,66,10,1956,2,3,-1,1,-1
2015950001685,2,1,0,18,0,8,0,0,0,0,1,1,6,1,56,9,-1,-1,-1,-1,1,-1
2015950001687,1,4,0,18,0,0,2,0,0,0,4,1,6,1,30,6,-1,-1,-1,-1,3,-1
2015950001688,1,9,0,17,0,1,0,7,1,11,1,1,6,2,17,4,-1,-1,-1,-1,1,-1
2015950001690,1,9,0,18,0,0,0,0,0,0,1,1,6,1,69,10,1995,1,8,-1,1,-1
2015950001690,2,9,0,18,0,0,0,0,0,0,1,1,6,1,23,5,1998,1,11,-1,1,-1
2015950001691,1,9,0,18,0,0,0,0,0,0,1,1,6,2,54,8,1461,2,1,-1,3,-1
2015950001692,1,9,0,18,0,1,0,0,0,0,1,1,6,1,25,5,1997,1,11,-1,1,-1
2015950001692,2,9,0,5,0,8,0,0,0,0,2,1,6,2,27,6,1198,1,13,-1,1,-1
2015950001692,3,9,0,5,0,2,0,0,0,0,2,1,6,1,67,10,1461,2,2,-1,1,-1
2015950001711,1,4,0,16,0,0,1,0,0,0,1,1,6,1,49,8,847,1,1,-1,2,-1
2015950001711,2,9,0,17,0,0,0,0,0,0,1,1,6,1,74,10,1997,1,-1,-1,3,-1
2015950001713,1,9,0,13,0,0,2,0,1,1,1,1,6,1,18,4,1781,1,13,-1,1,-1
2015950001713,2,9,0,18,0,0,0,0,0,0,1,1,6,2,47,8,1364,1,9,-1,3,-1
2015950001716,1,9,0,4,0,0,0,0,0,0,1,1,2,1,24,5,1896,2,13,-1,1,-1
2015950001716,2,9,0,18,0,0,0,0,0,0,2,1,2,2,24,5,1242,1,10,-1,1,-1
2015950001717,1,11,0,3,2,1,0,0,0,0,0,1,1,1,57,9,7300,2,10,-1,1,-1
2015950001718,1,9,0,18,0,0,0,0,0,0,1,1,6,1,21,5,1198,1,5,-1,1,-1
2015950001718,2,9,0,4,0,0,0,0,0,0,2,1,6,2,46,8,998,1,3,-1,1,-1
2015950001719,1,9,0,12,0,4,0,0,0,0,1,1,6,2,33,6,1396,1,1,-1,1,-1
2015950001719,2,9,0,18,0,4,0,0,0,0,4,1,6,2,18,4,1560,2,3,-1,1,-1
2015950001720,1,9,0,4,0,1,0,0,0,0,1,1,6,1,73,10,1199,1,15,-1,1,-1
2015950001720,2,9,0,3,0,1,0,0,0,0,2,1,6,2,23,5,1000,1,1,-1,1,-1
2015950001726,1,9,0,18,0,8,0,0,0,0,1,1,6,1,33,6,2198,2,8,-1,1,-1
2015950001726,2,8,0,18,0,8,0,0,0,0,3,1,1,1,39,7,2664,2,14,-1,1,-1
2015950001728,1,9,0,13,0,0,0,0,0,0,1,1,6,1,18,4,2960,1,25,-1,2,-1
2015950001728,2,9,0,9,0,0,0,0,7,11,2,1,6,1,26,6,1870,2,4,-1,1,-1
2015950001735,1,19,0,9,0,8,0,0,0,0,1,1,1,1,24,5,2402,2,12,-1,1,-1
2015950001735,2,1,0,18,0,8,0,0,0,0,4,1,6,1,47,8,-1,-1,-1,-1,1,-1
2015950001736,1,9,0,7,0,3,0,0,0,0,3,1,6,3,-1,-1,-1,-1,-1,-1,-1,-1
2015950001736,2,1,0,18,0,8,0,0,0,0,1,1,6,1,33,6,-1,-1,-1,-1,1,-1
2015950001737,1,9,0,18,0,0,0,0,0,0,4,1,6,1,21,5,1388,1,9,-1,3,-1
2015950001738,1,19,0,1,0,1,0,0,0,0,2,1,6,1,26,6,-1,-1,-1,-1,1,-1
2015950001740,1,9,0,18,0,1,0,0,0,0,2,1,6,2,33,6,1595,1,9,-1,1,-1
2015950001740,2,19,0,18,0,1,0,0,0,0,1,1,1,1,52,8,2198,2,7,-1,3,-1
2015950001741,1,3,0,18,0,1,0,0,0,0,1,1,6,1,22,5,-1,-1,-1,-1,1,-1
2015950001741,2,19,0,18,0,1,0,0,0,0,2,1,6,2,24,5,2488,2,8,-1,1,-1
2015950001742,1,19,0,16,0,0,0,0,0,0,1,1,6,1,30,6,2500,2,16,-1,1,-1
2015950001742,2,9,0,18,0,0,0,0,0,0,1,1,6,2,57,9,1461,2,3,-1,1,-1
2015950001743,1,9,0,7,0,1,0,0,0,0,1,1,6,2,25,5,1368,1,4,-1,1,-1
2015950001743,2,9,0,18,0,1,0,0,0,0,1,1,6,2,28,6,1598,1,12,-1,3,-1
2015950001744,1,9,0,4,0,0,0,0,0,0,1,1,6,1,30,6,-1,-1,-1,-1,2,-1
2015950001744,2,9,0,3,0,0,0,0,0,0,2,1,2,1,38,7,1596,1,5,-1,2,-1
2015950001744,3,9,0,18,0,0,0,0,0,0,2,1,6,1,34,6,-1,-1,-1,-1,2,-1
2015950001744,4,9,0,18,0,0,0,0,0,0,2,1,6,2,44,7,-1,-1,-1,-1,1,-1
2015950001745,1,9,0,18,0,1,0,0,0,0,0,1,2,2,28,6,1198,1,8,-1,1,-1
2015950001745,2,1,0,18,0,1,0,0,0,0,2,1,2,2,43,7,-1,-1,-1,-1,3,-1
2015950001758,1,9,0,18,0,0,0,7,0,0,1,1,1,1,34,6,1896,2,7,-1,1,-1
2015950001758,2,9,0,18,0,0,0,7,0,0,1,1,6,2,27,6,1149,1,12,-1,3,-1
2015950001759,1,9,0,18,0,2,0,0,3,11,1,1,6,1,36,7,1598,2,4,-1,1,-1
2015950001760,1,9,0,1,0,0,0,0,0,0,2,1,1,1,61,9,1598,1,6,-1,2,-1
2015950001760,2,2,0,3,0,0,0,0,0,0,1,1,6,1,49,8,124,1,11,-1,3,-1
2015950001761,1,9,0,18,0,0,2,0,7,4,1,1,2,2,22,5,1149,1,12,-1,1,-1
2015950001762,1,9,0,18,0,0,0,0,0,0,1,1,6,2,18,4,1242,1,6,-1,1,-1
2015950001762,2,9,0,3,0,0,0,0,0,0,2,1,6,1,29,6,1596,1,13,-1,1,-1
2015950001762,3,9,0,3,0,0,0,0,0,0,2,1,6,2,30,6,1587,1,9,-1,1,-1
2015950001763,1,1,0,18,0,8,0,0,0,0,1,1,6,1,9,2,-1,-1,-1,-1,2,-1
2015950001763,2,9,0,7,0,2,0,0,0,0,3,1,6,1,28,6,1956,2,5,-1,2,-1
2015950001764,1,9,0,18,0,0,0,0,0,0,1,1,6,1,51,8,1968,2,3,-1,2,-1
2015950001764,2,10,0,5,0,0,0,0,0,0,2,1,6,1,62,9,-1,-1,-1,-1,1,-1
2015950001765,1,9,0,16,0,0,2,0,1,4,1,1,6,1,18,4,-1,-1,-1,-1,3,-1
2015950001766,1,9,0,18,0,0,2,0,7,11,1,1,6,2,25,5,1995,2,13,-1,3,-1
2015950001767,1,9,0,18,0,0,2,0,1,11,1,1,6,1,22,5,-1,-1,-1,-1,3,-1
2015950001769,1,9,0,18,0,4,5,9,3,0,1,1,6,1,19,4,1149,1,12,-1,1,-1
2015950001770,1,9,0,18,0,0,0,0,1,7,4,1,6,1,43,7,2179,2,3,-1,1,-1
2015950001772,1,9,0,17,0,0,0,0,1,11,3,1,6,2,37,7,1399,1,7,-1,1,-1
2015950001777,1,9,0,7,0,3,0,0,0,0,3,2,6,1,44,7,-1,-1,-1,-1,-1,-1
2015950001777,2,10,0,18,0,3,0,0,0,0,4,1,6,2,50,8,-1,-1,-1,-1,1,-1
2015950001781,1,9,0,9,0,6,0,0,0,0,1,1,6,2,38,7,1560,2,2,-1,1,-1
2015950001781,2,1,0,18,0,8,0,0,0,0,4,1,6,1,29,6,-1,-1,-1,-1,1,-1
2015950001782,1,9,0,14,0,1,0,0,0,0,1,1,6,1,44,7,2521,1,5,-1,1,-1
2015950001783,1,9,0,14,0,0,0,0,0,0,4,1,6,3,-1,-1,1896,2,13,-1,-1,-1
2015950001783,2,9,0,2,0,0,0,0,1,0,3,1,6,2,24,5,1796,1,6,-1,1,-1
2015950001796,1,9,0,9,0,8,0,0,0,0,4,1,2,1,61,9,1461,2,4,-1,1,-1
2015950001796,2,1,0,18,0,1,0,0,0,0,1,1,6,1,53,8,-1,-1,-1,-1,1,-1
2015950001802,1,9,0,18,0,0,0,0,0,0,1,1,6,1,85,11,1598,1,7,-1,1,-1
2015950001803,1,11,0,18,0,0,0,0,0,0,4,1,6,1,-1,-1,-1,-1,-1,-1,-1,-1
2015950001810,1,9,0,18,0,2,0,0,0,0,4,1,6,2,37,7,-1,-1,-1,-1,1,-1
2015950001811,1,1,0,18,0,1,0,0,0,0,1,1,6,1,58,9,-1,-1,-1,-1,1,-1
2015950001811,2,19,0,2,6,1,0,0,0,0,2,1,6,3,-1,-1,-1,-1,-1,-1,-1,-1
2015950001813,1,9,0,18,0,0,0,0,0,0,1,1,6,1,29,6,1497,8,2,-1,1,-1
2015950001813,2,9,0,9,0,0,0,0,0,0,2,1,6,2,33,6,1242,1,3,-1,1,-1
2015950001824,1,4,0,17,0,0,0,0,1,0,4,1,6,1,60,9,998,1,13,-1,1,-1
2015950001825,1,9,0,2,0,1,0,0,0,0,0,1,6,1,78,11,1995,2,10,-1,-1,-1
2015950001825,2,1,0,14,0,1,0,0,0,0,4,1,6,2,37,7,-1,-1,-1,-1,1,-1
2015950001826,1,9,0,8,0,1,0,0,0,0,1,1,6,2,-1,-1,1781,1,14,-1,-1,-1
2015950001826,2,9,0,7,0,1,0,0,0,0,2,1,6,1,23,5,1598,2,4,-1,1,-1
2015950001827,1,9,0,5,0,1,0,0,0,0,4,1,6,1,19,4,-1,-1,-1,-1,2,-1
2015950001828,1,9,0,18,0,0,0,0,0,0,1,1,2,1,23,5,1796,1,6,-1,1,-1
2015950001828,2,9,0,18,0,0,0,0,0,0,1,1,2,1,39,7,1753,2,5,-1,3,-1
2015950001828,3,9,0,18,0,0,0,0,0,0,2,1,2,2,50,8,1968,2,1,-1,3,-1
2015950001830,1,1,0,18,0,2,0,0,0,0,3,1,6,1,61,9,-1,-1,-1,-1,-1,-1
2015950001831,1,1,0,18,4,8,0,0,0,0,1,1,6,1,36,7,-1,-1,-1,-1,1,-1
2015950001834,1,19,0,18,0,0,0,0,0,0,4,1,1,1,55,8,2198,2,2,-1,1,-1
2015950001836,1,90,0,9,0,8,0,0,0,0,1,1,1,1,33,6,9200,2,8,-1,1,-1
2015950001836,2,1,0,18,0,1,0,0,0,0,1,1,6,1,26,6,-1,-1,-1,-1,1,-1
2015950001837,1,9,0,9,0,2,0,4,7,0,4,1,6,1,26,6,3000,2,6,-1,1,-1
2015950001837,2,9,0,2,0,2,0,0,0,0,1,1,6,3,-1,-1,-1,-1,-1,-1,-1,-1
2015950001838,1,9,0,13,0,0,0,0,0,0,1,1,6,1,47,8,1490,1,6,-1,1,-1
2015950001839,1,9,0,5,0,4,0,0,0,0,1,1,6,1,54,8,1598,1,2,-1,1,-1