Accident_Index,Vehicle_Reference,Vehicle_Type,Towing_and_Articulation,Vehicle_Manoeuvre,Vehicle_Location-Restricted_Lane,Junction_Location,Skidding_and_Overturning,Hit_Object_in_Carriageway,Vehicle_Leaving_Carriageway,Hit_Object_off_Carriageway,1st_Point_of_Impact,Was_Vehicle_Left_Hand_Drive?,Journey_Purpose_of_Driver,Sex_of_Driver,Age_of_Driver,Age_Band_of_Driver,Engine_Capacity_(CC),Propulsion_Code,Age_of_Vehicle,Driver_IMD_Decile,Driver_Home_Area_Type,Vehicle_IMD_Decile
2015950001839,2,3,0,18,0,8,0,0,0,0,4,1,6,1,34,6,124,1,3,-1,2,-1
2015950001840,1,19,2,6,0,0,0,0,0,0,3,1,6,1,38,7,1248,2,1,-1,3,-1
2015950001840,2,9,0,18,0,0,0,0,0,0,4,1,6,1,23,5,1598,1,6,-1,1,-1
2015950001841,1,9,0,18,0,4,5,9,0,0,1,1,6,1,33,6,1242,1,15,-1,-1,-1
2015950001842,1,9,0,14,0,0,0,0,0,0,2,1,6,2,78,11,1242,1,4,-1,1,-1
2015950001843,1,8,0,18,0,8,0,0,0,0,4,1,1,3,24,5,-1,-1,-1,-1,-1,-1
2015950001844,1,9,0,18,0,1,0,0,0,0,3,1,2,2,38,7,1598,1,7,-1,2,-1
2015950001845,1,4,0,18,0,0,0,0,0,0,1,1,6,1,23,5,599,1,6,-1,2,-1
2015950001845,2,9,0,9,0,0,0,0,0,0,3,1,6,1,33,6,3227,2,14,-1,2,-1
2015950001854,1,9,0,16,0,0,1,0,7,9,1,1,6,1,32,6,1399,1,10,-1,3,-1
2015950001856,1,9,0,7,0,2,0,0,0,0,2,1,6,2,75,10,1242,1,4,-1,1,-1
2015950001856,2,4,0,18,0,2,0,0,0,0,1,1,6,1,26,6,599,1,9,-1,1,-1
2015950001861,1,9,0,18,0,0,0,4,0,0,1,1,6,2,41,7,1598,1,-1,-1,1,-1
2015950001861,2,9,0,2,0,0,0,0,0,0,2,1,6,3,-1,-1,1999,1,3,-1,-1,-1
2015950001862,1,9,0,9,0,8,0,0,0,0,1,1,2,1,62,9,1587,1,12,-1,1,-1
2015950001862,2,1,0,10,0,8,0,0,0,0,2,1,6,2,36,7,-1,-1,-1,-1,1,-1
2015950001864,1,9,0,18,0,1,0,0,0,0,1,1,6,1,72,10,1798,1,4,-1,1,-1
2015950001864,2,9,0,3,0,1,0,0,1,10,2,1,6,2,37,7,2231,2,3,-1,2,-1
2015950001865,1,2,0,18,0,3,0,0,1,0,1,1,6,1,59,9,49,1,6,-1,1,-1
2015950001865,2,19,0,3,0,1,0,0,0,0,3,1,1,1,57,9,1686,2,13,-1,1,-1
2015950001872,1,3,0,18,0,4,0,9,3,0,1,1,6,1,51,8,100,1,11,-1,1,-1
2015950001876,1,19,0,3,0,1,0,0,0,0,3,1,1,1,52,8,1598,2,2,-1,1,-1
2015950001876,2,1,0,14,0,1,0,8,0,0,1,1,2,1,38,7,-1,-1,-1,-1,1,-1
2015950001877,1,9,0,1,0,0,0,0,0,0,2,1,6,1,49,8,1794,1,10,-1,1,-1
2015950001879,1,9,0,18,0,0,0,0,0,0,1,1,6,3,-1,-1,1229,1,6,-1,-1,-1
2015950001879,2,1,0,18,0,0,0,0,0,0,3,1,6,1,33,6,-1,-1,-1,-1,1,-1
2015950001881,1,11,0,5,0,1,0,0,0,0,1,1,1,1,-1,-1,-1,-1,-1,-1,-1,-1
2015950001881,2,9,0,3,0,1,0,0,0,0,2,1,6,2,25,5,1598,1,13,-1,1,-1
2015950001882,1,1,0,18,0,0,0,0,1,9,3,1,6,2,48,8,-1,-1,-1,-1,1,-1
2015950001882,2,9,0,17,0,0,0,0,0,0,4,1,6,2,78,11,1242,1,4,-1,3,-1
2015950001883,1,9,0,18,0,0,0,0,0,0,1,1,1,2,48,8,1398,1,2,-1,2,-1
2015950001884,1,9,0,13,0,0,0,0,0,0,3,1,2,1,51,8,1198,1,1,-1,-1,-1
2015950001884,2,1,0,18,0,0,0,0,0,0,3,1,2,1,46,8,-1,-1,-1,-1,3,-1
2015950001892,1,9,0,5,0,4,0,0,0,0,1,1,6,1,38,7,1364,1,2,-1,2,-1
2015950001892,2,1,0,18,0,3,0,0,0,0,2,1,6,2,51,8,-1,-1,-1,-1,1,-1
2015950001897,1,8,0,6,0,0,0,0,7,0,3,1,1,1,60,9,2499,2,4,-1,3,-1
2015950001897,2,21,0,-1,0,0,0,0,0,0,0,1,1,1,60,9,9200,2,4,-1,3,-1
2015950001898,1,9,0,18,0,0,5,10,0,0,1,1,6,1,37,7,1392,1,16,-1,1,-1
2015950001907,1,9,0,18,0,0,0,0,0,0,1,1,6,1,80,11,1596,1,10,-1,1,-1
2015950001907,2,19,0,6,0,0,0,0,0,0,2,1,6,1,25,5,-1,-1,-1,-1,1,-1
2015950001938,1,9,0,9,0,1,0,0,0,0,1,1,6,2,54,8,1598,1,7,-1,3,-1
2015950001938,2,4,0,18,2,1,0,0,0,0,1,1,2,1,44,7,1261,1,4,-1,2,-1
2015950001939,1,9,0,4,0,0,0,0,0,0,2,1,6,2,35,6,1956,2,6,-1,1,-1
2015950001939,2,9,0,18,0,0,0,0,0,0,1,1,6,1,29,6,2997,1,17,-1,1,-1
2015950001939,3,9,0,18,0,0,0,0,0,0,1,1,6,1,47,8,1364,1,8,-1,1,-1
2015950001942,1,9,0,18,0,1,0,0,0,0,4,1,6,2,59,9,-1,-1,-1,-1,-1,-1
2015950001972,1,19,0,17,0,0,5,0,7,11,1,1,2,1,47,8,1995,2,1,-1,2,-1
2015950001973,1,11,0,4,0,0,0,0,0,0,0,1,1,1,43,7,4500,2,4,-1,1,-1
2015950001974,1,19,0,18,0,1,0,0,0,0,1,1,6,3,-1,-1,1560,2,6,-1,-1,-1
2015950001974,2,9,0,10,0,1,0,0,0,0,2,1,6,1,34,6,-1,-1,-1,-1,1,-1
2015950001975,1,9,0,4,0,1,0,0,0,0,2,1,6,2,42,7,998,1,6,-1,1,-1
2015950001975,2,9,0,4,0,1,0,0,0,0,2,1,6,2,42,7,2401,2,7,-1,1,-1
2015950001975,3,9,0,18,0,1,0,0,0,0,1,1,6,2,40,7,-1,-1,-1,-1,3,-1
2015950001976,1,9,0,18,0,0,0,0,0,0,1,1,6,2,24,5,1299,1,8,-1,1,-1
2015950001977,1,4,0,16,0,0,0,0,7,0,1,1,6,1,31,6,636,1,9,-1,1,-1
2015950001977,2,9,0,17,0,0,0,0,0,0,4,1,6,2,49,8,1588,1,12,-1,3,-1
2015950001978,1,9,0,9,0,6,0,0,0,0,1,1,6,1,31,6,1598,1,7,-1,3,-1
2015950001978,2,9,0,18,0,1,0,0,0,0,4,1,6,1,48,8,-1,-1,-1,-1,1,-1
2015950001979,1,1,0,15,0,1,0,0,0,0,3,1,6,1,36,7,-1,-1,-1,-1,1,-1
2015950001979,2,9,0,7,0,8,0,0,0,0,4,1,6,2,32,6,1686,2,2,-1,2,-1
2015950001980,1,9,0,18,0,0,0,0,0,0,1,1,6,1,49,8,1149,1,12,-1,1,-1
2015950001980,2,9,0,3,0,0,0,0,0,0,2,1,6,1,42,7,-1,-1,-1,-1,3,-1
2015950001980,3,9,0,18,0,0,0,0,0,0,1,1,6,2,41,7,1198,1,-1,-1,1,-1
2015950001980,4,9,0,3,0,0,0,0,0,0,2,1,6,1,23,5,1794,1,11,-1,2,-1
2015950001981,1,9,0,18,0,8,0,0,0,0,1,1,6,3,-1,-1,1910,2,9,-1,-1,-1
2015950001981,2,9,0,18,0,8,0,0,0,0,3,1,6,1,47,8,1998,1,6,-1,1,-1
2015950001983,1,9,0,9,0,8,0,0,7,7,3,1,6,2,24,5,1242,1,2,-1,1,-1
2015950001983,2,9,0,18,0,8,0,0,0,0,1,1,2,2,21,5,1598,1,11,-1,1,-1
2015950001984,1,9,0,7,0,2,0,0,0,0,1,1,6,2,36,7,1388,1,3,-1,2,-1
2015950001984,2,9,0,7,0,2,0,0,0,0,3,1,6,2,46,8,1596,1,9,-1,1,-1
2015950001985,1,9,0,9,0,8,0,0,0,0,1,1,2,2,57,9,-1,-1,-1,-1,1,-1
2015950001985,2,9,0,18,0,8,0,0,0,0,1,1,6,2,19,4,1229,1,9,-1,2,-1
2015950001986,1,9,0,18,0,1,0,0,0,0,1,1,2,1,35,6,1968,2,8,-1,1,-1
2015950001986,2,9,0,4,0,1,0,0,0,0,2,1,2,2,38,7,998,1,2,-1,3,-1
2015950001987,1,9,0,18,0,0,0,0,0,0,1,1,6,1,26,6,1149,1,9,-1,1,-1
2015950001987,2,9,0,4,0,0,0,0,0,0,2,1,6,1,78,11,1968,2,4,-1,1,-1
2015950001987,3,9,0,18,0,0,0,0,0,0,2,1,6,1,45,7,1560,2,2,-1,1,-1
2015950001987,4,9,0,4,0,0,0,0,0,0,2,1,6,2,25,5,1229,1,-1,-1,1,-1
2015950001987,5,9,0,4,0,0,0,0,0,0,0,1,6,2,33,6,1995,2,2,-1,3,-1
2015950001988,1,3,0,18,0,0,5,10,1,0,4,1,6,1,18,4,-1,-1,-1,-1,1,-1
2015950001989,1,9,0,18,0,0,0,0,1,7,1,1,6,1,78,11,1197,1,3,-1,3,-1
2015950001990,1,19,0,17,0,3,0,0,0,0,1,1,1,3,-1,-1,2402,2,4,-1,-1,-1
2015950001990,2,9,0,17,0,3,0,0,0,0,2,1,6,2,55,8,1598,1,8,-1,3,-1
2015950001991,1,9,0,18,0,0,0,0,0,0,1,1,6,2,73,10,1124,1,12,-1,2,-1
2015950001991,2,9,0,18,0,0,0,0,0,0,2,1,2,2,32,6,998,1,3,-1,1,-1
2015950001991,3,9,0,18,0,0,0,0,0,0,2,1,2,2,61,9,1998,1,1,-1,1,-1
2015950001992,1,19,0,18,0,0,0,0,0,0,1,1,1,1,22,5,1998,2,10,-1,1,-1
2015950001992,2,9,0,18,0,0,0,0,0,0,1,1,6,2,52,8,1242,1,11,-1,1,-1
2015950001992,3,9,0,18,0,0,0,0,0,0,1,1,6,1,38,7,2902,2,9,-1,1,-1
2015950001994,1,9,0,18,0,2,0,0,0,0,0,1,6,3,-1,-1,-1,-1,-1,-1,-1,-1
2015950001994,2,11,0,5,0,2,0,0,0,0,0,1,1,1,50,8,4760,2,1,-1,1,-1
2015950001995,1,9,0,17,0,0,0,0,8,0,1,1,6,1,30,6,-1,-1,-1,-1,1,-1
2015950001996,1,9,0,18,0,3,0,0,1,2,3,1,6,3,-1,-1,-1,-1,-1,-1,-1,-1
2015950001996,2,9,0,18,0,3,0,0,1,2,1,1,6,3,31,6,-1,-1,-1,-1,1,-1
2015950002001,1,9,0,11,0,0,0,0,0,0,4,1,6,1,36,7,2993,2,6,-1,1,-1
2015950002001,2,90,0,4,0,0,0,0,0,0,3,1,1,1,50,8,-1,-1,-1,-1,2,-1
2015950002003,1,9,0,7,0,0,0,0,0,0,3,1,6,2,49,8,1796,1,6,-1,1,-1
2015950002003,2,9,0,18,0,0,0,0,0,0,1,1,6,2,55,8,1242,1,1,-1,2,-1
2015950002005,1,9,0,18,0,3,0,0,1,2,1,1,6,1,58,9,973,1,12,-1,1,-1
2015950002006,1,9,0,18,0,0,0,0,0,0,1,1,6,1,20,4,-1,-1,-1,-1,1,-1
2015950002006,2,9,0,4,0,0,0,0,0,0,2,1,6,1,56,9,2199,2,3,-1,3,-1
2015950002020,1,9,0,18,0,1,0,0,0,0,0,1,1,1,60,9,1910,2,6,-1,3,-1
2015950002033,1,9,0,6,0,1,0,0,0,0,3,1,2,2,57,9,1242,1,5,-1,1,-1
2015950002033,2,9,0,14,0,1,0,0,0,0,4,1,6,1,43,7,1399,1,6,-1,1,-1
2015950002035,1,9,0,18,0,4,5,0,3,0,1,1,6,2,70,10,-1,-1,-1,-1,1,-1
2015950002037,1,19,0,18,0,0,0,0,7,11,1,1,1,1,34,6,1753,2,6,-1,1,-1
2015950002041,1,9,0,5,0,4,0,0,0,0,1,1,6,2,46,8,1339,1,4,-1,1,-1
2015950002041,2,1,0,18,0,3,0,0,0,0,4,1,6,1,24,5,-1,-1,-1,-1,1,-1
2015950002042,1,9,0,17,0,1,2,0,7,9,1,1,6,1,18,4,1199,1,12,-1,1,-1
2015950002045,1,11,0,5,2,0,0,0,0,0,0,1,1,3,-1,-1,-1,-1,-1,-1,-1,-1
2015950002045,2,4,0,18,0,0,0,0,0,0,0,1,6,1,54,8,599,1,6,-1,1,-1
2015950002046,1,9,0,18,0,1,0,0,0,0,1,1,2,1,53,8,2496,1,11,-1,1,-1
2015950002047,1,9,0,9,0,8,0,0,0,0,4,1,6,1,62,9,1339,1,13,-1,1,-1
2015950002047,2,4,0,16,0,1,0,0,0,0,1,1,6,1,42,7,942,1,-1,-1,1,-1
2015950002048,1,4,0,4,0,0,1,0,0,0,2,1,6,1,36,7,599,1,13,-1,1,-1
2015950002049,1,9,0,9,0,3,0,0,1,1,4,1,6,1,29,6,1781,1,13,-1,1,-1
2015950002049,2,21,1,9,0,8,0,0,0,0,3,1,1,1,51,8,-1,-1,-1,-1,2,-1
2015950002061,1,9,0,1,0,0,0,0,0,0,0,1,6,1,82,11,1198,1,12,-1,1,-1
2015950002062,1,9,0,18,0,1,0,0,0,0,4,1,6,1,58,9,-1,-1,-1,-1,1,-1
2015950002063,1,11,0,4,0,1,0,0,0,0,0,1,1,1,36,7,7300,2,10,-1,1,-1
2015950002064,1,9,0,18,0,0,0,0,0,0,1,1,6,1,30,6,1968,2,6,-1,2,-1
2015950002066,1,9,0,18,0,1,0,0,0,0,1,1,6,3,-1,-1,-1,-1,-1,-1,-1,-1
2015950002068,1,90,0,18,0,1,0,0,0,0,1,1,1,1,46,8,5193,2,3,-1,3,-1
2015950002068,2,9,0,4,0,1,0,0,0,0,2,1,6,1,29,6,1242,1,6,-1,1,-1
2015950002068,3,9,0,3,0,1,0,0,0,0,2,1,6,2,55,8,1586,1,5,-1,1,-1
2015950002069,1,9,0,18,0,4,0,0,0,0,1,1,6,1,20,4,1597,2,1,-1,1,-1
2015950002069,2,9,0,8,0,8,0,0,0,0,2,1,6,1,36,7,1991,2,9,-1,1,-1
2015950002070,1,9,0,18,0,0,0,0,7,4,1,1,6,2,60,9,1560,2,3,-1,2,-1
2015950002071,1,9,0,18,0,1,0,0,7,0,1,1,6,2,60,9,1590,1,11,-1,2,-1
2015950002072,1,9,0,1,0,1,0,0,0,0,2,1,6,2,69,10,1596,1,11,-1,3,-1
2015950002073,1,9,0,5,0,0,0,0,0,0,2,1,6,3,-1,-1,-1,-1,-1,-1,-1,-1
2015950002073,2,2,0,18,0,0,0,0,0,0,1,1,6,1,16,4,48,1,4,-1,1,-1
2015950002074,1,9,0,16,0,0,0,0,7,11,1,1,6,2,22,5,1596,1,13,-1,3,-1
2015950002075,1,9,0,18,0,0,2,0,1,11,1,1,6,1,28,6,1587,1,8,-1,2,-1
2015950002076,1,9,0,11,0,8,2,0,1,2,3,1,6,1,49,8,2497,2,10,-1,3,-1
2015950002077,1,9,0,16,0,0,0,0,7,7,1,1,6,2,56,9,1248,2,8,-1,1,-1
2015950002078,1,9,0,18,0,0,0,0,0,0,1,1,6,1,28,6,-1,-1,-1,-1,1,-1
2015950002078,2,9,0,18,0,0,0,0,0,0,1,1,6,2,28,6,1200,1,3,-1,1,-1
2015950002079,1,9,0,1,0,0,0,0,0,0,4,1,6,2,66,10,1598,1,12,-1,2,-1
2015950002079,2,4,0,18,0,0,1,0,0,0,1,1,6,1,20,4,398,1,20,-1,1,-1
2015950002085,1,9,0,18,0,0,0,6,7,0,1,1,6,1,71,10,1242,1,3,-1,2,-1
2015950002097,1,19,0,5,0,0,0,0,0,0,4,1,6,3,-1,-1,-1,-1,-1,-1,-1,-1
2015950002098,1,8,0,18,0,0,0,0,0,0,0,1,1,1,57,9,1997,2,9,-1,1,-1
2015950002099,1,9,0,18,0,0,1,0,0,0,1,1,2,1,39,7,1598,1,12,-1,1,-1
2015950002099,2,9,0,3,0,0,0,0,0,0,2,1,1,1,52,8,1598,2,3,-1,3,-1
2015950002099,3,9,0,3,0,0,0,0,0,0,2,1,2,2,43,7,1997,2,8,-1,3,-1
2015950002099,4,9,0,18,0,0,0,0,0,0,1,1,1,2,45,7,1995,2,7,-1,1,-1
2015950002108,1,11,0,4,2,0,0,0,0,0,0,1,1,1,50,8,4760,2,1,-1,3,-1
2015950002110,1,8,0,9,0,1,0,0,0,0,3,1,1,1,45,7,2499,2,1,-1,3,-1
2015950002116,1,9,0,18,0,0,0,0,0,0,1,1,1,2,46,8,998,1,4,-1,3,-1
2015950002116,2,9,0,18,0,0,0,0,0,0,1,1,6,1,69,10,1299,1,8,-1,1,-1
2015950002120,1,9,0,12,0,1,0,0,0,0,3,1,6,2,46,8,1386,1,7,-1,3,-1
2015950002120,2,9,0,18,0,1,0,0,0,0,4,1,1,1,48,8,1598,2,2,-1,2,-1
2015950002120,3,19,0,2,0,2,0,0,0,0,1,1,6,3,-1,-1,9200,2,3,-1,-1,-1
2015950002123,1,9,0,18,0,0,0,0,0,0,1,1,6,1,39,7,1248,2,10,-1,2,-1
2015950002123,2,1,0,18,0,0,0,0,0,0,2,1,6,1,40,7,-1,-1,-1,-1,2,-1
2015950002125,1,9,0,9,0,1,0,0,0,0,0,1,6,3,-1,-1,-1,-1,-1,-1,-1,-1
2015950002125,2,11,0,18,2,1,0,0,0,0,0,1,2,1,57,9,7300,2,10,-1,1,-1
2015950002126,1,9,0,17,0,0,2,0,7,0,1,1,6,1,46,8,1332,1,10,-1,2,-1
2015950002132,1,19,0,17,0,0,1,0,1,11,1,1,2,1,44,7,2464,2,6,-1,2,-1
2015950002140,1,9,0,18,0,0,0,0,0,0,1,1,1,1,36,7,1986,2,9,-1,3,-1
2015950002141,1,19,0,18,0,0,2,0,7,11,1,1,2,1,61,9,1996,2,2,-1,1,-1
2015950002142,1,19,0,18,0,0,2,10,0,11,3,1,1,1,37,7,1248,2,7,-1,1,-1
2015950002157,1,9,0,7,0,8,0,0,0,0,4,1,6,1,43,7,2993,2,4,-1,1,-1
2015950002157,2,1,0,15,0,8,0,0,0,0,3,1,2,1,40,7,-1,-1,-1,-1,1,-1
2015950002158,1,9,0,18,0,8,0,0,0,0,1,1,6,3,-1,-1,1598,1,12,-1,-1,-1
2015950002158,2,11,0,18,0,8,0,0,0,0,4,1,1,1,26,6,9360,2,4,-1,1,-1
2015950002161,1,9,0,18,0,0,2,0,1,4,4,1,6,2,56,9,1598,1,11,-1,2,-1
2015950002169,1,9,0,9,0,5,0,0,0,0,1,1,6,3,-1,-1,-1,-1,-1,-1,-1,-1
2015950002169,2,1,0,18,0,1,0,0,0,0,4,1,6,2,20,4,-1,-1,-1,-1,3,-1
2015950002170,1,9,0,18,0,1,0,0,0,0,1,1,6,3,-1,-1,-1,-1,-1,-1,-1,-1
2015950002171,1,9,0,18,0,0,0,0,0,0,1,1,6,2,20,4,1598,1,12,-1,1,-1
2015950002171,2,9,0,9,0,0,0,0,0,0,2,1,6,1,31,6,1590,1,12,-1,1,-1
2015950002173,1,9,0,5,0,2,0,0,0,0,3,1,6,3,-1,-1,-1,-1,-1,-1,-1,-1
2015950002191,1,9,0,18,0,8,0,0,0,0,1,1,6,2,75,10,1198,1,7,-1,-1,-1
2015950002191,2,9,0,18,0,8,0,0,0,0,4,1,6,2,34,6,1229,1,4,-1,1,-1
2015950002192,1,11,0,4,0,0,0,0,0,0,3,1,1,1,55,8,7300,2,9,-1,1,-1
2015950002193,1,11,0,4,0,0,0,0,0,0,0,1,1,1,47,8,9360,2,6,-1,2,-1
2015950002194,1,9,0,9,0,8,0,0,0,0,1,1,6,3,-1,-1,-1,-1,-1,-1,-1,-1
2015950002194,2,1,0,18,0,1,0,0,0,0,1,1,6,1,26,6,-1,-1,-1,-1,1,-1
2015950002195,1,9,0,6,0,0,0,0,0,0,4,1,6,1,46,8,1596,1,5,-1,2,-1
2015950002195,2,1,0,18,0,0,0,0,0,0,1,1,6,1,20,4,-1,-1,-1,-1,1,-1
2015950002200,1,1,0,12,0,2,0,0,0,0,1,1,2,1,16,4,-1,-1,-1,-1,1,-1
2015950002200,2,9,0,2,0,2,0,0,0,0,2,1,6,3,-1,-1,1461,2,5,-1,-1,-1
2015950002209,1,9,0,6,0,0,0,0,0,0,3,1,6,1,21,5,1229,1,6,-1,1,-1
2015950002209,2,1,0,18,0,0,0,0,0,0,1,1,6,1,50,8,-1,-1,-1,-1,1,-1
2015950002210,1,9,0,18,0,1,0,0,0,0,1,1,2,2,20,4,1197,1,1,-1,2,-1
2015950002210,2,9,0,18,0,1,0,0,0,0,2,1,2,2,25,5,1796,1,1,-1,1,-1
2015950002211,1,9,0,18,0,0,0,0,1,11,1,1,6,1,26,6,1781,1,14,-1,1,-1
2015950002212,1,9,0,18,0,1,0,0,0,0,1,1,6,2,20,4,1242,1,1,-1,1,-1
2015950002213,1,8,0,18,0,0,0,0,0,0,1,1,1,1,45,7,2499,2,8,-1,2,-1
2015950002213,2,9,0,18,0,0,0,0,0,0,2,1,6,1,24,5,1582,2,2,-1,1,-1
2015950002213,3,8,0,18,0,0,0,0,0,0,2,1,6,1,57,9,2499,2,8,-1,3,-1
2015950002214,1,9,0,18,0,8,0,0,0,0,1,1,6,3,-1,-1,-1,-1,-1,-1,-1,-1
2015950002214,2,1,0,7,0,1,0,0,0,0,1,1,6,1,28,6,-1,-1,-1,-1,1,-1
2015950002215,1,4,0,17,0,0,0,0,0,0,3,1,6,2,48,8,695,1,7,-1,2,-1
2015950002216,1,9,0,18,0,0,0,4,0,0,4,1,6,2,50,8,1796,1,5,-1,1,-1
2015950002216,2,9,0,2,0,0,0,0,0,0,2,1,6,3,-1,-1,1998,1,4,-1,-1,-1
2015950002217,1,19,0,4,0,1,0,0,0,0,1,1,6,1,54,8,1598,2,3,-1,3,-1
2015950002217,2,9,0,3,0,1,0,0,0,0,2,1,6,2,23,5,-1,-1,-1,-1,1,-1
2015950002229,1,9,0,9,0,8,0,0,0,0,1,1,6,1,50,8,-1,-1,-1,-1,1,-1
2015950002229,2,1,0,18,0,1,0,0,0,0,1,1,6,2,54,8,-1,-1,-1,-1,1,-1
2015950002230,1,9,0,18,0,0,0,0,0,0,1,1,2,1,26,6,1598,2,-1,-1,3,-1
2015950002230,2,9,0,3,0,0,0,0,0,0,2,1,2,1,32,6,1497,1,12,-1,1,-1
2015950002237,1,9,0,9,0,6,0,0,0,0,1,1,6,1,32,6,1242,1,-1,-1,2,-1
2015950002238,1,11,0,3,2,0,0,0,0,0,0,1,1,3,-1,-1,7300,2,8,-1,-1,-1
2015950002243,1,9,0,18,0,0,2,0,1,0,4,1,6,1,23,5,1984,1,20,-1,2,-1
2015950002244,1,19,0,2,9,0,0,0,0,0,4,1,6,1,66,10,-1,-1,-1,-1,-1,-1
2015950002244,2,1,0,18,9,0,0,0,0,0,1,1,4,2,5,1,-1,-1,-1,-1,1,-1
2015950002245,1,9,0,9,0,8,0,0,0,0,4,1,6,2,70,10,1242,1,9,-1,1,-1
2015950002245,2,9,0,18,0,1,0,0,7,11,1,1,2,2,37,7,1388,1,7,-1,1,-1
2015950002246,1,9,0,18,0,0,0,0,1,0,1,1,6,2,18,4,1149,1,4,-1,3,-1
2015950002257,1,9,0,18,0,1,0,0,0,0,1,1,6,2,41,7,1560,2,4,-1,1,-1
2015950002257,2,9,0,3,0,1,0,0,0,0,2,1,2,2,43,7,1686,2,4,-1,1,-1
2015950002267,1,19,0,18,0,0,0,0,0,0,1,1,6,1,-1,-1,1560,2,1,-1,1,-1
2015950002267,2,9,0,18,0,0,0,0,0,0,2,1,6,1,21,5,1598,1,12,-1,1,-1
2015950002268,1,9,0,5,0,4,0,0,0,0,1,1,2,1,54,8,1587,1,12,-1,1,-1
2015950002268,2,4,0,3,0,1,0,0,0,0,2,1,2,2,50,8,744,1,7,-1,1,-1
2015950002277,1,9,0,18,0,0,0,0,7,11,1,1,1,3,-1,-1,2953,1,4,-1,-1,-1
2015950002277,2,9,0,2,0,0,0,0,0,0,2,1,6,3,-1,-1,-1,-1,-1,-1,-1,-1
2015950002277,3,9,0,2,0,0,0,0,0,0,2,1,6,3,-1,-1,1149,1,11,-1,-1,-1
2015950002277,4,9,0,2,0,0,0,0,0,0,2,1,6,3,-1,-1,1997,2,14,-1,-1,-1
2015950002277,5,9,0,2,0,0,0,0,0,0,2,1,6,3,-1,-1,1497,1,12,-1,-1,-1
2015950002277,6,9,0,2,0,0,0,0,0,0,1,1,6,3,-1,-1,1998,1,14,-1,-1,-1
2015950002277,7,9,0,18,0,0,0,0,0,0,0,1,6,3,-1,-1,1598,1,2,-1,-1,-1
2015950002292,1,9,0,4,0,0,0,0,0,0,1,1,6,1,26,6,1796,1,15,-1,1,-1
2015950002292,2,9,0,3,0,0,0,0,0,0,1,1,6,2,51,8,1242,1,3,-1,1,-1
2015950002292,3,9,0,3,0,0,0,0,0,0,2,1,6,2,30,6,1461,2,7,-1,1,-1
2015950002293,1,9,0,6,0,8,0,0,0,0,4,1,1,1,20,4,1781,1,16,-1,3,-1
2015950002293,2,1,0,18,0,8,0,0,0,0,3,1,6,1,29,6,-1,-1,-1,-1,1,-1
2015950002299,1,19,0,1,0,1,0,0,0,0,2,1,1,1,36,7,1248,2,4,-1,1,-1
2015950002302,1,19,0,6,0,0,0,0,0,0,4,1,1,1,25,5,1560,2,2,-1,1,-1
2015950002302,2,3,0,18,0,0,0,0,0,0,1,1,6,1,44,7,125,1,3,-1,1,-1
2015950002304,1,9,0,7,0,8,0,0,0,0,1,1,6,1,33,6,1590,1,10,-1,3,-1
2015950002304,2,11,0,18,0,8,0,0,0,0,1,1,6,1,41,7,8268,2,14,-1,1,-1
2015950002305,1,19,0,14,0,1,0,0,0,0,4,1,1,1,-1,-1,2198,2,5,-1,-1,-1
2015950002305,2,9,0,8,0,1,0,0,0,0,3,1,6,2,38,7,1332,1,10,-1,1,-1
2015950002306,1,9,0,3,0,4,0,0,3,0,1,1,6,1,54,8,1596,1,8,-1,3,-1
2015950002306,2,9,0,4,0,4,0,0,0,0,2,1,6,2,27,6,1398,1,5,-1,2,-1
2015950002307,1,9,0,18,0,8,0,0,0,0,1,1,6,1,19,4,1149,1,9,-1,1,-1
2015950002307,2,9,0,10,0,8,0,0,0,0,2,1,6,2,17,4,-1,-1,-1,-1,3,-1
2015950002307,3,9,0,9,0,8,0,0,0,0,2,1,6,2,46,8,1995,2,3,-1,1,-1
2015950002308,1,9,0,13,0,0,0,0,0,0,4,1,6,1,76,11,1598,1,10,-1,1,-1
2015950002308,2,1,0,18,0,0,0,0,0,0,3,1,6,1,40,7,-1,-1,-1,-1,1,-1
2015950002309,1,11,0,18,0,8,0,0,0,0,0,1,1,1,40,7,9360,2,4,-1,2,-1
2015950002310,1,9,0,18,0,0,0,0,0,0,4,1,6,2,65,9,1339,1,3,-1,1,-1
2015950002310,2,20,0,2,0,0,0,0,0,0,0,1,6,3,-1,-1,-1,-1,-1,-1,-1,-1
2015950002312,1,9,0,9,0,8,0,0,0,0,1,1,6,1,71,10,1368,1,7,-1,2,-1
2015950002312,2,9,0,16,0,1,0,0,0,0,1,1,6,1,47,8,1685,2,3,-1,2,-1
2015950002313,1,9,0,17,0,0,0,0,7,11,1,1,2,2,33,6,-1,-1,-1,-1,3,-1
2015950002313,2,9,0,16,0,0,0,0,2,9,1,1,6,1,26,6,1798,1,1,-1,3,-1
2015950002314,1,9,0,9,0,8,0,0,0,0,3,1,6,2,28,6,1896,2,12,-1,1,-1