Accident_Index,Vehicle_Reference,Vehicle_Type,Towing_and_Articulation,Vehicle_Manoeuvre,Vehicle_Location-Restricted_Lane,Junction_Location,Skidding_and_Overturning,Hit_Object_in_Carriageway,Vehicle_Leaving_Carriageway,Hit_Object_off_Carriageway,1st_Point_of_Impact,Was_Vehicle_Left_Hand_Drive?,Journey_Purpose_of_Driver,Sex_of_Driver,Age_of_Driver,Age_Band_of_Driver,Engine_Capacity_(CC),Propulsion_Code,Age_of_Vehicle,Driver_IMD_Decile,Driver_Home_Area_Type,Vehicle_IMD_Decile
2015950002314,2,3,0,13,0,1,0,0,0,0,4,1,2,2,43,7,125,1,3,-1,1,-1
2015950002315,1,9,0,1,0,0,0,4,0,0,1,1,6,2,66,10,1591,1,1,-1,1,-1
2015950002315,2,9,0,2,0,0,0,0,0,0,2,1,6,3,-1,-1,1360,1,8,-1,-1,-1
2015950002315,3,9,0,2,0,0,0,0,0,0,1,1,6,3,-1,-1,1590,1,11,-1,-1,-1
2015950002315,4,9,0,2,0,0,0,0,1,0,3,1,6,3,-1,-1,1400,1,15,-1,-1,-1
2015950002316,1,9,0,18,0,0,2,0,1,0,1,1,2,1,28,6,1242,1,6,-1,1,-1
2015950002317,1,9,0,9,0,2,0,0,0,0,1,1,1,2,46,8,1896,2,6,-1,1,-1
2015950002318,1,11,0,5,0,1,0,0,0,0,0,1,1,1,44,7,9360,2,4,-1,1,-1
2015950002319,1,9,0,16,0,1,1,0,0,0,1,1,6,1,30,6,1796,1,6,-1,3,-1
2015950002319,2,9,0,17,0,2,0,10,0,0,1,1,2,2,22,5,2199,2,1,-1,1,-1
2015950002320,1,9,0,9,0,8,0,0,0,0,4,1,6,1,31,6,1461,2,1,-1,1,-1
2015950002320,2,9,0,18,0,8,0,0,0,0,1,1,6,1,28,6,1995,2,4,-1,1,-1
2015950002321,1,9,0,18,0,0,0,0,0,0,1,1,6,1,39,7,-1,-1,-1,-1,1,-1
2015950002321,2,9,0,10,0,0,0,0,0,0,2,1,6,1,49,8,1461,2,8,-1,1,-1
2015950002322,1,9,0,9,0,8,0,0,0,0,1,1,6,1,31,6,1796,1,3,-1,1,-1
2015950002322,2,1,0,18,0,8,0,0,0,0,1,1,6,1,29,6,-1,-1,-1,-1,1,-1
2015950002324,1,9,0,18,0,0,0,0,1,0,0,1,6,1,19,4,973,1,13,-1,1,-1
2015950002325,1,19,0,9,0,6,0,0,0,0,2,1,6,1,50,8,1686,2,10,-1,2,-1
2015950002325,2,4,0,18,0,2,0,0,0,0,4,1,6,1,52,8,999,1,2,-1,1,-1
2015950002330,1,9,0,18,0,1,0,0,0,0,3,1,6,3,-1,-1,1150,1,11,-1,-1,-1
2015950002331,1,9,0,9,0,1,0,0,0,0,1,1,6,1,32,6,1149,1,2,-1,2,-1
2015950002331,2,9,0,18,0,1,0,0,0,0,3,1,2,2,50,8,1596,1,14,-1,3,-1
2015950002335,1,9,0,18,0,0,0,0,0,0,1,1,6,2,19,4,1198,1,-1,-1,1,-1
2015950002335,2,9,0,18,0,0,0,0,0,0,2,1,6,1,21,5,1390,1,9,-1,3,-1
2015950002335,3,19,0,1,0,0,0,0,0,0,2,1,6,1,60,9,1248,2,7,-1,1,-1
2015950002335,4,9,0,18,0,0,0,0,0,0,2,1,6,2,35,6,1998,2,7,-1,3,-1
2015950002337,1,9,0,18,0,1,0,0,0,0,1,1,6,2,31,6,1685,2,2,-1,3,-1
2015950002337,2,9,0,10,0,1,0,0,0,0,2,1,6,1,30,6,1398,1,3,-1,1,-1
2015950002339,1,9,0,18,0,0,0,4,0,0,1,1,6,2,64,9,1390,1,14,-1,1,-1
2015950002339,2,9,0,2,0,0,0,0,0,0,2,1,6,3,-1,-1,1598,1,11,-1,-1,-1
2015950002358,1,9,0,9,0,8,0,0,0,0,4,1,2,1,30,6,2191,2,1,-1,1,-1
2015950002358,2,9,0,18,0,1,0,0,0,0,1,1,2,1,48,8,1870,2,12,-1,2,-1
2015950002360,1,19,0,18,0,0,0,0,0,0,4,1,6,1,28,6,2402,2,5,-1,1,-1
2015950002360,2,21,0,2,0,0,0,0,0,0,0,1,6,3,-1,-1,10837,2,1,-1,-1,-1
2015950002362,1,9,0,17,0,0,2,0,0,10,4,1,6,2,19,4,999,1,15,-1,3,-1
2015950002363,1,19,0,18,0,0,0,0,1,9,3,1,6,1,29,6,1995,2,1,-1,1,-1
2015950002364,1,19,0,18,0,0,0,0,0,1,1,1,1,1,31,6,1995,2,8,-1,1,-1
2015950002365,1,9,0,18,0,0,0,0,0,0,1,1,6,2,24,5,1198,1,2,-1,3,-1
2015950002366,1,9,0,18,0,0,0,0,0,0,1,1,6,2,75,10,1242,1,1,-1,1,-1
2015950002366,2,9,0,18,0,0,0,0,0,0,2,1,6,2,38,7,1086,1,10,-1,1,-1
2015950002366,3,9,0,3,0,0,0,0,0,0,2,1,6,1,23,5,1242,1,9,-1,1,-1
2015950002367,1,9,0,18,0,0,0,0,0,0,1,1,6,1,23,5,1995,1,8,-1,1,-1
2015950002367,2,9,0,18,0,0,0,0,5,6,2,1,2,1,67,10,1798,8,1,-1,1,-1
2015950002368,1,9,0,18,0,4,0,0,0,0,1,1,6,1,16,4,2400,2,2,-1,1,-1
2015950002368,2,11,0,18,0,4,0,0,0,0,2,1,1,1,41,7,7300,2,8,-1,1,-1
2015950002369,1,9,0,4,0,0,0,0,0,0,1,1,6,2,24,5,1149,1,6,-1,1,-1
2015950002384,1,2,0,17,0,0,0,0,1,10,1,1,6,1,44,7,-1,-1,-1,-1,-1,-1
2015950002385,1,19,0,5,2,1,0,0,0,0,1,1,6,1,30,6,2402,2,8,-1,1,-1
2015950002386,1,9,0,9,0,8,0,0,0,0,4,1,6,2,36,7,1299,1,13,-1,1,-1
2015950002386,2,1,0,18,0,8,0,0,0,0,1,1,6,1,31,6,-1,-1,-1,-1,1,-1
2015950002388,1,9,0,18,0,1,0,0,0,0,1,1,6,2,35,6,973,1,16,-1,1,-1
2015950002388,2,9,0,18,0,1,0,0,0,0,2,1,6,1,45,7,1124,1,11,-1,1,-1
2015950002412,1,9,0,18,0,0,0,0,0,0,4,1,6,1,28,6,1242,1,2,-1,2,-1
2015950002416,1,19,0,5,0,8,0,0,0,0,0,1,6,3,-1,-1,-1,-1,-1,-1,-1,-1
2015950002416,2,11,0,4,0,1,0,0,0,0,0,1,1,1,48,8,9360,2,7,-1,1,-1
2015950002417,1,9,0,18,0,1,0,0,0,0,1,1,6,2,47,8,2400,2,2,-1,1,-1
2015950002418,1,9,0,18,0,0,0,0,1,1,1,1,2,1,23,5,-1,-1,-1,-1,3,-1
2015950002420,1,11,0,3,2,0,0,0,0,0,0,1,1,1,25,5,4500,2,4,-1,1,-1
2015950002426,1,9,0,9,0,8,0,0,0,0,1,1,6,2,60,9,1994,2,16,-1,3,-1
2015950002426,2,1,0,18,0,1,1,0,0,0,1,1,6,2,42,7,-1,-1,-1,-1,3,-1
2015950002427,1,3,0,18,0,0,0,0,0,0,1,1,1,1,50,8,-1,-1,-1,-1,1,-1
2015950002427,2,9,0,4,0,0,0,0,0,0,2,1,6,2,27,6,1598,1,10,-1,1,-1
2015950002428,1,9,0,18,0,0,1,0,1,4,1,1,6,2,20,4,998,1,5,-1,3,-1
2015950002429,1,9,0,9,0,8,0,0,0,0,3,1,6,2,30,6,1582,2,5,-1,1,-1
2015950002429,2,4,0,18,0,8,0,0,0,0,1,1,6,1,41,7,636,1,12,-1,1,-1
2015950002430,1,9,0,18,0,1,0,0,0,0,0,1,6,3,-1,-1,-1,-1,-1,-1,-1,-1
2015950002430,2,11,0,4,2,1,0,0,0,0,0,1,1,1,58,9,5883,2,13,-1,1,-1
2015950002431,1,9,0,18,0,1,0,0,3,2,1,1,6,1,75,10,1587,1,9,-1,1,-1
2015950002433,1,20,0,18,0,4,5,10,0,0,4,1,1,1,58,9,-1,-1,-1,-1,3,-1
2015950002433,2,20,0,18,0,4,0,0,0,0,3,1,1,1,39,7,4461,2,5,-1,3,-1
2015950002434,1,9,0,9,0,2,0,0,0,0,3,1,6,1,20,4,1389,1,10,-1,1,-1
2015950002434,2,3,0,17,0,1,0,0,0,0,1,1,1,1,26,6,-1,-1,-1,-1,1,-1
2015950002435,1,1,0,12,0,2,0,0,7,0,3,1,6,1,52,8,-1,-1,-1,-1,3,-1
2015950002435,2,9,0,13,0,2,0,0,0,0,1,1,6,2,39,7,1386,1,5,-1,-1,-1
2015950002438,1,9,0,18,0,0,0,0,0,0,1,1,6,2,65,9,1587,1,14,-1,1,-1
2015950002438,2,9,0,18,0,0,0,0,0,0,2,1,6,3,-1,-1,-1,-1,-1,-1,-1,-1
2015950002439,1,9,0,16,0,0,2,0,7,11,1,1,6,2,42,7,1769,1,10,-1,1,-1
2015950002440,1,9,0,18,0,0,0,0,1,0,1,1,6,2,22,5,1242,1,1,-1,-1,-1
2015950002440,2,9,2,18,0,0,0,0,0,0,2,1,6,1,22,5,1398,2,4,-1,-1,-1
2015950002445,1,4,0,16,0,0,1,0,0,0,1,1,6,1,48,8,1150,1,3,-1,1,-1
2015950002445,2,9,0,18,0,0,0,0,0,0,1,1,6,1,68,10,1997,2,3,-1,1,-1
2015950002446,1,9,0,7,0,8,0,0,0,0,4,1,6,1,53,8,1586,1,-1,-1,1,-1
2015950002446,2,9,0,18,0,1,0,0,0,0,3,1,6,1,33,6,1598,1,8,-1,1,-1
2015950002447,1,9,0,1,0,0,0,0,0,0,2,1,6,2,25,5,2000,2,6,-1,1,-1
2015950002454,1,9,0,18,0,0,5,0,1,0,4,1,2,1,22,5,1229,1,4,-1,3,-1
2015950002457,1,9,0,18,0,1,0,7,0,0,1,1,6,1,53,8,1360,1,3,-1,1,-1
2015950002473,1,9,0,18,0,0,0,10,7,0,4,1,6,1,30,6,2148,2,6,-1,1,-1
2015950002473,2,9,0,18,0,0,0,0,0,0,4,1,6,1,57,9,1398,1,1,-1,1,-1
2015950002474,1,9,0,18,0,1,0,0,1,7,1,1,6,1,22,5,1388,1,12,-1,1,-1
2015950002475,1,9,0,18,0,0,0,7,0,0,1,1,2,1,55,8,1796,1,10,-1,3,-1
2015950002476,1,9,0,9,0,4,0,0,0,0,1,1,6,2,31,6,1560,2,4,-1,1,-1
2015950002476,2,9,0,3,0,8,0,0,0,0,1,1,6,2,59,9,995,1,7,-1,3,-1
2015950002487,1,11,0,4,0,0,0,0,0,0,0,1,6,1,50,8,4500,2,4,-1,-1,-1
2015950002488,1,9,2,17,0,0,0,0,7,11,1,1,6,1,44,7,1798,1,13,-1,1,-1
2015950002492,1,9,0,3,0,1,0,0,0,0,1,1,6,2,26,6,1360,1,15,-1,1,-1
2015950002492,2,1,0,10,0,1,0,0,0,0,2,1,6,1,57,9,-1,-1,-1,-1,1,-1
2015950002508,1,4,0,16,0,1,0,0,0,0,3,1,6,1,31,6,599,1,13,-1,1,-1
2015950002508,2,9,0,18,0,1,0,0,0,0,3,1,6,1,50,8,1364,2,7,-1,1,-1
2015950002518,1,9,0,18,0,1,0,0,0,0,1,1,6,3,-1,-1,-1,-1,-1,-1,-1,-1
2015950002518,2,9,0,3,0,8,0,0,0,0,2,1,6,2,32,6,2495,2,12,-1,1,-1
2015950002521,1,9,0,18,0,1,0,0,0,0,3,1,6,1,66,10,1396,2,5,-1,1,-1
2015950002522,1,19,0,10,0,0,0,0,0,0,1,1,6,1,75,10,1968,2,8,-1,3,-1
2015950002522,2,1,0,17,0,0,0,0,0,0,1,1,6,1,36,7,-1,-1,-1,-1,1,-1
2015950002523,1,9,0,4,0,0,1,0,0,0,2,1,2,2,48,8,1229,1,3,-1,-1,-1
2015950002523,2,9,0,18,0,0,0,0,0,0,1,1,6,2,57,9,1988,2,12,-1,1,-1
2015950002523,3,9,0,18,0,0,0,0,0,0,1,1,6,1,51,8,1798,1,11,-1,-1,-1
2015950002523,4,9,0,18,0,0,0,0,0,0,2,1,2,2,30,6,1598,2,2,-1,1,-1
2015950002523,5,8,0,18,0,0,0,0,0,0,1,1,1,1,38,7,2499,2,8,-1,1,-1
2015950002527,1,9,0,9,0,8,0,0,0,0,1,1,6,3,-1,-1,2494,1,16,-1,-1,-1
2015950002527,2,1,0,18,0,8,0,0,0,0,1,1,6,2,29,6,-1,-1,-1,-1,-1,-1
2015950002529,1,9,0,13,0,0,0,0,0,0,1,1,2,2,52,8,1968,2,4,-1,-1,-1
2015950002529,2,19,0,9,0,0,0,0,7,0,3,1,6,1,31,6,2198,2,1,-1,-1,-1
2015950002538,1,9,0,9,0,1,0,0,0,0,1,1,6,1,45,7,1242,1,11,-1,1,-1
2015950002538,2,9,0,18,0,1,0,0,0,0,1,1,6,2,27,6,1396,1,18,-1,1,-1
2015950002539,1,9,0,16,0,1,0,0,1,1,4,1,2,2,39,7,1360,1,6,-1,1,-1
2015950002540,1,9,0,12,0,0,0,0,0,0,3,1,6,2,18,4,1108,1,11,-1,1,-1
2015950002540,2,3,0,18,0,0,0,0,0,7,4,1,6,1,26,6,100,1,14,-1,1,-1
2015950002560,1,9,0,18,0,2,0,0,0,0,1,1,6,1,32,6,995,1,4,-1,3,-1
2015950002560,2,9,0,9,0,2,0,0,0,0,2,1,6,1,73,10,1798,1,8,-1,1,-1
2015950002561,1,11,0,18,0,1,0,0,0,0,0,1,6,1,51,8,9360,2,4,-1,1,-1
2015950002564,1,9,0,9,0,1,0,0,7,10,1,1,6,2,35,6,1910,2,7,-1,3,-1
2015950002564,2,9,0,5,0,8,0,0,0,0,1,1,6,1,47,8,-1,-1,-1,-1,1,-1
2015950002565,1,9,0,18,0,8,0,0,0,0,4,1,6,2,55,8,1560,2,1,-1,1,-1
2015950002565,2,19,0,18,0,1,0,0,1,0,3,1,1,1,31,6,-1,-1,-1,-1,1,-1
2015950002566,1,9,0,13,0,1,0,0,0,0,4,1,6,2,24,5,1560,2,8,-1,2,-1
2015950002566,2,9,0,10,0,1,0,0,0,0,3,1,6,1,65,9,1497,1,10,-1,1,-1
2015950002567,1,9,0,9,0,8,0,0,0,0,1,1,6,3,-1,-1,-1,-1,-1,-1,-1,-1
2015950002569,1,9,0,18,0,4,0,0,0,0,1,1,6,1,21,5,1198,1,4,-1,1,-1
2015950002569,2,3,0,18,0,8,0,0,0,0,4,1,6,1,34,6,125,1,5,-1,2,-1
2015950002570,1,9,0,17,0,0,0,0,1,0,0,1,6,1,49,8,1586,1,9,-1,3,-1
2015950002572,1,9,0,6,0,0,0,0,0,0,1,1,6,1,29,6,1197,1,4,-1,2,-1
2015950002572,2,4,0,14,0,0,0,0,0,0,1,1,6,1,48,8,647,1,13,-1,1,-1
2015950002582,1,21,0,18,0,0,0,0,0,0,1,1,1,1,35,6,-1,-1,-1,-1,3,-1
2015950002582,2,19,0,3,0,0,0,0,0,0,2,1,6,1,58,9,1248,2,9,-1,1,-1
2015950002582,3,9,0,3,0,0,0,0,0,0,2,1,6,1,33,6,-1,-1,-1,-1,1,-1
2015950002595,1,9,0,18,0,1,0,0,0,0,1,1,2,1,43,7,1598,2,1,-1,1,-1
2015950002595,2,19,0,4,0,1,0,0,0,0,2,1,1,1,54,8,2198,2,1,-1,1,-1
2015950002601,1,9,0,16,0,0,1,0,7,9,3,1,6,2,54,8,-1,-1,-1,-1,3,-1
2015950002603,1,19,0,18,0,1,0,0,0,0,1,1,6,1,20,4,1968,2,-1,-1,3,-1
2015950002603,2,9,0,10,0,1,0,0,0,0,2,1,6,1,66,10,1600,1,17,-1,1,-1
2015950002606,1,9,0,9,0,6,0,0,0,0,1,1,6,1,18,4,1396,1,13,-1,1,-1
2015950002606,2,4,0,18,0,1,0,0,0,0,1,1,6,1,23,5,599,1,15,-1,1,-1
2015950002612,1,9,0,5,0,1,0,0,0,0,1,1,6,1,57,9,1598,1,8,-1,2,-1
2015950002612,2,9,0,3,0,1,0,0,0,0,2,1,6,2,56,9,-1,-1,-1,-1,3,-1
2015950002624,1,9,0,17,0,0,2,0,7,0,0,1,6,2,22,5,998,1,11,-1,1,-1
2015950002625,1,9,0,5,0,1,0,0,0,0,1,1,6,3,-1,-1,-1,-1,-1,-1,-1,-1
2015950002626,1,21,0,11,0,3,0,0,7,0,4,1,6,1,59,9,12130,2,11,-1,2,-1
2015950002626,2,19,0,18,0,3,0,0,0,0,4,1,6,1,40,7,2286,2,10,-1,3,-1
2015950002628,1,9,0,16,0,0,0,0,7,0,1,1,6,2,35,6,1242,1,16,-1,1,-1
2015950002628,2,11,0,17,0,0,0,0,0,0,4,1,1,1,46,8,9360,2,7,-1,2,-1
2015950002629,1,9,0,18,0,0,0,0,0,0,1,1,2,2,48,8,2179,2,6,-1,3,-1
2015950002629,2,9,0,3,0,0,0,0,0,0,2,1,2,2,47,8,1968,2,5,-1,3,-1
2015950002630,1,9,0,5,0,8,0,0,0,0,3,1,6,1,25,5,1598,1,13,-1,3,-1
2015950002630,2,9,0,18,0,1,0,0,0,0,1,1,6,2,20,4,1242,1,5,-1,2,-1
2015950002642,1,9,0,16,0,0,0,0,1,0,1,1,6,2,18,4,1108,1,9,-1,3,-1
2015950002642,2,17,0,17,0,0,0,0,7,0,3,1,6,1,68,10,-1,2,6,-1,3,-1
2015950002650,1,21,0,18,0,1,0,0,0,0,1,1,1,1,50,8,-1,-1,-1,-1,1,-1
2015950002650,2,19,0,3,0,1,0,0,0,0,2,1,1,1,35,6,1560,2,1,-1,2,-1
2015950002651,1,11,0,18,0,1,0,0,0,0,0,1,1,1,44,7,7300,2,9,-1,1,-1
2015950002652,1,19,0,18,0,0,0,0,0,0,1,1,1,1,41,7,1560,2,3,-1,-1,-1
2015950002652,2,9,0,3,0,0,0,0,0,0,2,1,6,1,35,6,1586,1,-1,-1,2,-1
2015950002654,1,9,0,18,0,0,0,0,0,0,1,1,6,1,47,8,1560,2,6,-1,2,-1
2015950002654,2,9,0,3,0,0,0,0,0,0,1,1,2,1,50,8,1995,2,2,-1,2,-1
2015950002654,3,9,0,3,0,0,0,0,0,0,2,1,6,1,41,7,899,1,1,-1,3,-1
2015950002655,1,8,0,5,0,0,0,0,0,0,1,1,1,1,26,6,1997,2,1,-1,1,-1
2015950002655,2,4,0,13,0,0,3,0,0,0,1,1,6,1,23,5,749,1,2,-1,1,-1
2015950002656,1,9,0,18,0,1,0,0,0,0,3,1,6,1,23,5,-1,-1,-1,-1,1,-1
2015950002662,1,9,0,18,0,0,0,0,0,0,1,1,6,1,63,9,1197,1,3,-1,1,-1
2015950002662,2,9,0,4,0,0,0,0,0,0,2,1,6,1,65,9,1390,1,1,-1,3,-1
2015950002663,1,9,0,18,0,8,0,0,0,0,4,1,2,1,54,8,1390,1,6,-1,1,-1
2015950002668,1,11,0,5,0,0,0,0,0,0,0,1,1,1,37,7,7300,2,2,-1,3,-1
2015950002674,1,9,0,14,0,8,0,0,0,0,4,1,6,1,49,8,1956,2,4,-1,1,-1
2015950002674,2,9,0,10,0,8,0,0,0,0,3,1,6,1,20,4,1199,1,13,-1,1,-1
2015950002682,1,9,0,18,0,0,0,0,7,10,1,1,6,1,42,7,1299,1,12,-1,2,-1
2015950002683,1,11,0,18,0,0,0,0,0,0,0,1,1,1,51,8,9360,2,7,-1,1,-1
2015950002689,1,4,0,16,0,0,0,0,0,0,1,1,6,1,46,8,500,1,24,-1,2,-1
2015950002691,1,9,0,7,0,0,0,0,0,0,3,1,6,3,-1,-1,-1,-1,-1,-1,-1,-1
2015950002691,2,1,0,18,0,0,0,0,0,0,4,1,6,2,59,9,-1,-1,-1,-1,-1,-1
2015950002692,1,9,0,18,0,0,0,0,0,0,1,1,2,1,53,8,1910,2,6,-1,1,-1
2015950002693,1,9,0,18,0,0,0,0,0,0,1,1,6,2,51,8,-1,-1,-1,-1,1,-1
2015950002693,2,9,0,2,0,0,0,0,0,5,2,1,6,3,-1,-1,1242,1,6,-1,-1,-1
2015950002694,1,9,0,18,0,0,0,0,0,0,1,1,6,3,-1,-1,-1,-1,-1,-1,-1,-1
2015950002695,1,9,0,4,0,1,0,0,0,0,1,1,6,1,56,9,1896,2,11,-1,1,-1
2015950002695,2,9,0,3,0,1,0,0,0,0,2,1,6,2,37,7,1598,1,6,-1,1,-1
2015950002697,1,9,0,11,0,0,0,0,0,0,0,1,6,3,-1,-1,-1,-1,-1,-1,-1,-1
2015950002697,2,11,0,18,0,0,0,0,0,0,0,1,1,1,48,8,9360,2,7,-1,2,-1
2015950002700,1,9,0,9,0,8,0,0,0,0,1,1,6,2,-1,-1,-1,-1,-1,-1,-1,-1
2015950002700,2,1,0,18,0,8,0,0,0,0,1,1,6,1,35,6,-1,-1,-1,-1,1,-1
2015950002701,1,9,0,18,0,3,0,0,0,0,1,1,6,1,38,7,1398,1,1,-1,1,-1
2015950002701,2,19,0,18,0,1,0,0,0,0,3,1,6,1,47,8,2198,2,5,-1,1,-1
2015950002710,1,9,0,18,0,0,0,0,0,0,1,1,6,1,35,6,1896,2,11,-1,1,-1
2015950002710,2,9,0,10,0,0,0,0,0,0,2,1,6,2,28,6,1984,1,8,-1,1,-1
2015950002711,1,9,0,17,0,0,5,0,7,11,1,1,6,1,19,4,1199,1,11,-1,1,-1
2015950002712,1,9,0,18,0,1,0,0,0,0,1,1,6,2,48,8,1461,2,1,-1,2,-1
2015950002712,2,9,0,9,0,8,0,0,0,0,3,1,6,2,26,6,1149,1,7,-1,1,-1
2015950002713,1,9,0,11,0,0,0,0,1,4,1,1,6,1,33,6,1800,1,15,-1,1,-1
2015950002714,1,9,0,18,0,0,2,0,1,4,1,1,2,2,27,6,1461,2,5,-1,3,-1
2015950002715,1,4,0,17,0,0,5,0,1,1,4,1,6,1,20,4,660,1,12,-1,1,-1
2015950002716,1,9,0,18,0,1,0,0,0,0,1,1,2,1,22,5,2148,2,10,-1,1,-1
2015950002716,2,9,0,4,0,1,0,0,0,0,2,1,2,1,44,7,1988,1,13,-1,3,-1
2015950002716,3,9,0,3,0,1,0,0,0,0,2,1,6,1,42,7,1968,2,4,-1,1,-1
2015950002717,1,19,0,18,0,1,0,0,0,0,3,1,1,1,39,7,2198,2,8,-1,1,-1
2015950002717,2,4,0,9,0,1,0,0,0,0,4,1,6,1,62,9,680,1,9,-1,-1,-1
2015950002718,1,9,0,17,0,0,0,0,1,4,1,1,2,1,27,6,1998,1,11,-1,3,-1
2015950002719,1,9,0,18,0,0,0,0,7,11,1,1,1,1,45,7,1968,2,3,-1,3,-1
2015950002720,1,9,0,7,0,8,0,0,0,0,1,1,6,1,22,5,1198,1,8,-1,1,-1
2015950002720,2,1,0,18,0,8,2,0,0,0,2,1,6,1,44,7,-1,-1,-1,-1,1,-1
2015950002721,1,9,0,18,0,0,0,0,0,0,4,1,6,1,64,9,1399,2,6,-1,1,-1
2015950002722,1,9,0,17,0,0,1,0,0,0,4,1,6,1,53,8,2204,2,9,-1,3,-1
2015950002722,2,9,0,16,0,0,0,0,7,0,1,1,6,2,45,7,1753,2,9,-1,3,-1
2015950002723,1,9,0,1,0,0,0,0,0,0,2,1,6,1,52,8,3456,8,3,-1,1,-1
2015950002723,2,4,0,3,0,0,0,0,0,0,1,1,6,1,61,9,471,1,1,-1,1,-1
2015950002725,1,3,0,18,0,0,0,0,0,0,1,1,6,2,45,7,125,1,1,-1,1,-1
2015950002727,1,3,0,18,9,0,0,0,0,0,1,1,6,1,17,4,-1,-1,-1,-1,1,-1
2015950002727,2,1,0,18,9,0,0,0,0,0,1,1,6,1,16,4,-1,-1,-1,-1,1,-1
2015950002728,1,9,0,4,0,0,0,0,0,0,1,1,6,1,55,8,2290,1,9,-1,3,-1
2015950002728,2,9,0,4,0,0,0,0,0,0,2,1,6,2,51,8,2401,2,12,-1,1,-1
2015950002736,1,9,0,5,0,1,0,0,0,0,2,1,6,1,28,6,1560,2,-1,-1,1,-1
2015950002736,2,3,0,18,0,1,0,0,0,0,1,1,6,1,18,4,124,1,5,-1,1,-1
2015950002737,1,9,0,18,0,8,0,0,0,0,3,1,6,1,22,5,1149,1,5,-1,1,-1
2015950002737,2,4,0,18,0,8,0,0,0,0,4,1,6,2,53,8,599,1,15,-1,1,-1
2015950002740,1,9,0,9,0,8,0,0,0,0,1,1,6,2,32,6,1398,1,8,-1,1,-1
2015950002740,2,1,0,18,0,1,0,0,0,0,1,1,6,1,18,4,-1,-1,-1,-1,1,-1
2015950002743,1,9,0,18,0,4,0,0,0,0,1,1,6,2,41,7,1240,1,6,-1,1,-1
2015950002743,2,9,0,4,0,1,0,0,0,0,2,1,6,1,21,5,1560,2,5,-1,2,-1
2015950002747,1,19,0,18,0,1,0,0,0,0,1,1,6,1,35,6,1753,2,7,-1,1,-1
2015950002747,2,9,0,18,0,1,0,0,0,0,2,1,1,1,36,7,1248,2,3,-1,-1,-1
2015950002748,1,21,0,4,0,1,0,0,0,0,1,1,6,1,47,8,9200,2,11,-1,-1,-1
2015950002748,2,9,0,3,0,1,0,0,0,0,2,1,6,2,58,9,-1,-1,-1,-1,1,-1
2015950002749,1,9,0,18,0,2,0,0,0,0,3,1,2,1,26,6,1229,1,8,-1,1,-1
2015950002750,1,9,0,18,0,0,0,0,0,0,1,1,6,3,-1,-1,1995,2,14,-1,-1,-1
2015950002751,1,9,0,16,0,0,0,0,1,4,1,1,1,2,36,7,1596,1,9,-1,1,-1
2015950002752,1,9,0,18,0,0,0,0,0,0,4,1,6,2,56,9,1598,1,4,-1,1,-1
2015950002752,2,9,0,18,0,0,0,0,0,0,1,1,6,2,30,6,1086,1,11,-1,1,-1
2015950002753,1,4,0,18,0,1,0,2,0,0,1,1,6,1,45,7,1215,1,-1,-1,1,-1
2015950002753,2,9,0,18,0,1,0,2,0,0,3,1,6,2,52,8,1560,2,1,-1,1,-1
2015950002754,1,9,0,18,0,8,0,0,0,0,3,1,6,1,39,7,1339,1,11,-1,1,-1
2015950002755,1,11,0,7,0,5,0,0,0,0,1,1,6,1,54,8,8268,2,14,-1,1,-1
2015950002755,2,1,0,18,0,8,0,0,0,0,3,1,6,1,28,6,-1,-1,-1,-1,1,-1
2015950002756,1,9,0,5,0,0,0,0,0,0,1,1,6,2,31,6,1781,1,14,-1,1,-1
2015950002756,2,4,0,3,0,0,0,0,0,0,2,1,6,2,32,6,649,1,-1,-1,2,-1
2015950002757,1,9,0,9,0,8,0,0,0,0,1,1,6,2,44,7,1582,2,4,-1,2,-1
2015950002757,2,1,0,18,0,1,0,0,0,0,1,1,2,1,52,8,-1,-1,-1,-1,1,-1
2015950002760,1,9,0,18,0,0,0,0,0,0,4,1,2,2,57,9,1598,2,-1,-1,1,-1
2015950002761,1,1,0,12,0,0,0,0,0,0,3,1,6,1,39,7,-1,-1,-1,-1,-1,-1
2015950002761,2,9,0,18,0,0,0,0,0,0,4,1,6,1,20,4,1229,1,3,-1,-1,-1
2015950002762,1,9,0,18,0,4,0,0,2,4,1,1,6,2,49,8,1896,2,10,-1,1,-1
2015950002763,1,9,0,18,0,1,0,0,0,0,1,1,6,1,45,7,1598,1,1,-1,-1,-1
2015950002763,2,19,0,7,0,1,0,0,0,0,4,1,2,1,51,8,1753,2,2,-1,3,-1
2015950002783,1,9,0,4,0,1,0,0,0,0,4,1,6,3,-1,-1,-1,-1,-1,-1,-1,-1
2015950002783,2,1,0,11,0,1,0,0,0,0,3,1,6,1,37,7,-1,-1,-1,-1,1,-1
2015950002788,1,8,0,6,0,0,0,0,0,0,3,1,1,3,-1,-1,2499,2,2,-1,-1,-1
2015950002788,2,1,0,18,0,0,0,0,0,0,1,1,6,1,35,6,-1,-1,-1,-1,-1,-1