Accident_Index,Vehicle_Reference,Vehicle_Type,Towing_and_Articulation,Vehicle_Manoeuvre,Vehicle_Location-Restricted_Lane,Junction_Location,Skidding_and_Overturning,Hit_Object_in_Carriageway,Vehicle_Leaving_Carriageway,Hit_Object_off_Carriageway,1st_Point_of_Impact,Was_Vehicle_Left_Hand_Drive?,Journey_Purpose_of_Driver,Sex_of_Driver,Age_of_Driver,Age_Band_of_Driver,Engine_Capacity_(CC),Propulsion_Code,Age_of_Vehicle,Driver_IMD_Decile,Driver_Home_Area_Type,Vehicle_IMD_Decile
2015950002790,1,9,0,18,0,4,0,0,0,0,4,1,2,2,53,8,1229,1,9,-1,1,-1
2015950002790,2,1,0,18,0,8,1,0,0,0,3,1,6,1,47,8,-1,-1,-1,-1,1,-1
2015950002791,1,9,0,18,0,0,0,0,0,0,4,1,6,1,58,9,-1,-1,-1,-1,3,-1
2015950002800,1,9,0,18,0,0,0,0,0,0,1,1,6,1,34,6,2148,2,8,-1,3,-1
2015950002821,1,21,0,18,0,8,0,0,0,0,1,1,1,1,55,8,10837,2,1,-1,2,-1
2015950002821,2,20,0,4,0,8,0,0,0,0,2,1,2,1,43,7,4580,2,2,-1,1,-1
2015950002821,3,19,0,3,0,8,0,0,0,0,2,1,2,2,22,5,1560,2,1,-1,1,-1
2015950002821,4,90,0,18,0,1,0,0,0,0,2,1,1,1,38,7,5880,2,11,-1,1,-1
2015950002822,1,21,0,11,0,0,0,0,0,0,4,1,1,1,24,5,12902,2,1,-1,-1,-1
2015950002822,2,9,0,18,0,0,0,0,4,6,2,1,6,2,78,11,998,1,9,-1,1,-1
2015950002823,1,19,0,9,0,8,0,0,0,0,1,1,1,1,27,6,2198,2,3,-1,1,-1
2015950002824,1,9,0,18,0,2,0,0,0,0,1,1,6,1,20,4,1398,1,12,-1,1,-1
2015950002825,1,9,0,18,0,0,0,0,0,0,1,1,6,1,76,11,-1,-1,-1,-1,1,-1
2015950002839,1,9,0,9,0,8,0,0,0,0,1,1,6,1,35,6,1560,2,1,-1,-1,-1
2015950002839,2,9,0,18,0,1,0,0,0,0,4,1,6,1,20,4,-1,-1,-1,-1,2,-1
2015950002840,1,9,0,18,0,1,0,0,0,0,1,1,6,1,53,8,1596,1,8,-1,1,-1
2015950002840,2,9,0,4,0,1,0,0,0,0,2,1,6,2,35,6,1998,1,12,-1,3,-1
2015950002841,1,9,0,5,0,0,0,0,0,0,0,1,1,1,35,6,1896,2,5,-1,1,-1
2015950002842,1,9,0,9,0,8,0,0,0,0,1,1,6,1,52,8,1248,1,3,-1,2,-1
2015950002842,2,9,0,18,0,8,0,0,0,0,4,1,6,2,66,10,1560,2,6,-1,3,-1
2015950002843,1,9,0,18,0,0,0,0,0,0,1,1,6,3,-1,-1,-1,-1,-1,-1,-1,-1
2015950002845,1,9,0,18,0,0,5,0,1,4,1,1,6,1,23,5,1364,1,-1,-1,-1,-1
2015950002846,1,9,0,6,0,1,0,0,0,0,3,1,6,1,21,5,1590,1,10,-1,1,-1
2015950002846,2,3,0,14,0,1,0,0,0,0,1,1,6,1,54,8,-1,-1,-1,-1,-1,-1
2015950002848,1,9,0,18,0,8,0,0,0,0,4,1,6,2,27,6,999,1,12,-1,1,-1
2015950002848,2,9,0,18,0,1,0,0,0,0,1,1,6,1,40,7,1910,2,11,-1,1,-1
2015950002849,1,9,0,5,0,2,0,0,0,0,3,1,6,2,46,8,-1,-1,-1,-1,1,-1
2015950002849,2,1,0,18,0,2,0,0,0,0,1,1,6,1,54,8,-1,-1,-1,-1,1,-1
2015950002854,1,9,0,18,0,1,0,0,1,0,4,1,6,2,81,11,1390,1,11,-1,1,-1
2015950002854,2,9,0,2,0,8,0,0,0,0,2,1,6,3,-1,-1,1206,1,6,-1,-1,-1
2015950002857,1,9,0,4,0,1,0,0,0,0,1,1,6,1,36,7,2460,2,11,-1,1,-1
2015950002857,2,9,0,3,0,1,0,0,0,0,2,1,6,2,54,8,1242,1,9,-1,1,-1
2015950002858,1,1,0,18,9,1,0,0,0,0,1,1,6,3,-1,-1,-1,-1,-1,-1,-1,-1
2015950002859,1,9,0,16,0,8,2,0,1,2,4,1,6,1,17,4,1199,1,12,-1,1,-1
2015950002860,1,9,0,5,0,8,0,0,0,0,1,1,1,1,31,6,1198,1,6,-1,1,-1
2015950002860,2,9,0,18,0,8,0,0,0,0,1,1,2,1,29,6,1149,1,9,-1,1,-1
2015950002861,1,1,0,18,9,1,0,0,0,0,1,1,2,2,22,5,-1,-1,-1,-1,1,-1
2015950002861,2,9,0,18,0,1,0,0,0,0,1,1,1,3,-1,-1,2198,2,1,-1,-1,-1
2015950002881,1,8,0,18,0,1,0,0,0,0,0,1,6,1,49,8,2143,2,1,-1,2,-1
2015950002885,1,9,0,18,0,0,0,0,0,0,1,1,6,1,74,10,1997,2,1,-1,-1,-1
2015950002885,2,9,0,18,0,0,0,0,0,0,1,1,2,1,62,9,1995,2,2,-1,1,-1
2015950002886,1,9,0,18,0,7,0,12,0,0,1,1,1,1,50,8,2993,2,2,-1,1,-1
2015950002894,1,9,0,18,0,1,0,0,0,0,1,1,6,1,54,8,-1,-1,-1,-1,1,-1
2015950002894,2,1,0,3,0,1,0,0,0,0,2,1,6,2,45,7,-1,-1,-1,-1,1,-1
2015950002897,1,9,0,5,0,1,0,0,0,0,1,1,2,2,52,8,1798,1,2,-1,2,-1
2015950002897,2,9,0,18,0,1,0,0,0,0,4,1,2,2,26,6,-1,-1,-1,-1,2,-1
2015950002901,1,90,0,18,0,0,0,0,0,0,1,1,1,1,60,9,-1,-1,-1,-1,1,-1
2015950002901,2,9,0,3,0,0,0,0,0,0,2,1,6,1,18,4,1197,1,-1,-1,1,-1
2015950002901,3,19,0,3,0,0,0,0,0,0,2,1,6,1,32,6,2198,2,3,-1,1,-1
2015950002902,1,9,0,6,0,0,0,0,0,0,3,1,2,1,44,7,1968,2,1,-1,2,-1
2015950002902,2,4,0,14,0,0,0,0,0,0,1,1,6,1,43,7,1157,1,7,-1,1,-1
2015950002903,1,11,0,4,0,8,0,0,0,0,4,1,1,1,24,5,9360,2,8,-1,3,-1
2015950002904,1,8,0,18,0,8,0,0,0,0,1,1,1,1,44,7,1997,2,12,-1,1,-1
2015950002904,2,19,0,9,0,6,0,0,0,0,1,1,1,1,26,6,2402,2,10,-1,1,-1
2015950002905,1,9,0,1,0,2,0,0,0,0,2,1,6,1,43,7,998,1,10,-1,1,-1
2015950002906,1,9,0,18,0,3,0,0,0,0,0,1,6,3,-1,-1,-1,-1,-1,-1,-1,-1
2015950002906,2,9,0,18,0,8,0,0,0,0,2,1,6,2,35,6,1896,2,5,-1,1,-1
2015950002906,3,9,0,18,0,8,0,0,0,0,1,1,6,2,33,6,1198,1,12,-1,1,-1
2015950002906,4,19,0,18,0,8,0,0,0,0,1,1,6,1,30,6,2198,2,1,-1,1,-1
2015950002934,1,11,0,5,0,0,0,0,0,0,0,1,1,2,18,4,8300,2,11,-1,1,-1
2015950002936,1,9,0,4,0,1,0,0,0,0,1,1,2,1,19,4,1388,1,12,-1,1,-1
2015950002936,2,9,0,4,0,1,0,0,0,0,2,1,2,1,51,8,2979,1,13,-1,1,-1
2015950002937,1,9,0,5,0,0,0,0,0,0,4,1,6,1,25,5,1596,1,9,-1,1,-1
2015950002937,2,9,0,18,0,0,0,0,0,0,1,1,6,2,32,6,1598,1,10,-1,1,-1
2015950002937,3,9,0,2,0,0,0,0,0,0,0,1,6,3,-1,-1,1461,2,3,-1,-1,-1
2015950002939,1,9,0,18,0,0,0,0,0,0,0,1,6,1,16,4,1956,2,6,-1,1,-1
2015950002939,2,9,0,3,0,0,0,0,0,0,1,1,6,1,44,7,1149,1,4,-1,1,-1
2015950002939,3,9,0,3,0,0,0,0,0,0,2,1,6,1,59,9,1968,2,5,-1,1,-1
2015950002948,1,9,0,18,0,4,0,0,0,0,1,1,6,2,57,9,-1,-1,-1,-1,1,-1
2015950002948,2,1,0,18,0,4,0,0,0,0,2,1,2,1,31,6,-1,-1,-1,-1,1,-1
2015950002952,1,11,0,4,0,0,0,0,0,0,0,1,1,1,52,8,9360,2,6,-1,2,-1
2015950002953,1,1,0,18,0,0,0,0,0,0,1,1,6,1,28,6,-1,-1,-1,-1,1,-1
2015950002953,2,9,0,3,0,0,0,0,0,0,2,1,6,2,22,5,999,1,3,-1,1,-1
2015950002954,1,9,0,18,0,0,0,0,0,0,1,1,2,2,62,9,1198,1,10,-1,1,-1
2015950002955,1,9,0,18,0,0,0,0,0,0,1,1,6,1,20,4,1390,1,14,-1,1,-1
2015950002955,2,1,0,18,0,0,0,0,0,0,1,1,6,2,5,1,-1,-1,-1,-1,1,-1
2015950002956,1,9,0,1,0,1,0,0,0,0,2,1,6,3,-1,-1,-1,-1,-1,-1,-1,-1
2015950002956,2,22,0,18,0,1,0,0,0,0,3,1,6,1,73,10,-1,-1,-1,-1,2,-1
2015950002961,1,9,0,3,0,0,0,0,0,0,1,1,6,2,68,10,1248,1,5,-1,1,-1
2015950002961,2,9,0,3,0,0,0,0,0,0,2,1,6,1,50,8,1560,2,-1,-1,-1,-1
2015950002961,3,9,0,3,0,0,0,0,0,0,2,1,6,1,59,9,2967,2,2,-1,-1,-1
2015950002961,4,19,0,3,0,0,0,0,0,0,2,1,6,1,51,8,1753,2,12,-1,-1,-1
2015950002962,1,9,0,17,0,0,2,0,1,1,4,1,6,1,19,4,1870,2,10,-1,2,-1
2015950002963,1,19,0,17,0,1,0,0,1,2,1,1,1,1,71,10,2494,2,8,-1,3,-1
2015950002978,1,9,0,17,0,0,1,0,8,3,3,1,6,1,45,7,1560,2,10,-1,3,-1
2015950002981,1,9,0,9,0,8,0,0,0,0,1,1,6,2,30,6,998,1,1,-1,1,-1
2015950002981,2,9,0,17,0,8,0,0,0,0,3,1,6,1,25,5,1686,2,10,-1,2,-1
2015950002983,1,9,0,18,0,0,0,0,0,0,1,1,2,2,66,10,1995,2,5,-1,3,-1
2015950002983,2,9,0,18,0,0,0,0,0,0,2,1,2,1,34,6,2521,1,5,-1,2,-1
2015950002983,3,9,0,18,0,0,0,0,0,0,2,1,6,1,52,8,1956,2,3,-1,2,-1
2015950002983,4,9,0,18,0,0,0,0,0,0,2,1,6,2,49,8,2993,2,10,-1,3,-1
2015950002984,1,4,0,17,0,0,0,0,2,0,4,1,1,1,26,6,645,1,3,-1,1,-1
2015950002994,1,9,0,9,0,8,0,0,0,0,4,1,6,2,48,8,1364,2,7,-1,2,-1
2015950002994,2,9,0,18,0,8,0,0,0,0,1,1,6,2,53,8,998,1,6,-1,3,-1
2015950002994,3,9,0,8,0,1,0,0,0,0,1,1,1,2,45,7,1364,1,-1,-1,1,-1
2015950002995,1,9,0,8,0,1,0,0,0,0,1,1,6,2,30,6,1796,1,11,-1,1,-1
2015950002995,2,9,0,8,0,1,0,0,0,0,2,1,6,2,43,7,1398,2,6,-1,1,-1
2015950002995,3,9,0,18,0,1,0,0,0,0,2,1,6,3,-1,-1,-1,-1,-1,-1,-1,-1
2015950002997,1,4,0,16,0,0,0,10,0,11,1,1,6,1,46,8,599,1,18,-1,1,-1
2015950002997,2,9,0,17,0,0,0,0,0,0,1,1,6,1,21,5,998,1,1,-1,1,-1
2015950002998,1,19,0,9,0,1,0,0,0,0,1,1,1,1,27,6,2402,2,8,-1,1,-1
2015950002998,2,21,0,17,0,1,0,0,0,0,1,1,1,1,32,6,-1,-1,-1,-1,1,-1
2015950002999,1,9,0,9,0,8,0,0,0,0,1,1,6,2,38,7,1896,2,11,-1,1,-1
2015950002999,2,9,0,18,0,1,0,0,0,0,4,1,6,2,62,9,1388,1,12,-1,3,-1
2015950003002,1,1,0,9,0,8,0,0,0,0,4,1,6,1,48,8,-1,-1,-1,-1,1,-1
2015950003002,2,19,0,4,0,6,0,0,0,0,1,1,1,2,60,9,1248,2,8,-1,3,-1
2015950003003,1,9,0,18,0,2,0,0,0,0,1,1,6,2,39,7,999,1,16,-1,2,-1
2015950003013,1,8,0,9,0,8,0,0,0,0,0,1,1,1,46,8,2499,2,4,-1,1,-1
2015950003013,2,1,0,18,0,1,0,0,0,0,0,1,6,1,38,7,-1,-1,-1,-1,1,-1
2015950003017,1,9,0,5,0,1,0,0,0,0,1,1,6,1,50,8,1398,1,4,-1,1,-1
2015950003017,2,9,0,10,0,1,0,0,0,0,2,1,6,1,58,9,1349,1,4,-1,1,-1
2015950003018,1,9,0,5,0,1,0,0,0,0,4,1,6,2,71,10,1086,1,7,-1,1,-1
2015950003019,1,9,0,18,0,0,0,0,0,0,4,1,6,3,-1,-1,-1,-1,-1,-1,-1,-1
2015950003020,1,9,0,6,0,2,0,0,0,0,3,1,6,1,24,5,1598,1,6,-1,1,-1
2015950003020,2,4,0,18,0,2,0,0,0,0,1,1,6,1,51,8,599,1,14,-1,1,-1
2015950003021,1,9,0,18,9,0,0,10,7,2,1,1,6,2,44,7,1895,1,16,-1,3,-1
2015950003030,1,9,0,7,0,4,0,0,0,0,1,1,3,2,-1,-1,-1,-1,-1,-1,1,-1
2015950003030,2,1,0,18,0,4,0,0,0,0,2,1,2,1,49,8,-1,-1,-1,-1,1,-1
2015950003031,1,9,0,7,0,4,0,0,0,0,1,1,6,1,40,7,1242,1,10,-1,1,-1
2015950003031,2,1,0,18,0,8,0,0,0,0,4,1,2,1,46,8,-1,-1,-1,-1,1,-1
2015950003033,1,4,0,16,6,0,0,0,0,0,3,1,6,1,82,11,650,1,28,-1,3,-1
2015950003033,2,9,0,17,0,0,0,0,0,0,3,1,2,1,37,7,1328,1,11,-1,2,-1
2015950003034,1,9,0,18,0,0,0,0,0,0,1,1,6,3,-1,-1,-1,-1,-1,-1,-1,-1
2015950003035,1,9,0,9,0,1,0,0,0,0,1,1,6,1,29,6,1598,1,-1,-1,1,-1
2015950003035,2,9,0,17,0,2,0,0,0,0,1,1,2,1,58,9,1968,2,3,-1,1,-1
2015950003036,1,11,0,5,0,1,0,0,0,0,0,1,1,1,42,7,5132,2,1,-1,2,-1
2015950003038,1,9,0,18,0,0,0,0,0,0,1,1,2,2,41,7,1229,1,7,-1,3,-1
2015950003038,2,9,0,18,0,0,0,0,0,0,2,1,2,1,18,4,1229,1,5,-1,3,-1
2015950003038,3,9,0,18,0,0,0,0,0,0,2,1,6,2,49,8,1229,1,3,-1,3,-1
2015950003042,1,9,0,7,0,1,0,0,0,0,1,1,2,1,43,7,1896,2,8,-1,1,-1
2015950003042,2,1,0,18,0,1,0,0,0,0,1,1,2,1,31,6,-1,-1,-1,-1,1,-1
2015950003043,1,9,0,1,0,8,0,0,0,0,2,1,6,2,27,6,1686,2,3,-1,2,-1
2015950003043,2,1,0,18,0,1,0,0,0,0,1,1,6,2,6,2,-1,-1,-1,-1,2,-1
2015950003044,1,9,0,16,0,3,0,0,0,0,1,1,6,1,25,5,1396,1,15,-1,1,-1
2015950003044,2,9,0,16,0,2,0,0,0,0,2,1,6,2,42,7,2497,2,8,-1,1,-1
2015950003045,1,9,0,18,0,1,0,0,0,0,1,1,6,1,27,6,1149,1,11,-1,2,-1
2015950003045,2,9,0,18,0,1,0,0,0,0,2,1,6,1,43,7,1360,1,8,-1,1,-1
2015950003046,1,11,0,5,2,0,0,0,1,5,4,1,1,1,49,8,4760,2,2,-1,1,-1
2015950003047,1,9,0,13,0,1,0,10,1,1,3,1,1,1,22,5,1362,1,4,-1,3,-1
2015950003047,2,19,0,5,0,2,0,0,0,0,3,1,1,1,30,6,2298,2,-1,-1,2,-1
2015950003048,1,9,0,18,0,0,0,0,0,0,1,1,6,1,46,8,-1,-1,-1,-1,3,-1
2015950003048,2,9,0,4,0,0,0,0,4,6,2,1,6,2,82,11,-1,-1,-1,-1,1,-1
2015950003048,3,21,0,4,0,0,0,0,0,0,3,1,1,1,48,8,12419,2,4,-1,2,-1
2015950003049,1,9,0,7,0,1,0,0,0,0,1,1,1,2,42,7,875,1,3,-1,1,-1
2015950003049,2,9,0,8,0,1,0,0,0,0,2,1,6,2,43,7,1242,1,5,-1,1,-1
2015950003050,1,9,0,7,0,8,0,0,0,0,1,1,6,1,45,7,1198,1,10,-1,1,-1
2015950003050,2,9,0,14,0,1,0,0,0,0,3,1,6,2,28,6,1597,1,8,-1,3,-1
2015950003051,1,9,0,6,0,1,0,0,0,0,3,1,2,1,47,8,1198,1,3,-1,1,-1
2015950003051,2,9,0,18,0,1,0,0,0,0,1,1,1,1,58,9,1599,1,10,-1,1,-1
2015950003053,1,3,0,18,0,0,0,0,0,0,4,1,2,1,48,8,125,1,11,-1,1,-1
2015950003055,1,9,0,18,0,0,0,0,0,0,3,1,6,1,43,7,1896,2,8,-1,2,-1
2015950003055,2,3,0,18,0,0,0,0,0,0,1,1,6,1,19,4,124,1,-1,-1,3,-1
2015950003056,1,9,0,16,0,0,1,0,7,4,1,1,2,1,22,5,1198,1,10,-1,3,-1
2015950003057,1,9,0,18,0,3,0,10,7,11,4,1,6,2,26,6,1587,1,11,-1,1,-1
2015950003057,2,9,0,18,0,1,0,0,0,0,1,1,6,1,33,6,1398,1,12,-1,1,-1
2015950003058,1,1,0,18,0,8,0,0,0,0,1,1,6,1,41,7,-1,-1,-1,-1,2,-1
2015950003059,1,11,0,4,0,1,0,0,0,0,0,1,1,1,30,6,7300,2,9,-1,3,-1
2015950003060,1,9,0,18,0,0,0,0,0,0,1,1,6,1,26,6,1242,1,15,-1,1,-1
2015950003060,2,9,0,4,0,0,0,0,0,0,2,1,6,2,23,5,-1,-1,-1,-1,1,-1
2015950003060,3,3,0,4,0,0,0,0,0,0,2,1,6,1,17,4,124,1,9,-1,1,-1
2015950003060,4,9,0,4,0,0,0,0,0,0,2,1,6,2,53,8,1998,2,11,-1,2,-1
2015950003060,5,9,0,9,0,0,0,0,0,0,0,1,6,2,50,8,-1,-1,-1,-1,3,-1
2015950003078,1,9,0,17,0,0,0,0,1,11,1,1,2,1,28,6,1896,2,18,-1,-1,-1
2015950003091,1,9,0,9,0,8,0,0,0,0,1,1,6,1,66,10,1796,1,-1,-1,-1,-1
2015950003091,2,9,0,18,0,1,0,0,0,0,1,1,6,1,63,9,1339,8,7,-1,3,-1
2015950003092,1,9,0,6,0,0,0,0,0,0,1,1,6,1,29,6,-1,-1,-1,-1,1,-1
2015950003092,2,9,0,18,0,0,0,0,0,0,3,1,2,1,54,8,1248,2,6,-1,1,-1
2015950003117,1,90,0,7,0,1,0,0,0,0,3,2,1,1,49,8,13,2,3,-1,1,-1
2015950003117,2,9,0,9,0,1,0,0,7,1,4,1,1,1,38,7,1753,2,7,-1,1,-1
2015950003118,1,9,0,17,0,8,0,10,7,11,1,1,6,2,23,5,998,1,4,-1,1,-1
2015950003119,1,11,0,18,0,2,0,0,0,0,4,1,1,1,58,9,9360,2,7,-1,1,-1
2015950003120,1,9,0,18,0,1,0,4,0,0,1,1,6,1,18,4,1149,1,7,-1,1,-1
2015950003120,2,9,0,2,0,1,0,0,0,0,2,1,6,3,-1,-1,-1,-1,-1,-1,-1,-1
2015950003120,3,9,0,2,0,1,0,0,0,0,2,1,6,3,-1,-1,1587,1,10,-1,-1,-1
2015950003120,4,9,0,2,0,1,0,0,0,0,2,1,6,3,-1,-1,999,1,2,-1,-1,-1
2015950003124,1,9,0,5,3,8,0,0,0,0,1,1,6,2,43,7,1390,1,4,-1,1,-1
2015950003124,2,9,0,18,0,8,0,0,0,0,2,1,6,2,33,6,1242,1,3,-1,1,-1
2015950003126,1,9,0,4,7,0,0,0,1,4,1,1,6,1,63,9,1560,2,6,-1,1,-1
2015950003139,1,19,0,18,0,2,0,0,0,0,2,1,1,1,46,8,-1,-1,-1,-1,2,-1
2015950003139,2,9,0,18,0,2,0,0,0,0,2,1,2,1,49,8,-1,-1,-1,-1,2,-1
2015950003140,1,11,0,5,0,0,0,0,0,0,4,1,1,1,53,8,7300,2,2,-1,1,-1
2015950003148,1,9,0,8,0,1,0,0,0,0,3,1,6,2,37,7,-1,-1,-1,-1,1,-1
2015950003148,2,9,0,14,0,1,0,0,0,0,1,1,6,2,46,8,1124,1,11,-1,3,-1
2015950003149,1,9,0,9,0,8,0,0,0,0,1,1,2,1,22,5,-1,-1,-1,-1,2,-1
2015950003149,2,9,0,18,0,1,5,0,1,0,1,1,6,1,38,7,-1,-1,-1,-1,2,-1
2015950003150,1,8,0,18,0,0,0,0,0,0,0,1,6,3,-1,-1,-1,-1,-1,-1,-1,-1
2015950003151,1,9,0,18,0,1,0,0,0,0,4,1,6,2,60,9,2720,2,10,-1,1,-1
2015950003152,1,9,0,5,0,0,0,0,0,0,1,1,2,1,48,8,1749,1,12,-1,1,-1
2015950003158,1,19,0,5,0,0,0,0,0,0,3,1,1,1,39,7,2198,2,6,-1,1,-1
2015950003158,2,1,0,18,0,0,0,0,0,0,1,1,6,1,26,6,-1,-1,-1,-1,1,-1
2015950003159,1,9,0,13,0,0,0,0,0,0,0,1,2,2,43,7,1229,1,4,-1,3,-1
2015950003159,2,1,0,16,0,0,0,0,0,7,0,1,6,1,26,6,-1,-1,-1,-1,1,-1
2015950003160,1,4,0,14,0,1,0,0,0,0,1,1,6,1,47,8,749,1,1,-1,1,-1
2015950003160,2,9,0,9,0,8,0,0,0,0,3,1,6,1,42,7,1598,2,1,-1,1,-1
2015950003161,1,9,0,18,0,0,0,0,0,0,1,1,6,1,44,7,1560,2,1,-1,1,-1
2015950003161,2,9,0,18,0,0,0,0,0,0,1,1,6,2,54,8,1149,1,4,-1,3,-1
2015950003161,3,9,0,4,0,0,0,0,0,0,2,1,6,1,43,7,2231,2,7,-1,1,-1
2015950003161,4,9,0,3,0,0,0,0,0,0,2,1,6,2,39,7,998,1,4,-1,1,-1
2015950003162,1,9,0,18,0,0,0,0,0,0,1,1,6,1,34,6,1984,1,18,-1,1,-1
2015950003163,1,9,0,18,0,8,0,0,0,0,0,1,6,3,-1,-1,-1,-1,-1,-1,-1,-1
2015950003163,2,11,0,5,0,8,0,0,0,0,0,1,1,1,53,8,7300,2,10,-1,1,-1
2015950003170,1,2,0,18,0,1,0,0,0,0,4,1,6,1,16,4,49,1,5,-1,3,-1
2015950003171,1,3,0,16,0,0,0,0,0,0,1,1,6,1,45,7,124,1,15,-1,2,-1
2015950003171,2,9,0,17,0,0,0,0,0,0,3,1,6,2,62,9,1343,1,11,-1,2,-1
2015950003172,1,9,0,9,0,4,0,0,0,0,1,1,6,1,46,8,1986,2,7,-1,1,-1
2015950003172,2,1,0,18,0,8,0,0,0,0,1,1,2,1,44,7,-1,-1,-1,-1,2,-1
2015950003174,1,11,0,18,0,0,0,0,0,0,0,1,1,1,40,7,9360,2,7,-1,1,-1
2015950003175,1,9,0,11,0,8,0,0,0,0,1,1,6,1,30,6,1753,2,11,-1,3,-1
2015950003175,2,4,0,18,0,8,0,0,0,0,2,1,2,1,52,8,499,1,-1,-1,1,-1
2015950003176,1,9,0,18,0,0,0,0,7,9,3,1,6,1,65,9,1995,2,1,-1,2,-1
2015950003176,2,9,0,18,0,0,0,0,1,9,1,1,2,1,50,8,1422,2,14,-1,3,-1
2015950003177,1,19,0,4,0,1,0,0,0,0,1,1,6,3,-1,-1,-1,-1,-1,-1,-1,-1
2015950003177,2,9,0,3,0,1,0,0,0,0,2,1,6,2,66,10,1240,1,11,-1,-1,-1
2015950003178,1,9,0,9,0,8,0,0,0,0,1,1,6,2,79,11,1398,1,5,-1,3,-1
2015950003178,2,1,0,18,0,8,0,0,0,0,1,1,6,1,27,6,-1,-1,-1,-1,1,-1
2015950003179,1,11,0,18,2,0,0,0,0,0,0,1,1,1,47,8,4760,2,1,-1,1,-1
2015950003180,1,9,0,5,0,1,0,0,0,0,1,1,1,1,-1,-1,-1,-1,-1,-1,-1,-1
2015950003182,1,9,0,6,0,0,0,0,0,0,3,1,1,1,38,7,2268,2,4,-1,2,-1
2015950003182,2,1,0,13,0,0,0,0,0,0,4,1,6,1,28,6,-1,-1,-1,-1,1,-1
2015950003183,1,9,0,18,0,4,0,0,0,0,3,1,6,2,41,7,1397,1,16,-1,1,-1
2015950003183,2,19,0,18,0,8,0,0,0,0,1,1,1,1,-1,-1,1753,2,3,-1,1,-1
2015950003184,1,9,0,18,0,7,0,0,0,0,1,1,6,3,-1,-1,1461,2,9,-1,-1,-1
2015950003189,1,9,0,18,0,0,5,0,2,3,1,1,6,2,66,10,996,1,2,-1,1,-1
2015950003190,1,9,0,18,0,1,0,0,0,0,1,1,1,1,44,7,1999,1,13,-1,1,-1
2015950003190,2,9,0,4,0,1,0,0,0,0,2,1,6,2,59,9,-1,-1,-1,-1,1,-1
2015950003191,1,9,0,1,0,8,0,0,0,0,2,1,6,3,-1,-1,-1,-1,-1,-1,-1,-1
2015950003192,1,18,0,18,1,1,0,0,0,0,1,1,1,1,54,8,-1,-1,-1,-1,2,-1
2015950003193,1,20,0,18,0,0,0,0,0,0,1,1,1,1,78,11,4250,2,9,-1,1,-1
2015950003193,2,19,0,3,0,0,0,0,0,0,2,1,1,1,30,6,2151,2,11,-1,1,-1
2015950003193,3,19,0,3,0,0,0,0,0,0,2,1,1,1,48,8,-1,-1,-1,-1,1,-1
2015950003194,1,9,0,18,0,0,0,6,1,3,4,1,6,1,27,6,1242,1,10,-1,3,-1
2015950003196,1,9,0,18,0,1,0,0,0,0,1,1,6,2,64,9,1229,1,10,-1,2,-1
2015950003196,2,9,0,5,0,4,0,0,0,0,2,1,6,1,48,8,998,1,2,-1,2,-1
2015950003201,1,9,0,17,0,1,1,0,7,10,2,1,2,1,57,9,1560,2,6,-1,1,-1
2015950003203,1,11,0,18,2,0,0,0,0,0,1,1,1,1,60,9,9360,2,6,-1,-1,-1
2015950003204,1,9,0,9,0,8,0,0,0,0,2,1,6,1,83,11,2792,1,19,-1,1,-1
2015950003204,2,1,0,18,0,8,0,0,0,0,1,1,6,1,52,8,-1,-1,-1,-1,1,-1
2015950003205,1,9,0,9,0,0,0,0,0,0,4,1,6,2,45,7,973,1,13,-1,1,-1
2015950003205,2,4,0,16,0,0,0,0,0,0,1,1,2,1,36,7,599,1,12,-1,2,-1
2015950003206,1,9,0,16,0,0,1,0,1,2,3,1,6,1,26,6,1998,1,15,-1,1,-1
2015950003207,1,9,0,18,0,8,0,0,0,0,3,1,2,1,19,4,1240,1,12,-1,2,-1
2015950003207,2,9,0,18,0,8,0,0,0,0,4,1,6,1,20,4,-1,-1,-1,-1,1,-1
2015950003208,1,3,0,18,0,0,1,0,0,0,1,1,6,1,30,6,125,1,2,-1,2,-1
2015950003208,2,9,0,9,0,0,0,0,0,0,3,1,6,1,46,8,1396,1,6,-1,-1,-1
2015950003209,1,9,0,4,0,0,0,0,0,0,1,1,2,2,21,5,1368,1,5,-1,3,-1
2015950003209,2,9,0,4,0,0,0,0,0,0,2,1,2,1,28,6,1399,2,8,-1,3,-1
2015950003210,1,8,0,18,0,4,0,0,0,0,0,1,6,3,-1,-1,-1,-1,-1,-1,-1,-1
2015950003210,2,3,0,18,0,3,0,0,0,0,0,1,2,2,31,6,125,1,7,-1,3,-1
2015950003218,1,9,0,18,0,2,0,0,0,0,1,1,6,1,43,7,-1,-1,-1,-1,1,-1
2015950003219,1,1,0,11,0,0,0,0,0,0,4,1,6,1,51,8,-1,-1,-1,-1,1,-1
2015950003219,2,9,0,18,0,0,0,0,0,0,1,1,2,1,23,5,1598,1,5,-1,2,-1
2015950003220,1,22,0,18,0,6,0,0,0,0,3,1,6,1,67,10,-1,-1,-1,-1,1,-1
2015950003220,2,9,0,18,0,8,0,0,0,0,4,1,6,1,68,10,1598,1,13,-1,1,-1