Accident_Index,Vehicle_Reference,Vehicle_Type,Towing_and_Articulation,Vehicle_Manoeuvre,Vehicle_Location-Restricted_Lane,Junction_Location,Skidding_and_Overturning,Hit_Object_in_Carriageway,Vehicle_Leaving_Carriageway,Hit_Object_off_Carriageway,1st_Point_of_Impact,Was_Vehicle_Left_Hand_Drive?,Journey_Purpose_of_Driver,Sex_of_Driver,Age_of_Driver,Age_Band_of_Driver,Engine_Capacity_(CC),Propulsion_Code,Age_of_Vehicle,Driver_IMD_Decile,Driver_Home_Area_Type,Vehicle_IMD_Decile
2015950003222,1,9,0,18,0,8,0,0,0,0,3,1,6,1,54,8,1591,1,-1,-1,-1,-1
2015950003222,2,9,0,7,0,8,0,0,0,0,1,1,2,2,37,7,998,1,2,-1,1,-1
2015950003225,1,9,0,18,0,8,0,0,0,0,1,1,6,1,54,8,1299,1,10,-1,1,-1
2015950003225,2,9,0,18,0,8,0,0,0,0,1,1,6,1,53,8,1598,1,2,-1,2,-1
2015950003225,3,9,0,3,0,1,0,0,0,0,1,1,6,1,40,7,1229,1,3,-1,1,-1
2015950003226,1,9,0,11,0,0,0,0,0,0,1,1,6,1,63,9,-1,-1,-1,-1,1,-1
2015950003226,2,9,0,18,0,0,0,0,0,0,3,1,6,1,43,7,1396,1,10,-1,1,-1
2015950003233,1,11,0,7,0,8,0,0,0,0,1,1,1,1,56,9,4500,2,4,-1,1,-1
2015950003233,2,9,0,7,0,2,0,0,0,0,2,2,6,1,42,7,-1,-1,-1,-1,1,-1
2015950003244,1,9,0,18,0,6,0,0,3,0,1,1,6,1,27,6,1995,2,9,-1,1,-1
2015950003244,2,11,0,18,0,8,0,0,0,0,1,1,1,1,57,9,4250,2,11,-1,1,-1
2015950003245,1,19,0,18,0,1,0,0,0,0,1,1,6,1,24,5,2198,2,-1,-1,3,-1
2015950003245,2,9,0,3,0,1,0,0,0,0,2,1,2,1,63,9,1229,1,4,-1,-1,-1
2015950003245,3,10,0,3,0,1,0,0,0,0,2,1,1,2,39,7,2402,2,4,-1,1,-1
2015950003256,1,9,0,6,0,1,0,0,0,0,3,1,6,2,33,6,1596,1,9,-1,1,-1
2015950003256,2,1,0,13,0,1,0,0,0,0,1,1,6,1,66,10,-1,-1,-1,-1,1,-1
2015950003257,1,11,0,5,2,0,0,0,0,0,0,1,1,1,35,6,8268,2,14,-1,1,-1
2015950003258,1,9,0,5,8,0,0,0,0,0,3,1,2,1,23,5,1753,2,13,-1,2,-1
2015950003258,2,9,0,18,0,0,0,0,0,0,1,1,2,2,30,6,875,1,1,-1,-1,-1
2015950003259,1,9,0,18,0,0,0,0,0,0,1,1,6,1,70,10,1386,1,7,-1,2,-1
2015950003259,2,9,0,18,0,0,0,0,0,0,2,1,6,2,66,10,1198,1,5,-1,1,-1
2015950003260,1,9,0,11,0,0,0,0,0,0,0,1,6,3,-1,-1,-1,-1,-1,-1,-1,-1
2015950003260,2,11,0,5,0,0,0,0,0,0,0,1,1,1,29,6,-1,2,16,-1,1,-1
2015950003261,1,9,0,18,0,1,0,0,0,0,1,1,6,1,63,9,1598,1,7,-1,1,-1
2015950003262,1,19,0,5,0,1,0,0,0,0,3,1,6,1,45,7,1968,2,1,-1,1,-1
2015950003263,1,9,0,15,2,0,1,4,0,0,1,1,6,1,23,5,1598,1,14,-1,1,-1
2015950003263,2,9,0,2,2,0,0,4,1,11,2,1,6,3,-1,-1,1461,2,3,-1,-1,-1
2015950003263,3,9,0,2,2,0,0,0,0,0,2,1,6,3,-1,-1,1985,1,15,-1,-1,-1
2015950003263,4,8,0,18,0,0,0,0,0,0,4,1,1,1,44,7,1997,2,2,-1,2,-1
2015950003265,1,9,0,16,0,0,0,0,0,0,1,1,2,2,54,8,1149,1,5,-1,1,-1
2015950003265,2,10,0,18,0,0,0,0,1,0,1,1,1,1,61,9,2198,2,-1,-1,1,-1
2015950003279,1,9,0,1,0,0,0,0,0,0,2,1,6,1,75,10,-1,-1,-1,-1,1,-1
2015950003279,2,9,0,2,0,0,0,0,0,0,3,1,1,1,50,8,1248,2,4,-1,3,-1
2015950003282,1,9,0,17,0,0,0,0,1,11,1,1,2,1,53,8,1596,1,8,-1,1,-1
2015950003284,1,9,0,7,0,8,0,0,0,0,4,1,6,2,33,6,-1,-1,-1,-1,1,-1
2015950003284,2,1,0,18,0,8,0,0,0,0,1,1,2,1,33,6,-1,-1,-1,-1,1,-1
2015950003285,1,9,0,18,0,1,0,0,0,0,1,1,6,1,41,7,1600,1,17,-1,1,-1
2015950003285,2,9,0,3,0,1,0,0,0,0,2,1,6,2,24,5,1560,2,6,-1,1,-1
2015950003286,1,9,0,16,0,0,0,0,2,3,4,1,6,2,31,6,1598,1,10,-1,1,-1
2015950003288,1,9,0,18,0,1,0,0,0,0,1,1,2,2,32,6,1299,1,19,-1,1,-1
2015950003288,2,9,0,4,0,1,0,0,0,0,2,1,2,1,30,6,1398,1,-1,-1,3,-1
2015950003289,1,9,0,18,0,0,0,0,1,4,1,1,6,1,20,4,1398,1,14,-1,2,-1
2015950003289,2,9,0,18,0,0,0,0,0,0,1,1,6,1,30,6,1498,1,18,-1,-1,-1
2015950003290,1,9,0,17,0,0,1,0,1,4,3,1,6,1,43,7,1896,2,13,-1,3,-1
2015950003291,1,9,0,18,0,0,5,0,8,0,1,1,2,2,40,7,1242,1,6,-1,3,-1
2015950003292,1,9,0,18,0,0,0,0,0,0,1,1,6,1,22,5,1595,1,5,-1,1,-1
2015950003292,2,19,0,4,0,0,0,0,0,0,2,1,2,1,30,6,1560,2,4,-1,1,-1
2015950003292,3,9,0,4,0,0,0,0,0,0,2,1,2,1,21,5,-1,-1,-1,-1,1,-1
2015950003292,4,9,0,4,0,0,0,0,0,0,2,1,2,2,42,7,1390,1,5,-1,1,-1
2015950003295,1,9,0,16,0,0,1,0,7,3,1,1,6,1,30,6,1596,1,4,-1,1,-1
2015950003299,1,9,0,14,0,0,0,0,0,0,1,1,2,1,50,8,-1,-1,-1,-1,1,-1
2015950003300,1,9,0,18,0,0,0,0,0,0,1,1,6,1,63,9,1242,1,-1,-1,-1,-1
2015950003300,2,9,0,18,0,0,0,0,0,0,1,1,1,1,54,8,1968,2,1,-1,1,-1
2015950003301,1,8,0,4,0,0,0,0,0,0,1,1,1,1,53,8,2499,2,4,-1,1,-1
2015950003301,2,9,0,3,0,0,0,0,0,0,2,1,6,1,21,5,1988,1,11,-1,1,-1
2015950003301,3,9,0,3,0,0,0,0,0,0,2,1,6,2,28,6,1240,1,7,-1,1,-1
2015950003301,4,9,0,3,0,0,0,0,0,0,2,1,1,2,28,6,1229,1,4,-1,1,-1
2015950003302,1,9,0,9,0,8,0,0,0,0,1,1,1,1,47,8,1896,2,9,-1,1,-1
2015950003302,2,9,0,18,0,8,2,0,0,0,4,1,2,2,25,5,1242,1,5,-1,1,-1
2015950003303,1,9,0,18,0,0,0,0,0,0,1,1,6,2,67,10,1422,2,7,-1,3,-1
2015950003303,2,9,0,18,0,0,0,0,1,0,1,1,6,1,65,9,-1,-1,-1,-1,2,-1
2015950003304,1,9,0,4,0,1,0,0,0,0,1,1,6,1,33,6,1910,2,7,-1,2,-1
2015950003304,2,9,0,3,0,1,0,0,0,0,1,1,6,2,32,6,1598,1,4,-1,3,-1
2015950003305,1,3,0,13,0,1,1,0,7,11,3,1,6,1,-1,-1,125,1,2,-1,-1,-1
2015950003305,2,9,0,9,0,1,0,0,0,0,3,1,6,2,41,7,999,1,5,-1,1,-1
2015950003307,1,9,0,18,0,4,0,0,0,0,1,1,6,1,75,10,1997,2,6,-1,3,-1
2015950003307,2,9,0,17,0,8,0,0,0,0,4,1,2,2,29,6,1242,1,6,-1,1,-1
2015950003311,1,9,0,9,0,8,0,0,0,0,0,1,6,2,29,6,1596,1,10,-1,1,-1
2015950003311,2,3,0,18,0,8,0,0,0,0,0,1,2,1,59,9,125,1,7,-1,1,-1
2015950003314,1,19,0,4,0,1,0,0,0,0,1,1,1,1,49,8,1753,2,9,-1,2,-1
2015950003314,2,9,0,3,0,1,0,0,0,0,2,1,6,2,60,9,1461,2,-1,-1,1,-1
2015950003315,1,20,0,5,0,1,0,0,0,0,2,1,6,3,-1,-1,-1,-1,-1,-1,-1,-1
2015950003315,2,9,0,5,0,1,0,0,0,0,4,1,6,2,23,5,1390,1,3,-1,1,-1
2015950003316,1,9,0,9,0,1,0,0,0,0,1,1,6,1,40,7,1999,1,8,-1,1,-1
2015950003316,2,9,0,18,0,8,1,0,0,0,1,1,6,2,45,7,1242,1,1,-1,1,-1
2015950003317,1,9,0,18,0,0,0,0,0,0,1,1,6,2,34,6,1339,1,4,-1,-1,-1
2015950003317,2,19,0,18,0,0,0,0,0,0,2,1,1,1,57,9,2143,2,1,-1,1,-1
2015950003318,1,9,0,16,0,0,1,0,0,0,1,1,6,2,40,7,1149,1,11,-1,3,-1
2015950003319,1,9,0,18,0,8,0,0,0,0,4,1,6,1,25,5,1349,1,2,-1,1,-1
2015950003319,2,19,0,18,0,8,0,0,0,0,1,1,2,1,40,7,1248,2,10,-1,1,-1
2015950003320,1,9,0,17,0,8,0,0,0,0,1,1,6,1,61,9,-1,-1,-1,-1,1,-1
2015950003320,2,9,0,9,0,8,0,0,0,0,2,1,6,1,55,8,1339,1,10,-1,-1,-1
2015950003321,1,9,0,9,0,8,0,0,0,0,4,1,6,2,27,6,1229,1,2,-1,1,-1
2015950003321,2,1,0,18,0,8,0,0,0,0,1,1,6,2,54,8,-1,-1,-1,-1,1,-1
2015950003324,1,19,0,12,0,0,0,0,0,0,1,1,1,1,27,6,1997,2,11,-1,1,-1
2015950003324,2,9,0,18,0,0,0,0,0,0,2,1,6,1,40,7,1398,1,-1,-1,1,-1
2015950003324,3,9,0,18,0,0,0,0,0,0,2,1,6,1,50,8,1242,1,2,-1,1,-1
2015950003328,1,9,0,18,0,0,0,0,0,10,1,2,6,1,68,10,4000,1,19,-1,2,-1
2015950003339,1,9,0,7,0,8,0,0,0,0,0,1,6,3,-1,-1,-1,-1,-1,-1,-1,-1
2015950003339,2,4,0,17,0,8,5,0,2,2,1,1,6,1,32,6,750,1,-1,-1,2,-1
2015950003340,1,9,0,18,0,0,0,0,0,0,1,1,6,2,19,4,1242,1,-1,-1,2,-1
2015950003341,1,9,0,18,0,1,0,0,0,0,1,1,2,1,27,6,1399,1,10,-1,1,-1
2015950003344,1,4,0,18,0,0,1,0,0,0,4,1,6,1,57,9,998,1,14,-1,3,-1
2015950003345,1,9,0,18,0,1,0,0,0,0,1,1,6,1,19,4,998,1,2,-1,1,-1
2015950003346,1,9,0,13,0,8,0,0,7,0,4,1,2,1,25,5,1796,1,11,-1,1,-1
2015950003346,2,9,0,9,0,8,0,0,0,0,3,1,1,2,20,4,1329,1,5,-1,2,-1
2015950003347,1,9,0,18,0,8,0,0,0,0,3,1,6,1,27,6,2143,2,-1,-1,1,-1
2015950003347,2,9,0,18,0,8,0,0,0,0,1,1,6,1,47,8,1796,1,8,-1,1,-1
2015950003348,1,9,0,18,0,0,0,6,0,0,4,1,6,1,93,11,1995,1,5,-1,2,-1
2015950003349,1,9,0,16,0,0,0,10,7,11,3,1,6,1,42,7,2902,2,11,-1,3,-1
2015950003349,2,17,4,17,0,0,0,0,0,0,3,1,1,1,17,4,-1,2,6,-1,3,-1
2015950003350,1,11,0,18,0,0,0,0,0,0,1,1,1,1,47,8,9360,2,8,-1,3,-1
2015950003350,2,9,0,4,0,0,0,0,0,0,2,1,6,2,60,9,1998,1,11,-1,1,-1
2015950003351,1,9,0,4,0,0,0,0,0,0,1,1,1,1,33,6,1560,2,5,-1,1,-1
2015950003351,2,9,0,18,0,0,0,0,0,0,1,1,6,2,43,7,1598,1,9,-1,1,-1
2015950003351,3,9,0,18,0,0,0,0,0,0,1,1,6,2,28,6,1398,1,12,-1,1,-1
2015950003351,4,9,0,3,0,0,0,0,0,0,2,1,6,2,48,8,1390,1,3,-1,1,-1
2015950003352,1,9,0,18,0,0,1,0,5,6,3,1,2,1,33,6,2521,1,9,-1,2,-1
2015950003353,1,9,0,18,0,0,0,12,0,0,1,1,6,2,53,8,998,1,-1,-1,1,-1
2015950003354,1,9,0,5,0,1,0,0,0,0,1,1,6,2,39,7,1796,1,11,-1,1,-1
2015950003354,2,9,0,5,0,1,0,0,0,0,2,1,6,2,21,5,1198,1,6,-1,1,-1
2015950003355,1,9,0,18,0,8,0,0,0,0,3,1,6,1,67,10,3696,1,3,-1,1,-1
2015950003355,2,19,0,18,0,8,0,0,0,0,1,1,6,1,56,9,1461,2,3,-1,2,-1
2015950003357,1,9,0,18,0,2,0,0,0,0,3,1,1,1,48,8,1560,2,1,-1,1,-1
2015950003357,2,9,0,18,0,1,0,0,0,0,1,1,2,2,54,8,1598,1,14,-1,1,-1
2015950003359,1,19,0,14,0,0,0,4,0,0,1,1,2,1,32,6,1399,2,9,-1,1,-1
2015950003359,2,9,0,2,0,0,0,4,1,0,2,1,6,3,-1,-1,2457,1,9,-1,-1,-1
2015950003359,3,9,0,2,0,0,0,0,0,0,2,1,6,3,-1,-1,998,1,3,-1,-1,-1
2015950003360,1,4,0,18,0,0,0,0,0,0,3,1,6,1,36,7,636,1,2,-1,3,-1
2015950003361,1,9,0,18,0,1,0,0,0,0,1,1,1,1,52,8,1998,2,11,-1,1,-1
2015950003362,1,9,0,2,0,0,0,0,0,0,4,1,6,2,30,6,1360,1,13,-1,1,-1
2015950003363,1,19,0,16,0,1,0,0,0,0,1,1,6,1,51,8,2300,2,11,-1,1,-1
2015950003363,2,9,0,10,0,1,0,0,0,0,2,1,6,1,51,8,1240,1,10,-1,1,-1
2015950003364,1,19,0,18,0,0,2,10,1,2,4,1,1,2,24,5,2402,2,4,-1,1,-1
2015950003365,1,9,0,18,0,2,0,0,0,0,1,1,6,2,31,6,998,1,10,-1,1,-1
2015950003366,1,9,0,18,0,0,0,0,0,0,1,1,2,2,35,6,1198,1,5,-1,1,-1
2015950003366,2,9,0,18,0,0,0,0,0,0,1,1,2,1,44,7,1587,1,16,-1,1,-1
2015950003367,1,9,0,18,0,8,0,0,0,0,1,1,6,2,80,11,1198,1,8,-1,1,-1
2015950003369,1,9,0,18,0,1,0,0,0,0,1,1,2,2,42,7,-1,-1,-1,-1,1,-1
2015950003369,2,19,0,3,0,1,0,0,0,0,2,1,2,1,44,7,1995,2,3,-1,1,-1
2015950003370,1,11,0,18,0,1,0,4,0,0,1,1,1,1,48,8,9000,2,8,-1,1,-1
2015950003370,2,9,0,2,0,1,0,4,0,0,2,1,6,3,-1,-1,1598,1,4,-1,-1,-1
2015950003370,3,9,0,2,0,1,0,4,0,0,2,1,6,3,-1,-1,1896,2,5,-1,-1,-1
2015950003370,4,9,0,2,0,1,0,4,0,0,2,1,6,3,-1,-1,-1,-1,-1,-1,-1,-1
2015950003370,5,9,0,2,0,1,0,0,0,0,2,1,6,1,74,10,1598,2,4,-1,1,-1
2015950003371,1,19,0,18,0,0,5,0,1,0,1,1,6,1,28,6,2143,2,1,-1,-1,-1
2015950003371,2,9,0,3,0,0,0,0,0,0,1,1,6,1,49,8,1124,1,15,-1,-1,-1
2015950003371,3,9,0,3,0,0,0,0,0,0,1,1,1,1,27,6,1493,2,5,-1,1,-1
2015950003371,4,21,0,3,0,0,0,0,0,0,2,1,1,1,44,7,12777,2,3,-1,1,-1
2015950003372,1,9,0,18,0,0,0,0,4,6,1,1,6,1,20,4,1595,1,16,-1,2,-1
2015950003372,2,9,0,3,0,0,0,0,0,0,1,1,6,2,47,8,1910,2,7,-1,3,-1
2015950003372,3,9,0,3,0,0,0,0,0,0,3,1,6,1,29,6,1685,2,2,-1,2,-1
2015950003374,1,9,0,18,0,0,0,0,0,0,1,1,6,1,20,4,1598,1,3,-1,1,-1
2015950003374,2,9,0,18,0,0,0,0,0,0,2,1,6,1,26,6,1242,1,2,-1,1,-1
2015950003388,1,11,0,18,0,0,0,0,0,0,0,1,6,3,-1,-1,-1,-1,-1,-1,-1,-1
2015950003388,2,1,0,5,1,0,0,11,0,0,1,1,6,2,43,7,-1,-1,-1,-1,1,-1
2015950003389,1,9,0,11,0,1,0,0,0,0,4,1,6,1,74,10,1461,2,1,-1,1,-1
2015950003389,2,9,0,18,0,1,0,0,0,0,3,1,6,1,52,8,-1,-1,-1,-1,1,-1
2015950003395,1,9,0,6,0,0,0,0,0,0,1,1,6,1,76,11,1896,2,13,-1,1,-1
2015950003395,2,9,0,18,0,0,0,0,0,0,1,1,6,2,42,7,1364,2,7,-1,1,-1
2015950003399,1,21,0,18,0,0,0,0,0,0,4,1,6,1,60,9,10518,2,6,-1,-1,-1
2015950003399,2,9,0,18,0,0,0,0,0,0,3,1,6,1,70,10,1905,2,21,-1,3,-1
2015950003400,1,9,0,18,0,8,0,0,0,0,1,1,6,1,24,5,998,1,2,-1,1,-1
2015950003400,2,1,0,4,0,1,0,0,0,0,1,1,6,1,34,6,-1,-1,-1,-1,1,-1
2015950003416,1,9,0,16,0,0,1,0,1,4,3,1,6,2,40,7,1461,2,9,-1,3,-1
2015950003417,1,90,0,18,0,1,0,0,0,0,4,1,6,3,-1,-1,-1,-1,-1,-1,-1,-1
2015950003417,2,1,0,12,0,3,0,0,0,0,1,1,6,1,45,7,-1,-1,-1,-1,1,-1
2015950003431,1,9,0,4,0,0,0,0,0,0,1,1,6,2,36,7,1596,1,11,-1,1,-1
2015950003431,2,19,0,4,0,0,0,0,0,0,2,1,6,1,20,4,1598,2,-1,-1,1,-1
2015950003432,1,3,0,17,0,0,1,0,1,0,4,1,6,1,21,5,124,1,4,-1,2,-1
2015950003433,1,9,0,18,0,0,0,0,0,0,1,1,2,2,39,7,1896,2,7,-1,1,-1
2015950003433,2,9,0,3,0,0,0,0,0,0,2,1,6,1,50,8,1242,1,15,-1,1,-1
2015950003433,3,9,0,18,0,0,0,0,0,0,2,1,2,2,32,6,1598,1,5,-1,1,-1
2015950003452,1,9,0,18,0,0,0,0,0,0,2,1,1,1,31,6,1390,1,3,-1,1,-1
2015950003452,2,9,2,6,0,0,0,0,0,0,2,1,6,1,39,7,1598,2,4,-1,1,-1
2015950003458,1,9,0,5,0,1,0,0,0,0,1,1,6,1,17,4,1199,1,14,-1,1,-1
2015950003458,2,9,0,18,0,1,0,0,0,0,4,1,6,2,23,5,-1,-1,-1,-1,3,-1
2015950003460,1,9,0,9,0,8,0,0,0,0,1,1,6,2,20,4,1200,1,1,-1,3,-1
2015950003460,2,9,0,18,0,8,0,0,0,0,1,1,6,1,75,10,-1,-1,-1,-1,3,-1
2015950003461,1,19,0,9,0,8,0,0,0,0,1,1,6,1,67,10,1998,2,13,-1,2,-1
2015950003461,2,9,0,18,0,8,0,0,0,0,1,1,1,2,53,8,1686,2,1,-1,3,-1
2015950003462,1,9,0,18,0,0,0,0,0,0,1,1,6,1,48,8,1685,2,3,-1,1,-1
2015950003462,2,9,0,6,0,0,0,0,0,0,2,1,6,2,30,6,1968,2,2,-1,1,-1
2015950003470,1,9,0,1,0,0,0,0,0,0,2,1,2,2,54,8,1386,1,7,-1,1,-1
2015950003471,1,9,0,5,0,1,0,0,0,0,1,1,6,2,86,11,1598,1,18,-1,1,-1
2015950003471,2,9,0,2,0,1,0,0,0,0,2,1,6,3,-1,-1,1596,1,6,-1,-1,-1
2015950003471,3,9,0,2,0,2,0,0,0,0,1,1,6,3,-1,-1,1596,1,14,-1,-1,-1
2015950003472,1,9,0,12,0,1,0,0,0,0,3,1,6,2,-1,-1,1560,2,3,-1,1,-1
2015950003472,2,9,0,18,0,1,0,0,0,0,4,1,6,1,26,6,1397,1,14,-1,1,-1
2015950003473,1,9,0,5,0,4,0,0,0,0,1,1,6,1,32,6,1598,1,9,-1,1,-1
2015950003473,2,9,0,8,0,1,0,0,0,0,2,1,1,1,57,9,-1,-1,-1,-1,1,-1
2015950003474,1,9,0,18,0,1,0,0,0,0,1,1,6,2,44,7,1968,2,6,-1,2,-1
2015950003474,2,9,0,10,0,1,0,0,0,0,2,1,6,1,52,8,1599,1,11,-1,1,-1
2015950003484,1,4,0,9,0,8,2,0,1,10,1,1,6,2,36,7,471,1,1,-1,1,-1
2015950003485,1,9,0,7,0,8,0,0,0,0,4,1,6,2,49,8,2993,2,6,-1,1,-1
2015950003485,2,1,0,18,0,8,0,0,0,0,1,1,6,1,25,5,-1,-1,-1,-1,1,-1
2015950003486,1,9,0,18,0,0,0,0,1,0,4,1,6,1,31,6,998,1,7,-1,3,-1
2015950003486,2,9,0,18,0,0,0,0,3,0,1,1,6,1,22,5,1229,1,2,-1,1,-1
2015950003504,1,9,0,9,0,8,0,0,0,0,1,1,6,1,32,6,-1,-1,-1,-1,1,-1
2015950003504,2,1,0,18,0,1,0,0,0,0,1,1,6,1,27,6,-1,-1,-1,-1,1,-1
2015950003505,1,11,0,5,0,4,0,0,0,0,1,1,1,1,55,8,9000,2,11,-1,1,-1
2015950003505,2,9,0,5,0,3,0,0,0,0,2,1,6,2,50,8,1686,2,2,-1,1,-1
2015950003506,1,9,0,3,0,4,0,0,0,0,1,1,6,1,28,6,1242,1,-1,-1,1,-1
2015950003506,2,9,0,5,0,4,0,0,0,0,2,1,6,1,50,8,1198,1,1,-1,1,-1
2015950003507,1,9,0,18,0,1,0,0,0,0,1,1,6,1,48,8,1896,2,8,-1,3,-1
2015950003507,2,9,0,3,0,1,0,0,0,0,2,1,6,1,32,6,2198,2,-1,-1,1,-1
2015950003508,1,9,0,18,0,1,1,0,1,9,1,1,6,1,18,4,1368,1,6,-1,2,-1
2015950003508,2,9,0,7,0,1,0,0,0,0,2,1,1,2,41,7,1399,2,4,-1,2,-1
2015950003509,1,4,0,18,0,0,2,0,0,0,3,1,6,1,70,10,1157,1,11,-1,1,-1
2015950003509,2,9,0,4,0,0,0,0,0,0,2,1,6,2,56,9,2179,2,3,-1,1,-1
2015950003510,1,1,0,18,1,8,0,0,0,0,0,1,6,1,29,6,-1,-1,-1,-1,1,-1
2015950003511,1,9,0,9,0,8,0,0,3,11,1,1,6,1,31,6,1242,1,1,-1,1,-1
2015950003512,1,9,0,18,0,8,0,0,0,0,1,1,1,1,48,8,1896,2,7,-1,2,-1
2015950003512,2,8,0,9,0,8,0,0,0,0,4,1,1,1,56,9,-1,-1,-1,-1,1,-1
2015950003514,1,3,0,17,0,2,1,0,0,0,0,1,2,1,17,4,124,1,2,-1,3,-1
2015950003515,1,9,0,18,0,0,0,0,0,0,1,1,6,2,18,4,1364,1,6,-1,3,-1
2015950003515,2,9,0,18,0,0,0,0,0,0,1,1,6,2,86,11,1994,1,5,-1,3,-1
2015950003517,1,9,0,18,0,8,0,0,0,0,3,1,6,2,55,8,1497,1,11,-1,1,-1
2015950003517,2,9,0,9,0,8,0,0,0,0,1,1,6,1,48,8,1598,1,1,-1,1,-1
2015950003524,1,9,0,16,0,0,2,0,1,0,4,1,6,2,41,7,2494,2,9,-1,3,-1
2015950003525,1,9,0,18,0,1,0,0,0,0,1,1,2,1,28,6,1868,2,14,-1,1,-1
2015950003525,2,9,0,9,0,8,0,0,0,0,2,1,1,3,-1,-1,-1,-1,-1,-1,-1,-1
2015950003540,1,9,0,4,0,1,0,0,0,0,1,1,6,3,-1,-1,-1,-1,-1,-1,-1,-1
2015950003540,2,9,0,3,0,1,0,0,0,0,2,1,6,2,26,6,998,1,15,-1,1,-1
2015950003541,1,3,0,18,0,1,0,0,0,0,1,1,6,1,22,5,124,1,-1,-1,1,-1
2015950003548,1,1,0,18,0,1,0,10,0,0,1,1,6,1,36,7,-1,-1,-1,-1,1,-1
2015950003548,2,19,0,18,0,8,0,0,0,0,4,1,1,1,36,7,2151,2,11,-1,1,-1
2015950003563,1,9,0,7,0,4,0,0,0,0,4,1,6,1,25,5,1596,1,5,-1,1,-1
2015950003563,2,1,0,18,0,4,0,0,0,0,3,1,6,1,62,9,-1,-1,-1,-1,3,-1
2015950003564,1,3,0,18,0,2,0,0,0,0,1,1,6,1,13,3,-1,-1,-1,-1,-1,-1
2015950003564,2,1,0,18,0,2,5,0,0,0,4,1,6,2,6,2,-1,-1,-1,-1,1,-1
2015950003565,1,19,0,9,0,0,0,0,0,0,2,1,1,1,50,8,2402,2,13,-1,1,-1
2015950003565,2,4,0,18,0,0,0,0,0,0,2,1,6,1,54,8,645,1,14,-1,3,-1
2015950003567,1,9,0,7,0,5,0,0,0,0,4,1,6,2,76,11,1590,1,10,-1,1,-1
2015950003567,2,1,0,18,4,1,0,0,0,0,4,1,6,1,26,6,-1,-1,-1,-1,1,-1
2015950003569,1,19,0,17,0,0,0,6,3,0,4,1,1,1,23,5,2143,2,1,-1,-1,-1
2015950003571,1,19,0,13,0,0,0,0,0,0,1,1,2,1,24,5,1686,2,12,-1,1,-1
2015950003571,2,9,0,17,0,0,0,0,0,0,1,1,6,1,44,7,1560,2,5,-1,3,-1
2015950003593,1,9,0,13,0,0,0,0,0,0,4,1,6,1,56,9,-1,-1,-1,-1,1,-1
2015950003593,2,1,0,18,0,0,0,0,0,0,1,1,6,1,28,6,-1,-1,-1,-1,1,-1
2015950003595,1,9,0,18,0,1,0,0,0,0,1,1,6,1,33,6,1968,2,7,-1,1,-1
2015950003597,1,9,0,17,0,0,0,0,1,11,1,1,6,1,17,4,1242,1,8,-1,-1,-1
2015950003598,1,19,0,18,0,0,0,0,0,0,1,1,6,1,44,7,1870,2,13,-1,1,-1
2015950003599,1,9,0,9,0,8,0,0,0,0,3,1,6,2,56,9,1299,1,10,-1,1,-1
2015950003599,2,1,0,18,0,8,0,0,0,0,1,1,6,1,32,6,-1,-1,-1,-1,1,-1
2015950003600,1,9,0,18,0,1,0,0,0,0,1,1,6,1,48,8,1783,1,11,-1,2,-1
2015950003600,2,9,0,3,0,1,0,0,0,0,2,1,6,2,55,8,1796,1,12,-1,1,-1
2015950003600,3,9,0,10,0,1,0,0,0,0,2,1,6,1,26,6,1598,2,2,-1,1,-1
2015950003600,4,9,0,18,0,1,0,0,0,0,1,1,6,2,22,5,1390,1,10,-1,1,-1
2015950003601,1,9,0,18,0,0,0,0,7,0,1,1,6,1,54,8,1598,2,1,-1,-1,-1
2015950003602,1,9,0,18,0,8,0,0,0,0,1,1,3,2,31,6,1968,2,5,-1,1,-1
2015950003602,2,9,0,9,0,1,0,0,0,0,2,1,3,2,68,10,1598,1,4,-1,1,-1
2015950003606,1,9,0,18,0,4,0,0,0,0,1,1,2,1,49,8,1398,1,1,-1,1,-1
2015950003606,2,1,0,9,0,4,0,0,0,0,4,1,6,1,42,7,-1,-1,-1,-1,-1,-1
2015950003607,1,19,0,10,0,6,0,0,0,0,0,1,6,3,-1,-1,-1,-1,-1,-1,-1,-1
2015950003607,2,9,0,10,0,6,0,0,0,0,0,1,6,2,49,8,1598,1,1,-1,1,-1
2015950003608,1,9,0,18,0,0,0,0,0,0,0,1,6,1,33,6,2231,2,9,-1,-1,-1
2015950003609,1,11,0,4,0,0,0,0,0,0,0,1,6,1,53,8,-1,2,16,-1,1,-1
2015950003610,1,11,0,4,2,0,0,0,0,0,1,1,6,1,30,6,9360,2,7,-1,1,-1
2015950003612,1,9,0,18,0,0,0,0,1,0,1,1,6,1,17,4,1229,1,11,-1,3,-1
2015950003613,1,9,0,18,0,1,0,0,0,0,1,1,6,3,-1,-1,-1,-1,-1,-1,-1,-1
2015950003613,2,11,0,4,0,8,0,0,0,0,0,1,6,3,-1,-1,5132,2,-1,-1,-1,-1