Accident_Index,Vehicle_Reference,Vehicle_Type,Towing_and_Articulation,Vehicle_Manoeuvre,Vehicle_Location-Restricted_Lane,Junction_Location,Skidding_and_Overturning,Hit_Object_in_Carriageway,Vehicle_Leaving_Carriageway,Hit_Object_off_Carriageway,1st_Point_of_Impact,Was_Vehicle_Left_Hand_Drive?,Journey_Purpose_of_Driver,Sex_of_Driver,Age_of_Driver,Age_Band_of_Driver,Engine_Capacity_(CC),Propulsion_Code,Age_of_Vehicle,Driver_IMD_Decile,Driver_Home_Area_Type,Vehicle_IMD_Decile
2015950003615,1,9,0,13,0,0,0,0,0,0,0,1,6,3,-1,-1,-1,-1,-1,-1,-1,-1
2015950003615,2,1,0,18,0,0,0,0,0,0,0,1,6,2,52,8,-1,-1,-1,-1,1,-1
2015950003616,1,9,0,9,0,8,0,0,0,0,1,1,6,2,18,4,1242,1,1,-1,3,-1
2015950003616,2,9,0,18,0,8,0,0,0,0,3,1,6,2,20,4,1206,1,6,-1,1,-1
2015950003620,1,9,0,6,0,0,0,0,0,0,1,1,6,1,38,7,-1,-1,-1,-1,1,-1
2015950003620,2,4,0,16,0,0,0,0,0,0,1,1,6,1,28,6,750,1,4,-1,3,-1
2015950003621,1,9,0,9,0,1,0,4,0,0,3,1,6,1,29,6,1596,1,5,-1,1,-1
2015950003621,2,9,0,2,0,1,0,0,0,0,3,1,6,3,-1,-1,1995,2,9,-1,-1,-1
2015950003621,3,9,0,2,0,1,0,0,0,0,3,1,6,3,-1,-1,1229,1,6,-1,-1,-1
2015950003621,4,9,0,2,0,1,0,0,0,0,1,1,6,3,-1,-1,1596,1,11,-1,-1,-1
2015950003621,5,9,0,18,0,1,0,0,0,0,1,1,6,1,27,6,-1,-1,-1,-1,1,-1
2015950003622,1,4,0,4,0,0,0,0,0,0,1,1,6,1,47,8,998,1,8,-1,1,-1
2015950003623,1,9,0,18,0,1,0,0,0,0,3,1,6,1,40,7,1388,1,11,-1,3,-1
2015950003624,1,4,0,16,0,0,0,0,7,0,1,1,6,1,21,5,645,1,1,-1,1,-1
2015950003625,1,19,0,5,0,4,0,0,0,0,4,1,6,1,50,8,2464,2,7,-1,1,-1
2015950003625,2,9,0,5,0,4,0,0,0,0,3,1,6,2,37,7,1461,2,6,-1,1,-1
2015950003628,1,9,4,18,0,4,0,0,0,0,1,1,6,2,79,11,1198,1,5,-1,3,-1
2015950003628,2,9,4,5,0,4,0,0,0,0,2,1,1,1,56,9,-1,-1,-1,-1,-1,-1
2015950003629,1,9,0,9,0,8,0,0,0,0,1,1,6,2,45,7,1242,1,6,-1,1,-1
2015950003629,2,9,0,18,0,8,0,0,0,0,1,1,6,1,45,7,1242,1,7,-1,1,-1
2015950003631,1,1,0,7,0,8,0,0,0,0,1,1,6,1,47,8,-1,-1,-1,-1,1,-1
2015950003632,1,9,0,18,0,0,0,0,0,0,4,1,6,1,27,6,2996,1,9,-1,1,-1
2015950003633,1,19,0,9,0,2,0,0,7,0,1,1,1,1,31,6,1560,2,4,-1,3,-1
2015950003633,2,9,0,18,0,8,0,10,7,0,1,1,1,1,33,6,1596,1,13,-1,1,-1
2015950003634,1,9,0,4,0,1,0,0,0,0,4,1,6,2,34,6,1896,2,13,-1,2,-1
2015950003637,1,1,0,18,0,1,0,0,0,0,1,1,6,2,8,2,-1,-1,-1,-1,1,-1
2015950003637,2,9,0,18,0,1,0,0,0,0,1,1,6,1,65,9,1390,1,8,-1,3,-1
2015950003640,1,9,0,18,0,0,5,0,7,0,4,1,6,1,20,4,998,1,3,-1,3,-1
2015950003643,1,9,0,18,0,1,0,0,0,0,1,1,6,3,-1,-1,-1,-1,-1,-1,-1,-1
2015950003645,1,9,0,18,0,0,0,0,0,0,3,1,6,2,76,11,1560,2,7,-1,3,-1
2015950003645,2,1,0,18,0,0,0,0,0,0,4,1,6,1,51,8,-1,-1,-1,-1,1,-1
2015950003646,1,19,0,1,0,2,0,0,0,0,1,1,6,1,27,6,2198,2,1,-1,-1,-1
2015950003646,2,9,0,3,0,1,0,0,0,0,2,1,6,1,44,7,1598,1,12,-1,3,-1
2015950003647,1,19,0,14,0,0,0,0,0,0,3,1,6,3,-1,-1,2402,2,5,-1,-1,-1
2015950003647,2,9,0,18,0,0,0,0,0,0,4,1,6,2,33,6,1596,1,9,-1,1,-1
2015950003648,1,9,0,16,0,1,0,0,0,0,1,1,6,2,36,7,1968,2,11,-1,2,-1
2015950003651,1,9,0,18,0,2,0,0,0,0,1,1,6,1,67,10,1796,1,7,-1,1,-1
2015950003654,1,9,0,18,0,0,0,0,0,0,1,1,6,1,38,7,2993,2,2,-1,3,-1
2015950003654,2,9,0,3,0,0,0,0,0,0,2,1,2,1,27,6,1997,1,4,-1,1,-1
2015950003654,3,19,0,3,0,0,0,0,0,0,2,1,1,1,55,8,1461,2,4,-1,-1,-1
2015950003654,4,9,0,3,0,0,0,0,0,0,2,1,6,1,28,6,1956,2,4,-1,1,-1
2015950003657,1,9,0,4,0,1,1,0,0,1,1,1,6,1,24,5,1124,1,6,-1,1,-1
2015950003658,1,9,0,7,0,8,0,0,0,0,1,1,6,2,36,7,1560,2,8,-1,3,-1
2015950003661,1,9,0,18,0,0,1,10,1,4,3,1,6,1,35,6,-1,-1,-1,-1,1,-1
2015950003668,1,11,0,5,0,0,0,0,0,0,0,1,1,1,36,7,7300,2,11,-1,1,-1
2015950003672,1,19,0,18,0,1,0,0,0,0,1,1,2,1,20,4,2477,2,5,-1,3,-1
2015950003672,2,9,0,9,0,8,0,0,0,0,2,1,6,2,42,7,1896,2,7,-1,3,-1
2015950003674,1,9,0,9,0,8,0,0,0,0,1,1,6,1,60,9,1797,8,-1,-1,-1,-1
2015950003674,2,9,0,18,0,8,0,0,0,0,1,1,6,2,46,8,1198,1,7,-1,2,-1
2015950003675,1,9,0,1,0,0,0,0,0,0,2,1,2,1,51,8,4367,2,2,-1,1,-1
2015950003678,1,9,0,18,0,1,0,0,0,6,1,1,6,2,33,6,1984,1,9,-1,1,-1
2015950003678,2,19,0,18,0,1,0,0,0,0,1,1,2,1,54,8,1560,2,8,-1,1,-1
2015950003678,3,9,0,18,0,1,0,0,0,0,2,1,2,1,46,8,1598,1,2,-1,-1,-1
2015950003678,4,9,0,18,0,1,0,0,0,0,0,1,6,1,49,8,1461,2,-1,-1,1,-1
2015950003680,1,9,0,18,0,8,0,0,0,0,1,1,6,3,-1,-1,-1,-1,-1,-1,-1,-1
2015950003699,1,9,0,18,0,0,0,0,0,0,1,1,6,1,35,6,1497,1,12,-1,1,-1
2015950003699,2,9,0,3,0,0,0,0,0,0,2,1,6,2,46,8,1490,1,8,-1,2,-1
2015950003699,3,9,0,3,0,0,0,0,0,0,2,1,6,2,38,7,-1,-1,-1,-1,3,-1
2015950003707,1,9,0,18,0,1,0,0,1,1,1,1,6,1,26,6,1248,2,11,-1,-1,-1
2015950003707,2,9,0,18,0,1,0,0,0,0,2,1,2,1,32,6,1198,1,7,-1,3,-1
2015950003708,1,9,0,16,0,0,1,0,1,11,1,1,6,1,84,11,-1,-1,-1,-1,3,-1
2015950003715,1,1,0,18,0,0,0,11,0,0,4,1,6,1,43,7,-1,-1,-1,-1,1,-1
2015950003716,1,9,0,4,0,1,1,0,1,1,1,1,6,1,21,5,-1,-1,-1,-1,3,-1
2015950003716,2,9,0,18,0,1,0,0,0,0,1,1,6,1,26,6,1364,1,5,-1,3,-1
2015950003717,1,9,0,7,0,8,0,0,0,0,4,1,6,1,68,10,1332,1,16,-1,1,-1
2015950003717,2,1,0,18,0,8,0,0,0,0,1,1,6,2,27,6,-1,-1,-1,-1,1,-1
2015950003718,1,9,0,18,0,1,0,0,7,1,1,1,6,2,52,8,1598,1,5,-1,1,-1
2015950003719,1,9,0,9,2,2,0,0,0,0,4,1,1,2,41,7,1685,2,2,-1,3,-1
2015950003719,2,4,0,18,2,2,0,0,0,0,3,1,6,1,31,6,689,1,-1,-1,1,-1
2015950003719,3,19,0,2,2,2,0,0,0,0,3,1,6,1,54,8,2998,2,3,-1,-1,-1
2015950003720,1,9,0,7,0,4,0,0,0,0,1,1,6,1,50,8,1560,2,1,-1,-1,-1
2015950003720,2,1,0,18,0,8,0,0,0,0,1,1,6,1,40,7,-1,-1,-1,-1,1,-1
2015950003721,1,9,0,9,0,8,0,0,0,0,4,1,2,1,63,9,1242,1,7,-1,1,-1
2015950003721,2,9,0,18,0,1,0,0,1,1,1,1,2,1,38,7,-1,-1,-1,-1,1,-1
2015950003721,3,9,0,10,0,1,0,0,0,0,1,1,2,1,17,4,1198,1,1,-1,3,-1
2015950003722,1,9,0,18,0,1,1,0,0,0,1,1,6,1,54,8,1390,1,11,-1,3,-1
2015950003722,2,19,0,18,0,1,0,0,0,0,2,1,1,1,27,6,2198,2,7,-1,2,-1
2015950003723,1,21,4,18,0,0,0,0,0,0,1,2,1,1,29,6,-1,-1,-1,-1,-1,-1
2015950003723,2,9,0,18,0,0,0,0,0,0,2,1,2,1,44,7,1598,2,3,-1,1,-1
2015950003723,3,9,0,4,0,0,0,0,0,0,2,1,6,1,29,6,1591,1,1,-1,-1,-1
2015950003723,4,19,0,4,0,0,0,0,0,0,2,1,1,1,60,9,2499,2,-1,-1,3,-1
2015950003723,5,9,0,5,0,0,0,0,0,0,2,1,2,1,58,9,1560,2,2,-1,1,-1
2015950003725,1,4,0,2,9,1,5,0,0,0,4,1,6,3,-1,-1,1050,1,4,-1,-1,-1
2015950003726,1,11,0,5,0,1,0,0,0,0,0,1,1,1,61,9,9360,2,6,-1,1,-1
2015950003727,1,19,0,18,0,0,0,0,1,10,1,1,1,1,22,5,2198,2,1,-1,1,-1
2015950003728,1,9,0,18,0,1,0,0,3,4,1,1,6,2,21,5,998,1,13,-1,1,-1
2015950003729,1,1,0,18,0,8,0,0,0,0,1,1,6,1,13,3,-1,-1,-1,-1,1,-1
2015950003729,2,9,0,18,0,8,0,0,0,0,3,1,6,2,29,6,1242,1,6,-1,1,-1
2015950003730,1,9,0,6,0,0,0,0,0,0,3,1,2,1,44,7,1956,2,2,-1,1,-1
2015950003730,2,4,0,13,0,0,0,0,0,0,1,1,6,1,25,5,645,1,8,-1,1,-1
2015950003731,1,9,0,6,0,2,0,0,0,0,3,1,6,2,26,6,1242,1,1,-1,3,-1
2015950003731,2,9,0,18,0,1,0,0,0,0,1,1,6,1,57,9,1896,2,6,-1,1,-1
2015950003732,1,9,0,18,0,0,5,0,2,3,1,1,6,2,18,4,1242,1,8,-1,3,-1
2015950003733,1,9,0,18,0,8,0,0,0,0,1,1,6,2,27,6,1587,1,13,-1,1,-1
2015950003734,1,9,0,4,0,1,0,0,0,0,1,1,6,1,17,4,-1,-1,-1,-1,3,-1
2015950003734,2,9,0,3,0,1,0,0,0,0,2,1,6,2,44,7,1197,1,1,-1,1,-1
2015950003735,1,9,0,18,0,0,0,0,0,0,4,1,6,1,47,8,1686,2,2,-1,1,-1
2015950003736,1,9,0,18,0,0,0,0,0,0,1,1,6,1,31,6,1323,1,13,-1,1,-1
2015950003736,2,9,0,4,0,0,0,0,0,0,2,1,6,2,29,6,1229,1,5,-1,1,-1
2015950003737,1,9,0,4,0,1,0,0,0,0,1,1,6,1,37,7,1461,2,3,-1,1,-1
2015950003737,2,9,0,4,0,1,0,0,0,0,2,1,6,2,47,8,1197,1,1,-1,1,-1
2015950003737,3,19,0,3,0,1,0,0,0,0,2,1,1,1,56,9,1753,2,13,-1,2,-1
2015950003737,4,9,0,3,0,1,0,0,0,0,2,1,6,2,22,5,-1,-1,-1,-1,-1,-1
2015950003742,1,9,0,9,0,1,0,0,0,0,3,1,6,1,19,4,1198,1,4,-1,1,-1
2015950003742,2,9,0,13,0,1,0,0,0,0,1,1,6,1,59,9,1240,1,5,-1,1,-1
2015950003743,1,9,0,18,0,2,0,0,0,0,3,1,1,1,45,7,1995,2,11,-1,1,-1
2015950003745,1,9,0,16,0,0,0,0,0,0,1,1,6,1,72,10,1596,1,9,-1,3,-1
2015950003745,2,9,0,2,0,0,0,0,0,0,2,1,6,3,-1,-1,1390,1,3,-1,-1,-1
2015950003745,3,9,0,2,0,0,0,0,0,0,2,1,6,3,-1,-1,1598,1,8,-1,-1,-1
2015950003746,1,11,0,18,0,1,0,0,0,0,0,1,1,1,43,7,9000,2,8,-1,1,-1
2015950003750,1,9,0,18,0,2,0,0,0,0,2,1,6,1,54,8,1997,2,1,-1,1,-1
2015950003750,2,11,0,13,0,2,0,0,0,0,4,1,1,1,47,8,9360,2,6,-1,1,-1
2015950003751,1,9,0,9,0,8,0,0,0,0,1,1,6,2,30,6,1461,2,10,-1,1,-1
2015950003751,2,1,0,18,0,1,0,0,0,0,1,1,2,1,31,6,-1,-1,-1,-1,1,-1
2015950003752,1,8,0,12,0,0,0,0,0,0,4,1,1,1,41,7,2143,2,1,-1,1,-1
2015950003761,1,9,0,18,0,0,1,0,1,11,1,1,2,1,28,6,1796,1,11,-1,3,-1
2015950003766,1,9,0,18,0,1,0,0,0,0,1,1,6,1,27,6,1229,1,10,-1,1,-1
2015950003766,2,9,0,10,0,1,0,0,0,0,2,1,1,1,53,8,1956,2,4,-1,1,-1
2015950003777,1,9,0,18,0,0,0,0,0,0,1,1,6,1,45,7,1598,2,3,-1,2,-1
2015950003777,2,9,0,18,0,0,0,0,0,0,2,1,6,2,47,8,1397,1,12,-1,1,-1
2015950003790,1,9,0,18,0,8,0,0,0,0,3,1,2,1,43,7,1339,1,10,-1,2,-1
2015950003792,1,20,0,13,0,0,0,0,0,0,0,1,6,3,-1,-1,-1,-1,-1,-1,-1,-1
2015950003792,2,1,0,18,0,0,0,0,0,0,4,1,6,2,33,6,-1,-1,-1,-1,2,-1
2015950003793,1,9,0,9,0,2,0,0,0,0,4,1,6,2,52,8,1398,1,1,-1,1,-1
2015950003793,2,9,0,18,0,1,0,0,0,0,1,1,2,2,25,5,998,1,2,-1,1,-1
2015950003793,3,9,0,10,0,1,0,0,0,0,1,1,6,1,25,5,1598,1,9,-1,1,-1
2015950003794,1,9,0,17,0,0,0,6,0,0,1,1,6,2,38,7,1242,1,2,-1,3,-1
2015950003795,1,8,0,18,0,1,0,0,0,0,4,1,1,3,-1,-1,-1,-1,-1,-1,-1,-1
2015950003796,1,11,0,14,0,0,0,0,0,0,4,1,1,1,-1,-1,9360,2,7,-1,1,-1
2015950003796,2,11,0,3,2,0,0,0,0,0,3,1,1,1,32,6,7300,2,10,-1,1,-1
2015950003797,1,19,0,9,0,8,0,0,0,0,4,1,1,1,29,6,2198,2,1,-1,1,-1
2015950003797,2,1,0,18,0,1,0,0,0,0,1,1,6,1,51,8,-1,-1,-1,-1,1,-1
2015950003798,1,1,0,18,0,2,0,0,0,0,1,1,6,1,11,3,-1,-1,-1,-1,1,-1
2015950003798,2,9,0,15,0,1,0,0,0,0,1,1,6,1,85,11,1910,2,10,-1,1,-1
2015950003801,1,8,0,11,0,0,0,0,0,0,0,1,1,1,-1,-1,-1,-1,-1,-1,-1,-1
2015950003801,2,11,0,18,0,0,0,0,0,0,0,1,1,1,52,8,9360,2,8,-1,1,-1
2015950003805,1,4,0,18,0,1,1,0,0,0,1,1,6,1,54,8,-1,-1,-1,-1,-1,-1
2015950003805,2,9,0,18,0,1,0,0,0,0,1,1,1,1,58,9,1997,2,2,-1,1,-1
2015950003807,1,9,0,17,0,0,0,0,0,0,1,1,6,2,32,6,1598,1,8,-1,3,-1
2015950003807,2,9,0,16,0,0,0,0,0,0,1,1,6,1,60,9,1598,2,3,-1,3,-1
2015950003808,1,9,0,17,0,0,1,0,0,0,1,1,2,1,23,5,1149,1,8,-1,3,-1
2015950003808,2,9,0,16,0,0,0,0,0,0,1,1,6,2,51,8,1998,2,4,-1,1,-1
2015950003809,1,9,0,16,0,0,2,10,0,0,4,1,6,1,18,4,1242,1,12,-1,3,-1
2015950003810,1,11,0,5,0,2,0,0,0,0,0,1,1,1,48,8,7300,2,9,-1,1,-1
2015950003811,1,19,0,18,0,0,0,0,0,0,1,1,1,1,24,5,2143,2,2,-1,2,-1
2015950003811,2,9,0,18,0,0,0,0,0,0,2,1,6,2,26,6,1229,1,4,-1,1,-1
2015950003811,3,9,0,18,0,0,0,0,0,0,3,1,6,2,35,6,1248,2,4,-1,2,-1
2015950003813,1,1,0,16,0,0,0,0,0,0,2,1,6,2,57,9,-1,-1,-1,-1,3,-1
2015950003813,2,9,0,16,0,0,1,0,2,11,1,1,6,2,36,7,1399,2,6,-1,3,-1
2015950003814,1,9,0,18,0,0,0,0,0,0,1,1,6,2,47,8,-1,-1,-1,-1,1,-1
2015950003814,2,10,0,18,0,0,0,0,0,0,1,1,6,1,30,6,-1,-1,-1,-1,-1,-1
2015950003815,1,9,0,18,0,0,0,0,1,10,1,1,6,1,17,4,998,1,14,-1,1,-1
2015950003816,1,9,0,12,0,8,0,0,0,0,4,1,6,1,80,11,2204,2,7,-1,1,-1
2015950003816,2,9,0,9,0,8,0,0,0,0,2,1,6,1,36,7,1364,1,9,-1,1,-1
2015950003817,1,11,0,18,0,0,0,10,0,0,0,1,1,1,65,9,7300,2,3,-1,-1,-1
2015950003818,1,19,0,18,0,0,0,0,0,0,4,1,6,1,49,8,1995,2,1,-1,1,-1
2015950003819,1,9,0,18,0,0,2,10,7,0,1,1,6,2,22,5,1242,1,9,-1,1,-1
2015950003819,2,9,0,18,0,0,0,0,0,0,3,1,6,2,47,8,1599,1,11,-1,2,-1
2015950003821,1,9,0,18,0,0,5,0,1,7,1,1,6,1,26,6,1769,1,10,-1,1,-1
2015950003822,1,9,0,18,0,0,2,0,7,11,1,1,6,1,36,7,1242,1,9,-1,1,-1
2015950003823,1,9,0,18,0,0,1,11,0,6,1,1,6,2,21,5,1124,1,9,-1,1,-1
2015950003823,2,9,0,18,0,0,0,1,0,0,1,1,6,1,47,8,1995,2,11,-1,-1,-1
2015950003825,1,9,0,9,0,1,0,0,0,0,1,1,6,1,71,10,1998,1,2,-1,1,-1
2015950003825,2,9,0,18,0,8,0,0,0,0,1,1,6,1,52,8,1796,1,12,-1,1,-1
2015950003826,1,9,0,18,0,0,0,0,0,0,1,1,6,1,62,9,1597,2,1,-1,3,-1
2015950003826,2,9,0,18,0,0,0,0,0,0,2,1,6,1,36,7,1591,1,3,-1,1,-1
2015950003827,1,9,0,18,0,0,0,4,0,0,1,1,6,2,35,6,1498,1,15,-1,1,-1
2015950003827,2,9,0,2,0,0,0,0,0,0,1,1,6,3,-1,-1,1968,2,3,-1,-1,-1
2015950003828,1,9,0,18,0,0,0,0,0,0,1,1,6,2,31,6,998,1,8,-1,1,-1
2015950003828,2,9,0,3,0,0,0,0,0,0,2,1,6,1,48,8,1896,2,13,-1,1,-1
2015950003828,3,9,0,3,0,0,0,0,0,0,2,1,6,2,33,6,1598,1,1,-1,1,-1
2015950003829,1,9,0,17,0,0,0,0,0,0,1,1,6,2,28,6,998,1,6,-1,3,-1
2015950003829,2,9,0,4,0,0,1,0,0,0,2,1,6,1,27,6,-1,-1,-1,-1,3,-1
2015950003829,3,90,0,18,0,0,0,0,0,0,0,1,1,1,59,9,2999,2,3,-1,3,-1
2015950003830,1,9,0,18,0,8,0,0,0,0,1,1,6,2,20,4,1240,1,12,-1,1,-1
2015950003830,2,9,0,4,0,8,0,0,0,0,2,1,6,1,58,9,1598,1,13,-1,1,-1
2015950003831,1,19,0,7,0,2,0,0,0,0,4,1,6,1,52,8,2198,2,-1,-1,2,-1
2015950003834,1,9,0,15,0,0,0,0,0,0,0,1,6,3,-1,-1,-1,-1,-1,-1,-1,-1
2015950003834,2,1,0,18,0,0,0,0,0,0,0,1,6,1,46,8,-1,-1,-1,-1,1,-1
2015950003835,1,9,0,11,0,0,0,0,0,0,2,1,2,1,23,5,1198,1,9,-1,1,-1
2015950003835,2,4,0,18,0,0,5,0,0,0,1,1,2,1,25,5,748,1,10,-1,1,-1
2015950003838,1,9,0,18,0,0,0,0,0,0,1,1,6,1,33,6,2979,1,10,-1,1,-1
2015950003839,1,9,0,17,0,1,0,0,7,11,1,1,6,2,47,8,998,1,18,-1,3,-1
2015950003842,1,1,0,18,0,0,0,4,0,0,3,1,6,1,21,5,-1,-1,-1,-1,1,-1
2015950003842,2,9,0,4,0,0,0,0,0,0,2,1,6,3,-1,-1,-1,-1,-1,-1,-1,-1
2015950003842,3,8,0,2,0,0,0,0,0,0,2,1,6,3,-1,-1,2143,2,1,-1,-1,-1
2015950003843,1,9,0,4,0,0,0,0,0,0,1,1,6,1,42,7,1388,1,3,-1,-1,-1
2015950003843,2,9,0,4,0,0,0,0,0,0,2,1,1,1,40,7,2494,2,1,-1,1,-1
2015950003843,3,9,0,4,0,0,0,0,0,0,2,1,6,1,60,9,1951,2,13,-1,3,-1
2015950003844,1,9,0,18,0,2,0,0,0,0,1,1,6,1,20,4,1587,1,13,-1,1,-1
2015950003844,2,9,0,18,0,2,0,0,0,0,2,1,6,1,30,6,1997,2,10,-1,1,-1
2015950003846,1,9,0,9,0,8,0,0,0,0,0,1,6,1,-1,-1,-1,-1,-1,-1,-1,-1
2015950003846,2,11,0,18,0,1,0,0,0,0,0,1,1,1,50,8,9360,2,4,-1,1,-1
2015950003847,1,11,0,3,2,0,0,0,0,0,0,1,6,1,50,8,9360,2,4,-1,-1,-1
2015950003848,1,9,0,17,0,0,2,0,1,11,1,1,6,2,82,11,1598,1,7,-1,3,-1
2015950003849,1,9,0,18,0,8,0,0,0,0,1,1,6,1,31,6,1108,1,13,-1,1,-1
2015950003849,2,1,0,9,0,8,0,0,0,0,2,1,6,2,51,8,-1,-1,-1,-1,1,-1
2015950003850,1,9,0,18,0,0,0,0,1,11,1,1,6,2,32,6,1599,1,11,-1,1,-1
2015950003851,1,9,0,16,0,7,1,0,1,2,3,1,1,2,18,4,1242,1,5,-1,3,-1
2015950003852,1,11,0,7,0,8,0,0,0,0,1,1,1,1,51,8,7300,2,9,-1,1,-1
2015950003853,1,9,0,9,0,8,0,0,0,0,1,1,6,1,70,10,1229,1,-1,-1,-1,-1
2015950003853,2,4,0,18,0,8,0,0,0,2,1,1,6,1,26,6,600,1,13,-1,3,-1
2015950003855,1,11,0,9,0,5,0,0,0,0,0,1,6,1,55,8,7300,2,9,-1,1,-1
2015950003856,1,9,0,18,0,8,0,0,0,0,4,1,6,3,-1,-1,-1,-1,-1,-1,-1,-1
2015950003857,1,9,0,18,0,8,0,0,0,0,1,1,6,2,-1,-1,-1,-1,-1,-1,-1,-1
2015950003858,1,11,0,15,0,0,0,0,0,0,0,1,6,1,63,9,4461,2,1,-1,1,-1
2015950003858,2,1,0,18,0,0,0,0,0,0,0,1,6,1,40,7,-1,-1,-1,-1,1,-1
2015950003859,1,1,0,18,0,8,0,0,0,0,1,1,6,1,33,6,-1,-1,-1,-1,1,-1
2015950003859,2,19,0,18,0,8,0,0,0,0,4,1,1,1,50,8,2477,2,4,-1,1,-1
2015950003860,1,19,0,18,0,1,0,0,0,0,1,1,1,1,35,6,2143,2,1,-1,1,-1
2015950003860,2,9,0,18,0,1,0,0,0,0,2,1,6,2,49,8,1242,1,8,-1,1,-1
2015950003860,3,9,0,9,0,1,0,0,0,0,2,1,1,2,46,8,1900,2,17,-1,1,-1
2015950003861,1,9,0,18,0,0,0,0,0,0,1,1,6,2,22,5,-1,-1,-1,-1,1,-1
2015950003861,2,2,0,18,0,0,0,0,0,0,2,1,6,1,32,6,49,1,2,-1,1,-1
2015950003862,1,9,0,18,0,0,0,0,0,0,4,1,2,2,42,7,1229,1,1,-1,1,-1
2015950003862,2,9,0,18,0,0,0,0,0,0,3,1,2,2,53,8,1995,2,-1,-1,1,-1
2015950003863,1,90,0,5,0,0,0,0,0,0,1,1,6,1,-1,-1,-1,-1,-1,-1,-1,-1
2015950003863,2,1,0,13,0,0,0,0,0,0,1,1,6,1,18,4,-1,-1,-1,-1,1,-1
2015950003864,1,9,0,2,0,1,0,0,0,0,3,2,2,3,-1,-1,1368,1,6,-1,-1,-1
2015950003864,2,1,0,18,0,1,0,0,0,0,1,1,6,2,18,4,-1,-1,-1,-1,1,-1
2015950003865,1,21,0,9,0,1,0,0,0,0,0,1,1,1,59,9,5880,2,9,-1,1,-1
2015950003865,2,1,0,18,0,1,0,0,0,0,0,1,6,1,24,5,-1,-1,-1,-1,1,-1
2015950003866,1,9,0,4,0,8,0,0,7,10,1,1,4,2,33,6,1596,1,7,-1,1,-1
2015950003867,1,9,0,18,0,1,0,0,0,0,1,1,6,1,45,7,1986,2,8,-1,1,-1
2015950003867,2,9,0,10,0,8,0,0,0,0,2,1,6,1,62,9,1229,1,3,-1,1,-1
2015950003868,1,9,0,7,0,1,0,0,0,0,1,1,6,1,29,6,1596,1,12,-1,3,-1
2015950003868,2,9,0,17,0,8,0,0,0,0,4,1,2,2,18,4,1596,1,9,-1,1,-1
2015950003869,1,9,0,4,0,0,0,0,0,0,2,1,6,2,21,5,1198,1,11,-1,3,-1
2015950003869,2,9,0,18,0,0,0,0,0,0,1,1,6,2,24,5,1390,1,11,-1,1,-1
2015950003870,1,9,0,18,0,0,0,0,0,0,1,1,6,1,26,6,1796,1,5,-1,3,-1
2015950003870,2,9,0,3,0,0,0,0,0,0,2,1,6,1,48,8,1995,2,10,-1,1,-1
2015950003871,1,90,0,18,0,0,0,0,0,0,4,1,1,1,38,7,7146,2,5,-1,1,-1
2015950003872,1,11,0,5,0,8,0,0,0,0,0,1,1,1,54,8,5132,2,-1,-1,1,-1
2015950003873,1,9,0,5,0,0,0,0,0,0,1,1,1,1,32,6,1995,1,9,-1,1,-1
2015950003873,2,90,0,18,0,0,0,0,0,0,4,1,1,1,63,9,-1,-1,-1,-1,1,-1
2015950003874,1,9,0,13,0,2,0,0,0,0,4,1,6,1,56,9,1582,2,-1,-1,1,-1
2015950003874,2,1,0,18,0,2,0,0,0,0,3,1,6,1,27,6,-1,-1,-1,-1,1,-1
2015950003875,1,9,0,9,0,0,0,0,0,0,3,1,6,1,45,7,1598,1,3,-1,1,-1
2015950003875,2,4,0,14,0,0,0,0,0,0,1,1,6,1,45,7,398,1,24,-1,3,-1
2015950003876,1,19,0,18,0,1,0,0,0,0,1,1,6,1,22,5,2402,2,10,-1,1,-1
2015950003876,2,8,0,9,0,8,0,0,0,0,1,1,1,1,33,6,2402,2,10,-1,1,-1
2015950003877,1,9,0,6,0,1,0,0,0,0,4,1,1,1,58,9,1998,2,8,-1,1,-1
2015950003877,2,1,0,18,0,1,0,0,0,0,1,1,6,2,36,7,-1,-1,-1,-1,1,-1
2015950003879,1,9,0,18,0,8,0,0,0,0,1,1,2,1,26,6,2261,1,11,-1,1,-1
2015950003879,2,9,0,10,0,8,0,0,0,0,2,1,2,2,24,5,1229,1,5,-1,1,-1
2015950003882,1,3,0,4,0,1,0,0,0,0,1,1,6,1,67,10,125,1,12,-1,1,-1
2015950003882,2,9,0,3,0,1,0,0,0,0,2,1,6,2,36,7,1997,2,7,-1,1,-1
2015950003883,1,9,0,18,0,0,5,0,1,0,1,1,6,2,35,6,1246,1,9,-1,1,-1
2015950003884,1,9,0,18,0,2,0,0,0,0,1,1,6,1,81,11,1360,1,12,-1,1,-1
2015950003885,1,3,0,16,0,0,0,0,0,0,3,1,6,1,23,5,49,1,9,-1,1,-1
2015950003885,2,9,0,13,0,0,0,0,0,0,4,1,6,1,39,7,2188,2,10,-1,1,-1
2015950003886,1,9,0,16,0,0,0,0,0,0,1,2,6,1,46,8,-1,-1,-1,-1,-1,-1
2015950003886,2,9,0,17,0,0,0,0,0,0,1,1,6,2,41,7,1598,1,9,-1,3,-1