Accident_Index,Vehicle_Reference,Vehicle_Type,Towing_and_Articulation,Vehicle_Manoeuvre,Vehicle_Location-Restricted_Lane,Junction_Location,Skidding_and_Overturning,Hit_Object_in_Carriageway,Vehicle_Leaving_Carriageway,Hit_Object_off_Carriageway,1st_Point_of_Impact,Was_Vehicle_Left_Hand_Drive?,Journey_Purpose_of_Driver,Sex_of_Driver,Age_of_Driver,Age_Band_of_Driver,Engine_Capacity_(CC),Propulsion_Code,Age_of_Vehicle,Driver_IMD_Decile,Driver_Home_Area_Type,Vehicle_IMD_Decile
2015950003898,1,9,0,16,0,0,0,0,0,0,3,1,2,1,38,7,1870,2,11,-1,1,-1
2015950003898,2,21,0,17,0,0,0,0,0,0,3,1,1,1,48,8,9290,2,2,-1,1,-1
2015950003902,1,11,0,4,2,0,0,0,0,0,1,1,1,1,28,6,9360,2,4,-1,1,-1
2015950003903,1,1,0,16,0,0,0,0,0,0,1,1,6,1,24,5,-1,-1,-1,-1,2,-1
2015950003903,2,9,0,17,0,0,0,0,0,0,3,1,6,2,55,8,1364,2,5,-1,1,-1
2015950003904,1,19,0,7,0,8,0,0,0,0,4,1,1,1,38,7,2402,2,6,-1,2,-1
2015950003904,2,1,0,18,0,1,0,0,0,0,1,1,6,1,62,9,-1,-1,-1,-1,1,-1
2015950003905,1,9,0,18,0,1,0,0,7,10,1,1,6,1,80,11,1560,2,2,-1,3,-1
2015950003906,1,9,0,18,0,0,0,0,0,0,1,1,2,1,23,5,-1,-1,-1,-1,1,-1
2015950003906,2,9,0,3,0,0,0,0,0,0,2,1,6,1,71,10,1388,1,3,-1,2,-1
2015950003906,3,9,0,4,0,0,0,0,0,0,2,1,6,1,52,8,1997,2,9,-1,1,-1
2015950003910,1,9,0,9,0,2,0,0,1,0,3,1,6,1,22,5,1242,1,12,-1,1,-1
2015950003910,2,19,0,18,0,1,0,0,0,0,1,1,1,1,56,9,2198,2,-1,-1,-1,-1
2015950003912,1,11,0,3,2,0,0,0,0,0,0,1,1,1,49,8,7300,2,4,-1,1,-1
2015950003913,1,9,0,18,0,1,0,0,0,0,1,1,6,3,-1,-1,-1,-1,-1,-1,-1,-1
2015950003914,1,9,0,5,0,1,0,0,0,0,1,1,1,1,34,6,1461,2,3,-1,1,-1
2015950003914,2,9,0,5,0,1,0,0,0,0,2,1,6,2,44,7,1769,1,14,-1,-1,-1
2015950003915,1,21,0,18,0,0,0,0,1,0,1,1,1,1,64,9,11021,2,9,-1,3,-1
2015950003916,1,9,0,18,0,8,0,0,0,0,1,1,2,1,48,8,1800,1,9,-1,1,-1
2015950003916,2,9,0,10,0,8,0,0,0,0,2,1,2,1,39,7,1685,2,2,-1,1,-1
2015950003917,1,11,0,7,0,1,0,0,0,0,4,1,1,1,41,7,-1,2,16,-1,1,-1
2015950003917,2,9,0,7,0,1,0,0,0,0,3,1,6,2,38,7,1999,1,9,-1,1,-1
2015950003918,1,20,0,18,0,0,0,0,0,0,1,1,1,1,54,8,1968,2,1,-1,1,-1
2015950003918,2,19,0,3,0,0,0,0,0,0,2,1,1,1,59,9,1399,2,7,-1,1,-1
2015950003918,3,19,0,3,0,0,0,0,0,0,2,1,1,1,41,7,1753,2,4,-1,1,-1
2015950003918,4,9,0,3,0,0,0,0,0,0,2,1,2,1,58,9,1794,1,13,-1,2,-1
2015950003920,1,9,0,18,0,8,0,0,0,0,3,1,6,2,40,7,1242,1,2,-1,1,-1
2015950003920,2,9,0,18,0,8,0,0,0,0,3,1,6,2,49,8,1598,1,9,-1,3,-1
2015950003921,1,19,0,9,0,8,0,0,0,0,4,1,6,1,38,7,-1,-1,-1,-1,1,-1
2015950003921,2,8,0,18,2,8,0,0,0,0,1,1,1,1,63,9,2499,2,6,-1,1,-1
2015950003922,1,3,0,18,0,0,0,10,7,1,4,1,6,1,26,6,125,1,1,-1,1,-1
2015950003923,1,9,0,7,0,2,0,0,1,10,1,1,6,1,70,10,2231,2,6,-1,3,-1
2015950003923,2,11,0,18,0,8,0,0,0,0,4,1,1,1,54,8,4500,2,4,-1,1,-1
2015950003931,1,3,0,4,0,4,0,0,0,0,0,1,2,1,25,5,124,1,5,-1,3,-1
2015950003934,1,9,0,9,0,8,0,0,0,0,1,1,6,1,19,4,1686,2,9,-1,3,-1
2015950003934,2,9,0,18,0,1,0,0,1,0,1,1,6,1,33,6,998,1,3,-1,3,-1
2015950003935,1,9,0,9,0,2,0,0,0,0,3,1,6,2,29,6,1560,2,11,-1,1,-1
2015950003935,2,4,0,16,0,1,0,0,0,0,1,1,6,1,58,9,1050,1,-1,-1,1,-1
2015950003936,1,9,0,18,0,0,0,0,5,6,3,1,1,1,44,7,1910,2,7,-1,1,-1
2015950003937,1,9,0,18,0,8,0,0,7,0,4,1,6,1,55,8,999,1,-1,-1,3,-1
2015950003937,2,9,0,18,0,8,0,0,0,0,1,1,6,2,29,6,1496,2,-1,-1,2,-1
2015950003939,1,9,0,9,0,0,0,0,0,0,1,1,6,1,20,4,1149,1,4,-1,-1,-1
2015950003939,2,9,0,18,0,0,0,0,0,0,1,1,6,2,39,7,1598,1,9,-1,1,-1
2015950003941,1,9,0,11,0,8,0,0,0,0,4,1,6,1,59,9,998,1,1,-1,1,-1
2015950003941,2,1,0,18,4,1,0,0,0,1,1,1,2,1,51,8,-1,-1,-1,-1,1,-1
2015950003943,1,19,0,4,0,8,0,0,0,0,1,1,1,1,20,4,2143,2,3,-1,1,-1
2015950003943,2,9,0,3,0,8,0,0,0,0,2,1,6,2,28,6,1242,1,9,-1,1,-1
2015950003944,1,4,0,17,0,0,2,0,2,0,4,1,6,1,27,6,806,1,1,-1,-1,-1
2015950003945,1,9,0,18,0,0,5,0,1,7,1,1,2,2,29,6,998,1,6,-1,2,-1
2015950003946,1,9,0,9,0,0,0,0,0,0,1,1,6,1,27,6,1198,1,9,-1,1,-1
2015950003946,2,1,0,18,0,0,0,0,0,0,1,1,6,1,45,7,-1,-1,-1,-1,3,-1
2015950003947,1,9,0,18,0,1,0,0,0,0,1,1,6,2,47,8,1896,2,13,-1,1,-1
2015950003947,2,9,0,3,0,1,0,0,0,0,2,1,6,2,21,5,1968,2,2,-1,1,-1
2015950003948,1,9,0,7,0,1,0,0,0,10,4,1,6,1,65,9,1997,2,2,-1,1,-1
2015950003948,2,4,0,18,2,0,0,0,0,0,3,1,2,1,54,8,1284,1,8,-1,1,-1
2015950003949,1,9,0,18,0,0,0,0,7,11,1,1,6,2,77,11,1999,1,14,-1,1,-1
2015950003950,1,9,0,16,0,0,1,0,1,0,3,1,6,3,-1,-1,998,1,22,-1,-1,-1
2015950003950,2,9,0,17,0,0,0,0,1,0,3,1,6,2,32,6,1598,1,1,-1,1,-1
2015950003951,1,8,0,18,0,8,0,0,0,0,3,1,6,3,-1,-1,-1,-1,-1,-1,-1,-1
2015950003952,1,9,0,9,0,1,0,0,0,0,1,1,6,2,52,8,1461,2,7,-1,3,-1
2015950003952,2,9,0,18,0,1,0,0,0,0,1,1,6,2,80,11,1590,1,21,-1,1,-1
2015950003953,1,9,0,18,0,0,0,0,7,9,1,1,6,1,19,4,1590,1,18,-1,1,-1
2015950003954,1,9,0,18,0,1,0,0,0,0,1,1,6,1,34,6,-1,-1,-1,-1,1,-1
2015950003954,2,9,0,18,0,1,0,0,0,0,2,1,6,1,51,8,1798,1,42,-1,3,-1
2015950003955,1,9,0,18,0,0,0,0,0,0,1,1,6,2,84,11,-1,-1,-1,-1,3,-1
2015950003955,2,19,0,18,0,0,0,0,0,0,3,1,1,1,53,8,2198,2,1,-1,3,-1
2015950003955,3,9,0,18,0,0,0,0,0,0,3,1,6,2,61,9,1197,1,1,-1,1,-1
2015950003957,1,9,0,6,0,0,0,0,0,0,1,1,1,1,61,9,1686,2,8,-1,1,-1
2015950003957,2,9,0,13,0,0,0,0,0,0,3,1,6,2,47,8,1998,2,8,-1,2,-1
2015950003958,1,9,0,9,0,8,0,0,0,0,4,1,6,1,20,4,1360,1,11,-1,-1,-1
2015950003958,2,3,0,18,0,8,0,0,0,0,1,1,1,1,36,7,108,1,1,-1,1,-1
2015950003959,1,19,0,18,0,0,0,0,0,0,4,1,1,1,28,6,2287,2,-1,-1,3,-1
2015950003960,1,9,0,13,0,0,0,0,5,6,3,1,2,1,22,5,1299,1,13,-1,1,-1
2015950003962,1,9,0,18,0,0,0,0,0,0,1,1,2,1,30,6,1339,1,7,-1,1,-1
2015950003962,2,9,0,4,0,0,0,0,0,0,2,1,2,2,46,8,-1,-1,-1,-1,1,-1
2015950003963,1,4,0,9,0,2,1,0,0,0,3,1,6,1,25,5,599,1,7,-1,2,-1
2015950003964,1,19,0,18,0,0,0,0,0,0,0,1,6,3,-1,-1,-1,-1,-1,-1,-1,-1
2015950003964,2,20,0,18,0,0,0,0,1,0,4,1,1,1,59,9,2287,2,2,-1,2,-1
2015950003965,1,9,0,4,0,0,0,0,1,10,4,1,6,2,32,6,1598,1,10,-1,1,-1
2015950003967,1,9,0,18,0,1,0,0,0,0,4,1,6,1,46,8,1582,2,3,-1,1,-1
2015950003968,1,9,0,11,0,0,0,0,0,0,2,1,1,1,35,6,1968,2,3,-1,3,-1
2015950003968,2,1,0,11,0,0,0,0,0,0,2,1,6,1,14,3,-1,-1,-1,-1,3,-1
2015950003969,1,9,0,18,0,0,0,0,0,0,1,1,6,1,52,8,1796,1,12,-1,1,-1
2015950003970,1,9,0,18,0,0,0,0,0,0,1,1,2,1,26,6,1998,1,8,-1,1,-1
2015950003971,1,9,0,7,0,1,0,0,0,0,1,1,6,1,51,8,875,1,1,-1,1,-1
2015950003971,2,9,0,7,0,1,0,0,0,0,2,1,6,2,42,7,1686,2,4,-1,2,-1
2015950003972,1,9,0,6,0,0,0,0,0,0,3,1,2,1,43,7,1794,1,9,-1,1,-1
2015950003972,2,1,0,18,0,0,0,0,0,0,3,1,6,1,38,7,-1,-1,-1,-1,3,-1
2015950003975,1,1,0,12,0,1,0,0,0,0,1,1,6,3,-1,-1,-1,-1,-1,-1,-1,-1
2015950003975,2,9,0,18,0,1,0,0,0,0,0,1,6,3,-1,-1,-1,-1,-1,-1,-1,-1
2015950003975,3,11,0,18,0,1,0,0,0,0,0,1,1,2,47,8,7300,2,2,-1,3,-1
2015950003976,1,11,0,18,2,1,0,0,0,0,4,1,1,1,49,8,7300,2,9,-1,1,-1
2015950003977,1,9,0,18,0,0,0,0,0,0,3,1,6,1,52,8,1998,1,10,-1,2,-1
2015950003978,1,9,0,18,0,2,0,0,0,0,1,1,2,2,41,7,1242,1,5,-1,1,-1
2015950003979,1,11,0,11,0,2,0,0,0,0,4,1,6,3,-1,-1,-1,-1,-1,-1,-1,-1
2015950003979,2,11,0,18,0,2,0,0,0,0,3,1,1,1,50,8,5132,2,1,-1,1,-1
2015950003980,1,98,0,18,0,0,0,4,7,0,4,1,1,1,51,8,2198,2,2,-1,1,-1
2015950003980,2,21,0,2,6,0,0,0,0,0,3,1,6,1,52,8,12900,2,3,-1,2,-1
2015950003980,3,9,0,18,0,0,0,0,7,0,1,1,6,1,32,6,1798,1,8,-1,1,-1
2015950003980,4,9,0,18,0,0,0,11,0,0,1,1,2,2,31,6,1229,1,2,-1,3,-1
2015950003981,1,19,0,17,0,0,1,0,1,11,1,1,1,1,36,7,2143,2,1,-1,2,-1
2015950003982,1,9,0,11,2,0,0,0,0,0,4,-1,6,2,-1,-1,-1,-1,-1,-1,-1,-1
2015950003982,2,1,0,18,0,0,0,0,0,0,3,1,6,1,38,7,-1,-1,-1,-1,1,-1
2015950003983,1,9,0,4,0,4,0,0,0,0,1,1,1,1,54,8,1598,2,1,-1,1,-1
2015950003983,2,9,0,4,0,4,0,0,0,0,2,1,6,2,21,5,1229,1,4,-1,1,-1
2015950003984,1,8,0,18,0,0,0,0,0,0,1,1,1,1,48,8,2499,2,4,-1,1,-1
2015950003985,1,4,0,17,0,0,0,0,7,0,1,1,6,1,46,8,-1,-1,-1,-1,-1,-1
2015950003985,2,9,0,16,0,0,0,0,0,0,1,1,6,1,61,9,1339,1,13,-1,2,-1
2015950003986,1,9,0,18,0,1,0,0,0,0,1,1,6,2,60,9,2521,1,12,-1,3,-1
2015950003987,1,9,0,7,0,8,0,0,0,0,4,1,6,1,39,7,1582,2,3,-1,1,-1
2015950003987,2,1,0,18,0,8,0,0,0,0,3,1,6,1,47,8,-1,-1,-1,-1,1,-1
2015950003988,1,19,0,4,0,0,0,0,0,0,1,1,1,1,42,7,1870,2,10,-1,2,-1
2015950003988,2,9,0,3,0,0,0,0,0,0,2,1,6,2,18,4,1229,1,1,-1,1,-1
2015950003989,1,9,0,4,0,1,0,0,0,0,1,1,6,2,54,8,1560,2,4,-1,1,-1
2015950003989,2,9,0,4,0,1,0,0,0,0,2,1,6,2,23,5,2000,2,11,-1,3,-1
2015950003990,1,9,0,18,0,0,0,0,0,0,1,1,6,3,-1,-1,-1,-1,-1,-1,-1,-1
2015950003990,2,9,0,18,0,0,2,0,1,7,2,1,6,1,41,7,1769,1,11,-1,1,-1
2015950003994,1,19,0,7,0,8,0,0,0,0,1,1,6,3,-1,-1,-1,-1,-1,-1,-1,-1
2015950003994,2,1,0,18,0,8,0,0,0,0,4,1,6,2,39,7,-1,-1,-1,-1,1,-1
2015950003997,1,11,0,17,0,1,0,0,0,0,1,1,1,1,49,8,4250,2,-1,-1,1,-1
2015950003998,1,19,0,9,0,8,0,0,0,0,1,1,6,1,82,11,-1,-1,-1,-1,1,-1
2015950003998,2,1,0,18,0,8,0,0,0,0,1,1,2,1,33,6,-1,-1,-1,-1,1,-1
2015950004001,1,9,0,18,0,2,0,0,0,0,4,1,6,2,54,8,1199,1,14,-1,1,-1
2015950004001,2,1,0,18,0,1,0,0,0,0,3,1,6,1,44,7,-1,-1,-1,-1,1,-1
2015950004003,1,9,0,9,0,8,0,0,0,0,3,1,6,1,27,6,1199,1,11,-1,1,-1
2015950004003,2,1,0,13,0,1,0,0,0,0,1,1,6,1,34,6,-1,-1,-1,-1,1,-1
2015950004004,1,9,0,9,0,2,0,0,0,0,3,1,2,1,23,5,1399,2,5,-1,1,-1
2015950004004,2,1,0,18,0,1,0,0,0,0,1,1,6,1,59,9,-1,-1,-1,-1,1,-1
2015950004006,1,9,0,17,0,0,1,0,0,0,1,1,2,1,24,5,998,1,11,-1,-1,-1
2015950004006,2,9,0,-1,0,0,0,0,0,0,0,1,1,1,59,9,2902,2,6,-1,1,-1
2015950004007,1,9,0,1,9,1,0,0,0,0,2,1,6,1,49,8,1596,1,13,-1,3,-1
2015950004008,1,9,0,18,0,4,0,0,0,0,1,1,1,1,29,6,-1,-1,-1,-1,1,-1
2015950004008,2,9,0,-1,0,0,0,0,0,0,0,1,6,1,32,6,1598,1,9,-1,1,-1
2015950004008,3,9,0,18,0,3,0,0,0,0,2,1,6,3,-1,-1,-1,-1,-1,-1,-1,-1
2015950004009,1,9,0,18,0,8,0,0,0,0,1,1,6,1,-1,-1,2099,1,12,-1,1,-1
2015950004009,2,9,0,3,0,8,0,0,0,0,2,1,2,2,44,7,1769,1,13,-1,2,-1
2015950004013,1,9,0,18,0,4,0,0,0,0,2,1,6,3,-1,-1,-1,-1,-1,-1,-1,-1
2015950004013,2,1,0,9,0,4,0,0,0,0,2,1,6,1,25,5,-1,-1,-1,-1,-1,-1
2015950004014,1,9,0,18,0,1,0,0,0,0,2,1,6,2,46,8,1199,1,12,-1,1,-1
2015950004014,2,1,0,10,0,1,0,0,0,0,2,1,6,2,50,8,-1,-1,-1,-1,1,-1
2015950004015,1,9,0,1,0,0,0,0,0,0,2,1,6,1,77,11,1108,1,6,-1,1,-1
2015950004016,1,9,0,18,0,0,0,0,0,0,4,1,6,1,45,7,1999,1,9,-1,2,-1
2015950004017,1,20,0,18,0,0,0,0,0,0,0,1,1,1,47,8,-1,-1,-1,-1,1,-1
2015950004017,2,9,0,18,0,0,0,11,0,0,1,1,6,1,47,8,1560,2,4,-1,1,-1
2015950004017,3,9,0,18,0,0,0,11,0,0,1,1,6,2,19,4,1329,1,-1,-1,1,-1
2015950004017,4,9,0,18,0,0,0,11,0,0,1,1,6,2,23,5,1149,1,12,-1,1,-1
2015950004018,1,9,0,18,0,1,0,0,0,0,3,1,6,1,63,9,1995,2,3,-1,1,-1
2015950004019,1,1,0,18,0,0,0,0,0,0,1,1,6,1,11,3,-1,-1,-1,-1,1,-1
2015950004019,2,9,0,4,0,0,0,0,0,0,2,1,6,2,29,6,1396,1,1,-1,1,-1
2015950004020,1,9,0,18,0,1,0,0,0,0,1,1,6,1,28,6,1596,1,6,-1,1,-1
2015950004020,2,9,0,9,0,8,0,0,0,0,2,1,6,1,23,5,1461,2,11,-1,1,-1
2015950004027,1,9,0,9,0,0,0,0,0,0,1,1,6,1,45,7,-1,-1,-1,-1,1,-1
2015950004027,2,1,0,16,0,0,0,0,0,0,1,1,2,1,59,9,-1,-1,-1,-1,1,-1
2015950004028,1,9,0,17,0,0,5,0,7,4,4,1,2,1,29,6,1199,1,13,-1,1,-1
2015950004031,1,9,0,9,0,8,0,0,0,0,4,1,6,2,41,7,1242,1,8,-1,1,-1
2015950004031,2,1,0,18,0,1,0,0,0,0,1,1,6,1,42,7,-1,-1,-1,-1,1,-1
2015950004032,1,9,0,4,0,1,0,0,0,0,1,1,6,2,23,5,1229,1,-1,-1,1,-1
2015950004032,2,9,0,3,0,2,0,0,0,0,2,1,6,2,27,6,-1,-1,-1,-1,3,-1
2015950004033,1,9,0,17,0,0,0,0,0,0,1,1,6,2,39,7,-1,-1,-1,-1,1,-1
2015950004033,2,4,0,16,0,0,0,0,0,0,1,1,6,1,73,10,-1,-1,-1,-1,1,-1
2015950004043,1,9,0,9,0,1,0,0,0,0,3,1,6,2,52,8,1364,1,-1,-1,-1,-1
2015950004043,2,9,0,18,0,1,0,0,0,0,1,1,2,1,39,7,1896,2,6,-1,3,-1
2015950004045,1,19,0,6,0,1,0,0,0,0,3,1,1,1,21,5,1461,2,2,-1,1,-1
2015950004045,2,4,0,18,0,1,0,0,0,0,1,1,2,1,47,8,955,1,13,-1,1,-1
2015950004046,1,19,0,18,0,1,0,0,0,0,1,1,6,1,34,6,1870,2,12,-1,1,-1
2015950004046,2,9,0,3,0,2,0,0,0,0,2,1,6,1,55,8,1997,2,13,-1,1,-1
2015950004047,1,19,0,18,0,0,0,0,0,0,1,1,1,1,32,6,2143,2,2,-1,1,-1
2015950004048,1,19,0,5,0,2,0,0,0,0,4,1,6,3,-1,-1,-1,-1,-1,-1,-1,-1
2015950004048,2,1,0,5,0,1,0,0,0,0,3,1,6,2,44,7,-1,-1,-1,-1,3,-1
2015950004049,1,9,0,5,0,4,0,0,0,0,2,1,6,1,67,10,1956,2,2,-1,1,-1
2015950004049,2,4,0,18,0,8,0,0,0,0,0,1,6,1,25,5,-1,-1,-1,-1,1,-1
2015950004060,1,9,0,9,0,1,0,0,0,0,4,1,6,2,62,9,1349,1,1,-1,1,-1
2015950004060,2,1,0,18,0,1,0,0,0,0,1,1,2,1,26,6,-1,-1,-1,-1,-1,-1
2015950004062,1,97,0,18,0,1,0,0,0,0,0,1,6,3,-1,-1,-1,-1,-1,-1,-1,-1
2015950004062,2,9,0,9,0,8,0,11,0,1,1,1,6,2,39,7,1590,1,8,-1,1,-1
2015950004063,1,9,0,18,0,1,0,0,0,0,1,1,1,2,32,6,1686,2,9,-1,1,-1
2015950004064,1,19,0,18,0,0,0,0,0,0,1,1,1,1,55,8,2198,2,8,-1,1,-1
2015950004064,2,19,0,18,0,0,0,0,0,0,2,1,6,1,34,6,2198,2,3,-1,1,-1
2015950004065,1,9,0,18,0,0,1,0,7,7,1,1,6,2,47,8,1834,1,15,-1,1,-1
2015950004065,2,11,0,18,0,0,0,0,0,0,4,1,1,1,52,8,4461,2,1,-1,1,-1
2015950004066,1,9,0,18,0,8,0,0,0,0,1,1,6,1,19,4,-1,-1,-1,-1,3,-1
2015950004066,2,9,0,18,0,0,0,0,1,2,2,1,6,1,30,6,1422,2,14,-1,1,-1
2015950004067,1,9,0,18,0,1,0,0,0,0,1,1,6,2,31,6,998,1,4,-1,1,-1
2015950004067,2,9,0,18,0,1,0,0,0,0,1,1,6,2,38,7,1598,2,4,-1,1,-1
2015950004067,3,9,0,9,0,8,0,0,0,0,2,1,6,1,34,6,2979,1,1,-1,1,-1
2015950004068,1,3,0,18,0,0,1,0,0,0,3,1,6,1,47,8,125,1,8,-1,3,-1
2015950004079,1,9,0,9,9,8,0,0,3,10,1,1,6,1,32,6,1999,1,12,-1,1,-1
2015950004084,1,9,0,18,0,0,0,0,0,0,1,1,2,2,29,6,1461,2,3,-1,3,-1
2015950004084,2,9,0,18,0,0,0,0,0,0,2,1,6,1,31,6,1968,2,8,-1,1,-1
2015950004084,3,9,0,18,0,0,0,0,0,0,2,1,6,1,35,6,1685,2,2,-1,1,-1
2015950004084,4,9,0,4,0,0,0,0,0,0,2,1,2,2,44,7,1328,1,14,-1,1,-1
2015950004084,5,9,0,18,0,0,0,0,0,0,1,1,2,1,26,6,2148,2,7,-1,1,-1
2015950004089,1,1,0,18,0,0,0,0,0,0,3,1,6,1,9,2,-1,-1,-1,-1,3,-1
2015950004089,2,9,0,18,0,0,0,0,0,0,1,1,6,2,58,9,1598,2,4,-1,3,-1
2015950004090,1,17,4,9,0,1,0,0,0,0,3,1,1,1,22,5,6788,2,7,-1,3,-1
2015950004090,2,19,0,18,0,1,0,0,1,3,1,1,6,1,50,8,1248,2,9,-1,3,-1
2015950004091,1,9,0,18,0,1,0,0,0,0,1,1,6,1,44,7,1389,1,14,-1,1,-1
2015950004092,1,3,0,18,0,0,0,0,0,0,4,1,6,2,27,6,124,1,2,-1,1,-1
2015950004093,1,9,0,4,0,0,0,0,0,0,1,1,6,1,41,7,1360,1,15,-1,1,-1
2015950004093,2,9,0,4,0,0,0,0,0,0,2,1,6,2,39,7,1998,1,7,-1,2,-1
2015950004095,1,9,0,12,0,8,0,0,0,0,1,1,2,1,19,4,1390,1,8,-1,1,-1
2015950004095,2,9,0,14,0,8,0,0,0,0,2,1,2,1,54,8,1796,1,14,-1,1,-1
2015950004096,1,9,0,9,0,1,0,0,0,0,4,1,6,2,75,10,-1,-1,-1,-1,1,-1
2015950004096,2,9,0,18,0,1,0,0,0,0,1,1,6,2,54,8,1796,1,9,-1,1,-1
2015950004096,3,8,0,4,0,1,0,0,0,0,1,1,1,1,52,8,2143,2,2,-1,1,-1
2015950004097,1,4,0,18,0,0,0,0,1,0,4,1,6,1,70,10,-1,-1,-1,-1,3,-1
2015950004098,1,19,0,9,0,8,0,0,0,0,1,1,1,1,49,8,2148,2,8,-1,1,-1
2015950004098,2,4,0,4,0,1,0,0,0,0,1,1,6,1,53,8,748,1,28,-1,1,-1
2015950004099,1,9,0,18,0,3,5,0,0,1,1,1,6,2,72,10,998,1,15,-1,2,-1
2015950004100,1,9,0,18,0,0,0,0,0,0,1,1,6,2,85,11,1289,1,18,-1,1,-1
2015950004102,1,9,0,2,0,1,0,0,0,0,3,1,6,1,34,6,1587,1,13,-1,3,-1
2015950004102,2,1,0,18,0,1,0,0,0,0,1,1,6,2,40,7,-1,-1,-1,-1,1,-1
2015950004103,1,9,0,9,0,8,0,0,0,0,1,1,6,1,37,7,1956,2,5,-1,1,-1
2015950004103,2,1,0,18,0,8,0,0,0,0,1,1,6,1,30,6,-1,-1,-1,-1,1,-1
2015950004104,1,9,0,18,0,1,0,0,0,0,1,1,6,1,52,8,2295,1,14,-1,2,-1
2015950004104,2,19,0,4,0,1,0,0,0,0,2,1,6,1,63,9,2198,2,3,-1,2,-1
2015950004105,1,9,0,18,0,1,0,0,0,0,1,1,6,1,30,6,1796,1,11,-1,1,-1
2015950004105,2,9,0,3,0,1,0,0,0,0,2,1,6,1,60,9,1242,1,4,-1,1,-1
2015950004107,1,9,0,9,0,8,0,0,0,0,1,1,2,2,22,5,1229,1,5,-1,2,-1
2015950004107,2,9,0,18,0,1,0,0,1,0,1,1,6,1,31,6,-1,-1,-1,-1,3,-1
2015950004108,1,9,0,5,0,0,0,0,0,0,3,1,6,1,32,6,1686,2,2,-1,1,-1
2015950004108,2,1,0,18,0,0,0,0,0,0,1,1,2,2,22,5,-1,-1,-1,-1,1,-1
2015950004109,1,9,0,9,0,2,0,0,0,0,0,1,6,2,36,7,1198,1,-1,-1,-1,-1
2015950004109,2,9,0,18,0,1,0,0,1,2,1,1,6,1,22,5,1995,2,5,-1,1,-1
2015950004110,1,2,0,18,0,0,1,0,0,0,3,1,6,1,38,7,124,1,-1,-1,1,-1
2015950004110,2,9,0,18,0,0,0,0,0,0,3,1,2,2,56,9,1339,1,4,-1,1,-1
2015950004111,1,9,0,17,0,0,2,0,1,9,2,1,6,1,28,6,1995,2,3,-1,1,-1
2015950004112,1,9,0,18,0,0,1,0,1,11,1,1,6,1,18,4,1596,1,15,-1,1,-1
2015950004113,1,9,0,18,0,0,0,0,0,0,4,1,2,1,37,7,1998,2,8,-1,1,-1
2015950004114,1,9,0,18,0,1,0,0,0,0,3,1,6,2,45,7,2902,2,9,-1,3,-1
2015950004115,1,9,0,18,0,1,0,0,0,0,1,1,6,1,39,7,1798,1,10,-1,1,-1
2015950004115,2,19,0,12,0,1,0,0,0,0,2,1,6,1,27,6,1870,2,14,-1,1,-1
2015950004115,3,9,0,18,0,1,0,0,0,0,2,1,1,1,64,9,1398,1,10,-1,1,-1
2015950004116,1,9,0,16,0,0,0,0,0,0,1,1,6,1,35,6,1368,1,9,-1,1,-1
2015950004116,2,9,0,17,0,0,0,0,0,0,1,1,6,1,61,9,1598,1,1,-1,3,-1
2015950004118,1,9,0,9,0,2,0,0,0,0,3,1,6,1,32,6,2457,1,9,-1,1,-1
2015950004118,2,9,0,18,0,1,0,0,1,0,3,1,6,1,58,9,1108,1,8,-1,1,-1
2015950004119,1,9,0,18,0,3,0,0,0,0,1,1,6,2,36,7,1149,1,13,-1,1,-1
2015950004119,2,19,0,18,0,4,0,0,0,0,3,1,6,1,56,9,6871,2,-1,-1,1,-1
2015950004120,1,9,0,7,2,8,0,0,0,0,3,1,6,1,63,9,1870,2,9,-1,3,-1
2015950004120,2,1,0,18,2,8,0,0,0,0,1,1,6,1,28,6,-1,-1,-1,-1,1,-1
2015950004121,1,9,0,6,0,0,0,0,0,0,3,1,6,1,53,8,1198,1,6,-1,1,-1
2015950004121,2,4,0,18,0,0,0,0,0,0,1,1,6,1,57,9,-1,-1,-1,-1,1,-1
2015950004123,1,9,0,12,0,8,0,0,0,0,3,1,2,2,31,6,1364,1,8,-1,1,-1
2015950004123,2,9,0,18,0,8,0,0,0,11,1,1,6,1,18,4,1229,1,7,-1,-1,-1
2015950004123,3,9,0,18,0,8,0,0,0,0,3,1,2,1,50,8,1598,1,9,-1,1,-1
2015950004123,4,9,0,18,0,8,0,0,0,0,2,1,6,2,25,5,1242,1,1,-1,3,-1
2015950004124,1,9,0,18,0,0,0,10,3,0,1,1,1,1,44,7,1598,1,5,-1,1,-1
2015950004125,1,9,0,5,0,0,0,0,0,0,3,1,6,1,34,6,1600,1,11,-1,1,-1
2015950004125,2,9,0,18,0,0,0,0,0,0,3,1,2,2,46,8,1198,1,-1,-1,2,-1
2015950004126,1,9,0,18,0,1,0,0,0,0,1,1,2,2,32,6,1329,1,3,-1,-1,-1
2015950004126,2,9,0,3,0,2,0,0,0,0,2,1,6,1,29,6,1390,1,9,-1,-1,-1
2015950004126,3,9,0,8,0,1,0,0,0,0,2,1,2,1,38,7,1242,1,8,-1,-1,-1