Accident_Index,Vehicle_Reference,Vehicle_Type,Towing_and_Articulation,Vehicle_Manoeuvre,Vehicle_Location-Restricted_Lane,Junction_Location,Skidding_and_Overturning,Hit_Object_in_Carriageway,Vehicle_Leaving_Carriageway,Hit_Object_off_Carriageway,1st_Point_of_Impact,Was_Vehicle_Left_Hand_Drive?,Journey_Purpose_of_Driver,Sex_of_Driver,Age_of_Driver,Age_Band_of_Driver,Engine_Capacity_(CC),Propulsion_Code,Age_of_Vehicle,Driver_IMD_Decile,Driver_Home_Area_Type,Vehicle_IMD_Decile
2015950004127,1,9,0,5,0,2,0,0,0,0,3,1,6,1,82,11,1598,2,4,-1,1,-1
2015950004127,2,9,0,18,0,1,0,0,0,0,1,1,6,2,59,9,-1,-1,-1,-1,3,-1
2015950004128,1,9,0,9,0,0,0,0,0,0,4,1,6,1,78,11,-1,-1,-1,-1,2,-1
2015950004128,2,4,0,18,0,0,0,0,0,0,1,1,2,1,32,6,1000,1,2,-1,2,-1
2015950004129,1,9,0,4,0,1,0,0,0,0,1,1,6,2,56,9,1390,1,11,-1,1,-1
2015950004129,2,9,0,4,0,2,0,0,0,0,2,1,6,1,35,6,1798,1,7,-1,1,-1
2015950004129,3,9,0,4,0,2,0,0,0,0,2,1,6,2,53,8,998,1,3,-1,1,-1
2015950004129,4,19,0,4,0,2,0,0,0,0,2,1,6,1,27,6,1598,2,1,-1,3,-1
2015950004130,1,9,0,18,0,8,0,0,0,0,3,1,1,1,24,5,1390,1,3,-1,1,-1
2015950004130,2,1,0,18,0,0,0,0,0,0,1,1,6,1,43,7,-1,-1,-1,-1,1,-1
2015950004131,1,11,0,18,0,1,0,0,0,0,4,1,1,1,44,7,4249,2,1,-1,1,-1
2015950004131,2,9,0,5,0,1,0,0,0,0,4,1,6,2,21,5,1984,1,3,-1,1,-1
2015950004135,1,9,0,18,0,0,0,0,0,0,4,1,6,3,-1,-1,-1,-1,-1,-1,-1,-1
2015950004136,1,9,0,16,0,0,2,0,7,9,1,1,6,1,66,10,1399,2,7,-1,1,-1
2015950004143,1,19,0,7,0,1,0,0,0,0,1,1,1,1,22,5,1560,2,2,-1,1,-1
2015950004143,2,9,0,7,0,1,0,0,0,0,2,1,6,2,26,6,998,1,4,-1,1,-1
2015950004152,1,21,0,18,0,1,0,0,0,0,1,1,1,1,53,8,-1,2,5,-1,1,-1
2015950004152,2,10,0,3,0,1,0,0,0,0,2,1,1,2,47,8,-1,-1,-1,-1,1,-1
2015950004153,1,9,0,18,0,2,0,0,0,0,1,1,6,2,26,6,1242,1,3,-1,-1,-1
2015950004154,1,9,0,5,0,8,0,0,0,0,1,1,6,1,18,4,1149,1,10,-1,1,-1
2015950004154,2,9,0,18,0,1,0,0,0,0,1,1,6,2,68,10,-1,-1,-1,-1,1,-1
2015950004155,1,9,0,17,0,0,0,0,7,4,2,1,6,1,18,4,1229,1,8,-1,2,-1
2015950004157,1,1,0,18,0,1,0,0,0,0,3,1,6,1,5,1,-1,-1,-1,-1,3,-1
2015950004157,2,19,0,18,0,8,0,0,0,0,3,1,1,1,30,6,-1,-1,-1,-1,1,-1
2015950004158,1,9,0,18,0,0,2,10,0,0,1,1,6,1,29,6,1360,1,17,-1,1,-1
2015950004158,2,9,0,18,0,0,0,0,0,0,3,1,1,1,37,7,1753,2,6,-1,3,-1
2015950004159,1,9,0,17,0,0,2,0,0,4,1,1,6,2,18,4,998,1,8,-1,3,-1
2015950004160,1,9,0,18,0,1,0,0,0,0,4,1,1,1,35,6,1796,1,2,-1,1,-1
2015950004161,1,9,0,18,0,8,0,0,0,0,1,1,6,1,77,11,1968,2,-1,-1,-1,-1
2015950004161,2,1,0,18,0,8,0,0,0,0,2,1,6,2,35,6,-1,-1,-1,-1,-1,-1
2015950004162,1,9,0,18,0,0,0,0,0,0,1,1,6,1,28,6,1968,2,6,-1,-1,-1
2015950004163,1,9,0,14,0,0,0,4,0,0,1,1,6,2,26,6,1108,1,11,-1,1,-1
2015950004163,2,9,0,2,0,0,0,0,0,0,3,1,6,3,-1,-1,1497,1,10,-1,-1,-1
2015950004163,3,9,0,2,0,0,0,0,0,0,2,1,6,3,-1,-1,1390,1,15,-1,-1,-1
2015950004164,1,1,0,18,0,2,0,0,0,0,1,1,6,1,25,5,-1,-1,-1,-1,1,-1
2015950004165,1,9,0,14,0,8,0,0,0,0,1,1,1,1,27,6,998,1,6,-1,1,-1
2015950004171,1,9,0,18,0,0,1,10,0,0,1,1,1,1,41,7,1998,1,8,-1,1,-1
2015950004171,2,9,0,18,0,0,0,0,0,0,1,1,6,1,49,8,1560,2,2,-1,1,-1
2015950004177,1,9,0,18,0,0,0,0,1,10,1,1,6,1,66,10,1560,2,9,-1,3,-1
2015950004178,1,9,0,16,0,0,0,0,0,11,1,1,6,1,22,5,1587,1,8,-1,1,-1
2015950004178,2,21,0,17,0,0,0,0,0,0,1,1,1,1,53,8,11967,2,2,-1,1,-1
2015950004181,1,9,0,18,0,0,0,0,0,0,4,1,6,1,56,9,1998,1,2,-1,1,-1
2015950004182,1,9,0,1,0,2,0,0,0,0,4,1,2,1,40,7,998,1,3,-1,1,-1
2015950004182,2,9,0,18,0,1,0,0,0,0,1,1,2,2,35,6,-1,-1,-1,-1,2,-1
2015950004185,1,3,0,16,0,0,0,0,0,0,1,1,6,1,17,4,124,1,2,-1,2,-1
2015950004185,2,19,0,18,0,0,0,0,0,0,1,1,6,1,57,9,1868,2,9,-1,2,-1
2015950004186,1,9,0,17,0,0,0,0,0,0,1,1,6,2,24,5,998,1,11,-1,2,-1
2015950004186,2,9,0,16,0,0,0,0,0,0,1,1,6,1,31,6,1896,2,9,-1,1,-1
2015950004192,1,9,0,7,4,1,0,0,0,0,1,1,6,2,18,4,-1,-1,-1,-1,1,-1
2015950004192,2,1,0,18,0,1,0,0,0,0,1,1,6,2,49,8,-1,-1,-1,-1,1,-1
2015950004193,1,9,0,18,0,0,0,0,0,0,1,1,6,1,66,10,898,1,1,-1,2,-1
2015950004193,2,19,0,2,0,0,0,0,0,0,2,1,6,3,-1,-1,2198,2,8,-1,-1,-1
2015950004193,3,9,0,2,0,0,0,0,0,0,1,1,6,3,-1,-1,1586,1,9,-1,-1,-1
2015950004194,1,9,0,18,0,1,0,0,0,0,1,1,6,1,51,8,1995,2,12,-1,1,-1
2015950004194,2,9,0,18,0,2,0,0,0,0,2,1,6,2,41,7,998,1,1,-1,1,-1
2015950004195,1,1,0,18,0,1,0,0,0,0,1,1,6,1,43,7,-1,-1,-1,-1,1,-1
2015950004198,1,9,0,5,0,1,0,0,0,0,2,1,1,2,37,7,2179,2,4,-1,2,-1
2015950004198,2,9,0,8,0,1,0,0,0,0,2,1,6,2,65,9,1997,1,13,-1,3,-1
2015950004203,1,19,0,5,0,8,0,0,0,0,4,1,6,1,61,9,2488,2,3,-1,2,-1
2015950004203,2,1,0,18,0,1,0,0,0,0,1,1,6,1,36,7,-1,-1,-1,-1,1,-1
2015950004204,1,19,0,18,0,0,5,0,1,11,1,1,6,1,26,6,2496,2,17,-1,3,-1
2015950004207,1,9,0,12,0,8,0,0,0,0,1,2,2,2,18,4,-1,-1,-1,-1,1,-1
2015950004207,2,9,0,18,0,1,0,0,0,0,1,2,2,2,33,6,1560,2,7,-1,1,-1
2015950004211,1,9,0,18,0,0,0,0,0,0,1,1,2,1,29,6,1399,2,4,-1,1,-1
2015950004211,2,3,0,18,0,0,0,0,0,0,2,1,6,1,27,6,108,1,-1,-1,1,-1
2015950004211,3,9,0,18,0,0,0,0,0,0,2,1,6,1,61,9,2191,2,1,-1,1,-1
2015950004213,1,9,0,18,0,1,0,0,0,0,1,1,6,2,19,4,1386,1,8,-1,3,-1
2015950004213,2,9,0,18,0,1,0,0,0,0,2,1,2,2,18,4,1398,1,3,-1,2,-1
2015950004215,1,9,0,9,0,8,0,0,0,0,4,1,6,1,21,5,1598,1,13,-1,2,-1
2015950004215,2,9,0,18,0,1,0,0,0,0,1,1,1,1,28,6,1896,2,13,-1,1,-1
2015950004216,1,19,0,17,0,0,1,6,0,0,1,1,2,1,25,5,1896,2,6,-1,3,-1
2015950004217,1,9,0,17,0,0,0,0,0,0,1,1,6,1,40,7,1896,2,6,-1,1,-1
2015950004217,2,4,0,18,0,0,0,0,0,0,1,1,6,1,26,6,599,1,8,-1,1,-1
2015950004219,1,9,0,12,0,2,0,0,0,0,3,1,2,1,41,7,1248,2,4,-1,1,-1
2015950004219,2,9,0,18,0,8,0,0,0,0,1,1,6,2,48,8,1598,2,2,-1,1,-1
2015950004220,1,4,0,18,0,0,0,0,0,0,1,1,6,1,54,8,1050,1,6,-1,2,-1
2015950004220,2,4,0,4,0,0,0,0,0,0,2,1,6,1,56,9,1170,1,3,-1,1,-1
2015950004221,1,9,0,7,0,8,0,0,0,0,4,1,6,1,34,6,1896,2,13,-1,1,-1
2015950004221,2,1,0,15,0,1,0,0,0,0,1,1,6,1,42,7,-1,-1,-1,-1,1,-1
2015950004222,1,9,0,9,0,8,0,0,0,0,4,1,6,1,17,4,1198,1,9,-1,1,-1
2015950004222,2,9,0,18,0,1,0,0,0,0,1,1,2,1,42,7,1968,2,4,-1,1,-1
2015950004223,1,9,0,9,0,8,0,0,0,0,4,1,2,1,27,6,2143,2,2,-1,-1,-1
2015950004223,2,1,0,18,2,1,0,0,0,0,1,1,6,1,38,7,-1,-1,-1,-1,3,-1
2015950004224,1,9,0,9,0,8,0,0,0,0,4,1,1,2,54,8,1753,2,9,-1,1,-1
2015950004224,2,9,0,18,0,1,0,0,0,0,1,1,6,2,20,4,-1,-1,-1,-1,1,-1
2015950004225,1,9,0,18,0,1,0,0,0,0,3,1,6,1,18,4,1242,1,9,-1,1,-1
2015950004225,2,9,0,4,0,1,0,0,0,10,4,1,6,2,38,7,1995,2,10,-1,3,-1
2015950004226,1,9,0,18,0,1,0,0,2,4,1,1,6,1,87,11,1386,1,8,-1,3,-1
2015950004226,2,9,0,2,0,1,0,0,0,0,4,1,6,3,-1,-1,1388,1,4,-1,-1,-1
2015950004230,1,11,0,18,0,1,0,0,0,0,1,1,1,1,54,8,9360,2,8,-1,2,-1
2015950004233,1,9,0,9,0,6,0,0,0,0,4,1,2,1,44,7,1461,2,2,-1,1,-1
2015950004233,2,9,0,18,0,1,0,0,0,0,1,1,6,1,31,6,1598,1,16,-1,1,-1
2015950004235,1,9,0,18,0,2,0,0,0,0,1,1,6,1,22,5,1686,2,10,-1,1,-1
2015950004238,1,9,0,6,0,0,0,0,0,0,3,1,1,1,34,6,1956,2,3,-1,1,-1
2015950004238,2,9,0,18,0,0,0,0,0,0,1,1,6,3,-1,-1,-1,-1,-1,-1,-1,-1
2015950004240,1,9,0,18,0,0,1,0,5,6,3,1,6,1,21,5,1339,1,7,-1,1,-1
2015950004244,1,90,0,18,9,0,0,0,0,0,1,1,6,1,77,11,-1,3,2,-1,1,-1
2015950004244,2,9,0,2,0,0,0,0,0,0,1,1,6,3,-1,-1,-1,-1,-1,-1,-1,-1
2015950004253,1,9,0,18,0,0,0,0,0,0,1,1,1,1,53,8,-1,-1,-1,-1,1,-1
2015950004253,2,9,0,3,9,0,0,0,0,0,1,1,6,2,51,8,1596,1,3,-1,1,-1
2015950004257,1,4,0,18,0,0,0,0,0,0,3,1,6,1,40,7,955,1,12,-1,1,-1
2015950004257,2,9,0,18,0,0,0,0,0,0,1,1,6,2,29,6,1598,1,4,-1,2,-1
2015950004257,3,9,0,18,0,0,0,0,0,0,0,1,6,3,-1,-1,-1,-1,-1,-1,-1,-1
2015950004257,4,9,0,18,0,0,0,0,0,0,0,1,6,3,-1,-1,-1,-1,-1,-1,-1,-1
2015950004258,1,9,0,16,0,0,0,0,0,0,1,1,6,1,28,6,2495,2,16,-1,3,-1
2015950004258,2,9,0,17,0,0,0,0,0,0,1,1,6,2,60,9,1598,2,-1,-1,3,-1
2015950004268,1,20,0,7,0,8,0,0,0,0,4,1,1,1,23,5,-1,-1,-1,-1,1,-1
2015950004272,1,9,0,18,0,0,5,4,0,0,1,1,6,1,33,6,1598,1,2,-1,1,-1
2015950004272,2,19,0,2,0,0,0,0,0,0,3,1,6,3,-1,-1,1896,2,11,-1,-1,-1
2015950004272,3,9,0,2,0,0,0,0,7,0,4,1,6,3,-1,-1,1995,2,1,-1,-1,-1
2015950004272,4,9,0,2,0,0,0,0,0,0,4,1,6,3,-1,-1,1997,2,3,-1,-1,-1
2015950004272,5,9,0,2,0,0,0,0,0,0,4,1,6,3,-1,-1,-1,-1,-1,-1,-1,-1
2015950004274,1,4,0,18,0,0,0,0,0,0,1,1,6,1,20,4,599,1,6,-1,1,-1
2015950004277,1,9,0,18,0,0,0,0,0,0,1,1,6,1,22,5,1998,1,11,-1,-1,-1
2015950004279,1,9,0,18,0,0,0,0,0,0,1,1,6,2,49,8,1560,2,1,-1,2,-1
2015950004279,2,19,0,18,0,0,0,0,0,0,1,1,1,1,39,7,1560,2,-1,-1,3,-1
2015950004280,1,9,0,18,0,0,0,0,0,0,1,1,6,1,46,8,1461,2,5,-1,-1,-1
2015950004280,2,9,0,18,0,0,0,0,0,0,3,1,6,2,55,8,1248,1,2,-1,2,-1
2015950004282,1,8,0,18,0,1,0,0,0,0,4,1,6,1,-1,-1,-1,-1,-1,-1,-1,-1
2015950004283,1,11,0,16,0,4,0,0,0,0,1,1,1,1,64,9,8300,2,20,-1,1,-1
2015950004283,2,9,0,5,0,4,0,0,0,0,2,1,6,2,41,7,1598,1,9,-1,2,-1
2015950004285,1,19,0,1,0,1,0,0,0,0,2,1,6,2,48,8,2198,2,2,-1,1,-1
2015950004285,2,9,0,5,0,1,0,0,0,0,1,1,6,2,31,6,1599,1,11,-1,2,-1
2015950004291,1,97,0,18,0,0,0,2,0,10,1,1,6,1,29,6,-1,-1,-1,-1,2,-1
2015950004294,1,19,0,9,0,8,0,0,0,0,4,1,1,1,25,5,2143,2,1,-1,3,-1
2015950004294,2,19,0,18,0,1,1,0,0,0,1,1,6,1,22,5,1686,2,12,-1,3,-1
2015950004296,1,9,0,18,0,0,0,0,0,0,1,1,6,1,50,8,1598,2,2,-1,1,-1
2015950004296,2,19,0,3,0,0,0,0,0,0,2,1,1,1,32,6,2198,2,-1,-1,3,-1
2015950004296,3,90,0,3,0,0,0,0,0,0,2,1,6,3,-1,-1,-1,-1,-1,-1,-1,-1
2015950004301,1,9,0,18,0,0,0,0,0,0,1,1,6,1,65,9,2495,2,17,-1,1,-1
2015950004301,2,9,0,4,0,0,0,0,0,0,2,1,6,1,66,10,1560,2,1,-1,3,-1
2015950004301,3,9,0,4,0,0,0,0,0,0,2,1,6,1,44,7,1896,2,5,-1,1,-1
2015950004301,4,9,0,3,0,0,0,0,0,0,2,1,6,1,35,6,1686,2,15,-1,1,-1
2015950004302,1,11,0,5,0,0,0,0,0,0,0,1,6,1,53,8,8300,2,11,-1,1,-1
2015950004303,1,9,0,18,0,0,0,0,0,0,1,1,6,2,20,4,1390,1,14,-1,1,-1
2015950004303,2,19,0,4,0,0,0,0,0,0,2,1,1,1,27,6,2198,2,2,-1,1,-1
2015950004303,3,9,0,4,0,0,0,0,0,0,2,1,1,1,52,8,1995,2,-1,-1,3,-1
2015950004303,4,9,0,4,0,0,0,0,0,0,2,1,2,1,40,7,1796,1,6,-1,3,-1
2015950004309,1,9,0,18,0,1,0,0,0,0,1,1,4,2,58,9,1242,1,8,-1,1,-1
2015950004310,1,9,0,9,0,8,0,0,0,0,4,1,1,1,51,8,1956,2,3,-1,1,-1
2015950004310,2,9,0,18,0,1,0,0,0,0,1,1,6,1,30,6,1596,1,13,-1,1,-1
2015950004310,3,9,0,3,0,1,0,0,0,0,1,1,6,2,36,7,1799,1,7,-1,1,-1
2015950004310,4,9,0,4,0,1,0,0,0,0,1,1,6,2,48,8,1995,1,7,-1,1,-1
2015950004311,1,9,0,4,0,4,0,0,1,0,4,1,6,1,37,7,3059,2,18,-1,1,-1
2015950004312,1,9,0,18,0,1,0,0,0,0,1,1,6,1,76,11,2261,1,8,-1,-1,-1
2015950004312,2,1,0,18,0,1,0,0,0,0,2,1,2,1,38,7,-1,-1,-1,-1,-1,-1
2015950004313,1,11,0,4,2,1,0,0,0,0,0,1,1,1,31,6,4760,2,1,-1,1,-1
2015950004314,1,9,0,18,0,0,0,0,0,0,1,1,6,1,90,11,1396,1,16,-1,-1,-1
2015950004314,2,9,0,18,0,0,0,0,0,0,1,1,6,1,56,9,1798,1,8,-1,1,-1
2015950004315,1,11,0,4,0,0,0,0,0,0,0,1,2,1,52,8,9360,2,8,-1,1,-1
2015950004320,1,19,0,18,0,8,0,0,0,0,1,1,1,1,43,7,1870,2,10,-1,3,-1
2015950004320,2,9,0,18,0,2,0,0,0,0,1,1,6,2,31,6,998,1,7,-1,1,-1
2015950004320,3,9,0,2,0,2,0,0,0,0,2,1,6,1,64,9,1956,2,2,-1,-1,-1
2015950004321,1,4,0,4,0,1,0,0,0,0,1,1,6,1,25,5,845,1,12,-1,3,-1
2015950004321,2,9,0,4,0,1,0,0,0,0,2,1,6,2,28,6,2000,1,8,-1,1,-1
2015950004322,1,19,0,18,0,0,0,0,0,0,1,1,1,1,52,8,2148,2,7,-1,1,-1
2015950004322,2,9,0,18,0,0,0,0,0,0,2,1,6,1,46,8,1798,1,10,-1,2,-1
2015950004322,3,19,0,18,0,0,0,0,0,0,2,1,2,1,27,6,1248,2,9,-1,1,-1
2015950004322,4,9,0,18,0,0,0,0,0,0,2,1,2,1,42,7,1560,2,2,-1,1,-1
2015950004323,1,1,0,18,0,1,0,0,0,0,4,1,6,1,58,9,-1,-1,-1,-1,1,-1
2015950004323,2,19,0,18,0,1,0,0,0,0,4,1,1,1,43,7,1870,2,9,-1,1,-1
2015950004324,1,9,0,18,0,4,0,0,0,0,1,1,2,2,54,8,1598,2,4,-1,3,-1
2015950004324,2,9,0,3,0,4,0,0,0,0,2,1,6,2,58,9,1229,1,6,-1,1,-1
2015950004325,1,1,0,4,0,0,0,0,0,0,2,1,2,1,39,7,-1,-1,-1,-1,1,-1
2015950004325,2,19,0,4,0,0,0,0,0,0,0,1,1,1,59,9,1995,2,8,-1,1,-1
2015950004327,1,9,0,18,0,1,5,4,0,0,4,1,6,1,92,11,-1,-1,-1,-1,1,-1
2015950004327,2,9,0,2,0,1,0,0,0,0,2,1,6,3,-1,-1,2179,2,5,-1,-1,-1
2015950004329,1,1,0,18,0,1,0,0,7,0,2,1,6,1,47,8,-1,-1,-1,-1,1,-1
2015950004329,2,9,0,4,0,1,0,0,0,0,2,1,2,1,50,8,1498,1,16,-1,3,-1
2015950004330,1,9,0,-1,0,0,0,0,0,0,0,1,2,1,42,7,1995,2,-1,-1,2,-1
2015950004330,2,9,0,18,0,0,0,0,0,0,1,1,2,1,40,7,1968,2,1,-1,2,-1
2015950004330,3,9,0,18,0,0,0,0,0,0,0,1,2,1,37,7,1968,2,2,-1,1,-1
2015950004331,1,9,0,18,0,7,0,0,0,0,3,1,6,2,54,8,1598,2,2,-1,1,-1
2015950004332,1,9,0,7,0,1,0,0,0,0,4,1,6,2,68,10,1248,1,3,-1,1,-1
2015950004332,2,9,0,18,0,3,0,0,0,0,2,1,6,1,50,8,-1,-1,-1,-1,-1,-1
2015950004333,1,21,1,12,0,0,0,0,0,0,1,2,1,1,51,8,-1,-1,-1,-1,-1,-1
2015950004333,2,9,0,18,0,0,0,0,0,7,4,1,6,2,66,10,-1,-1,-1,-1,2,-1
2015950004337,1,9,0,18,0,0,0,0,0,11,2,1,6,2,22,5,-1,-1,-1,-1,3,-1
2015950004337,2,9,0,4,0,0,0,0,1,11,2,1,6,1,61,9,1798,1,11,-1,1,-1
2015950004340,1,19,0,5,0,1,0,0,0,0,4,1,1,1,47,8,1896,2,12,-1,3,-1
2015950004341,1,11,0,3,0,0,0,0,0,0,0,1,6,1,35,6,7300,2,2,-1,-1,-1
2015950004342,1,9,0,16,0,8,0,0,0,0,1,1,1,1,21,5,1368,1,6,-1,-1,-1
2015950004342,2,9,0,2,0,2,0,0,0,0,2,1,6,3,-1,-1,1968,2,2,-1,-1,-1
2015950004345,1,19,0,18,0,0,0,0,0,0,0,1,6,1,29,6,1560,2,6,-1,2,-1
2015950004345,2,19,0,18,0,0,0,0,0,0,1,1,6,1,64,9,-1,-1,-1,-1,3,-1
2015950004346,1,9,0,6,0,0,0,0,0,0,3,1,2,1,20,4,1364,1,-1,-1,1,-1
2015950004346,2,3,0,14,0,0,0,0,0,0,1,1,2,1,23,5,125,1,10,-1,-1,-1
2015950004347,1,9,0,18,0,0,0,0,0,0,1,1,6,1,48,8,-1,-1,-1,-1,1,-1
2015950004347,2,9,0,3,0,0,0,0,0,0,2,1,6,2,56,9,1364,1,10,-1,1,-1
2015950004348,1,11,0,9,0,8,0,0,0,0,1,1,6,1,54,8,7300,2,9,-1,1,-1
2015950004349,1,3,0,18,0,2,2,0,7,11,1,1,6,1,17,4,-1,-1,-1,-1,2,-1
2015950004349,2,19,0,3,0,1,0,0,0,0,1,1,6,1,25,5,1870,2,12,-1,3,-1
2015950004349,3,9,0,3,0,1,0,0,0,0,0,1,1,1,50,8,2953,1,3,-1,1,-1
2015950004350,1,9,0,13,0,1,0,0,0,0,1,1,6,1,54,8,2198,1,8,-1,3,-1
2015950004350,2,1,0,9,0,8,0,0,0,0,3,1,6,1,48,8,-1,-1,-1,-1,1,-1
2015950004355,1,9,0,18,0,0,0,0,0,0,1,1,6,2,45,7,1149,1,8,-1,3,-1
2015950004355,2,16,0,18,0,0,0,0,0,0,2,1,6,1,28,6,-1,-1,-1,-1,3,-1
2015950004357,1,9,2,18,0,8,0,0,0,0,1,1,6,1,37,7,1599,1,9,-1,-1,-1
2015950004357,2,3,0,18,0,8,0,0,0,0,1,1,6,1,24,5,748,1,18,-1,3,-1
2015950004358,1,9,0,9,0,8,0,0,0,0,1,1,6,1,22,5,1229,1,2,-1,-1,-1
2015950004358,2,9,0,18,0,8,0,0,0,0,1,1,6,1,30,6,-1,-1,-1,-1,1,-1
2015950004363,1,3,0,16,0,2,1,0,0,0,1,1,6,1,17,4,124,1,3,-1,1,-1
2015950004363,2,9,0,16,0,1,0,0,0,0,2,1,6,2,25,5,1598,1,4,-1,1,-1
2015950004364,1,9,0,18,0,0,0,0,0,0,4,1,6,3,-1,-1,-1,-1,-1,-1,-1,-1
2015950004364,2,1,0,18,0,0,0,0,0,0,3,1,6,1,45,7,-1,-1,-1,-1,2,-1
2015950004366,1,9,0,18,0,0,1,0,0,0,1,1,2,1,29,6,1198,1,8,-1,1,-1
2015950004366,2,21,0,18,0,0,0,0,0,0,1,1,1,1,47,8,12740,2,5,-1,1,-1
2015950004368,1,9,0,18,0,0,0,0,0,0,1,1,6,1,36,7,1679,1,13,-1,1,-1
2015950004368,2,1,0,18,0,0,0,0,0,0,2,1,6,2,44,7,-1,-1,-1,-1,1,-1
2015950004369,1,1,0,16,0,1,0,0,7,0,1,1,6,1,44,7,-1,-1,-1,-1,1,-1
2015950004369,2,19,0,17,0,1,0,0,0,0,1,1,2,1,29,6,1968,2,-1,-1,3,-1
2015950004375,1,9,0,18,0,1,0,0,0,0,1,1,6,2,63,9,1390,1,11,-1,1,-1
2015950004383,1,9,0,18,0,0,0,0,0,0,1,1,6,1,18,4,1242,1,10,-1,1,-1
2015950004383,2,9,0,18,0,0,0,0,1,0,2,1,6,1,32,6,1997,2,11,-1,1,-1
2015950004384,1,11,0,4,2,0,0,0,0,0,1,1,6,1,48,8,7300,2,10,-1,2,-1
2015950004385,1,9,0,18,0,0,0,0,0,0,2,1,6,1,59,9,899,1,16,-1,3,-1
2015950004385,2,9,3,18,0,0,0,0,0,0,2,1,6,1,52,8,2198,2,2,-1,3,-1
2015950004385,3,9,0,18,0,0,0,0,0,0,1,1,6,2,50,8,1753,2,5,-1,3,-1
2015950004386,1,9,0,16,0,0,2,0,1,10,0,1,6,2,47,8,1198,1,12,-1,3,-1
2015950004387,1,9,0,17,0,0,1,0,1,0,1,1,6,1,18,4,1398,2,8,-1,2,-1
2015950004396,1,9,0,18,0,1,0,0,0,0,1,1,6,1,25,5,-1,-1,-1,-1,1,-1
2015950004396,2,9,0,10,0,1,0,0,0,0,2,1,1,1,55,8,1560,2,3,-1,3,-1
2015950004398,1,9,0,18,0,0,0,0,2,10,1,1,6,1,22,5,1596,1,11,-1,2,-1
2015950004398,2,9,0,18,0,0,0,0,0,0,1,1,6,1,55,8,1995,2,3,-1,2,-1
2015950004399,1,9,0,18,0,0,0,0,0,0,1,1,6,1,29,6,1685,2,2,-1,1,-1
2015950004399,2,9,0,4,0,0,0,0,0,0,2,1,2,2,35,6,1240,1,11,-1,1,-1
2015950004399,3,9,0,4,0,0,0,0,0,0,2,1,2,1,30,6,1461,2,-1,-1,1,-1
2015950004399,4,9,0,18,0,0,0,10,0,3,0,1,2,2,51,8,1994,1,12,-1,3,-1
2015950004402,1,11,0,18,0,0,0,0,0,0,0,1,1,1,59,9,9360,2,7,-1,1,-1
2015950004404,1,9,0,18,0,1,0,0,0,0,1,1,6,2,19,4,1229,1,2,-1,1,-1
2015950004404,2,9,0,10,0,1,0,0,0,0,2,1,6,1,52,8,1896,2,7,-1,1,-1
2015950004405,1,9,0,17,0,0,1,0,1,4,1,1,6,1,20,4,-1,-1,-1,-1,2,-1
2015950004409,1,19,0,18,0,0,0,0,0,0,1,1,1,1,36,7,2198,2,2,-1,1,-1
2015950004409,2,9,0,4,0,0,0,0,0,0,2,1,1,2,19,4,1598,2,3,-1,1,-1
2015950004413,1,9,0,17,0,0,1,0,1,7,1,1,6,1,21,5,-1,-1,-1,-1,1,-1
2015950004414,1,9,0,9,0,8,0,0,0,0,1,1,1,1,63,9,1896,2,9,-1,1,-1
2015950004414,2,11,0,18,0,1,0,0,0,0,2,1,1,1,61,9,5132,2,1,-1,1,-1
2015950004415,1,19,0,4,0,1,0,0,0,0,1,1,2,1,26,6,1248,2,9,-1,1,-1
2015950004415,2,9,0,4,0,1,0,0,0,0,2,1,2,2,42,7,1229,1,2,-1,1,-1
2015950004421,1,9,0,7,0,1,0,0,0,0,1,1,2,1,55,8,1149,1,11,-1,1,-1
2015950004421,2,1,0,4,0,1,0,0,0,0,1,1,6,1,28,6,-1,-1,-1,-1,1,-1
2015950004422,1,1,0,9,0,1,0,0,0,0,1,1,6,1,20,4,-1,-1,-1,-1,1,-1
2015950004422,2,9,0,18,0,8,0,0,0,0,1,1,6,2,53,8,1999,1,11,-1,1,-1
2015950004423,1,9,0,18,0,4,0,0,3,0,1,1,6,3,-1,-1,1997,1,9,-1,-1,-1
2015950004423,2,1,0,18,0,1,0,0,3,0,4,1,6,1,31,6,-1,-1,-1,-1,3,-1
2015950004424,1,11,0,18,2,1,0,0,0,0,0,1,1,1,48,8,7300,2,10,-1,1,-1
2015950004425,1,9,0,18,0,1,0,0,0,0,1,1,6,2,18,4,998,1,4,-1,1,-1
2015950004425,2,1,0,18,0,1,0,0,0,0,1,1,6,1,14,3,-1,-1,-1,-1,1,-1
2015950004426,1,9,0,9,0,1,0,0,0,0,1,1,6,2,15,3,995,1,10,-1,1,-1
2015950004426,2,9,0,18,0,1,0,0,0,0,1,1,6,1,39,7,1968,2,9,-1,1,-1
2015950004431,1,9,0,4,0,1,0,0,0,0,1,1,6,1,48,8,1997,2,8,-1,2,-1
2015950004431,2,9,0,3,0,2,0,0,0,0,1,1,6,2,35,6,973,1,13,-1,2,-1