Accident_Index,Vehicle_Reference,Vehicle_Type,Towing_and_Articulation,Vehicle_Manoeuvre,Vehicle_Location-Restricted_Lane,Junction_Location,Skidding_and_Overturning,Hit_Object_in_Carriageway,Vehicle_Leaving_Carriageway,Hit_Object_off_Carriageway,1st_Point_of_Impact,Was_Vehicle_Left_Hand_Drive?,Journey_Purpose_of_Driver,Sex_of_Driver,Age_of_Driver,Age_Band_of_Driver,Engine_Capacity_(CC),Propulsion_Code,Age_of_Vehicle,Driver_IMD_Decile,Driver_Home_Area_Type,Vehicle_IMD_Decile
2015950004439,1,9,0,9,0,8,0,0,0,0,1,1,6,1,29,6,-1,-1,-1,-1,1,-1
2015950004440,1,9,0,4,0,1,1,0,7,4,1,1,2,1,40,7,1799,1,6,-1,3,-1
2015950004441,1,9,0,11,4,1,0,0,0,0,2,1,6,2,34,6,1600,2,5,-1,1,-1
2015950004441,2,1,0,18,4,1,0,0,0,0,1,1,2,2,34,6,-1,-1,-1,-1,3,-1
2015950004442,1,9,0,9,0,8,0,0,0,0,2,1,6,1,25,5,1590,1,13,-1,1,-1
2015950004442,2,1,2,18,0,1,0,0,0,0,1,1,6,1,51,8,-1,-1,-1,-1,1,-1
2015950004443,1,9,0,18,0,4,0,9,3,1,0,1,6,1,25,5,1995,1,13,-1,1,-1
2015950004444,1,9,0,4,0,2,0,0,0,0,4,1,6,1,54,8,1997,2,3,-1,1,-1
2015950004445,1,90,0,18,0,4,0,0,0,0,1,1,6,3,-1,-1,-1,-1,-1,-1,-1,-1
2015950004445,2,9,0,11,0,3,0,0,0,0,4,1,6,2,44,7,1198,1,1,-1,1,-1
2015950004446,1,9,0,18,0,0,0,0,0,0,1,1,6,1,53,8,1997,2,2,-1,1,-1
2015950004447,1,9,0,9,0,8,0,0,0,0,1,1,6,2,29,6,1242,1,9,-1,3,-1
2015950004447,2,3,0,18,0,2,0,0,0,0,1,1,2,1,31,6,124,1,6,-1,1,-1
2015950004448,1,9,0,5,0,1,0,0,0,0,1,1,2,2,20,4,1242,1,5,-1,1,-1
2015950004448,2,8,0,18,0,8,0,0,0,0,1,1,1,2,41,7,2664,2,14,-1,1,-1
2015950004450,1,9,0,9,0,2,0,0,0,0,1,1,6,1,77,11,2993,2,5,-1,1,-1
2015950004452,1,8,0,9,0,2,0,0,0,0,1,1,6,1,50,8,-1,-1,-1,-1,1,-1
2015950004453,1,19,0,9,0,8,0,0,0,0,3,1,6,1,29,6,2198,2,9,-1,1,-1
2015950004453,2,9,0,18,0,8,0,0,0,0,1,1,6,2,24,5,1229,1,7,-1,1,-1
2015950004454,1,3,0,18,0,1,0,0,0,0,1,1,6,1,40,7,124,1,3,-1,1,-1
2015950004454,2,9,0,4,0,1,0,0,0,0,2,1,6,2,47,8,1461,2,8,-1,1,-1
2015950004456,1,9,0,18,0,0,0,0,0,0,1,1,6,1,54,8,2494,2,4,-1,1,-1
2015950004456,2,9,0,4,0,0,0,0,0,0,2,1,6,2,66,10,998,1,1,-1,3,-1
2015950004456,3,9,0,10,0,0,0,0,0,0,2,1,6,1,30,6,1968,2,2,-1,1,-1
2015950004457,1,9,0,12,0,1,0,0,0,0,3,1,6,2,55,8,1388,1,7,-1,1,-1
2015950004457,2,3,0,18,0,1,0,0,0,0,1,1,2,1,40,7,125,1,1,-1,1,-1
2015950004458,1,9,0,-1,0,0,0,0,0,0,0,1,6,2,63,9,1198,1,4,-1,3,-1
2015950004459,1,9,0,9,0,8,0,0,0,0,4,1,6,1,79,11,1975,1,5,-1,3,-1
2015950004459,2,1,0,18,0,8,0,0,0,0,1,1,6,1,40,7,-1,-1,-1,-1,1,-1
2015950004461,1,97,0,18,0,8,0,0,0,0,1,1,6,3,-1,-1,-1,-1,-1,-1,-1,-1
2015950004461,2,1,0,9,0,8,0,0,0,0,2,1,2,2,45,7,-1,-1,-1,-1,1,-1
2015950004462,1,9,0,18,0,0,0,0,0,0,1,1,1,1,23,5,-1,-1,-1,-1,1,-1
2015950004462,2,19,0,18,0,0,0,0,0,0,2,1,1,1,36,7,1560,2,3,-1,1,-1
2015950004462,3,9,0,18,0,0,0,0,0,0,2,1,2,1,24,5,1399,1,4,-1,3,-1
2015950004462,4,9,0,18,0,0,0,0,0,0,2,1,2,1,64,9,1229,1,8,-1,1,-1
2015950004468,1,19,0,18,0,8,0,0,0,0,1,1,1,1,49,8,2402,2,7,-1,1,-1
2015950004468,2,3,0,18,0,8,0,0,0,0,1,1,6,1,49,8,124,1,7,-1,1,-1
2015950004470,1,9,0,9,0,8,0,0,0,0,1,1,6,1,35,6,1870,2,8,-1,3,-1
2015950004470,2,9,0,18,0,8,0,7,0,0,1,1,6,1,65,9,2480,1,4,-1,3,-1
2015950004470,3,9,0,18,0,8,0,0,0,0,3,1,2,1,60,9,1200,1,-1,-1,2,-1
2015950004471,1,1,0,18,9,1,0,0,0,0,3,1,6,1,15,3,-1,-1,-1,-1,3,-1
2015950004471,2,9,0,9,0,1,0,0,0,0,1,1,6,3,-1,-1,-1,-1,-1,-1,-1,-1
2015950004473,1,11,0,4,0,0,0,0,0,0,2,1,1,1,55,8,7300,2,9,-1,1,-1
2015950004477,1,1,0,7,0,8,0,0,0,0,1,1,6,1,26,6,-1,-1,-1,-1,1,-1
2015950004477,2,9,0,7,0,8,0,0,0,0,2,1,2,2,23,5,1360,1,4,-1,3,-1
2015950004480,1,9,0,18,0,0,0,0,0,11,1,1,6,2,51,8,1248,2,2,-1,1,-1
2015950004481,1,9,0,18,0,1,0,0,0,0,1,1,6,1,26,6,1560,2,1,-1,1,-1
2015950004481,2,9,0,18,0,1,0,0,0,0,1,1,6,2,43,7,1242,1,11,-1,1,-1
2015950004483,1,9,0,6,0,0,0,0,0,0,1,1,1,1,53,8,1910,2,12,-1,2,-1
2015950004483,2,3,0,18,0,0,0,0,0,0,3,1,6,1,46,8,124,1,13,-1,1,-1
2015950004501,1,9,0,18,0,0,0,0,0,0,1,1,6,1,61,9,1796,1,7,-1,1,-1
2015950004511,1,9,0,9,0,2,0,0,1,0,1,1,2,1,35,6,1199,1,12,-1,1,-1
2015950004514,1,19,0,18,0,0,0,2,0,0,3,1,1,1,50,8,2143,2,-1,-1,3,-1
2015950004514,2,4,0,18,0,0,0,2,1,10,3,1,2,1,46,8,656,1,7,-1,1,-1
2015950004515,1,9,0,18,0,0,0,0,0,0,1,1,6,1,21,5,1998,2,11,-1,1,-1
2015950004515,2,9,0,3,0,0,0,0,0,0,2,1,3,2,20,4,998,1,5,-1,2,-1
2015950004516,1,9,0,7,0,1,0,0,0,1,1,1,6,2,74,10,1995,2,3,-1,3,-1
2015950004516,2,9,0,18,0,8,0,0,0,0,1,1,6,2,45,7,1198,1,1,-1,3,-1
2015950004518,1,9,0,18,0,5,0,0,0,0,1,1,6,1,43,7,998,1,11,-1,1,-1
2015950004518,2,9,0,18,0,1,0,0,0,0,2,1,6,2,26,6,1587,1,10,-1,1,-1
2015950004519,1,9,0,18,0,1,0,0,1,10,4,1,2,1,52,8,1397,1,14,-1,1,-1
2015950004520,1,9,0,17,0,0,1,0,7,11,4,1,2,1,20,4,1364,1,9,-1,2,-1
2015950004520,2,9,0,18,0,0,0,0,1,0,1,1,6,2,48,8,-1,-1,-1,-1,3,-1
2015950004521,1,9,0,18,0,0,0,0,1,1,1,1,6,1,19,4,1229,1,11,-1,2,-1
2015950004537,1,9,2,18,0,8,0,0,0,0,3,1,2,2,30,6,1796,1,14,-1,1,-1
2015950004537,2,19,0,18,0,1,0,0,0,0,1,1,2,1,70,10,1248,2,9,-1,1,-1
2015950004545,1,9,0,4,0,4,0,0,0,0,1,1,6,1,83,11,1968,2,2,-1,2,-1
2015950004545,2,9,0,4,0,4,0,0,0,0,2,1,6,2,26,6,1364,2,12,-1,1,-1
2015950004546,1,9,0,3,0,1,0,0,0,0,3,1,6,2,32,6,1240,1,12,-1,-1,-1
2015950004546,2,1,0,18,0,1,0,8,0,0,1,1,6,2,22,5,-1,-1,-1,-1,1,-1
2015950004547,1,9,0,16,0,0,0,0,0,0,1,1,2,2,55,8,1781,1,18,-1,1,-1
2015950004547,2,9,0,3,0,0,0,0,0,0,2,1,2,2,25,5,1390,1,14,-1,2,-1
2015950004547,3,9,0,18,0,0,0,0,0,0,2,1,6,1,58,9,1999,1,9,-1,1,-1
2015950004548,1,9,0,18,0,0,0,0,0,0,1,1,6,2,38,7,1596,1,12,-1,1,-1
2015950004548,2,9,0,18,0,0,0,0,0,0,2,1,6,1,23,5,1198,1,5,-1,2,-1
2015950004548,3,9,0,18,0,0,0,0,0,0,2,1,1,2,26,6,1349,1,5,-1,1,-1
2015950004549,1,9,0,5,0,5,0,0,0,0,1,1,6,1,59,9,1198,1,5,-1,-1,-1
2015950004550,1,9,0,18,0,1,0,0,0,0,1,1,6,1,52,8,2179,2,3,-1,1,-1
2015950004550,2,9,0,18,0,1,0,0,0,0,1,1,6,2,46,8,1968,2,2,-1,1,-1
2015950004556,1,9,0,17,0,0,0,0,0,11,1,1,6,2,56,9,1242,1,5,-1,3,-1
2015950004570,1,1,0,18,0,0,0,0,0,0,1,1,6,1,14,3,-1,-1,-1,-1,-1,-1
2015950004570,2,9,0,4,0,0,0,0,0,0,1,1,6,1,55,8,1598,1,2,-1,1,-1
2015950004572,1,9,0,18,0,2,0,0,0,0,1,1,2,1,46,8,1997,2,1,-1,1,-1
2015950004572,2,9,0,4,0,2,0,0,0,0,2,1,6,2,47,8,995,1,11,-1,1,-1
2015950004573,1,9,0,18,0,8,0,0,0,0,0,1,6,2,30,6,1229,1,9,-1,3,-1
2015950004573,2,11,0,18,0,8,0,0,0,0,0,1,1,1,37,7,4461,2,1,-1,2,-1
2015950004574,1,9,0,18,0,1,0,0,0,0,1,1,2,1,36,7,1956,2,2,-1,1,-1
2015950004574,2,9,0,3,0,1,0,0,0,0,1,1,6,2,62,9,1910,2,10,-1,3,-1
2015950004574,3,19,0,3,0,1,0,0,0,0,1,1,1,1,55,8,1996,2,2,-1,1,-1
2015950004574,4,9,0,3,0,1,0,0,0,0,2,1,6,2,82,11,-1,-1,-1,-1,1,-1
2015950004575,1,8,0,18,0,0,0,0,0,0,4,1,1,1,47,8,2499,2,7,-1,1,-1
2015950004576,1,9,0,9,0,1,0,0,0,0,1,1,6,1,58,9,1798,1,10,-1,1,-1
2015950004576,2,1,2,18,4,8,0,0,0,0,3,1,2,1,33,6,-1,-1,-1,-1,1,-1
2015950004577,1,9,0,16,0,0,2,0,1,0,1,1,6,1,17,4,1360,1,10,-1,3,-1
2015950004578,1,9,0,3,0,4,0,0,0,0,3,1,6,2,60,9,-1,-1,-1,-1,1,-1
2015950004578,2,1,0,5,0,4,0,0,0,0,3,1,2,1,44,7,-1,-1,-1,-1,1,-1
2015950004579,1,9,0,13,0,0,0,0,8,11,1,1,6,1,21,5,1598,1,5,-1,2,-1
2015950004579,2,9,0,16,0,0,0,0,0,0,0,1,6,2,22,5,1242,1,4,-1,1,-1
2015950004579,3,9,0,17,0,0,0,0,0,0,4,1,6,2,26,6,1329,1,3,-1,1,-1
2015950004580,1,11,0,3,0,0,0,0,0,0,0,1,1,1,31,6,7300,2,10,-1,1,-1
2015950004581,1,9,0,18,0,1,0,0,3,0,1,1,6,1,69,10,1997,1,-1,-1,3,-1
2015950004583,1,9,0,4,0,0,0,0,0,0,1,1,6,2,19,4,1246,1,9,-1,1,-1
2015950004595,1,4,0,18,0,1,1,0,0,0,0,1,6,1,52,8,-1,-1,-1,-1,2,-1
2015950004605,1,19,0,18,0,0,0,0,0,0,1,1,6,1,51,8,1968,2,5,-1,1,-1
2015950004605,2,9,0,4,0,0,0,0,0,0,2,1,6,1,42,7,1796,1,6,-1,1,-1
2015950004605,3,9,0,3,0,0,0,0,0,0,2,1,6,1,57,9,1560,2,6,-1,3,-1
2015950004607,1,9,0,7,0,6,0,0,0,0,0,1,6,2,39,7,1587,1,10,-1,1,-1
2015950004607,2,9,0,18,0,1,0,0,0,0,0,1,6,2,30,6,-1,3,1,-1,1,-1
2015950004635,1,9,0,18,0,0,5,0,1,0,3,1,6,1,37,7,5000,1,5,-1,2,-1
2015950004642,1,19,0,14,0,1,0,6,7,7,3,1,1,1,56,9,2198,2,3,-1,-1,-1
2015950004642,2,9,0,10,0,8,0,6,7,0,3,1,1,1,61,9,-1,-1,-1,-1,-1,-1
2015950004648,1,1,0,18,0,1,0,0,0,0,1,1,6,1,25,5,-1,-1,-1,-1,1,-1
2015950004651,1,9,0,18,0,0,0,0,0,0,1,1,6,1,49,8,1597,1,13,-1,1,-1
2015950004651,2,19,0,18,0,0,0,0,0,0,2,1,1,1,32,6,1560,2,-1,-1,1,-1
2015950004651,3,9,0,18,0,0,0,0,0,0,2,1,6,2,19,4,998,1,3,-1,1,-1
2015950004661,1,9,2,18,0,1,0,0,0,0,4,1,6,1,60,9,1598,1,5,-1,1,-1
2015950004669,1,9,0,18,0,8,0,0,3,11,1,1,6,1,44,7,999,1,1,-1,1,-1
2015950004671,1,9,0,13,0,1,0,0,0,0,1,1,6,1,36,7,1390,1,9,-1,3,-1
2015950004671,2,9,0,9,0,8,0,0,0,0,2,1,2,1,53,8,1796,1,11,-1,2,-1
2015950004700,1,9,0,4,0,4,0,0,0,0,1,1,2,1,57,9,1999,1,6,-1,3,-1
2015950004700,2,9,0,3,0,4,0,0,0,0,2,1,2,2,33,6,1999,1,6,-1,2,-1
2015950004702,1,9,0,7,0,8,0,0,0,0,1,1,6,2,53,8,1598,1,1,-1,2,-1
2015950004702,2,1,0,18,0,1,0,0,0,0,2,1,6,2,22,5,-1,-1,-1,-1,-1,-1
2015950004721,1,9,0,18,0,1,0,0,0,0,1,1,6,1,80,11,1390,1,11,-1,2,-1
2015950004721,2,19,0,3,0,1,0,0,0,0,1,1,6,1,50,8,1560,2,1,-1,2,-1
2015950004721,3,9,0,3,0,1,0,0,0,0,2,1,2,1,23,5,2494,2,2,-1,2,-1
2015950004722,1,9,0,18,0,1,0,0,0,0,0,1,6,3,-1,-1,-1,-1,-1,-1,-1,-1
2015950004722,2,11,0,18,0,1,0,0,0,0,0,1,1,1,26,6,9360,2,7,-1,1,-1
2015950004723,1,9,0,18,0,2,0,4,0,0,1,1,6,2,66,10,1769,1,10,-1,1,-1
2015950004723,2,9,0,2,0,2,0,0,0,0,3,1,6,3,-1,-1,1388,1,6,-1,-1,-1
2015950004725,1,9,0,17,0,0,2,0,1,0,4,1,2,1,29,6,1364,1,8,-1,-1,-1
2015950004732,1,9,0,18,0,8,0,0,0,0,4,1,6,2,63,9,1229,1,5,-1,3,-1
2015950004732,2,9,0,18,0,8,0,0,0,0,1,1,6,2,67,10,-1,-1,-1,-1,3,-1
2015950004733,1,9,0,14,0,0,0,0,0,0,1,1,6,1,18,4,-1,-1,-1,-1,1,-1
2015950004741,1,9,0,18,0,0,0,0,7,0,1,1,2,1,44,7,2143,2,-1,-1,-1,-1
2015950004741,2,19,0,18,0,0,0,0,1,0,1,1,2,1,63,9,-1,-1,-1,-1,3,-1
2015950004741,3,9,0,18,0,0,0,0,0,0,1,1,2,2,39,7,1598,1,1,-1,3,-1
2015950004755,1,9,0,1,0,1,0,0,0,0,2,1,6,2,60,9,1598,1,12,-1,1,-1
2015950004755,2,9,2,2,0,1,0,0,0,0,1,1,6,1,25,5,1360,1,11,-1,-1,-1
2015950004756,1,9,0,9,0,8,0,0,0,0,1,1,6,1,54,8,1998,1,9,-1,1,-1
2015950004756,2,1,0,5,0,8,0,0,0,0,2,1,2,2,57,9,-1,-1,-1,-1,1,-1
2015950004760,1,11,0,4,3,1,0,0,0,0,0,1,1,1,56,9,7300,2,9,-1,1,-1
2015950004761,1,9,0,18,0,0,0,0,0,0,1,1,6,1,55,8,2982,2,1,-1,3,-1
2015950004770,1,9,0,7,0,2,0,0,0,0,1,2,1,1,79,11,4999,1,5,-1,1,-1
2015950004770,2,9,0,18,0,1,0,0,8,2,4,1,2,1,58,9,1586,1,12,-1,1,-1
2015950004770,3,9,0,2,0,1,0,0,0,0,4,1,6,3,-1,-1,2143,2,-1,-1,-1,-1
2015950004771,1,9,0,9,0,8,0,0,0,0,4,1,6,1,37,7,1398,1,-1,-1,-1,-1
2015950004771,2,9,0,18,0,1,0,0,0,0,1,1,6,1,49,8,1296,1,7,-1,1,-1
2015950004775,1,9,0,18,0,1,0,0,1,2,1,1,6,2,36,7,1390,1,11,-1,1,-1
2015950004775,2,9,0,3,0,1,0,0,0,0,4,1,6,2,23,5,1587,1,11,-1,1,-1
2015950004775,3,9,0,3,0,1,0,0,0,0,4,1,2,1,43,7,1968,2,9,-1,1,-1
2015950004778,1,11,0,18,0,1,0,0,0,0,1,1,1,1,58,9,9360,2,4,-1,-1,-1
2015950004779,1,9,0,18,0,0,0,0,0,0,1,1,6,1,20,4,1248,1,5,-1,3,-1
2015950004779,2,9,0,18,0,0,0,0,0,0,1,1,6,2,28,6,1600,1,4,-1,1,-1
2015950004779,3,9,0,18,0,0,0,0,0,0,2,1,6,2,40,7,1499,2,-1,-1,2,-1
2015950004779,4,9,0,18,0,0,0,0,0,0,2,1,6,1,53,8,-1,-1,-1,-1,1,-1
2015950004779,5,9,0,18,0,0,0,0,0,0,2,1,6,2,48,8,1296,1,7,-1,1,-1
2015950004780,1,3,0,14,0,1,0,0,0,0,1,1,6,1,19,4,124,1,-1,-1,1,-1
2015950004780,2,9,0,10,0,1,0,0,0,0,1,1,6,2,61,9,1586,1,10,-1,3,-1
2015950004781,1,3,0,16,0,0,0,0,7,0,4,1,6,1,29,6,125,1,-1,-1,1,-1
2015950004785,1,9,0,16,0,0,1,0,8,10,1,1,6,1,64,9,1587,1,13,-1,2,-1
2015950004788,1,11,0,18,0,0,0,0,0,0,0,1,1,1,29,6,7300,2,8,-1,-1,-1
2015950004790,1,9,0,18,0,8,0,0,0,0,1,1,6,1,35,6,1998,1,15,-1,1,-1
2015950004790,2,9,0,18,0,8,0,0,7,11,4,1,2,1,41,7,1896,2,11,-1,1,-1
2015950004793,1,9,0,18,0,0,0,0,0,0,1,1,2,1,27,6,1968,2,9,-1,1,-1
2015950004793,2,9,0,18,0,0,0,0,0,0,1,1,2,2,24,5,1398,1,-1,-1,1,-1
2015950004799,1,4,0,18,0,8,0,10,0,0,4,1,6,1,32,6,600,1,17,-1,1,-1
2015950004801,1,9,0,18,0,0,1,0,0,0,1,1,6,2,22,5,1968,2,8,-1,-1,-1
2015950004801,2,9,0,4,0,0,0,0,0,0,2,1,6,2,51,8,1796,1,12,-1,1,-1
2015950004801,3,9,0,18,0,0,0,0,0,0,2,1,6,2,40,7,1390,1,3,-1,3,-1
2015950004803,1,9,0,18,0,1,0,0,0,0,1,1,6,3,-1,-1,-1,-1,-1,-1,-1,-1
2015950004803,2,9,0,18,0,1,0,0,0,0,2,1,6,1,58,9,1582,2,-1,-1,1,-1
2015950004806,1,9,0,18,0,2,0,0,0,0,1,1,2,2,31,6,-1,-1,-1,-1,1,-1
2015950004806,2,9,0,18,0,1,0,0,0,0,1,1,6,1,52,8,1956,2,1,-1,1,-1
2015950004808,1,20,0,18,0,0,5,0,1,0,1,1,1,1,48,8,12900,2,7,-1,2,-1
2015950004815,1,9,0,18,0,0,0,0,0,3,3,1,6,1,36,7,2979,1,10,-1,3,-1
2015950004815,2,9,0,18,0,0,0,0,0,0,1,1,6,1,60,9,1796,1,4,-1,3,-1
2015950004827,1,9,0,18,0,0,0,0,0,0,1,1,6,2,74,10,1497,8,1,-1,3,-1
2015950004827,2,19,0,18,0,0,0,0,0,0,3,1,6,2,50,8,3920,2,8,-1,3,-1
2015950004847,1,9,0,18,0,1,0,0,0,0,1,1,6,1,24,5,1995,2,12,-1,2,-1
2015950004847,2,9,0,4,0,1,0,0,0,0,2,1,6,1,64,9,1248,2,3,-1,1,-1
2015950004853,1,1,0,4,0,1,0,0,0,0,1,1,6,1,38,7,-1,-1,-1,-1,1,-1
2015950004854,1,9,0,9,0,8,0,0,0,0,1,1,6,1,73,10,1198,1,5,-1,2,-1
2015950004854,2,4,0,18,0,8,0,0,0,0,1,1,6,1,19,4,296,1,-1,-1,2,-1
2015950004889,1,9,0,18,0,1,0,0,0,0,1,1,6,2,44,7,-1,-1,-1,-1,-1,-1
2015950004889,2,9,0,3,0,1,0,0,0,0,2,1,2,1,38,7,998,1,12,-1,2,-1
2015950004889,3,9,0,3,0,1,0,0,0,0,2,1,2,2,53,8,1390,1,3,-1,1,-1
2015950004903,1,9,0,16,0,0,0,0,0,0,1,1,6,1,56,9,1998,2,10,-1,2,-1
2015950004903,2,9,0,4,0,0,0,0,0,0,2,1,6,1,48,8,1995,2,11,-1,3,-1
2015950004904,1,9,0,18,0,8,0,0,0,0,3,1,6,2,40,7,1598,1,4,-1,1,-1
2015950004904,2,9,0,18,0,3,0,0,0,0,4,1,6,2,20,4,1400,2,10,-1,1,-1
2015950004905,1,9,0,18,0,8,0,4,0,0,3,1,2,2,51,8,1560,2,2,-1,3,-1
2015950004905,2,19,0,18,0,8,0,0,0,0,1,1,1,1,21,5,2198,2,1,-1,3,-1
2015950004905,3,9,0,2,0,2,0,0,0,0,1,1,6,3,-1,-1,1598,1,6,-1,-1,-1
2015950004905,4,9,0,2,0,2,0,0,0,0,1,1,6,3,-1,-1,1995,2,1,-1,-1,-1
2015950004906,1,9,0,18,0,0,1,0,2,4,4,1,6,2,17,4,1086,1,9,-1,1,-1
2015950004906,2,9,0,18,0,0,0,0,0,0,0,1,6,2,24,5,1000,1,1,-1,1,-1
2015950004908,1,11,0,4,0,0,0,0,0,0,0,1,1,1,50,8,8300,2,11,-1,1,-1
2015950004909,1,19,0,14,0,8,0,0,0,0,1,1,1,1,45,7,2298,2,1,-1,1,-1
2015950004909,2,19,0,9,0,8,0,0,0,0,3,1,1,1,35,6,1461,2,4,-1,3,-1
2015950004910,1,9,0,2,0,1,0,0,0,0,3,1,1,2,28,6,1596,1,13,-1,1,-1
2015950004910,2,1,0,18,0,8,5,0,0,0,1,1,6,2,57,9,-1,-1,-1,-1,1,-1
2015950004911,1,9,0,18,0,4,0,0,0,0,0,1,6,2,55,8,1598,1,13,-1,1,-1
2015950004911,2,4,0,18,0,3,0,0,0,0,4,1,2,1,32,6,599,1,17,-1,1,-1
2015950004912,1,9,0,18,0,0,1,0,0,0,1,1,6,1,77,11,1997,2,8,-1,3,-1
2015950004912,2,9,0,6,0,0,0,0,0,0,3,1,6,2,59,9,996,1,2,-1,1,-1
2015950004913,1,9,0,16,0,0,1,0,1,4,4,1,6,2,26,6,1997,2,14,-1,1,-1
2015950004914,1,9,0,17,0,0,0,0,0,0,1,1,6,1,48,8,1596,1,11,-1,1,-1
2015950004914,2,11,0,18,0,0,0,0,0,0,1,1,1,1,58,9,9360,2,7,-1,1,-1
2015950004915,1,19,0,9,0,8,0,0,0,0,1,1,2,2,38,7,1560,2,1,-1,1,-1
2015950004915,2,1,0,18,0,8,0,0,0,0,1,1,2,1,32,6,-1,-1,-1,-1,1,-1
2015950004917,1,9,0,18,0,0,0,0,1,4,1,1,2,2,24,5,1242,1,10,-1,1,-1
2015950004918,1,19,0,17,0,0,0,0,7,0,3,1,2,1,34,6,1870,2,11,-1,1,-1
2015950004918,2,9,0,18,0,0,0,0,1,0,1,1,6,1,55,8,1988,2,9,-1,1,-1
2015950004919,1,11,0,12,0,8,0,0,0,0,3,1,1,1,54,8,7300,2,10,-1,1,-1
2015950004919,2,19,0,18,0,8,0,0,0,0,1,1,6,2,44,7,2488,2,7,-1,1,-1
2015950004921,1,9,0,18,0,1,0,0,0,0,0,1,6,2,-1,-1,1198,1,1,-1,-1,-1
2015950004924,1,11,0,16,0,1,0,0,0,0,0,1,1,1,27,6,4760,2,2,-1,1,-1
2015950004925,1,9,0,7,0,1,0,0,0,0,1,1,6,1,81,11,1997,2,6,-1,1,-1
2015950004925,2,9,0,8,0,1,0,0,0,0,2,1,6,2,22,5,1149,1,11,-1,1,-1
2015950004926,1,9,0,18,0,2,0,0,0,0,1,1,6,1,21,5,-1,-1,-1,-1,2,-1
2015950004927,1,19,0,5,0,2,0,0,0,0,3,1,1,1,35,6,2143,2,2,-1,1,-1
2015950004927,2,11,0,18,0,8,0,0,0,0,3,1,1,1,47,8,4461,2,1,-1,1,-1
2015950004928,1,11,0,3,0,0,0,0,0,0,1,1,1,1,63,9,5132,2,-1,-1,1,-1
2015950004928,2,8,0,3,0,0,0,0,0,0,2,1,1,1,53,8,2143,2,2,-1,1,-1
2015950004929,1,19,0,12,0,1,0,0,0,0,1,1,6,1,35,6,1753,2,8,-1,1,-1
2015950004929,2,9,0,10,0,1,0,0,0,0,2,1,6,2,30,6,1596,1,10,-1,1,-1
2015950004930,1,11,0,18,0,1,0,0,0,0,1,1,1,1,61,9,9360,2,8,-1,3,-1
2015950004931,1,21,0,18,0,1,0,0,0,0,1,1,1,1,38,7,12419,2,1,-1,3,-1
2015950004932,1,2,0,18,0,8,0,0,0,0,1,1,1,1,32,6,108,1,-1,-1,1,-1
2015950004933,1,9,0,4,0,1,0,0,0,0,1,1,6,2,47,8,1240,1,12,-1,2,-1
2015950004933,2,9,0,4,0,4,0,0,0,0,2,1,6,2,46,8,1386,1,8,-1,1,-1
2015950004934,1,9,0,18,0,0,0,0,0,0,1,1,2,1,35,6,1364,1,8,-1,1,-1
2015950004934,2,9,0,18,0,0,0,0,0,0,2,1,2,2,29,6,875,1,2,-1,1,-1
2015950004935,1,9,0,18,0,0,0,0,0,0,1,1,6,2,21,5,1149,1,7,-1,2,-1
2015950004935,2,9,0,18,0,0,0,0,0,0,2,1,2,2,59,9,1796,1,12,-1,1,-1
2015950004936,1,9,0,18,0,3,0,0,1,11,1,1,6,1,19,4,-1,-1,-1,-1,2,-1
2015950004937,1,19,0,14,0,3,0,0,0,0,1,1,6,1,36,7,1461,2,9,-1,1,-1
2015950004937,2,1,0,18,0,3,0,0,0,0,1,1,6,1,31,6,-1,-1,-1,-1,1,-1
2015950004938,1,1,0,18,0,0,0,0,0,0,3,1,6,2,10,2,-1,-1,-1,-1,2,-1
2015950004938,2,9,0,18,0,0,0,0,0,0,1,1,6,2,46,8,1198,1,3,-1,1,-1
2015950004939,1,9,0,18,0,4,0,0,0,0,1,1,6,1,18,4,1242,1,13,-1,1,-1
2015950004939,2,9,0,3,0,4,0,0,0,0,2,1,6,2,33,6,1968,2,7,-1,1,-1
2015950004940,1,9,0,18,0,0,0,0,0,0,1,1,6,1,25,5,1984,1,5,-1,1,-1
2015950004941,1,9,0,4,0,2,0,0,1,11,1,1,6,2,56,9,1395,1,1,-1,1,-1
2015950004942,1,8,0,18,0,2,0,0,0,0,1,1,1,1,45,7,2148,2,5,-1,3,-1
2015950004943,1,9,0,4,0,1,0,0,0,0,1,1,6,1,45,7,3993,1,-1,-1,3,-1
2015950004943,2,9,0,7,0,4,0,0,0,0,2,1,6,1,50,8,1368,1,2,-1,1,-1
2015950004945,1,19,0,7,0,8,0,0,0,0,4,1,1,1,36,7,1248,2,2,-1,1,-1
2015950004946,1,9,0,9,0,6,0,0,0,0,1,1,6,1,23,5,1587,1,6,-1,1,-1
2015950004946,2,9,0,18,0,8,0,0,0,0,4,1,6,2,25,5,1598,1,-1,-1,1,-1
2015950004947,1,9,0,17,0,3,0,2,0,0,1,1,2,1,37,7,973,1,14,-1,3,-1
2015950004947,2,90,0,2,0,1,0,0,0,0,1,1,1,1,20,4,-1,-1,-1,-1,1,-1