Accident_Index,Vehicle_Reference,Vehicle_Type,Towing_and_Articulation,Vehicle_Manoeuvre,Vehicle_Location-Restricted_Lane,Junction_Location,Skidding_and_Overturning,Hit_Object_in_Carriageway,Vehicle_Leaving_Carriageway,Hit_Object_off_Carriageway,1st_Point_of_Impact,Was_Vehicle_Left_Hand_Drive?,Journey_Purpose_of_Driver,Sex_of_Driver,Age_of_Driver,Age_Band_of_Driver,Engine_Capacity_(CC),Propulsion_Code,Age_of_Vehicle,Driver_IMD_Decile,Driver_Home_Area_Type,Vehicle_IMD_Decile
2015950004948,1,9,0,18,0,2,0,0,0,0,3,1,6,1,27,6,1242,1,10,-1,1,-1
2015950004948,2,19,0,18,0,1,0,0,0,0,1,1,6,1,56,9,1248,2,8,-1,1,-1
2015950004949,1,9,0,17,0,0,5,0,2,0,4,1,6,1,25,5,1396,1,16,-1,3,-1
2015950004949,2,9,0,18,0,0,0,0,1,0,1,1,6,1,51,8,1348,1,14,-1,3,-1
2015950004951,1,9,0,18,0,8,0,0,0,0,3,1,6,1,46,8,1686,2,11,-1,1,-1
2015950004951,2,1,0,18,0,8,0,0,0,0,4,1,6,1,41,7,-1,-1,-1,-1,1,-1
2015950004953,1,9,0,5,3,1,0,0,0,0,1,1,6,2,81,11,1198,1,5,-1,3,-1
2015950004953,2,3,0,18,0,1,1,0,0,0,4,1,6,1,22,5,124,1,9,-1,2,-1
2015950004957,1,3,0,7,0,8,0,0,0,0,4,1,6,1,29,6,125,1,-1,-1,1,-1
2015950004958,1,9,0,18,0,0,0,0,0,0,1,1,6,2,24,5,1242,1,5,-1,1,-1
2015950004958,2,9,0,4,0,0,0,0,0,0,2,1,6,2,48,8,1461,2,1,-1,1,-1
2015950004968,1,9,0,18,0,2,0,0,0,0,1,1,6,1,52,8,1586,1,10,-1,1,-1
2015950004973,1,4,0,17,0,0,0,11,2,7,1,1,6,1,51,8,649,1,3,-1,1,-1
2015950004974,1,9,0,18,0,3,1,0,0,0,1,1,6,1,20,4,1587,1,15,-1,1,-1
2015950004974,2,9,0,18,0,1,1,0,0,0,2,1,6,1,24,5,1242,1,11,-1,3,-1
2015950004977,1,9,0,4,0,1,0,0,0,0,1,1,6,3,-1,-1,-1,-1,-1,-1,-1,-1
2015950004984,1,9,0,18,0,0,2,0,7,4,1,1,2,2,29,6,1149,1,6,-1,1,-1
2015950004985,1,19,0,4,0,0,0,0,0,0,2,1,1,1,51,8,2299,2,4,-1,1,-1
2015950004985,2,9,0,3,0,0,0,0,0,0,2,1,6,2,18,4,973,1,14,-1,1,-1
2015950004986,1,19,0,18,0,0,0,0,0,0,1,1,1,1,42,7,2148,2,6,-1,2,-1
2015950004989,1,9,0,13,0,1,0,0,0,0,4,1,6,1,35,6,1360,1,14,-1,2,-1
2015950004989,2,11,0,3,2,1,0,0,0,0,1,1,1,1,49,8,7300,2,10,-1,-1,-1
2015950004991,1,9,0,9,0,8,0,0,0,0,1,1,6,2,45,7,1299,1,10,-1,3,-1
2015950004995,1,9,0,11,0,1,0,0,0,0,0,1,6,2,35,6,1598,1,9,-1,1,-1
2015950004995,2,9,0,11,0,1,0,10,1,0,1,1,6,2,20,4,999,1,2,-1,1,-1
2015950004996,1,9,0,18,0,2,0,0,0,0,1,1,1,1,33,6,-1,-1,-1,-1,1,-1
2015950004996,2,19,0,3,0,3,0,0,0,0,2,1,1,1,34,6,1753,2,10,-1,3,-1
2015950004997,1,9,0,18,0,4,0,0,0,0,1,1,6,2,24,5,1598,1,6,-1,1,-1
2015950004997,2,9,0,18,0,3,0,0,0,0,4,1,6,2,20,4,995,1,10,-1,1,-1
2015950005001,1,9,0,18,0,1,0,0,0,0,1,1,2,1,24,5,1242,1,1,-1,2,-1
2015950005005,1,9,0,18,0,0,2,0,2,4,4,1,2,1,18,4,1229,1,10,-1,3,-1
2015950005006,1,1,0,14,0,0,0,0,0,0,1,1,6,1,25,5,-1,-1,-1,-1,1,-1
2015950005007,1,9,0,16,0,0,0,0,0,0,1,1,6,1,22,5,1390,1,3,-1,-1,-1
2015950005007,2,9,0,17,0,0,0,0,0,0,1,1,6,1,48,8,1461,2,4,-1,3,-1
2015950005008,1,9,0,18,0,2,0,0,0,0,3,1,6,1,21,5,1390,1,6,-1,1,-1
2015950005008,2,1,0,18,0,2,0,0,0,0,1,1,6,1,36,7,-1,-1,-1,-1,1,-1
2015950005009,1,9,0,5,0,1,0,0,0,0,1,1,6,2,21,5,1198,1,5,-1,1,-1
2015950005009,2,1,0,18,0,1,0,0,0,0,1,1,6,1,37,7,-1,-1,-1,-1,1,-1
2015950005010,1,9,0,18,0,0,0,0,0,0,3,1,6,1,42,7,1388,1,12,-1,1,-1
2015950005010,2,4,0,18,0,0,0,0,1,0,3,1,2,1,52,8,1237,1,2,-1,1,-1
2015950005011,1,9,0,9,0,1,0,0,0,0,4,1,6,1,44,7,-1,-1,-1,-1,-1,-1
2015950005011,2,1,0,18,0,1,0,0,0,0,1,1,6,1,26,6,-1,-1,-1,-1,1,-1
2015950005012,1,9,0,18,0,0,0,0,0,0,1,1,6,2,31,6,998,1,-1,-1,1,-1
2015950005012,2,9,0,18,0,0,0,0,0,0,2,1,2,2,27,6,1149,1,-1,-1,1,-1
2015950005013,1,9,0,9,0,8,0,0,0,0,1,1,6,1,86,11,-1,-1,-1,-1,2,-1
2015950005013,2,3,0,18,0,8,1,0,0,0,1,1,6,1,41,7,124,1,3,-1,2,-1
2015950005013,3,9,0,3,0,1,0,0,0,0,1,1,6,2,44,7,1368,1,3,-1,3,-1
2015950005014,1,9,0,18,0,0,0,0,0,0,1,1,6,1,26,6,2993,2,11,-1,3,-1
2015950005014,2,19,0,2,0,0,0,0,0,0,0,1,6,3,-1,-1,1560,2,3,-1,-1,-1
2015950005015,1,9,0,18,0,1,0,0,0,0,1,1,6,2,35,6,1598,1,8,-1,1,-1
2015950005024,1,1,0,18,0,4,0,0,0,0,0,1,2,1,50,8,-1,-1,-1,-1,1,-1
2015950005025,1,9,0,14,0,1,0,0,0,0,1,1,6,2,26,6,1149,1,3,-1,1,-1
2015950005026,1,11,0,5,3,1,0,0,0,0,0,1,1,1,41,7,5132,2,-1,-1,1,-1
2015950005027,1,9,0,17,0,0,2,0,1,11,1,1,2,2,43,7,1360,1,11,-1,1,-1
2015950005029,1,8,0,18,0,1,0,0,3,0,3,1,1,1,39,7,1997,2,10,-1,1,-1
2015950005029,2,9,0,18,0,1,0,0,0,0,1,1,6,1,48,8,1598,2,-1,-1,3,-1
2015950005031,1,9,0,18,0,8,0,0,0,0,1,1,6,1,19,4,998,1,1,-1,1,-1
2015950005031,2,9,0,18,0,8,0,0,0,0,2,1,6,2,32,6,1242,1,2,-1,1,-1
2015950005031,3,9,0,18,0,2,0,0,0,0,2,1,6,2,49,8,-1,-1,-1,-1,1,-1
2015950005032,1,19,0,5,0,0,0,0,0,0,2,1,6,1,38,7,1560,2,8,-1,1,-1
2015950005032,2,9,0,3,0,0,0,0,0,0,2,1,6,1,38,7,1998,2,12,-1,1,-1
2015950005034,1,9,0,17,0,0,0,0,7,11,2,1,6,1,35,6,1896,2,16,-1,2,-1
2015950005034,2,9,0,18,0,0,0,0,0,0,1,1,1,1,40,7,1896,2,8,-1,2,-1
2015950005036,1,9,0,16,0,0,0,0,1,0,4,1,6,2,18,4,1242,1,9,-1,3,-1
2015950005046,1,9,0,18,0,2,0,0,7,0,1,1,6,3,-1,-1,-1,-1,-1,-1,-1,-1
2015950005047,1,9,0,18,0,0,0,0,0,0,4,1,6,2,57,9,995,1,5,-1,1,-1
2015950005048,1,8,0,18,0,0,0,0,0,0,3,1,1,1,44,7,2499,2,8,-1,1,-1
2015950005049,1,9,0,9,0,8,0,0,0,0,1,1,6,2,30,6,1329,1,1,-1,1,-1
2015950005049,2,9,0,10,0,2,0,0,0,0,2,1,6,1,47,8,1998,2,10,-1,1,-1
2015950005050,1,9,0,4,0,1,0,0,0,0,1,1,6,1,23,5,-1,-1,-1,-1,1,-1
2015950005050,2,9,0,3,0,1,0,0,0,0,2,1,6,1,19,4,1339,1,2,-1,1,-1
2015950005051,1,9,0,16,0,0,0,0,7,4,4,1,6,2,24,5,1248,1,6,-1,1,-1
2015950005051,2,19,0,17,0,0,0,0,1,0,1,1,1,1,43,7,2198,2,1,-1,1,-1
2015950005053,1,9,0,18,0,0,0,0,1,2,4,1,2,1,47,8,1998,1,10,-1,1,-1
2015950005054,1,9,0,9,0,8,0,0,0,0,3,1,6,1,77,11,1798,1,8,-1,-1,-1
2015950005054,2,9,0,16,0,1,0,0,0,0,1,1,6,1,24,5,1299,1,12,-1,1,-1
2015950005055,1,9,0,7,0,8,0,0,0,0,1,1,6,2,52,8,1248,1,3,-1,1,-1
2015950005056,1,9,0,9,0,8,0,0,0,0,1,1,6,1,21,5,1995,1,5,-1,1,-1
2015950005056,2,9,0,18,0,2,0,0,0,0,2,1,6,2,39,7,1299,1,7,-1,1,-1
2015950005057,1,9,0,18,0,0,5,0,1,0,4,1,6,1,21,5,1242,1,11,-1,1,-1
2015950005058,1,9,0,4,2,1,0,0,0,0,1,1,6,1,78,11,1461,2,-1,-1,2,-1
2015950005059,1,9,0,18,0,1,0,0,0,0,3,1,2,1,50,8,1598,2,4,-1,1,-1
2015950005060,1,9,0,18,0,0,1,7,0,0,1,1,2,1,36,7,1995,1,13,-1,2,-1
2015950005060,2,9,0,18,0,0,0,0,0,0,1,1,6,2,77,11,1396,1,3,-1,1,-1
2015950005062,1,9,0,18,0,1,0,0,0,0,1,1,6,1,53,8,1870,2,9,-1,1,-1
2015950005062,2,9,0,3,0,1,0,0,0,0,2,1,6,2,51,8,1149,1,4,-1,1,-1
2015950005062,3,9,0,3,0,1,0,0,0,0,2,1,6,2,46,8,1390,1,6,-1,1,-1
2015950005063,1,9,0,9,0,8,0,0,0,0,2,1,6,2,44,7,1086,1,5,-1,1,-1
2015950005063,2,1,0,3,0,1,0,0,0,0,2,1,6,1,25,5,-1,-1,-1,-1,1,-1
2015950005064,1,9,0,5,0,1,0,0,0,0,1,1,6,1,18,4,898,1,-1,-1,1,-1
2015950005064,2,9,0,3,0,1,0,0,0,0,2,1,6,2,31,6,1598,2,1,-1,-1,-1
2015950005065,1,90,0,7,0,8,0,0,0,0,4,1,1,1,44,7,7142,2,8,-1,1,-1
2015950005066,1,9,0,5,0,5,0,4,0,0,1,1,6,2,46,8,1796,1,11,-1,1,-1
2015950005066,2,9,0,2,0,1,0,0,0,0,2,1,6,3,-1,-1,2231,2,2,-1,-1,-1
2015950005069,1,4,0,15,0,0,0,0,0,0,0,1,2,1,28,6,1063,1,11,-1,1,-1
2015950005069,2,9,0,6,0,0,0,0,0,0,0,1,6,1,61,9,2143,2,2,-1,1,-1
2015950005076,1,9,0,17,0,0,1,0,1,4,1,1,6,1,17,4,1598,2,-1,-1,2,-1
2015950005077,1,9,0,17,0,0,1,0,7,9,1,1,2,2,22,5,998,1,7,-1,1,-1
2015950005078,1,9,0,15,0,1,0,0,0,0,1,1,6,3,-1,-1,-1,-1,-1,-1,-1,-1
2015950005078,2,1,0,9,0,1,0,0,0,0,4,1,6,1,41,7,-1,-1,-1,-1,3,-1
2015950005079,1,11,0,18,0,0,0,0,0,0,1,1,1,1,53,8,9360,2,7,-1,2,-1
2015950005080,1,9,0,16,0,0,0,0,0,0,1,1,6,1,25,5,1598,1,11,-1,1,-1
2015950005080,2,9,0,17,0,0,0,0,0,0,1,1,6,2,25,5,2199,2,5,-1,1,-1
2015950005086,1,9,0,16,0,0,1,0,7,3,3,1,6,3,-1,-1,1997,2,10,-1,-1,-1
2015950005095,1,9,0,9,0,8,0,0,0,0,1,1,6,1,83,11,1242,1,11,-1,1,-1
2015950005095,2,1,2,18,0,8,0,0,0,0,3,1,6,2,23,5,-1,-1,-1,-1,1,-1
2015950005108,1,11,0,7,0,8,0,0,0,0,1,1,1,1,41,7,4760,2,1,-1,2,-1
2015950005108,2,9,0,3,0,1,0,0,0,0,1,1,6,2,57,9,1086,1,9,-1,1,-1
2015950005110,1,9,0,16,0,0,0,0,0,10,1,1,1,1,18,4,1149,1,13,-1,3,-1
2015950005115,1,9,0,4,0,0,0,0,0,0,1,1,6,3,-1,-1,1389,1,17,-1,-1,-1
2015950005115,2,19,0,18,0,0,0,0,0,0,2,1,1,1,44,7,2198,2,2,-1,1,-1
2015950005138,1,9,0,9,0,8,0,0,0,0,4,1,6,3,-1,-1,-1,-1,-1,-1,-1,-1
2015950005138,2,1,0,18,0,8,0,0,0,0,1,1,6,1,27,6,-1,-1,-1,-1,1,-1
2015950005158,1,9,0,18,0,0,0,0,1,11,3,1,6,1,18,4,1390,1,14,-1,1,-1
2015950005159,1,9,0,16,0,0,5,0,7,9,1,1,6,1,41,7,-1,-1,-1,-1,3,-1
2015950005160,1,9,0,17,0,1,1,0,1,2,4,1,6,1,27,6,1598,1,-1,-1,1,-1
2015950005167,1,9,0,18,0,8,0,0,0,0,1,1,6,1,31,6,-1,-1,-1,-1,-1,-1
2015950005167,2,9,0,18,0,8,0,0,0,0,3,1,2,1,36,7,1997,2,3,-1,-1,-1
2015950005168,1,9,0,18,0,0,0,0,0,0,1,1,6,1,58,9,1968,2,8,-1,1,-1
2015950005168,2,9,0,18,0,0,0,0,0,0,2,1,2,1,36,7,1995,2,6,-1,1,-1
2015950005168,3,9,0,18,0,0,0,0,0,0,2,1,6,1,49,8,1997,2,8,-1,1,-1
2015950005173,1,9,0,18,0,1,0,0,0,0,2,1,6,2,65,9,1999,2,-1,-1,3,-1
2015950005173,2,9,0,18,0,1,0,0,0,0,1,1,6,2,67,10,1586,1,7,-1,3,-1
2015950005174,1,9,0,17,0,0,1,0,1,11,4,1,6,1,20,4,1590,1,14,-1,1,-1
2015950005175,1,9,0,18,0,0,0,0,1,1,1,1,6,1,83,11,1461,2,10,-1,1,-1
2015950005177,1,9,0,5,0,7,0,0,1,7,1,1,6,2,62,9,998,1,1,-1,1,-1
2015950005177,2,10,0,18,2,8,0,0,0,0,1,1,1,2,42,7,1998,2,9,-1,2,-1
2015950005178,1,9,0,7,0,8,0,0,0,0,1,1,6,2,59,9,-1,-1,-1,-1,2,-1
2015950005179,1,9,0,14,0,0,0,0,0,0,1,1,3,2,37,7,1587,1,10,-1,1,-1
2015950005180,1,9,0,18,0,0,1,0,1,7,1,1,6,1,56,9,2497,2,10,-1,3,-1
2015950005186,1,11,0,5,0,0,0,0,0,0,0,1,6,1,52,8,9360,2,4,-1,1,-1
2015950005199,1,9,0,18,0,2,0,0,0,0,1,1,6,1,53,8,1968,2,-1,-1,1,-1
2015950005201,1,9,0,9,0,8,0,0,0,0,1,1,6,1,32,6,1956,2,6,-1,1,-1
2015950005201,2,1,0,18,0,8,0,0,0,0,3,1,6,1,48,8,-1,-1,-1,-1,1,-1
2015950005202,1,9,0,9,0,8,0,0,0,0,1,1,6,2,72,10,1590,1,11,-1,1,-1
2015950005202,2,1,0,18,0,1,0,0,0,0,1,1,6,1,43,7,-1,-1,-1,-1,1,-1
2015950005203,1,8,0,18,0,0,0,0,0,0,4,1,1,1,41,7,1997,2,-1,-1,1,-1
2015950005204,1,9,0,18,0,0,1,0,7,10,1,1,2,1,29,6,1389,1,19,-1,2,-1
2015950005205,1,9,0,18,0,0,1,1,0,0,1,1,6,1,49,8,1596,1,5,-1,3,-1
2015950005205,2,9,0,2,0,0,0,0,0,0,2,1,6,3,-1,-1,1389,1,19,-1,-1,-1
2015950005215,1,4,0,16,0,0,1,0,2,0,3,1,2,1,57,9,-1,-1,-1,-1,1,-1
2015950005216,1,9,0,18,0,8,0,0,0,0,1,1,6,2,54,8,998,1,4,-1,3,-1
2015950005216,2,9,0,18,0,1,0,0,0,0,1,1,6,1,71,10,1248,1,1,-1,3,-1
2015950005217,1,9,0,9,0,8,0,0,0,0,1,1,6,2,19,4,1242,1,3,-1,3,-1
2015950005217,2,9,0,18,0,8,0,0,0,0,1,1,6,1,19,4,-1,-1,-1,-1,1,-1
2015950005222,1,9,0,4,0,1,0,0,0,0,3,1,6,1,43,7,2000,2,4,-1,3,-1
2015950005229,1,9,0,13,0,0,0,0,1,10,1,1,6,1,50,8,1685,2,2,-1,1,-1
2015950005230,1,9,0,18,0,0,0,0,0,0,1,1,6,3,-1,-1,1997,2,12,-1,-1,-1
2015950005230,2,9,0,18,0,0,0,0,0,0,2,1,6,1,21,5,1398,1,-1,-1,1,-1
2015950005231,1,9,0,18,0,7,0,0,0,0,1,1,6,2,26,6,1910,2,4,-1,2,-1
2015950005231,2,9,0,18,0,7,0,0,0,0,1,1,6,1,41,7,3189,1,8,-1,2,-1
2015950005231,3,9,0,12,0,7,0,0,0,0,2,1,6,2,32,6,1248,1,3,-1,3,-1
2015950005232,1,9,0,18,0,1,0,0,0,0,1,1,6,1,20,4,973,1,12,-1,1,-1
2015950005233,1,9,0,18,0,0,2,0,1,1,1,1,6,1,35,6,1596,1,4,-1,1,-1
2015950005234,1,9,0,16,0,0,0,4,0,0,1,1,6,3,-1,-1,1596,1,9,-1,-1,-1
2015950005234,2,9,0,2,0,0,0,0,0,0,2,1,6,3,-1,-1,998,1,3,-1,-1,-1
2015950005235,1,9,0,18,0,0,0,11,0,0,1,1,6,2,39,7,1497,8,1,-1,1,-1
2015950005235,2,9,0,18,0,0,0,0,0,0,3,1,6,2,28,6,1198,1,11,-1,2,-1
2015950005235,3,9,0,18,0,0,0,0,0,0,3,1,2,1,33,6,1968,2,1,-1,1,-1
2015950005237,1,19,0,18,0,0,5,0,1,11,1,1,2,1,43,7,2198,2,6,-1,1,-1
2015950005242,1,9,0,-1,0,0,0,0,0,0,0,1,6,2,31,6,1493,2,7,-1,1,-1
2015950005248,1,9,0,5,0,1,0,0,0,0,1,1,6,1,53,8,1598,1,5,-1,-1,-1
2015950005248,2,9,0,10,0,1,0,0,0,0,2,1,6,2,50,8,1388,1,11,-1,1,-1
2015950005251,1,9,0,18,0,0,0,0,7,9,1,1,6,2,55,8,-1,-1,-1,-1,2,-1
2015950005251,2,9,0,18,0,0,0,0,0,0,2,1,6,1,35,6,2000,1,16,-1,3,-1
2015950005252,1,9,0,18,0,0,0,0,0,0,1,1,1,2,47,8,1398,1,4,-1,3,-1
2015950005252,2,19,0,18,0,0,0,0,0,0,2,1,1,1,33,6,2298,2,-1,-1,3,-1
2015950005253,1,9,0,18,0,8,0,0,0,0,1,1,6,3,-1,-1,-1,-1,-1,-1,-1,-1
2015950005253,2,9,0,9,0,8,0,0,0,0,3,1,2,1,22,5,1753,2,10,-1,1,-1
2015950005269,1,9,0,9,0,1,0,0,0,0,1,1,2,2,51,8,2488,1,12,-1,1,-1
2015950005269,2,9,0,18,0,2,0,0,0,0,2,1,1,1,45,7,1956,2,2,-1,1,-1
2015950005276,1,11,0,18,0,1,0,0,0,0,1,1,1,2,62,9,9360,2,6,-1,1,-1
2015950005276,2,9,0,4,0,1,0,0,0,0,2,1,6,2,70,10,1399,2,6,-1,1,-1
2015950005277,1,9,0,16,0,5,1,0,2,7,4,1,6,2,68,10,1598,1,5,-1,1,-1
2015950005278,1,9,0,9,0,8,0,0,0,0,1,1,6,2,55,8,1560,2,3,-1,-1,-1
2015950005279,1,9,0,9,0,2,0,0,0,0,1,1,6,1,33,6,1598,1,6,-1,-1,-1
2015950005280,1,9,0,18,0,0,0,0,0,0,4,1,2,2,47,8,1997,2,13,-1,-1,-1
2015950005281,1,9,0,13,0,0,0,0,0,0,3,1,6,1,34,6,1799,1,9,-1,-1,-1
2015950005281,2,19,0,13,0,0,0,0,0,0,4,1,2,2,21,5,1995,2,3,-1,1,-1
2015950005281,3,19,0,18,0,0,0,0,1,0,4,1,6,1,55,8,2953,2,8,-1,-1,-1
2015950005282,1,1,0,18,2,0,0,0,0,0,1,1,6,1,44,7,-1,-1,-1,-1,1,-1
2015950005282,2,11,0,3,2,0,0,0,0,0,2,1,1,1,43,7,9360,2,6,-1,1,-1
2015950005287,1,9,0,2,0,2,0,0,0,0,0,1,6,3,-1,-1,2720,2,8,-1,-1,-1
2015950005287,2,9,0,9,0,6,0,0,0,0,1,1,6,2,-1,-1,1586,1,8,-1,2,-1
2015950005287,3,9,0,9,0,6,0,0,0,0,2,1,6,1,49,8,1995,2,3,-1,2,-1
2015950005291,1,9,0,18,0,1,0,0,1,0,1,1,6,1,79,11,1198,1,7,-1,2,-1
2015950005291,2,9,0,2,0,1,0,0,0,0,1,1,6,3,-1,-1,1560,2,5,-1,-1,-1
2015950005294,1,21,0,18,0,0,0,0,0,0,1,1,1,1,54,8,15607,2,2,-1,3,-1
2015950005294,2,9,0,4,0,0,0,0,0,0,2,1,6,2,42,7,2179,2,1,-1,1,-1
2015950005296,1,9,0,4,0,0,0,0,0,0,1,1,6,3,-1,-1,-1,-1,-1,-1,-1,-1
2015950005296,2,9,0,3,0,0,0,0,0,0,1,1,6,1,51,8,1422,2,14,-1,1,-1
2015950005296,3,9,0,3,0,0,0,0,0,0,2,1,6,3,-1,-1,-1,-1,-1,-1,-1,-1
2015950005298,1,9,0,9,0,8,0,0,0,0,4,1,2,1,31,6,1200,1,1,-1,1,-1
2015950005298,2,1,0,18,0,8,0,0,0,0,2,1,2,1,55,8,-1,-1,-1,-1,1,-1
2015950005301,1,9,0,16,0,0,0,0,0,0,1,1,6,1,84,11,1598,1,16,-1,3,-1
2015950005301,2,9,0,17,0,0,0,0,1,0,1,1,6,1,61,9,1248,2,1,-1,1,-1
2015950005317,1,9,0,10,0,8,0,0,0,0,1,1,6,2,20,4,1398,1,1,-1,1,-1
2015950005317,2,19,0,18,0,1,0,0,0,0,1,1,1,1,34,6,2402,2,5,-1,1,-1
2015950005318,1,9,0,17,0,0,0,0,0,0,4,1,6,1,23,5,1598,1,12,-1,1,-1
2015950005324,1,9,0,18,0,1,0,0,0,0,4,1,3,2,50,8,-1,-1,-1,-1,2,-1
2015950005325,1,8,0,9,0,8,0,0,0,0,4,1,1,1,64,9,2499,2,5,-1,1,-1
2015950005325,2,1,0,18,0,1,0,0,0,0,1,1,2,1,29,6,-1,-1,-1,-1,1,-1
2015950005326,1,9,0,9,0,8,0,0,0,0,3,1,6,2,48,8,1910,2,11,-1,1,-1
2015950005326,2,1,0,18,0,8,0,0,0,0,1,1,6,1,47,8,-1,-1,-1,-1,1,-1
2015950005328,1,9,0,2,0,0,0,0,0,0,3,1,6,3,-1,-1,-1,-1,-1,-1,-1,-1
2015950005328,2,1,0,14,0,0,0,0,0,0,1,1,6,1,55,8,-1,-1,-1,-1,1,-1
2015950005338,1,9,0,6,0,1,0,0,0,0,4,1,6,1,44,7,1197,1,-1,-1,1,-1
2015950005343,1,9,0,18,0,1,0,0,0,0,4,1,6,2,22,5,1242,1,9,-1,2,-1
2015950005344,1,9,0,2,0,0,0,0,0,0,3,1,6,1,32,6,1248,1,1,-1,1,-1
2015950005344,2,1,0,18,0,0,0,0,0,0,1,1,6,1,41,7,-1,-1,-1,-1,1,-1
2015950005345,1,9,0,9,0,8,0,0,0,0,4,1,6,2,19,4,1200,1,13,-1,2,-1
2015950005345,2,4,0,3,0,1,0,0,0,0,1,1,1,1,54,8,1298,1,-1,-1,-1,-1
2015950005345,3,4,0,3,0,1,0,0,0,0,1,1,1,1,53,8,1298,1,2,-1,-1,-1
2015950005346,1,9,0,3,0,0,5,0,0,0,4,1,6,3,-1,-1,-1,-1,-1,-1,-1,-1
2015950005346,2,1,0,15,0,0,0,0,0,0,1,1,6,1,19,4,-1,-1,-1,-1,1,-1
2015950005347,1,9,0,17,0,1,5,10,7,11,1,1,6,1,27,6,1461,2,11,-1,-1,-1
2015950005348,1,9,0,18,0,0,0,0,0,0,1,1,2,1,37,7,1984,2,2,-1,1,-1
2015950005348,2,19,0,3,0,0,1,0,0,0,2,1,1,1,33,6,-1,-1,-1,-1,1,-1
2015950005348,3,19,0,18,0,0,0,0,0,0,2,1,2,1,44,7,2198,2,3,-1,-1,-1
2015950005349,1,9,0,16,0,0,0,0,0,0,1,1,6,1,55,8,1560,2,7,-1,3,-1
2015950005349,2,9,0,18,0,0,0,0,1,0,3,1,6,2,49,8,2902,2,8,-1,-1,-1
2015950005350,1,9,0,18,0,0,0,0,1,7,1,1,6,1,50,8,1781,1,14,-1,1,-1
2015950005351,1,9,0,18,0,8,0,0,0,0,3,1,6,1,27,6,1998,1,9,-1,1,-1
2015950005351,2,3,0,18,0,8,0,0,0,0,1,1,6,1,50,8,124,1,16,-1,3,-1
2015950005352,1,9,0,9,0,1,0,0,0,0,1,1,6,2,77,11,998,1,5,-1,1,-1
2015950005353,1,8,0,5,0,0,0,0,0,0,4,1,1,3,-1,-1,2499,2,5,-1,-1,-1
2015950005354,1,9,0,18,0,0,0,0,7,4,1,1,6,2,38,7,1598,1,9,-1,2,-1
2015950005355,1,9,0,18,0,0,0,0,0,0,0,1,6,3,-1,-1,-1,-1,-1,-1,-1,-1
2015950005355,2,9,0,18,0,0,0,0,0,0,1,1,6,2,27,6,1000,1,-1,-1,1,-1
2015950005355,3,9,0,2,0,0,0,0,0,0,2,1,6,3,-1,-1,1956,2,2,-1,-1,-1
2015950005355,4,9,0,2,0,0,0,0,0,0,2,1,6,3,-1,-1,1229,1,5,-1,-1,-1
2015950005356,1,9,0,7,0,8,0,0,0,0,4,1,6,1,28,6,1598,2,1,-1,1,-1
2015950005356,2,9,0,18,0,2,0,0,0,0,3,1,6,1,23,5,-1,-1,-1,-1,1,-1
2015950005357,1,9,0,17,0,4,0,9,0,0,3,1,6,1,22,5,1984,1,-1,-1,1,-1
2015950005358,1,9,0,9,0,8,0,0,0,0,4,1,6,2,18,4,1229,1,10,-1,1,-1
2015950005358,2,9,0,18,0,8,0,0,0,0,4,1,6,2,55,8,1242,1,1,-1,1,-1
2015950005360,1,9,0,18,0,0,0,0,1,11,1,1,2,2,24,5,998,1,2,-1,3,-1
2015950005361,1,9,0,18,0,1,1,0,0,0,1,1,6,1,24,5,1896,2,6,-1,1,-1
2015950005361,2,9,0,18,0,1,0,0,0,0,3,1,6,2,27,6,-1,-1,-1,-1,1,-1
2015950005367,1,9,0,7,0,1,0,0,0,0,1,1,2,2,39,7,998,1,4,-1,1,-1
2015950005368,1,8,0,18,0,0,0,0,0,0,1,1,1,1,39,7,2664,2,14,-1,1,-1
2015950005369,1,1,0,9,0,3,0,0,0,0,1,1,6,2,43,7,-1,-1,-1,-1,1,-1
2015950005369,2,9,0,18,0,3,0,0,0,0,1,1,2,2,53,8,2179,2,-1,-1,1,-1
2015950005370,1,1,0,9,0,8,0,0,0,0,0,1,6,1,47,8,-1,-1,-1,-1,1,-1
2015950005370,2,9,0,18,0,8,0,0,0,0,1,1,6,1,33,6,1968,2,6,-1,-1,-1
2015950005379,1,9,0,18,0,0,0,0,0,0,1,1,2,1,50,8,1061,1,10,-1,2,-1
2015950005382,1,9,0,18,0,0,0,0,0,0,1,1,2,1,61,9,-1,-1,-1,-1,3,-1
2015950005382,2,9,0,18,0,0,0,0,1,0,2,1,6,1,39,7,1497,1,13,-1,3,-1
2015950005383,1,9,0,4,0,0,0,0,0,0,1,1,6,1,55,8,1499,2,-1,-1,1,-1
2015950005383,2,9,0,18,0,0,0,0,0,0,2,1,6,1,43,7,1995,2,3,-1,1,-1
2015950005384,1,90,0,11,0,0,0,0,0,0,4,1,1,1,40,7,-1,-1,-1,-1,1,-1
2015950005384,2,9,0,18,0,0,0,0,0,0,3,1,2,1,26,6,1198,1,3,-1,1,-1