Accident_Index,Vehicle_Reference,Vehicle_Type,Towing_and_Articulation,Vehicle_Manoeuvre,Vehicle_Location-Restricted_Lane,Junction_Location,Skidding_and_Overturning,Hit_Object_in_Carriageway,Vehicle_Leaving_Carriageway,Hit_Object_off_Carriageway,1st_Point_of_Impact,Was_Vehicle_Left_Hand_Drive?,Journey_Purpose_of_Driver,Sex_of_Driver,Age_of_Driver,Age_Band_of_Driver,Engine_Capacity_(CC),Propulsion_Code,Age_of_Vehicle,Driver_IMD_Decile,Driver_Home_Area_Type,Vehicle_IMD_Decile
2015950005402,1,1,0,18,0,0,0,0,0,0,1,1,6,1,56,9,-1,-1,-1,-1,3,-1
2015950005402,2,9,0,2,0,0,0,0,0,0,2,1,6,1,66,10,1896,2,7,-1,2,-1
2015950005405,1,9,0,18,0,1,0,0,0,0,1,1,6,3,-1,-1,-1,-1,-1,-1,-1,-1
2015950005409,1,9,0,18,0,0,0,11,0,0,1,1,6,1,38,7,2179,2,7,-1,1,-1
2015950005410,1,9,0,14,0,0,0,8,0,0,2,1,6,3,-1,-1,-1,-1,-1,-1,-1,-1
2015950005410,2,9,0,2,0,0,0,0,0,0,0,1,6,3,-1,-1,1968,2,5,-1,-1,-1
2015950005411,1,1,0,18,0,1,0,0,0,0,1,1,6,1,38,7,-1,-1,-1,-1,-1,-1
2015950005411,2,10,0,9,0,8,0,0,0,0,3,1,1,1,44,7,2998,2,9,-1,1,-1
2015950005416,1,9,0,17,0,0,5,0,1,11,1,1,6,1,64,9,1968,2,-1,-1,-1,-1
2015950005419,1,9,0,12,0,0,0,0,0,0,1,1,6,1,21,5,1560,2,6,-1,1,-1
2015950005419,2,9,0,12,0,0,0,0,0,0,2,1,2,1,56,9,-1,-1,-1,-1,1,-1
2015950005419,3,9,0,18,0,0,0,0,0,0,0,1,1,1,23,5,1598,2,-1,-1,3,-1
2015950005420,1,3,0,9,0,8,3,0,0,0,4,1,1,2,42,7,49,1,2,-1,1,-1
2015950005421,1,9,0,5,0,1,0,0,0,0,1,1,6,1,21,5,1299,1,10,-1,1,-1
2015950005421,2,9,0,5,0,4,0,0,0,0,2,1,6,2,48,8,1363,2,11,-1,1,-1
2015950005428,1,9,0,18,0,0,0,0,0,0,1,1,6,2,23,5,1968,2,6,-1,2,-1
2015950005437,1,9,0,9,0,2,0,0,7,0,4,1,2,2,24,5,999,1,-1,-1,1,-1
2015950005437,2,1,0,18,4,2,0,0,7,0,1,1,6,1,43,7,-1,-1,-1,-1,1,-1
2015950005438,1,21,0,5,0,0,0,0,3,0,2,1,6,1,49,8,12900,2,4,-1,-1,-1
2015950005438,2,19,0,4,0,0,0,0,0,0,2,1,1,1,41,7,1753,2,7,-1,1,-1
2015950005439,1,9,0,9,0,1,0,0,0,0,1,1,6,1,51,8,1995,2,1,-1,1,-1
2015950005439,2,9,0,18,0,8,0,0,0,0,1,1,6,1,25,5,1399,2,12,-1,1,-1
2015950005440,1,11,0,18,0,1,0,0,0,0,0,1,1,1,47,8,6700,2,6,-1,-1,-1
2015950005441,1,19,0,18,0,1,0,0,0,0,1,1,6,1,61,9,2287,2,4,-1,1,-1
2015950005441,2,9,0,2,0,1,0,0,1,0,2,1,6,3,-1,-1,1870,2,12,-1,-1,-1
2015950005442,1,9,0,18,0,0,0,0,0,0,4,1,6,2,54,8,1240,1,8,-1,1,-1
2015950005443,1,9,0,16,0,2,0,0,0,0,1,1,6,1,62,9,2354,1,12,-1,1,-1
2015950005444,1,9,0,18,0,4,0,0,0,0,3,1,6,1,17,4,999,1,15,-1,1,-1
2015950005444,2,9,0,18,0,3,0,0,0,0,4,1,6,2,49,8,-1,-1,-1,-1,1,-1
2015950005445,1,9,0,12,0,0,0,0,1,0,1,1,6,1,25,5,1598,1,8,-1,1,-1
2015950005445,2,9,0,4,0,0,0,0,0,10,2,1,6,2,76,11,999,1,1,-1,2,-1
2015950005445,3,9,0,18,0,0,0,0,0,0,1,1,6,2,62,9,1896,2,7,-1,2,-1
2015950005448,1,9,0,1,0,0,0,0,0,0,2,1,6,1,24,5,1398,1,-1,-1,1,-1
2015950005458,1,8,0,9,0,8,0,0,0,0,1,1,6,3,-1,-1,-1,-1,-1,-1,-1,-1
2015950005458,2,1,0,18,0,8,0,0,0,0,1,1,6,1,24,5,-1,-1,-1,-1,1,-1
2015950005459,1,9,0,5,0,1,0,0,0,0,1,1,6,3,-1,-1,1598,2,-1,-1,-1,-1
2015950005459,2,9,0,2,0,1,0,0,0,0,1,1,6,2,25,5,1229,1,1,-1,2,-1
2015950005460,1,19,0,18,0,0,0,0,0,0,1,1,1,1,54,8,2198,2,-1,-1,1,-1
2015950005460,2,9,0,18,0,0,0,0,0,0,2,1,6,1,46,8,1968,2,2,-1,-1,-1
2015950005461,1,9,0,18,0,0,0,0,0,0,1,1,6,1,49,8,1995,2,4,-1,1,-1
2015950005461,2,9,0,3,0,0,0,0,0,0,3,1,6,2,19,4,1398,1,3,-1,3,-1
2015950005462,1,9,0,18,0,0,0,0,0,0,1,1,2,1,24,5,1461,2,1,-1,1,-1
2015950005462,2,9,0,3,0,0,0,0,0,0,1,1,2,2,18,4,-1,-1,-1,-1,2,-1
2015950005462,3,9,0,3,0,0,0,0,0,0,2,1,2,1,33,6,1956,2,3,-1,3,-1
2015950005463,1,9,0,18,0,0,0,0,0,0,1,1,6,2,33,6,1497,1,9,-1,1,-1
2015950005463,2,9,0,18,0,0,0,0,0,0,2,1,6,1,30,6,1796,1,13,-1,1,-1
2015950005464,1,9,0,7,0,1,0,0,0,0,4,1,6,3,-1,-1,-1,-1,-1,-1,-1,-1
2015950005464,2,1,0,18,0,8,0,0,0,0,3,1,6,2,42,7,-1,-1,-1,-1,1,-1
2015950005465,1,9,0,18,0,2,0,4,0,0,1,1,6,2,32,6,1497,8,-1,-1,1,-1
2015950005465,2,9,0,2,0,2,0,4,0,0,1,1,6,3,-1,-1,1560,2,7,-1,-1,-1
2015950005465,3,9,0,2,0,1,0,4,0,0,1,1,6,3,-1,-1,1560,2,10,-1,-1,-1
2015950005465,4,9,0,2,0,1,0,0,0,0,1,1,6,3,-1,-1,1198,1,10,-1,-1,-1
2015950005466,1,19,0,9,0,1,0,0,0,0,1,1,1,1,37,7,-1,-1,-1,-1,1,-1
2015950005466,2,1,0,18,0,1,0,0,0,0,1,1,2,2,37,7,-1,-1,-1,-1,1,-1
2015950005468,1,9,0,14,0,0,0,0,0,0,1,1,6,2,80,11,1299,1,13,-1,1,-1
2015950005468,2,9,0,2,0,0,0,0,0,0,2,1,6,3,-1,-1,1998,1,12,-1,-1,-1
2015950005469,1,9,0,7,0,2,0,0,0,0,1,1,6,2,31,6,2993,2,2,-1,-1,-1
2015950005469,2,9,0,18,0,1,0,0,0,0,4,1,6,1,80,11,1242,1,8,-1,1,-1
2015950005471,1,9,0,18,0,1,0,8,0,0,1,1,2,1,43,7,-1,-1,-1,-1,3,-1
2015950005472,1,9,0,17,0,0,0,0,7,10,1,1,6,2,44,7,2993,2,9,-1,2,-1
2015950005473,1,9,0,18,0,0,0,10,0,0,3,1,6,1,65,9,1248,1,2,-1,3,-1
2015950005474,1,9,0,18,0,1,0,0,0,0,1,1,6,1,76,11,1686,2,4,-1,3,-1
2015950005474,2,9,0,18,0,8,0,0,0,0,4,1,6,2,51,8,995,1,7,-1,2,-1
2015950005475,1,9,0,18,0,0,0,0,0,0,1,1,1,1,28,6,999,1,1,-1,1,-1
2015950005476,1,9,0,17,0,0,0,0,0,0,1,1,6,1,20,4,1248,1,2,-1,3,-1
2015950005476,2,9,0,18,0,0,0,0,0,0,1,1,1,1,68,10,-1,-1,-1,-1,3,-1
2015950005477,1,9,0,16,0,0,2,0,2,11,1,1,6,1,18,4,1229,1,3,-1,1,-1
2015950005479,1,19,0,16,0,0,0,0,7,9,3,1,6,1,72,10,1753,2,4,-1,3,-1
2015950005480,1,11,0,4,0,0,0,0,0,0,0,1,6,1,55,8,8300,2,11,-1,1,-1
2015950005481,1,9,0,17,0,0,1,0,7,11,1,1,6,1,32,6,-1,-1,-1,-1,2,-1
2015950005482,1,9,0,17,0,0,1,0,0,0,1,1,6,1,23,5,1242,1,10,-1,1,-1
2015950005482,2,9,0,16,0,0,0,0,0,0,3,1,6,2,51,8,998,1,3,-1,1,-1
2015950005483,1,11,0,9,0,8,0,0,0,0,1,1,1,1,45,7,4249,2,2,-1,3,-1
2015950005484,1,9,0,18,0,8,0,0,0,0,1,1,1,2,23,5,1598,1,14,-1,1,-1
2015950005484,2,9,0,18,0,8,0,0,0,0,3,1,1,1,37,7,1582,2,4,-1,1,-1
2015950005485,1,9,0,18,0,0,1,0,4,6,3,1,6,1,50,8,1968,2,7,-1,1,-1
2015950005505,1,9,0,5,0,1,0,0,0,0,1,1,2,2,24,5,1397,1,3,-1,1,-1
2015950005505,2,19,0,18,0,1,0,0,0,0,4,1,1,1,37,7,2143,2,1,-1,1,-1
2015950005510,1,9,0,18,0,0,0,0,0,0,1,1,6,2,84,11,1242,1,7,-1,-1,-1
2015950005511,1,9,0,18,0,0,0,0,0,10,4,1,6,2,25,5,-1,-1,-1,-1,1,-1
2015950005512,1,9,0,12,0,7,0,0,0,0,3,1,6,2,71,10,1388,1,12,-1,3,-1
2015950005512,2,20,0,18,0,1,0,0,0,0,1,1,1,1,30,6,-1,-1,-1,-1,1,-1
2015950005528,1,9,0,14,0,0,0,4,0,0,1,1,2,1,35,6,1598,1,5,-1,1,-1
2015950005528,2,9,0,2,0,0,5,0,0,0,2,1,6,3,-1,-1,1323,1,14,-1,-1,-1
2015950005528,3,9,0,18,0,0,0,0,0,0,0,1,6,2,40,7,1339,1,1,-1,3,-1
2015950005529,1,9,0,9,0,8,0,0,0,0,3,1,6,1,47,8,1598,1,1,-1,1,-1
2015950005529,2,9,0,18,0,1,0,0,0,0,1,1,2,1,25,5,1998,2,10,-1,1,-1
2015950005534,1,11,0,2,3,0,0,0,0,0,0,1,1,1,49,8,5132,2,-1,-1,-1,-1
2015950005535,1,9,0,4,0,0,0,0,0,0,1,1,2,1,31,6,1560,2,1,-1,1,-1
2015950005535,2,9,0,4,0,0,0,0,0,0,2,1,2,2,26,6,1968,2,-1,-1,-1,-1
2015950005536,1,9,0,17,0,0,1,0,1,4,1,1,6,1,34,6,1493,1,13,-1,2,-1
2015950005537,1,9,0,7,0,8,0,0,0,0,3,1,2,1,25,5,2183,2,3,-1,3,-1
2015950005537,2,1,0,18,0,1,0,0,0,0,1,1,2,1,51,8,-1,-1,-1,-1,1,-1
2015950005538,1,9,0,13,0,0,0,0,7,11,1,1,2,1,18,4,1598,1,11,-1,3,-1
2015950005538,2,9,0,18,0,0,0,0,0,0,1,1,2,1,54,8,1399,2,6,-1,3,-1
2015950005538,3,19,0,18,0,0,0,0,0,0,0,1,1,1,45,7,2198,2,6,-1,1,-1
2015950005545,1,9,0,18,0,4,0,0,0,0,1,1,6,1,69,10,-1,-1,-1,-1,1,-1
2015950005545,2,9,0,9,0,8,0,0,0,0,4,1,6,2,54,8,-1,-1,-1,-1,3,-1
2015950005546,1,9,0,18,0,1,0,4,0,0,1,1,2,2,26,6,1586,1,8,-1,3,-1
2015950005546,2,9,0,2,6,1,0,0,0,0,3,1,6,3,-1,-1,1968,2,9,-1,-1,-1
2015950005547,1,11,0,4,0,2,0,0,0,0,0,1,6,1,32,6,9360,2,7,-1,1,-1
2015950005550,1,9,0,18,0,4,0,0,0,0,4,1,6,1,46,8,998,1,-1,-1,1,-1
2015950005550,2,1,0,18,0,4,0,0,0,0,1,1,2,2,19,4,-1,-1,-1,-1,1,-1
2015950005554,1,9,0,7,0,1,0,0,0,0,2,1,6,3,-1,-1,-1,-1,-1,-1,-1,-1
2015950005554,2,1,0,18,0,8,0,0,0,0,1,1,6,1,34,6,-1,-1,-1,-1,1,-1
2015950005555,1,9,0,18,0,8,0,0,0,0,3,1,6,2,47,8,1149,1,2,-1,3,-1
2015950005556,1,9,0,18,0,2,0,0,0,0,1,1,6,2,37,7,1582,2,4,-1,3,-1
2015950005556,2,9,0,10,0,2,0,0,0,0,4,1,6,2,22,5,1229,1,5,-1,1,-1
2015950005557,1,19,0,13,0,8,0,0,0,0,4,1,1,1,25,5,2143,2,3,-1,3,-1
2015950005557,2,1,0,18,0,8,0,0,0,0,3,1,6,1,23,5,-1,-1,-1,-1,2,-1
2015950005558,1,9,0,13,0,1,0,0,0,0,1,1,1,1,30,6,1598,1,11,-1,3,-1
2015950005558,2,9,0,18,0,4,0,0,0,0,0,1,6,1,68,10,2497,2,9,-1,1,-1
2015950005558,3,19,0,18,0,3,0,0,1,0,1,1,1,2,48,8,1560,2,3,-1,1,-1
2015950005558,4,9,0,18,0,3,0,0,1,0,1,1,6,3,-1,-1,1753,2,7,-1,-1,-1
2015950005561,1,4,0,18,0,1,0,0,0,0,1,1,2,1,40,7,649,1,2,-1,1,-1
2015950005562,1,9,0,7,0,2,0,0,0,0,1,1,6,2,40,7,998,1,2,-1,1,-1
2015950005563,1,9,0,11,3,0,0,0,0,0,1,1,2,1,58,9,1398,1,1,-1,1,-1
2015950005564,1,9,0,18,0,0,1,0,1,0,1,1,6,2,70,10,1149,1,7,-1,1,-1
2015950005565,1,9,0,18,0,0,2,0,1,9,4,1,1,1,23,5,999,1,-1,-1,1,-1
2015950005566,1,19,0,7,0,8,0,0,0,0,4,1,1,1,32,6,2198,2,2,-1,1,-1
2015950005567,1,9,0,18,0,0,0,0,0,0,4,1,6,2,26,6,1388,1,5,-1,3,-1
2015950005568,1,9,0,9,0,1,0,0,0,0,1,1,6,3,-1,-1,-1,-1,-1,-1,-1,-1
2015950005569,1,9,0,9,0,0,0,0,0,0,1,1,6,1,72,10,1198,1,-1,-1,2,-1
2015950005570,1,9,0,18,0,0,0,0,0,0,1,1,6,1,22,5,1248,2,7,-1,-1,-1
2015950005570,2,9,0,3,0,0,0,0,0,0,2,1,6,2,30,6,1199,1,12,-1,-1,-1
2015950005572,1,11,0,9,0,1,0,0,0,0,1,1,1,1,55,8,9000,2,8,-1,1,-1
2015950005575,1,9,0,5,9,8,0,0,1,0,1,1,6,1,67,10,1368,1,6,-1,1,-1
2015950005576,1,9,0,18,0,0,0,0,2,6,4,1,2,1,36,7,1229,1,10,-1,2,-1
2015950005576,2,9,0,18,0,0,0,0,0,0,1,1,2,2,33,6,1229,1,6,-1,1,-1
2015950005577,1,9,0,18,0,1,0,0,0,0,4,1,6,1,63,9,1598,1,2,-1,1,-1
2015950005578,1,9,0,18,0,1,0,0,0,0,1,1,2,1,25,5,1560,2,1,-1,1,-1
2015950005579,1,9,0,18,0,0,0,0,0,0,4,1,6,2,29,6,1396,1,14,-1,-1,-1
2015950005580,1,21,1,18,0,0,0,7,4,6,1,1,1,1,60,9,11967,2,4,-1,1,-1
2015950005580,2,9,0,18,0,0,0,0,0,0,1,1,6,1,59,9,1799,1,9,-1,1,-1
2015950005581,1,9,0,18,0,4,0,0,1,2,1,1,6,2,35,6,1248,2,7,-1,1,-1
2015950005582,1,9,0,18,0,1,1,0,0,0,1,1,6,1,46,8,1968,2,5,-1,1,-1
2015950005582,2,9,0,4,0,1,0,0,0,0,2,1,6,1,73,10,2987,2,3,-1,1,-1
2015950005583,1,9,0,18,0,0,0,0,0,0,1,1,6,2,19,4,1229,1,-1,-1,3,-1
2015950005583,2,1,0,18,0,0,0,0,0,0,2,1,2,1,50,8,-1,-1,-1,-1,3,-1
2015950005584,1,8,0,6,0,0,0,0,0,0,3,1,1,1,64,9,2664,2,17,-1,1,-1
2015950005584,2,1,0,18,0,0,0,0,0,0,1,1,2,1,32,6,-1,-1,-1,-1,1,-1
2015950005585,1,9,0,18,0,0,1,0,0,6,1,1,6,1,27,6,1560,2,9,-1,-1,-1
2015950005587,1,9,0,18,0,0,0,10,1,10,1,1,6,3,-1,-1,-1,-1,-1,-1,-1,-1
2015950005588,1,2,0,4,0,0,0,0,0,0,1,1,6,1,20,4,-1,-1,-1,-1,1,-1
2015950005588,2,9,0,4,0,0,0,0,0,0,2,1,6,2,46,8,1560,2,1,-1,1,-1
2015950005589,1,19,0,17,0,0,0,0,0,0,1,1,1,1,56,9,1997,2,11,-1,-1,-1
2015950005589,2,9,0,16,0,0,0,10,0,0,1,1,6,2,47,8,1956,2,2,-1,3,-1
2015950005591,1,9,0,18,0,1,0,0,0,0,1,1,2,1,26,6,1198,1,10,-1,1,-1
2015950005591,2,9,0,9,0,1,0,0,0,0,2,1,2,1,36,7,-1,-1,-1,-1,1,-1
2015950005592,1,19,0,5,0,1,0,0,0,0,1,1,1,1,36,7,2143,2,3,-1,1,-1
2015950005592,2,9,0,3,0,1,0,0,0,0,2,1,1,3,-1,-1,1560,2,4,-1,-1,-1
2015950005593,1,9,0,5,0,1,0,0,0,0,3,1,6,1,71,10,-1,-1,-1,-1,3,-1
2015950005593,2,9,0,18,0,1,0,0,0,0,1,1,2,2,29,6,1461,2,1,-1,3,-1
2015950005594,1,9,0,5,0,1,0,0,0,0,1,1,6,1,20,4,1390,1,2,-1,3,-1
2015950005594,2,9,0,18,0,8,0,0,0,0,4,1,6,2,54,8,1598,1,2,-1,3,-1
2015950005596,1,9,0,18,0,1,0,0,0,0,1,1,6,1,29,6,1596,1,11,-1,1,-1
2015950005596,2,9,0,3,0,1,0,0,0,0,2,1,6,2,27,6,1948,1,16,-1,1,-1
2015950005596,3,9,0,3,0,1,0,0,0,0,2,1,6,1,28,6,-1,-1,-1,-1,3,-1
2015950005606,1,9,0,9,0,8,0,0,0,0,4,1,6,1,25,5,2000,2,6,-1,1,-1
2015950005606,2,9,0,18,0,8,0,0,0,0,4,1,2,2,18,4,1149,1,1,-1,1,-1
2015950005608,1,9,0,18,0,4,0,0,0,0,1,1,6,2,82,11,1364,1,8,-1,1,-1
2015950005608,2,4,0,18,0,3,0,0,0,0,4,1,6,1,53,8,1299,1,11,-1,2,-1
2015950005609,1,20,0,18,0,0,0,0,0,0,0,1,1,3,-1,-1,-1,-1,-1,-1,-1,-1
2015950005609,2,9,0,16,0,0,0,0,1,11,1,1,1,2,19,4,1242,1,11,-1,2,-1
2015950005612,1,9,0,17,0,0,0,4,0,0,1,1,6,1,53,8,-1,-1,-1,-1,2,-1
2015950005612,2,9,0,18,0,0,0,4,0,0,0,1,6,3,-1,-1,1686,2,4,-1,-1,-1
2015950005612,3,9,0,2,0,0,0,0,0,0,2,1,6,3,-1,-1,1896,2,12,-1,-1,-1
2015950005625,1,9,0,17,0,1,5,0,1,10,4,1,6,1,20,4,1198,1,11,-1,2,-1
2015950005631,1,19,0,1,6,0,0,0,0,0,2,1,1,1,26,6,2198,2,5,-1,1,-1
2015950005632,1,19,0,18,0,0,0,0,0,0,1,1,1,1,23,5,2198,2,-1,-1,1,-1
2015950005632,2,9,0,4,0,0,0,0,0,0,2,1,2,2,37,7,-1,-1,-1,-1,3,-1
2015950005633,1,9,0,18,0,1,0,0,0,0,1,1,1,1,34,6,1896,2,6,-1,1,-1
2015950005633,2,9,0,10,0,1,0,0,0,0,2,1,6,2,49,8,-1,-1,-1,-1,1,-1
2015950005634,1,9,0,18,0,8,0,0,7,0,4,1,6,1,19,4,1598,1,13,-1,1,-1
2015950005634,2,21,0,18,0,8,0,0,0,0,1,1,1,1,30,6,12900,2,4,-1,1,-1
2015950005635,1,9,0,18,0,4,5,9,1,1,1,1,6,1,46,8,1998,2,9,-1,1,-1
2015950005637,1,4,0,5,0,2,0,0,0,0,1,1,6,1,19,4,996,1,17,-1,1,-1
2015950005637,2,4,0,5,0,2,0,0,0,0,2,1,6,3,-1,-1,996,1,17,-1,-1,-1
2015950005638,1,9,0,13,0,0,1,0,0,0,1,1,6,1,32,6,1396,1,12,-1,1,-1
2015950005638,2,9,0,18,0,0,5,0,1,0,2,1,6,1,29,6,1229,1,9,-1,1,-1
2015950005639,1,9,0,18,0,4,0,0,0,0,1,1,6,3,-1,-1,-1,-1,-1,-1,-1,-1
2015950005639,2,1,0,18,0,8,0,0,0,0,1,1,2,2,35,6,-1,-1,-1,-1,1,-1
2015950005640,1,19,0,18,0,0,0,0,7,11,1,1,1,1,63,9,4116,2,10,-1,2,-1
2015950005640,2,9,0,18,0,0,5,0,1,9,1,1,1,1,64,9,1796,1,20,-1,1,-1
2015950005641,1,9,0,9,0,8,0,0,0,0,1,1,1,1,46,8,1497,8,7,-1,-1,-1
2015950005641,2,4,0,18,0,1,0,0,0,0,1,1,1,1,43,7,-1,-1,-1,-1,1,-1
2015950005643,1,19,0,18,0,0,1,7,0,0,1,1,1,2,22,5,1560,2,1,-1,3,-1
2015950005644,1,9,0,18,0,0,0,0,7,11,1,1,6,2,45,7,1598,1,8,-1,2,-1
2015950005644,2,11,0,18,0,0,0,0,0,0,0,1,1,2,55,8,4250,2,13,-1,1,-1
2015950005644,3,9,0,18,0,0,0,0,0,0,3,1,6,1,48,8,1685,2,3,-1,1,-1
2015950005646,1,9,0,5,0,3,0,0,0,0,1,1,6,2,31,6,1461,2,-1,-1,1,-1
2015950005646,2,1,0,18,0,3,0,0,0,0,1,1,2,1,52,8,-1,-1,-1,-1,-1,-1
2015950005648,1,9,0,9,0,1,0,0,0,0,1,1,6,1,76,11,1896,2,13,-1,2,-1
2015950005648,2,9,0,18,0,1,0,0,0,0,1,1,6,1,45,7,1896,2,10,-1,1,-1
2015950005649,1,19,0,18,0,8,0,0,0,0,1,1,6,1,29,6,1560,2,4,-1,1,-1
2015950005649,2,9,0,9,0,1,0,0,0,0,4,1,1,2,44,7,1299,1,12,-1,1,-1
2015950005650,1,9,0,8,0,1,0,0,0,0,4,1,6,1,35,6,1364,1,8,-1,1,-1
2015950005650,2,1,0,18,0,1,0,0,0,0,3,1,6,1,45,7,-1,-1,-1,-1,1,-1
2015950005653,1,9,0,18,0,0,0,0,1,4,1,1,6,1,39,7,3999,1,3,-1,1,-1
2015950005654,1,19,0,18,0,0,0,0,0,0,1,1,1,1,-1,-1,1753,2,8,-1,-1,-1
2015950005654,2,9,0,18,0,0,0,0,0,0,2,1,6,1,76,11,2148,2,5,-1,1,-1
2015950005655,1,9,0,9,0,8,0,0,0,0,1,1,6,2,22,5,998,1,1,-1,1,-1
2015950005655,2,9,0,18,0,8,0,0,0,0,1,1,6,1,29,6,998,1,13,-1,3,-1
2015950005656,1,9,0,1,0,0,0,0,0,0,2,1,6,2,-1,-1,1586,1,10,-1,1,-1
2015950005656,2,9,0,17,0,0,0,0,0,0,1,1,6,1,43,7,1896,2,13,-1,1,-1
2015950005658,1,9,0,18,0,0,0,0,0,0,1,1,6,2,49,8,1198,1,1,-1,1,-1
2015950005658,2,9,0,18,0,0,0,0,0,0,1,1,2,1,29,6,1910,2,8,-1,1,-1
2015950005659,1,9,0,9,0,8,0,0,0,0,1,1,6,1,44,7,1242,1,8,-1,3,-1
2015950005659,2,19,0,18,0,8,0,0,1,0,3,1,6,1,70,10,1868,2,11,-1,1,-1
2015950005661,1,9,0,18,0,0,0,0,0,0,2,1,6,1,46,8,1461,2,1,-1,1,-1
2015950005662,1,19,0,18,0,2,0,0,0,0,1,1,1,1,29,6,6700,2,-1,-1,1,-1
2015950005662,2,9,0,3,0,1,0,0,0,0,2,1,2,2,31,6,-1,-1,-1,-1,2,-1
2015950005662,3,9,0,9,0,1,0,0,0,0,2,1,6,2,42,7,1988,2,10,-1,3,-1
2015950005663,1,9,0,18,0,0,0,0,0,0,1,1,6,3,-1,-1,1769,1,11,-1,-1,-1
2015950005663,2,9,0,2,0,0,0,0,0,0,2,1,6,3,-1,-1,1781,1,13,-1,-1,-1
2015950005664,1,9,0,9,0,8,0,0,0,0,1,1,6,1,34,6,2993,2,4,-1,1,-1
2015950005665,1,9,0,11,0,0,1,0,0,0,1,1,1,1,40,7,2494,8,-1,-1,1,-1
2015950005665,2,19,0,18,0,0,0,0,0,0,3,1,1,1,52,8,6700,2,1,-1,1,-1
2015950005666,1,9,0,18,0,0,0,0,0,0,1,1,6,1,71,10,1499,1,-1,-1,1,-1
2015950005667,1,11,0,18,0,0,0,0,0,0,4,1,1,1,45,7,8300,2,12,-1,1,-1
2015950005668,1,9,0,1,0,0,0,0,0,0,1,1,2,2,28,6,1299,1,13,-1,2,-1
2015950005668,2,9,0,3,0,0,0,0,0,0,2,1,2,1,33,6,1398,1,3,-1,1,-1
2015950005668,3,9,0,3,0,0,0,0,0,0,2,1,2,2,21,5,1395,1,-1,-1,1,-1
2015950005669,1,9,0,9,0,8,0,0,0,0,1,1,6,2,61,9,998,1,2,-1,1,-1
2015950005669,2,2,0,18,0,8,0,0,0,0,1,1,2,1,16,4,49,1,13,-1,3,-1
2015950005670,1,9,0,5,0,8,0,0,0,0,1,1,6,2,44,7,2993,2,-1,-1,3,-1
2015950005670,2,9,0,18,0,8,0,0,0,11,3,1,6,2,39,7,1560,2,5,-1,1,-1
2015950005672,1,9,0,12,0,1,0,0,0,0,1,1,2,2,28,6,1753,2,6,-1,3,-1
2015950005673,1,9,0,18,0,0,2,0,1,7,1,1,6,1,17,4,1229,1,8,-1,1,-1
2015950005674,1,9,0,4,0,1,1,0,0,0,1,1,6,1,34,6,998,1,2,-1,1,-1
2015950005674,2,9,0,18,0,1,0,0,1,7,3,1,6,1,58,9,2261,1,11,-1,3,-1
2015950005675,1,9,0,17,0,5,2,0,7,0,3,1,6,1,41,7,1598,1,10,-1,1,-1
2015950005676,1,9,0,12,0,0,0,0,1,7,3,1,6,1,37,7,1386,1,9,-1,2,-1
2015950005676,2,9,0,18,0,0,0,0,0,0,4,1,6,2,59,9,1461,2,1,-1,1,-1
2015950005677,1,9,0,16,0,0,2,0,1,7,4,1,6,1,21,5,1796,1,12,-1,2,-1
2015950005678,1,9,0,18,0,0,1,0,1,9,3,1,6,2,39,7,1360,1,8,-1,1,-1
2015950005679,1,9,0,18,0,1,0,0,0,0,1,1,6,1,53,8,1198,1,1,-1,1,-1
2015950005680,1,9,0,5,0,0,0,0,0,0,2,1,6,3,-1,-1,1997,2,6,-1,-1,-1
2015950005683,1,11,0,5,2,2,0,0,0,0,0,1,1,1,43,7,9360,2,4,-1,1,-1
2015950005684,1,19,0,1,0,1,0,0,0,0,2,1,6,1,32,6,1753,2,6,-1,3,-1
2015950005691,1,19,0,18,0,0,0,0,0,0,1,1,1,1,41,7,2998,2,1,-1,1,-1
2015950005691,2,21,0,18,0,0,0,0,0,0,2,1,1,1,38,7,11705,2,4,-1,3,-1
2015950005693,1,9,0,5,0,0,0,0,0,0,1,1,1,2,28,6,1248,2,4,-1,3,-1
2015950005693,2,9,0,3,0,0,0,0,0,0,2,1,1,1,51,8,1461,2,9,-1,1,-1
2015950005694,1,9,0,5,0,1,0,0,0,0,1,1,6,2,53,8,1956,2,4,-1,2,-1
2015950005694,2,9,0,3,0,1,0,0,0,0,2,1,6,2,59,9,1149,1,10,-1,2,-1
2015950005695,1,9,0,5,0,1,0,0,0,0,1,1,6,3,-1,-1,-1,-1,-1,-1,-1,-1
2015950005696,1,9,0,9,0,0,0,0,0,0,4,1,2,2,43,7,1396,1,12,-1,1,-1
2015950005696,2,1,0,18,0,0,0,0,0,0,1,1,2,1,28,6,-1,-1,-1,-1,1,-1
2015950005700,1,9,0,16,0,0,0,0,1,11,1,1,6,1,19,4,1229,1,10,-1,2,-1
2015950005701,1,9,0,18,0,8,0,0,1,0,4,1,6,2,41,7,-1,-1,-1,-1,1,-1
2015950005701,2,9,0,18,0,8,0,0,0,0,1,1,6,2,21,5,1197,1,1,-1,2,-1
2015950005702,1,9,0,18,0,4,0,0,0,0,1,1,6,2,49,8,1242,1,6,-1,1,-1