Accident_Index,Vehicle_Reference,Vehicle_Type,Towing_and_Articulation,Vehicle_Manoeuvre,Vehicle_Location-Restricted_Lane,Junction_Location,Skidding_and_Overturning,Hit_Object_in_Carriageway,Vehicle_Leaving_Carriageway,Hit_Object_off_Carriageway,1st_Point_of_Impact,Was_Vehicle_Left_Hand_Drive?,Journey_Purpose_of_Driver,Sex_of_Driver,Age_of_Driver,Age_Band_of_Driver,Engine_Capacity_(CC),Propulsion_Code,Age_of_Vehicle,Driver_IMD_Decile,Driver_Home_Area_Type,Vehicle_IMD_Decile
2015961500283,3,9,0,3,0,0,0,0,0,0,2,1,6,2,45,7,1896,2,10,-1,3,-1
2015961500284,1,9,0,18,0,1,0,0,0,0,1,1,6,1,30,6,1390,1,5,-1,3,-1
2015961500284,2,9,0,3,0,1,0,0,0,0,2,1,6,1,33,6,1242,1,10,-1,3,-1
2015961500303,1,9,0,18,0,0,0,0,0,0,1,1,6,1,26,6,-1,-1,-1,-1,3,-1
2015961500303,2,19,0,17,0,0,0,0,0,0,1,1,1,1,22,5,2143,2,3,-1,1,-1
2015961500307,1,9,0,18,0,0,0,0,0,0,1,1,6,1,24,5,1560,2,1,-1,3,-1
2015961500307,2,19,0,4,0,0,0,0,0,0,2,1,1,1,29,6,2148,2,6,-1,1,-1
2015961500311,1,9,0,9,0,8,0,0,0,0,4,1,6,2,25,5,1229,1,8,-1,1,-1
2015961500311,2,1,0,18,4,8,0,0,0,0,1,1,6,2,25,5,-1,-1,-1,-1,1,-1
2015961500313,1,19,0,18,0,1,0,0,0,0,1,1,1,1,49,8,1560,2,1,-1,1,-1
2015961500313,2,9,0,18,0,2,0,0,0,0,1,1,6,2,25,5,1796,2,3,-1,2,-1
2015961500314,1,9,0,17,0,0,0,0,0,0,2,1,6,2,45,7,1390,1,10,-1,1,-1
2015961500316,1,9,0,18,0,1,0,0,0,0,1,1,6,2,25,5,-1,-1,-1,-1,-1,-1
2015961500316,2,9,0,3,0,1,0,0,0,0,2,1,6,2,24,5,1388,1,8,-1,1,-1
2015961500318,1,9,0,5,0,1,0,0,0,0,1,1,1,2,45,7,1686,2,3,-1,1,-1
2015961500318,2,9,0,3,0,1,0,0,0,0,2,1,2,2,29,6,1956,2,6,-1,3,-1
2015961500319,1,9,0,18,0,0,0,0,0,0,1,1,6,1,37,7,1364,1,7,-1,1,-1
2015961500319,2,9,0,18,0,0,0,0,0,0,2,1,6,2,46,8,1686,2,8,-1,1,-1
2015961500319,3,9,0,18,0,0,0,0,0,0,2,1,6,2,39,7,-1,-1,-1,-1,3,-1
2015961500324,1,9,0,18,0,0,0,0,0,0,4,1,6,3,50,8,-1,-1,-1,-1,-1,-1
2015961500326,1,3,0,4,0,1,1,0,0,0,1,1,6,1,17,4,124,1,9,-1,1,-1
2015961500327,1,9,0,9,0,8,0,0,0,0,3,1,6,2,80,11,1582,2,4,-1,3,-1
2015961500327,2,9,0,16,0,8,0,0,0,0,4,1,6,2,41,7,1560,2,2,-1,3,-1
2015961500331,1,9,0,16,0,0,0,0,0,0,3,1,6,2,49,8,1984,1,5,-1,3,-1
2015961500331,2,1,0,17,0,0,0,0,1,0,3,1,6,1,46,8,-1,-1,-1,-1,1,-1
2015961500332,1,9,0,17,0,0,2,0,1,9,4,1,1,2,30,6,-1,-1,-1,-1,3,-1
2015961500341,1,9,0,18,0,0,0,0,0,0,1,1,6,1,35,6,1995,2,8,-1,2,-1
2015961500341,2,9,0,3,0,0,0,0,0,0,2,1,6,1,57,9,1600,1,14,-1,2,-1
2015961500346,1,9,0,18,0,0,1,0,1,4,1,1,2,2,43,7,1398,1,1,-1,2,-1
2015961500349,1,9,0,9,0,2,0,0,0,0,1,1,6,1,43,7,1149,1,5,-1,1,-1
2015961500350,1,9,0,18,0,0,0,0,0,0,1,1,6,1,49,8,1781,1,19,-1,2,-1
2015961500351,1,9,0,18,0,1,0,0,0,0,1,1,6,2,86,11,1399,2,8,-1,2,-1
2015961500351,2,9,0,18,0,1,0,0,0,0,1,1,6,1,67,10,1997,2,10,-1,2,-1
2015961500353,1,19,0,17,0,1,1,0,1,10,3,1,1,1,50,8,-1,-1,-1,-1,1,-1
2015961500355,1,9,0,16,0,0,1,0,0,0,1,1,2,1,22,5,1461,2,3,-1,3,-1
2015961500355,2,10,0,17,0,0,0,0,0,0,1,1,6,1,70,10,2198,2,4,-1,3,-1
2015961500361,1,9,0,13,0,0,0,0,0,0,4,1,6,1,22,5,-1,-1,-1,-1,1,-1
2015961500361,2,9,0,18,0,0,0,0,0,0,3,1,6,1,25,5,1149,1,5,-1,1,-1
2015961500365,1,9,0,14,0,0,0,0,0,0,1,1,1,1,63,9,-1,-1,-1,-1,1,-1
2015961500368,1,9,0,18,0,1,0,0,0,0,1,1,1,2,31,6,1461,2,4,-1,-1,-1
2015961500368,2,9,0,10,0,8,0,0,0,0,2,1,6,2,45,7,1796,1,5,-1,3,-1
2015961500372,1,9,0,5,0,0,0,0,0,0,1,1,6,1,25,5,-1,-1,-1,-1,-1,-1
2015961500378,1,9,0,18,0,0,0,0,0,0,1,1,2,1,40,7,1598,1,8,-1,1,-1
2015961500378,2,9,0,3,0,0,0,0,0,0,2,1,2,1,33,6,-1,-1,-1,-1,-1,-1
2015961500381,1,1,0,18,0,0,0,0,0,0,1,1,6,1,25,5,-1,-1,-1,-1,1,-1
2015961500381,2,9,0,2,0,0,0,0,0,0,2,1,6,2,35,6,1560,2,3,-1,1,-1
2015961500387,1,1,0,18,0,8,0,0,0,0,3,1,6,1,27,6,-1,-1,-1,-1,1,-1
2015961500387,2,9,0,18,0,8,0,0,0,0,1,1,6,2,52,8,1388,1,6,-1,1,-1
2015961500390,1,19,0,16,0,0,5,10,7,0,3,1,2,1,20,4,-1,-1,-1,-1,1,-1
2015961500393,1,9,0,18,0,0,0,0,0,0,3,1,6,2,25,5,1560,2,8,-1,1,-1
2015961500393,2,90,0,2,0,0,0,0,0,0,0,1,1,3,45,7,-1,-1,-1,-1,-1,-1
2015961500394,1,8,0,9,0,8,0,0,0,0,1,1,2,1,28,6,1968,2,4,-1,1,-1
2015961500409,1,19,0,18,0,0,1,0,0,0,1,1,1,1,45,7,1560,2,2,-1,1,-1
2015961500409,2,9,0,18,0,0,2,0,7,0,3,1,2,2,23,5,998,1,4,-1,1,-1
2015961500415,1,9,0,9,0,8,0,0,0,0,1,1,1,1,22,5,1149,1,11,-1,1,-1
2015961500415,2,3,0,18,0,8,0,0,0,0,1,1,6,1,40,7,124,1,2,-1,1,-1
2015961500419,1,19,0,17,0,0,0,0,0,0,1,1,1,1,76,11,2198,2,2,-1,3,-1
2015961500419,2,9,0,16,0,0,0,0,0,0,1,1,6,2,17,4,1149,1,7,-1,3,-1
2015961500425,1,9,0,18,0,0,0,0,0,0,1,1,6,2,69,10,998,1,14,-1,1,-1
2015961500425,2,9,0,2,0,0,0,0,0,0,1,1,6,1,25,5,-1,-1,-1,-1,1,-1
2015961500426,1,9,0,18,0,8,0,0,0,0,1,1,6,1,40,7,1781,1,24,-1,1,-1
2015961500430,1,21,1,7,0,8,0,0,0,0,2,1,1,1,58,9,10837,2,3,-1,1,-1
2015961500430,2,9,0,18,0,1,0,0,0,0,4,1,6,2,38,7,1999,1,11,-1,1,-1
2015961500431,1,9,0,9,0,8,0,0,0,0,3,1,6,1,51,8,1997,2,10,-1,1,-1
2015961500431,2,1,0,18,0,8,0,0,0,0,1,1,6,1,55,8,-1,-1,-1,-1,1,-1
2015961500432,1,1,0,18,0,8,0,0,0,0,1,1,6,1,7,2,-1,-1,-1,-1,3,-1
2015961500432,2,9,0,16,0,8,0,0,0,0,1,1,6,1,23,5,1598,1,11,-1,1,-1
2015961500447,1,8,0,18,0,0,1,0,0,0,1,1,1,1,51,8,1998,2,10,-1,1,-1
2015961500447,2,9,0,4,0,0,0,0,0,0,2,1,3,2,42,7,1998,1,10,-1,1,-1
2015961500447,3,9,0,4,0,0,0,0,0,0,0,1,6,3,45,7,-1,-1,-1,-1,-1,-1
2015961500448,1,9,0,12,0,7,2,10,0,0,3,1,6,1,61,9,-1,-1,-1,-1,1,-1
2015961500455,1,9,0,5,8,0,0,0,0,0,3,1,2,1,19,4,1368,1,3,-1,1,-1
2015961500455,2,9,0,18,0,0,0,0,0,0,4,1,6,1,86,11,1598,1,10,-1,1,-1
2015961500457,1,9,0,9,0,8,0,0,0,0,1,1,6,2,19,4,1299,1,10,-1,3,-1
2015961500457,2,9,0,18,0,8,0,0,0,0,3,1,6,2,30,6,2387,2,8,-1,3,-1
2015961500462,1,9,0,4,0,1,1,0,0,0,1,1,6,1,82,11,1968,2,4,-1,3,-1
2015961500462,2,9,0,3,0,1,0,0,0,0,2,1,6,2,62,9,-1,-1,-1,-1,3,-1
2015961500462,3,9,0,4,0,1,1,0,0,0,1,1,6,2,21,5,1598,2,3,-1,2,-1
2015961500471,1,9,0,9,0,8,0,0,0,0,1,1,6,2,49,8,1242,1,2,-1,1,-1
2015961500471,2,5,0,18,0,8,0,0,0,0,1,1,2,1,18,4,-1,-1,-1,-1,1,-1
2015961500475,1,9,0,18,0,1,0,0,0,0,1,1,6,1,80,11,1398,1,10,-1,1,-1
2015961500475,2,9,0,3,0,1,0,0,0,0,2,1,6,2,44,7,1796,1,3,-1,2,-1
2015961500481,1,9,0,18,0,0,0,0,0,0,1,1,6,1,44,7,1360,1,8,-1,1,-1
2015961500481,2,9,0,18,0,0,0,0,0,0,2,1,6,1,19,4,-1,-1,-1,-1,1,-1
2015961500483,1,9,0,16,0,1,0,0,0,0,3,1,6,2,63,9,1388,1,9,-1,1,-1
2015961500487,1,9,0,18,0,1,0,0,0,0,1,1,1,1,40,7,1797,8,2,-1,-1,-1
2015961500487,2,9,0,4,0,1,0,0,0,0,2,1,6,1,35,6,1399,2,5,-1,1,-1
2015961500494,1,9,0,9,0,8,0,0,0,0,4,1,6,2,22,5,1997,2,13,-1,1,-1
2015961500494,2,1,0,18,0,8,0,0,0,0,2,1,6,1,26,6,-1,-1,-1,-1,1,-1
2015961500497,1,19,0,9,0,8,0,0,0,0,1,1,1,1,26,6,1995,2,1,-1,1,-1
2015961500497,2,9,0,18,0,8,0,0,0,0,3,1,6,2,76,11,1229,1,2,-1,2,-1
2015961500505,1,2,0,9,0,8,0,0,0,0,3,1,6,1,45,7,124,1,16,-1,1,-1
2015961500505,2,9,0,18,0,8,0,0,0,0,1,1,6,3,30,6,-1,-1,-1,-1,-1,-1
2015961500509,1,9,0,18,0,0,0,0,0,0,1,1,6,1,18,4,1299,1,15,-1,1,-1
2015961500509,2,9,0,4,0,0,0,0,0,0,2,1,6,2,53,8,1595,1,6,-1,1,-1
2015961500514,1,9,0,5,0,2,0,10,1,10,1,1,6,2,66,10,2494,1,16,-1,1,-1
2015961500514,2,22,0,18,0,2,0,0,0,0,2,1,6,2,71,10,-1,-1,-1,-1,1,-1
2015961500520,1,9,0,7,0,8,0,0,0,0,1,1,1,1,46,8,1389,1,18,-1,1,-1
2015961500520,2,9,0,18,0,8,1,6,1,7,4,1,1,2,56,9,1329,1,1,-1,1,-1
2015961500521,1,9,0,16,0,0,2,0,1,4,3,1,2,2,26,6,1198,1,9,-1,1,-1
2015961500526,1,4,0,18,0,8,0,0,0,0,1,1,6,1,23,5,498,1,16,-1,3,-1
2015961500526,2,9,0,9,0,8,0,0,0,0,4,1,6,1,20,4,1396,1,12,-1,1,-1
2015961500526,3,9,0,3,0,1,0,0,0,0,3,1,6,1,44,7,1149,1,2,-1,1,-1
2015961500526,4,9,0,3,0,1,0,0,0,0,1,1,6,2,41,7,2198,2,7,-1,1,-1
2015961500526,5,9,0,3,0,1,0,0,0,0,1,1,6,2,47,8,1398,1,1,-1,1,-1
2015961500527,1,9,0,11,0,0,1,10,6,6,1,1,2,1,30,6,1796,1,11,-1,1,-1
2015961500533,1,20,0,18,0,8,0,0,0,0,1,1,1,1,45,7,-1,-1,-1,-1,1,-1
2015961500533,2,9,0,4,0,8,0,0,0,0,3,1,6,2,45,7,1461,2,3,-1,-1,-1
2015961500534,1,9,0,18,0,8,0,0,0,0,1,1,6,3,50,8,-1,-1,-1,-1,-1,-1
2015961500534,2,1,0,18,0,8,0,0,0,0,4,1,2,1,51,8,-1,-1,-1,-1,1,-1
2015961500538,1,9,0,17,0,0,5,0,2,4,1,1,2,1,25,5,1299,1,10,-1,1,-1
2015961500541,1,9,0,16,0,0,1,10,7,10,3,1,6,1,25,5,-1,-1,-1,-1,1,-1
2015961500542,1,9,0,18,0,1,0,0,0,0,1,1,6,2,75,10,1240,1,9,-1,1,-1
2015961500545,1,9,0,18,0,1,0,0,0,0,1,1,1,1,69,10,1597,2,-1,-1,2,-1
2015961500545,2,9,0,4,0,1,0,0,0,0,4,1,6,1,70,10,2400,2,5,-1,1,-1
2015961500545,3,9,0,4,0,1,0,0,0,0,2,1,6,1,44,7,1995,2,6,-1,1,-1
2015961500549,1,9,0,18,0,0,0,0,0,0,1,1,6,1,37,7,1998,1,13,-1,-1,-1
2015961500549,2,8,0,18,0,0,0,0,0,0,1,1,1,1,52,8,1685,2,1,-1,1,-1
2015961500554,1,9,0,13,0,1,0,0,0,0,4,1,6,1,50,8,-1,-1,-1,-1,-1,-1
2015961500554,2,1,0,18,0,1,2,0,0,0,3,1,2,1,46,8,-1,-1,-1,-1,1,-1
2015961500555,1,9,0,4,0,2,1,0,0,0,1,1,6,2,22,5,996,1,5,-1,1,-1
2015961500555,2,9,0,4,0,2,0,0,0,0,2,1,6,2,24,5,1398,1,15,-1,1,-1
2015961500568,1,9,0,18,0,2,0,0,0,0,1,1,6,2,25,5,1229,1,2,-1,2,-1
2015961500572,1,9,0,18,0,2,0,0,0,0,1,1,6,3,50,8,-1,-1,-1,-1,-1,-1
2015961500572,2,9,0,18,0,2,0,0,0,0,2,1,6,2,26,6,1598,1,2,-1,1,-1
2015961500579,1,9,0,1,0,8,0,0,0,0,2,1,6,2,29,6,1397,1,6,-1,1,-1
2015961500580,1,9,0,18,0,0,0,0,0,0,0,1,6,3,30,6,-1,-1,-1,-1,-1,-1
2015961500580,2,11,0,12,0,0,0,0,0,0,0,1,1,1,47,8,7300,2,7,-1,1,-1
2015961500583,1,9,0,13,0,0,0,10,0,0,3,1,6,1,18,4,1584,1,7,-1,1,-1
2015961500583,2,9,0,18,0,0,0,0,0,0,1,1,6,1,34,6,1896,2,9,-1,3,-1
2015961500588,1,1,0,9,0,8,0,0,0,0,3,1,6,1,24,5,-1,-1,-1,-1,1,-1
2015961500588,2,4,0,13,0,1,0,0,0,0,1,1,6,1,26,6,398,1,9,-1,2,-1
2015961500593,1,4,0,4,0,0,2,0,0,0,1,1,6,1,21,5,249,1,5,-1,1,-1
2015961500601,1,9,0,18,0,0,0,10,1,1,1,1,6,2,21,5,998,1,2,-1,1,-1
2015961500602,1,11,0,18,0,2,0,0,0,0,4,1,1,1,28,6,9000,2,10,-1,1,-1
2015961500605,1,9,0,6,0,0,0,0,0,0,3,1,2,1,45,7,1956,2,5,-1,2,-1
2015961500605,2,5,0,14,0,0,0,0,0,0,1,1,6,1,61,9,899,1,19,-1,1,-1
2015961500606,1,9,0,18,0,1,0,1,0,0,1,1,6,2,74,10,1598,2,-1,-1,2,-1
2015961500606,2,19,0,2,0,1,0,0,1,7,2,1,1,2,44,7,1461,2,3,-1,1,-1
2015961500608,1,9,0,9,0,8,0,0,0,0,1,1,6,1,25,5,-1,-1,-1,-1,3,-1
2015961500608,2,5,0,18,0,8,0,0,0,0,4,1,6,2,49,8,599,1,12,-1,-1,-1
2015961500619,1,9,0,18,0,0,0,0,0,0,1,1,6,2,30,6,1360,1,12,-1,2,-1
2015961500619,2,9,0,3,0,0,0,0,0,0,1,1,6,1,30,6,1997,2,12,-1,1,-1
2015961500620,1,9,0,16,0,1,0,0,0,0,1,1,6,1,39,7,1390,1,13,-1,1,-1
2015961500620,2,9,0,3,0,1,0,0,0,0,2,1,6,2,83,11,1398,1,4,-1,1,-1
2015961500621,1,9,0,18,0,0,1,0,1,11,4,1,2,1,20,4,1299,1,13,-1,1,-1
2015961500621,2,9,0,18,0,0,0,0,0,0,0,1,6,3,45,7,-1,-1,-1,-1,-1,-1
2015961500628,1,9,0,18,0,8,0,0,0,0,1,1,6,2,51,8,1995,2,2,-1,1,-1
2015961500628,2,5,0,18,0,8,0,0,0,0,4,1,6,1,43,7,781,1,12,-1,2,-1
2015961500629,1,5,0,18,0,0,0,0,0,0,4,1,6,1,28,6,599,1,11,-1,1,-1
2015961500632,1,9,0,7,0,8,0,0,0,0,3,1,6,2,42,7,1560,2,5,-1,-1,-1
2015961500632,2,9,0,18,0,8,0,0,0,0,1,1,6,2,50,8,1229,1,3,-1,1,-1
2015961500634,1,9,0,18,0,2,0,0,0,0,1,1,6,3,45,7,1598,2,3,-1,-1,-1
2015961500634,2,1,0,18,0,6,0,0,0,0,2,1,6,1,28,6,-1,-1,-1,-1,1,-1
2015961500636,1,9,0,9,0,8,0,0,0,0,3,1,6,1,65,9,1587,1,9,-1,1,-1
2015961500636,2,9,0,18,0,8,0,0,0,0,1,1,2,1,40,7,1360,1,12,-1,1,-1
2015961500637,1,9,0,18,0,1,0,0,0,0,1,1,6,1,21,5,2171,1,14,-1,1,-1
2015961500637,2,9,0,3,0,1,0,0,0,0,2,1,6,1,52,8,1968,2,6,-1,1,-1
2015961500638,1,9,0,16,0,0,1,0,7,0,3,1,2,2,51,8,2231,2,4,-1,3,-1
2015961500638,2,9,0,17,0,0,0,0,0,0,3,1,6,2,54,8,1995,2,3,-1,3,-1
2015961500645,1,9,0,17,0,0,2,0,0,0,1,1,6,1,40,7,1587,1,14,-1,3,-1
2015961500648,1,9,0,18,0,0,0,0,0,0,1,1,6,2,41,7,1398,1,1,-1,1,-1
2015961500648,2,9,0,18,0,0,0,0,0,0,1,1,6,1,29,6,1796,1,13,-1,1,-1
2015961500655,1,21,0,18,0,0,0,0,0,0,0,1,1,1,58,9,-1,-1,-1,-1,-1,-1
2015961500655,2,9,0,18,0,0,1,10,2,7,1,1,6,1,60,9,1839,1,18,-1,1,-1
2015961500659,1,5,0,17,0,0,1,0,2,1,1,1,6,2,45,7,929,1,14,-1,1,-1
2015961500664,1,9,0,18,0,1,0,0,0,0,1,1,6,2,29,6,1968,2,-1,-1,3,-1
2015961500664,2,9,0,3,0,1,0,0,0,0,2,1,6,2,51,8,1193,1,2,-1,2,-1
2015961500664,3,9,0,3,0,1,0,0,0,0,2,1,6,1,42,7,-1,-1,-1,-1,1,-1
2015961500669,1,9,0,18,0,0,0,0,0,0,1,1,6,1,20,4,1798,1,4,-1,1,-1
2015961500669,2,9,0,18,0,0,5,0,0,0,2,1,6,1,75,10,1086,1,8,-1,1,-1
2015961500673,1,9,0,18,0,0,0,0,0,0,4,1,3,2,48,8,-1,-1,-1,-1,1,-1
2015961500675,1,11,0,5,0,0,0,0,0,0,0,1,1,3,40,7,9600,2,15,-1,-1,-1
2015961500675,2,9,0,14,0,0,0,0,0,0,0,1,6,1,40,7,-1,-1,-1,-1,-1,-1
2015961500675,3,9,0,18,0,0,0,0,0,0,1,1,6,2,46,8,1229,1,6,-1,3,-1
2015961500675,4,9,0,18,0,0,0,0,0,0,2,1,6,2,55,8,2987,2,7,-1,1,-1
2015961500675,5,9,0,18,0,0,0,0,0,0,2,1,6,2,47,8,-1,-1,-1,-1,1,-1
2015961500679,1,9,4,18,0,0,0,10,7,4,1,1,6,1,56,9,-1,-1,-1,-1,3,-1
2015961500681,1,9,0,18,0,0,0,0,0,0,1,1,2,1,44,7,1598,1,9,-1,1,-1
2015961500681,2,9,0,3,0,0,0,0,0,0,2,1,2,2,57,9,1598,1,2,-1,1,-1
2015961500681,3,9,0,3,0,0,0,0,0,0,2,1,2,1,54,8,1598,1,8,-1,1,-1
2015961500682,1,9,0,18,0,1,0,0,0,0,1,1,2,1,44,7,1560,2,2,-1,1,-1
2015961500682,2,9,0,3,0,1,0,0,0,0,2,1,1,2,47,8,998,1,1,-1,1,-1
2015961500685,1,5,0,16,0,0,0,0,1,11,1,1,6,1,59,9,998,1,8,-1,1,-1
2015961500685,2,9,0,17,0,0,0,0,0,0,1,1,6,1,25,5,1984,1,9,-1,-1,-1
2015961500685,3,9,0,16,0,0,0,0,0,0,0,1,1,1,60,9,2496,1,12,-1,2,-1
2015961500689,1,9,0,18,0,8,0,0,0,0,1,1,6,2,50,8,1461,2,2,-1,1,-1
2015961500693,1,9,0,18,0,8,0,0,0,0,1,1,6,2,20,4,-1,-1,-1,-1,1,-1
2015961500693,2,9,0,4,0,8,0,0,0,0,2,1,6,2,47,8,998,1,3,-1,1,-1
2015961500696,1,9,0,5,0,8,0,0,0,0,1,1,2,2,42,7,2926,2,12,-1,3,-1
2015961500696,2,9,0,4,0,8,0,0,0,0,4,1,2,2,59,9,1499,2,1,-1,1,-1
2015961500703,1,9,0,4,0,0,0,0,0,0,4,1,6,2,51,8,1360,1,9,-1,1,-1
2015961500706,1,1,0,18,0,0,1,0,0,0,1,1,6,2,35,6,-1,-1,-1,-1,1,-1
2015961500706,2,1,0,18,0,0,5,0,0,0,2,1,6,1,46,8,-1,-1,-1,-1,1,-1
2015961500706,3,21,1,2,0,0,0,0,0,0,0,2,1,1,57,9,-1,-1,-1,-1,-1,-1
2015961500707,1,1,0,18,0,8,0,0,0,0,1,1,4,1,7,2,-1,-1,-1,-1,1,-1
2015961500707,2,9,0,7,0,8,0,0,0,0,4,1,6,1,63,9,1598,1,8,-1,1,-1
2015961500716,1,9,0,18,0,0,0,0,0,0,1,1,6,1,40,7,1400,1,8,-1,1,-1
2015961500716,2,9,0,18,0,0,0,0,0,0,1,1,6,1,44,7,1248,2,1,-1,-1,-1
2015961500722,1,9,0,18,0,0,0,0,4,6,1,1,6,2,27,6,2969,2,8,-1,1,-1
2015961500722,2,9,0,4,0,0,0,0,4,6,2,1,2,1,59,9,1995,2,-1,-1,1,-1
2015961500722,3,9,0,4,0,0,0,0,0,0,2,1,6,2,25,5,1229,1,7,-1,-1,-1
2015961500724,1,9,0,18,0,1,0,0,0,0,1,1,2,2,18,4,1242,1,1,-1,1,-1
2015961500724,2,9,0,3,0,1,0,0,0,0,2,1,2,2,45,7,1995,1,6,-1,1,-1
2015961500735,1,5,0,16,0,0,1,12,0,0,1,1,6,1,57,9,996,1,11,-1,3,-1
2015961500742,1,9,0,9,0,8,0,0,0,0,0,1,6,3,45,7,-1,-1,-1,-1,-1,-1
2015961500742,2,1,0,18,0,1,0,0,0,0,0,1,6,1,41,7,-1,-1,-1,-1,3,-1
2015961500747,1,9,0,7,0,8,0,0,0,0,3,1,6,1,36,7,1248,1,1,-1,1,-1
2015961500747,2,9,0,18,0,8,0,0,0,0,1,1,6,1,47,8,2993,2,7,-1,3,-1
2015961500754,1,9,0,9,0,8,0,0,0,0,4,1,6,1,81,11,1390,1,15,-1,2,-1
2015961500754,2,9,0,18,0,8,0,0,0,0,3,1,6,2,27,6,998,1,2,-1,1,-1
2015961500754,3,9,0,3,0,1,0,0,0,0,4,1,6,2,21,5,998,1,7,-1,1,-1
2015961500762,1,5,0,13,0,8,0,10,7,0,4,1,6,1,51,8,900,1,15,-1,1,-1
2015961500762,2,19,0,9,0,8,0,0,0,0,3,1,6,1,43,7,1968,2,1,-1,1,-1
2015961500763,1,9,0,4,0,1,0,0,0,0,1,1,1,1,27,6,-1,-1,-1,-1,1,-1
2015961500763,2,19,0,4,0,1,0,0,0,0,2,1,6,1,49,8,-1,-1,-1,-1,3,-1
2015961500763,3,19,0,4,0,1,0,0,0,0,2,1,1,1,35,6,1753,2,5,-1,-1,-1
2015961500764,1,9,0,4,0,0,0,0,0,0,1,1,6,1,72,10,1240,1,10,-1,3,-1
2015961500768,1,9,0,4,0,0,0,0,0,0,1,1,6,2,50,8,998,1,2,-1,3,-1
2015961500774,1,9,0,16,0,2,0,0,0,0,4,1,6,1,31,6,-1,-1,-1,-1,1,-1
2015961500776,1,5,0,13,0,0,0,0,0,0,1,1,6,1,47,8,1301,1,-1,-1,3,-1
2015961500776,2,9,0,18,0,0,0,0,1,0,1,1,6,2,62,9,1910,2,10,-1,2,-1
2015961500776,3,9,0,18,0,0,0,0,0,0,1,1,6,1,59,9,2231,2,9,-1,1,-1
2015961500777,1,9,0,18,0,8,1,10,1,1,1,1,6,1,25,5,1242,1,2,-1,1,-1
2015961500777,2,9,0,2,9,2,0,0,0,0,1,1,6,1,58,9,1229,1,2,-1,1,-1
2015961500777,3,9,0,2,9,1,0,0,0,0,1,1,6,1,52,8,-1,-1,-1,-1,1,-1
2015961500777,4,19,0,2,0,1,0,0,0,0,1,1,6,1,27,6,1560,2,5,-1,1,-1
2015961500777,5,9,0,2,0,1,0,0,0,0,4,1,6,1,49,8,1895,1,18,-1,1,-1
2015961500781,1,9,0,18,0,0,5,10,1,4,1,1,6,1,19,4,1990,1,15,-1,1,-1
2015961500782,1,9,0,18,0,0,1,10,8,11,1,1,2,1,18,4,998,1,7,-1,3,-1
2015961500783,1,11,0,7,0,8,0,0,0,0,1,1,1,1,43,7,9000,2,14,-1,2,-1
2015961500795,1,19,0,18,0,0,0,0,0,0,1,1,1,1,57,9,2198,2,4,-1,3,-1
2015961500795,2,19,0,2,0,0,0,0,0,0,0,1,6,3,45,7,-1,-1,-1,-1,-1,-1
2015961500805,1,9,0,18,0,1,0,10,1,0,3,1,6,1,24,5,1242,1,7,-1,1,-1
2015961500805,2,9,0,10,0,8,0,0,0,0,2,1,6,1,39,7,1679,1,15,-1,1,-1
2015961500820,1,9,0,7,0,8,0,10,1,4,4,1,6,2,22,5,-1,-1,-1,-1,3,-1
2015961500823,1,1,0,18,0,3,0,0,0,0,4,1,6,1,30,6,-1,-1,-1,-1,-1,-1
2015961500823,2,9,0,7,0,3,0,0,0,0,4,1,6,1,55,8,1896,2,9,-1,1,-1
2015961500830,1,19,0,1,0,1,0,0,0,0,2,1,1,1,30,6,1995,2,2,-1,1,-1
2015961500830,2,1,0,18,0,2,0,0,0,0,3,1,2,2,51,8,-1,-1,-1,-1,1,-1
2015961500844,1,3,0,18,0,0,0,0,0,0,1,1,2,1,20,4,124,1,1,-1,1,-1
2015961500844,2,9,0,3,0,0,0,0,0,0,2,1,6,2,49,8,1870,2,11,-1,3,-1
2015961500850,1,9,0,12,0,0,5,0,1,10,1,1,3,2,17,4,998,1,6,-1,1,-1
2015961500850,2,9,0,18,0,0,0,0,0,0,4,1,1,1,32,6,1968,2,6,-1,1,-1
2015961500851,1,9,0,5,0,8,0,0,0,0,1,1,6,1,54,8,1598,2,4,-1,1,-1
2015961500851,2,9,0,18,0,8,0,0,0,0,3,1,6,2,42,7,1248,1,5,-1,2,-1
2015961500853,1,20,0,18,0,0,0,0,0,0,1,1,1,1,29,6,-1,-1,-1,-1,1,-1
2015961500853,2,9,0,3,0,0,0,0,0,0,2,1,6,2,54,8,2987,2,6,-1,1,-1
2015961500855,1,9,0,4,0,1,0,0,0,0,1,1,6,2,30,6,1229,1,4,-1,3,-1
2015961500855,2,9,0,3,0,1,0,0,0,0,2,1,2,2,33,6,1388,1,13,-1,1,-1
2015961500855,3,9,0,3,0,1,0,0,0,0,2,1,6,2,40,7,-1,-1,-1,-1,-1,-1
2015961500856,1,9,0,18,0,1,0,0,0,0,1,1,6,1,46,8,1560,2,-1,-1,-1,-1
2015961500856,2,9,0,18,0,1,1,0,0,0,1,1,6,1,80,11,1968,2,2,-1,1,-1