Accident_Index,Vehicle_Reference,Vehicle_Type,Towing_and_Articulation,Vehicle_Manoeuvre,Vehicle_Location-Restricted_Lane,Junction_Location,Skidding_and_Overturning,Hit_Object_in_Carriageway,Vehicle_Leaving_Carriageway,Hit_Object_off_Carriageway,1st_Point_of_Impact,Was_Vehicle_Left_Hand_Drive?,Journey_Purpose_of_Driver,Sex_of_Driver,Age_of_Driver,Age_Band_of_Driver,Engine_Capacity_(CC),Propulsion_Code,Age_of_Vehicle,Driver_IMD_Decile,Driver_Home_Area_Type,Vehicle_IMD_Decile
201597AB70408,1,5,0,12,0,0,0,0,0,0,1,1,6,1,23,5,998,1,11,-1,1,-1
201597AB70408,2,9,0,12,0,0,0,0,0,0,2,1,6,1,23,5,1591,1,2,-1,1,-1
201597AB70410,1,9,0,18,0,1,0,0,0,0,1,1,6,1,34,6,1798,1,7,-1,1,-1
201597AB70410,2,9,0,9,0,1,0,0,0,1,1,1,6,2,58,9,1341,1,12,-1,1,-1
201597AB70411,1,9,0,18,0,0,0,0,0,0,1,1,6,1,24,5,1560,2,3,-1,1,-1
201597AB70508,1,5,0,4,0,0,0,0,0,0,1,1,6,1,48,8,1690,1,-1,-1,1,-1
201597AB70508,2,9,0,3,0,0,0,0,0,0,2,1,6,2,22,5,998,1,2,-1,1,-1
201597AB70510,1,9,0,18,0,0,0,0,0,0,1,1,6,1,58,9,998,1,9,-1,1,-1
201597AB70510,2,9,0,18,0,0,0,0,0,0,2,1,6,1,33,6,1968,2,3,-1,2,-1
201597AB70510,3,9,0,18,0,0,0,0,0,0,2,1,6,1,41,7,2143,2,3,-1,1,-1
201597AB70510,4,9,0,18,0,0,0,0,0,0,2,1,6,1,19,4,1229,1,6,-1,1,-1
201597AB70510,5,9,0,18,0,0,0,0,0,0,2,1,6,1,41,7,1870,2,7,-1,1,-1
201597AB70510,6,9,0,18,0,0,0,0,0,0,2,1,6,1,40,7,-1,-1,-1,-1,1,-1
201597AB70510,7,9,0,18,0,0,0,0,0,0,1,1,6,1,58,9,1995,2,5,-1,3,-1
201597AB70510,8,9,0,18,0,0,0,0,0,0,1,1,6,1,34,6,1968,2,2,-1,1,-1
201597AB70510,9,9,0,18,0,0,0,0,0,0,1,1,6,1,57,9,1968,2,1,-1,2,-1
201597AB70510,10,9,0,18,0,0,0,0,0,0,1,1,6,1,42,7,-1,3,1,-1,1,-1
201597AB70608,1,9,0,11,0,5,0,0,0,0,1,1,6,1,31,6,1298,1,17,-1,1,-1
201597AB70608,2,9,0,4,0,5,0,0,0,0,2,1,6,2,55,8,1997,2,1,-1,1,-1
201597AB70611,1,9,0,18,0,0,0,0,0,0,1,1,6,1,53,8,1995,2,1,-1,1,-1
201597AB70708,1,9,0,18,0,0,0,0,0,0,1,1,6,2,22,5,1598,1,9,-1,1,-1
201597AB70708,2,9,0,11,0,0,0,0,0,0,2,1,6,1,49,8,1560,2,1,-1,1,-1
201597AB70808,1,9,0,16,2,0,0,0,0,0,3,1,6,1,39,7,998,1,-1,-1,1,-1
201597AB70808,2,1,0,18,2,0,0,0,0,0,1,1,6,1,30,6,-1,-1,-1,-1,1,-1
201597AB70811,1,9,0,18,0,0,0,0,0,0,1,1,6,1,42,7,1783,1,13,-1,2,-1
201597AB70811,2,9,0,11,0,0,0,0,0,0,1,1,6,1,63,9,2435,1,11,-1,1,-1
201597AB70811,3,9,0,18,0,0,0,0,0,0,2,1,6,1,27,6,1242,1,4,-1,1,-1
201597AB70911,1,9,0,18,8,1,1,0,1,7,1,1,6,2,67,10,998,1,3,-1,1,-1
201597AC00101,1,9,0,18,0,8,0,0,1,0,4,1,6,2,63,9,1242,1,8,-1,-1,-1
201597AC00101,2,8,0,18,0,1,0,0,0,0,1,1,1,1,55,8,2499,2,6,-1,1,-1
201597AC00107,1,9,0,1,0,0,0,0,1,11,1,1,6,1,39,7,1995,1,8,-1,1,-1
201597AC00108,1,9,0,4,0,1,0,0,0,0,1,1,6,2,20,4,-1,-1,-1,-1,-1,-1
201597AC00108,2,9,0,4,0,1,0,0,0,0,2,1,6,1,33,6,-1,-1,-1,-1,1,-1
201597AC00203,1,9,0,9,0,0,0,0,0,0,1,1,6,1,37,7,1896,2,14,-1,1,-1
201597AC00204,1,9,0,18,0,2,0,0,0,0,1,1,6,1,40,7,1560,2,2,-1,2,-1
201597AC00204,2,9,0,7,0,6,0,0,0,0,1,1,6,2,22,5,2494,1,12,-1,1,-1
201597AC00307,1,9,0,5,0,8,0,0,0,0,1,1,2,1,59,9,998,1,2,-1,1,-1
201597AC00311,1,9,0,15,0,0,0,0,0,0,1,1,6,1,27,6,1598,2,1,-1,1,-1
201597AC00311,2,9,0,6,0,0,0,0,0,0,3,1,6,2,54,8,1299,1,10,-1,1,-1
201597AC00404,1,9,0,7,0,0,0,0,0,0,4,1,6,2,44,7,1798,1,6,-1,1,-1
201597AC00404,2,1,0,18,0,0,0,0,0,0,0,1,6,1,44,7,-1,-1,-1,-1,1,-1
201597AC00405,1,9,0,6,8,1,1,0,7,10,3,1,6,1,41,7,1799,1,9,-1,1,-1
201597AC00405,2,9,0,18,0,1,1,0,0,0,1,1,1,1,29,6,-1,-1,-1,-1,1,-1
201597AC00408,1,9,0,4,0,1,0,0,0,0,3,1,6,1,32,6,1598,1,13,-1,1,-1
201597AC00410,1,21,1,9,0,8,0,0,0,0,1,1,1,1,38,7,12777,2,8,-1,-1,-1
201597AC00410,2,9,0,18,0,8,0,0,0,0,3,1,2,1,68,10,1149,1,15,-1,1,-1
201597AC00412,1,9,0,18,0,1,0,0,0,0,1,1,6,1,58,9,-1,-1,-1,-1,1,-1
201597AC00412,2,9,0,18,0,1,0,0,0,0,1,1,6,1,18,4,1229,1,-1,-1,1,-1
201597AC00501,1,9,0,8,0,1,0,0,0,0,0,1,6,3,-1,-1,-1,-1,-1,-1,-1,-1
201597AC00501,2,1,0,18,0,1,0,0,0,0,0,1,1,2,30,6,-1,-1,-1,-1,1,-1
201597AC00503,1,9,0,18,0,1,0,0,0,0,1,1,6,1,30,6,-1,-1,-1,-1,-1,-1
201597AC00503,2,9,0,9,0,1,0,0,0,0,4,1,6,2,18,4,1197,1,3,-1,3,-1
201597AC00507,1,9,0,18,0,0,1,0,0,0,1,1,6,2,18,4,1242,1,3,-1,1,-1
201597AC00507,2,9,0,3,0,0,0,0,0,0,2,1,6,1,36,7,1991,1,1,-1,1,-1
201597AC00508,1,9,0,18,0,1,0,0,0,0,4,1,6,1,55,8,1995,2,2,-1,-1,-1
201597AC00508,2,1,0,18,0,1,0,0,0,0,3,1,6,1,34,6,-1,-1,-1,-1,1,-1
201597AC00511,1,9,0,9,0,8,0,0,0,0,2,1,6,2,20,4,1206,1,6,-1,1,-1
201597AC00610,1,9,0,9,0,1,0,0,0,0,1,1,6,2,23,5,1560,2,-1,-1,1,-1
201597AC00610,2,9,0,18,0,1,0,0,0,0,1,1,2,1,29,6,2261,1,9,-1,1,-1
201597AC00701,1,9,0,18,0,1,0,0,0,0,1,1,1,2,63,9,1582,2,3,-1,-1,-1
201597AC00701,2,9,0,18,0,1,0,0,0,0,3,1,1,1,45,7,1991,2,8,-1,1,-1
201597AC00708,1,9,0,9,0,8,0,0,0,0,1,1,2,2,37,7,1586,1,5,-1,1,-1
201597AC00708,2,9,0,18,0,8,0,0,0,0,1,1,6,1,40,7,-1,-1,-1,-1,1,-1
201597AC00711,1,8,0,17,0,0,0,0,0,0,4,1,1,1,55,8,1997,2,3,-1,1,-1
201597AC00712,1,19,0,18,0,1,0,0,0,0,2,1,1,1,48,8,2198,2,3,-1,1,-1
201597AC00712,2,9,0,4,0,1,0,0,0,0,0,1,2,2,65,9,2997,1,8,-1,1,-1
201597AC00801,1,9,0,18,0,1,0,0,0,0,1,1,6,1,42,7,1968,2,3,-1,1,-1
201597AC00801,2,9,0,3,0,1,0,0,0,0,2,1,6,2,26,6,1397,1,6,-1,2,-1
201597AC00801,3,8,0,3,0,1,0,0,0,0,2,1,1,2,54,8,1598,2,3,-1,1,-1
201597AC00809,1,9,0,18,0,0,0,0,0,0,1,1,6,2,45,7,1349,1,2,-1,1,-1
201597AC00903,1,8,0,3,0,0,0,0,0,0,0,1,6,1,50,8,-1,-1,-1,-1,-1,-1
201597AC00907,1,1,0,4,2,0,1,0,0,0,1,1,2,2,60,9,-1,-1,-1,-1,1,-1
201597AC00907,2,11,0,18,2,0,0,0,0,0,4,1,1,1,56,9,6700,2,-1,-1,1,-1
201597AC01101,1,9,0,18,0,8,1,0,3,0,1,1,6,1,18,4,1997,2,4,-1,-1,-1
201597AC01101,2,8,0,18,0,8,0,0,0,0,3,1,1,1,55,8,2402,2,11,-1,1,-1
201597AC01106,1,1,0,18,0,1,0,0,0,0,1,1,2,1,43,7,-1,-1,-1,-1,-1,-1
201597AC01106,2,9,0,9,0,1,0,0,0,0,4,1,6,2,40,7,1997,2,8,-1,1,-1
201597AC01110,1,8,0,12,2,0,0,0,0,0,3,1,1,1,53,8,2499,2,7,-1,1,-1
201597AC01110,2,9,0,18,0,0,0,0,0,0,4,1,6,1,60,9,1461,2,2,-1,1,-1
201597AC01111,1,9,0,18,0,0,0,0,0,0,1,1,2,1,25,5,-1,-1,-1,-1,3,-1
201597AC01111,2,9,0,18,0,0,0,0,0,0,1,1,6,1,41,7,1995,2,7,-1,1,-1
201597AC01112,1,9,0,15,0,7,0,0,0,0,1,1,6,1,20,4,1799,1,7,-1,1,-1
201597AC01201,1,9,0,7,0,0,0,0,0,0,4,1,6,1,35,6,1582,2,4,-1,1,-1
201597AC01207,1,9,0,18,9,1,0,0,0,0,4,1,1,1,56,9,-1,-1,-1,-1,1,-1
201597AC01207,2,9,0,18,0,5,0,0,0,0,1,1,6,1,32,6,1896,2,7,-1,-1,-1
201597AC01210,1,9,0,18,0,8,0,0,0,0,4,1,6,2,30,6,998,1,8,-1,1,-1
201597AC01210,2,1,0,18,4,8,0,0,0,0,1,1,2,1,41,7,-1,-1,-1,-1,1,-1
201597AC01305,1,19,0,1,0,0,0,0,0,0,0,1,1,1,40,7,2198,2,1,-1,1,-1
201597AC01308,1,9,0,9,0,1,0,0,0,0,1,1,6,2,28,6,1461,2,11,-1,1,-1
201597AC01308,2,8,0,18,0,1,0,0,0,0,1,1,6,1,28,6,1364,1,1,-1,1,-1
201597AC01409,1,9,0,18,0,0,5,0,0,10,4,1,6,2,24,5,1685,2,-1,-1,2,-1
201597AC01409,2,9,0,16,0,0,0,0,0,0,0,1,6,1,36,7,1968,2,8,-1,1,-1
201597AC01412,1,9,0,9,0,8,0,0,0,0,1,1,2,1,61,9,2143,2,-1,-1,1,-1
201597AC01412,2,8,0,18,0,8,0,0,8,1,3,1,1,1,58,9,2402,2,9,-1,-1,-1
201597AC01511,1,9,0,7,0,1,0,0,0,0,1,1,6,1,29,6,-1,-1,-1,-1,1,-1
201597AC01511,2,1,0,18,0,1,0,0,0,0,2,1,6,2,-1,-1,-1,-1,-1,-1,1,-1
201597AC01512,1,9,0,6,0,0,0,0,0,0,1,1,6,1,-1,-1,-1,-1,-1,-1,-1,-1
201597AC01512,2,1,0,18,0,0,0,0,0,0,1,1,6,1,23,5,-1,-1,-1,-1,1,-1
201597AC01601,1,19,0,18,0,0,0,0,0,1,1,1,6,1,29,6,-1,-1,-1,-1,1,-1
201597AC01601,2,8,0,18,0,0,0,0,0,0,1,1,1,1,35,6,1997,2,2,-1,1,-1
201597AC01608,1,11,0,18,0,1,0,0,0,0,1,1,1,1,37,7,9200,2,3,-1,1,-1
201597AC01608,2,9,0,10,0,1,0,0,0,0,2,1,6,2,56,9,1598,2,2,-1,1,-1
201597AC01701,1,19,0,18,0,0,0,0,0,10,1,1,6,1,29,6,-1,-1,-1,-1,-1,-1
201597AC01701,2,8,0,18,0,0,0,0,0,10,1,1,6,1,35,6,1997,2,2,-1,1,-1
201597AC01808,1,9,0,18,0,1,0,0,0,0,1,1,6,1,42,7,1598,2,1,-1,3,-1
201597AC01910,1,9,0,18,0,0,0,0,0,0,1,1,6,1,24,5,1229,1,9,-1,1,-1
201597AC01910,2,9,0,4,0,0,0,0,0,0,2,1,6,2,21,5,1149,1,11,-1,1,-1
201597AC02008,1,9,0,9,0,1,0,0,0,0,1,1,6,3,-1,-1,-1,-1,-1,-1,-1,-1
201597AC02008,2,1,0,18,0,1,0,0,0,0,1,1,6,1,33,6,-1,-1,-1,-1,1,-1
201597AC02012,1,9,0,5,0,1,1,0,0,0,4,1,6,2,27,6,1242,1,2,-1,1,-1
201597AC02012,2,9,0,18,0,8,1,0,0,0,3,1,1,1,23,5,1598,2,4,-1,1,-1
201597AC02211,1,9,0,18,0,2,0,0,0,0,1,1,6,1,45,7,1783,1,13,-1,1,-1
201597AC02211,2,9,0,4,0,2,0,0,0,0,2,1,2,1,33,6,1596,1,14,-1,1,-1
201597AC02211,3,9,0,3,0,2,0,0,0,0,2,1,1,2,43,7,1560,2,6,-1,-1,-1
201597AC02511,1,8,0,18,0,1,0,0,0,0,1,1,6,3,-1,-1,-1,-1,-1,-1,-1,-1
201597AC70102,1,9,0,18,0,0,0,0,0,0,1,1,6,2,23,5,1397,1,6,-1,1,-1
201597AC70102,2,9,0,4,0,0,0,0,0,0,2,1,6,1,28,6,1398,1,4,-1,-1,-1
201597AC70103,1,9,0,7,0,8,0,0,0,0,4,1,6,1,38,7,1998,1,12,-1,1,-1
201597AC70103,2,1,0,18,0,1,0,0,0,0,1,1,6,1,21,5,-1,-1,-1,-1,1,-1
201597AC70105,1,11,0,18,0,0,0,0,0,0,1,1,1,1,59,9,12000,2,6,-1,-1,-1
201597AC70106,1,20,0,18,0,0,0,0,0,0,4,1,1,1,39,7,4461,2,3,-1,1,-1
201597AC70106,2,9,0,18,0,0,0,0,0,0,3,1,6,1,60,9,1598,1,7,-1,1,-1
201597AC70109,1,9,0,18,0,0,0,0,0,0,1,1,6,1,55,8,1956,2,5,-1,1,-1
201597AC70109,2,9,0,18,0,0,0,0,0,0,2,1,6,1,45,7,1910,2,4,-1,1,-1
201597AC70109,3,9,0,18,0,0,0,0,0,0,2,1,6,1,58,9,1461,2,4,-1,1,-1
201597AC70110,1,9,0,16,0,0,0,0,1,11,4,1,6,1,25,5,1997,2,9,-1,1,-1
201597AC70111,1,9,0,18,0,0,0,0,0,0,1,1,6,2,58,9,1598,1,5,-1,-1,-1
201597AC70111,2,9,0,18,0,0,0,0,0,0,2,1,6,1,37,7,1796,1,4,-1,1,-1
201597AC70111,3,9,0,18,0,0,0,0,0,0,2,1,6,1,34,6,1995,2,1,-1,1,-1
201597AC70203,1,9,0,18,0,0,0,0,0,0,1,1,2,1,42,7,1968,2,5,-1,1,-1
201597AC70203,2,9,0,4,0,0,0,0,0,0,2,1,2,2,44,7,-1,-1,-1,-1,1,-1
201597AC70203,3,9,0,18,0,0,0,0,0,0,2,1,6,2,39,7,1598,1,10,-1,1,-1
201597AC70203,4,9,0,18,0,0,0,0,0,0,1,1,6,1,48,8,2698,2,7,-1,1,-1
201597AC70204,1,9,0,18,0,1,0,0,0,0,4,1,6,3,21,5,-1,-1,-1,-1,-1,-1
201597AC70207,1,21,0,18,0,0,0,0,0,0,4,1,1,1,53,8,4462,2,2,-1,1,-1
201597AC70207,2,9,0,4,0,0,0,0,0,0,2,1,6,1,50,8,2000,1,6,-1,1,-1
201597AC70208,1,9,0,18,0,0,0,0,0,0,1,1,6,2,29,6,1968,2,-1,-1,1,-1
201597AC70208,2,9,0,4,0,0,0,0,0,0,2,1,6,1,38,7,1560,2,6,-1,1,-1
201597AC70209,1,9,0,18,0,0,0,0,0,0,1,1,1,1,43,7,1999,1,9,-1,1,-1
201597AC70209,2,9,0,18,0,0,0,0,0,0,2,1,2,1,73,10,1364,1,7,-1,-1,-1
201597AC70209,3,9,0,18,0,0,0,0,0,0,2,1,6,1,66,10,1686,2,4,-1,1,-1
201597AC70211,1,9,0,9,0,1,0,0,0,0,1,1,1,1,60,9,1995,2,2,-1,1,-1
201597AC70211,2,9,0,18,0,1,0,0,1,10,1,1,6,1,33,6,3982,1,-1,-1,1,-1
201597AC70211,3,9,0,2,0,2,0,0,0,0,4,1,6,3,-1,-1,1461,2,2,-1,-1,-1
201597AC70303,1,9,0,18,0,0,0,0,0,0,1,1,2,1,24,5,1595,1,4,-1,1,-1
201597AC70303,2,11,0,18,0,0,0,0,0,0,2,1,1,1,56,9,7300,2,13,-1,-1,-1
201597AC70303,3,9,0,18,0,0,0,0,0,0,4,1,1,1,38,7,-1,-1,-1,-1,1,-1
201597AC70306,1,9,0,18,0,8,0,0,0,0,1,1,6,2,31,6,1595,1,5,-1,-1,-1
201597AC70311,1,9,0,11,0,1,0,0,2,7,2,1,6,1,53,8,1956,2,2,-1,2,-1
201597AC70311,2,9,0,18,0,1,0,0,0,0,1,1,6,1,45,7,1997,2,9,-1,-1,-1
201597AC70401,1,9,0,18,0,0,0,0,0,0,1,1,6,2,39,7,998,1,13,-1,1,-1
201597AC70401,2,9,0,18,0,0,0,0,0,0,2,1,6,1,18,4,1598,1,3,-1,1,-1
201597AC70401,3,9,0,18,0,0,0,0,0,0,2,1,6,1,27,6,1685,2,5,-1,1,-1
201597AC70403,1,9,0,9,0,2,0,0,0,0,1,1,2,2,28,6,1149,1,2,-1,1,-1
201597AC70403,2,9,0,18,0,8,0,0,0,0,4,1,6,1,27,6,1595,1,13,-1,1,-1
201597AC70404,1,21,0,18,0,0,0,0,0,0,1,1,1,1,42,7,12580,2,9,-1,1,-1
201597AC70404,2,9,0,4,0,0,0,0,0,11,2,1,6,2,40,7,1582,2,4,-1,1,-1
201597AC70404,3,9,0,4,0,0,0,0,0,0,2,1,2,2,50,8,1598,2,3,-1,1,-1
201597AC70404,4,19,0,4,0,0,0,0,0,11,2,1,1,1,35,6,1560,2,4,-1,1,-1
201597AC70404,5,9,0,4,0,0,0,0,0,10,2,1,6,1,60,9,1396,1,10,-1,1,-1
201597AC70404,6,9,0,4,0,0,0,0,0,0,2,1,1,2,43,7,1997,2,-1,-1,1,-1
201597AC70404,7,9,0,4,0,0,0,0,0,0,2,1,1,2,57,9,1582,2,2,-1,1,-1
201597AC70404,8,9,0,4,0,0,0,0,0,0,2,1,6,2,39,7,1998,1,7,-1,1,-1
201597AC70406,1,19,0,18,0,0,0,0,0,0,1,1,1,1,40,7,2143,2,2,-1,1,-1
201597AC70406,2,9,0,18,0,0,0,0,0,0,2,1,6,2,25,5,1598,1,6,-1,1,-1
201597AC70406,3,9,0,18,0,0,0,0,0,0,2,1,6,1,17,4,1149,1,-1,-1,1,-1
201597AC70409,1,9,0,16,0,0,2,0,1,0,1,1,6,2,38,7,-1,-1,-1,-1,1,-1
201597AC70411,1,19,0,18,0,0,0,0,0,0,1,1,1,1,33,6,2143,2,1,-1,3,-1
201597AC70411,2,21,1,18,0,0,0,0,0,0,1,1,1,1,40,7,12740,2,5,-1,2,-1
201597AC70411,3,19,0,3,0,0,0,0,0,0,2,1,1,1,42,7,1998,2,9,-1,1,-1
201597AC70411,4,9,0,3,0,0,0,0,0,0,2,1,6,2,67,10,1198,1,6,-1,1,-1
201597AC70504,1,9,0,18,0,0,0,0,0,0,1,1,2,2,28,6,1198,1,9,-1,1,-1
201597AC70504,2,9,0,4,0,0,0,0,0,0,1,1,2,1,26,6,1248,2,2,-1,1,-1
201597AC70504,3,9,0,4,0,0,0,0,0,0,2,1,2,1,38,7,1398,1,5,-1,1,-1
201597AC70511,1,9,0,9,0,1,0,0,0,0,1,1,6,1,48,8,-1,-1,-1,-1,3,-1
201597AC70511,2,9,0,18,0,1,0,0,0,0,1,1,6,1,26,6,1999,2,-1,-1,1,-1
201597AC70604,1,9,0,18,0,0,0,0,0,0,1,1,1,1,21,5,1229,1,-1,-1,1,-1
201597AC70604,2,9,0,4,0,0,0,0,0,0,2,1,1,1,32,6,1995,1,5,-1,1,-1
201597AC70604,3,9,0,4,0,0,0,0,0,0,2,1,1,2,31,6,1198,1,1,-1,1,-1
201597AC70811,1,9,0,12,0,0,0,0,0,0,1,1,2,1,25,5,1956,2,3,-1,1,-1
201597AC70811,2,9,0,4,0,0,0,0,0,0,2,1,6,1,19,4,1390,1,14,-1,1,-1
201597AC70811,3,9,0,4,0,0,0,0,0,0,2,1,1,2,22,5,1461,2,4,-1,1,-1
201597AC70912,1,9,0,18,0,0,0,0,0,0,1,1,6,1,18,4,1364,1,6,-1,1,-1
201597AC70912,2,9,0,4,0,0,0,0,0,0,2,1,6,2,27,6,1598,2,1,-1,1,-1
201597AC70912,3,9,0,4,0,0,0,0,0,0,2,1,6,1,38,7,1560,2,4,-1,1,-1
201597AD00206,1,9,0,18,0,8,0,0,0,0,1,1,6,2,35,6,-1,-1,-1,-1,-1,-1
201597AD00206,2,1,0,5,0,8,0,0,0,0,2,1,6,1,43,7,-1,-1,-1,-1,1,-1
201597AD00303,1,9,0,1,6,0,0,0,0,0,2,1,6,2,53,8,1598,1,12,-1,1,-1
201597AD00306,1,9,0,18,0,0,0,0,0,0,1,1,6,1,57,9,1390,1,1,-1,1,-1
201597AD00307,1,9,0,1,0,0,0,0,0,0,2,1,6,1,70,10,2967,2,4,-1,-1,-1
201597AD00307,2,8,0,2,0,0,0,0,0,0,1,1,1,1,46,8,1598,2,1,-1,1,-1
201597AD00311,1,9,0,18,0,8,0,0,0,0,1,1,3,1,44,7,1598,1,12,-1,1,-1
201597AD00311,2,9,0,18,0,8,0,0,0,0,3,1,6,1,42,7,-1,-1,-1,-1,1,-1
201597AD00311,3,9,0,2,0,1,0,0,0,0,2,1,6,2,30,6,1396,1,7,-1,1,-1
201597AD00403,1,8,0,14,0,1,0,0,0,0,3,1,6,3,30,6,-1,-1,-1,-1,-1,-1
201597AD00403,2,1,0,4,0,1,0,0,0,0,4,1,6,1,47,8,-1,-1,-1,-1,1,-1
201597AD00408,1,9,0,4,0,2,1,0,1,0,2,1,2,1,45,7,1783,1,18,-1,1,-1
201597AD00408,2,5,0,4,0,2,1,0,1,0,3,1,2,2,32,6,599,1,16,-1,-1,-1
201597AD00502,1,9,0,5,0,1,0,0,0,0,4,1,2,2,21,5,-1,-1,-1,-1,-1,-1
201597AD00502,2,20,0,5,0,1,0,0,0,0,3,1,2,2,59,9,-1,-1,-1,-1,-1,-1
201597AD00506,1,9,0,15,0,0,0,0,0,0,1,1,6,1,18,4,1984,1,10,-1,1,-1
201597AD00506,2,9,0,9,0,0,0,6,1,0,4,1,6,2,71,10,1275,1,17,-1,1,-1
201597AD00506,3,9,0,5,0,0,0,0,0,0,1,1,6,1,64,9,1560,2,6,-1,1,-1
201597AD00605,1,11,0,18,0,0,0,0,0,0,1,1,1,1,28,6,9500,2,14,-1,1,-1
201597AD00605,2,9,0,3,0,0,0,0,0,0,2,1,6,1,44,7,1598,2,2,-1,1,-1
201597AD00607,1,9,0,18,0,1,0,0,0,0,1,1,6,1,53,8,-1,-1,-1,-1,1,-1
201597AD00607,2,20,0,4,0,1,0,0,0,0,2,1,6,1,28,6,-1,-1,-1,-1,-1,-1
201597AD00703,1,9,0,18,0,8,0,0,0,0,1,1,2,1,27,6,-1,-1,-1,-1,1,-1
201597AD00703,2,9,0,18,0,8,0,0,7,0,3,1,3,2,39,7,-1,-1,-1,-1,1,-1
201597AD00709,1,11,0,5,8,1,0,0,0,0,1,1,1,1,25,5,9360,2,8,-1,-1,-1
201597AD00803,1,9,0,9,0,5,0,0,0,0,1,1,6,2,54,8,1229,1,2,-1,3,-1
201597AD00803,2,1,0,18,0,1,0,0,0,0,1,1,2,2,21,5,-1,-1,-1,-1,-1,-1
201597AD00806,1,9,0,2,0,0,0,0,0,0,1,1,1,1,29,6,1910,2,7,-1,1,-1
201597AD00806,2,9,0,2,0,0,0,0,0,0,2,1,6,1,48,8,-1,-1,-1,-1,1,-1
201597AD00806,3,9,0,4,0,0,0,0,0,0,2,1,1,1,39,7,-1,-1,-1,-1,-1,-1
201597AD00806,4,9,0,4,0,0,0,0,0,0,2,1,6,1,66,10,-1,-1,-1,-1,1,-1
201597AD00811,1,9,0,18,0,0,1,0,0,10,4,1,6,2,31,6,2298,1,18,-1,1,-1
201597AD00904,1,9,0,9,0,6,0,0,0,0,3,1,6,1,85,11,1798,8,3,-1,1,-1
201597AD00904,2,4,0,11,0,1,0,0,0,0,1,1,6,1,44,7,1801,1,2,-1,1,-1
201597AD00907,1,9,0,7,0,1,0,0,0,0,3,1,6,1,35,6,1590,1,10,-1,-1,-1
201597AD00907,2,9,0,18,0,1,0,0,0,0,3,1,6,1,27,6,1997,1,11,-1,3,-1
201597AD00911,1,9,0,18,0,0,0,0,0,0,3,1,2,1,33,6,1598,2,3,-1,1,-1
201597AD01001,1,9,0,9,0,1,0,0,0,0,1,1,2,2,27,6,1490,1,7,-1,1,-1
201597AD01005,1,9,0,18,0,8,0,0,0,0,1,1,1,1,55,8,1995,2,6,-1,1,-1
201597AD01005,2,1,0,18,0,8,0,0,0,0,4,1,6,2,30,6,-1,-1,-1,-1,1,-1
201597AD01008,1,1,0,18,0,0,0,0,0,0,1,1,2,1,46,8,-1,-1,-1,-1,-1,-1
201597AD01008,2,9,0,4,0,0,0,0,0,0,2,1,6,1,55,8,2148,2,7,-1,3,-1
201597AD01104,1,8,0,8,0,6,0,0,0,0,3,1,1,1,50,8,1598,2,4,-1,1,-1
201597AD01104,2,1,0,17,0,2,0,0,0,0,2,1,6,1,25,5,-1,-1,-1,-1,1,-1
201597AD01105,1,9,0,1,8,0,0,0,0,0,2,1,6,1,28,6,-1,-1,-1,-1,-1,-1
201597AD01207,1,9,0,1,0,0,0,0,0,0,2,1,6,1,60,9,-1,-1,-1,-1,1,-1
201597AD01306,1,9,0,5,0,0,0,0,0,0,1,1,2,1,52,8,1995,2,2,-1,1,-1
201597AD01401,1,8,0,16,0,1,0,0,0,0,4,1,6,2,36,7,1896,2,6,-1,1,-1
201597AD01401,2,9,0,3,0,1,0,0,0,0,4,1,6,2,26,6,1590,1,12,-1,1,-1
201597AD01504,1,9,0,9,0,8,0,0,0,0,3,1,6,2,30,6,-1,-1,-1,-1,-1,-1
201597AD01504,2,1,0,18,0,8,0,0,0,0,2,1,6,1,30,6,-1,-1,-1,-1,1,-1
201597AD01505,1,9,0,10,0,8,0,0,0,0,1,1,6,2,34,6,998,1,6,-1,1,-1
201597AD01505,2,9,0,18,0,8,0,0,0,0,1,1,6,2,27,6,1598,2,1,-1,3,-1
201597AD01507,1,3,0,13,0,0,0,0,0,0,4,1,6,1,20,4,124,1,7,-1,1,-1
201597AD01507,2,9,0,9,0,0,0,0,0,0,3,1,6,1,33,6,1242,1,11,-1,-1,-1
201597AD01508,1,9,0,2,0,0,0,0,0,0,4,1,6,1,43,7,2198,1,11,-1,1,-1
201597AD01508,2,1,0,18,0,0,0,0,0,0,3,1,6,1,58,9,-1,-1,-1,-1,1,-1
201597AD01605,1,9,0,5,0,0,0,0,0,0,2,1,6,2,35,6,1898,1,14,-1,-1,-1
201597AD01605,2,9,0,18,0,0,0,0,0,0,2,1,6,2,45,7,1910,2,8,-1,-1,-1
201597AD01607,1,9,0,4,0,0,0,0,0,0,1,1,2,2,26,6,1198,1,2,-1,1,-1
201597AD01607,2,9,0,3,0,0,0,0,0,0,2,1,2,2,54,8,1796,1,4,-1,1,-1
201597AD01612,1,2,0,7,0,1,1,0,0,0,2,1,1,2,47,8,49,1,6,-1,-1,-1
201597AD01612,2,9,0,7,0,1,0,0,0,0,1,1,6,1,48,8,2143,2,-1,-1,3,-1
201597AD01712,1,19,0,18,0,1,0,0,0,0,2,1,6,3,-1,-1,-1,-1,-1,-1,-1,-1
201597AD01910,1,9,0,11,0,0,0,0,0,0,0,1,6,3,-1,-1,-1,-1,-1,-1,-1,-1
201597AD01910,2,1,0,18,0,0,1,0,0,0,0,1,6,1,28,6,-1,-1,-1,-1,1,-1
201597AD02001,1,9,0,4,0,2,1,0,0,0,1,1,6,1,67,10,1240,1,6,-1,2,-1
201597AD02011,1,9,0,5,0,2,0,0,0,0,1,1,1,1,41,7,-1,-1,-1,-1,1,-1