Accident_Index,Vehicle_Reference,Vehicle_Type,Towing_and_Articulation,Vehicle_Manoeuvre,Vehicle_Location-Restricted_Lane,Junction_Location,Skidding_and_Overturning,Hit_Object_in_Carriageway,Vehicle_Leaving_Carriageway,Hit_Object_off_Carriageway,1st_Point_of_Impact,Was_Vehicle_Left_Hand_Drive?,Journey_Purpose_of_Driver,Sex_of_Driver,Age_of_Driver,Age_Band_of_Driver,Engine_Capacity_(CC),Propulsion_Code,Age_of_Vehicle,Driver_IMD_Decile,Driver_Home_Area_Type,Vehicle_IMD_Decile
201597AD02101,1,8,0,7,0,8,1,0,8,11,1,1,1,1,37,7,1896,2,7,-1,1,-1
201597AD02101,2,9,0,2,0,1,0,0,0,0,2,1,6,1,40,7,1968,2,6,-1,1,-1
201597AD02108,1,9,0,9,0,8,0,0,0,0,4,1,2,2,49,8,973,1,14,-1,1,-1
201597AD02108,2,1,0,18,0,8,0,0,0,0,1,1,2,2,25,5,-1,-1,-1,-1,-1,-1
201597AD02109,1,9,0,18,0,1,0,0,0,0,4,1,6,1,25,5,1598,1,14,-1,1,-1
201597AD02109,2,9,0,7,0,6,0,0,0,0,3,1,6,2,67,10,1398,1,1,-1,1,-1
201597AD02302,1,19,0,18,0,0,0,0,0,0,1,1,1,1,82,11,2143,2,2,-1,1,-1
201597AD02411,1,9,0,9,0,5,0,0,3,10,1,1,6,2,38,7,1360,1,11,-1,1,-1
201597AD02411,2,11,0,18,0,1,0,0,0,0,1,1,6,1,26,6,5900,2,9,-1,1,-1
201597AD02611,1,9,0,4,0,1,1,0,0,0,1,1,6,1,27,6,1396,1,12,-1,1,-1
201597AD02611,2,9,0,3,0,1,0,0,0,0,2,1,6,1,48,8,2720,2,10,-1,1,-1
201597AD02704,1,9,0,9,0,6,0,0,0,0,4,1,6,2,41,7,998,1,2,-1,2,-1
201597AD02704,2,8,0,18,0,6,0,0,0,0,3,1,1,1,62,9,2402,2,10,-1,1,-1
201597AD02706,1,9,0,18,0,0,0,0,0,0,1,1,6,1,30,6,1150,1,9,-1,1,-1
201597AD02706,2,9,0,6,0,0,0,0,0,0,2,1,6,1,44,7,1761,1,13,-1,1,-1
201597AD02708,1,9,0,10,0,2,0,0,0,0,1,1,6,1,19,4,1242,1,-1,-1,1,-1
201597AD02708,2,9,0,18,0,8,0,0,0,0,1,1,6,1,55,8,1783,1,10,-1,1,-1
201597AD02711,1,9,0,7,5,2,0,0,0,0,1,1,6,3,62,9,-1,-1,-1,-1,-1,-1
201597AD02803,1,9,0,18,0,1,0,0,0,0,1,1,6,3,30,6,1997,1,11,-1,-1,-1
201597AD02803,2,9,0,3,0,1,0,0,0,0,2,1,6,1,20,4,998,1,2,-1,1,-1
201597AD02807,1,9,0,1,0,8,0,0,0,0,2,1,6,1,43,7,1685,2,1,-1,1,-1
201597AD02808,1,3,0,18,0,1,0,0,0,0,1,1,1,1,22,5,108,1,-1,-1,1,-1
201597AD02810,1,9,0,18,0,8,0,0,0,0,3,1,6,1,57,9,2148,2,7,-1,1,-1
201597AD02812,1,8,0,6,0,0,0,0,0,0,1,1,1,1,40,7,2402,2,10,-1,1,-1
201597AD02812,2,8,0,18,0,0,0,0,0,0,1,1,6,1,38,7,2402,2,10,-1,3,-1
201597AD02904,1,9,0,18,0,8,0,0,0,0,4,1,6,1,49,8,1422,2,10,-1,1,-1
201597AD02904,2,11,0,18,0,8,0,0,0,0,1,1,6,1,44,7,6696,2,2,-1,1,-1
201597AD02905,1,9,0,7,0,0,0,0,0,0,1,1,6,1,54,8,1995,2,3,-1,1,-1
201597AD02908,1,9,0,9,0,2,0,0,0,0,1,1,6,1,25,5,1198,1,2,-1,-1,-1
201597AD02911,1,1,0,18,0,0,0,0,0,0,1,1,6,1,29,6,-1,-1,-1,-1,1,-1
201597AD02911,2,9,0,18,0,0,0,0,0,0,4,1,6,2,55,8,1769,1,13,-1,1,-1
201597AD03105,1,9,0,9,0,6,0,0,0,0,3,1,6,2,50,8,2401,2,8,-1,1,-1
201597AD03105,2,1,0,18,0,8,0,0,0,0,1,1,6,1,23,5,-1,-1,-1,-1,1,-1
201597AD03110,1,9,0,9,0,8,0,0,0,0,1,1,1,1,50,8,1598,1,2,-1,1,-1
201597AD03110,2,1,0,18,0,8,0,0,0,0,1,1,1,1,42,7,-1,-1,-1,-1,1,-1
201597AD03207,1,9,0,1,0,0,0,0,0,0,2,1,6,1,26,6,1896,2,8,-1,1,-1
201597AD03207,2,9,0,2,0,0,0,0,0,0,1,1,6,1,38,7,1560,2,6,-1,1,-1
201597AD03208,1,19,0,15,0,0,0,0,0,0,4,1,1,1,43,7,2402,2,12,-1,1,-1
201597AD03210,1,9,0,18,0,2,0,0,0,0,1,1,6,1,79,11,1896,2,13,-1,1,-1
201597AD03211,1,9,0,11,0,0,0,0,0,0,1,1,2,1,29,6,1339,1,1,-1,1,-1
201597AD03211,2,9,0,3,0,0,0,0,0,0,2,1,6,2,51,8,1461,2,-1,-1,1,-1
201597AD03211,3,9,0,3,0,0,0,0,0,0,2,1,6,2,39,7,1968,2,4,-1,1,-1
201597AD03504,1,9,0,1,0,0,0,0,0,0,2,1,6,2,30,6,2143,2,3,-1,-1,-1
201597AD03512,1,9,0,9,0,6,0,0,0,0,1,1,6,2,62,9,2143,2,1,-1,1,-1
201597AD03901,1,9,0,1,0,1,0,0,0,0,1,1,6,1,30,6,1910,2,5,-1,-1,-1
201597AD04009,1,9,0,18,0,0,0,0,0,0,1,1,2,1,30,6,2143,2,6,-1,1,-1
201597AD04009,2,9,0,3,0,0,0,0,0,0,2,1,2,2,29,6,1198,1,10,-1,3,-1
201597AD04212,1,9,0,6,0,0,0,0,0,0,4,1,4,1,42,7,1896,2,7,-1,1,-1
201597AD04212,2,3,0,4,0,0,0,0,0,0,4,1,1,1,36,7,-1,-1,-1,-1,1,-1
201597AD04308,1,19,0,18,0,1,0,0,0,0,1,1,6,1,24,5,1461,2,6,-1,1,-1
201597AD04308,2,19,0,9,0,3,0,0,0,0,3,1,6,1,48,8,1896,2,11,-1,1,-1
201597AD04408,1,8,0,18,0,0,0,0,0,0,3,1,6,1,30,6,-1,-1,-1,-1,-1,-1
201597AD04408,2,20,0,2,0,0,0,0,0,0,0,1,1,1,38,7,-1,-1,-1,-1,2,-1
201597AD04411,1,8,0,4,0,0,0,0,0,0,4,1,1,1,-1,-1,-1,-1,-1,-1,-1,-1
201597AD04412,1,9,0,9,0,1,0,0,0,0,1,1,6,1,26,6,1995,2,3,-1,1,-1
201597AD04412,2,9,0,18,0,1,0,0,1,0,1,1,6,1,27,6,1984,1,-1,-1,1,-1
201597AD04510,1,9,0,18,0,0,0,0,0,0,1,2,1,1,49,8,1229,1,1,-1,1,-1
201597AD04710,1,9,0,9,0,1,0,0,3,0,1,1,2,2,24,5,1364,1,7,-1,1,-1
201597AD04710,2,9,0,18,0,1,0,0,0,0,1,1,2,2,57,9,1229,1,7,-1,1,-1
201597AD05010,1,9,0,6,0,0,0,0,0,0,0,1,6,2,65,9,1242,1,8,-1,1,-1
201597AD05010,2,1,0,18,0,0,0,0,0,0,4,1,2,1,31,6,-1,-1,-1,-1,1,-1
201597AD05011,1,9,0,18,0,0,0,0,0,0,1,1,6,2,47,8,1596,1,3,-1,1,-1
201597AD70101,1,11,0,18,0,0,0,0,0,0,3,1,1,1,32,6,6696,2,2,-1,1,-1
201597AD70102,1,19,0,2,0,1,0,0,0,0,3,1,1,1,41,7,1560,2,3,-1,1,-1
201597AD70102,2,1,0,18,0,1,0,4,0,0,1,1,6,1,35,6,-1,-1,-1,-1,1,-1
201597AD70103,1,9,0,18,0,0,0,0,0,0,1,1,6,1,39,7,1753,2,7,-1,1,-1
201597AD70106,1,3,0,18,0,0,0,0,0,0,1,1,6,1,24,5,124,1,-1,-1,1,-1
201597AD70108,1,9,0,5,0,0,0,0,0,0,3,1,6,1,34,6,2198,2,10,-1,2,-1
201597AD70108,2,5,0,16,0,0,0,0,0,0,4,1,6,1,32,6,1352,1,8,-1,3,-1
201597AD70109,1,9,0,5,0,8,0,0,0,0,4,1,2,2,28,6,899,1,2,-1,-1,-1
201597AD70109,2,1,0,18,0,8,0,0,0,0,1,1,2,2,20,4,-1,-1,-1,-1,1,-1
201597AD70202,1,9,0,18,0,0,0,0,0,0,1,1,2,2,26,6,1197,1,2,-1,1,-1
201597AD70202,2,9,0,18,0,0,0,0,0,0,2,1,2,2,21,5,999,1,2,-1,1,-1
201597AD70202,3,9,0,18,0,0,0,0,0,0,2,1,6,1,37,7,1997,2,5,-1,1,-1
201597AD70206,1,9,0,18,0,0,0,0,0,0,3,1,6,1,76,11,1461,2,2,-1,1,-1
201597AD70206,2,9,0,18,0,0,0,0,0,0,4,1,1,1,56,9,1896,2,7,-1,1,-1
201597AD70207,1,9,0,18,0,1,0,0,0,0,0,1,6,1,23,5,-1,-1,-1,-1,-1,-1
201597AD70207,2,1,0,18,0,1,2,0,0,0,0,1,6,2,40,7,-1,-1,-1,-1,1,-1
201597AD70208,1,9,0,18,0,6,0,0,0,0,1,1,6,1,59,9,1598,2,1,-1,1,-1
201597AD70208,2,9,0,18,0,2,0,0,0,0,4,1,6,1,39,7,1598,1,-1,-1,1,-1
201597AD70210,1,9,0,18,0,6,0,0,0,0,1,1,6,1,31,6,-1,-1,-1,-1,1,-1
201597AD70307,1,8,0,18,0,0,0,0,0,0,3,1,1,1,64,9,2664,2,15,-1,1,-1
201597AD70310,1,9,0,11,0,0,0,7,1,2,3,1,6,2,23,5,999,1,14,-1,1,-1
201597AD70410,1,9,0,18,0,0,0,4,0,0,4,1,6,1,85,11,1390,1,2,-1,1,-1
201597AD70410,2,9,0,2,0,0,0,0,0,0,3,1,6,1,46,8,5461,1,2,-1,1,-1
201597AD70410,3,9,0,18,0,0,0,0,0,0,3,1,6,2,57,9,998,1,2,-1,1,-1
201597AE00110,1,9,0,18,0,0,0,0,0,0,4,1,6,2,57,9,-1,-1,-1,-1,1,-1
201597AE00111,1,9,0,5,0,6,0,0,0,0,3,1,2,1,44,7,999,1,1,-1,-1,-1
201597AE00111,2,9,0,18,0,1,0,0,0,0,1,1,6,1,29,6,-1,-1,-1,-1,1,-1
201597AE00202,1,9,0,18,0,0,0,0,0,0,3,1,6,1,20,4,1339,1,7,-1,1,-1
201597AE00203,1,9,0,16,0,3,0,0,0,0,1,1,6,1,28,6,1997,2,4,-1,1,-1
201597AE00205,1,9,0,18,0,0,0,0,0,0,2,1,6,1,52,8,1341,1,10,-1,1,-1
201597AE00205,2,1,0,18,0,0,0,0,0,0,1,1,6,1,5,1,-1,-1,-1,-1,1,-1
201597AE00208,1,9,0,9,0,6,0,0,0,0,3,1,6,1,84,11,1124,1,15,-1,-1,-1
201597AE00208,2,19,0,17,0,1,0,0,0,0,1,1,1,1,36,7,2298,2,3,-1,1,-1
201597AE00209,1,1,0,18,0,1,0,0,0,0,1,1,2,1,58,9,-1,-1,-1,-1,1,-1
201597AE00209,2,9,0,9,0,5,0,0,0,0,4,1,2,2,51,8,1229,1,4,-1,1,-1
201597AE00212,1,9,0,18,0,6,0,0,0,0,1,1,6,2,20,4,898,1,-1,-1,2,-1
201597AE00301,1,9,0,5,0,8,0,0,0,0,1,1,6,1,46,8,1390,1,3,-1,1,-1
201597AE00306,1,9,0,14,0,8,0,0,0,0,0,1,6,1,24,5,1598,1,6,-1,1,-1
201597AE00308,1,9,0,18,0,0,0,0,0,0,1,1,1,2,48,8,-1,-1,-1,-1,1,-1
201597AE00408,1,9,0,3,0,1,0,0,0,0,2,1,1,2,34,6,2143,2,2,-1,1,-1
201597AE00408,2,9,0,5,0,1,0,0,0,0,1,1,6,1,34,6,1910,2,5,-1,1,-1
201597AE00411,1,19,0,4,0,0,0,0,0,0,4,1,1,1,29,6,2143,2,1,-1,1,-1
201597AE00411,2,11,0,5,2,0,0,0,0,0,3,1,1,1,62,9,6696,2,2,-1,1,-1
201597AE00509,1,3,0,17,0,0,1,4,1,9,3,1,6,1,22,5,-1,-1,-1,-1,1,-1
201597AE00509,2,19,0,2,0,0,0,0,0,0,3,1,6,1,46,8,1968,2,2,-1,1,-1
201597AE00510,1,9,0,18,0,6,0,0,0,0,3,1,2,1,23,5,998,1,7,-1,1,-1
201597AE00510,2,9,0,18,0,6,0,0,0,0,1,1,2,2,37,7,1596,1,7,-1,1,-1
201597AE00512,1,8,0,18,0,8,0,0,0,0,1,1,1,1,41,7,1598,2,-1,-1,1,-1
201597AE00512,2,9,0,9,0,8,0,0,0,0,1,1,6,2,36,7,1598,2,-1,-1,1,-1
201597AE00603,1,9,0,18,0,0,0,0,0,0,0,1,6,3,30,6,-1,-1,-1,-1,-1,-1
201597AE00603,2,11,0,18,0,0,0,0,0,0,0,1,1,1,39,7,4250,2,-1,-1,1,-1
201597AE00604,1,9,0,6,0,0,0,0,0,0,4,1,1,1,48,8,1149,1,12,-1,1,-1
201597AE00604,2,9,0,18,0,0,0,0,0,0,1,1,1,2,29,6,1349,1,6,-1,1,-1
201597AE00605,1,11,0,18,0,0,0,0,0,0,4,1,6,1,50,8,6696,2,2,-1,1,-1
201597AE00703,1,9,0,18,0,0,0,0,0,0,1,1,1,1,28,6,1398,1,3,-1,1,-1
201597AE00801,1,9,0,16,0,0,1,4,0,0,1,1,6,2,40,7,1685,2,2,-1,1,-1
201597AE00801,2,9,0,2,0,0,0,0,0,0,2,1,6,3,40,7,-1,-1,-1,-1,1,-1
201597AE00801,3,9,0,16,0,0,1,0,0,0,3,1,1,3,35,6,1422,2,6,-1,1,-1
201597AE00801,4,9,0,2,0,0,0,0,0,0,3,1,6,3,30,6,1796,1,8,-1,1,-1
201597AE00801,5,9,0,2,0,0,0,0,0,0,0,1,6,3,25,5,996,1,3,-1,1,-1
201597AE00902,1,19,0,18,0,0,1,4,0,0,1,1,1,1,49,8,2198,2,1,-1,1,-1
201597AE00902,2,19,0,18,0,0,1,4,0,0,2,1,1,1,47,8,-1,-1,-1,-1,1,-1
201597AE00902,3,9,0,2,6,0,0,0,0,0,3,1,6,1,19,4,1596,1,8,-1,3,-1
201597AE00902,4,9,0,18,0,0,0,4,0,0,1,1,2,2,51,8,1388,1,3,-1,3,-1
201597AE00908,1,1,0,9,0,5,0,0,0,0,2,1,6,1,22,5,-1,-1,-1,-1,1,-1
201597AE00908,2,9,0,9,0,6,0,0,0,0,1,1,6,1,64,9,1598,1,14,-1,1,-1
201597AE01010,1,1,0,18,0,1,0,0,0,0,1,1,6,1,50,8,-1,-1,-1,-1,1,-1
201597AE01010,2,9,0,18,0,1,0,0,0,0,1,1,6,1,30,6,1390,1,10,-1,1,-1
201597AE01102,1,9,0,9,0,8,0,0,0,0,3,1,2,2,40,7,1229,1,2,-1,1,-1
201597AE01102,2,9,0,9,0,8,0,0,0,0,3,1,1,1,63,9,-1,-1,-1,-1,1,-1
201597AE01103,1,8,0,18,0,2,0,0,0,0,1,1,1,1,46,8,1598,2,5,-1,1,-1
201597AE01104,1,9,0,5,0,6,0,0,0,0,3,1,1,1,32,6,-1,-1,-1,-1,1,-1
201597AE01104,2,9,0,18,0,6,0,0,0,0,1,1,6,2,34,6,1389,1,17,-1,1,-1
201597AE01105,1,9,0,7,0,1,0,0,0,0,1,2,6,1,51,8,-1,-1,-1,-1,1,-1
201597AE01105,2,9,0,3,0,1,0,0,0,0,2,1,6,1,40,7,1596,1,8,-1,1,-1
201597AE01106,1,19,0,9,0,1,0,0,0,0,0,1,6,3,40,7,-1,-1,-1,-1,-1,-1
201597AE01106,2,1,0,18,0,1,0,0,0,0,0,1,1,1,47,8,-1,-1,-1,-1,1,-1
201597AE01108,1,9,0,18,0,2,0,0,1,6,1,1,1,1,49,8,1560,2,-1,-1,1,-1
201597AE01205,1,9,0,18,0,0,0,0,0,0,1,1,6,2,44,7,1988,1,12,-1,1,-1
201597AE01205,2,9,0,2,0,0,0,0,0,0,2,1,6,1,28,6,1461,2,2,-1,1,-1
201597AE01205,3,9,0,2,0,0,0,0,0,0,1,1,6,1,28,6,1685,2,1,-1,1,-1
201597AE01207,1,9,0,18,0,1,0,0,0,0,4,1,6,3,30,6,-1,-1,-1,-1,-1,-1
201597AE01207,2,1,0,7,0,2,0,0,0,0,2,1,6,1,36,7,-1,-1,-1,-1,1,-1
201597AE01301,1,9,0,4,0,1,0,0,0,0,1,1,1,1,49,8,1329,1,1,-1,1,-1
201597AE01301,2,9,0,4,0,1,0,0,0,0,1,1,6,1,55,8,998,1,10,-1,1,-1
201597AE01305,1,9,0,3,0,1,0,0,0,0,2,1,6,2,42,7,1998,1,12,-1,1,-1
201597AE01305,2,9,0,18,0,1,0,0,0,0,1,1,6,1,64,9,1997,2,13,-1,1,-1
201597AE01312,1,9,0,18,0,1,0,0,0,0,1,1,1,1,61,9,-1,-1,-1,-1,1,-1
201597AE01401,1,9,0,18,0,0,0,0,0,0,4,1,6,1,65,9,1198,1,1,-1,-1,-1
201597AE01412,1,9,0,18,0,3,1,10,0,10,3,1,6,1,34,6,1149,1,14,-1,-1,-1
201597AE01412,2,9,0,18,0,4,0,0,0,0,3,1,6,2,26,6,-1,-1,-1,-1,1,-1
201597AE01412,3,9,0,18,0,2,0,0,0,0,3,1,6,1,48,8,1560,2,1,-1,1,-1
201597AE01412,4,9,0,2,0,1,0,0,0,0,3,1,6,2,55,8,1339,1,5,-1,1,-1
201597AE01503,1,9,0,18,0,2,0,0,0,0,4,1,6,3,50,8,-1,-1,-1,-1,-1,-1
201597AE01503,2,1,0,7,0,2,0,0,0,0,2,1,6,1,42,7,-1,-1,-1,-1,1,-1
201597AE01508,1,9,0,18,0,0,0,10,0,7,1,1,6,1,20,4,1200,1,1,-1,1,-1
201597AE01510,1,9,0,18,0,8,0,0,0,0,4,1,6,2,35,6,1799,1,7,-1,1,-1
201597AE01511,1,9,0,18,0,1,0,0,0,0,1,1,1,1,43,7,-1,-1,-1,-1,1,-1
201597AE01511,2,9,0,4,0,1,0,0,0,0,2,1,6,1,30,6,1598,1,13,-1,1,-1
201597AE01602,1,9,0,2,0,0,1,0,0,0,2,1,6,3,30,6,-1,-1,-1,-1,-1,-1
201597AE01602,2,9,0,18,0,0,1,4,0,0,1,1,6,1,46,8,1461,2,2,-1,1,-1
201597AE01611,1,9,0,9,0,8,0,0,0,0,1,1,6,2,31,6,1896,2,9,-1,1,-1
201597AE01611,2,9,0,18,0,8,0,0,0,0,1,1,6,2,53,8,1332,1,4,-1,1,-1
201597AE01702,1,9,0,4,9,0,0,0,0,0,1,1,1,1,56,9,1686,2,2,-1,1,-1
201597AE01708,1,9,0,7,0,5,0,0,0,0,4,1,6,2,26,6,1598,2,4,-1,1,-1
201597AE01708,2,1,0,15,0,8,0,0,0,0,1,1,6,1,38,7,-1,-1,-1,-1,-1,-1
201597AE01710,1,9,0,9,0,8,0,0,0,0,1,1,6,2,49,8,1969,2,-1,-1,1,-1
201597AE01710,2,8,0,18,0,8,0,0,0,0,3,1,1,1,61,9,1598,2,-1,-1,1,-1
201597AE01711,1,9,0,5,0,1,1,0,1,0,1,1,6,2,23,5,1328,1,6,-1,1,-1
201597AE01711,2,9,0,3,0,1,1,0,1,0,2,1,6,1,36,7,1910,2,10,-1,-1,-1
201597AE01812,1,1,0,18,0,1,0,0,0,0,1,1,6,1,16,4,-1,-1,-1,-1,1,-1
201597AE01812,2,1,0,18,0,1,0,0,0,0,1,1,6,1,44,7,-1,-1,-1,-1,1,-1
201597AE01812,3,9,0,7,0,1,0,0,0,0,0,1,6,1,29,6,1968,2,7,-1,-1,-1
201597AE01902,1,9,0,18,0,0,0,0,0,0,1,1,6,1,35,6,1386,1,9,-1,1,-1
201597AE01904,1,9,0,18,0,3,0,0,0,0,4,1,6,1,48,8,-1,-1,-1,-1,1,-1
201597AE01907,1,9,0,7,0,1,0,0,0,0,3,1,6,1,72,10,1388,1,14,-1,1,-1
201597AE01910,1,9,0,7,0,6,0,0,0,0,4,1,6,1,33,6,-1,-1,-1,-1,1,-1
201597AE02001,1,9,0,18,0,1,0,0,0,10,1,1,6,2,48,8,1296,1,8,-1,-1,-1
201597AE02001,2,9,0,9,0,1,0,0,0,0,1,1,3,2,69,10,1461,2,1,-1,-1,-1
201597AE02003,1,9,0,18,0,8,0,0,0,0,1,1,6,1,66,10,1796,1,4,-1,1,-1
201597AE02008,1,9,0,18,0,6,0,0,0,0,1,1,6,1,81,11,1149,1,5,-1,1,-1
201597AE02008,2,9,0,18,0,8,0,0,0,0,2,1,6,1,52,8,1997,2,-1,-1,1,-1
201597AE02009,1,9,0,18,0,0,0,0,0,0,4,1,6,1,30,6,2959,2,11,-1,-1,-1
201597AE02009,2,9,0,18,0,0,0,0,0,0,3,1,6,2,19,4,1560,2,-1,-1,1,-1
201597AE02110,1,9,0,18,0,0,0,0,0,0,4,1,6,1,34,6,998,1,12,-1,1,-1
201597AE02201,1,9,0,4,0,8,0,0,0,0,1,1,6,2,34,6,1248,2,3,-1,3,-1
201597AE02201,2,9,0,3,0,8,0,0,0,0,2,1,6,1,54,8,1995,2,6,-1,1,-1
201597AE02207,1,9,0,18,0,8,0,0,0,0,1,1,1,1,55,8,1968,2,7,-1,1,-1
201597AE02207,2,9,0,9,0,8,0,0,0,0,1,1,6,1,61,9,-1,-1,-1,-1,1,-1
201597AE02211,1,9,0,5,0,1,0,0,3,0,1,1,6,2,23,5,1149,1,5,-1,1,-1
201597AE02404,1,9,0,10,0,1,0,0,0,0,1,1,6,2,48,8,1596,1,8,-1,1,-1
201597AE02407,1,9,0,18,0,2,0,0,0,0,1,1,6,1,30,6,2793,1,18,-1,-1,-1
201597AE02407,2,9,0,4,0,2,0,0,0,0,2,1,6,2,55,8,1388,1,13,-1,1,-1
201597AE02501,1,8,0,14,0,1,1,4,0,0,1,1,1,1,58,9,1560,2,2,-1,1,-1
201597AE02501,2,9,0,2,0,1,0,0,0,0,3,1,3,2,50,8,1699,1,9,-1,-1,-1
201597AE02508,1,9,0,7,0,2,0,0,0,0,4,1,6,1,68,10,1229,1,2,-1,1,-1
201597AE02611,1,9,0,6,0,0,0,0,0,0,3,1,6,1,30,6,1398,2,7,-1,1,-1
201597AE02611,2,1,0,15,0,0,0,0,0,0,1,1,2,1,32,6,-1,-1,-1,-1,1,-1
201597AE02710,1,9,0,18,0,0,0,0,0,0,4,1,6,3,30,6,-1,-1,-1,-1,-1,-1
201597AE02711,1,9,0,18,0,0,0,0,0,0,1,1,6,1,44,7,1997,1,2,-1,1,-1
201597AE02711,2,9,0,5,0,0,0,0,0,0,3,1,6,1,35,6,1995,2,11,-1,-1,-1
201597AE02812,1,9,0,6,0,0,0,0,0,0,1,1,6,1,62,9,1149,1,9,-1,1,-1
201597AE02812,2,9,0,2,0,0,0,0,0,0,3,1,6,3,-1,-1,1364,1,-1,-1,-1,-1
201597AE03008,1,9,0,7,0,2,0,0,0,0,4,1,6,1,68,10,1229,1,2,-1,-1,-1
201597AE03201,1,9,0,12,0,0,1,0,0,0,1,1,1,2,39,7,1896,2,6,-1,1,-1
201597AE03201,2,9,0,18,0,0,1,0,0,0,4,1,6,1,36,7,1973,1,14,-1,1,-1
201597AE70103,1,9,0,5,0,0,0,0,0,0,1,1,6,2,48,8,2199,2,5,-1,1,-1
201597AE70103,2,9,0,3,0,0,0,0,0,0,2,1,6,2,24,5,1229,1,1,-1,1,-1
201597AE70103,3,9,0,3,0,0,0,0,0,0,2,1,6,2,54,8,1339,1,3,-1,1,-1
201597AE70105,1,9,0,18,0,0,0,0,0,0,1,1,6,1,26,6,1968,2,8,-1,1,-1
201597AE70107,1,9,0,7,0,2,0,0,0,0,1,1,6,2,22,5,1598,2,-1,-1,1,-1
201597AE70107,2,9,0,4,0,1,0,0,0,0,3,1,6,1,57,9,1598,2,2,-1,1,-1
201597AE70109,1,9,0,16,0,2,0,4,0,0,1,1,6,1,90,11,1150,1,8,-1,1,-1
201597AE70109,2,19,0,2,0,1,0,0,0,0,2,1,6,3,26,6,2400,2,11,-1,1,-1
201597AE70110,1,9,0,18,0,1,0,0,0,0,1,1,6,1,43,7,1390,1,16,-1,1,-1
201597AE70110,2,9,0,3,0,1,0,0,0,0,2,1,6,1,24,5,1229,1,4,-1,1,-1
201597AE70203,1,9,0,18,0,0,1,10,5,0,4,1,6,1,32,6,-1,-1,-1,-1,1,-1
201597AE70203,2,9,0,2,0,0,0,0,1,4,2,1,6,3,30,6,1896,2,7,-1,1,-1
201597AE70205,1,9,0,18,0,1,0,0,0,0,1,1,6,1,40,7,1598,1,17,-1,1,-1
201597AE70205,2,9,0,3,0,1,0,0,0,0,3,1,6,1,29,6,1598,1,12,-1,1,-1
201597AE70205,3,9,0,18,0,1,0,0,0,0,1,1,6,1,44,7,1951,2,9,-1,3,-1
201597AE70205,4,9,0,2,0,1,0,0,0,0,4,1,6,1,45,7,1798,1,9,-1,-1,-1
201597AE70205,5,9,0,2,0,1,0,0,0,0,3,1,6,2,40,7,1560,2,3,-1,-1,-1
201597AE70208,1,9,0,17,0,0,1,0,6,10,1,1,6,2,19,4,1242,1,2,-1,1,-1
201597AE70208,2,9,0,16,0,0,0,0,0,0,1,1,6,1,68,10,1598,2,1,-1,1,-1
201597AE70210,1,9,0,18,0,0,0,0,0,0,1,1,6,1,24,5,1242,1,8,-1,1,-1
201597AE70409,1,9,0,18,0,0,1,0,0,0,1,1,6,2,39,7,1398,1,1,-1,1,-1
201597BA00101,1,9,0,12,0,8,0,0,0,0,3,1,1,1,42,7,1596,1,11,-1,1,-1
201597BA00101,2,9,0,7,0,8,0,0,0,0,1,1,1,2,23,5,1390,1,6,-1,1,-1
201597BA00104,1,9,0,18,0,0,0,0,0,0,4,1,2,1,27,6,2521,1,5,-1,1,-1
201597BA00104,2,1,0,18,0,0,0,0,0,0,2,1,2,1,37,7,-1,-1,-1,-1,1,-1
201597BA00105,1,9,0,18,0,0,0,0,0,0,1,1,6,2,22,5,1896,2,13,-1,1,-1
201597BA00106,1,8,0,9,0,1,0,0,0,0,1,1,1,1,43,7,1582,2,7,-1,1,-1
201597BA00106,2,10,0,18,0,1,0,0,0,0,4,1,1,1,59,9,1998,2,10,-1,1,-1
201597BA00112,1,9,0,1,0,0,0,0,0,0,3,1,6,1,50,8,-1,-1,-1,-1,-1,-1
201597BA00203,1,9,0,18,0,8,0,0,0,0,1,1,6,1,51,8,1598,1,8,-1,1,-1
201597BA00207,1,9,0,18,0,8,1,0,0,0,1,1,6,1,21,5,1390,1,4,-1,1,-1
201597BA00207,2,9,0,3,0,8,0,0,0,0,2,1,6,1,18,4,1199,1,12,-1,1,-1
201597BA00209,1,11,0,5,2,0,0,0,0,0,4,1,1,1,53,8,7300,2,9,-1,1,-1
201597BA00211,1,9,0,15,0,0,0,4,0,0,1,1,3,2,37,7,1796,1,14,-1,1,-1
201597BA00211,2,9,4,2,0,0,0,0,0,0,2,1,6,3,-1,-1,1390,1,10,-1,-1,-1
201597BA00301,1,9,0,18,0,1,0,0,0,0,4,1,6,2,64,9,1686,2,6,-1,2,-1
201597BA00301,2,9,0,18,0,1,0,0,1,1,3,1,6,1,30,6,1968,2,4,-1,1,-1
201597BA00304,1,9,0,18,0,8,0,0,0,0,1,1,6,2,66,10,-1,-1,-1,-1,1,-1
201597BA00304,2,9,0,5,0,8,0,0,0,0,4,1,6,2,26,6,1796,1,8,-1,1,-1
201597BA00307,1,9,0,18,0,4,1,0,1,0,1,1,6,1,40,7,1332,1,22,-1,1,-1
201597BA00307,2,1,0,18,0,4,0,0,0,0,2,1,6,1,37,7,-1,-1,-1,-1,1,-1
201597BA00401,1,19,0,18,0,8,0,0,0,0,1,1,1,2,24,5,1560,2,2,-1,1,-1
201597BA00401,2,9,0,18,0,8,0,0,0,0,4,1,2,2,30,6,1368,1,3,-1,1,-1
201597BA00402,1,9,0,4,0,1,0,0,0,0,1,1,6,1,35,6,1242,1,3,-1,1,-1
201597BA00402,2,9,0,4,0,1,0,0,0,0,2,1,6,2,28,6,-1,-1,-1,-1,1,-1
201597BA00407,1,9,0,3,0,0,0,0,0,0,4,1,6,1,63,9,1390,1,6,-1,1,-1