Accident_Index,Vehicle_Reference,Vehicle_Type,Towing_and_Articulation,Vehicle_Manoeuvre,Vehicle_Location-Restricted_Lane,Junction_Location,Skidding_and_Overturning,Hit_Object_in_Carriageway,Vehicle_Leaving_Carriageway,Hit_Object_off_Carriageway,1st_Point_of_Impact,Was_Vehicle_Left_Hand_Drive?,Journey_Purpose_of_Driver,Sex_of_Driver,Age_of_Driver,Age_Band_of_Driver,Engine_Capacity_(CC),Propulsion_Code,Age_of_Vehicle,Driver_IMD_Decile,Driver_Home_Area_Type,Vehicle_IMD_Decile
201597BA00409,1,1,0,13,0,0,0,8,0,0,1,1,6,1,13,3,-1,-1,-1,-1,1,-1
201597BA00409,2,9,0,18,0,0,0,0,0,0,4,1,6,2,40,7,-1,-1,-1,-1,-1,-1
201597BA00506,1,9,0,18,0,0,0,4,0,0,1,1,6,1,47,8,1560,2,1,-1,1,-1
201597BA00506,2,9,0,2,0,0,0,0,0,0,4,1,6,3,45,7,1199,2,2,-1,1,-1
201597BA00508,1,9,0,9,0,8,0,0,0,0,1,1,2,2,31,6,1197,1,-1,-1,1,-1
201597BA00508,2,9,0,18,0,8,0,0,0,0,3,1,2,1,55,8,1798,1,8,-1,1,-1
201597BA00509,1,21,0,9,0,1,0,0,0,0,0,1,1,1,61,9,-1,-1,-1,-1,1,-1
201597BA00512,1,9,0,17,0,0,0,0,0,0,1,1,6,2,45,7,1998,2,9,-1,1,-1
201597BA00606,1,5,0,18,0,0,0,0,0,0,1,1,6,1,32,6,749,1,11,-1,1,-1
201597BA00612,1,9,0,9,0,4,0,0,0,0,1,1,6,3,-1,-1,-1,-1,-1,-1,-1,-1
201597BA00612,2,9,0,9,0,4,0,0,0,0,3,1,6,1,53,8,-1,-1,-1,-1,1,-1
201597BA00702,1,19,0,18,0,1,0,0,0,0,1,1,6,3,30,6,-1,-1,-1,-1,-1,-1
201597BA00702,2,9,0,18,0,1,0,0,0,0,2,1,6,2,22,5,1229,1,5,-1,1,-1
201597BA00705,1,9,0,18,0,1,0,0,0,0,1,1,6,1,30,6,1984,1,14,-1,-1,-1
201597BA00705,2,9,0,4,0,1,0,0,0,0,2,1,6,2,22,5,-1,-1,-1,-1,1,-1
201597BA00711,1,9,0,5,0,4,0,0,0,0,3,1,1,1,54,8,1242,1,6,-1,1,-1
201597BA00711,2,9,0,18,0,3,0,0,0,0,2,1,3,1,36,7,1398,1,2,-1,1,-1
201597BA00801,1,9,0,9,0,6,0,0,0,0,3,1,2,2,66,10,1560,2,4,-1,1,-1
201597BA00801,2,1,0,18,0,1,0,0,0,0,1,1,6,1,23,5,-1,-1,-1,-1,1,-1
201597BA00812,1,9,0,18,0,1,0,0,0,0,1,1,2,1,71,10,1799,1,5,-1,1,-1
201597BA00812,2,9,0,8,0,1,0,0,0,0,2,1,2,1,71,10,998,1,2,-1,1,-1
201597BA00812,3,9,0,8,0,1,0,0,0,0,2,1,2,1,57,9,1386,1,7,-1,1,-1
201597BA00904,1,9,0,18,0,0,0,0,0,0,1,1,6,2,57,9,1242,1,1,-1,1,-1
201597BA00905,1,9,0,9,0,8,0,0,0,0,1,1,2,2,27,6,1598,1,7,-1,1,-1
201597BA00905,2,9,0,18,0,8,0,0,0,0,3,1,2,2,50,8,1598,1,2,-1,1,-1
201597BA00909,1,19,0,18,0,0,0,0,0,0,4,1,1,1,33,6,2198,2,4,-1,-1,-1
201597BA01005,1,19,0,18,0,1,0,0,0,0,1,1,6,1,50,8,2402,2,4,-1,1,-1
201597BA01005,2,9,0,8,0,1,0,0,0,0,2,1,6,2,48,8,1997,2,6,-1,1,-1
201597BA01006,1,9,0,10,0,1,0,0,0,0,1,1,6,1,35,6,-1,-1,-1,-1,-1,-1
201597BA01006,2,9,0,10,0,1,0,0,0,0,2,1,6,2,29,6,1240,1,10,-1,1,-1
201597BA01010,1,9,0,13,0,2,0,0,0,0,1,1,6,1,25,5,1395,1,-1,-1,-1,-1
201597BA01010,2,9,0,8,0,2,0,0,0,0,2,1,6,1,25,5,2148,2,10,-1,1,-1
201597BA01010,3,9,0,7,0,2,0,0,0,0,4,1,6,1,20,4,973,1,12,-1,1,-1
201597BA01012,1,8,0,6,9,0,0,0,0,0,4,1,1,1,40,7,1560,2,4,-1,1,-1
201597BA01104,1,9,0,10,0,0,0,0,0,0,1,1,6,1,59,9,2231,2,8,-1,2,-1
201597BA01104,2,9,0,10,0,0,0,0,0,0,2,1,6,1,66,10,1799,1,4,-1,1,-1
201597BA01105,1,1,0,18,0,0,0,0,0,0,4,1,6,1,43,7,-1,-1,-1,-1,1,-1
201597BA01105,2,9,0,9,0,0,0,0,0,0,3,1,6,1,28,6,-1,-1,-1,-1,-1,-1
201597BA01108,1,9,0,18,0,1,0,0,0,1,1,1,6,2,20,4,998,1,3,-1,1,-1
201597BA01108,2,9,0,7,0,1,0,0,0,1,2,1,6,2,38,7,998,1,3,-1,1,-1
201597BA01111,1,9,0,7,0,1,0,0,3,0,1,1,2,1,48,8,-1,-1,-1,-1,1,-1
201597BA01204,1,8,0,18,0,0,0,0,0,0,1,1,3,1,59,9,1997,2,4,-1,1,-1
201597BA01204,2,9,0,18,0,0,0,0,0,0,3,1,2,2,26,6,1598,1,3,-1,1,-1
201597BA01207,1,9,0,7,0,8,0,0,0,0,4,1,6,2,22,5,999,1,1,-1,-1,-1
201597BA01207,2,9,0,18,0,8,0,0,0,0,3,1,6,2,24,5,1229,1,6,-1,1,-1
201597BA01212,1,8,0,18,0,0,0,0,0,0,1,1,1,1,66,10,2664,2,14,-1,1,-1
201597BA01301,1,9,0,18,0,1,0,0,0,0,1,1,6,2,32,6,-1,-1,-1,-1,-1,-1
201597BA01301,2,9,0,18,0,1,0,0,0,0,1,1,6,2,29,6,1598,1,7,-1,1,-1
201597BA01403,1,11,0,5,0,0,0,0,0,0,1,1,1,3,49,8,8268,2,14,-1,1,-1
201597BA01403,2,9,0,3,0,0,0,0,0,0,1,1,6,1,53,8,1399,2,9,-1,1,-1
201597BA01406,1,9,0,6,0,0,0,0,0,0,3,1,6,1,31,6,1560,2,9,-1,1,-1
201597BA01406,2,9,0,18,0,0,0,0,0,0,4,1,6,1,20,4,1598,1,8,-1,1,-1
201597BA01502,1,9,0,1,0,0,0,0,0,0,2,1,6,3,30,6,1896,2,12,-1,1,-1
201597BA01502,2,9,0,2,0,0,0,0,0,0,2,1,6,1,25,5,-1,-1,-1,-1,1,-1
201597BA01507,1,9,0,5,0,1,0,0,0,0,1,1,6,2,21,5,996,1,2,-1,1,-1
201597BA01507,2,9,0,3,0,1,0,0,0,0,2,1,6,2,38,7,1246,1,10,-1,1,-1
201597BA01508,1,9,0,16,0,1,1,4,0,0,4,1,6,1,20,4,1590,1,11,-1,1,-1
201597BA01508,2,9,0,16,0,1,1,4,0,0,4,1,6,1,20,4,1120,2,3,-1,1,-1
201597BA01510,1,9,0,7,0,1,0,0,0,0,4,1,1,1,30,6,-1,-1,-1,-1,-1,-1
201597BA01510,2,1,0,18,0,1,0,0,0,0,3,1,2,1,36,7,-1,-1,-1,-1,1,-1
201597BA01511,1,1,0,18,0,1,0,0,0,0,1,1,6,1,29,6,-1,-1,-1,-1,1,-1
201597BA01511,2,9,0,3,0,1,0,0,0,0,1,1,6,1,48,8,1956,2,1,-1,1,-1
201597BA01602,1,9,0,18,0,1,0,0,0,0,0,1,6,2,25,5,1998,1,-1,-1,1,-1
201597BA01602,2,9,0,18,0,1,0,0,0,0,0,1,6,1,19,4,1598,1,3,-1,3,-1
201597BA01606,1,9,0,18,0,8,0,0,0,0,1,1,6,1,65,9,1240,1,8,-1,-1,-1
201597BA01606,2,9,0,18,0,8,0,0,1,2,3,1,1,1,62,9,-1,-1,-1,-1,1,-1
201597BA01607,1,9,0,9,0,1,0,0,0,0,1,1,6,1,25,5,-1,-1,-1,-1,-1,-1
201597BA01607,2,9,0,18,0,1,0,0,0,0,2,1,6,2,33,6,1396,1,2,-1,1,-1
201597BA01608,1,9,0,2,0,1,0,0,0,0,3,1,6,3,20,4,-1,-1,-1,-1,-1,-1
201597BA01608,2,1,0,14,0,1,0,8,0,0,1,1,6,1,45,7,-1,-1,-1,-1,-1,-1
201597BA01609,1,1,0,18,0,8,0,0,0,0,1,1,1,1,29,6,-1,-1,-1,-1,-1,-1
201597BA01609,2,9,0,9,0,8,0,0,0,0,1,1,1,1,25,5,1390,1,8,-1,1,-1
201597BA01709,1,9,0,18,0,1,0,0,0,0,1,1,6,1,25,5,1685,2,-1,-1,1,-1
201597BA01709,2,9,0,18,0,1,0,0,0,0,2,1,2,2,25,5,1397,1,5,-1,1,-1
201597BA01711,1,3,0,18,0,8,0,0,0,0,1,1,2,1,25,5,124,1,4,-1,-1,-1
201597BA01711,2,9,0,18,0,8,0,0,0,0,1,1,6,1,47,8,1590,1,13,-1,1,-1
201597BA01712,1,3,0,18,0,1,1,10,0,0,1,1,1,1,48,8,125,1,5,-1,-1,-1
201597BA01802,1,9,0,9,0,8,0,0,0,0,1,1,6,2,31,6,1560,2,1,-1,-1,-1
201597BA01802,2,9,0,18,0,8,0,0,0,0,1,1,6,1,84,11,998,1,9,-1,1,-1
201597BA01806,1,9,0,18,0,0,0,0,0,0,1,1,6,1,89,11,1198,1,12,-1,1,-1
201597BA01808,1,9,0,9,0,0,0,0,0,0,1,1,6,1,39,7,998,1,13,-1,1,-1
201597BA01808,2,9,0,18,0,0,0,0,0,0,1,1,6,2,25,5,1398,1,-1,-1,1,-1
201597BA01809,1,9,0,7,0,6,0,0,0,0,1,1,6,1,61,9,1397,1,7,-1,1,-1
201597BA01811,1,9,0,18,0,2,0,0,0,0,4,1,6,2,46,8,1497,8,3,-1,3,-1
201597BA01909,1,9,0,18,0,0,0,0,0,0,3,1,6,1,56,9,2351,1,10,-1,1,-1
201597BA01912,1,9,0,18,0,1,0,0,0,0,1,1,2,1,50,8,1560,2,9,-1,1,-1
201597BA01912,2,1,0,18,0,1,0,0,0,0,2,1,2,1,24,5,-1,-1,-1,-1,1,-1
201597BA02001,1,9,0,18,0,8,0,0,7,10,4,1,6,2,26,6,1560,2,3,-1,1,-1
201597BA02001,2,9,0,18,0,8,0,0,0,0,1,1,6,1,71,10,1685,2,2,-1,1,-1
201597BA02006,1,9,0,18,0,8,0,0,0,0,1,2,2,1,20,4,1596,1,10,-1,1,-1
201597BA02006,2,9,0,18,0,8,0,0,0,0,3,2,2,1,33,6,1360,1,13,-1,1,-1
201597BA02105,1,9,0,2,0,2,0,0,0,0,3,1,2,1,33,6,1396,1,13,-1,1,-1
201597BA02105,2,1,0,18,9,5,0,0,0,0,0,1,2,1,30,6,-1,-1,-1,-1,1,-1
201597BA02110,1,9,0,7,0,8,0,0,0,0,4,1,1,1,39,7,998,1,1,-1,1,-1
201597BA02110,2,9,0,18,0,1,0,0,0,0,1,1,1,1,42,7,1997,2,8,-1,-1,-1
201597BA02112,1,9,0,18,0,1,0,0,0,0,3,1,6,1,56,9,5935,1,14,-1,1,-1
201597BA02201,1,9,0,4,0,0,1,0,0,0,1,1,1,2,33,6,1493,1,17,-1,1,-1
201597BA02201,2,9,0,4,0,0,0,0,0,0,2,1,1,1,35,6,1242,1,12,-1,1,-1
201597BA02301,1,9,0,9,0,6,0,0,0,0,3,1,2,2,44,7,998,1,6,-1,1,-1
201597BA02301,2,9,0,18,0,1,0,0,0,0,1,1,6,2,25,5,1299,1,10,-1,1,-1
201597BA02302,1,11,0,18,0,0,0,0,0,0,1,1,6,1,60,9,7300,2,9,-1,1,-1
201597BA02311,1,19,0,18,0,6,0,0,0,0,4,1,6,1,46,8,1968,2,3,-1,-1,-1
201597BA02311,2,9,0,18,0,8,0,0,0,0,1,1,6,2,77,11,1896,2,7,-1,1,-1
201597BA02408,1,19,0,7,0,8,0,0,0,0,4,1,1,1,67,10,2461,2,6,-1,1,-1
201597BA02408,2,1,0,18,0,8,0,0,0,0,1,1,6,1,39,7,-1,-1,-1,-1,1,-1
201597BA02410,1,19,0,7,0,8,0,0,0,0,1,1,6,2,53,8,2143,2,3,-1,1,-1
201597BA02410,2,9,0,3,0,1,0,0,0,0,2,1,6,2,25,5,1086,1,12,-1,1,-1
201597BA02501,1,9,0,18,0,8,0,0,0,0,1,1,1,1,23,5,-1,-1,-1,-1,1,-1
201597BA02501,2,19,0,18,0,8,1,4,8,0,3,1,6,1,54,8,-1,-1,-1,-1,1,-1
201597BA02501,3,9,0,2,0,1,0,0,1,0,2,1,6,3,30,6,1598,1,4,-1,1,-1
201597BA02503,1,9,0,6,0,0,0,0,0,0,4,1,6,1,39,7,1598,2,3,-1,1,-1
201597BA02503,2,9,0,18,0,0,0,0,0,0,1,1,6,1,28,6,1149,1,8,-1,1,-1
201597BA02510,1,1,0,16,0,0,1,4,0,0,4,1,6,1,56,9,-1,-1,-1,-1,1,-1
201597BA02510,2,19,0,2,0,0,0,0,0,0,0,1,6,3,30,6,1598,2,-1,-1,1,-1
201597BA02511,1,8,0,7,0,6,0,0,0,0,4,1,6,1,-1,-1,1598,2,1,-1,-1,-1
201597BA02511,2,1,0,18,0,8,0,0,0,0,2,1,2,1,34,6,-1,-1,-1,-1,1,-1
201597BA02603,1,9,0,18,0,8,0,0,0,0,3,1,6,1,41,7,998,1,14,-1,1,-1
201597BA02603,2,9,0,18,0,8,0,0,0,0,1,1,6,2,43,7,-1,-1,-1,-1,1,-1
201597BA02607,1,9,0,7,9,1,0,0,0,0,0,1,6,2,30,6,1461,2,1,-1,1,-1
201597BA02611,1,9,0,4,0,0,0,0,0,0,1,1,6,3,-1,-1,-1,-1,-1,-1,-1,-1
201597BA02710,1,8,0,14,0,0,0,0,0,0,1,1,1,1,65,9,2499,2,2,-1,1,-1
201597BA02802,1,11,0,1,6,0,0,0,0,0,2,1,1,2,47,8,4250,2,1,-1,1,-1
201597BA02810,1,9,0,9,0,1,0,0,0,0,3,1,6,2,50,8,-1,-1,-1,-1,-1,-1
201597BA02810,2,1,0,18,0,8,0,0,0,0,3,1,6,1,33,6,-1,-1,-1,-1,1,-1
201597BA02811,1,11,0,5,2,1,0,0,0,0,0,1,1,1,54,8,7300,2,9,-1,1,-1
201597BA02812,1,9,0,18,0,1,0,0,0,0,3,1,2,2,30,6,1229,1,4,-1,1,-1
201597BA02907,1,9,0,18,0,1,1,0,0,0,3,1,6,2,47,8,1998,1,13,-1,1,-1
201597BA02907,2,9,0,18,0,1,1,0,0,0,1,1,6,1,25,5,1598,1,1,-1,3,-1
201597BA03003,1,9,0,5,0,1,0,0,0,0,4,1,6,1,74,10,1198,1,1,-1,1,-1
201597BA03003,2,9,0,9,0,1,0,0,0,0,1,1,1,2,34,6,1229,1,3,-1,-1,-1
201597BA03007,1,9,0,15,0,0,0,0,0,0,1,1,6,3,30,6,-1,-1,-1,-1,-1,-1
201597BA03007,2,1,0,18,0,0,0,0,0,0,2,1,2,1,31,6,-1,-1,-1,-1,1,-1
201597BA03012,1,9,0,5,0,0,0,0,0,0,1,1,6,2,19,4,1000,1,2,-1,-1,-1
201597BA03012,2,9,0,18,0,0,0,0,0,0,2,1,6,1,30,6,1398,1,-1,-1,1,-1
201597BA03105,1,9,0,18,0,6,0,0,0,0,1,1,3,2,42,7,1198,1,1,-1,1,-1
201597BA03105,2,9,0,18,0,8,1,0,7,11,4,1,6,1,41,7,1753,2,8,-1,1,-1
201597BA03110,1,9,0,1,0,0,0,0,0,0,2,1,6,1,25,5,-1,-1,-1,-1,-1,-1
201597BA03207,1,9,0,5,0,3,0,0,0,0,3,1,6,2,19,4,1242,1,3,-1,1,-1
201597BA03310,1,9,0,9,0,8,0,0,0,11,4,1,6,2,29,6,1560,2,-1,-1,3,-1
201597BA03310,2,9,0,16,0,8,0,0,0,0,1,1,6,1,44,7,1598,2,-1,-1,1,-1
201597BA03611,1,9,0,7,0,1,0,0,0,0,0,1,2,1,28,6,1299,1,12,-1,1,-1
201597BA03611,2,9,0,8,0,1,0,0,0,0,2,1,6,1,36,7,1422,2,-1,-1,1,-1
201597BA03911,1,9,0,18,0,2,0,0,0,0,1,1,6,1,58,9,1560,2,2,-1,1,-1
201597BA05112,1,9,0,9,0,5,0,0,0,0,4,1,6,2,63,9,1598,1,1,-1,1,-1
201597BA05112,2,1,0,17,0,1,0,0,0,0,1,1,6,1,32,6,-1,-1,-1,-1,3,-1
201597BA05312,1,9,0,6,0,0,0,0,0,0,1,1,6,2,67,10,1198,1,2,-1,1,-1
201597BA05312,2,9,0,18,0,0,0,0,0,0,1,1,6,1,35,6,1998,2,12,-1,1,-1
201597BA70102,1,9,0,18,0,8,0,0,0,0,1,1,6,1,32,6,1896,2,14,-1,1,-1
201597BA70102,2,9,0,18,0,8,0,0,0,0,1,1,6,2,31,6,998,1,9,-1,1,-1
201597BA70103,1,9,0,18,0,8,0,0,0,0,1,1,6,1,27,6,2993,2,8,-1,1,-1
201597BA70104,1,9,0,18,0,0,0,0,0,0,1,1,6,2,30,6,1598,1,5,-1,1,-1
201597BA70110,1,9,0,4,0,0,0,0,0,0,1,1,6,1,29,6,1242,1,5,-1,1,-1
201597BA70110,2,9,0,4,0,0,0,0,0,0,1,1,6,1,52,8,1242,1,5,-1,1,-1
201597BA70112,1,9,0,9,0,1,0,0,0,0,1,1,6,1,32,6,1368,1,6,-1,1,-1
201597BA70112,2,1,0,18,0,1,0,7,1,10,1,1,6,1,22,5,-1,-1,-1,-1,1,-1
201597BA70208,1,20,0,18,0,1,0,0,0,0,4,1,1,1,54,8,4461,2,7,-1,1,-1
201597BA70210,1,9,0,18,0,6,0,0,3,11,4,1,6,2,48,8,1598,1,1,-1,1,-1
201597BA70210,2,9,0,18,0,1,0,0,0,0,1,1,6,2,68,10,1560,2,8,-1,3,-1
201597BA70211,1,9,0,9,0,8,0,0,0,0,1,1,6,1,28,6,2993,2,-1,-1,3,-1
201597BA70211,2,9,0,18,0,8,0,0,0,0,1,1,6,1,36,7,1598,1,13,-1,-1,-1
201597BA70301,1,9,0,5,0,6,0,0,0,0,3,1,1,1,32,6,-1,-1,-1,-1,1,-1
201597BA70306,1,3,0,18,0,0,1,0,0,0,4,1,6,1,40,7,599,1,11,-1,-1,-1
201597BA70307,1,9,0,18,0,8,1,0,0,0,1,1,6,1,30,6,1986,2,10,-1,1,-1
201597BA70307,2,9,0,10,0,6,1,0,0,0,3,1,6,1,81,11,1199,1,14,-1,1,-1
201597BA70309,1,9,0,18,0,1,0,0,0,0,1,1,6,1,51,8,1997,2,3,-1,1,-1
201597BA70309,2,5,0,18,0,1,0,0,0,0,2,1,6,1,53,8,-1,-1,-1,-1,1,-1
201597BA70310,1,9,0,9,0,8,0,0,0,0,1,1,6,2,18,4,1198,1,1,-1,1,-1
201597BA70310,2,9,0,18,0,8,0,0,0,0,1,1,6,1,20,4,1390,1,-1,-1,1,-1
201597BA70405,1,9,0,16,0,0,2,0,1,7,1,1,6,2,18,4,1242,1,2,-1,1,-1
201597BA70411,1,9,0,18,0,0,0,0,0,0,1,1,6,1,30,6,1299,1,11,-1,1,-1
201597BA70412,1,20,1,11,0,0,0,0,0,0,3,1,1,1,61,9,-1,-1,-1,-1,1,-1
201597BA70412,2,9,0,18,0,0,0,0,0,0,1,1,6,1,31,6,1968,2,7,-1,1,-1
201597BA70501,1,9,0,18,0,1,0,0,0,0,1,1,6,1,35,6,-1,-1,-1,-1,1,-1
201597BA70501,2,9,0,18,0,8,0,0,0,0,3,1,6,2,71,10,1587,1,8,-1,1,-1
201597BA70505,1,19,0,9,0,8,0,0,0,0,1,1,6,1,46,8,1560,2,8,-1,2,-1
201597BA70505,2,9,0,18,0,1,5,0,1,1,4,1,6,1,42,7,2993,2,-1,-1,1,-1
201597BA70506,1,19,0,18,0,0,0,0,1,7,3,1,6,1,42,7,2198,2,2,-1,1,-1
201597BA70507,1,19,0,9,0,7,5,0,0,0,4,1,1,2,56,9,1248,2,-1,-1,1,-1
201597BA70507,2,9,0,18,0,1,0,0,0,0,1,1,6,1,28,6,1781,1,12,-1,1,-1
201597BA70606,1,9,0,18,0,7,0,0,0,0,1,1,6,2,60,9,1086,1,8,-1,1,-1
201597BA70606,2,9,0,18,0,7,0,0,0,0,2,1,6,1,31,6,1997,2,4,-1,1,-1
201597BA70607,1,9,0,18,0,0,0,0,0,0,4,1,6,2,54,8,1461,2,1,-1,1,-1
201597BA70706,1,19,0,7,0,1,1,0,0,0,4,1,1,1,58,9,2287,2,1,-1,1,-1
201597BA70706,2,8,0,18,2,1,0,0,1,0,4,1,1,1,67,10,2499,2,8,-1,1,-1
201597BA71709,1,9,0,12,0,7,1,0,0,0,1,1,6,1,44,7,-1,-1,-1,-1,1,-1
201597BA71709,2,9,0,3,0,1,0,0,0,0,2,1,6,2,29,6,1686,2,8,-1,1,-1
201597BA71709,3,9,0,3,0,2,0,0,0,0,2,1,6,1,18,4,1229,1,-1,-1,1,-1
201597BA71709,4,9,0,3,0,1,0,0,0,0,2,1,6,2,46,8,1997,2,6,-1,1,-1
201597BC00101,1,9,0,8,0,1,0,0,0,0,1,1,6,1,25,5,1124,1,15,-1,1,-1
201597BC00101,2,9,0,8,0,1,0,0,0,0,2,1,6,2,47,8,998,1,3,-1,1,-1
201597BC00103,1,9,0,3,0,1,0,0,0,0,1,1,6,1,54,8,1596,1,10,-1,1,-1
201597BC00103,2,9,0,4,0,7,0,0,0,0,2,1,3,1,47,8,2143,2,6,-1,3,-1
201597BC00105,1,9,0,18,0,0,0,0,0,0,1,1,2,1,22,5,1598,1,4,-1,-1,-1
201597BC00106,1,9,0,3,0,0,1,0,0,0,1,1,6,1,27,6,1995,2,5,-1,1,-1
201597BC00106,2,9,0,3,0,0,0,0,0,0,0,1,6,1,21,5,1149,1,5,-1,1,-1
201597BC00107,1,9,0,18,0,0,0,0,0,0,4,1,6,1,45,7,-1,-1,-1,-1,-1,-1
201597BC00108,1,1,0,18,0,0,0,0,0,0,1,1,6,1,8,2,-1,-1,-1,-1,1,-1
201597BC00108,2,9,0,18,0,0,0,0,0,0,1,1,1,1,56,9,1598,2,1,-1,1,-1
201597BC00111,1,9,0,9,0,3,0,0,0,0,4,1,6,2,23,5,1242,1,1,-1,1,-1
201597BC00111,2,9,0,18,0,3,0,0,0,0,1,1,6,1,56,9,2183,2,5,-1,1,-1
201597BC00201,1,9,0,9,0,8,0,0,0,0,4,1,6,2,19,4,-1,-1,-1,-1,1,-1
201597BC00201,2,9,0,5,0,8,0,0,0,0,1,1,6,1,62,9,1461,2,2,-1,1,-1
201597BC00208,1,9,0,18,0,0,0,0,0,0,1,1,6,1,28,6,1598,1,2,-1,1,-1
201597BC00208,2,9,0,4,0,0,0,0,0,0,4,1,6,1,26,6,-1,-1,-1,-1,1,-1
201597BC00209,1,9,0,6,0,0,0,0,0,0,1,1,6,2,23,5,1596,1,4,-1,1,-1
201597BC00209,2,9,0,18,0,0,0,0,0,0,1,1,6,1,70,10,1198,1,4,-1,1,-1
201597BC00301,1,9,0,18,0,1,5,0,0,0,1,1,6,1,23,5,-1,-1,-1,-1,1,-1
201597BC00302,1,9,0,4,0,1,0,0,0,0,1,1,6,2,71,10,-1,-1,-1,-1,1,-1
201597BC00302,2,9,0,4,0,1,0,0,0,0,1,1,6,1,19,4,1198,1,12,-1,1,-1
201597BC00302,3,9,0,3,0,1,0,0,0,0,2,1,3,2,38,7,1560,2,1,-1,1,-1
201597BC00305,1,9,0,18,0,8,0,0,0,0,1,1,6,2,34,6,1910,2,7,-1,-1,-1
201597BC00305,2,9,0,10,0,8,0,0,7,10,2,1,6,2,38,7,1598,1,3,-1,1,-1
201597BC00305,3,19,0,3,0,8,0,0,0,0,3,1,6,1,44,7,1598,2,1,-1,1,-1
201597BC00305,4,9,0,10,0,8,0,0,0,0,2,1,6,1,45,7,-1,-1,-1,-1,1,-1
201597BC00308,1,9,0,7,9,1,0,10,1,2,1,1,6,1,28,6,1956,2,-1,-1,-1,-1
201597BC00401,1,5,0,18,0,2,0,0,0,0,1,1,6,1,24,5,652,1,12,-1,1,-1
201597BC00406,1,9,0,16,0,0,0,0,0,11,4,1,6,2,50,8,2230,1,13,-1,1,-1
201597BC00408,1,9,0,18,0,8,0,0,0,0,4,1,6,1,30,6,-1,-1,-1,-1,-1,-1
201597BC00408,2,1,0,18,0,8,0,0,0,0,4,1,6,2,13,3,-1,-1,-1,-1,1,-1
201597BC00409,1,9,0,18,0,1,0,0,0,0,1,1,6,2,30,6,1968,2,2,-1,-1,-1
201597BC00409,2,9,0,3,0,1,0,0,0,0,2,1,6,1,40,7,1598,2,4,-1,1,-1
201597BC00409,3,9,0,3,0,1,0,0,0,0,2,1,1,1,51,8,1997,1,-1,-1,1,-1
201597BC00412,1,9,0,5,0,3,0,0,0,0,1,1,6,2,26,6,1397,1,6,-1,1,-1
201597BC00503,1,9,0,18,0,1,0,0,0,0,1,1,3,1,71,10,1364,1,10,-1,1,-1
201597BC00505,1,19,0,18,0,0,0,0,0,0,1,1,1,1,24,5,-1,-1,-1,-1,1,-1
201597BC00505,2,9,0,3,0,0,0,0,0,0,2,1,6,1,34,6,1794,1,10,-1,1,-1
201597BC00512,1,9,0,9,0,8,0,0,0,0,3,1,6,1,25,5,2402,2,5,-1,1,-1
201597BC00512,2,9,0,18,0,8,0,0,0,0,4,1,6,2,56,9,998,1,3,-1,1,-1
201597BC00702,1,9,0,9,0,8,0,0,0,0,1,1,2,1,21,5,1598,2,2,-1,1,-1
201597BC00702,2,9,0,18,0,8,0,0,0,0,1,1,2,1,30,6,1598,2,2,-1,1,-1
201597BC00705,1,9,0,11,0,6,0,0,0,0,1,1,6,1,25,5,1149,1,14,-1,1,-1
201597BC00705,2,9,0,18,0,1,0,0,0,0,4,1,2,1,51,8,3950,6,15,-1,1,-1
201597BC00804,1,19,0,18,0,1,0,0,0,0,1,1,1,1,30,6,-1,-1,-1,-1,1,-1
201597BC00804,2,19,0,9,0,1,0,0,0,0,3,1,1,1,23,5,1461,2,4,-1,1,-1
201597BC00806,1,9,0,18,0,0,0,0,0,0,4,1,6,1,38,7,1796,1,11,-1,1,-1
201597BC00807,1,1,0,18,9,1,0,0,0,0,1,1,2,1,25,5,-1,-1,-1,-1,1,-1
201597BC00807,2,9,0,7,0,8,0,0,0,0,3,1,2,2,37,7,1499,2,2,-1,1,-1
201597BC00809,1,9,0,18,0,0,0,0,0,0,1,1,6,2,30,6,1149,1,1,-1,-1,-1
201597BC00809,2,19,0,3,0,0,0,0,0,0,2,1,2,1,39,7,1998,2,11,-1,1,-1
201597BC00905,1,9,0,5,0,6,0,0,0,0,0,1,2,1,50,8,-1,-1,-1,-1,-1,-1
201597BC00912,1,9,0,10,0,5,0,0,0,0,2,1,1,1,30,6,-1,-1,-1,-1,1,-1
201597BC00912,2,9,0,10,0,5,0,0,0,0,1,1,2,1,42,7,1598,2,4,-1,1,-1
201597BC01003,1,9,0,18,0,0,0,0,7,0,3,1,6,1,30,6,-1,-1,-1,-1,1,-1
201597BC01003,2,9,0,18,0,0,0,0,1,11,4,1,6,1,63,9,898,1,1,-1,1,-1
201597BC01011,1,9,0,18,0,8,1,0,0,0,1,1,6,1,28,6,1998,1,10,-1,-1,-1
201597BC01011,2,9,0,17,0,8,0,0,0,0,2,1,6,1,61,9,1796,1,13,-1,-1,-1
201597BC01101,1,9,0,18,0,0,0,0,0,0,1,1,2,2,44,7,1198,1,1,-1,1,-1
201597BC01106,1,9,0,6,0,0,0,0,0,0,3,1,6,2,26,6,1364,2,9,-1,1,-1
201597BC01106,2,9,0,14,0,0,1,0,0,0,4,1,6,1,60,9,1896,2,8,-1,1,-1
201597BC01112,1,9,0,10,0,7,0,4,0,0,1,1,6,1,84,11,1390,1,15,-1,1,-1
201597BC01112,2,9,0,18,8,1,0,0,0,0,4,1,6,1,20,4,1461,2,-1,-1,1,-1
201597BC01112,3,9,0,2,0,8,0,0,0,0,3,1,6,1,28,6,1360,1,10,-1,1,-1
201597BC01203,1,9,0,18,0,6,0,0,0,0,1,1,6,2,50,8,1499,2,2,-1,-1,-1