Accident_Index,Vehicle_Reference,Vehicle_Type,Towing_and_Articulation,Vehicle_Manoeuvre,Vehicle_Location-Restricted_Lane,Junction_Location,Skidding_and_Overturning,Hit_Object_in_Carriageway,Vehicle_Leaving_Carriageway,Hit_Object_off_Carriageway,1st_Point_of_Impact,Was_Vehicle_Left_Hand_Drive?,Journey_Purpose_of_Driver,Sex_of_Driver,Age_of_Driver,Age_Band_of_Driver,Engine_Capacity_(CC),Propulsion_Code,Age_of_Vehicle,Driver_IMD_Decile,Driver_Home_Area_Type,Vehicle_IMD_Decile
201597BC01203,2,9,0,11,0,6,0,0,0,0,2,1,1,2,50,8,1968,2,8,-1,3,-1
201597BC01205,1,9,0,18,0,0,0,0,0,0,2,1,6,2,32,6,1896,2,7,-1,1,-1
201597BC01205,2,9,0,18,0,0,0,0,0,0,2,1,6,2,32,6,1242,1,9,-1,1,-1
201597BC01208,1,9,0,18,0,1,0,0,0,0,0,2,6,3,40,7,-1,-1,-1,-1,-1,-1
201597BC01208,2,11,0,18,0,1,0,0,0,0,0,2,1,1,52,8,7300,2,9,-1,1,-1
201597BC01304,1,9,0,9,0,1,0,0,0,0,4,1,6,1,22,5,998,1,1,-1,2,-1
201597BC01304,2,9,0,18,0,1,0,0,0,0,1,1,6,2,40,7,1598,1,13,-1,1,-1
201597BC01401,1,9,0,18,0,0,0,0,0,0,1,1,6,1,40,7,1341,1,14,-1,1,-1
201597BC01401,2,9,0,4,0,0,0,0,0,0,2,1,6,2,52,8,1390,1,9,-1,1,-1
201597BC01402,1,9,0,18,0,0,0,0,0,0,0,1,2,1,54,8,1360,1,5,-1,1,-1
201597BC01402,2,1,0,18,0,0,0,0,0,0,1,1,2,1,23,5,-1,-1,-1,-1,1,-1
201597BC01406,1,19,0,18,0,0,0,0,0,0,1,1,1,1,45,7,2198,2,3,-1,1,-1
201597BC01408,1,9,0,18,0,0,0,0,0,0,1,1,6,1,24,5,-1,-1,-1,-1,1,-1
201597BC01408,2,9,0,3,0,0,0,0,0,0,2,1,6,1,88,11,-1,-1,-1,-1,1,-1
201597BC01409,1,9,0,18,0,2,0,0,0,0,3,1,2,1,22,5,1598,1,2,-1,1,-1
201597BC01503,1,9,0,18,0,0,0,0,0,0,0,1,6,3,40,7,-1,-1,-1,-1,-1,-1
201597BC01505,1,9,0,2,0,1,0,0,0,0,2,1,6,3,40,7,-1,-1,-1,-1,-1,-1
201597BC01509,1,9,0,16,0,1,1,0,1,10,4,1,6,1,25,5,1997,1,12,-1,1,-1
201597BC01601,1,19,0,18,0,0,0,0,0,0,1,1,6,1,29,6,-1,-1,-1,-1,2,-1
201597BC01601,2,19,0,18,0,0,0,0,1,1,2,1,1,1,43,7,1995,2,5,-1,1,-1
201597BC01604,1,9,0,9,0,8,0,0,0,0,4,1,1,2,45,7,1461,2,3,-1,1,-1
201597BC01604,2,9,0,18,0,8,0,0,0,0,1,1,4,2,42,7,1598,1,3,-1,1,-1
201597BC01612,1,9,0,3,0,4,0,0,0,0,2,1,6,3,45,7,-1,-1,-1,-1,-1,-1
201597BC01612,2,9,0,3,0,4,0,0,0,0,2,1,6,2,60,9,1497,8,1,-1,-1,-1
201597BC01704,1,9,0,18,0,0,0,0,0,0,4,1,6,1,29,6,1998,2,8,-1,1,-1
201597BC01705,1,9,0,18,0,1,2,4,0,0,1,1,6,1,39,7,1229,1,5,-1,1,-1
201597BC01705,2,9,0,2,0,1,0,0,0,0,1,1,6,1,28,6,1968,2,-1,-1,1,-1
201597BC01705,3,9,0,2,0,1,0,0,0,0,3,1,6,1,28,6,1229,1,7,-1,1,-1
201597BC01705,4,9,0,2,0,1,0,0,0,0,3,1,6,1,28,6,995,1,6,-1,1,-1
201597BC01912,1,9,0,14,0,0,0,0,0,0,1,1,6,3,-1,-1,-1,-1,-1,-1,-1,-1
201597BC01912,2,9,0,1,0,0,0,0,0,0,2,1,6,2,47,8,1149,1,2,-1,1,-1
201597BC02004,1,11,0,5,0,0,0,0,0,0,1,1,6,3,30,6,-1,-1,-1,-1,-1,-1
201597BC02012,1,9,0,18,0,4,0,0,0,0,1,1,6,2,27,6,1364,1,8,-1,1,-1
201597BC02012,2,9,0,9,0,4,0,0,0,0,1,1,6,1,57,9,1198,1,1,-1,1,-1
201597BC02712,1,9,0,10,0,3,0,0,0,0,3,1,6,1,71,10,1598,1,7,-1,1,-1
201597BC02712,2,2,0,18,0,8,0,0,0,0,3,1,6,1,48,8,-1,-1,-1,-1,1,-1
201597BC70111,1,9,0,18,0,1,0,0,0,0,1,1,1,1,39,7,1896,2,5,-1,1,-1
201597BC70112,1,9,0,18,0,0,0,0,0,0,1,1,6,1,46,8,2384,1,2,-1,3,-1
201597BC70112,2,19,0,18,0,0,0,0,0,0,2,1,6,1,27,6,1753,2,3,-1,1,-1
201597BC70112,3,9,0,18,0,0,0,0,0,0,2,1,6,2,33,6,999,1,-1,-1,3,-1
201597BC70205,1,8,0,2,0,0,0,0,0,0,0,1,1,1,53,8,2664,2,15,-1,-1,-1
201597BC70205,2,1,0,18,0,0,0,0,0,0,0,1,6,1,67,10,-1,-1,-1,-1,1,-1
201597BC70209,1,9,0,18,0,0,0,0,0,0,2,1,6,2,27,6,1560,2,2,-1,1,-1
201597BC70209,2,8,0,18,0,0,0,0,0,0,1,1,6,1,53,8,1956,2,2,-1,1,-1
201597BC70209,3,9,0,18,0,0,0,0,0,0,1,1,6,1,40,7,1968,2,1,-1,1,-1
201597BC70212,1,9,0,18,0,0,0,0,0,0,1,1,2,1,25,5,1242,1,7,-1,1,-1
201597BC70310,1,9,0,9,0,2,0,0,0,0,1,1,1,1,42,7,1560,2,4,-1,1,-1
201597BC70310,2,9,0,18,0,6,0,0,0,0,1,1,6,2,57,9,1560,2,-1,-1,1,-1
201597BC70312,1,19,0,18,0,0,0,0,0,0,1,1,1,1,47,8,2143,2,4,-1,1,-1
201597BC70510,1,9,0,18,0,0,0,0,0,0,1,1,6,1,62,9,1560,2,2,-1,1,-1
201597BC70510,2,9,0,18,9,0,0,0,0,0,1,1,6,1,41,7,1598,1,4,-1,1,-1
201597BC70512,1,9,0,18,0,7,0,0,0,0,1,1,6,1,64,9,1968,2,7,-1,1,-1
201597BC70512,2,9,0,18,0,1,0,0,0,0,3,1,6,1,37,7,1984,1,13,-1,1,-1
201597BD00103,1,9,0,9,0,6,0,0,0,0,1,1,2,1,24,5,-1,-1,-1,-1,1,-1
201597BD00103,2,11,0,18,0,1,0,0,0,0,3,1,1,1,39,7,8268,2,12,-1,1,-1
201597BD00202,1,9,0,9,0,8,0,0,0,0,1,1,6,2,43,7,1998,8,-1,-1,1,-1
201597BD00202,2,19,0,18,0,8,0,0,0,0,1,1,1,1,44,7,-1,-1,-1,-1,1,-1
201597BD00302,1,9,0,18,0,0,0,0,0,0,1,1,6,1,81,11,1796,7,3,-1,1,-1
201597BD00303,1,9,0,11,0,3,0,0,0,0,4,1,6,1,68,10,1956,2,3,-1,2,-1
201597BD00303,2,9,0,18,0,5,0,0,1,0,3,1,6,2,35,6,-1,-1,-1,-1,-1,-1
201597BD00306,1,9,0,18,0,6,0,0,0,0,4,1,1,2,27,6,-1,-1,-1,-1,1,-1
201597BD00306,2,9,0,18,0,8,0,0,0,0,1,1,6,1,30,6,1364,1,7,-1,1,-1
201597BD00310,1,9,0,9,0,6,0,0,0,0,1,1,6,2,22,5,1398,1,2,-1,1,-1
201597BD00310,2,9,0,18,0,1,1,0,7,5,1,1,6,1,34,6,1997,2,12,-1,1,-1
201597BD00311,1,9,0,18,0,0,0,0,0,0,1,1,6,2,51,8,1796,1,7,-1,1,-1
201597BD00312,1,9,0,10,0,6,0,0,0,0,4,1,1,1,21,5,1560,2,1,-1,1,-1
201597BD00312,2,9,0,18,0,1,0,0,0,0,3,1,2,1,30,6,1229,1,2,-1,1,-1
201597BD00402,1,9,0,18,0,0,2,0,1,2,4,1,2,1,30,6,-1,-1,-1,-1,3,-1
201597BD00407,1,9,0,5,0,1,0,0,0,0,1,1,6,1,24,5,1997,2,2,-1,-1,-1
201597BD00407,2,9,0,5,0,1,0,0,0,0,3,1,6,1,75,10,1995,2,3,-1,1,-1
201597BD00407,3,9,0,5,0,1,0,0,0,0,4,1,6,2,49,8,1229,1,2,-1,1,-1
201597BD00512,1,9,0,18,0,2,0,0,0,0,3,1,6,1,33,6,1598,1,9,-1,1,-1
201597BD00602,1,9,0,18,0,1,0,11,3,11,1,1,6,2,23,5,-1,-1,-1,-1,1,-1
201597BD00602,2,9,0,2,9,1,0,0,0,0,1,1,6,3,-1,-1,1396,1,3,-1,-1,-1
201597BD00602,3,9,0,2,9,1,0,0,0,0,1,1,6,3,-1,-1,1995,2,3,-1,-1,-1
201597BD00604,1,9,0,18,0,0,0,0,0,0,1,1,6,1,49,8,1364,1,9,-1,1,-1
201597BD00604,2,1,0,18,0,0,0,0,0,0,2,1,6,1,43,7,-1,-1,-1,-1,1,-1
201597BD00607,1,9,0,18,0,4,0,0,0,0,1,1,6,1,40,7,998,1,12,-1,1,-1
201597BD00607,2,9,0,7,0,3,0,0,0,0,2,1,2,1,30,6,1596,1,13,-1,1,-1
201597BD00610,1,8,0,18,0,1,0,0,0,0,1,1,1,1,25,5,-1,-1,-1,-1,1,-1
201597BD00610,2,10,0,18,0,1,0,10,1,11,3,1,1,1,49,8,2461,2,5,-1,1,-1
201597BD00706,1,9,0,6,9,0,0,0,0,0,3,1,6,1,18,4,1242,1,9,-1,1,-1
201597BD00712,1,9,0,1,9,0,0,0,0,0,2,1,6,1,30,6,1396,1,12,-1,1,-1
201597BD00804,1,9,0,18,9,0,0,0,1,11,1,1,6,1,46,8,1198,1,1,-1,1,-1
201597BD00805,1,9,0,5,0,1,0,0,0,0,1,1,6,1,26,6,1560,2,6,-1,1,-1
201597BD00805,2,9,0,14,0,1,0,0,0,0,4,1,6,1,29,6,973,1,12,-1,1,-1
201597BD00808,1,3,0,16,0,0,0,0,4,0,1,1,6,1,18,4,125,1,1,-1,-1,-1
201597BD00903,1,9,0,1,0,0,0,0,0,0,2,1,6,1,30,6,1582,2,5,-1,1,-1
201597BD00910,1,9,0,1,0,4,0,0,0,0,1,1,6,1,45,7,-1,-1,-1,-1,-1,-1
201597BD00910,2,9,0,1,0,4,0,0,0,0,2,1,6,1,30,6,1461,2,4,-1,1,-1
201597BD00912,1,9,0,18,0,1,0,0,0,0,1,1,6,3,-1,-1,-1,-1,-1,-1,-1,-1
201597BD00912,2,9,0,3,0,1,0,0,4,1,2,1,6,2,74,10,1398,1,1,-1,1,-1
201597BD01004,1,9,0,11,0,0,0,0,0,0,1,1,1,1,43,7,1582,2,7,-1,-1,-1
201597BD01009,1,9,0,18,0,0,0,0,0,0,3,1,3,2,65,9,2497,2,9,-1,1,-1
201597BD01009,2,9,0,18,0,0,0,0,0,0,3,1,3,2,41,7,1968,2,3,-1,1,-1
201597BD01010,1,9,0,4,0,1,0,0,0,0,1,1,6,1,35,6,1686,2,5,-1,-1,-1
201597BD01010,2,9,0,3,0,1,0,0,0,0,2,1,6,2,44,7,1598,1,1,-1,1,-1
201597BD01011,1,9,0,4,0,1,0,0,0,0,1,1,6,1,49,8,1364,1,1,-1,1,-1
201597BD01011,2,8,0,3,0,1,0,0,0,0,2,1,6,1,49,8,2499,2,5,-1,1,-1
201597BD01101,1,9,0,15,0,0,0,0,0,0,4,1,6,2,51,8,-1,-1,-1,-1,1,-1
201597BD01202,1,3,0,16,0,2,1,0,0,0,1,1,6,1,17,4,125,1,1,-1,-1,-1
201597BD01202,2,9,0,17,0,1,0,0,0,0,3,1,6,1,59,9,905,1,2,-1,1,-1
201597BD01206,1,9,0,5,0,6,0,0,0,0,1,1,2,2,29,6,1596,1,1,-1,-1,-1
201597BD01206,2,2,0,18,0,1,0,0,0,0,4,1,2,2,42,7,49,1,-1,-1,-1,-1
201597BD01308,1,9,0,18,0,0,0,0,0,0,1,1,6,1,20,4,-1,-1,-1,-1,-1,-1
201597BD01311,1,9,0,5,0,1,0,0,0,0,1,1,6,2,30,6,1328,1,13,-1,1,-1
201597BD01311,2,9,0,5,0,1,0,0,0,0,2,1,6,2,68,10,1586,1,3,-1,1,-1
201597BD01405,1,9,0,18,0,5,0,0,0,0,1,1,1,1,29,6,-1,-1,-1,-1,1,-1
201597BD01405,2,9,0,18,0,3,0,0,0,0,1,1,6,1,36,7,1596,1,6,-1,1,-1
201597BD01406,1,9,0,18,0,0,0,0,0,0,1,1,6,1,22,5,1995,1,8,-1,1,-1
201597BD01406,2,9,0,4,0,0,0,0,0,0,2,1,6,2,61,9,1598,1,6,-1,1,-1
201597BD01406,3,9,0,4,0,0,0,0,0,0,2,1,6,2,39,7,1200,1,1,-1,-1,-1
201597BD01407,1,9,0,18,0,0,0,0,0,7,1,1,2,2,25,5,1598,1,11,-1,1,-1
201597BD01410,1,9,0,18,0,8,0,0,0,0,1,1,2,2,23,5,1198,1,4,-1,1,-1
201597BD01410,2,9,0,5,0,8,0,0,0,0,4,1,6,1,45,7,1582,2,2,-1,1,-1
201597BD01412,1,9,0,18,0,0,0,0,0,0,3,1,6,1,27,6,1998,1,15,-1,1,-1
201597BD01412,2,19,0,18,0,0,0,0,7,2,1,1,1,1,42,7,2402,2,7,-1,1,-1
201597BD01503,1,9,0,18,0,0,0,0,0,0,3,1,1,1,48,8,1598,2,5,-1,3,-1
201597BD01503,2,19,0,7,0,0,0,0,0,0,4,1,6,1,58,9,1998,2,11,-1,1,-1
201597BD01507,1,19,0,18,0,1,0,0,0,0,0,1,3,1,41,7,2198,2,4,-1,1,-1
201597BD01507,2,9,0,18,0,1,0,0,0,0,0,1,6,1,26,6,1595,2,5,-1,1,-1
201597BD01507,3,8,0,18,0,1,0,0,0,0,0,1,6,1,56,9,1995,2,2,-1,1,-1
201597BD01509,1,9,0,16,0,0,0,0,7,0,1,1,6,1,45,7,1796,1,8,-1,3,-1
201597BD01509,2,9,0,18,0,0,1,0,0,0,3,1,2,2,23,5,1229,1,3,-1,3,-1
201597BD01512,1,9,0,18,0,0,0,0,0,0,3,1,1,2,51,8,1685,2,2,-1,3,-1
201597BD01602,1,9,0,3,0,0,0,0,0,0,2,1,2,2,31,6,1198,1,3,-1,1,-1
201597BD01602,2,9,0,4,0,0,0,0,0,0,2,1,1,1,37,7,1956,2,5,-1,1,-1
201597BD01703,1,9,0,9,0,8,0,0,0,0,4,1,6,2,54,8,1560,2,1,-1,1,-1
201597BD01703,2,9,0,18,0,8,0,0,1,0,1,1,6,2,38,7,1461,2,3,-1,1,-1
201597BD01705,1,1,0,18,9,0,0,0,0,0,1,1,4,1,8,2,-1,-1,-1,-1,1,-1
201597BD01705,2,9,0,9,9,0,0,0,0,0,3,1,6,2,32,6,2967,2,9,-1,1,-1
201597BD01711,1,9,0,17,0,6,0,0,0,0,1,1,6,1,18,4,1796,1,11,-1,1,-1
201597BD01711,2,9,0,18,0,8,0,0,0,0,1,1,6,1,55,8,1242,1,2,-1,3,-1
201597BD01804,1,11,0,9,0,1,0,0,0,0,1,1,6,1,23,5,8268,2,14,-1,-1,-1
201597BD01804,2,9,0,5,0,1,0,0,0,0,3,1,2,2,60,9,1242,1,4,-1,1,-1
201597BD01805,1,9,0,18,0,1,0,0,0,0,1,1,6,1,54,8,1796,1,13,-1,1,-1
201597BD01807,1,9,0,5,0,0,0,0,0,0,1,1,6,1,47,8,1399,1,8,-1,1,-1
201597BD01807,2,9,0,5,0,0,0,0,0,0,1,1,6,1,78,11,1598,2,3,-1,1,-1
201597BD01807,3,9,0,2,0,0,0,0,0,0,4,1,6,1,32,6,1910,2,9,-1,-1,-1
201597BD01810,1,8,0,5,0,2,0,0,0,0,1,1,1,1,38,7,1598,1,2,-1,1,-1
201597BD01901,1,9,0,18,0,1,0,0,0,0,1,1,2,1,18,4,1364,1,8,-1,1,-1
201597BD01901,2,9,0,18,0,1,0,0,0,0,2,1,1,1,53,8,-1,-1,-1,-1,1,-1
201597BD01902,1,9,0,18,0,6,0,0,0,0,1,1,2,2,29,6,1229,1,6,-1,1,-1
201597BD01904,1,19,0,18,0,0,1,0,0,0,1,1,1,1,39,7,2198,2,2,-1,1,-1
201597BD01904,2,9,0,18,0,0,0,0,0,0,1,1,2,2,34,6,2143,2,3,-1,1,-1
201597BD01904,3,9,0,18,0,0,0,0,0,0,2,1,6,1,59,9,1198,1,1,-1,1,-1
201597BD01910,1,9,0,8,0,8,0,0,0,0,3,1,6,1,53,8,1560,2,2,-1,2,-1
201597BD01910,2,19,0,17,0,8,0,0,0,0,4,1,1,1,24,5,2198,2,1,-1,2,-1
201597BD02009,1,9,0,13,0,0,0,10,0,0,0,1,2,1,31,6,1560,2,8,-1,1,-1
201597BD02009,2,9,0,18,0,0,0,0,0,0,0,1,2,2,40,7,1248,2,5,-1,1,-1
201597BD02010,1,9,0,7,0,2,0,0,0,0,1,1,1,1,33,6,599,1,13,-1,1,-1
201597BD02012,1,9,0,18,0,8,0,0,0,0,4,1,6,2,42,7,-1,-1,-1,-1,1,-1
201597BD02012,2,9,0,18,0,8,0,0,0,0,3,1,6,1,26,6,1587,1,10,-1,1,-1
201597BD02101,1,9,0,6,0,7,0,0,0,0,1,1,6,1,45,7,1595,1,10,-1,1,-1
201597BD02101,2,9,0,3,0,8,0,0,0,0,3,1,6,2,52,8,998,1,1,-1,1,-1
201597BD02102,1,9,0,18,0,2,0,0,0,0,3,1,6,1,18,4,1242,1,5,-1,1,-1
201597BD02102,2,9,0,18,0,1,0,0,7,0,1,1,6,1,63,9,-1,-1,-1,-1,1,-1
201597BD02106,1,9,0,3,0,6,0,10,1,0,1,1,6,1,37,7,1796,1,11,-1,1,-1
201597BD02106,2,90,0,18,0,8,0,0,0,0,4,2,1,1,46,8,2970,2,1,-1,1,-1
201597BD02106,3,9,0,9,0,8,0,0,0,0,3,1,6,2,54,8,1598,1,9,-1,-1,-1
201597BD02106,4,9,0,18,0,1,0,0,0,0,1,1,6,1,38,7,1560,2,4,-1,-1,-1
201597BD02201,1,9,0,5,0,1,0,0,0,0,2,1,6,1,58,9,1796,1,12,-1,-1,-1
201597BD02201,2,9,0,14,0,1,0,0,0,0,1,1,6,1,39,7,998,1,3,-1,-1,-1
201597BD02203,1,9,0,18,0,1,0,0,0,0,1,1,1,1,63,9,2143,2,3,-1,1,-1
201597BD02203,2,9,0,3,0,1,0,0,0,0,2,1,1,1,23,5,1560,2,2,-1,1,-1
201597BD02203,3,9,0,3,0,1,0,0,0,0,2,1,1,1,47,8,1560,2,1,-1,1,-1
201597BD02206,1,9,0,18,0,0,0,0,0,0,1,1,6,2,45,7,1598,1,3,-1,1,-1
201597BD02212,1,9,0,17,6,0,0,0,1,2,1,1,6,2,21,5,1332,1,17,-1,1,-1
201597BD02301,1,9,0,12,0,0,0,0,0,0,2,1,6,3,30,6,1390,1,1,-1,-1,-1
201597BD02301,2,9,0,18,0,0,0,0,0,0,2,1,6,2,50,8,1984,2,1,-1,1,-1
201597BD02302,1,9,0,18,0,1,0,0,7,0,1,1,3,2,46,8,1598,1,2,-1,3,-1
201597BD02302,2,9,0,18,0,1,0,0,0,0,3,1,6,1,39,7,1968,2,2,-1,1,-1
201597BD02307,1,11,0,18,0,0,0,0,0,0,0,1,6,1,62,9,7300,2,13,-1,1,-1
201597BD02407,1,9,0,5,0,1,0,0,0,0,4,1,6,2,37,7,998,1,9,-1,1,-1
201597BD02408,1,9,0,17,0,0,1,0,1,4,1,1,6,2,20,4,1242,1,-1,-1,1,-1
201597BD02409,1,19,0,6,0,1,0,0,0,0,1,2,6,3,30,6,-1,-1,-1,-1,-1,-1
201597BD02409,2,3,0,13,0,1,0,0,0,0,1,1,6,1,27,6,125,1,-1,-1,1,-1
201597BD02411,1,9,0,18,0,1,0,0,0,0,1,1,6,1,40,7,1796,1,12,-1,1,-1
201597BD02503,1,9,0,7,0,2,0,0,0,0,0,1,6,2,30,6,1587,1,12,-1,-1,-1
201597BD02503,2,9,0,18,9,1,1,10,1,0,1,1,6,1,29,6,973,1,12,-1,1,-1
201597BD02504,1,9,0,7,0,8,0,0,0,0,3,1,6,3,51,8,-1,-1,-1,-1,-1,-1
201597BD02504,2,1,0,18,0,8,0,0,0,0,4,1,6,1,51,8,-1,-1,-1,-1,1,-1
201597BD02505,1,9,0,9,0,1,0,0,0,0,4,1,2,1,23,5,1339,1,5,-1,1,-1
201597BD02505,2,19,0,18,0,1,0,0,0,0,1,1,1,1,28,6,1560,2,1,-1,1,-1
201597BD02509,1,9,0,1,0,0,0,0,0,0,2,1,6,1,45,7,2231,2,3,-1,3,-1
201597BD02702,1,9,0,18,0,8,0,0,0,0,1,1,6,1,50,8,1229,1,8,-1,1,-1
201597BD02702,2,9,0,18,0,8,0,0,0,0,4,1,6,2,31,6,998,1,2,-1,1,-1
201597BD02706,1,9,0,5,0,0,0,0,0,0,1,1,6,2,23,5,1398,1,4,-1,1,-1
201597BD02706,2,9,0,5,0,0,0,0,0,0,2,1,6,1,28,6,1998,1,10,-1,1,-1
201597BD02707,1,9,0,1,0,0,0,7,0,11,2,1,1,1,49,8,1560,2,4,-1,1,-1
201597BD02710,1,8,0,5,0,0,0,0,0,0,0,1,6,1,69,10,1598,2,1,-1,1,-1
201597BD02802,1,8,0,18,0,0,0,0,0,0,1,1,1,1,56,9,1896,2,6,-1,1,-1
201597BD02808,1,9,0,17,0,0,2,0,0,10,1,1,6,2,19,4,1997,2,11,-1,1,-1
201597BD02905,1,9,0,7,0,0,0,0,0,0,1,1,6,1,68,10,1242,1,6,-1,-1,-1
201597BD02905,2,9,0,2,0,0,0,0,0,0,1,1,6,3,40,7,1242,1,12,-1,-1,-1
201597BD02905,3,9,0,2,0,0,0,0,0,0,1,1,6,3,40,7,1242,1,2,-1,-1,-1
201597BD02907,1,9,0,18,0,0,0,0,0,0,1,1,6,1,40,7,1388,1,12,-1,1,-1
201597BD02907,2,9,0,18,0,0,0,0,0,0,1,1,6,2,37,7,-1,-1,-1,-1,1,-1
201597BD02911,1,9,0,18,0,0,0,0,0,0,1,1,6,1,47,8,1390,1,9,-1,1,-1
201597BD02911,2,9,0,18,0,0,0,0,0,0,2,1,6,1,56,9,1796,1,1,-1,-1,-1
201597BD03004,1,9,0,18,0,0,0,0,7,0,1,1,6,1,57,9,1399,1,11,-1,1,-1
201597BD03004,2,9,0,18,0,0,0,0,1,0,1,1,6,2,40,7,1997,2,-1,-1,2,-1
201597BD03005,1,9,0,9,0,2,0,0,0,0,1,1,2,2,29,6,1598,1,3,-1,1,-1
201597BD03005,2,9,0,2,6,2,0,0,0,0,2,1,6,1,60,9,-1,-1,-1,-1,1,-1
201597BD03109,1,9,0,9,0,8,0,0,0,0,1,1,2,1,48,8,1242,1,8,-1,1,-1
201597BD03109,2,9,0,18,0,8,0,0,0,0,3,1,2,1,24,5,-1,-1,-1,-1,1,-1
201597BD03204,1,9,0,3,0,0,0,0,0,0,1,1,6,2,41,7,1596,1,8,-1,-1,-1
201597BD03204,2,9,0,3,0,0,0,0,0,0,2,1,6,1,51,8,2199,2,5,-1,1,-1
201597BD03302,1,9,0,16,0,6,0,0,0,1,1,1,6,1,25,5,1349,1,8,-1,1,-1
201597BD03311,1,8,0,18,0,1,0,0,0,0,1,1,1,1,55,8,1560,2,3,-1,1,-1
201597BD03403,1,19,0,18,0,0,0,0,0,0,1,1,1,1,42,7,1248,2,1,-1,-1,-1
201597BD03403,2,9,0,18,0,0,0,0,0,0,2,1,1,1,34,6,1686,2,2,-1,1,-1
201597BD03405,1,9,0,18,0,0,0,0,0,0,1,1,6,1,63,9,1560,2,1,-1,1,-1
201597BD03504,1,9,0,18,0,0,0,0,0,0,1,1,6,1,28,6,-1,-1,-1,-1,-1,-1
201597BD03504,2,9,0,2,0,0,0,0,0,0,1,1,6,1,20,4,1956,2,2,-1,1,-1
201597BD03505,1,19,0,18,0,1,0,0,0,0,1,1,1,1,47,8,2198,2,6,-1,-1,-1
201597BD03505,2,9,0,17,0,1,0,0,0,0,4,1,6,2,31,6,1499,2,2,-1,2,-1
201597BD03509,1,8,0,18,0,0,0,0,0,0,3,1,1,1,27,6,1598,2,3,-1,1,-1
201597BD03509,2,8,0,15,0,0,0,10,5,0,1,1,1,1,68,10,1956,2,1,-1,1,-1
201597BD03511,1,9,0,5,0,0,0,0,0,0,3,1,3,1,30,6,1560,2,8,-1,1,-1
201597BD03511,2,9,0,14,0,0,0,0,0,0,4,1,3,2,27,6,1598,1,4,-1,-1,-1
201597BD03609,1,9,0,18,0,1,0,0,0,0,4,1,6,2,34,6,1598,2,3,-1,1,-1
201597BD03609,2,9,0,18,0,1,1,0,0,0,1,1,6,1,22,5,1398,2,11,-1,1,-1
201597BD03609,3,9,0,2,0,1,0,0,0,0,2,1,6,3,22,5,-1,-1,-1,-1,-1,-1
201597BD03709,1,9,0,18,9,0,0,0,1,0,1,1,6,2,28,6,1598,2,1,-1,1,-1
201597BD03712,1,9,0,18,0,1,0,0,0,0,1,1,6,1,57,9,1560,2,2,-1,1,-1
201597BD03712,2,9,0,18,0,1,0,0,0,0,2,1,6,1,51,8,1956,2,1,-1,1,-1
201597BD03802,1,9,0,7,0,0,0,0,0,0,1,1,6,1,51,8,2199,2,5,-1,1,-1
201597BD03802,2,3,0,18,0,0,0,0,0,0,1,1,6,1,18,4,124,1,4,-1,1,-1
201597BD04103,1,9,0,9,0,1,0,0,0,0,1,1,6,1,34,6,-1,-1,-1,-1,1,-1
201597BD04103,2,9,0,18,0,1,0,0,0,0,1,1,6,1,76,11,1596,1,1,-1,1,-1
201597BD04105,1,9,0,18,0,8,0,0,3,0,1,1,2,2,46,8,1390,1,8,-1,1,-1
201597BD04105,2,9,0,18,0,8,1,0,0,0,1,1,6,1,27,6,1995,2,4,-1,1,-1
201597BD04211,1,9,0,17,0,0,1,0,0,0,4,1,6,2,22,5,996,1,2,-1,1,-1
201597BD04211,2,9,0,18,0,0,0,0,0,0,1,1,6,2,21,5,1496,2,-1,-1,1,-1
201597BD04211,3,9,0,17,0,0,0,0,0,0,2,1,6,2,32,6,1560,2,1,-1,1,-1
201597BD04211,4,9,0,17,0,0,0,0,0,0,1,1,6,1,20,4,1242,1,11,-1,1,-1
201597BD04312,1,9,0,16,0,0,5,4,0,0,3,1,6,2,38,7,1598,2,-1,-1,1,-1
201597BD04312,2,9,0,2,0,0,0,0,7,0,3,1,6,2,28,6,1598,2,-1,-1,1,-1
201597BD04403,1,9,0,2,9,0,0,0,0,0,0,1,3,1,38,7,1598,1,9,-1,1,-1
201597BD04405,1,9,0,9,0,8,0,0,0,0,1,1,6,1,23,5,1398,1,5,-1,-1,-1
201597BD04405,2,9,0,4,0,8,0,0,0,0,3,1,6,1,27,6,1968,2,1,-1,1,-1
201597BD04503,1,9,0,4,0,6,0,0,0,0,1,1,6,1,29,6,-1,-1,-1,-1,3,-1
201597BD04503,2,9,0,18,0,8,0,0,0,0,4,1,6,2,67,10,1461,2,2,-1,1,-1
201597BD04511,1,9,0,17,0,2,0,0,0,0,3,1,6,1,65,9,1991,2,6,-1,-1,-1
201597BD04511,2,21,0,17,0,2,0,0,0,0,4,1,1,1,56,9,-1,-1,-1,-1,1,-1
201597BD04603,1,9,0,16,0,0,0,0,0,0,3,1,6,1,40,7,-1,-1,-1,-1,-1,-1
201597BD04611,1,9,0,18,0,2,0,0,0,0,1,1,2,2,27,6,1461,2,3,-1,1,-1
201597BD04711,1,20,0,18,0,8,0,0,0,0,1,1,1,1,28,6,-1,-1,-1,-1,3,-1
201597BD04711,2,9,0,18,0,8,0,0,0,0,2,1,6,2,48,8,1968,2,8,-1,1,-1
201597BD20301,1,9,0,6,0,0,0,0,0,0,1,1,6,1,30,6,-1,-1,-1,-1,-1,-1
201597BD20301,2,9,0,18,0,0,0,0,0,0,1,1,6,2,19,4,1349,1,6,-1,-1,-1
201597BD20701,1,9,0,18,0,0,0,0,0,0,1,1,6,1,68,10,1870,2,11,-1,-1,-1