Accident_Index,Vehicle_Reference,Vehicle_Type,Towing_and_Articulation,Vehicle_Manoeuvre,Vehicle_Location-Restricted_Lane,Junction_Location,Skidding_and_Overturning,Hit_Object_in_Carriageway,Vehicle_Leaving_Carriageway,Hit_Object_off_Carriageway,1st_Point_of_Impact,Was_Vehicle_Left_Hand_Drive?,Journey_Purpose_of_Driver,Sex_of_Driver,Age_of_Driver,Age_Band_of_Driver,Engine_Capacity_(CC),Propulsion_Code,Age_of_Vehicle,Driver_IMD_Decile,Driver_Home_Area_Type,Vehicle_IMD_Decile
201597GA03108,2,9,0,4,0,0,0,0,0,0,2,1,2,2,31,6,1598,2,2,-1,1,-1
201597GA03202,1,9,0,11,0,0,0,0,0,0,0,1,6,2,30,6,1896,2,8,-1,1,-1
201597GA03202,2,9,0,18,0,0,0,0,0,0,4,1,6,2,57,9,1242,1,2,-1,2,-1
201597GA03205,1,9,0,4,0,1,0,0,0,0,1,1,2,2,26,6,1905,2,18,-1,1,-1
201597GA03207,1,9,0,4,0,1,0,0,0,0,1,1,2,1,30,6,1461,2,1,-1,1,-1
201597GA03207,2,9,0,4,0,1,0,0,0,0,2,1,2,1,33,6,1242,1,-1,-1,1,-1
201597GA03211,1,9,0,18,0,1,0,0,0,0,1,1,2,2,24,5,998,1,-1,-1,-1,-1
201597GA03211,2,9,0,9,0,6,0,0,0,0,1,1,1,1,54,8,1956,2,2,-1,1,-1
201597GA03305,1,11,0,4,0,0,0,0,0,0,1,1,1,1,35,6,7300,2,9,-1,1,-1
201597GA03306,1,9,0,3,0,0,0,0,0,0,4,1,2,1,36,7,1995,1,7,-1,1,-1
201597GA03306,2,1,0,18,0,0,0,0,0,0,1,1,6,1,28,6,-1,-1,-1,-1,-1,-1
201597GA03310,1,9,0,9,0,8,0,0,0,0,1,1,6,2,71,10,1198,1,5,-1,1,-1
201597GA03310,2,4,0,18,0,8,0,0,0,0,1,1,6,1,22,5,125,1,5,-1,-1,-1
201597GA03401,1,20,0,7,0,0,0,0,0,0,3,1,1,1,38,7,12902,2,2,-1,3,-1
201597GA03402,1,4,0,18,0,8,0,0,0,0,1,1,2,1,24,5,125,1,1,-1,1,-1
201597GA03402,2,19,0,9,0,1,0,0,0,0,4,1,2,1,46,8,2143,2,4,-1,1,-1
201597GA03501,1,9,0,5,0,1,0,0,0,0,4,1,6,1,50,8,1461,2,2,-1,1,-1
201597GA03502,1,2,0,18,0,1,0,0,0,0,1,1,1,1,32,6,125,1,1,-1,1,-1
201597GA03502,2,9,0,18,0,1,0,0,0,0,2,1,6,2,35,6,1598,1,5,-1,-1,-1
201597GA03510,1,9,0,9,0,4,0,0,0,0,3,1,1,1,63,9,1753,2,14,-1,-1,-1
201597GA03510,2,1,0,18,0,8,0,0,0,0,1,1,2,1,28,6,-1,-1,-1,-1,1,-1
201597GA03511,1,9,0,9,0,8,0,0,0,0,1,1,1,1,51,8,1995,2,2,-1,1,-1
201597GA03511,2,1,0,18,0,8,0,0,0,0,1,1,1,1,50,8,-1,-1,-1,-1,1,-1
201597GA03606,1,9,0,9,0,8,0,0,0,1,2,1,6,1,46,8,1198,1,3,-1,1,-1
201597GA03606,2,9,0,18,0,1,0,0,0,0,1,1,2,2,23,5,998,1,13,-1,1,-1
201597GA03607,1,11,0,18,0,2,0,0,0,0,4,1,1,1,51,8,6700,2,-1,-1,1,-1
201597GA03608,1,9,0,5,0,0,0,0,7,4,1,1,6,2,67,10,2199,2,-1,-1,1,-1
201597GA03608,2,9,0,2,0,0,0,0,0,0,2,1,6,3,30,6,1995,1,11,-1,-1,-1
201597GA03608,3,9,0,2,0,0,0,0,0,0,2,1,6,3,30,6,1364,1,6,-1,-1,-1
201597GA03608,4,9,0,2,0,0,0,0,0,0,2,1,6,3,30,6,2184,2,1,-1,-1,-1
201597GA03612,1,19,0,18,0,0,0,0,1,1,1,1,6,1,47,8,1968,2,-1,-1,1,-1
201597GA03704,1,9,0,18,0,2,0,0,0,0,3,1,2,2,62,9,1339,1,8,-1,1,-1
201597GA03705,1,9,0,18,0,0,0,0,0,0,0,1,6,2,50,8,1598,2,2,-1,-1,-1
201597GA03806,1,9,0,5,0,4,0,0,0,0,1,1,6,2,22,5,1229,1,6,-1,1,-1
201597GA03806,2,1,0,18,0,3,0,0,0,0,4,1,6,1,55,8,-1,-1,-1,-1,1,-1
201597GA03812,1,9,0,16,0,0,0,4,0,0,4,1,6,1,21,5,1364,1,8,-1,1,-1
201597GA03812,2,9,0,2,0,0,0,0,0,0,2,1,6,3,45,7,2231,2,8,-1,-1,-1
201597GA03908,1,9,0,10,0,6,0,0,0,0,3,1,6,2,28,6,1149,1,-1,-1,1,-1
201597GA03908,2,4,0,18,0,1,0,0,0,0,1,1,6,1,27,6,124,1,5,-1,1,-1
201597GA03910,1,11,0,18,3,0,0,0,0,0,2,1,6,2,49,8,6370,2,7,-1,1,-1
201597GA04004,1,9,0,3,0,0,0,0,0,0,1,1,2,1,42,7,1229,1,2,-1,1,-1
201597GA04004,2,9,0,1,0,0,0,0,0,0,0,1,1,1,32,6,1598,2,2,-1,1,-1
201597GA04004,3,9,0,2,0,0,0,0,0,0,0,1,6,2,34,6,1598,1,6,-1,1,-1
201597GA04006,1,9,0,18,0,1,0,0,0,0,3,1,6,1,21,5,2967,2,1,-1,-1,-1
201597GA04006,2,5,0,18,0,1,0,0,0,0,4,1,6,1,47,8,-1,-1,-1,-1,1,-1
201597GA04008,1,9,0,17,0,8,0,0,0,0,1,1,6,1,30,6,1242,1,13,-1,-1,-1
201597GA04008,2,9,0,9,0,8,0,0,0,0,3,1,6,1,24,5,1339,1,4,-1,1,-1
201597GA04210,1,9,0,18,0,0,1,4,0,0,1,1,6,1,41,7,1984,1,13,-1,1,-1
201597GA04210,2,9,0,2,0,0,0,0,0,0,2,1,6,3,30,6,1242,1,10,-1,-1,-1
201597GA04210,3,9,0,2,0,0,0,0,0,0,1,1,6,3,30,6,1956,2,3,-1,1,-1
201597GA04210,4,9,0,2,0,0,1,0,0,0,1,1,6,1,30,6,1461,2,1,-1,1,-1
201597GA04212,1,4,0,4,0,1,1,0,0,0,4,1,1,1,49,8,250,1,3,-1,1,-1
201597GA04310,1,9,0,18,0,0,0,0,0,0,1,1,3,1,45,7,1560,2,9,-1,1,-1
201597GA04410,1,9,0,18,0,1,0,0,0,0,2,1,6,1,40,7,2500,1,14,-1,1,-1
201597GA70103,1,9,0,18,0,0,0,0,0,0,1,1,2,1,46,8,1968,2,10,-1,1,-1
201597GA70103,2,9,0,10,0,0,0,0,0,0,2,1,6,1,22,5,1598,2,4,-1,1,-1
201597GA70104,1,9,0,18,0,0,0,0,0,0,1,1,6,2,18,4,1390,1,13,-1,1,-1
201597GA70104,2,9,0,18,0,0,0,0,0,0,2,1,6,2,21,5,1598,1,2,-1,1,-1
201597GA70106,1,9,0,18,0,1,0,0,0,0,3,1,6,1,56,9,1598,1,2,-1,1,-1
201597GA70106,2,9,0,18,0,1,0,0,0,0,1,1,1,1,53,8,1896,2,6,-1,1,-1
201597GA70107,1,9,0,16,0,0,0,0,0,7,4,1,2,2,48,8,1598,1,7,-1,1,-1
201597GA70108,1,9,0,18,0,0,0,0,0,0,3,1,2,1,50,8,1595,1,7,-1,-1,-1
201597GA70108,2,9,0,18,0,0,0,0,0,0,4,1,6,1,70,10,2204,2,7,-1,3,-1
201597GA70109,1,9,0,9,0,0,0,0,0,0,1,1,1,1,32,6,1560,2,3,-1,2,-1
201597GA70109,2,9,0,18,0,0,0,0,0,0,1,1,2,1,35,6,1598,1,5,-1,1,-1
201597GA70111,1,11,0,18,2,0,0,0,0,0,1,1,1,1,53,8,6370,2,7,-1,1,-1
201597GA70201,1,9,0,18,0,0,0,0,0,0,1,1,6,1,62,9,1686,2,2,-1,1,-1
201597GA70201,2,9,0,18,0,0,0,0,0,0,2,1,2,2,26,6,1686,2,4,-1,1,-1
201597GA70202,1,21,1,18,0,0,0,0,0,0,2,1,1,1,62,9,11946,2,6,-1,1,-1
201597GA70202,2,21,1,18,0,0,0,0,0,0,1,1,1,1,40,7,12130,2,11,-1,-1,-1
201597GA70203,1,8,0,18,0,1,0,0,0,0,3,1,1,1,45,7,1968,2,5,-1,1,-1
201597GA70206,1,9,0,18,0,8,0,0,0,0,1,1,6,1,20,4,1968,2,1,-1,1,-1
201597GA70206,2,9,0,18,0,8,0,0,0,0,4,1,6,1,28,6,1339,1,9,-1,1,-1
201597GA70209,1,9,0,12,0,7,1,0,0,0,1,1,6,1,17,4,1596,1,1,-1,2,-1
201597GA70209,2,9,0,3,0,6,0,0,0,0,2,1,6,1,39,7,2979,1,1,-1,1,-1
201597GA70212,1,9,0,18,0,0,0,0,0,0,1,1,6,1,22,5,1984,1,2,-1,1,-1
201597GA70212,2,9,0,3,0,0,0,0,0,0,2,1,2,1,29,6,1968,2,3,-1,1,-1
201597GA70212,3,9,0,3,0,0,0,0,0,0,2,1,2,2,28,6,1339,1,3,-1,1,-1
201597GA70301,1,9,0,18,0,5,0,0,1,7,1,1,6,1,21,5,1461,2,10,-1,1,-1
201597GA70304,1,9,0,18,0,0,0,0,0,0,1,1,6,1,36,7,1598,1,9,-1,1,-1
201597GA70304,2,9,0,18,0,0,0,0,0,0,2,1,2,2,52,8,1598,1,3,-1,1,-1
201597GA70305,1,11,0,18,0,0,0,0,0,0,1,1,1,1,49,8,5900,2,9,-1,1,-1
201597GA70305,2,22,0,18,0,0,0,0,0,0,3,1,6,2,42,7,-1,-1,-1,-1,1,-1
201597GA70309,1,21,1,11,0,0,0,0,0,0,4,1,1,1,45,7,12900,2,3,-1,1,-1
201597GA70309,2,8,0,18,0,0,1,0,0,0,3,1,6,1,46,8,1896,2,7,-1,1,-1
201597GA70311,1,9,0,4,0,1,0,0,0,0,1,1,6,2,90,11,998,1,2,-1,1,-1
201597GA70311,2,19,0,3,0,1,0,0,0,0,2,1,1,1,28,6,1996,2,2,-1,1,-1
201597GA70403,1,9,0,18,0,0,1,0,0,7,1,1,6,1,19,4,1493,1,20,-1,1,-1
201597GA70406,1,9,0,18,0,1,0,0,0,0,1,1,6,1,28,6,1794,1,11,-1,1,-1
201597GA70409,1,9,0,5,0,0,0,0,0,0,3,1,6,2,29,6,1386,1,5,-1,1,-1
201597GA70409,2,8,0,18,0,0,0,0,0,0,4,1,6,1,56,9,1560,2,4,-1,1,-1
201597GA70501,1,9,0,18,0,8,0,0,4,10,1,1,6,1,43,7,-1,-1,-1,-1,1,-1
201597GA70501,2,9,0,18,0,8,0,0,0,0,3,1,6,1,38,7,1998,1,-1,-1,1,-1
201597GA70505,1,21,0,18,0,0,1,0,0,0,1,1,1,1,49,8,7146,2,2,-1,1,-1
201597GA70505,2,9,0,18,0,0,1,0,0,0,1,1,6,2,43,7,2179,2,-1,-1,1,-1
201597GA70505,3,9,0,18,0,0,1,0,0,0,1,1,1,1,43,7,-1,-1,-1,-1,1,-1
201597GA70505,4,19,0,4,0,0,0,0,0,0,2,1,6,2,40,7,-1,-1,-1,-1,3,-1
201597GA70507,1,9,0,18,0,4,0,0,0,0,3,1,6,2,50,8,1248,1,1,-1,-1,-1
201597GA70507,2,1,0,18,0,3,0,0,0,0,4,1,2,2,48,8,-1,-1,-1,-1,1,-1
201597GA70509,1,9,0,18,0,0,0,0,0,0,1,1,6,1,55,8,1086,1,4,-1,1,-1
201597GA70509,2,9,0,18,0,0,0,0,0,0,2,1,6,1,50,8,1995,2,4,-1,1,-1
201597GA70601,1,9,0,3,0,0,0,0,0,0,1,1,2,2,36,7,1499,2,2,-1,1,-1
201597GA70601,2,19,0,3,0,0,0,0,0,0,2,1,1,1,21,5,1598,2,1,-1,-1,-1
201597GA70603,1,9,0,18,0,0,0,4,0,0,1,1,6,1,30,6,1995,2,5,-1,1,-1
201597GA70603,2,19,0,2,0,0,0,0,0,0,2,1,6,1,48,8,-1,-1,-1,-1,1,-1
201597GA70603,3,20,0,2,0,0,0,0,0,0,2,1,1,1,62,9,-1,-1,-1,-1,1,-1
201597GA70605,1,9,0,18,0,0,0,0,0,0,1,1,6,1,68,10,1596,1,6,-1,1,-1
201597GA70605,2,9,0,18,0,0,0,0,0,0,2,1,6,1,45,7,1362,1,2,-1,1,-1
201597GA70605,3,9,0,3,0,0,0,0,0,0,2,1,1,1,42,7,1968,2,5,-1,1,-1
201597GA70612,1,9,0,18,0,1,0,0,0,0,1,1,6,2,54,8,1248,1,2,-1,-1,-1
201597GA70612,2,9,0,4,0,1,0,0,0,0,2,1,2,2,38,7,1360,1,7,-1,1,-1
201597GA70612,3,9,0,4,0,1,0,0,0,0,2,1,6,1,57,9,1995,2,2,-1,-1,-1
201597GA70710,1,9,0,4,0,0,0,0,0,0,1,1,6,1,38,7,998,1,13,-1,1,-1
201597GA70710,2,9,0,4,0,0,0,0,0,0,2,1,6,1,26,6,-1,-1,-1,-1,3,-1
201597GA70710,3,9,0,4,0,0,0,0,0,0,2,1,6,1,44,7,1968,2,3,-1,-1,-1
201597GA70711,1,9,0,18,0,0,0,0,0,0,1,1,2,1,51,8,1390,1,7,-1,1,-1
201597GA70711,2,19,0,18,0,0,0,0,0,0,2,1,1,1,19,4,1598,2,2,-1,2,-1
201597GA70711,3,19,0,18,0,0,0,0,0,0,2,1,1,1,42,7,1461,2,4,-1,1,-1
201597GA70810,1,9,0,18,0,0,0,0,0,0,1,1,6,3,30,6,1199,1,11,-1,-1,-1
201597GA70811,1,9,0,12,0,0,0,0,0,0,1,1,2,1,25,5,1956,2,3,-1,1,-1
201597GA70811,2,9,0,4,0,0,0,0,0,0,2,1,6,1,19,4,1390,1,14,-1,1,-1
201597GA70811,3,9,0,4,0,0,0,0,0,0,2,1,1,2,22,5,1461,2,4,-1,1,-1
201597GA70812,1,9,0,16,0,7,2,0,4,6,3,1,6,1,21,5,1390,1,14,-1,1,-1
201597GA70910,1,9,0,11,0,0,0,0,0,0,0,1,6,1,35,6,-1,-1,-1,-1,-1,-1
201597GA70910,2,9,0,18,0,0,1,0,0,0,2,1,6,1,20,4,1390,1,12,-1,-1,-1
201597GA70910,3,9,0,18,0,0,1,0,0,0,1,1,6,2,35,6,1796,1,8,-1,-1,-1
201597GA70910,4,9,0,18,0,0,1,0,0,0,1,1,2,3,20,4,1229,1,4,-1,-1,-1
201597GA70910,5,9,5,18,0,0,1,0,0,0,1,1,6,1,25,5,1598,1,1,-1,1,-1
201597GA70912,1,9,0,18,0,1,0,0,0,0,1,1,6,2,55,8,1360,1,9,-1,1,-1
201597GA70912,2,9,0,18,0,1,0,0,1,0,3,1,6,2,40,7,1198,1,1,-1,1,-1
201597GA71003,1,9,0,18,0,7,0,0,0,0,1,1,1,1,62,9,-1,-1,-1,-1,1,-1
201597GA71003,2,9,0,18,0,7,0,0,0,0,2,1,2,2,49,8,1149,1,4,-1,1,-1
201597GA71011,1,9,0,18,0,1,0,0,0,0,1,1,6,2,55,8,1339,1,1,-1,2,-1
201597GA71011,2,9,0,18,0,1,0,0,0,0,2,1,6,2,33,6,1598,1,10,-1,1,-1
201597GA71112,1,9,0,4,0,8,2,0,0,0,1,1,6,2,28,6,1298,1,12,-1,1,-1
201597GA71112,2,21,0,4,0,8,0,0,0,0,4,1,1,1,57,9,4580,2,2,-1,3,-1
201597GA71312,1,9,0,18,0,8,0,0,0,0,1,1,6,2,30,6,1364,1,5,-1,1,-1
201597GA71312,2,9,0,3,0,8,0,0,0,0,2,1,6,1,25,5,2198,1,12,-1,1,-1
201597GA71312,3,9,0,3,0,8,0,0,0,0,2,1,6,2,30,6,1560,2,1,-1,1,-1
201597GA71312,4,9,0,3,0,8,0,0,0,0,2,1,6,1,37,7,1796,1,8,-1,1,-1
201597GA71412,1,9,0,5,0,1,0,0,0,0,1,1,1,2,52,8,1998,1,18,-1,1,-1
201597GA71412,2,9,0,5,0,1,0,0,0,0,2,1,1,1,28,6,1896,2,8,-1,1,-1
201597GA71412,3,9,0,3,0,1,0,0,0,0,2,1,6,1,21,5,1986,2,7,-1,1,-1
201597GA71911,1,9,0,18,0,0,0,0,0,0,1,1,6,1,33,6,1590,1,14,-1,1,-1
201597GA71911,2,9,0,18,0,0,0,0,5,6,2,1,6,1,33,6,3050,2,21,-1,1,-1
201597GB00106,1,9,0,9,0,1,0,0,0,0,1,1,6,1,26,6,1968,2,1,-1,1,-1
201597GB00106,2,5,0,4,0,1,0,0,0,0,1,1,1,1,48,8,599,1,4,-1,1,-1
201597GB00106,3,9,0,3,0,1,0,0,0,0,1,1,6,2,50,8,1995,2,11,-1,1,-1
201597GB01611,1,9,0,9,0,8,0,0,6,0,1,1,6,1,50,8,1598,1,11,-1,1,-1
201597GB01611,2,9,0,3,0,8,0,0,0,0,3,1,6,1,19,4,998,1,7,-1,1,-1
201597GB20104,1,9,0,4,0,1,0,0,0,0,4,1,2,2,44,7,1229,1,6,-1,1,-1
201597GB20108,1,9,0,5,0,0,0,0,0,0,1,1,6,2,20,4,1299,1,10,-1,1,-1
201597GB20108,2,9,0,18,0,0,0,0,0,0,4,1,6,2,60,9,1798,1,2,-1,-1,-1
201597GB20108,3,11,0,2,0,0,0,0,0,0,2,1,1,1,47,8,9360,2,8,-1,1,-1
201597GB20205,1,9,0,16,0,0,1,0,0,11,1,1,6,1,18,4,1149,1,9,-1,2,-1
201597GB20209,1,9,0,18,0,8,0,0,0,0,1,1,6,1,58,9,1390,1,6,-1,-1,-1
201597GB20209,2,1,0,18,0,8,0,0,0,0,4,1,6,1,50,8,-1,-1,-1,-1,1,-1
201597GB20212,1,9,0,18,0,1,0,0,0,0,1,1,6,1,-1,-1,2993,2,2,-1,-1,-1
201597GB20212,2,9,0,18,0,1,0,0,0,0,1,1,6,2,44,7,1149,1,5,-1,1,-1
201597GB20301,1,9,0,18,0,1,0,0,0,0,1,1,1,2,28,6,1968,2,1,-1,1,-1
201597GB20301,2,9,0,18,0,1,0,0,0,0,2,1,6,1,45,7,1598,2,3,-1,1,-1
201597GB20302,1,9,0,16,0,0,0,0,0,0,4,1,3,2,44,7,-1,-1,-1,-1,1,-1
201597GB20308,1,9,0,18,0,0,0,0,0,0,1,1,6,2,49,8,1360,1,12,-1,1,-1
201597GB20308,2,9,0,18,0,0,0,0,0,0,2,1,6,1,20,4,1242,1,6,-1,1,-1
201597GB20308,3,9,0,2,0,0,0,0,0,0,2,1,6,2,25,5,1598,1,13,-1,1,-1
201597GB20312,1,9,0,18,0,0,0,0,0,0,1,1,3,1,44,7,1248,2,6,-1,1,-1
201597GB20404,1,90,0,18,0,8,0,0,0,0,1,1,1,1,46,8,6370,2,13,-1,1,-1
201597GB20404,2,9,0,7,0,8,1,0,3,10,4,1,1,1,44,7,1560,2,6,-1,1,-1
201597GB20408,1,9,0,2,0,0,0,0,0,0,4,1,6,1,28,6,1956,2,3,-1,1,-1
201597GB20408,2,1,0,15,4,0,0,0,0,0,1,1,2,2,38,7,-1,-1,-1,-1,1,-1
201597GB20503,1,9,0,18,0,0,0,0,0,0,4,1,6,2,30,6,1975,1,7,-1,1,-1
201597GB20504,1,21,0,18,0,1,0,0,0,0,1,1,1,1,36,7,7146,2,7,-1,1,-1
201597GB20504,2,9,0,3,0,1,0,0,0,0,2,1,6,1,42,7,1598,1,12,-1,1,-1
201597GB20504,3,9,0,18,0,1,0,0,0,0,2,1,6,1,53,8,1229,1,5,-1,1,-1
201597GB20512,1,9,0,18,0,2,0,0,3,11,1,1,6,2,55,8,1396,1,4,-1,1,-1
201597GB20512,2,9,0,18,0,2,0,0,0,0,4,1,6,2,21,5,1560,2,1,-1,1,-1
201597GB20602,1,9,0,5,0,1,0,0,0,0,1,1,2,2,36,7,2199,2,3,-1,1,-1
201597GB20602,2,1,0,11,0,3,0,0,0,0,4,1,6,1,46,8,-1,-1,-1,-1,1,-1
201597GB20612,1,9,0,4,0,1,0,0,0,0,1,1,1,2,46,8,1896,2,10,-1,1,-1
201597GB20612,2,19,0,3,0,1,0,0,0,0,2,1,1,1,56,9,1995,2,1,-1,1,-1
201597GB20612,3,19,0,3,0,1,0,0,0,0,2,1,1,1,54,8,2198,2,1,-1,1,-1
201597GB20709,1,9,0,18,0,1,0,0,0,0,1,1,6,1,49,8,1990,1,18,-1,1,-1
201597GB20709,2,9,0,2,0,1,0,0,0,0,3,1,6,2,46,8,1598,1,1,-1,1,-1
201597GB20709,3,9,0,2,0,1,0,0,0,0,2,1,6,2,40,7,1968,2,6,-1,1,-1
201597GB20710,1,9,0,15,0,2,0,4,0,0,1,1,6,1,20,4,1995,2,11,-1,-1,-1
201597GB20710,2,9,0,2,0,2,0,0,0,0,2,1,6,2,56,9,1560,2,1,-1,1,-1
201597GB20805,1,9,0,18,0,1,0,0,0,0,4,1,6,2,30,6,1598,2,1,-1,3,-1
201597GB20906,1,9,0,16,0,0,0,0,0,2,1,1,6,1,89,11,1341,1,14,-1,1,-1
201597GB20907,1,9,0,18,0,2,0,0,0,0,1,1,1,1,53,8,1686,2,5,-1,1,-1
201597GB21001,1,9,0,11,0,3,0,0,0,0,2,1,6,2,48,8,1685,2,1,-1,3,-1
201597GB21001,2,9,0,18,0,3,0,0,0,0,1,1,6,2,39,7,2993,2,8,-1,3,-1
201597GB21003,1,19,0,18,0,0,0,0,0,0,1,1,2,1,62,9,1686,2,12,-1,-1,-1
201597GB21005,1,9,0,15,0,0,0,0,0,0,1,1,6,1,65,9,1339,1,5,-1,1,-1
201597GB21005,2,9,0,18,0,0,0,0,0,0,4,1,6,1,81,11,998,1,-1,-1,1,-1
201597GB21010,1,9,0,2,4,0,0,0,0,0,3,1,2,2,56,9,1339,1,-1,-1,1,-1
201597GB21010,2,1,0,18,4,0,0,8,0,0,1,1,2,1,55,8,-1,-1,-1,-1,1,-1
201597GB21012,1,9,0,9,0,8,0,0,0,0,4,1,6,1,31,6,1968,2,1,-1,3,-1
201597GB21012,2,9,0,18,0,8,0,0,0,0,1,1,6,1,72,10,1461,2,4,-1,1,-1
201597GB21101,1,9,0,16,0,0,0,0,0,0,4,1,6,2,22,5,1490,1,9,-1,1,-1
201597GB21102,1,9,0,4,0,0,0,0,0,0,1,1,6,1,72,10,1339,1,6,-1,1,-1
201597GB21102,2,9,0,4,0,0,0,0,0,0,2,1,6,1,44,7,1686,2,4,-1,1,-1
201597GB21103,1,9,0,3,0,7,0,0,0,0,1,1,6,1,30,6,1388,1,11,-1,1,-1
201597GB21103,2,9,0,5,0,7,0,0,0,0,2,1,6,3,30,6,2698,2,7,-1,-1,-1
201597GB21109,1,9,0,9,0,8,0,0,0,0,4,1,6,1,34,6,1796,1,3,-1,1,-1
201597GB21109,2,1,0,18,0,8,0,0,0,0,1,1,2,1,41,7,-1,-1,-1,-1,1,-1
201597GB21205,1,9,0,18,0,2,0,0,0,0,1,1,2,2,42,7,1799,1,6,-1,1,-1
201597GB21205,2,9,0,18,0,2,0,0,0,0,1,1,2,2,54,8,1598,1,4,-1,1,-1
201597GB21205,3,9,0,18,0,2,0,0,0,0,2,1,2,2,63,9,1242,1,2,-1,1,-1
201597GB21207,1,9,0,18,0,8,0,0,0,0,4,1,2,2,26,6,1242,1,4,-1,1,-1
201597GB21207,2,11,0,18,0,8,0,0,0,0,1,1,1,1,64,9,9360,2,8,-1,1,-1
201597GB21208,1,9,0,18,0,8,0,0,0,0,4,1,6,1,34,6,1598,2,1,-1,1,-1
201597GB21208,2,9,0,18,0,8,0,0,0,0,4,1,6,1,58,9,1124,1,9,-1,1,-1
201597GB21210,1,9,0,5,0,4,0,0,0,0,1,1,6,2,60,9,998,1,2,-1,3,-1
201597GB21210,2,1,0,18,0,3,0,0,0,0,1,1,6,1,56,9,-1,-1,-1,-1,1,-1
201597GB21305,1,9,0,4,0,1,0,0,0,0,1,1,6,2,40,7,2231,2,3,-1,1,-1
201597GB21305,2,9,0,3,0,1,0,0,0,0,2,1,6,1,42,7,1596,1,8,-1,1,-1
201597GB21502,1,9,0,18,0,4,0,0,0,0,1,1,6,1,40,7,-1,-1,-1,-1,-1,-1
201597GB21502,2,1,0,18,0,8,0,0,0,0,4,1,2,1,50,8,-1,-1,-1,-1,1,-1
201597GB21507,1,9,0,18,0,0,0,0,0,0,1,1,6,1,29,6,1560,2,9,-1,1,-1
201597GB21507,2,9,0,3,0,0,0,0,0,0,2,1,6,1,20,4,1198,1,2,-1,1,-1
201597GB21507,3,9,0,3,0,0,0,0,0,0,2,1,6,2,58,9,1896,2,11,-1,1,-1
201597GB21507,4,9,0,3,0,0,0,0,0,0,2,1,6,1,47,8,2143,2,-1,-1,3,-1
201597GB21507,5,9,0,3,0,0,0,0,0,0,2,1,6,1,31,6,1364,1,8,-1,-1,-1
201597GB21705,1,1,0,18,0,0,0,0,0,0,1,1,2,1,23,5,-1,-1,-1,-1,1,-1
201597GB21705,2,8,0,2,0,0,0,0,0,0,2,1,6,1,47,8,1598,2,1,-1,1,-1
201597GB21711,1,19,0,4,0,8,1,0,0,0,1,1,1,1,29,6,2999,2,-1,-1,1,-1
201597GB21711,2,9,0,18,0,3,0,0,0,0,2,1,6,1,26,6,2204,2,7,-1,1,-1
201597GB21810,1,1,0,18,0,2,0,0,0,0,1,1,6,1,25,5,-1,-1,-1,-1,1,-1
201597GB21810,2,9,0,18,0,2,0,0,0,0,1,1,6,1,24,5,1248,2,8,-1,1,-1
201597GB21812,1,9,0,1,0,0,0,0,0,0,3,1,6,3,-1,-1,-1,-1,-1,-1,-1,-1
201597GB21909,1,9,0,18,0,2,0,0,0,0,1,1,1,2,39,7,1395,1,2,-1,1,-1
201597GB21909,2,9,0,18,0,1,0,0,0,0,0,1,1,1,62,9,1968,2,1,-1,1,-1
201597GB21911,1,9,0,18,0,0,0,0,0,0,1,1,6,1,31,6,1796,1,6,-1,1,-1
201597GB21911,2,9,0,4,0,0,0,0,0,0,1,1,1,1,27,6,1997,2,6,-1,1,-1
201597GB21912,1,9,0,18,0,1,0,0,0,0,1,1,6,1,29,6,1499,2,-1,-1,1,-1
201597GB21912,2,9,0,3,0,1,0,0,0,0,2,1,1,1,31,6,1956,2,2,-1,1,-1
201597GB22002,1,9,0,5,0,7,0,0,3,0,1,1,6,3,30,6,4163,1,7,-1,-1,-1
201597GB22002,2,9,0,18,0,7,0,0,0,0,2,1,1,2,64,9,2143,2,3,-1,2,-1
201597GB22005,1,8,0,4,0,0,0,0,0,0,4,1,4,2,33,6,1799,1,5,-1,1,-1
201597GB22009,1,9,0,7,3,8,0,0,0,0,4,1,3,2,47,8,1598,1,3,-1,1,-1
201597GB22009,2,9,0,18,0,1,1,0,6,0,0,1,3,2,48,8,1560,2,5,-1,1,-1
201597GB22011,1,9,0,3,0,0,0,0,0,0,0,1,6,2,31,6,2000,2,9,-1,1,-1
201597GB22011,2,9,0,3,0,0,0,0,0,0,2,1,6,1,39,7,1388,1,6,-1,1,-1
201597GB22011,3,9,0,3,0,0,0,0,0,0,2,1,6,1,42,7,1560,2,4,-1,1,-1
201597GB22105,1,9,0,18,0,7,0,0,0,0,1,1,2,1,45,7,1389,1,13,-1,1,-1
201597GB22105,2,9,0,18,0,7,0,0,0,0,2,1,2,2,49,8,1248,1,2,-1,1,-1
201597GB22106,1,9,0,12,0,8,0,0,0,0,1,1,6,2,33,6,-1,-1,-1,-1,1,-1
201597GB22106,2,9,0,11,0,8,0,0,0,0,4,1,6,1,49,8,2494,2,2,-1,-1,-1
201597GB22112,1,9,0,18,0,4,0,0,0,0,1,1,6,1,57,9,898,1,1,-1,-1,-1
201597GB22112,2,9,0,18,0,3,0,0,0,0,1,1,2,2,20,4,998,1,13,-1,1,-1
201597GB22212,1,9,0,9,0,6,0,0,0,0,3,1,6,1,30,6,1149,1,13,-1,1,-1
201597GB22212,2,9,0,18,0,1,0,0,0,0,1,1,6,2,22,5,1560,2,4,-1,3,-1
201597GB22303,1,9,0,18,0,0,0,0,0,0,1,1,6,1,35,6,-1,-1,-1,-1,1,-1
201597GB22303,2,9,0,4,0,0,0,0,0,0,2,1,6,2,26,6,1229,1,4,-1,1,-1