Accident_Index,Vehicle_Reference,Vehicle_Type,Towing_and_Articulation,Vehicle_Manoeuvre,Vehicle_Location-Restricted_Lane,Junction_Location,Skidding_and_Overturning,Hit_Object_in_Carriageway,Vehicle_Leaving_Carriageway,Hit_Object_off_Carriageway,1st_Point_of_Impact,Was_Vehicle_Left_Hand_Drive?,Journey_Purpose_of_Driver,Sex_of_Driver,Age_of_Driver,Age_Band_of_Driver,Engine_Capacity_(CC),Propulsion_Code,Age_of_Vehicle,Driver_IMD_Decile,Driver_Home_Area_Type,Vehicle_IMD_Decile
201597GD00602,2,9,0,18,0,2,1,0,0,0,2,1,6,2,28,6,-1,-1,-1,-1,1,-1
201597GD00602,3,9,0,3,0,1,0,0,0,0,2,1,6,2,80,11,1998,1,11,-1,1,-1
201597GD00605,1,9,0,7,0,1,0,0,0,0,4,1,6,1,24,5,1968,2,4,-1,1,-1
201597GD00605,2,9,0,18,0,1,0,0,0,0,1,1,6,1,23,5,-1,-1,-1,-1,1,-1
201597GD00605,3,9,0,3,0,1,0,0,0,0,3,1,1,1,17,4,1686,2,6,-1,1,-1
201597GD00608,1,9,0,4,0,1,0,0,0,0,0,1,6,1,40,7,1753,2,7,-1,1,-1
201597GD00608,2,5,0,3,0,1,0,0,0,0,0,1,6,1,20,4,645,1,10,-1,1,-1
201597GD00702,1,9,0,18,0,0,0,0,0,0,1,1,2,2,28,6,-1,-1,-1,-1,1,-1
201597GD00708,1,9,0,7,0,5,0,4,7,10,1,1,6,1,23,5,1242,1,10,-1,1,-1
201597GD00708,2,9,0,2,0,1,0,0,0,0,0,1,2,2,28,6,1242,1,2,-1,1,-1
201597GD00708,3,9,0,2,0,1,0,0,0,0,0,1,6,1,41,7,1086,1,9,-1,1,-1
201597GD00710,1,9,0,18,0,1,0,0,0,0,1,1,6,1,51,8,-1,-1,-1,-1,3,-1
201597GD00710,2,9,0,9,0,8,0,0,0,0,1,1,6,2,23,5,1796,1,11,-1,1,-1
201597GD00802,1,9,0,18,9,0,0,0,1,4,1,1,6,1,31,6,2995,1,6,-1,1,-1
201597GD00805,1,9,0,7,0,2,0,0,0,0,2,1,6,2,65,9,1598,2,3,-1,1,-1
201597GD00809,1,9,0,9,0,1,0,0,0,0,4,1,6,1,19,4,1598,1,11,-1,1,-1
201597GD00809,2,9,0,18,0,1,0,0,0,0,4,1,6,2,28,6,1598,2,1,-1,-1,-1
201597GD00904,1,9,0,6,0,1,0,0,0,0,1,1,6,1,43,7,1598,1,10,-1,1,-1
201597GD00904,2,1,0,18,0,1,0,0,0,0,1,1,6,2,37,7,-1,-1,-1,-1,1,-1
201597GD00905,1,3,0,5,0,1,1,0,0,0,1,1,2,1,22,5,645,1,12,-1,1,-1
201597GD00905,2,9,0,9,0,1,0,0,0,0,3,1,2,1,34,6,-1,-1,-1,-1,1,-1
201597GD00906,1,9,0,4,0,0,0,0,0,0,1,1,6,1,37,7,1560,2,6,-1,1,-1
201597GD00906,2,9,0,18,0,0,0,0,0,0,2,1,6,1,29,6,1598,1,3,-1,1,-1
201597GD00907,1,9,0,1,0,0,0,0,1,11,1,1,6,2,55,8,1896,2,8,-1,1,-1
201597GD00909,1,11,0,18,0,1,0,0,0,0,0,1,2,1,47,8,7300,2,9,-1,1,-1
201597GD00912,1,9,0,5,0,1,1,0,1,0,4,1,2,1,56,9,1586,1,13,-1,-1,-1
201597GD01005,1,9,0,17,0,0,0,0,0,0,3,1,2,2,25,5,1242,1,3,-1,1,-1
201597GD01005,2,9,0,4,0,0,0,0,0,0,3,1,1,1,40,7,1560,2,2,-1,1,-1
201597GD01007,1,9,0,7,0,1,0,0,0,0,1,1,6,1,18,4,1198,1,3,-1,1,-1
201597GD01007,2,9,0,4,0,1,0,0,0,0,2,1,6,1,53,8,-1,-1,-1,-1,1,-1
201597GD01007,3,9,0,18,0,1,0,0,0,0,2,1,2,2,34,6,1598,1,11,-1,1,-1
201597GD01105,1,9,0,18,0,0,0,0,0,0,1,1,6,1,33,6,1560,2,1,-1,1,-1
201597GD01110,1,9,0,7,0,2,0,0,0,0,1,1,6,3,30,6,-1,-1,-1,-1,-1,-1
201597GD01111,1,9,0,18,0,8,1,0,0,0,1,1,6,2,49,8,1598,1,4,-1,1,-1
201597GD01111,2,9,0,5,0,8,1,0,0,0,3,1,2,1,33,6,1598,2,-1,-1,1,-1
201597GD01206,1,9,0,5,0,8,0,0,0,0,1,1,6,1,57,9,1598,1,3,-1,1,-1
201597GD01206,2,5,0,18,0,1,5,0,0,0,4,1,2,1,45,7,1352,1,6,-1,1,-1
201597GD01208,1,9,0,18,0,1,0,0,0,0,1,1,6,2,37,7,2143,2,3,-1,1,-1
201597GD01208,2,9,0,18,0,1,0,0,0,0,3,1,6,2,48,8,-1,-1,-1,-1,1,-1
201597GD01208,3,8,0,2,0,1,0,0,0,0,2,1,6,3,30,6,1598,2,4,-1,1,-1
201597GD01210,1,9,0,18,0,0,0,0,0,0,1,1,1,1,53,8,-1,-1,-1,-1,1,-1
201597GD01308,1,9,0,10,0,0,0,0,0,0,1,1,6,2,28,6,1397,1,6,-1,1,-1
201597GD01308,2,9,0,18,0,0,0,0,0,0,4,1,6,2,84,11,1390,1,6,-1,1,-1
201597GD01310,1,9,0,1,9,0,0,0,0,0,2,1,6,2,43,7,1598,1,5,-1,1,-1
201597GD01404,1,1,0,4,0,8,1,0,0,0,1,1,6,1,58,9,-1,-1,-1,-1,1,-1
201597GD01404,2,9,0,18,0,8,0,0,0,0,4,1,6,2,45,7,1198,1,2,-1,1,-1
201597GD01406,1,9,0,2,0,0,0,0,0,0,4,1,2,1,30,6,1339,1,12,-1,1,-1
201597GD01406,2,1,0,18,0,0,0,0,0,0,3,1,2,1,43,7,-1,-1,-1,-1,1,-1
201597GD01504,1,9,0,18,0,1,0,0,0,0,1,1,6,2,51,8,1248,1,5,-1,1,-1
201597GD01506,1,9,0,18,0,0,0,0,0,0,4,1,6,2,47,8,1490,1,7,-1,1,-1
201597GD01508,1,19,0,18,0,0,0,0,0,0,0,1,6,1,28,6,-1,-1,-1,-1,-1,-1
201597GD01509,1,11,0,18,0,1,0,0,0,0,1,1,1,1,60,9,6696,2,2,-1,1,-1
201597GD01610,1,9,0,4,0,0,0,0,0,0,0,1,6,1,36,7,1198,1,7,-1,1,-1
201597GD01610,2,11,0,4,0,0,0,0,0,0,0,1,1,1,35,6,8900,2,6,-1,1,-1
201597GD01705,1,9,0,6,0,1,0,0,1,0,2,1,6,2,35,6,2148,2,13,-1,-1,-1
201597GD01705,2,9,0,9,0,1,0,0,0,0,1,1,6,2,59,9,1242,1,5,-1,1,-1
201597GD01708,1,9,0,18,0,0,0,8,0,0,4,1,1,3,40,7,-1,-1,-1,-1,-1,-1
201597GD01708,2,9,0,4,0,0,0,0,0,0,0,1,6,1,20,4,1461,2,-1,-1,1,-1
201597GD01802,1,5,0,16,0,1,0,0,0,0,1,1,6,1,64,9,-1,-1,-1,-1,1,-1
201597GD01808,1,9,0,18,0,1,0,0,0,0,1,1,6,1,22,5,6208,1,2,-1,1,-1
201597GD01808,2,9,0,18,0,1,0,0,0,0,4,1,6,1,25,5,1598,2,1,-1,1,-1
201597GD01811,1,9,0,9,0,2,0,0,0,0,1,1,2,1,57,9,1560,2,2,-1,1,-1
201597GD01905,1,19,0,9,0,0,0,0,0,0,0,1,1,3,25,5,-1,-1,-1,-1,-1,-1
201597GD01905,2,11,0,9,0,0,0,0,0,0,0,1,1,1,40,7,3900,2,11,-1,1,-1
201597GD01906,1,21,0,18,0,1,0,0,0,0,4,1,1,1,26,6,10677,2,-1,-1,-1,-1
201597GD01906,2,9,0,18,0,1,1,0,0,0,3,1,6,2,39,7,1489,1,17,-1,3,-1
201597GD01910,1,9,0,13,0,0,0,0,0,0,4,1,6,1,24,5,-1,-1,-1,-1,1,-1
201597GD01910,2,1,0,18,0,0,0,0,0,0,3,1,2,2,23,5,-1,-1,-1,-1,1,-1
201597GD02001,1,9,0,15,0,0,0,0,0,0,4,1,6,1,53,8,1360,1,6,-1,1,-1
201597GD02101,1,11,0,5,0,8,0,0,0,0,0,1,1,1,56,9,9360,2,8,-1,1,-1
201597GD02103,1,9,0,18,0,1,0,0,0,11,1,1,1,2,48,8,1398,1,2,-1,1,-1
201597GD02103,2,9,0,9,0,1,0,0,0,11,1,1,1,2,53,8,1360,1,8,-1,1,-1
201597GD02110,1,9,0,16,0,1,0,0,0,0,1,1,3,2,48,8,1968,2,7,-1,1,-1
201597GD02110,2,9,0,4,0,1,0,0,0,0,1,1,2,1,32,6,1600,1,16,-1,1,-1
201597GD02202,1,2,0,18,0,0,5,0,0,0,1,1,6,1,33,6,125,1,10,-1,1,-1
201597GD02207,1,9,0,12,0,8,0,0,3,0,3,1,6,1,37,7,1956,2,4,-1,1,-1
201597GD02207,2,9,0,18,0,8,0,0,3,0,4,1,6,1,48,8,1995,2,6,-1,1,-1
201597GD02209,1,9,0,18,0,0,0,0,0,0,4,1,2,2,55,8,1685,2,3,-1,1,-1
201597GD02306,1,9,0,7,0,5,0,0,0,0,1,1,6,1,35,6,1400,1,15,-1,-1,-1
201597GD02306,2,9,0,10,0,1,0,0,0,0,3,1,6,2,52,8,998,1,-1,-1,1,-1
201597GD02310,1,90,0,16,0,1,1,0,0,0,1,1,1,1,32,6,9200,2,5,-1,1,-1
201597GD02310,2,9,0,9,0,1,0,0,0,0,2,1,6,2,46,8,1998,1,12,-1,1,-1
201597GD02310,3,19,0,3,0,1,0,0,0,0,1,1,1,1,31,6,2402,2,4,-1,1,-1
201597GD02404,1,19,0,4,0,1,0,0,0,0,1,1,6,1,54,8,2198,2,2,-1,1,-1
201597GD02404,2,8,0,4,0,1,0,0,0,0,1,1,6,1,54,8,1997,2,9,-1,1,-1
201597GD02502,1,9,0,18,0,1,0,0,0,0,1,1,6,1,30,6,-1,-1,-1,-1,-1,-1
201597GD02504,1,8,0,5,0,6,0,0,0,0,0,1,1,1,39,7,-1,-1,-1,-1,-1,-1
201597GD02601,1,8,0,18,0,0,0,7,0,1,1,1,1,1,51,8,2664,2,16,-1,1,-1
201597GD02605,1,9,0,18,0,2,0,0,0,0,1,1,6,3,28,6,-1,-1,-1,-1,-1,-1
201597GD02607,1,9,0,6,0,0,0,0,0,0,3,1,6,1,20,4,1598,2,2,-1,3,-1
201597GD02607,2,1,0,18,0,0,0,0,0,0,1,1,2,2,24,5,-1,-1,-1,-1,1,-1
201597GD02612,1,9,0,18,0,0,0,0,0,0,1,1,6,1,15,3,1995,2,11,-1,-1,-1
201597GD02612,2,9,0,18,0,0,0,0,0,0,1,1,1,1,62,9,1598,2,4,-1,1,-1
201597GD02704,1,9,0,9,0,8,0,0,0,0,4,1,2,1,30,6,1896,2,8,-1,1,-1
201597GD02704,2,1,0,18,0,8,0,0,0,0,3,1,6,2,34,6,-1,-1,-1,-1,1,-1
201597GD02705,1,1,0,18,0,2,1,0,0,0,4,1,6,1,16,4,-1,-1,-1,-1,1,-1
201597GD02705,2,9,0,18,0,2,0,0,0,0,4,1,6,2,57,9,2143,2,4,-1,1,-1
201597GD02712,1,17,0,5,0,0,0,0,0,0,1,1,1,1,55,8,-1,-1,-1,-1,-1,-1
201597GD02807,1,9,0,4,0,0,0,0,0,0,4,1,6,2,25,5,2987,2,2,-1,3,-1
201597GD02807,2,1,0,18,0,0,0,0,0,0,1,1,2,1,40,7,-1,-1,-1,-1,1,-1
201597GD02811,1,9,0,9,0,8,0,0,0,0,4,1,6,3,28,6,-1,-1,-1,-1,-1,-1
201597GD02905,1,9,0,18,0,4,0,0,0,0,3,1,6,1,22,5,1229,1,6,-1,1,-1
201597GD02905,2,1,0,18,0,3,0,0,0,0,1,1,2,1,40,7,-1,-1,-1,-1,1,-1
201597GD02907,1,8,0,6,0,8,0,0,0,0,3,1,1,1,42,7,1598,2,4,-1,1,-1
201597GD02907,2,9,0,18,0,8,0,0,0,0,1,1,6,1,18,4,1796,1,9,-1,1,-1
201597GD02907,3,9,0,2,0,1,0,0,0,0,3,1,6,3,30,6,1398,1,1,-1,-1,-1
201597GD02909,1,9,0,18,0,1,0,0,0,0,1,1,6,1,28,6,1242,1,12,-1,3,-1
201597GD02909,2,3,0,18,0,1,0,0,0,0,4,1,6,1,57,9,124,1,-1,-1,1,-1
201597GD03002,1,8,0,4,0,0,0,0,0,0,1,1,6,1,61,9,1896,2,6,-1,1,-1
201597GD03103,1,21,1,7,0,1,0,0,0,0,2,1,1,1,59,9,12900,2,7,-1,1,-1
201597GD03103,2,8,0,10,0,1,0,0,0,0,4,1,1,1,63,9,1560,2,1,-1,1,-1
201597GD03108,1,9,0,18,0,1,0,0,0,0,1,1,6,3,25,5,-1,-1,-1,-1,-1,-1
201597GD03109,1,9,0,5,0,8,0,0,0,0,4,1,6,2,25,5,1197,1,4,-1,3,-1
201597GD03109,2,9,0,9,0,8,0,0,0,0,1,1,6,2,33,6,1242,1,9,-1,-1,-1
201597GD03203,1,9,0,18,0,1,0,0,0,0,1,1,6,1,28,6,1329,1,5,-1,-1,-1
201597GD03207,1,9,0,18,0,4,0,0,0,0,1,1,6,1,26,6,1956,2,4,-1,-1,-1
201597GD03207,2,1,0,18,0,3,5,0,0,0,4,1,6,1,39,7,-1,-1,-1,-1,1,-1
201597GD03210,1,9,0,18,0,8,0,0,0,0,1,1,1,2,32,6,996,1,4,-1,1,-1
201597GD03210,2,9,0,5,0,8,0,0,0,0,3,1,1,1,61,9,-1,-1,-1,-1,1,-1
201597GD03306,1,9,0,2,0,0,0,8,0,0,3,1,6,2,51,8,1794,1,12,-1,1,-1
201597GD03306,2,1,0,18,0,0,0,0,0,0,1,1,2,1,40,7,-1,-1,-1,-1,1,-1
201597GD03404,1,9,0,18,9,0,0,0,7,3,1,1,6,1,31,6,1968,2,10,-1,1,-1
201597GD03405,1,9,0,2,0,0,0,0,0,0,3,1,6,1,30,6,-1,-1,-1,-1,-1,-1
201597GD03405,2,1,0,14,0,0,0,0,0,0,1,1,6,2,30,6,-1,-1,-1,-1,1,-1
201597GD03406,1,9,0,2,0,0,0,0,0,0,3,1,6,1,64,9,1796,2,2,-1,1,-1
201597GD03406,2,1,0,18,0,0,0,0,0,0,1,1,6,2,24,5,-1,-1,-1,-1,1,-1
201597GD03411,1,4,0,4,0,1,0,0,0,0,1,1,2,2,17,4,-1,-1,-1,-1,3,-1
201597GD03506,1,19,0,18,0,2,0,0,0,0,4,1,6,1,28,6,2148,2,11,-1,1,-1
201597GD03506,2,9,0,18,0,1,0,0,0,0,1,1,6,1,47,8,1997,2,10,-1,3,-1
201597GD03510,1,9,0,18,0,1,0,0,0,0,1,1,6,2,30,6,1198,1,3,-1,-1,-1
201597GD03510,2,9,0,3,0,1,0,0,0,0,2,1,6,1,30,6,1598,2,4,-1,1,-1
201597GD03601,1,9,0,2,0,0,0,4,0,0,3,1,6,1,40,7,1956,2,2,-1,1,-1
201597GD03601,2,1,0,18,0,0,0,8,0,0,1,1,2,1,43,7,-1,-1,-1,-1,1,-1
201597GD03606,1,9,0,5,0,1,0,0,0,0,1,1,6,1,30,6,3222,2,11,-1,-1,-1
201597GD03606,2,9,0,3,0,1,0,0,0,0,2,1,1,1,34,6,1956,2,2,-1,1,-1
201597GD03609,1,3,0,15,0,1,0,0,0,0,1,1,2,1,18,4,124,1,7,-1,1,-1
201597GD03609,2,9,0,5,0,1,0,0,0,0,3,1,2,1,29,6,1796,1,8,-1,1,-1
201597GD03612,1,21,0,18,0,1,0,0,7,0,1,1,1,1,41,7,2287,2,2,-1,1,-1
201597GD03708,1,4,0,18,0,1,0,0,0,0,1,1,6,2,28,6,-1,-1,-1,-1,-1,-1
201597GD03708,2,4,0,18,0,1,0,0,0,0,2,1,6,2,36,7,-1,-1,-1,-1,1,-1
201597GD03709,1,9,0,9,0,1,0,0,0,0,3,1,2,2,23,5,1198,1,3,-1,1,-1
201597GD03709,2,20,1,18,0,1,1,0,0,0,1,1,1,1,44,7,5666,2,17,-1,1,-1
201597GD03803,1,9,0,17,0,4,0,0,0,0,1,1,6,2,30,6,2143,2,6,-1,-1,-1
201597GD03803,2,1,0,16,0,3,0,0,0,0,3,1,6,1,30,6,-1,-1,-1,-1,1,-1
201597GD03806,1,9,0,17,0,1,1,10,0,0,1,1,6,1,38,7,2800,1,15,-1,1,-1
201597GD03806,2,9,0,10,0,5,0,0,0,0,2,1,6,1,45,7,1769,1,10,-1,-1,-1
201597GD03809,1,9,0,18,0,8,0,10,0,1,1,1,2,2,33,6,1364,1,7,-1,1,-1
201597GD03809,2,19,0,10,0,8,0,0,0,0,1,1,2,1,42,7,1998,2,9,-1,1,-1
201597GD03809,3,1,0,18,9,8,0,0,0,0,1,1,2,2,33,6,-1,-1,-1,-1,-1,-1
201597GD03810,1,9,0,18,0,0,0,0,0,0,1,1,6,1,20,4,1390,1,2,-1,1,-1
201597GD03810,2,9,0,10,0,0,0,0,0,0,2,1,6,2,38,7,1396,1,13,-1,1,-1
201597GD03904,1,3,0,4,9,4,2,0,0,0,4,1,2,1,28,6,-1,-1,-1,-1,-1,-1
201597GD03904,2,9,0,18,0,3,0,0,0,0,4,1,6,1,25,5,1995,2,4,-1,1,-1
201597GD03908,1,9,0,1,0,0,0,0,0,0,2,1,6,1,21,5,1229,1,1,-1,1,-1
201597GD03908,2,9,0,3,0,0,0,0,0,0,0,1,6,2,33,6,1461,2,-1,-1,1,-1
201597GD04005,1,9,0,4,0,1,1,0,0,0,1,1,1,1,30,6,1248,2,3,-1,-1,-1
201597GD04005,2,9,0,3,0,1,0,0,0,0,2,1,2,1,23,5,1798,1,8,-1,1,-1
201597GD04005,3,9,0,3,0,1,0,0,0,0,2,1,2,1,44,7,1968,2,3,-1,1,-1
201597GD04008,1,9,0,5,0,6,0,0,0,0,4,1,2,1,24,5,1360,1,12,-1,1,-1
201597GD04008,2,1,0,18,0,8,0,0,0,0,1,1,6,2,44,7,-1,-1,-1,-1,1,-1
201597GD04104,1,9,0,5,0,0,0,0,0,0,3,1,1,2,38,7,-1,-1,-1,-1,1,-1
201597GD04104,2,8,0,14,0,0,0,0,0,0,4,1,1,1,26,6,1896,2,8,-1,1,-1
201597GD04105,1,1,0,18,0,0,0,0,0,0,1,1,6,1,11,3,-1,-1,-1,-1,1,-1
201597GD04105,2,9,0,18,0,0,0,0,0,0,3,1,6,2,43,7,1598,1,10,-1,1,-1
201597GD04109,1,9,0,18,0,0,0,0,0,0,4,1,6,2,77,11,1240,1,9,-1,1,-1
201597GD04109,2,9,0,2,0,0,0,0,0,0,3,1,6,3,30,6,2987,2,3,-1,1,-1
201597GD04109,3,9,0,2,0,0,0,0,0,0,2,1,6,3,30,6,1397,1,6,-1,-1,-1
201597GD04111,1,9,0,9,0,1,0,0,0,0,0,1,6,2,30,6,1396,1,6,-1,-1,-1
201597GD04202,1,9,0,18,0,0,0,0,0,0,1,1,6,2,50,8,1896,2,9,-1,1,-1
201597GD04207,1,9,0,18,0,1,0,0,0,0,1,1,6,1,67,10,1896,2,7,-1,-1,-1
201597GD04207,2,9,0,3,0,1,0,0,0,0,2,1,6,1,33,6,1124,1,10,-1,1,-1
201597GD04303,1,9,0,18,0,6,0,0,0,0,1,1,6,1,27,6,-1,-1,-1,-1,1,-1
201597GD04303,2,9,0,18,0,1,0,0,0,0,1,1,6,2,17,4,1242,1,1,-1,1,-1
201597GD04304,1,9,0,4,0,0,0,0,0,0,1,1,2,2,27,6,998,1,6,-1,1,-1
201597GD04305,1,9,0,18,0,1,0,0,0,0,1,1,1,1,47,8,1794,1,14,-1,1,-1
201597GD04305,2,9,0,10,0,1,0,0,0,0,2,1,6,2,32,6,1587,1,8,-1,1,-1
201597GD04307,1,9,0,18,0,1,0,4,0,4,1,1,6,1,81,11,1398,1,10,-1,2,-1
201597GD04307,2,9,0,2,0,1,0,0,0,0,1,1,6,2,28,6,1796,1,7,-1,-1,-1
201597GD04307,3,9,0,2,0,1,0,0,0,0,2,1,6,1,28,6,1596,1,5,-1,1,-1
201597GD04402,1,9,0,6,0,0,0,0,1,11,4,1,6,1,18,4,1229,1,2,-1,1,-1
201597GD04402,2,9,0,18,0,0,0,0,0,0,1,1,6,2,39,7,-1,-1,-1,-1,1,-1
201597GD04404,1,9,0,5,0,1,0,0,0,0,2,1,2,1,71,10,1198,1,6,-1,1,-1
201597GD04404,2,11,0,5,0,1,0,0,0,0,1,1,1,1,54,8,9360,2,8,-1,1,-1
201597GD04406,1,9,0,6,0,0,0,0,0,0,3,1,6,1,47,8,1799,1,8,-1,1,-1
201597GD04406,2,9,0,18,0,0,0,0,0,0,4,1,6,1,30,6,1968,2,11,-1,1,-1
201597GD04407,1,9,0,18,0,0,0,0,0,0,1,1,6,2,32,6,1364,1,7,-1,1,-1
201597GD04408,1,8,0,11,0,0,0,0,0,0,2,1,1,1,30,6,1896,2,6,-1,-1,-1
201597GD04408,2,8,0,18,0,0,0,0,0,0,1,1,1,1,47,8,2143,2,1,-1,1,-1
201597GD04504,1,9,0,7,0,2,0,0,0,0,1,1,1,1,34,6,1796,1,5,-1,3,-1
201597GD04507,1,9,0,18,0,2,0,0,0,0,1,1,6,1,50,8,1990,1,8,-1,-1,-1
201597GD04507,2,8,0,18,0,1,0,0,0,0,1,1,1,1,34,6,1598,2,1,-1,1,-1
201597GD04508,1,9,0,18,0,1,0,0,0,0,1,1,6,2,55,8,-1,-1,-1,-1,1,-1
201597GD04509,1,9,0,5,5,1,0,0,7,11,3,1,6,2,24,5,1229,1,-1,-1,1,-1
201597GD04509,2,9,0,18,0,1,1,0,0,0,1,1,2,1,28,6,2148,2,12,-1,1,-1
201597GD04511,1,9,0,1,0,1,0,0,0,0,2,1,6,3,-1,-1,-1,-1,-1,-1,-1,-1
201597GD04512,1,9,0,3,0,0,0,0,0,0,1,1,6,1,31,6,1242,1,7,-1,1,-1
201597GD04512,2,9,0,3,0,0,0,0,0,0,2,1,6,2,49,8,1986,2,6,-1,1,-1
201597GD04607,1,9,0,9,0,5,0,0,0,0,1,1,6,1,60,9,1998,2,6,-1,3,-1
201597GD04607,2,1,0,18,0,8,0,0,0,0,3,1,6,1,32,6,-1,-1,-1,-1,1,-1
201597GD04611,1,9,0,5,0,0,0,0,0,0,1,1,6,1,37,7,2771,1,17,-1,1,-1
201597GD04703,1,19,0,12,0,0,0,0,0,0,0,1,1,1,63,9,2198,2,4,-1,-1,-1
201597GD04703,2,9,0,18,0,0,0,0,0,1,1,1,6,2,42,7,1198,1,5,-1,1,-1
201597GD04707,1,9,0,16,0,0,0,0,0,0,3,1,6,1,50,8,2995,1,3,-1,1,-1
201597GD04707,2,9,0,16,0,0,0,0,0,0,4,1,2,2,23,5,1200,1,1,-1,1,-1
201597GD04708,1,9,0,18,0,8,0,0,0,0,1,1,6,2,43,7,1598,1,7,-1,1,-1
201597GD04708,2,9,0,18,0,8,0,0,0,0,1,1,6,1,49,8,998,1,11,-1,1,-1
201597GD04807,1,9,0,5,0,1,0,0,0,0,1,1,6,1,33,6,1995,2,10,-1,1,-1
201597GD04807,2,1,0,14,0,1,2,0,0,0,1,1,6,1,31,6,-1,-1,-1,-1,1,-1
201597GD04811,1,9,0,18,0,0,0,0,0,0,3,1,2,2,41,7,-1,-1,-1,-1,1,-1
201597GD04812,1,9,0,18,0,0,0,0,0,0,0,1,6,3,-1,-1,-1,-1,-1,-1,-1,-1
201597GD04812,2,1,0,18,9,0,0,0,0,11,1,1,2,1,63,9,-1,-1,-1,-1,1,-1
201597GD04904,1,8,0,4,0,0,0,0,0,0,0,1,6,1,40,7,1560,2,6,-1,3,-1
201597GD04910,1,9,0,9,0,1,0,0,0,0,1,1,6,1,55,8,1461,2,5,-1,1,-1
201597GD04910,2,9,0,18,0,1,0,0,0,0,3,1,6,1,55,8,1197,1,1,-1,1,-1
201597GD05004,1,9,0,14,0,1,0,0,0,0,3,1,6,2,31,6,1229,1,4,-1,1,-1
201597GD05004,2,9,0,18,0,1,0,0,0,0,1,1,6,1,26,6,-1,-1,-1,-1,1,-1
201597GD05004,3,9,0,18,0,1,0,0,0,0,1,1,1,2,52,8,2656,1,11,-1,1,-1
201597GD05007,1,9,0,4,0,0,0,0,0,0,2,1,6,2,28,6,1198,1,7,-1,1,-1
201597GD05007,2,9,0,4,0,0,0,0,0,0,0,1,6,2,64,9,1198,1,6,-1,1,-1
201597GD05107,1,9,0,15,0,0,0,0,0,0,3,1,2,1,31,6,1598,1,7,-1,1,-1
201597GD05107,2,3,0,16,0,0,0,0,0,0,3,1,2,1,46,8,123,1,9,-1,1,-1
201597GD05108,1,9,0,6,0,0,0,0,0,0,3,1,6,1,49,8,1997,2,10,-1,1,-1
201597GD05108,2,9,0,18,0,0,0,0,0,0,1,1,6,1,28,6,1995,2,1,-1,1,-1
201597GD05109,1,9,0,7,0,5,1,0,0,0,1,1,6,1,25,5,1360,1,12,-1,1,-1
201597GD05109,2,9,0,4,0,1,0,0,0,0,1,1,6,2,37,7,998,1,6,-1,1,-1
201597GD05209,1,5,0,4,0,0,0,0,0,0,1,1,6,1,29,6,-1,-1,-1,-1,1,-1
201597GD05209,2,19,0,4,0,0,0,0,0,0,2,1,6,3,45,7,-1,-1,-1,-1,-1,-1
201597GD05210,1,1,0,15,0,1,1,0,0,0,1,1,2,1,40,7,-1,-1,-1,-1,1,-1
201597GD05210,2,9,0,9,0,1,0,0,0,0,0,1,6,1,55,8,2435,1,15,-1,1,-1
201597GD05212,1,9,0,18,0,8,0,0,0,0,1,1,6,1,44,7,2792,1,9,-1,1,-1
201597GD05311,1,9,0,5,0,5,0,0,0,0,1,1,6,3,-1,-1,-1,-1,-1,-1,-1,-1
201597GD05311,2,1,0,18,0,1,0,0,0,0,1,1,6,1,29,6,-1,-1,-1,-1,1,-1
201597GD05609,1,9,0,2,0,0,0,0,0,0,3,1,6,1,30,6,1240,1,10,-1,1,-1
201597GD05609,2,1,0,18,0,0,0,8,0,0,1,1,2,2,57,9,-1,-1,-1,-1,1,-1
201597GD05612,1,8,0,18,0,8,0,0,0,0,1,1,6,1,-1,-1,1910,2,8,-1,1,-1
201597GD05612,2,9,0,17,0,6,0,0,0,0,1,1,6,2,30,6,1364,1,7,-1,1,-1
201597GD05807,1,9,0,18,0,1,0,0,0,0,1,1,6,1,25,5,1998,1,8,-1,1,-1
201597GD05807,2,9,0,3,0,1,0,0,0,0,2,1,6,1,20,4,1968,2,4,-1,1,-1
201597GD06011,1,9,0,9,0,8,0,0,0,0,4,1,2,1,34,6,1995,2,4,-1,2,-1
201597GD06011,2,5,0,18,0,8,0,0,0,0,1,1,2,1,27,6,599,1,8,-1,1,-1
201597GD06212,1,9,0,9,0,1,0,0,0,0,4,1,6,1,30,6,1390,1,5,-1,-1,-1
201597GD06212,2,9,0,18,0,1,0,0,0,0,1,1,6,2,20,4,1242,1,4,-1,1,-1
201597GD70101,1,9,0,18,0,1,0,0,4,0,1,1,6,2,27,6,1398,1,1,-1,1,-1
201597GD70102,1,19,0,9,0,1,0,0,0,0,1,1,2,1,29,6,1248,2,8,-1,1,-1
201597GD70103,1,9,0,18,0,0,0,0,0,0,1,1,6,1,52,8,1596,1,12,-1,1,-1
201597GD70103,2,11,0,3,0,0,0,0,0,0,2,1,1,1,41,7,9360,2,7,-1,-1,-1
201597GD70105,1,9,0,7,0,5,0,0,7,1,1,1,6,2,40,7,1242,1,11,-1,1,-1
201597GD70203,1,9,0,18,0,0,0,0,0,0,1,1,6,1,39,7,-1,-1,-1,-1,1,-1
201597GD70203,2,9,0,3,0,0,0,0,0,0,2,1,6,2,51,8,-1,-1,-1,-1,1,-1
201597GD70203,3,20,0,3,0,0,0,0,0,0,2,1,6,1,43,7,-1,-1,-1,-1,1,-1
201597GD70203,4,9,0,18,0,0,0,0,0,0,1,1,6,2,37,7,1598,1,6,-1,1,-1
201597GD70203,5,9,0,18,0,0,0,0,0,0,2,1,6,2,23,5,1399,2,4,-1,1,-1
201597GD70204,1,9,0,4,0,1,0,0,0,0,1,1,2,1,28,6,1686,2,8,-1,1,-1