Accident_Index,Vehicle_Reference,Vehicle_Type,Towing_and_Articulation,Vehicle_Manoeuvre,Vehicle_Location-Restricted_Lane,Junction_Location,Skidding_and_Overturning,Hit_Object_in_Carriageway,Vehicle_Leaving_Carriageway,Hit_Object_off_Carriageway,1st_Point_of_Impact,Was_Vehicle_Left_Hand_Drive?,Journey_Purpose_of_Driver,Sex_of_Driver,Age_of_Driver,Age_Band_of_Driver,Engine_Capacity_(CC),Propulsion_Code,Age_of_Vehicle,Driver_IMD_Decile,Driver_Home_Area_Type,Vehicle_IMD_Decile
201597GD70204,2,9,0,4,0,1,0,0,0,0,2,1,2,2,56,9,999,1,2,-1,1,-1
201597GD70204,3,9,0,4,0,1,0,0,0,0,3,1,2,1,54,8,1560,2,2,-1,1,-1
201597GD70303,1,9,0,7,0,8,0,0,0,0,4,1,2,2,65,9,1198,1,3,-1,1,-1
201597GD70303,2,1,0,18,0,8,0,0,0,0,3,1,6,2,67,10,-1,-1,-1,-1,1,-1
201597GD70312,1,9,0,18,0,0,0,0,0,0,1,1,6,1,45,7,1984,1,9,-1,1,-1
201597GD70312,2,9,0,18,0,0,0,0,0,0,2,1,6,1,22,5,1968,2,-1,-1,1,-1
201597GD70312,3,9,0,18,0,0,0,0,0,0,2,1,6,1,28,6,1598,1,11,-1,1,-1
201597GD70512,1,17,4,18,0,0,0,0,0,0,1,1,1,1,53,8,-1,2,18,-1,1,-1
201597GD70512,2,9,0,18,0,0,0,0,0,0,1,1,6,1,36,7,1896,2,5,-1,1,-1
201597GD70512,3,9,0,18,0,0,0,0,0,0,1,1,6,2,33,6,1149,1,12,-1,1,-1
201597GE00201,1,9,0,18,0,8,0,0,0,0,1,1,6,1,71,10,2496,1,12,-1,1,-1
201597GE00201,2,9,0,8,0,8,0,0,0,0,3,1,6,2,55,8,1390,1,5,-1,1,-1
201597GE00701,1,9,0,7,0,1,0,0,0,0,1,1,1,1,41,7,1910,2,10,-1,1,-1
201597GE00701,2,1,0,18,0,1,0,0,0,0,1,1,1,1,41,7,-1,-1,-1,-1,1,-1
201597GE01001,1,9,0,18,0,0,0,11,0,4,1,1,6,2,49,8,1242,1,12,-1,1,-1
201597GE01001,2,9,0,18,0,0,0,0,0,0,2,1,1,1,49,8,-1,-1,-1,-1,1,-1
201597GE01401,1,9,0,9,0,6,0,0,0,0,3,1,6,2,47,8,1560,2,10,-1,1,-1
201597GE01401,2,9,0,4,0,8,0,0,0,0,1,1,6,1,44,7,3999,1,3,-1,1,-1
201597GE01701,1,9,0,1,0,1,0,0,0,0,2,1,6,1,30,6,-1,-1,-1,-1,-1,-1
201597GE02101,1,9,0,4,0,0,0,0,0,0,1,1,2,2,22,5,1968,2,5,-1,1,-1
201597GE02801,1,9,0,14,0,2,0,0,0,0,1,1,6,1,68,10,1390,1,14,-1,1,-1
201597GE02801,2,11,0,2,0,1,0,0,0,0,2,1,6,1,39,7,7300,2,9,-1,1,-1
201597GE03301,1,1,0,14,0,1,0,0,0,0,2,1,6,2,28,6,-1,-1,-1,-1,-1,-1
201597GE03301,2,9,0,3,0,1,0,0,0,0,2,1,3,2,50,8,-1,-1,-1,-1,3,-1
201597GE03501,1,9,0,4,0,1,0,0,0,0,1,1,6,1,31,6,1388,1,9,-1,1,-1
201597GE03501,2,9,0,3,0,1,0,0,0,0,2,1,6,1,20,4,1956,2,6,-1,1,-1
201597GE70101,1,9,0,18,0,1,0,0,0,0,0,1,6,1,30,6,1242,1,2,-1,1,-1
201597GE70101,2,9,0,18,0,1,0,0,0,0,0,1,6,1,40,7,1490,1,5,-1,1,-1
201597GE70101,3,9,0,18,0,1,0,0,0,0,0,1,6,2,52,8,1598,1,2,-1,1,-1
201597GE70201,1,19,0,9,0,8,0,0,0,0,1,1,1,1,41,7,1560,2,4,-1,1,-1
201597KA00101,1,9,0,9,0,8,0,0,0,0,4,1,6,1,18,4,-1,-1,-1,-1,1,-1
201597KA00101,2,8,0,18,0,8,0,0,0,0,1,1,1,1,45,7,1560,2,4,-1,1,-1
201597KA00105,1,9,0,17,0,8,1,0,0,0,1,1,6,1,38,7,1587,1,11,-1,3,-1
201597KA00105,2,9,0,4,0,8,0,0,0,0,2,1,6,1,44,7,998,1,2,-1,1,-1
201597KA00107,1,11,0,18,0,1,0,0,0,0,1,1,1,1,29,6,5900,2,14,-1,1,-1
201597KA00107,2,9,0,9,0,1,0,0,0,0,2,1,6,2,44,7,1587,1,8,-1,1,-1
201597KA00206,1,19,0,18,0,2,0,0,0,0,4,1,1,1,52,8,2287,2,1,-1,1,-1
201597KA00208,1,9,0,18,0,6,0,0,0,0,1,1,6,3,40,7,2198,1,14,-1,1,-1
201597KA00208,2,9,0,18,0,1,0,0,0,0,1,1,6,2,49,8,1870,2,8,-1,-1,-1
201597KA00212,1,9,0,18,0,2,0,0,0,0,3,1,1,2,30,6,1560,2,1,-1,1,-1
201597KA00307,1,9,0,18,0,3,1,0,1,7,1,1,6,1,30,6,1596,1,10,-1,1,-1
201597KA00406,1,9,0,18,0,0,1,0,2,10,1,1,6,1,17,4,-1,-1,-1,-1,2,-1
201597KA00408,1,9,0,18,0,0,0,0,0,0,1,1,6,2,68,10,1149,1,11,-1,-1,-1
201597KA00412,1,9,0,7,0,0,0,0,0,0,4,1,6,3,-1,-1,1595,1,9,-1,-1,-1
201597KA00412,2,9,0,18,0,0,0,0,0,0,4,1,6,1,29,6,1061,1,10,-1,1,-1
201597KA00509,1,9,0,4,0,0,0,0,0,0,1,1,6,2,53,8,1598,2,1,-1,1,-1
201597KA00509,2,9,0,4,0,0,0,0,0,0,2,1,6,2,40,7,2231,2,4,-1,1,-1
201597KA00510,1,9,0,2,0,0,0,0,0,0,1,1,6,2,35,6,1598,1,2,-1,1,-1
201597KA00510,2,9,0,18,0,0,0,0,0,0,3,1,6,1,44,7,1596,1,11,-1,1,-1
201597KA00605,1,9,0,2,6,0,0,0,0,0,3,1,6,1,49,8,1995,2,3,-1,2,-1
201597KA00605,2,1,0,18,0,0,0,0,0,0,4,1,2,2,36,7,-1,-1,-1,-1,1,-1
201597KA00607,1,1,0,14,0,0,0,0,0,0,1,1,6,2,61,9,-1,-1,-1,-1,1,-1
201597KA00607,2,11,0,2,0,0,0,0,0,0,0,1,1,1,50,8,7300,2,4,-1,1,-1
201597KA00608,1,9,0,9,0,8,0,0,0,0,1,1,6,2,18,4,1149,1,1,-1,1,-1
201597KA00608,2,9,0,18,0,8,0,0,0,0,1,1,6,1,44,7,1598,1,2,-1,1,-1
201597KA00705,1,9,0,14,0,0,0,4,0,0,1,1,6,1,63,9,1396,1,6,-1,3,-1
201597KA00705,2,9,0,2,0,0,0,0,0,0,2,1,6,1,37,7,-1,-1,-1,-1,-1,-1
201597KA00706,1,9,0,18,0,0,0,0,7,4,1,1,6,2,35,6,1753,2,6,-1,2,-1
201597KA00708,1,19,0,7,0,6,0,0,0,0,1,1,6,1,62,9,2198,2,1,-1,1,-1
201597KA00708,2,9,0,9,9,5,0,0,1,0,3,1,6,2,54,8,1596,1,7,-1,1,-1
201597KA00803,1,9,0,5,0,0,0,0,0,0,4,1,2,1,73,10,1591,1,5,-1,1,-1
201597KA00803,2,9,0,2,0,0,0,0,0,0,3,1,6,1,25,5,-1,3,1,-1,1,-1
201597KA00807,1,11,0,11,0,2,0,0,0,0,0,1,6,1,40,7,4461,2,-1,-1,1,-1
201597KA00905,1,9,0,14,0,0,5,4,0,0,4,1,2,2,17,4,-1,-1,-1,-1,1,-1
201597KA00905,2,9,0,2,0,0,0,0,0,0,4,1,6,3,40,7,1598,1,12,-1,1,-1
201597KA00907,1,9,0,18,0,1,0,0,0,0,4,1,6,1,49,8,1560,2,2,-1,1,-1
201597KA00907,2,9,0,18,0,1,0,0,0,0,1,1,6,1,68,10,1591,1,7,-1,1,-1
201597KA01006,1,9,0,18,0,0,0,0,0,0,1,1,6,1,35,6,1798,1,8,-1,1,-1
201597KA01006,2,19,0,3,0,0,0,0,0,0,1,1,1,1,37,7,2402,2,3,-1,1,-1
201597KA01009,1,9,0,18,0,1,0,0,0,0,1,1,6,3,40,7,-1,-1,-1,-1,-1,-1
201597KA01009,2,1,0,18,0,1,0,0,0,0,2,1,6,2,42,7,-1,-1,-1,-1,1,-1
201597KA01011,1,9,0,9,0,8,0,0,0,0,4,1,6,1,67,10,1299,1,13,-1,1,-1
201597KA01011,2,1,0,18,0,8,0,0,0,0,1,1,2,1,35,6,-1,-1,-1,-1,2,-1
201597KA01012,1,9,0,18,0,0,0,0,0,0,3,1,6,2,50,8,1598,1,1,-1,-1,-1
201597KA01101,1,9,0,18,0,0,0,0,0,0,1,1,6,1,76,11,1598,1,13,-1,1,-1
201597KA01106,1,9,0,3,0,1,0,0,0,0,2,1,1,2,35,6,1596,1,7,-1,1,-1
201597KA01106,2,9,0,3,0,1,0,0,0,0,2,1,2,2,38,7,1560,2,10,-1,1,-1
201597KA01106,3,9,0,3,0,1,0,0,0,0,2,1,2,2,46,8,1995,2,5,-1,1,-1
201597KA01106,4,9,0,3,0,1,0,0,0,0,0,1,1,1,49,8,1498,1,-1,-1,1,-1
201597KA01107,1,9,0,18,0,1,0,0,0,11,3,1,6,1,60,9,1597,2,-1,-1,1,-1
201597KA01110,1,9,0,9,0,5,0,0,0,0,1,1,6,1,37,7,1587,1,14,-1,1,-1
201597KA01111,1,9,0,18,0,0,0,0,0,0,1,1,2,2,61,9,1596,1,10,-1,1,-1
201597KA01111,2,9,0,18,0,0,0,0,0,0,4,1,2,2,29,6,875,1,-1,-1,1,-1
201597KA01201,1,9,0,18,0,0,0,0,0,0,1,1,1,1,27,6,1496,2,1,-1,1,-1
201597KA01302,1,9,0,18,0,2,0,0,0,0,1,1,6,2,32,6,1242,1,3,-1,-1,-1
201597KA01312,1,9,0,1,0,1,0,0,0,0,4,1,6,1,34,6,1968,2,4,-1,1,-1
201597KA01404,1,9,0,18,0,0,0,0,0,0,0,1,6,1,40,7,-1,-1,-1,-1,-1,-1
201597KA01409,1,9,0,4,0,1,0,0,0,0,1,1,6,1,41,7,1749,1,10,-1,1,-1
201597KA01409,2,9,0,4,0,1,0,0,0,0,2,1,6,1,27,6,1994,1,13,-1,1,-1
201597KA01411,1,9,0,18,0,1,0,0,0,0,1,1,6,1,18,4,1968,2,2,-1,1,-1
201597KA01606,1,9,0,18,0,0,0,0,0,0,1,1,6,1,32,6,1596,1,6,-1,-1,-1
201597KA01606,2,8,0,18,0,0,0,0,0,0,3,1,1,1,30,6,1685,2,1,-1,1,-1
201597KA01607,1,11,0,4,0,0,0,0,0,0,0,1,1,1,39,7,4461,2,1,-1,1,-1
201597KA01703,1,9,0,9,0,1,0,0,0,0,1,1,6,1,75,10,1396,1,5,-1,2,-1
201597KA01703,2,9,0,9,0,1,0,0,0,0,4,1,6,2,60,9,1229,1,4,-1,1,-1
201597KA01704,1,9,0,18,0,0,0,0,0,0,3,1,6,1,60,9,-1,-1,-1,-1,-1,-1
201597KA01706,1,19,0,4,0,0,0,0,0,0,1,1,1,1,28,6,1870,2,9,-1,-1,-1
201597KA01706,2,9,0,4,0,0,0,0,0,0,2,1,1,2,40,7,1197,1,3,-1,1,-1
201597KA01709,1,9,0,5,0,0,0,0,0,0,1,1,6,2,38,7,1560,2,2,-1,1,-1
201597KA01709,2,9,0,5,0,0,0,0,0,0,2,1,2,1,23,5,1896,2,7,-1,1,-1
201597KA01711,1,9,0,5,0,8,0,0,0,0,2,1,6,1,17,4,1598,2,-1,-1,1,-1
201597KA01711,2,9,0,5,0,8,0,0,0,0,1,1,1,1,47,8,1461,2,3,-1,1,-1
201597KA01712,1,9,0,18,0,1,0,4,0,0,1,1,6,2,44,7,1685,2,1,-1,1,-1
201597KA01712,2,9,0,2,0,1,0,0,0,0,3,1,6,1,37,7,1999,1,8,-1,1,-1
201597KA01808,1,9,0,18,0,0,0,0,0,0,1,1,6,1,20,4,1199,1,11,-1,-1,-1
201597KA01808,2,9,0,18,0,0,0,0,0,0,2,1,6,1,19,4,1560,2,1,-1,1,-1
201597KA01902,1,9,0,18,0,0,1,0,0,0,0,1,2,1,19,4,-1,-1,-1,-1,1,-1
201597KA01902,2,19,0,2,0,0,0,4,0,0,2,1,2,1,51,8,-1,-1,-1,-1,1,-1
201597KA01902,3,90,0,2,0,0,0,0,0,0,2,1,2,1,40,7,-1,-1,-1,-1,-1,-1
201597KA01905,1,9,0,18,0,1,0,0,0,0,1,1,6,2,26,6,1598,2,5,-1,1,-1
201597KA01905,2,9,0,3,0,1,0,0,0,0,2,1,6,2,24,5,1149,1,4,-1,1,-1
201597KA01905,3,9,0,10,0,5,0,0,0,0,2,1,2,2,52,8,1198,1,6,-1,1,-1
201597KA01906,1,9,0,18,0,0,0,0,0,0,4,1,6,2,44,7,1973,1,14,-1,1,-1
201597KA02003,1,9,0,18,0,1,0,0,0,0,1,1,6,1,31,6,1364,1,5,-1,1,-1
201597KA02006,1,9,0,4,0,0,0,0,0,0,2,1,6,1,80,11,1339,1,9,-1,1,-1
201597KA02006,2,9,0,4,0,0,0,0,0,0,2,1,6,2,50,8,1995,2,4,-1,1,-1
201597KA02008,1,9,0,4,0,1,1,0,0,0,2,1,2,2,19,4,1229,1,3,-1,1,-1
201597KA02008,2,9,0,2,0,1,0,0,0,0,2,1,6,1,19,4,1461,2,2,-1,-1,-1
201597KA02008,3,9,0,2,0,1,0,0,0,0,2,1,6,2,35,6,1997,2,4,-1,-1,-1
201597KA02008,4,9,0,2,0,1,0,0,0,0,2,1,6,1,51,8,1390,1,11,-1,1,-1
201597KA02012,1,9,0,17,0,1,1,10,1,10,1,1,6,1,21,5,1242,1,1,-1,1,-1
201597KA02101,1,9,0,18,0,1,0,0,0,0,1,1,6,2,58,9,1560,2,2,-1,1,-1
201597KA02108,1,9,0,8,0,0,0,0,0,0,0,1,6,3,40,7,-1,-1,-1,-1,-1,-1
201597KA02108,2,5,0,18,0,0,1,0,0,0,1,1,6,1,47,8,1300,1,13,-1,1,-1
201597KA02108,3,9,0,18,0,0,0,0,0,0,2,1,6,2,20,4,1242,1,7,-1,1,-1
201597KA02109,1,9,0,5,0,0,0,0,0,0,1,1,6,2,25,5,1596,1,-1,-1,-1,-1
201597KA02109,2,1,0,18,0,0,0,0,0,0,4,1,6,2,48,8,-1,-1,-1,-1,-1,-1
201597KA02202,1,9,0,18,0,6,0,0,0,0,1,1,6,2,50,8,-1,-1,-1,-1,-1,-1
201597KA02204,1,9,0,18,0,1,1,0,0,0,1,1,6,1,22,5,2946,1,17,-1,-1,-1
201597KA02204,2,9,0,9,0,1,0,0,0,0,2,1,6,1,22,5,1364,1,1,-1,1,-1
201597KA02204,3,11,0,18,0,2,0,0,0,0,3,1,1,1,37,7,7300,2,8,-1,1,-1
201597KA02210,1,9,0,17,0,0,1,0,7,1,1,1,2,1,29,6,1995,1,9,-1,1,-1
201597KA02306,1,9,0,17,0,0,0,0,0,0,1,1,6,2,25,5,1242,1,2,-1,1,-1
201597KA02310,1,9,0,15,0,1,0,0,0,0,3,1,6,1,54,8,2967,2,1,-1,2,-1
201597KA02502,1,11,0,4,0,0,0,0,0,0,0,1,1,1,39,7,7300,2,8,-1,1,-1
201597KA02503,1,9,0,18,0,0,0,0,0,0,1,1,2,2,50,8,-1,-1,-1,-1,1,-1
201597KA02503,2,9,0,4,0,0,0,0,0,0,0,1,2,2,23,5,1598,2,1,-1,1,-1
201597KA02505,1,9,0,18,0,0,1,0,0,0,1,1,1,2,25,5,1998,1,11,-1,1,-1
201597KA02505,2,9,0,18,0,0,0,0,0,0,2,1,2,1,21,5,1596,1,6,-1,2,-1
201597KA02511,1,9,0,18,0,0,0,0,0,0,1,1,6,2,57,9,1329,1,1,-1,1,-1
201597KA02511,2,8,0,9,0,0,0,0,0,0,3,1,1,1,53,8,1968,2,5,-1,1,-1
201597KA02607,1,1,0,18,0,0,2,0,0,0,1,1,6,1,32,6,-1,-1,-1,-1,-1,-1
201597KA02701,1,9,0,1,6,0,0,0,0,0,3,1,6,3,30,6,-1,-1,-1,-1,-1,-1
201597KA02705,1,9,0,18,0,0,0,0,0,0,1,1,6,1,23,5,1798,1,5,-1,1,-1
201597KA02806,1,9,0,5,0,1,0,0,0,0,1,1,6,2,39,7,1995,2,1,-1,1,-1
201597KA02808,1,11,0,18,0,0,0,0,0,0,1,1,1,1,36,7,7300,2,8,-1,1,-1
201597KA02808,2,9,0,2,0,0,0,0,0,0,3,1,6,1,52,8,1149,1,10,-1,1,-1
201597KA02808,3,9,0,2,0,0,0,0,0,0,2,1,6,2,56,9,1149,1,10,-1,1,-1
201597KA02811,1,8,0,18,0,8,0,0,0,0,3,1,1,1,67,10,1598,2,3,-1,-1,-1
201597KA02811,2,5,0,18,0,1,0,0,0,0,1,1,6,1,25,5,125,1,7,-1,1,-1
201597KA02904,1,11,0,4,0,1,0,0,0,0,0,1,6,1,37,7,5900,2,11,-1,1,-1
201597KA02912,1,11,0,2,0,0,0,0,0,0,1,1,1,1,43,7,-1,-1,-1,-1,1,-1
201597KA03003,1,9,0,9,0,5,0,0,0,0,1,1,1,1,45,7,1149,1,10,-1,1,-1
201597KA03004,1,9,0,18,0,2,0,0,0,0,3,1,6,1,77,11,-1,-1,-1,-1,1,-1
201597KA03105,1,9,0,9,0,6,0,0,0,0,1,1,6,1,28,6,1896,2,14,-1,1,-1
201597KA03105,2,9,0,18,0,8,0,0,0,0,1,1,6,3,30,6,1299,1,8,-1,-1,-1
201597KA03203,1,9,0,9,0,8,0,0,0,0,1,1,6,2,30,6,1229,1,1,-1,1,-1
201597KA03203,2,1,0,18,0,8,0,0,0,0,1,1,6,2,28,6,-1,-1,-1,-1,1,-1
201597KA03204,1,9,0,18,0,0,0,0,0,0,1,1,6,1,84,11,1560,2,5,-1,1,-1
201597KA03204,2,9,0,2,0,0,0,0,0,0,2,1,6,2,33,6,1390,1,11,-1,1,-1
201597KA03209,1,3,0,17,0,0,1,0,0,0,4,1,6,1,17,4,124,1,7,-1,-1,-1
201597KA03211,1,9,0,11,0,0,0,0,0,0,2,1,6,1,-1,-1,1598,1,4,-1,1,-1
201597KA03211,2,11,0,18,0,0,0,0,0,0,1,1,1,1,24,5,7698,2,1,-1,1,-1
201597KA03312,1,9,0,17,0,0,0,0,0,0,1,1,6,1,61,9,1798,1,7,-1,1,-1
201597KA03502,1,9,0,7,0,8,0,0,0,0,4,1,6,2,63,9,1242,1,3,-1,1,-1
201597KA03502,2,9,0,18,0,1,0,0,0,0,1,1,6,1,61,9,2987,2,7,-1,3,-1
201597KA03503,1,9,0,18,0,0,0,0,0,0,1,1,6,1,55,8,1248,1,2,-1,1,-1
201597KA03801,1,9,0,18,0,0,1,0,0,0,1,1,6,1,40,7,1900,2,16,-1,1,-1
201597KA03801,2,9,0,18,0,0,0,0,0,0,2,1,6,1,73,10,1997,2,13,-1,3,-1
201597KA03803,1,8,0,9,0,6,0,0,0,0,1,1,1,1,30,6,1685,2,1,-1,1,-1
201597KA03805,1,9,0,1,0,0,0,0,0,0,1,1,6,1,29,6,1598,2,3,-1,-1,-1
201597KA03809,1,19,0,18,0,0,0,0,0,0,1,1,1,1,28,6,4500,2,-1,-1,1,-1
201597KA03809,2,9,0,4,0,0,0,0,0,0,2,1,6,2,30,6,1398,2,-1,-1,1,-1
201597KA03908,1,11,0,4,2,0,0,0,0,0,0,1,6,1,30,6,4461,2,-1,-1,-1,-1
201597KA04002,1,9,0,9,0,8,0,0,0,0,4,1,6,2,63,9,1242,1,3,-1,-1,-1
201597KA04002,2,9,0,18,0,1,0,0,0,0,1,1,6,1,61,9,2987,2,7,-1,3,-1
201597KA04003,1,9,0,18,0,1,0,0,0,0,1,1,6,1,40,7,-1,-1,-1,-1,-1,-1
201597KA04003,2,9,0,3,0,1,0,0,0,0,2,1,6,1,37,7,1390,1,10,-1,1,-1
201597KA04006,1,9,0,18,0,0,5,4,0,0,4,1,6,2,19,4,1229,1,1,-1,1,-1
201597KA04006,2,9,0,2,0,0,0,0,0,0,4,1,6,3,40,7,2191,2,1,-1,1,-1
201597KA04007,1,9,0,9,0,6,0,0,0,0,1,1,6,2,40,7,998,1,2,-1,-1,-1
201597KA04007,2,9,0,18,0,2,0,0,0,0,3,1,1,1,54,8,-1,-1,-1,-1,-1,-1
201597KA04104,1,20,2,7,0,0,0,4,0,0,2,1,1,1,28,6,-1,-1,-1,-1,-1,-1
201597KA04104,2,9,0,2,0,0,0,0,0,0,2,2,6,2,31,6,1598,1,14,-1,-1,-1
201597KA04312,1,9,0,9,0,5,0,0,0,0,4,1,6,2,67,10,998,1,1,-1,1,-1
201597KA04312,2,9,0,18,0,1,0,0,0,0,1,1,6,1,32,6,1796,1,13,-1,1,-1
201597KA04404,1,9,0,7,0,0,0,0,0,11,1,1,2,1,29,6,1998,1,13,-1,1,-1
201597KA04512,1,9,0,18,0,1,0,0,0,0,1,1,6,1,34,6,1968,2,-1,-1,1,-1
201597KA04604,1,9,0,3,0,1,0,0,0,0,4,1,1,1,48,8,2993,2,1,-1,1,-1
201597KA04703,1,9,0,5,0,6,0,0,0,0,3,1,6,1,41,7,1598,2,4,-1,1,-1
201597KA04703,2,1,0,18,0,1,0,0,0,0,1,1,6,1,37,7,-1,-1,-1,-1,1,-1
201597KA04812,1,9,0,5,0,1,0,4,1,0,1,1,6,1,83,11,1248,1,5,-1,1,-1
201597KA04812,2,9,0,3,0,1,0,0,0,0,0,1,6,1,33,6,1686,2,3,-1,1,-1
201597KA04909,1,1,0,18,0,1,0,0,1,0,1,1,2,1,60,9,-1,-1,-1,-1,3,-1
201597KA04912,1,9,0,18,0,1,0,0,0,0,1,1,1,1,51,8,-1,-1,-1,-1,1,-1
201597KA04912,2,9,0,3,0,1,0,0,0,0,2,1,2,2,38,7,998,1,6,-1,1,-1
201597KA05103,1,9,0,9,0,7,0,0,0,0,1,1,6,1,23,5,1248,2,8,-1,-1,-1
201597KA05103,2,9,0,17,0,1,0,0,0,0,1,1,6,1,35,6,1332,1,2,-1,1,-1
201597KA05203,1,9,0,9,0,8,0,0,0,0,1,1,6,2,17,4,1242,1,5,-1,1,-1
201597KA05203,2,19,0,18,0,8,0,0,0,0,1,1,2,1,45,7,1997,2,8,-1,1,-1
201597KA05209,1,9,0,1,0,0,0,0,0,0,2,1,6,1,29,6,2172,2,12,-1,1,-1
201597KA05412,1,19,0,18,0,1,0,0,0,0,1,1,6,1,-1,-1,2143,2,-1,-1,-1,-1
201597KA05412,2,1,0,18,0,1,0,0,0,0,3,1,6,1,47,8,-1,-1,-1,-1,1,-1
201597KA70105,1,9,0,18,0,0,0,0,0,0,4,1,6,1,20,4,1598,1,7,-1,1,-1
201597KA70108,1,5,0,12,0,7,0,0,0,0,3,1,6,1,58,9,-1,-1,-1,-1,1,-1
201597KA70109,1,9,0,17,0,5,0,0,0,0,0,1,6,1,33,6,1598,2,3,-1,1,-1
201597KA70109,2,9,0,18,0,2,2,0,1,4,1,1,6,1,40,7,1596,1,11,-1,1,-1
201597KA70112,1,9,0,18,0,0,0,0,0,0,1,1,6,1,25,5,1396,1,12,-1,1,-1
201597KB00104,1,9,0,18,0,0,0,0,0,0,1,1,6,1,24,5,1242,1,7,-1,1,-1
201597KB00105,1,9,0,2,6,0,0,0,0,0,3,1,6,2,23,5,1390,1,8,-1,1,-1
201597KB00105,2,11,0,18,0,0,0,0,0,0,4,1,1,1,34,6,7300,2,4,-1,1,-1
201597KB00107,1,9,0,15,0,6,0,0,0,0,4,1,6,1,47,8,1896,2,15,-1,1,-1
201597KB00110,1,1,0,18,0,1,0,0,0,0,3,1,6,1,16,4,-1,-1,-1,-1,1,-1
201597KB00110,2,9,0,18,0,1,0,0,0,0,1,1,6,2,82,11,1390,1,12,-1,1,-1
201597KB00111,1,9,0,13,0,0,0,0,1,9,1,1,6,1,24,5,1596,1,5,-1,2,-1
201597KB00111,2,9,0,18,0,0,0,0,0,0,1,1,6,1,58,9,1198,1,4,-1,1,-1
201597KB00202,1,11,0,5,9,0,0,0,0,0,2,2,1,1,40,7,-1,-1,-1,-1,-1,-1
201597KB00204,1,9,0,16,0,0,5,0,6,0,1,1,6,1,49,8,-1,-1,-1,-1,2,-1
201597KB00311,1,1,0,18,0,0,1,0,0,0,1,1,6,1,49,8,-1,-1,-1,-1,2,-1
201597KB00311,2,9,0,18,0,0,0,0,0,0,1,1,6,2,71,10,-1,-1,-1,-1,3,-1
201597KB00403,1,9,0,18,0,0,1,0,0,0,1,1,1,2,36,7,1229,1,2,-1,1,-1
201597KB00403,2,9,0,4,0,0,0,0,0,0,1,1,6,1,42,7,1968,2,2,-1,2,-1
201597KB00504,1,9,0,5,0,0,0,0,0,0,0,1,6,3,30,6,-1,-1,-1,-1,-1,-1
201597KB00506,1,9,0,18,0,0,5,0,0,7,1,1,1,1,61,9,3497,1,11,-1,2,-1
201597KB00506,2,9,0,18,0,0,0,0,0,0,3,2,1,1,54,8,1248,1,1,-1,-1,-1
201597KB00510,1,9,0,16,0,1,0,0,0,0,3,1,6,1,26,6,1956,2,6,-1,1,-1
201597KB00510,2,21,0,17,0,2,0,0,0,0,3,1,1,1,27,6,11021,2,9,-1,3,-1
201597KB00601,1,11,0,4,0,1,0,0,0,0,1,1,1,1,55,8,-1,-1,-1,-1,-1,-1
201597KB00601,2,9,0,4,0,1,0,0,0,0,2,1,6,2,70,10,1397,1,2,-1,-1,-1
201597KB00608,1,90,0,7,0,3,0,0,0,0,3,1,1,1,62,9,-1,-1,-1,-1,-1,-1
201597KB00608,2,9,0,9,0,8,0,0,0,0,4,1,6,2,35,6,1360,1,9,-1,-1,-1
201597KB00611,1,9,0,17,0,0,0,0,2,7,4,1,6,1,55,8,1461,2,4,-1,-1,-1
201597KB00708,1,9,0,4,0,1,0,0,0,0,1,1,1,1,28,6,1242,1,11,-1,2,-1
201597KB00708,2,9,0,4,0,1,0,0,0,0,2,1,6,2,28,6,1598,1,7,-1,2,-1
201597KB00710,1,5,0,18,0,0,0,0,0,0,3,1,2,2,43,7,599,1,16,-1,3,-1
201597KB00802,1,9,0,4,0,0,0,0,0,0,1,1,6,1,17,4,1390,1,8,-1,1,-1
201597KB00802,2,9,0,18,0,0,0,0,0,0,1,1,6,3,30,6,1242,1,8,-1,-1,-1
201597KB00803,1,9,0,18,0,0,0,10,2,2,1,1,1,2,50,8,1598,2,2,-1,1,-1
201597KB00808,1,9,0,18,0,1,0,0,0,0,1,1,6,1,26,6,998,1,1,-1,-1,-1
201597KB00808,2,9,0,18,0,1,0,0,0,0,2,1,6,2,37,7,2099,1,12,-1,1,-1
201597KB00809,1,9,0,18,0,0,0,0,0,0,2,1,6,1,29,6,1598,1,8,-1,1,-1
201597KB00809,2,9,0,18,0,0,0,0,0,0,1,1,6,1,25,5,-1,-1,-1,-1,2,-1
201597KB00809,3,8,0,18,0,0,0,0,0,0,1,1,1,1,57,9,2499,2,8,-1,1,-1
201597KB00809,4,9,0,18,0,0,0,0,0,0,1,1,6,2,19,4,1149,1,9,-1,1,-1
201597KB00809,5,9,0,18,0,0,0,0,0,0,2,1,6,1,19,4,-1,-1,-1,-1,3,-1
201597KB00809,6,9,0,18,0,0,0,0,0,0,2,1,6,2,78,11,2204,2,10,-1,1,-1
201597KB00809,7,9,0,18,0,0,0,0,0,0,2,1,6,1,39,7,-1,-1,-1,-1,1,-1
201597KB00901,1,9,0,3,0,3,0,0,0,0,3,1,2,2,50,8,1461,2,1,-1,1,-1
201597KB00901,2,9,0,3,0,3,0,0,0,0,4,1,6,1,72,10,1582,2,3,-1,2,-1
201597KB00905,1,9,0,16,0,3,1,0,0,0,2,1,6,1,36,7,1149,1,13,-1,1,-1
201597KB00905,2,9,0,18,0,1,0,0,0,0,1,1,6,1,42,7,1753,2,13,-1,1,-1
201597KB00912,1,9,0,18,0,8,0,0,1,10,1,1,2,1,59,9,1560,2,4,-1,1,-1
201597KB01004,1,9,0,18,0,1,0,0,0,0,1,1,6,1,18,4,1299,1,12,-1,1,-1
201597KB01004,2,9,0,3,0,1,0,0,0,0,2,1,2,2,37,7,1229,1,7,-1,1,-1