Accident_Index,Vehicle_Reference,Vehicle_Type,Towing_and_Articulation,Vehicle_Manoeuvre,Vehicle_Location-Restricted_Lane,Junction_Location,Skidding_and_Overturning,Hit_Object_in_Carriageway,Vehicle_Leaving_Carriageway,Hit_Object_off_Carriageway,1st_Point_of_Impact,Was_Vehicle_Left_Hand_Drive?,Journey_Purpose_of_Driver,Sex_of_Driver,Age_of_Driver,Age_Band_of_Driver,Engine_Capacity_(CC),Propulsion_Code,Age_of_Vehicle,Driver_IMD_Decile,Driver_Home_Area_Type,Vehicle_IMD_Decile
201597KB01009,1,9,4,7,0,0,0,0,0,0,3,1,6,1,40,7,-1,-1,-1,-1,-1,-1
201597KB01009,2,3,0,9,0,0,1,0,1,9,4,1,6,1,34,6,-1,-1,-1,-1,1,-1
201597KB01011,1,9,0,13,0,0,0,0,0,0,1,1,2,1,43,7,1590,1,15,-1,1,-1
201597KB01011,2,9,0,18,0,0,0,0,0,0,1,1,2,1,65,9,1595,1,6,-1,1,-1
201597KB01106,1,9,0,18,0,0,0,0,0,0,3,1,3,1,51,8,1896,2,13,-1,1,-1
201597KB01107,1,11,0,5,0,0,0,0,0,0,0,1,1,1,46,8,6700,2,6,-1,1,-1
201597KB01108,1,11,0,18,0,3,0,0,0,0,0,1,1,2,40,7,-1,-1,-1,-1,-1,-1
201597KB01110,1,11,0,5,0,0,0,0,0,0,3,1,1,1,53,8,6700,2,6,-1,1,-1
201597KB01110,2,9,0,14,0,0,0,0,0,0,4,1,6,2,24,5,1560,2,5,-1,1,-1
201597KB01112,1,9,0,4,0,0,0,0,0,0,3,1,6,1,43,7,2597,1,13,-1,-1,-1
201597KB01207,1,9,0,7,0,1,0,0,0,0,1,1,6,1,49,8,2148,2,14,-1,1,-1
201597KB01207,2,5,0,5,0,1,0,0,0,0,2,1,6,1,66,10,998,1,12,-1,3,-1
201597KB01210,1,9,0,4,0,0,0,0,0,0,3,1,2,2,47,8,1461,2,4,-1,1,-1
201597KB01301,1,9,0,3,0,1,0,0,0,0,1,1,6,1,38,7,2979,1,14,-1,2,-1
201597KB01301,2,9,0,10,0,1,0,0,0,0,2,1,6,2,51,8,1998,1,7,-1,2,-1
201597KB01303,1,9,0,18,0,1,0,0,0,0,1,1,6,2,41,7,1995,2,-1,-1,1,-1
201597KB01305,1,5,0,18,0,0,1,0,0,0,3,1,2,1,47,8,599,1,18,-1,1,-1
201597KB01310,1,9,0,18,5,0,0,0,0,0,4,1,6,1,14,3,-1,-1,-1,-1,-1,-1
201597KB01310,2,9,0,18,0,0,0,0,0,0,1,1,6,1,52,8,1199,2,3,-1,-1,-1
201597KB01312,1,9,0,18,0,0,1,0,0,0,1,1,6,1,25,5,1598,2,4,-1,2,-1
201597KB01312,2,9,0,18,0,0,0,0,0,0,1,1,6,1,45,7,1685,2,1,-1,1,-1
201597KB01402,1,9,0,18,0,8,0,0,0,0,1,1,2,2,42,7,1149,1,10,-1,1,-1
201597KB01409,1,9,0,18,0,1,0,0,0,11,1,1,6,1,23,5,1995,1,9,-1,1,-1
201597KB01411,1,9,0,18,0,0,0,4,0,0,1,1,1,1,26,6,1598,2,3,-1,1,-1
201597KB01411,2,9,0,3,0,0,0,4,0,0,2,1,1,1,31,6,1149,1,8,-1,1,-1
201597KB01411,3,9,0,3,0,0,0,0,0,0,2,1,1,1,35,6,1461,2,4,-1,3,-1
201597KB01411,4,9,0,3,0,0,0,0,0,0,0,1,1,1,53,8,1995,2,4,-1,1,-1
201597KB01501,1,9,0,18,0,0,0,0,0,0,1,1,6,2,22,5,1149,1,11,-1,-1,-1
201597KB01601,1,9,0,18,0,2,0,0,0,0,1,1,6,1,46,8,998,1,1,-1,1,-1
201597KB01601,2,9,0,17,0,1,0,0,0,0,1,1,6,2,60,9,1595,1,14,-1,-1,-1
201597KB01605,1,9,0,3,0,6,0,0,0,0,1,1,6,1,43,7,1229,1,8,-1,1,-1
201597KB01605,2,9,0,18,0,1,0,0,0,0,3,1,6,1,31,6,2143,2,-1,-1,1,-1
201597KB01610,1,9,0,6,0,1,0,0,0,0,4,1,6,1,59,9,1395,1,-1,-1,1,-1
201597KB01610,2,1,0,18,0,1,0,0,0,0,1,1,1,2,53,8,-1,-1,-1,-1,1,-1
201597KB01611,1,9,0,18,0,1,0,0,0,0,1,1,6,1,26,6,2179,2,3,-1,1,-1
201597KB01611,2,9,0,10,0,1,0,0,0,0,2,1,6,2,46,8,1956,2,-1,-1,-1,-1
201597KB01612,1,9,0,18,0,0,0,0,0,0,1,1,6,1,37,7,1149,1,16,-1,2,-1
201597KB01612,2,9,0,18,0,0,0,0,0,0,1,1,6,1,58,9,998,1,2,-1,1,-1
201597KB01704,1,9,0,13,0,8,0,0,0,0,1,1,2,1,53,8,1968,2,7,-1,1,-1
201597KB01704,2,9,0,9,0,5,0,0,7,10,3,1,6,1,27,6,1242,1,13,-1,1,-1
201597KB01710,1,9,0,5,0,1,0,0,0,0,4,1,6,2,21,5,998,1,12,-1,2,-1
201597KB01710,2,9,0,18,0,6,0,0,0,0,4,1,6,1,51,8,1149,1,12,-1,1,-1
201597KB01802,1,19,0,3,0,1,0,0,0,0,1,1,6,1,30,6,-1,-1,-1,-1,-1,-1
201597KB01802,2,9,0,3,0,1,0,0,0,0,2,1,6,1,76,11,1150,1,12,-1,1,-1
201597KB01805,1,19,0,4,0,0,0,0,0,0,1,1,1,1,54,8,-1,-1,-1,-1,1,-1
201597KB01808,1,9,0,13,0,1,1,0,0,10,1,1,6,1,58,9,1997,2,3,-1,1,-1
201597KB01808,2,9,0,9,0,8,0,0,0,0,2,1,6,1,46,8,-1,-1,-1,-1,-1,-1
201597KB01902,1,9,0,16,0,0,0,0,0,11,1,1,6,1,66,10,1388,1,12,-1,1,-1
201597KB01902,2,9,0,17,0,0,0,0,0,0,1,1,6,1,60,9,1995,1,6,-1,3,-1
201597KB02002,1,9,0,18,0,0,0,0,0,0,4,1,6,1,41,7,1685,2,2,-1,1,-1
201597KB02007,1,9,0,18,0,1,2,0,0,0,0,1,6,1,22,5,1149,1,13,-1,1,-1
201597KB02008,1,9,0,18,0,1,0,0,0,0,1,1,2,1,27,6,1997,2,15,-1,3,-1
201597KB02008,2,9,0,4,0,1,0,0,0,0,2,1,6,1,57,9,1229,1,3,-1,-1,-1
201597KB02008,3,9,0,18,0,1,0,0,0,0,2,1,6,2,39,7,1198,1,1,-1,2,-1
201597KB02104,1,9,0,18,0,0,0,0,0,0,3,1,6,1,35,6,2231,2,1,-1,-1,-1
201597KB02106,1,9,0,18,9,0,1,0,0,10,1,1,6,1,25,5,-1,-1,-1,-1,1,-1
201597KB02202,1,9,0,16,0,0,5,0,8,4,1,1,6,1,51,8,2993,2,10,-1,-1,-1
201597KB02206,1,9,0,16,0,0,0,0,1,4,1,1,6,2,54,8,1895,1,15,-1,1,-1
201597KB02208,1,9,0,18,4,0,0,0,0,0,2,1,6,2,70,10,1149,1,3,-1,1,-1
201597KB02208,2,1,0,18,4,0,0,0,0,0,1,1,2,1,34,6,-1,-1,-1,-1,1,-1
201597KB02211,1,9,0,9,0,5,0,12,0,0,1,1,6,1,28,6,1398,1,4,-1,1,-1
201597KB02303,1,9,0,18,0,0,0,0,0,0,1,1,6,2,89,11,1086,1,5,-1,2,-1
201597KB02303,2,9,0,18,0,0,0,0,0,0,1,1,6,1,54,8,1388,1,3,-1,1,-1
201597KB02308,1,9,0,8,0,2,0,0,0,0,0,1,6,2,73,10,1591,1,1,-1,1,-1
201597KB02308,2,1,0,18,0,1,0,0,0,0,0,1,2,1,54,8,-1,-1,-1,-1,1,-1
201597KB02309,1,9,0,18,0,1,0,0,0,0,1,1,6,2,51,8,999,1,-1,-1,1,-1
201597KB02309,2,9,0,8,0,1,0,0,0,0,2,1,6,2,23,5,1242,1,7,-1,1,-1
201597KB02310,1,19,0,18,0,8,0,0,0,0,1,1,1,1,47,8,2148,2,7,-1,1,-1
201597KB02310,2,9,0,3,0,8,0,0,0,0,2,1,6,2,52,8,2204,2,8,-1,1,-1
201597KB02401,1,9,0,7,8,0,1,0,0,0,1,1,6,2,57,9,899,1,1,-1,1,-1
201597KB02401,2,9,0,9,8,0,1,0,0,0,1,1,6,1,57,9,1997,2,4,-1,3,-1
201597KB02405,1,9,0,18,0,1,0,0,0,0,1,1,6,1,38,7,1596,1,2,-1,1,-1
201597KB02405,2,9,0,2,0,1,0,10,7,10,4,1,6,1,60,9,1461,2,-1,-1,1,-1
201597KB02405,3,9,0,2,0,1,0,0,0,0,0,1,1,1,28,6,1588,1,11,-1,-1,-1
201597KB02406,1,19,0,5,0,8,0,0,0,0,3,1,1,1,59,9,1560,2,3,-1,1,-1
201597KB02406,2,1,0,18,0,1,2,0,0,0,1,1,6,1,24,5,-1,-1,-1,-1,2,-1
201597KB02407,1,9,4,12,0,0,0,0,0,0,3,1,6,2,40,7,2987,2,5,-1,-1,-1
201597KB02407,2,9,0,18,0,0,0,0,0,0,4,1,6,2,34,6,1686,2,11,-1,1,-1
201597KB02501,1,9,0,16,0,0,0,12,0,0,1,1,6,2,39,7,1956,2,1,-1,1,-1
201597KB02504,1,3,0,12,0,8,0,0,0,0,3,1,6,1,50,8,124,1,33,-1,1,-1
201597KB02504,2,9,0,18,0,8,0,0,0,0,4,1,6,1,34,6,898,1,1,-1,1,-1
201597KB02509,1,9,0,9,0,8,0,0,0,0,4,1,6,1,41,7,1995,2,1,-1,2,-1
201597KB02509,2,9,0,18,0,8,0,0,0,0,3,1,6,1,36,7,1198,1,-1,-1,1,-1
201597KB02602,1,9,0,18,0,1,0,0,0,0,2,1,1,1,30,6,1598,2,3,-1,1,-1
201597KB02602,2,9,0,18,0,1,0,0,0,0,1,1,6,1,30,6,3189,1,10,-1,1,-1
201597KB02607,1,9,0,18,0,0,0,0,0,0,1,1,6,1,30,6,2698,2,6,-1,1,-1
201597KB02607,2,9,0,3,0,0,0,0,0,0,2,1,6,2,47,8,1242,1,-1,-1,1,-1
201597KB02611,1,9,0,9,0,6,0,0,0,0,3,1,6,2,67,10,1339,1,2,-1,1,-1
201597KB02611,2,9,0,16,0,1,1,0,7,0,1,1,6,1,58,9,-1,-1,-1,-1,1,-1
201597KB02709,1,9,0,18,0,4,0,0,0,0,3,1,6,1,72,10,1396,1,1,-1,2,-1
201597KB02709,2,1,0,18,0,3,0,0,0,0,1,1,1,1,48,8,-1,-1,-1,-1,-1,-1
201597KB02710,1,9,0,18,0,0,0,0,0,0,3,1,2,1,20,4,1242,1,5,-1,1,-1
201597KB02710,2,9,0,18,0,0,0,0,0,0,3,1,2,1,52,8,1598,1,9,-1,1,-1
201597KB02802,1,9,0,18,0,2,0,0,0,0,1,1,6,2,26,6,1582,2,9,-1,-1,-1
201597KB02904,1,9,0,18,0,0,0,0,0,0,1,1,1,1,41,7,1896,2,13,-1,1,-1
201597KB02904,2,9,0,18,0,0,0,0,0,0,2,1,6,1,39,7,1997,2,1,-1,-1,-1
201597KB02904,3,5,0,18,0,0,0,0,0,0,1,1,6,1,50,8,1170,1,2,-1,-1,-1
201597KB02904,4,5,0,18,0,0,0,0,0,0,1,1,6,1,47,8,800,1,3,-1,-1,-1
201597KB02906,1,21,0,18,0,1,1,7,1,6,1,1,1,1,25,5,6870,2,6,-1,1,-1
201597KB02906,2,9,0,4,0,1,0,0,0,0,1,1,6,1,60,9,1242,1,10,-1,1,-1
201597KB02909,1,9,0,7,0,2,0,0,0,0,4,1,6,1,34,6,1596,1,3,-1,1,-1
201597KB02911,1,9,0,18,0,0,0,0,0,0,1,1,6,2,25,5,1299,1,15,-1,1,-1
201597KB02911,2,9,0,18,0,0,0,0,0,0,2,1,1,1,59,9,1598,2,1,-1,2,-1
201597KB03002,1,9,0,13,0,0,0,0,0,6,1,1,6,2,38,7,-1,-1,-1,-1,1,-1
201597KB03002,2,9,0,18,0,0,0,0,0,6,1,1,6,1,75,10,1598,1,12,-1,1,-1
201597KB03004,1,9,0,16,0,0,0,0,1,9,4,1,6,2,19,4,1198,1,2,-1,1,-1
201597KB03006,1,9,0,18,0,0,0,0,0,0,1,1,6,1,55,8,2720,2,6,-1,3,-1
201597KB03006,2,9,0,3,0,0,0,0,0,0,2,1,6,2,59,9,1598,1,6,-1,1,-1
201597KB03006,3,9,0,3,0,0,0,0,0,0,2,1,6,1,66,10,2400,2,6,-1,3,-1
201597KB03007,1,9,0,18,0,8,0,0,0,0,0,1,6,2,31,6,1794,1,12,-1,-1,-1
201597KB03007,2,9,0,18,0,4,0,0,0,0,1,1,6,2,45,7,1896,2,6,-1,1,-1
201597KB03007,3,9,0,18,0,8,0,0,0,0,2,1,6,2,45,7,1343,1,11,-1,2,-1
201597KB03008,1,9,0,13,0,0,0,0,0,0,3,1,6,1,20,4,1198,1,8,-1,-1,-1
201597KB03008,2,9,0,16,0,0,0,0,0,0,1,1,6,2,25,5,998,1,2,-1,3,-1
201597KB03010,1,9,0,18,0,0,0,0,0,0,2,1,6,2,28,6,1796,1,10,-1,-1,-1
201597KB03103,1,9,0,18,0,1,0,0,0,0,1,1,6,1,45,7,-1,-1,-1,-1,-1,-1
201597KB03103,2,9,0,10,0,1,0,0,0,0,2,1,6,2,46,8,1360,1,9,-1,1,-1
201597KB03107,1,9,0,18,0,1,0,0,0,0,1,1,6,2,70,10,1988,2,11,-1,2,-1
201597KB03107,2,9,0,8,0,1,0,0,0,0,2,1,6,2,49,8,1396,2,1,-1,1,-1
201597KB03108,1,9,0,9,0,1,0,0,0,0,1,1,6,2,33,6,1229,1,10,-1,1,-1
201597KB03108,2,9,0,18,0,1,0,0,0,0,3,1,2,2,26,6,1149,1,4,-1,1,-1
201597KB03207,1,9,0,13,0,1,0,4,6,0,1,1,6,1,74,10,1598,2,-1,-1,1,-1
201597KB03207,2,9,0,9,0,5,0,0,0,0,1,1,1,1,21,5,-1,-1,-1,-1,1,-1
201597KB03207,3,9,0,2,6,2,0,0,0,0,1,1,6,3,40,7,2268,2,1,-1,-1,-1
201597KB03212,1,9,0,18,0,0,0,0,0,0,1,1,1,1,56,9,-1,-1,-1,-1,-1,-1
201597KB03212,2,9,0,2,0,0,0,0,0,0,3,1,6,1,58,9,2435,1,13,-1,1,-1
201597KB03301,1,9,0,4,0,7,0,0,0,0,1,1,6,1,33,6,2967,2,7,-1,1,-1
201597KB03301,2,9,0,4,0,7,0,0,0,0,2,1,6,1,26,6,1796,1,8,-1,1,-1
201597KB03312,1,9,0,7,0,0,0,0,1,11,1,1,6,2,62,9,2393,1,3,-1,3,-1
201597KB03401,1,9,0,4,0,0,1,0,0,0,1,1,2,2,32,6,1242,1,11,-1,1,-1
201597KB03401,2,19,0,3,0,0,0,0,0,0,2,1,1,1,57,9,2402,2,7,-1,2,-1
201597KB03401,3,9,0,3,0,0,0,0,0,0,2,1,2,1,30,6,2457,1,1,-1,3,-1
201597KB03406,1,5,0,18,0,8,1,0,7,9,3,1,6,1,29,6,645,1,11,-1,1,-1
201597KB03408,1,9,0,4,0,0,0,0,0,0,1,1,2,1,43,7,1149,1,11,-1,1,-1
201597KB03408,2,9,0,4,0,0,0,0,0,0,2,1,6,2,35,6,1242,1,2,-1,1,-1
201597KB03408,3,9,0,4,0,0,0,0,0,0,2,1,6,1,33,6,1395,1,1,-1,1,-1
201597KB03412,1,19,0,18,0,4,0,0,0,0,3,1,1,1,21,5,2402,2,3,-1,1,-1
201597KB03412,2,9,0,9,0,3,0,0,0,0,4,1,1,1,42,7,1461,2,-1,-1,2,-1
201597KB03504,1,4,0,16,0,0,0,0,0,0,1,1,6,2,19,4,399,1,27,-1,1,-1
201597KB03504,2,9,0,17,0,0,0,0,0,0,1,1,6,2,24,5,999,1,-1,-1,2,-1
201597KB03509,1,9,0,3,0,3,0,0,0,0,1,1,6,1,44,7,1560,2,1,-1,1,-1
201597KB03509,2,9,0,3,0,3,0,0,0,0,2,1,6,1,44,7,1388,1,3,-1,1,-1
201597KB03601,1,9,0,16,0,0,1,0,0,10,1,1,2,1,41,7,1910,2,11,-1,1,-1
201597KB03602,1,9,0,18,0,0,0,0,0,0,4,1,6,3,30,6,-1,-1,-1,-1,-1,-1
201597KB03609,1,9,0,18,0,8,0,0,0,0,1,1,6,2,22,5,1390,1,9,-1,2,-1
201597KB03609,2,1,0,9,0,8,0,0,0,0,1,1,6,1,63,9,-1,-1,-1,-1,3,-1
201597KB03701,1,9,0,9,0,0,0,10,0,0,1,1,2,2,23,5,1398,1,4,-1,1,-1
201597KB03701,2,9,0,2,0,0,0,0,0,0,2,1,6,3,30,6,-1,-1,-1,-1,1,-1
201597KB03708,1,9,0,18,0,0,0,0,0,0,1,1,6,1,71,10,1341,1,10,-1,1,-1
201597KB03708,2,9,0,2,6,0,0,0,0,0,2,1,6,2,36,7,1796,1,12,-1,2,-1
201597KB03711,1,9,0,18,0,4,0,0,0,0,1,1,2,2,27,6,796,1,7,-1,1,-1
201597KB03711,2,9,0,18,0,3,0,0,0,0,1,1,6,1,63,9,1995,2,6,-1,3,-1
201597KB03806,1,9,0,5,0,0,0,0,0,0,0,1,6,1,29,6,1598,1,10,-1,1,-1
201597KB03809,1,9,0,7,0,5,0,0,0,0,4,1,6,1,35,6,1198,1,4,-1,2,-1
201597KB03809,2,9,0,18,0,1,0,0,0,0,1,1,6,2,39,7,1198,1,4,-1,2,-1
201597KB03904,1,19,0,1,0,0,0,0,0,0,2,1,1,1,30,6,2148,2,6,-1,1,-1
201597KB03904,2,9,0,2,0,0,0,0,0,0,2,1,1,2,30,6,1364,1,6,-1,1,-1
201597KB03905,1,9,0,5,0,0,1,0,7,2,1,1,6,2,78,11,1199,1,11,-1,1,-1
201597KB03906,1,9,0,18,0,1,0,0,0,0,4,1,2,2,55,8,998,1,10,-1,2,-1
201597KB03906,2,5,0,18,0,1,0,0,1,0,1,1,6,1,44,7,-1,-1,-1,-1,1,-1
201597KB03908,1,9,0,5,0,6,0,0,0,0,1,1,6,1,40,7,1242,1,2,-1,-1,-1
201597KB03908,2,9,0,16,0,1,0,0,0,0,4,1,6,1,18,4,1198,1,8,-1,1,-1
201597KB04003,1,9,0,18,0,1,0,0,0,0,1,1,1,1,42,7,-1,-1,-1,-1,-1,-1
201597KB04003,2,9,0,3,0,1,0,0,0,0,2,1,6,2,50,8,3189,1,9,-1,2,-1
201597KB04003,3,9,0,18,0,1,0,0,0,0,2,1,6,2,50,8,999,1,1,-1,1,-1
201597KB04104,1,9,0,7,0,5,0,0,0,0,4,1,6,2,74,10,1796,1,15,-1,-1,-1
201597KB04104,2,1,0,18,0,1,0,10,0,0,1,1,6,1,53,8,-1,-1,-1,-1,-1,-1
201597KB04201,1,9,0,7,0,8,0,0,0,0,1,1,6,1,21,5,-1,-1,-1,-1,1,-1
201597KB04201,2,9,0,4,0,1,0,0,0,0,1,1,6,2,24,5,1242,1,2,-1,1,-1
201597KB04205,1,9,0,18,0,1,0,0,0,0,0,1,6,1,54,8,1586,1,11,-1,1,-1
201597KB04205,2,9,0,18,0,1,0,0,0,0,0,1,6,1,25,5,1328,1,5,-1,1,-1
201597KB04211,1,9,0,18,0,0,0,0,0,0,3,1,6,1,27,6,1968,2,3,-1,1,-1
201597KB04211,2,1,0,18,0,0,0,0,0,0,3,1,2,1,52,8,-1,-1,-1,-1,1,-1
201597KB04304,1,9,0,18,0,0,0,0,7,10,1,1,6,2,64,9,1086,1,8,-1,1,-1
201597KB04311,1,9,0,18,0,0,0,0,0,0,1,1,6,2,78,11,1198,1,1,-1,2,-1
201597KB04402,1,9,0,18,0,0,0,0,0,0,1,1,6,1,21,5,-1,-1,-1,-1,1,-1
201597KB04402,2,9,0,4,0,0,0,0,0,0,2,1,6,1,74,10,1984,1,6,-1,1,-1
201597KB04402,3,9,0,18,0,0,0,0,0,0,1,1,2,2,26,6,1242,1,6,-1,1,-1
201597KB04509,1,9,0,18,0,0,0,0,0,0,1,1,6,1,82,11,1199,2,4,-1,3,-1
201597KB04702,1,9,0,18,0,2,0,0,0,0,1,1,2,1,21,5,1197,1,1,-1,1,-1
201597KB04709,1,9,0,1,0,0,0,4,0,0,2,1,6,1,65,9,3980,1,26,-1,1,-1
201597KB04709,2,9,0,2,0,0,0,0,0,0,2,1,6,1,62,9,1997,2,2,-1,1,-1
201597KB04711,1,9,0,18,0,0,0,0,0,0,3,1,1,2,45,7,1242,1,5,-1,2,-1
201597KB04801,1,9,0,17,0,1,1,0,0,0,1,1,2,2,32,6,-1,-1,-1,-1,1,-1
201597KB04801,2,9,0,16,0,1,0,0,0,0,1,1,2,2,22,5,1229,1,-1,-1,2,-1
201597KB04805,1,9,0,18,0,1,0,0,6,11,4,1,6,1,24,5,1995,2,8,-1,1,-1
201597KB04805,2,9,0,18,0,1,1,0,0,0,4,1,6,2,45,7,2179,2,3,-1,3,-1
201597KB05006,1,9,0,18,0,0,0,0,0,0,4,1,6,3,25,5,1999,1,8,-1,-1,-1
201597KB05006,2,1,0,18,0,0,0,0,0,0,2,1,6,1,48,8,-1,-1,-1,-1,1,-1
201597KB05101,1,16,0,18,0,0,0,0,0,0,1,1,6,2,18,4,-1,-1,-1,-1,1,-1
201597KB05101,2,19,0,18,0,0,0,0,0,0,4,1,1,1,44,7,1996,2,4,-1,-1,-1
201597KB05209,1,19,0,6,0,1,0,0,0,0,3,1,1,1,50,8,2143,2,2,-1,1,-1
201597KB05209,2,9,0,8,0,1,0,0,0,0,1,1,2,1,21,5,1493,1,20,-1,1,-1
201597KB05409,1,9,0,18,0,1,0,0,0,0,3,1,6,1,64,9,-1,-1,-1,-1,1,-1
201597KB05409,2,9,0,18,0,1,0,0,0,0,1,1,6,2,44,7,1198,1,1,-1,1,-1
201597KB05411,1,5,0,18,0,0,0,0,0,0,1,1,6,1,44,7,600,1,13,-1,1,-1
201597KB05411,2,9,0,18,0,0,0,0,0,0,2,1,6,3,45,7,-1,-1,-1,-1,-1,-1
201597KB70102,1,19,0,13,0,0,0,0,8,6,1,1,1,1,44,7,2198,2,9,-1,1,-1
201597KB70106,1,9,0,12,0,7,0,0,0,0,3,1,6,1,37,7,1596,1,14,-1,1,-1
201597KB70106,2,21,0,18,0,1,0,0,0,0,4,1,6,1,43,7,12580,2,9,-1,1,-1
201597KB70106,3,9,0,18,0,1,0,0,0,0,3,1,6,2,46,8,1398,1,1,-1,1,-1
201597KB70106,4,9,0,18,0,1,0,0,0,0,4,1,6,1,42,7,-1,-1,-1,-1,3,-1
201597KB70107,1,20,0,5,0,4,0,0,0,0,1,1,6,1,47,8,4580,2,2,-1,1,-1
201597KB70107,2,10,0,4,0,4,0,0,0,0,2,1,6,1,56,9,-1,-1,-1,-1,1,-1
201597KB70108,1,9,0,11,0,1,0,0,0,0,1,1,6,2,45,7,2967,2,9,-1,1,-1
201597KB70108,2,9,0,3,0,1,0,0,0,0,2,1,6,1,23,5,1998,1,8,-1,1,-1
201597KB70201,1,9,0,18,0,0,1,0,0,0,4,1,2,1,23,5,1968,2,2,-1,1,-1
201597KB70201,2,9,0,18,0,0,0,0,0,0,3,1,2,2,31,6,-1,-1,-1,-1,-1,-1
201597KB70203,1,19,0,18,0,1,0,0,0,6,1,1,2,1,52,8,1560,2,4,-1,1,-1
201597KB70208,1,9,0,18,0,0,0,0,0,0,1,1,2,2,24,5,1229,1,7,-1,3,-1
201597KB70208,2,9,0,18,0,0,0,0,0,0,2,1,2,2,60,9,1587,1,8,-1,1,-1
201597KB70208,3,9,0,3,0,0,0,0,0,0,2,1,2,2,49,8,2143,2,2,-1,1,-1
201597KB70210,1,21,1,18,0,1,0,0,0,0,1,1,1,1,53,8,12900,2,4,-1,1,-1
201597KB70210,2,9,0,3,0,1,0,0,0,0,2,1,6,1,51,8,2198,2,9,-1,1,-1
201597KB70210,3,9,0,3,0,1,0,0,0,0,2,1,6,1,34,6,1197,1,1,-1,-1,-1
201597KB70211,1,9,0,4,0,0,0,0,0,0,1,1,2,1,28,6,-1,-1,-1,-1,1,-1
201597KB70211,2,9,0,4,0,0,0,0,0,0,2,1,2,1,42,7,3498,1,9,-1,1,-1
201597KB70301,1,9,0,18,0,0,1,0,0,0,1,1,6,1,38,7,-1,-1,-1,-1,1,-1
201597KB70301,2,9,0,18,0,0,0,0,0,0,2,1,3,1,54,8,998,1,14,-1,1,-1
201597KB70301,3,9,0,18,0,0,0,0,0,0,1,1,6,1,80,11,1997,2,1,-1,3,-1
201597KB70301,4,9,0,18,0,0,0,0,0,0,3,1,6,2,32,6,1461,2,12,-1,1,-1
201597KB70301,5,9,0,18,0,0,0,0,0,0,2,1,6,2,32,6,1995,2,-1,-1,1,-1
201597KB70403,1,9,0,18,0,0,1,4,0,7,0,1,1,2,21,5,-1,-1,-1,-1,1,-1
201597KB70403,2,9,0,2,0,0,0,0,0,0,2,1,6,3,30,6,2993,2,3,-1,1,-1
201597KB70404,1,9,0,12,0,0,0,0,0,0,2,1,6,2,25,5,1149,1,1,-1,1,-1
201597KB70404,2,9,0,18,0,0,0,0,0,0,1,1,6,2,36,7,1461,2,5,-1,3,-1
201597KB70404,3,9,0,13,0,0,0,0,0,0,4,1,6,1,29,6,1399,2,3,-1,1,-1
201597KB70408,1,9,0,17,0,0,5,0,1,1,1,1,6,1,35,6,1360,1,5,-1,-1,-1
201597KB70504,1,9,0,4,0,0,1,0,0,0,1,1,2,1,55,8,1560,2,1,-1,1,-1
201597KB70504,2,9,0,4,0,0,0,0,0,0,2,1,6,1,58,9,1996,2,4,-1,1,-1
201597KB70603,1,9,0,18,0,0,1,0,5,7,1,1,6,1,24,5,1398,1,-1,-1,-1,-1
201597KB70603,2,9,0,18,0,0,0,0,0,0,0,1,2,1,59,9,1997,2,4,-1,-1,-1
201597KC00107,1,9,0,18,9,0,1,0,0,0,0,1,6,1,72,10,-1,-1,-1,-1,1,-1
201597KC00107,2,1,0,18,9,0,1,0,0,0,0,1,6,1,43,7,-1,-1,-1,-1,1,-1
201597KC00201,1,9,0,18,0,0,1,0,0,7,1,1,6,2,31,6,1598,1,8,-1,1,-1
201597KC00201,2,9,0,18,0,0,0,0,0,0,1,1,6,1,22,5,2720,2,9,-1,1,-1
201597KC00201,3,9,0,18,0,0,0,0,0,0,1,1,6,1,23,5,1149,1,7,-1,1,-1
201597KC00202,1,9,0,2,0,0,0,4,7,11,1,1,6,2,50,8,1560,2,3,-1,3,-1
201597KC00202,2,9,0,2,0,0,0,0,0,0,1,1,6,1,40,7,1598,1,12,-1,1,-1
201597KC00205,1,9,0,18,0,0,1,0,2,0,2,1,1,2,67,10,1341,1,10,-1,1,-1
201597KC00208,1,9,0,18,0,1,0,0,0,0,4,1,6,2,40,7,1968,2,2,-1,1,-1
201597KC00210,1,9,0,18,0,0,5,4,0,0,1,1,6,2,30,6,1242,1,5,-1,-1,-1
201597KC00210,2,9,0,2,0,0,0,0,0,0,2,1,6,3,30,6,1360,1,7,-1,-1,-1
201597KC00302,1,9,0,18,0,0,0,0,0,0,1,1,2,1,24,5,-1,-1,-1,-1,1,-1
201597KC00302,2,9,0,18,0,0,0,0,1,0,1,1,2,2,37,7,-1,-1,-1,-1,1,-1
201597KC00305,1,9,0,18,0,2,0,0,0,0,3,1,6,1,31,6,1299,1,12,-1,-1,-1
201597KC00305,2,9,0,9,0,6,0,0,0,0,1,1,6,1,57,9,1753,2,6,-1,-1,-1
201597KC00311,1,9,0,7,0,6,0,0,0,0,4,1,2,1,18,4,1229,1,4,-1,1,-1
201597KC00311,2,9,0,18,0,8,0,7,7,0,3,1,6,2,58,9,1598,1,8,-1,1,-1
201597KC00312,1,9,0,18,0,0,0,0,0,0,1,1,2,2,52,8,1598,1,1,-1,1,-1
201597KC00405,1,1,0,14,0,6,0,4,0,0,2,1,6,1,48,8,-1,-1,-1,-1,1,-1
201597KC00405,2,19,0,2,0,2,0,0,0,0,0,1,6,1,25,5,2198,2,-1,-1,1,-1
201597KC00405,3,9,0,2,0,2,0,0,0,0,0,1,6,1,25,5,1199,1,13,-1,1,-1