Accident_Index,Vehicle_Reference,Vehicle_Type,Towing_and_Articulation,Vehicle_Manoeuvre,Vehicle_Location-Restricted_Lane,Junction_Location,Skidding_and_Overturning,Hit_Object_in_Carriageway,Vehicle_Leaving_Carriageway,Hit_Object_off_Carriageway,1st_Point_of_Impact,Was_Vehicle_Left_Hand_Drive?,Journey_Purpose_of_Driver,Sex_of_Driver,Age_of_Driver,Age_Band_of_Driver,Engine_Capacity_(CC),Propulsion_Code,Age_of_Vehicle,Driver_IMD_Decile,Driver_Home_Area_Type,Vehicle_IMD_Decile
201597KC00407,1,9,0,18,0,0,0,0,0,0,1,1,6,2,64,9,1364,1,5,-1,1,-1
201597KC00407,2,9,0,4,0,0,0,0,0,0,2,1,6,2,48,8,-1,-1,-1,-1,3,-1
201597KC00408,1,9,0,9,0,6,0,0,0,0,1,1,2,2,34,6,973,1,12,-1,1,-1
201597KC00408,2,3,0,9,0,1,0,0,0,0,4,1,6,2,51,8,125,1,1,-1,3,-1
201597KC00409,1,9,0,6,0,1,0,0,1,0,4,1,6,2,64,9,1242,1,3,-1,1,-1
201597KC00409,2,9,0,18,0,1,0,0,0,0,3,1,6,1,19,4,1124,1,12,-1,1,-1
201597KC00410,1,9,0,1,0,0,0,0,0,0,2,1,6,2,83,11,1242,1,7,-1,1,-1
201597KC00411,1,9,0,18,0,0,2,0,0,0,1,1,2,2,40,7,1598,1,8,-1,1,-1
201597KC00505,1,9,0,16,0,0,1,0,1,2,3,1,6,2,48,8,1995,2,4,-1,1,-1
201597KC00507,1,9,0,18,0,2,1,0,7,0,1,1,6,1,22,5,1587,1,9,-1,1,-1
201597KC00507,2,9,0,18,0,2,1,0,0,0,3,1,6,1,56,9,1043,1,21,-1,1,-1
201597KC00507,3,9,0,2,0,2,0,0,0,0,2,1,6,3,30,6,1995,2,1,-1,-1,-1
201597KC00603,1,9,0,18,0,2,0,0,0,0,1,1,6,1,22,5,1997,2,-1,-1,3,-1
201597KC00603,2,9,0,4,0,2,0,0,0,0,2,1,6,1,21,5,1796,1,10,-1,1,-1
201597KC00801,1,9,0,18,0,1,0,0,0,0,4,1,6,2,76,11,1998,1,12,-1,3,-1
201597KC00801,2,9,0,18,0,1,0,0,0,0,1,1,6,2,49,8,1587,1,12,-1,1,-1
201597KC00810,1,9,0,18,0,1,0,0,0,0,1,1,6,1,40,7,2496,2,10,-1,1,-1
201597KC00810,2,9,0,4,0,1,0,0,0,0,2,1,6,2,37,7,2198,2,9,-1,1,-1
201597KC00811,1,9,0,16,0,0,1,0,1,2,1,1,6,1,29,6,-1,-1,-1,-1,3,-1
201597KC00904,1,19,0,9,0,2,0,0,0,0,3,1,1,1,56,9,1248,2,5,-1,1,-1
201597KC00904,2,9,0,18,0,8,0,0,0,0,4,1,6,1,20,4,-1,-1,-1,-1,3,-1
201597KC00908,1,9,0,1,0,0,0,0,0,0,2,1,6,1,70,10,1598,1,3,-1,1,-1
201597KC00910,1,9,0,18,0,0,0,0,0,0,1,1,6,3,28,6,-1,-1,-1,-1,-1,-1
201597KC00910,2,1,0,18,0,0,0,0,1,0,2,1,6,1,21,5,-1,-1,-1,-1,1,-1
201597KC01002,1,9,0,17,0,0,0,0,0,0,1,1,6,2,31,6,1598,1,5,-1,-1,-1
201597KC01009,1,9,0,18,0,0,0,0,0,0,1,1,6,2,49,8,1349,1,4,-1,1,-1
201597KC01009,2,19,0,2,0,0,0,0,0,0,2,1,6,3,30,6,1968,2,5,-1,1,-1
201597KC01012,1,9,0,5,0,0,0,10,1,0,3,1,6,1,27,6,2198,2,8,-1,1,-1
201597KC01012,2,9,0,2,0,0,0,0,0,0,0,1,6,1,32,6,1248,2,3,-1,-1,-1
201597KC01106,1,5,0,18,0,0,2,4,0,0,1,1,6,1,50,8,-1,-1,-1,-1,1,-1
201597KC01106,2,9,0,2,0,0,0,0,0,0,2,1,6,1,40,7,1229,1,6,-1,1,-1
201597KC01202,1,9,0,9,0,6,0,0,0,0,1,1,6,1,20,4,1229,1,11,-1,1,-1
201597KC01202,2,9,0,18,0,1,0,0,0,0,4,1,6,1,22,5,1396,1,12,-1,1,-1
201597KC01204,1,9,0,12,0,4,0,0,0,0,3,1,6,2,80,11,1390,1,2,-1,3,-1
201597KC01204,2,9,0,9,0,3,0,0,0,0,4,1,3,2,39,7,1242,1,1,-1,1,-1
201597KC01205,1,9,0,18,0,0,0,0,0,0,2,1,1,2,27,6,1248,2,4,-1,1,-1
201597KC01209,1,9,0,3,0,2,0,0,0,0,1,1,6,1,74,10,1339,8,3,-1,3,-1
201597KC01210,1,9,0,18,0,5,0,0,0,0,1,1,6,2,83,11,1124,1,13,-1,1,-1
201597KC01210,2,3,0,18,0,8,0,0,0,0,1,1,6,1,22,5,124,1,4,-1,1,-1
201597KC01304,1,9,0,18,9,0,1,10,7,2,1,1,6,1,16,4,1999,1,9,-1,-1,-1
201597KC01412,1,9,0,4,0,0,0,0,0,0,1,1,2,1,18,4,1896,2,8,-1,1,-1
201597KC01412,2,9,0,4,0,0,0,0,0,0,3,1,2,1,21,5,1198,1,3,-1,1,-1
201597KC01412,3,9,0,3,0,0,0,0,0,0,2,1,2,1,50,8,2993,2,9,-1,1,-1
201597KC01502,1,9,0,16,0,0,0,0,7,4,1,1,6,2,62,9,1798,1,3,-1,2,-1
201597KC01503,1,9,0,4,0,1,0,0,0,0,3,1,3,2,32,6,1598,1,7,-1,1,-1
201597KC01506,1,9,0,9,0,1,0,0,0,0,1,1,6,1,17,4,1242,1,8,-1,3,-1
201597KC01506,2,9,0,18,0,1,0,0,0,0,1,1,6,1,37,7,1598,1,10,-1,1,-1
201597KC01506,3,9,0,2,9,1,0,0,0,0,2,1,6,1,53,8,1995,2,4,-1,1,-1
201597KC01507,1,9,0,4,0,1,0,4,1,0,1,1,6,2,71,10,996,1,6,-1,1,-1
201597KC01507,2,9,0,18,0,8,0,0,0,0,3,1,6,1,27,6,1796,1,5,-1,1,-1
201597KC01507,3,9,0,2,0,1,0,0,0,0,3,1,6,3,30,6,1364,1,7,-1,1,-1
201597KC01507,4,9,0,2,0,1,0,0,0,0,1,1,6,3,30,6,1598,1,8,-1,1,-1
201597KC01603,1,9,0,18,0,8,0,0,0,0,1,1,6,1,23,5,1998,1,5,-1,1,-1
201597KC01603,2,9,0,18,0,8,0,0,0,0,3,1,1,1,59,9,1598,2,3,-1,1,-1
201597KC01704,1,9,0,4,0,0,0,0,0,0,1,1,6,2,49,8,1388,1,12,-1,1,-1
201597KC01704,2,9,0,4,0,0,0,0,0,0,2,1,6,1,43,7,1560,2,4,-1,3,-1
201597KC01706,1,9,0,9,0,5,0,0,0,0,3,1,6,1,19,4,998,1,2,-1,2,-1
201597KC01706,2,90,0,13,0,1,1,0,0,0,4,1,1,1,43,7,2987,2,1,-1,1,-1
201597KC01708,1,9,0,18,0,0,1,10,1,3,1,1,6,2,24,5,1598,1,13,-1,1,-1
201597KC01802,1,11,0,18,0,2,0,0,0,0,0,1,1,1,68,10,4461,2,2,-1,3,-1
201597KC01804,1,11,0,5,0,1,0,0,0,0,1,1,1,1,60,9,9000,2,7,-1,1,-1
201597KC01806,1,9,0,5,0,0,0,0,0,0,3,1,6,2,60,9,1560,2,-1,-1,1,-1
201597KC01806,2,9,0,18,0,0,0,0,0,0,1,1,6,1,17,4,-1,-1,-1,-1,-1,-1
201597KC01807,1,9,0,12,0,4,0,7,0,1,1,1,6,1,81,11,1149,1,3,-1,1,-1
201597KC01807,2,8,0,18,0,3,1,0,0,0,1,1,1,1,44,7,-1,-1,-1,-1,3,-1
201597KC01906,1,9,0,12,0,8,0,0,0,0,0,1,6,3,40,7,1242,1,12,-1,-1,-1
201597KC01906,2,9,0,18,0,8,0,0,0,0,0,1,6,1,61,9,1598,1,3,-1,1,-1
201597KC01910,1,9,0,18,0,4,0,0,3,1,1,1,6,1,22,5,1799,1,8,-1,1,-1
201597KC02005,1,9,0,16,0,8,5,4,0,0,3,1,6,1,51,8,1229,1,2,-1,1,-1
201597KC02005,2,9,0,10,0,1,0,0,0,0,1,1,6,1,29,6,1796,1,13,-1,1,-1
201597KC02007,1,9,0,18,0,0,0,0,2,11,1,1,6,2,47,8,1995,1,12,-1,3,-1
201597KC02010,1,9,0,18,0,0,0,0,0,0,1,1,6,1,46,8,1796,1,10,-1,1,-1
201597KC02011,1,9,0,18,0,2,0,0,0,0,1,1,6,1,79,11,998,1,1,-1,1,-1
201597KC02102,1,19,0,18,0,0,2,10,7,11,3,1,1,1,45,7,2143,2,2,-1,2,-1
201597KC02107,1,9,0,9,0,2,0,0,0,0,4,1,6,2,29,6,998,1,7,-1,3,-1
201597KC02109,1,9,0,16,0,0,0,0,8,4,3,1,1,2,25,5,998,1,1,-1,1,-1
201597KC02202,1,9,0,16,0,1,0,0,6,2,1,1,6,1,34,6,-1,-1,-1,-1,1,-1
201597KC02306,1,9,0,18,0,1,0,0,0,0,1,1,6,1,27,6,1197,1,1,-1,3,-1
201597KC02306,2,9,0,9,0,1,0,0,1,2,1,1,6,1,46,8,1598,1,11,-1,1,-1
201597KC02307,1,9,0,18,0,6,1,0,0,0,1,1,6,1,28,6,1598,2,-1,-1,-1,-1
201597KC02307,2,9,0,18,0,8,1,0,0,11,4,1,6,1,27,6,1999,1,7,-1,-1,-1
201597KC02403,1,9,0,18,0,0,0,0,0,0,3,1,6,2,33,6,1388,1,10,-1,1,-1
201597KC02404,1,9,0,17,0,0,0,0,7,0,4,1,6,1,40,7,1299,1,10,-1,2,-1
201597KC02404,2,9,0,16,0,0,0,0,0,0,1,1,6,1,62,9,2993,2,-1,-1,2,-1
201597KC02412,1,9,0,18,0,1,0,0,0,0,4,1,6,2,53,8,998,1,10,-1,3,-1
201597KC02501,1,9,0,18,0,0,1,4,1,0,1,1,6,1,19,4,-1,-1,-1,-1,1,-1
201597KC02501,2,9,0,2,6,0,0,0,0,0,2,1,6,3,30,6,1799,1,8,-1,-1,-1
201597KC02505,1,9,0,4,0,0,0,0,0,0,4,1,6,2,27,6,1389,1,11,-1,1,-1
201597KC02509,1,9,0,18,0,1,0,0,0,0,2,1,6,2,23,5,1360,1,9,-1,3,-1
201597KC02509,2,9,0,1,6,1,0,0,0,0,3,1,3,2,35,6,1497,1,11,-1,1,-1
201597KC02510,1,9,0,18,0,0,0,0,0,0,1,1,6,2,19,4,1398,2,13,-1,1,-1
201597KC02510,2,9,0,18,0,0,0,0,0,0,1,1,6,1,36,7,1968,2,2,-1,1,-1
201597KC02511,1,9,0,18,0,1,1,4,0,0,1,1,6,1,18,4,1560,2,6,-1,1,-1
201597KC02511,2,9,0,9,0,1,0,4,0,0,1,1,6,1,18,4,998,1,-1,-1,1,-1
201597KC02612,1,9,0,17,0,0,2,0,1,3,1,1,6,2,49,8,1995,2,10,-1,3,-1
201597KC02702,1,9,0,18,0,1,0,0,0,0,1,1,3,2,37,7,1364,1,8,-1,1,-1
201597KC02704,1,9,0,18,0,6,0,0,0,0,1,1,6,3,30,6,1560,2,11,-1,-1,-1
201597KC02704,2,9,0,18,0,8,0,0,0,0,3,1,6,1,56,9,1998,2,12,-1,1,-1
201597KC02802,1,9,0,2,0,0,0,0,0,0,0,1,6,1,50,8,1598,2,2,-1,1,-1
201597KC02802,2,9,0,14,0,0,0,0,0,0,0,1,6,2,21,5,1598,1,11,-1,1,-1
201597KC02812,1,8,0,1,9,5,0,0,0,0,2,1,1,1,39,7,1560,2,6,-1,1,-1
201597KC02907,1,9,0,17,0,4,0,0,0,0,3,1,6,2,44,7,1339,1,2,-1,1,-1
201597KC02907,2,9,0,7,0,3,0,0,7,7,4,1,6,1,53,8,1956,2,2,-1,1,-1
201597KC02912,1,9,0,9,0,2,0,0,0,0,3,1,6,1,62,9,1597,1,9,-1,1,-1
201597KC02912,2,9,0,18,0,1,1,0,0,0,1,1,6,1,26,6,1596,1,1,-1,-1,-1
201597KC03106,1,9,0,5,0,4,1,0,0,11,1,1,6,2,26,6,1240,1,11,-1,1,-1
201597KC03201,1,9,0,18,0,0,0,0,0,0,0,1,6,2,40,7,1240,1,7,-1,1,-1
201597KC03201,2,9,0,18,0,0,0,0,0,0,0,1,6,1,40,7,1796,1,7,-1,1,-1
201597KC03208,1,9,0,1,0,0,0,0,0,0,0,1,1,1,19,4,-1,-1,-1,-1,2,-1
201597KC03301,1,9,0,18,0,0,1,0,0,0,1,1,3,2,50,8,1997,2,2,-1,1,-1
201597KC03301,2,9,0,18,0,0,0,0,0,0,2,1,2,2,24,5,1242,1,11,-1,1,-1
201597KC03301,3,19,0,2,5,0,0,0,0,0,4,1,6,3,30,6,8970,2,13,-1,-1,-1
201597KC03303,1,9,0,4,0,0,0,0,0,0,0,1,6,1,50,8,1586,1,1,-1,-1,-1
201597KC03303,2,9,0,4,0,0,0,0,0,0,0,1,6,1,28,6,1598,1,13,-1,1,-1
201597KC03306,1,9,0,4,0,1,0,0,0,0,1,1,6,1,50,8,-1,-1,-1,-1,-1,-1
201597KC03309,1,9,0,18,0,1,0,0,0,0,1,1,6,1,27,6,1796,1,10,-1,3,-1
201597KC03309,2,9,0,3,0,1,0,0,0,0,2,1,6,1,60,9,1997,2,1,-1,1,-1
201597KC03310,1,9,0,5,0,1,0,0,0,0,1,1,6,1,78,11,1995,2,4,-1,3,-1
201597KC03310,2,9,0,18,0,1,0,0,1,3,4,1,6,2,71,10,2496,1,11,-1,-1,-1
201597KC03404,1,9,0,7,0,0,0,0,0,0,1,1,6,1,48,8,1984,1,10,-1,1,-1
201597KC03404,2,9,0,18,0,0,0,0,0,0,1,1,6,2,47,8,1399,2,3,-1,1,-1
201597KC03405,1,4,0,18,0,3,1,0,0,0,0,1,6,1,29,6,645,1,10,-1,1,-1
201597KC03502,1,9,0,4,0,4,0,0,0,0,1,1,6,1,45,7,1560,2,9,-1,1,-1
201597KC03502,2,9,0,4,0,4,0,0,0,0,2,1,6,2,48,8,1796,1,8,-1,-1,-1
201597KC03603,1,5,0,5,0,8,0,0,0,0,1,1,6,1,25,5,-1,-1,-1,-1,-1,-1
201597KC03603,2,9,0,5,0,8,0,0,0,0,4,1,6,1,72,10,1598,1,10,-1,1,-1
201597KC03708,1,9,0,18,0,1,0,0,0,0,1,1,2,2,48,8,1229,1,2,-1,1,-1
201597KC03803,1,9,0,18,0,1,0,0,0,0,1,1,6,2,19,4,1360,1,13,-1,1,-1
201597KC03804,1,9,0,18,0,0,2,0,7,11,3,1,2,1,52,8,1596,1,1,-1,1,-1
201597KC03808,1,9,0,4,0,1,0,0,0,0,1,1,6,2,27,6,1198,1,12,-1,1,-1
201597KC03906,1,9,0,4,0,0,0,0,0,0,0,1,6,2,25,5,1796,1,9,-1,1,-1
201597KC03906,2,9,0,4,0,0,0,0,0,0,2,1,6,1,24,5,1388,1,8,-1,1,-1
201597KC04003,1,9,0,9,0,1,0,0,0,0,3,1,6,2,21,5,1248,2,5,-1,1,-1
201597KC04003,2,9,0,18,0,1,0,0,0,0,1,1,6,1,20,4,1229,1,3,-1,1,-1
201597KC04010,1,19,0,3,0,0,0,0,0,0,1,1,2,1,35,6,-1,-1,-1,-1,1,-1
201597KC04010,2,9,0,3,0,0,0,0,0,0,2,1,2,1,40,7,1490,1,6,-1,1,-1
201597KC04010,3,19,0,18,0,0,0,0,0,0,2,1,1,1,44,7,2198,2,1,-1,1,-1
201597KC04101,1,20,0,3,0,1,0,0,0,0,4,1,1,1,41,7,4580,2,7,-1,-1,-1
201597KC04101,2,9,0,7,0,1,0,0,0,0,3,1,6,1,47,8,1398,1,4,-1,1,-1
201597KC04104,1,9,0,18,0,0,0,0,0,0,4,1,6,1,49,8,1396,1,10,-1,1,-1
201597KC04108,1,9,0,18,9,1,1,0,1,0,1,1,6,3,25,5,-1,-1,-1,-1,-1,-1
201597KC04209,1,9,0,6,0,0,0,0,0,0,3,1,6,2,64,9,1586,1,2,-1,1,-1
201597KC04209,2,2,0,13,0,0,2,0,0,0,1,1,6,2,41,7,49,1,-1,-1,1,-1
201597KC04210,1,9,0,18,0,0,0,0,0,0,0,1,6,1,48,8,3498,7,9,-1,1,-1
201597KC04210,2,9,0,18,0,0,0,0,0,0,0,1,6,2,40,7,1968,2,8,-1,1,-1
201597KC04211,1,19,0,9,0,1,0,0,0,0,1,1,3,1,25,5,-1,-1,-1,-1,-1,-1
201597KC04211,2,9,0,10,0,1,0,0,0,0,1,1,6,2,43,7,1229,1,7,-1,1,-1
201597KC04309,1,1,0,18,4,1,0,0,0,0,1,1,6,1,38,7,-1,-1,-1,-1,1,-1
201597KC04309,2,9,0,5,0,2,0,0,0,0,1,1,6,1,30,6,1686,2,1,-1,1,-1
201597KC04310,1,9,0,18,0,1,0,0,0,0,1,1,2,2,24,5,1368,1,6,-1,1,-1
201597KC04310,2,9,0,3,0,1,0,0,0,0,2,1,2,2,28,6,1598,1,13,-1,3,-1
201597KC04401,1,9,0,18,0,0,0,0,0,0,0,1,6,2,37,7,998,1,5,-1,1,-1
201597KC04401,2,9,0,18,0,0,0,0,0,0,0,1,6,1,40,7,1781,1,13,-1,-1,-1
201597KC04401,3,9,0,18,0,0,0,0,0,0,0,1,6,1,60,9,1242,1,9,-1,1,-1
201597KC04410,1,9,0,18,0,1,0,0,0,0,1,1,6,1,28,6,1997,2,9,-1,1,-1
201597KC04604,1,9,0,17,0,4,0,9,0,0,3,1,6,1,39,7,1596,1,8,-1,1,-1
201597KC04611,1,9,0,18,0,0,0,0,0,0,3,1,6,1,27,6,1796,1,8,-1,1,-1
201597KC04611,2,9,0,18,0,0,0,0,0,0,3,1,1,1,32,6,1560,2,3,-1,1,-1
201597KC04710,1,9,0,4,0,1,0,0,0,0,1,1,6,2,25,5,1229,1,5,-1,1,-1
201597KC04710,2,9,0,3,0,1,0,0,0,0,2,1,1,1,58,9,1598,2,1,-1,1,-1
201597KC05211,1,9,0,18,0,4,0,0,0,0,1,1,6,3,-1,-1,1242,1,13,-1,-1,-1
201597KC05211,2,9,0,3,0,4,0,0,0,0,2,1,6,1,44,7,1896,2,10,-1,3,-1
201597LA00108,1,9,0,16,0,0,2,0,7,10,4,1,6,1,22,5,1149,1,10,-1,-1,-1
201597LA00112,1,9,0,9,0,6,0,0,0,0,3,1,1,2,49,8,1598,2,3,-1,-1,-1
201597LA00112,2,9,0,18,0,1,0,0,0,0,1,1,6,1,21,5,1390,1,-1,-1,1,-1
201597LA00205,1,9,0,4,0,1,0,0,0,0,0,1,6,1,28,6,-1,-1,-1,-1,-1,-1
201597LA00205,2,5,0,4,0,1,0,0,0,0,2,1,3,2,40,7,645,1,10,-1,3,-1
201597LA00210,1,9,0,18,0,0,0,0,0,0,4,1,6,2,30,6,999,1,3,-1,1,-1
201597LA00211,1,9,0,9,0,1,0,0,0,0,1,1,6,2,47,8,1198,1,6,-1,1,-1
201597LA00211,2,9,0,18,0,1,0,0,0,0,1,1,2,1,44,7,998,1,7,-1,3,-1
201597LA00212,1,9,0,18,0,0,0,0,0,0,1,1,6,2,66,10,1597,2,1,-1,1,-1
201597LA00301,1,9,0,18,0,0,0,0,0,0,1,1,6,2,68,10,-1,-1,-1,-1,3,-1
201597LA00301,2,9,0,12,0,0,0,0,0,0,2,1,1,1,50,8,-1,-1,-1,-1,-1,-1
201597LA00307,1,9,0,18,0,0,0,0,0,0,4,1,6,2,35,6,1560,2,-1,-1,1,-1
201597LA00310,1,9,0,4,0,1,0,0,0,0,1,1,6,1,24,5,1598,1,-1,-1,1,-1
201597LA00408,1,19,0,17,0,0,0,0,0,4,1,1,1,1,29,6,2198,2,-1,-1,-1,-1
201597LA00409,1,4,0,16,0,0,1,0,0,0,3,1,6,1,51,8,373,1,-1,-1,3,-1
201597LA00409,2,19,0,18,0,0,0,0,0,0,3,1,6,1,42,7,1968,2,-1,-1,2,-1
201597LA00503,1,9,0,18,0,0,0,0,1,2,1,1,6,1,70,10,1598,1,7,-1,1,-1
201597LA00508,1,9,0,9,0,5,0,0,0,0,3,1,6,1,51,8,2400,2,-1,-1,-1,-1
201597LA00508,2,1,0,18,0,1,0,0,0,0,1,1,6,1,45,7,-1,-1,-1,-1,1,-1
201597LA00602,1,9,0,9,0,2,0,0,1,0,1,1,6,2,56,9,1328,1,8,-1,3,-1
201597LA00602,2,9,0,18,0,8,0,0,1,2,3,1,6,2,38,7,1598,2,1,-1,1,-1
201597LA00610,1,9,0,18,0,8,0,0,0,0,1,1,6,1,53,8,1598,1,11,-1,1,-1
201597LA00610,2,9,0,18,0,8,2,0,0,0,4,1,1,1,52,8,1560,2,2,-1,1,-1
201597LA00702,1,9,0,18,0,5,0,0,7,11,1,1,6,1,67,10,1598,1,4,-1,1,-1
201597LA00703,1,9,0,18,0,0,1,0,0,0,1,1,1,1,22,5,1396,1,13,-1,1,-1
201597LA00703,2,10,0,18,0,0,0,0,0,0,3,1,1,1,66,10,2300,2,9,-1,-1,-1
201597LA00703,3,9,0,4,0,0,0,0,0,0,2,1,1,1,27,6,1999,1,10,-1,1,-1
201597LA00704,1,9,0,5,0,0,0,0,0,0,3,1,6,1,21,5,1956,2,4,-1,1,-1
201597LA00710,1,9,0,1,0,0,0,0,0,0,3,1,6,1,44,7,1956,2,1,-1,1,-1
201597LA00710,2,9,0,14,0,0,2,0,0,0,1,1,6,2,53,8,796,1,7,-1,1,-1
201597LA00712,1,9,0,16,0,0,1,0,0,9,1,1,6,2,23,5,1349,1,8,-1,1,-1
201597LA00801,1,9,0,9,0,8,0,0,0,0,3,1,3,2,45,7,-1,-1,-1,-1,1,-1
201597LA00801,2,9,0,18,0,1,0,0,0,0,3,1,3,2,50,8,1242,1,10,-1,1,-1
201597LA00801,3,9,0,4,0,8,0,0,0,0,2,1,2,2,45,7,1598,1,6,-1,1,-1
201597LA00802,1,5,0,16,0,3,0,0,4,7,3,1,6,1,60,9,1832,1,-1,-1,3,-1
201597LA00808,1,9,0,17,0,0,1,0,0,0,1,1,6,2,22,5,1149,1,3,-1,1,-1
201597LA00808,2,9,0,16,0,0,0,0,1,0,1,1,2,2,46,8,1329,1,6,-1,1,-1
201597LA00904,1,9,0,17,0,1,0,0,0,0,1,1,1,1,31,6,1388,1,6,-1,1,-1
201597LA00904,2,9,0,7,0,8,0,0,0,0,3,1,6,1,31,6,-1,-1,-1,-1,1,-1
201597LA00905,1,9,0,17,0,1,0,0,0,0,1,1,6,1,26,6,-1,-1,-1,-1,1,-1
201597LA00905,2,9,0,16,0,1,1,0,0,0,1,1,6,1,51,8,1560,2,8,-1,1,-1
201597LA01006,1,9,0,18,0,1,1,0,0,0,3,1,6,1,20,4,1596,1,10,-1,1,-1
201597LA01006,2,9,0,18,0,1,5,0,2,1,3,1,6,1,32,6,1686,2,2,-1,1,-1
201597LA01007,1,9,0,16,0,1,5,0,7,1,1,1,6,1,28,6,1984,1,12,-1,1,-1
201597LA01010,1,9,0,18,0,0,0,0,0,0,4,1,2,1,23,5,1895,1,17,-1,1,-1
201597LA01102,1,19,0,4,0,1,0,0,0,0,1,1,2,1,24,5,2151,2,12,-1,1,-1
201597LA01102,2,9,0,4,0,1,0,0,0,0,2,1,6,1,65,9,1997,1,3,-1,1,-1
201597LA01107,1,9,0,9,0,8,0,0,0,0,1,1,6,1,27,6,1956,2,1,-1,1,-1
201597LA01107,2,9,0,18,0,1,0,0,0,0,1,1,6,2,65,9,-1,-1,-1,-1,1,-1
201597LA01109,1,9,0,16,0,0,0,0,0,0,1,1,6,1,25,5,1198,1,9,-1,1,-1
201597LA01109,2,9,0,4,0,0,0,0,0,0,2,1,6,2,50,8,1199,2,3,-1,1,-1
201597LA01207,1,9,0,18,0,1,0,0,0,0,1,1,6,1,36,7,1598,1,14,-1,1,-1
201597LA01207,2,9,0,2,0,1,0,0,0,0,2,1,6,2,28,6,2188,2,8,-1,1,-1
201597LA01207,3,9,0,2,0,1,0,0,0,0,2,1,6,1,36,7,1956,2,-1,-1,1,-1
201597LA01207,4,9,0,2,0,1,0,0,0,0,3,1,6,2,29,6,1686,2,11,-1,1,-1
201597LA01301,1,9,0,16,0,2,1,0,7,4,1,1,6,2,34,6,-1,-1,-1,-1,-1,-1
201597LA01302,1,9,0,18,0,8,0,0,0,0,1,1,6,1,24,5,1461,2,4,-1,-1,-1
201597LA01302,2,9,0,18,0,8,0,0,0,0,3,1,2,2,45,7,1560,2,2,-1,-1,-1
201597LA01303,1,9,0,18,0,2,0,0,0,0,4,1,6,1,63,9,2967,1,11,-1,1,-1
201597LA01307,1,9,0,18,0,0,0,0,0,0,0,1,6,1,66,10,2148,2,6,-1,1,-1
201597LA01307,2,9,0,18,0,0,0,0,1,10,4,1,6,1,19,4,973,1,13,-1,1,-1
201597LA01406,1,5,0,17,0,0,0,0,0,0,1,1,6,1,41,7,-1,-1,-1,-1,-1,-1
201597LA01406,2,9,0,16,0,0,0,0,0,0,1,1,6,2,58,9,1461,2,-1,-1,2,-1
201597LA01408,1,5,0,18,0,0,2,0,0,0,1,1,6,1,44,7,1043,1,-1,-1,1,-1
201597LA01408,2,9,0,9,0,0,0,0,0,0,2,1,6,1,24,5,-1,-1,-1,-1,1,-1
201597LA01409,1,9,0,18,0,1,5,0,1,0,4,1,6,1,17,4,1149,1,2,-1,1,-1
201597LA01409,2,9,0,18,0,1,0,0,0,0,1,1,2,1,44,7,1598,1,12,-1,1,-1
201597LA01502,1,9,0,4,0,1,0,0,0,0,1,1,2,1,30,6,1596,1,13,-1,1,-1
201597LA01502,2,9,0,4,0,1,0,0,0,0,1,1,2,1,23,5,1390,1,11,-1,1,-1
201597LA01602,1,9,0,18,9,1,5,0,7,2,1,1,6,1,51,8,1461,2,-1,-1,1,-1
201597LA01603,1,90,0,18,0,0,2,0,8,9,0,1,6,1,37,7,-1,-1,-1,-1,1,-1
201597LA01607,1,9,0,18,0,0,0,0,7,4,1,1,6,2,69,10,3456,8,-1,-1,1,-1
201597LA01706,1,9,0,18,0,1,0,0,0,0,1,1,6,1,35,6,-1,-1,-1,-1,-1,-1
201597LA01706,2,9,0,18,0,1,0,0,0,0,2,1,6,1,44,7,1229,1,4,-1,1,-1
201597LA01710,1,9,0,5,0,8,0,0,0,0,1,1,6,1,69,10,1598,1,6,-1,-1,-1
201597LA01806,1,9,0,4,0,2,0,0,0,0,2,1,6,2,53,8,1386,1,7,-1,1,-1
201597LA01806,2,9,0,4,0,2,0,0,0,0,1,1,6,1,25,5,1399,2,5,-1,1,-1
201597LA01902,1,9,0,9,0,6,0,0,0,0,1,1,6,2,60,9,1349,1,5,-1,1,-1
201597LA01902,2,9,0,9,0,6,0,0,0,0,2,1,6,2,57,9,1596,1,2,-1,1,-1
201597LA01909,1,9,0,18,0,0,0,0,1,1,1,1,6,1,38,7,1242,1,5,-1,1,-1
201597LA02001,1,9,0,18,0,1,0,0,1,0,4,1,6,1,31,6,2204,2,9,-1,1,-1
201597LA02001,2,9,0,18,0,1,0,0,0,0,1,1,6,2,22,5,998,1,1,-1,1,-1
201597LA02006,1,4,0,18,0,0,1,0,0,0,1,1,6,1,24,5,124,1,10,-1,1,-1
201597LA02007,1,9,0,16,0,0,0,0,0,0,1,1,6,2,23,5,1229,1,5,-1,1,-1
201597LA02007,2,9,0,18,0,0,0,0,0,0,1,1,6,1,27,6,1968,2,1,-1,1,-1
201597LA02009,1,9,0,6,0,0,0,0,4,0,3,1,1,1,63,9,1798,1,4,-1,1,-1
201597LA02009,2,9,0,18,0,0,0,0,6,0,4,1,1,1,24,5,1560,2,1,-1,1,-1
201597LA02101,1,9,0,4,0,6,1,0,0,0,3,1,6,2,54,8,998,1,5,-1,1,-1
201597LA02101,2,9,0,18,0,1,0,0,0,0,1,1,2,1,59,9,-1,-1,-1,-1,1,-1
201597LA02106,1,9,0,18,0,8,0,0,0,0,1,1,6,1,25,5,1229,1,3,-1,1,-1
201597LA02106,2,8,0,18,0,8,0,0,1,0,1,1,1,1,61,9,1798,1,6,-1,1,-1