Accident_Index,Vehicle_Reference,Vehicle_Type,Towing_and_Articulation,Vehicle_Manoeuvre,Vehicle_Location-Restricted_Lane,Junction_Location,Skidding_and_Overturning,Hit_Object_in_Carriageway,Vehicle_Leaving_Carriageway,Hit_Object_off_Carriageway,1st_Point_of_Impact,Was_Vehicle_Left_Hand_Drive?,Journey_Purpose_of_Driver,Sex_of_Driver,Age_of_Driver,Age_Band_of_Driver,Engine_Capacity_(CC),Propulsion_Code,Age_of_Vehicle,Driver_IMD_Decile,Driver_Home_Area_Type,Vehicle_IMD_Decile
201597LA02107,1,9,0,18,0,0,1,0,7,11,2,1,6,1,20,4,3498,1,7,-1,1,-1
201597LA02111,1,9,0,18,0,5,0,0,0,0,4,1,6,1,64,9,1598,2,3,-1,1,-1
201597LA02111,2,9,0,18,0,1,0,0,0,0,1,1,6,2,43,7,1685,2,2,-1,1,-1
201597LA02111,3,9,0,3,0,1,0,0,0,0,1,1,6,1,27,6,1199,1,14,-1,1,-1
201597LA02209,1,9,0,18,0,1,0,0,0,0,1,1,6,1,28,6,-1,-1,-1,-1,1,-1
201597LA02209,2,9,0,18,0,1,0,0,0,0,2,1,6,2,22,5,1242,1,10,-1,1,-1
201597LA02212,1,9,0,4,0,1,0,0,0,0,1,1,2,1,40,7,1149,1,8,-1,1,-1
201597LA02309,1,9,0,18,0,0,0,0,7,0,1,1,6,1,73,10,1798,1,14,-1,1,-1
201597LA02309,2,90,0,18,0,0,0,0,1,0,3,1,6,1,60,9,2496,2,20,-1,2,-1
201597LA02311,1,20,0,18,0,8,0,0,1,0,1,1,1,1,29,6,2198,2,3,-1,1,-1
201597LA02311,2,20,0,18,0,8,0,0,7,2,1,1,1,1,33,6,-1,-1,-1,-1,1,-1
201597LA02401,1,9,0,18,0,0,1,11,0,0,1,1,6,1,56,9,-1,-1,-1,-1,3,-1
201597LA02401,2,9,0,18,0,0,1,1,0,0,1,1,6,1,28,6,1995,1,13,-1,1,-1
201597LA02401,3,9,0,18,0,0,1,1,0,0,1,1,6,1,29,6,1149,1,2,-1,1,-1
201597LA02401,4,9,0,18,0,0,1,1,0,0,1,1,6,1,28,6,1896,2,8,-1,1,-1
201597LA02401,5,9,0,18,0,0,0,0,0,0,2,1,6,1,47,8,1197,1,1,-1,1,-1
201597LA02402,1,9,0,18,9,0,0,0,7,0,1,1,2,2,23,5,1242,1,11,-1,1,-1
201597LA02403,1,9,0,18,0,8,0,0,0,0,4,1,6,1,81,11,1360,1,10,-1,1,-1
201597LA02403,2,9,0,18,0,8,0,0,0,0,1,1,6,1,24,5,1984,1,6,-1,1,-1
201597LA02404,1,9,0,11,0,0,1,0,0,0,1,1,2,1,30,6,1753,2,7,-1,1,-1
201597LA02404,2,9,0,3,0,0,0,0,0,0,2,1,2,1,51,8,1229,1,-1,-1,1,-1
201597LA02408,1,9,0,5,0,1,0,0,0,0,0,1,6,2,45,7,1591,1,2,-1,1,-1
201597LA02409,1,9,0,4,0,4,0,0,0,0,1,1,6,1,59,9,1560,2,-1,-1,-1,-1
201597LA02409,2,9,0,3,0,4,0,0,0,0,2,1,6,1,59,9,1799,1,17,-1,3,-1
201597LA02412,1,11,0,4,0,0,0,0,0,0,4,1,1,1,59,9,9600,2,14,-1,1,-1
201597LA02505,1,9,0,9,0,8,0,0,0,0,1,1,6,1,91,11,1329,1,1,-1,3,-1
201597LA02505,2,9,0,18,0,8,0,0,0,0,1,1,6,2,79,11,1339,1,6,-1,1,-1
201597LA02506,1,9,0,7,0,3,0,0,0,0,3,1,6,2,47,8,1598,1,8,-1,3,-1
201597LA02506,2,1,0,18,0,3,0,0,0,0,2,1,6,1,39,7,-1,-1,-1,-1,3,-1
201597LA02510,1,9,0,18,0,0,0,0,0,0,1,1,6,2,80,11,1590,1,14,-1,1,-1
201597LA02510,2,9,0,18,0,0,0,0,0,0,1,1,6,1,62,9,1686,2,13,-1,1,-1
201597LA02512,1,9,0,18,0,0,0,0,0,0,4,1,6,1,54,8,1998,1,11,-1,1,-1
201597LA02602,1,9,0,18,0,0,0,0,0,0,1,1,6,1,45,7,-1,-1,-1,-1,-1,-1
201597LA02602,2,9,0,3,0,0,0,0,0,0,2,1,1,2,24,5,1198,1,6,-1,1,-1
201597LA02605,1,19,0,18,0,0,0,0,1,11,1,1,1,1,24,5,2287,2,2,-1,1,-1
201597LA02608,1,9,0,3,0,1,0,0,0,0,2,1,6,1,51,8,1598,1,3,-1,1,-1
201597LA02608,2,9,0,5,0,1,0,0,0,0,1,1,6,2,73,10,1388,1,11,-1,1,-1
201597LA02612,1,9,0,5,0,1,0,0,0,0,2,2,6,1,-1,-1,-1,-1,-1,-1,-1,-1
201597LA02702,1,9,0,18,0,8,0,0,0,0,1,1,6,1,86,11,2400,2,3,-1,1,-1
201597LA02702,2,9,0,18,0,8,0,0,0,0,1,1,1,1,53,8,1598,2,4,-1,1,-1
201597LA02705,1,9,0,18,0,8,0,0,1,11,1,1,6,2,53,8,1199,1,11,-1,1,-1
201597LA02705,2,9,0,18,0,8,0,0,0,0,4,1,6,2,57,9,1997,2,10,-1,1,-1
201597LA02708,1,9,0,16,0,0,0,0,0,0,1,1,6,1,57,9,1497,1,13,-1,1,-1
201597LA02708,2,9,0,16,0,0,0,0,0,0,2,1,6,1,41,7,2457,1,9,-1,1,-1
201597LA02803,1,9,0,5,0,0,0,0,0,0,0,1,6,2,35,6,1598,2,5,-1,1,-1
201597LA02803,2,9,0,18,0,0,0,0,0,0,3,1,6,2,41,7,1998,1,15,-1,1,-1
201597LA02805,1,9,0,18,0,1,0,0,0,0,1,1,6,1,18,4,1198,1,9,-1,-1,-1
201597LA02805,2,9,0,10,0,1,0,0,0,0,2,1,6,2,42,7,1995,2,4,-1,1,-1
201597LA02807,1,19,0,18,0,0,0,0,0,0,1,1,2,1,40,7,2287,2,3,-1,-1,-1
201597LA02807,2,9,0,18,0,0,0,0,0,0,2,1,6,2,26,6,1396,1,10,-1,1,-1
201597LA02901,1,9,0,13,0,0,1,0,5,6,1,1,6,2,23,5,1229,1,3,-1,1,-1
201597LA02907,1,9,0,18,0,0,0,0,0,0,4,1,2,1,58,9,1968,2,4,-1,1,-1
201597LA02908,1,9,0,14,0,1,0,0,0,0,4,1,1,1,22,5,-1,-1,-1,-1,1,-1
201597LA02908,2,9,0,2,9,1,0,0,0,0,3,1,6,1,63,9,1753,2,8,-1,3,-1
201597LA03005,1,9,0,18,0,8,0,0,0,0,1,1,6,1,30,6,1395,1,-1,-1,1,-1
201597LA03005,2,9,0,18,0,8,0,0,0,7,3,1,6,1,68,10,1781,1,14,-1,1,-1
201597LA03103,1,9,0,17,0,3,0,0,0,0,3,1,6,2,20,4,1598,1,1,-1,-1,-1
201597LA03103,2,9,0,18,0,3,0,0,0,0,4,1,6,1,23,5,1800,1,16,-1,1,-1
201597LA03107,1,9,0,1,0,0,0,0,0,0,4,1,6,2,51,8,1999,1,6,-1,1,-1
201597LA03110,1,9,0,18,0,0,2,0,7,1,3,1,6,2,64,9,1397,1,7,-1,3,-1
201597LA03110,2,9,0,18,0,0,0,0,0,0,3,1,6,2,57,9,1598,1,7,-1,3,-1
201597LA03111,1,9,0,7,0,1,0,0,0,0,0,1,2,2,50,8,1399,2,5,-1,1,-1
201597LA03111,2,3,0,18,0,1,1,0,0,0,0,1,2,1,44,7,124,1,6,-1,1,-1
201597LA03201,1,9,0,18,0,4,1,0,7,0,1,1,1,2,29,6,1461,2,6,-1,1,-1
201597LA03201,2,9,0,18,0,3,0,0,0,0,3,1,6,1,47,8,1242,1,5,-1,1,-1
201597LA03204,1,9,0,6,0,1,1,0,7,0,3,1,6,1,42,7,1598,1,3,-1,1,-1
201597LA03204,2,9,0,18,0,1,0,0,0,0,1,1,6,1,36,7,2993,2,3,-1,1,-1
201597LA03205,1,20,0,18,0,0,2,0,7,7,4,1,1,1,57,9,9290,2,4,-1,1,-1
201597LA03206,1,3,0,18,0,1,0,0,0,0,1,1,6,1,23,5,-1,-1,-1,-1,1,-1
201597LA03206,2,9,0,10,0,8,0,0,0,0,4,1,6,1,49,8,2199,2,2,-1,3,-1
201597LA03308,1,9,0,16,0,0,0,0,0,0,1,1,6,1,68,10,-1,-1,-1,-1,1,-1
201597LA03308,2,9,0,17,0,0,1,7,1,1,1,1,6,1,68,10,1968,2,3,-1,3,-1
201597LA03311,1,19,0,18,0,0,0,4,0,0,1,1,1,1,45,7,2198,2,7,-1,1,-1
201597LA03311,2,9,0,2,0,0,0,0,0,0,2,1,3,2,51,8,1596,1,5,-1,1,-1
201597LA03401,1,9,0,18,0,0,0,0,0,0,1,1,6,2,27,6,1149,1,2,-1,-1,-1
201597LA03401,2,9,0,18,0,0,0,0,0,0,2,1,6,1,75,10,-1,-1,-1,-1,1,-1
201597LA03401,3,9,0,18,0,0,0,0,0,0,1,1,6,1,37,7,1598,1,13,-1,1,-1
201597LA03401,4,9,0,18,0,0,0,0,0,0,1,1,6,1,30,6,1560,2,3,-1,1,-1
201597LA03408,1,9,0,18,2,0,0,0,0,0,1,1,1,2,26,6,1796,1,15,-1,1,-1
201597LA03411,1,19,0,16,0,0,0,0,0,0,1,1,1,1,36,7,2143,2,1,-1,1,-1
201597LA03411,2,21,1,4,0,0,0,0,0,0,2,1,1,1,49,8,12740,2,2,-1,3,-1
201597LA03502,1,9,0,18,0,1,0,0,0,0,1,1,6,1,18,4,1390,1,11,-1,1,-1
201597LA03502,2,9,0,4,0,1,0,0,0,0,2,1,6,2,40,7,1896,2,10,-1,-1,-1
201597LA03507,1,9,0,16,0,0,2,10,7,0,3,1,6,1,30,6,1998,1,11,-1,1,-1
201597LA03512,1,9,0,16,0,0,1,0,0,0,1,1,6,3,22,5,-1,-1,-1,-1,-1,-1
201597LA03512,2,9,0,17,0,0,0,0,0,0,4,1,6,1,50,8,1242,1,10,-1,1,-1
201597LA03512,3,9,0,17,0,0,5,0,1,11,1,1,6,2,52,8,1149,1,11,-1,3,-1
201597LA03702,1,9,0,18,0,8,0,0,0,0,4,1,6,1,60,9,1560,2,1,-1,1,-1
201597LA03702,2,9,0,18,0,8,0,0,0,0,1,1,6,1,37,7,1364,2,8,-1,1,-1
201597LA03709,1,9,0,18,0,8,0,0,0,0,3,1,6,1,25,5,1598,1,6,-1,1,-1
201597LA03709,2,9,0,18,0,8,0,0,0,0,1,1,6,2,59,9,1197,1,2,-1,-1,-1
201597LA03712,1,9,0,16,0,1,1,0,0,0,1,1,6,1,21,5,1198,1,8,-1,1,-1
201597LA03712,2,9,0,10,0,1,0,0,0,0,2,1,6,2,53,8,1329,1,2,-1,1,-1
201597LA03801,1,9,0,17,0,0,1,0,2,10,1,1,6,1,73,10,2497,2,8,-1,-1,-1
201597LA03807,1,9,0,4,0,8,0,0,0,0,4,1,6,1,49,8,1149,1,12,-1,1,-1
201597LA03807,2,9,0,9,0,2,0,0,0,0,1,1,6,2,24,5,998,1,4,-1,1,-1
201597LA03807,3,11,0,2,0,1,0,0,0,0,1,1,1,1,32,6,6700,2,3,-1,1,-1
201597LA03812,1,9,0,14,0,0,0,0,0,0,1,1,6,1,75,10,1798,8,-1,-1,1,-1
201597LA03812,2,9,0,2,0,0,0,0,1,11,2,1,6,3,-1,-1,1600,2,6,-1,1,-1
201597LA03903,1,9,0,18,0,0,0,0,0,0,2,1,1,2,42,7,996,1,1,-1,1,-1
201597LA03905,1,9,0,18,0,0,2,0,2,2,1,1,6,1,18,4,1242,1,11,-1,1,-1
201597LA03906,1,1,0,18,9,0,0,0,0,0,0,1,6,1,50,8,-1,-1,-1,-1,-1,-1
201597LA03909,1,5,0,18,0,8,1,0,0,0,1,1,6,1,42,7,988,1,11,-1,1,-1
201597LA03909,2,5,0,18,0,8,1,0,0,0,2,1,6,1,49,8,675,1,4,-1,1,-1
201597LA04001,1,11,0,18,0,0,0,0,0,0,4,1,6,1,64,9,6700,2,3,-1,1,-1
201597LA04005,1,3,0,4,0,0,1,10,0,0,4,1,6,1,30,6,124,1,2,-1,1,-1
201597LA04007,1,9,0,9,0,2,0,0,0,0,4,1,6,1,54,8,998,1,14,-1,1,-1
201597LA04007,2,9,0,18,0,1,0,0,0,0,1,1,6,1,21,5,1396,1,18,-1,1,-1
201597LA04008,1,5,0,13,0,0,0,0,1,0,1,1,6,1,86,11,500,1,30,-1,1,-1
201597LA04008,2,9,0,17,0,0,0,0,0,0,1,1,6,1,64,9,4367,2,-1,-1,1,-1
201597LA04008,3,9,0,16,0,0,0,0,0,0,1,1,6,1,45,7,1598,1,-1,-1,1,-1
201597LA04104,1,9,0,13,0,0,2,0,2,0,1,1,6,1,56,9,1997,1,33,-1,3,-1
201597LA04109,1,9,0,16,0,0,1,0,1,1,1,1,6,1,30,6,1968,2,9,-1,1,-1
201597LA04201,1,9,0,18,0,4,2,9,3,1,1,1,6,1,30,6,-1,-1,-1,-1,-1,-1
201597LA04211,1,9,0,16,0,0,0,0,8,10,3,1,6,1,27,6,2996,1,6,-1,1,-1
201597LA04306,1,20,0,17,0,4,0,0,0,0,3,2,1,1,28,6,-1,-1,-1,-1,-1,-1
201597LA04306,2,9,0,17,0,4,0,0,0,0,4,1,2,2,33,6,1686,2,4,-1,3,-1
201597LA04310,1,9,0,18,0,1,0,0,0,0,1,1,6,3,-1,-1,-1,-1,-1,-1,-1,-1
201597LA04310,2,9,0,18,0,4,0,0,0,0,2,1,6,2,22,5,1997,2,6,-1,1,-1
201597LA04402,1,9,0,18,0,4,1,11,1,7,1,1,1,1,18,4,1199,1,12,-1,1,-1
201597LA04405,1,8,0,18,0,8,0,0,0,0,1,1,1,1,49,8,1997,2,5,-1,1,-1
201597LA04405,2,9,0,18,0,8,0,0,0,0,3,1,2,1,50,8,1364,2,1,-1,1,-1
201597LA04502,1,1,0,18,0,0,0,0,0,0,1,1,6,2,24,5,-1,-1,-1,-1,-1,-1
201597LA04502,2,9,0,18,0,0,0,0,0,0,1,1,6,1,30,6,-1,-1,-1,-1,-1,-1
201597LA04507,1,9,0,18,0,0,2,0,7,4,1,1,6,2,63,9,1560,2,1,-1,3,-1
201597LA04508,1,9,0,18,0,0,0,0,0,0,1,1,6,2,32,6,2143,2,1,-1,1,-1
201597LA04511,1,19,0,4,0,4,0,0,0,0,1,1,6,1,30,6,-1,-1,-1,-1,-1,-1
201597LA04511,2,9,0,8,0,1,0,0,0,0,2,1,6,1,71,10,1998,2,11,-1,1,-1
201597LA04512,1,9,0,18,0,1,0,0,0,0,1,1,6,1,21,5,1299,1,14,-1,1,-1
201597LA04512,2,8,0,5,0,8,0,0,0,0,4,1,6,1,43,7,1997,2,4,-1,1,-1
201597LA04608,1,9,0,18,0,0,0,0,0,0,1,1,6,1,26,6,1399,1,5,-1,1,-1
201597LA04608,2,9,0,18,0,0,0,0,0,0,1,1,6,1,58,9,1968,2,2,-1,3,-1
201597LA04701,1,9,0,18,0,1,0,0,0,0,1,1,6,2,30,6,1198,1,2,-1,1,-1
201597LA04701,2,9,0,3,0,1,0,0,0,0,2,1,6,1,30,6,1332,1,16,-1,1,-1
201597LA04702,1,9,0,17,0,0,1,0,0,0,1,1,6,2,42,7,1398,1,2,-1,1,-1
201597LA04702,2,9,0,2,0,0,0,0,0,0,2,1,1,1,54,8,1995,2,3,-1,1,-1
201597LA04711,1,9,0,18,0,0,1,0,7,11,3,1,6,1,19,4,1149,1,11,-1,3,-1
201597LA04801,1,9,0,17,0,1,0,0,7,11,4,1,1,1,44,7,-1,-1,-1,-1,1,-1
201597LA04801,2,9,0,10,0,6,0,0,0,0,1,1,6,1,55,8,1598,1,2,-1,1,-1
201597LA04802,1,19,0,18,0,1,0,0,0,0,4,1,1,1,54,8,-1,-1,-1,-1,3,-1
201597LA04804,1,9,0,18,0,3,0,0,0,0,1,1,6,2,30,6,-1,-1,-1,-1,-1,-1
201597LA04804,2,9,0,3,0,3,0,0,0,0,2,1,2,2,39,7,-1,-1,-1,-1,1,-1
201597LA04906,1,9,0,11,0,0,2,0,4,6,1,1,2,1,27,6,1000,1,4,-1,1,-1
201597LA04907,1,9,0,18,0,0,0,0,0,0,0,1,6,3,30,6,-1,-1,-1,-1,-1,-1
201597LA04907,2,11,0,18,0,0,0,0,0,0,0,1,1,1,40,7,6696,2,2,-1,-1,-1
201597LA05001,1,9,0,18,0,0,0,0,1,0,3,1,2,2,44,7,1560,2,6,-1,3,-1
201597LA05004,1,9,0,6,0,0,0,0,0,0,1,1,6,1,28,6,1242,1,3,-1,1,-1
201597LA05004,2,9,0,18,0,0,0,0,0,0,1,1,6,1,47,8,1328,1,10,-1,2,-1
201597LA05009,1,9,0,16,0,0,0,0,0,0,1,1,6,2,22,5,1896,2,9,-1,-1,-1
201597LA05009,2,21,1,17,0,0,0,0,0,0,1,1,1,1,43,7,-1,-1,-1,-1,2,-1
201597LA05101,1,9,0,5,0,0,0,0,0,0,1,1,6,1,45,7,1796,1,8,-1,-1,-1
201597LA05103,1,9,0,18,0,0,0,10,0,0,1,1,6,2,48,8,1248,1,1,-1,1,-1
201597LA05103,2,1,0,18,0,0,0,0,0,0,2,1,6,1,51,8,-1,-1,-1,-1,1,-1
201597LA05103,3,9,0,3,0,0,0,0,0,0,2,1,6,2,45,7,1461,2,3,-1,1,-1
201597LA05103,4,9,0,3,0,0,0,0,0,0,2,1,6,2,39,7,1582,2,2,-1,1,-1
201597LA05111,1,9,0,18,0,0,2,0,1,0,4,1,6,1,65,9,1999,1,8,-1,1,-1
201597LA05112,1,9,0,18,0,1,0,0,0,0,0,1,6,3,-1,-1,-1,-1,-1,-1,-1,-1
201597LA05112,2,8,0,7,0,1,0,0,0,0,0,1,3,1,55,8,1560,2,5,-1,1,-1
201597LA05206,1,9,0,18,0,0,0,0,0,0,0,1,6,1,88,11,1984,1,2,-1,-1,-1
201597LA05206,2,9,0,18,0,0,0,0,1,0,0,1,6,1,50,8,2191,2,2,-1,1,-1
201597LA05211,1,9,0,18,0,0,0,0,0,0,1,1,6,1,50,8,2401,2,6,-1,1,-1
201597LA05211,2,9,0,18,0,0,0,0,0,0,1,1,6,2,48,8,999,1,-1,-1,1,-1
201597LA05211,3,9,0,18,0,0,0,0,0,0,1,1,6,1,60,9,1686,2,4,-1,1,-1
201597LA05305,1,9,0,18,0,0,0,4,0,0,1,1,6,1,70,10,1596,1,10,-1,1,-1
201597LA05305,2,9,0,2,0,0,0,0,0,0,1,1,6,2,28,6,1598,1,10,-1,1,-1
201597LA05311,1,9,0,7,0,1,0,0,0,0,1,1,6,1,52,8,1999,1,13,-1,1,-1
201597LA05311,2,9,0,10,0,1,0,0,0,0,3,1,6,1,53,8,1229,1,6,-1,1,-1
201597LA05401,1,9,0,17,0,0,0,0,1,0,1,1,6,1,70,10,-1,-1,-1,-1,2,-1
201597LA05401,2,9,0,16,0,0,0,0,1,0,1,1,6,1,63,9,1998,2,1,-1,1,-1
201597LA05409,1,9,0,1,0,0,0,0,0,0,2,1,6,1,79,11,1951,2,13,-1,1,-1
201597LA05409,2,1,0,18,0,0,0,0,7,4,4,1,6,2,35,6,-1,-1,-1,-1,-1,-1
201597LA05412,1,9,0,13,0,0,0,0,0,0,4,2,6,2,44,7,-1,-1,-1,-1,-1,-1
201597LA05412,2,9,0,18,0,0,0,0,0,0,3,1,6,1,47,8,1896,2,6,-1,3,-1
201597LA05506,1,9,0,17,0,0,1,0,0,0,4,1,1,1,21,5,973,1,14,-1,1,-1
201597LA05506,2,21,0,16,0,0,0,0,1,0,1,1,1,1,53,8,9290,2,4,-1,-1,-1
201597LA05511,1,9,0,9,0,6,0,0,0,0,1,1,6,1,19,4,1199,1,13,-1,1,-1
201597LA05606,1,9,0,12,0,1,0,0,0,0,1,1,6,1,63,9,1995,2,-1,-1,-1,-1
201597LA05606,2,9,0,18,0,3,0,0,0,0,1,1,2,2,54,8,1329,1,5,-1,1,-1
201597LA05608,1,9,0,17,0,0,0,0,0,0,1,1,6,1,24,5,1398,1,2,-1,1,-1
201597LA05703,1,9,0,1,0,0,0,0,0,0,2,1,6,3,30,6,-1,-1,-1,-1,-1,-1
201597LA05703,2,9,0,2,0,0,0,0,0,0,1,1,3,2,35,6,1598,2,4,-1,1,-1
201597LA05709,1,9,0,16,0,0,1,0,7,4,1,1,6,1,44,7,1753,2,10,-1,-1,-1
201597LA05711,1,9,0,7,0,5,0,0,0,0,1,1,6,1,23,5,1582,2,5,-1,1,-1
201597LA05802,1,21,1,17,0,0,0,4,0,0,3,2,1,1,59,9,-1,-1,-1,-1,-1,-1
201597LA05802,2,19,0,18,0,0,0,0,0,0,3,1,1,1,31,6,2198,2,5,-1,1,-1
201597LA05806,1,9,0,18,0,0,0,0,0,0,1,1,6,1,64,9,1796,1,8,-1,-1,-1
201597LA05902,1,9,0,17,0,0,1,0,0,0,1,1,6,2,19,4,1328,1,6,-1,1,-1
201597LA05902,2,9,0,17,0,0,0,0,0,0,2,1,6,2,54,8,1598,1,2,-1,3,-1
201597LA05911,1,9,0,4,0,4,0,0,0,0,1,1,1,1,30,6,-1,-1,-1,-1,3,-1
201597LA05911,2,9,0,4,0,4,0,0,0,0,2,1,6,2,57,9,1490,1,7,-1,1,-1
201597LA06112,1,9,0,1,0,0,0,0,0,0,2,1,6,1,-1,-1,-1,-1,-1,-1,-1,-1
201597LA06211,1,8,0,5,0,0,0,0,0,0,0,1,1,1,52,8,-1,-1,-1,-1,-1,-1
201597LA06308,1,9,0,18,0,0,0,0,0,0,1,1,1,1,26,6,1910,2,7,-1,1,-1
201597LA06308,2,19,0,18,0,0,0,0,0,0,1,1,1,1,54,8,1598,2,1,-1,1,-1
201597LA06308,3,19,0,18,0,0,0,0,0,0,2,1,1,1,50,8,1996,2,8,-1,-1,-1
201597LA06311,1,9,0,14,0,8,0,0,0,0,1,1,6,1,37,7,1794,1,6,-1,1,-1
201597LA06411,1,9,0,18,0,8,0,0,0,0,4,1,6,2,46,8,1686,2,13,-1,-1,-1
201597LA06411,2,9,0,18,0,8,0,0,0,0,1,1,6,2,43,7,1598,1,11,-1,1,-1
201597LA06508,1,9,0,18,0,0,0,0,0,0,0,1,1,3,30,6,-1,-1,-1,-1,-1,-1
201597LA06701,1,9,0,18,0,0,1,0,2,7,1,1,2,2,57,9,-1,-1,-1,-1,3,-1
201597LA06701,2,9,0,18,0,0,0,0,0,0,1,1,2,2,46,8,1596,1,10,-1,3,-1
201597LA06906,1,9,0,4,0,1,0,0,0,0,1,1,6,1,39,7,1598,1,5,-1,1,-1
201597LA06906,2,9,0,4,0,1,0,0,0,0,2,1,6,2,41,7,898,1,2,-1,1,-1
201597LA07103,1,9,0,9,0,6,0,0,0,0,1,1,6,1,41,7,1461,2,-1,-1,-1,-1
201597LA07103,2,9,0,17,0,8,0,0,0,0,1,1,2,1,39,7,1896,2,14,-1,1,-1
201597LA07603,1,9,0,18,0,1,0,0,0,0,1,1,6,1,40,7,1242,1,8,-1,-1,-1
201597LA07603,2,9,0,10,0,8,0,0,0,0,2,1,6,2,44,7,1796,1,7,-1,1,-1
201597LA07703,1,9,0,4,0,1,0,0,0,0,1,1,1,1,48,8,1998,1,9,-1,1,-1
201597LA07903,1,9,0,6,0,1,0,0,0,0,1,1,6,1,63,9,2198,2,7,-1,1,-1
201597LA07903,2,1,0,18,0,1,0,0,0,0,4,1,6,1,39,7,-1,-1,-1,-1,-1,-1
201597LB00101,1,9,0,18,0,0,1,0,0,7,4,1,6,1,51,8,1868,2,13,-1,1,-1
201597LB00107,1,9,0,9,0,1,0,0,0,0,1,1,6,1,49,8,1968,2,-1,-1,-1,-1
201597LB00107,2,9,0,16,0,1,1,0,0,0,1,1,6,1,49,8,-1,-1,-1,-1,3,-1
201597LB00109,1,9,0,18,0,0,1,0,1,3,1,1,6,1,22,5,1800,1,19,-1,3,-1
201597LB00203,1,9,0,18,0,0,5,0,7,4,1,1,6,1,54,8,-1,-1,-1,-1,3,-1
201597LB00204,1,21,1,17,0,0,3,0,7,1,1,1,1,1,45,7,15607,2,3,-1,-1,-1
201597LB00205,1,9,0,18,0,0,0,0,0,0,4,1,6,1,63,9,2967,1,9,-1,-1,-1
201597LB00207,1,11,0,16,0,1,0,0,0,0,0,1,1,1,53,8,9600,2,17,-1,1,-1
201597LB00207,2,5,0,18,0,1,1,0,0,0,4,1,6,1,78,11,645,1,6,-1,2,-1
201597LB00208,1,5,0,18,0,0,1,0,0,0,3,1,6,1,55,8,-1,-1,-1,-1,-1,-1
201597LB00304,1,9,0,1,0,1,0,0,0,0,2,1,1,1,60,9,-1,-1,-1,-1,2,-1
201597LB00406,1,9,0,4,0,0,1,0,0,0,2,1,6,2,55,8,-1,-1,-1,-1,2,-1
201597LB00406,2,9,0,3,0,0,0,0,0,0,2,1,6,2,26,6,1560,2,1,-1,2,-1
201597LB00407,1,9,0,18,0,0,1,0,7,4,3,1,6,1,73,10,-1,-1,-1,-1,1,-1
201597LB00410,1,9,0,17,0,0,0,0,0,0,4,2,6,1,74,10,-1,-1,-1,-1,-1,-1
201597LB00410,2,9,0,16,0,0,0,0,0,0,4,1,6,1,57,9,1985,1,18,-1,3,-1
201597LB00503,1,19,0,16,0,0,1,0,0,0,1,1,1,1,35,6,2402,2,9,-1,2,-1
201597LB00503,2,9,0,3,0,0,0,0,0,0,2,1,3,2,39,7,2477,2,10,-1,3,-1
201597LB00503,3,9,0,17,0,0,0,0,1,11,1,1,3,2,52,8,1398,1,5,-1,2,-1
201597LB00509,1,9,0,18,0,0,1,0,1,4,3,1,6,1,56,9,996,1,1,-1,2,-1
201597LB00510,1,19,0,13,0,0,0,0,0,0,3,1,6,1,20,4,2198,2,2,-1,2,-1
201597LB00510,2,5,0,13,0,0,0,0,7,9,4,1,6,1,42,7,999,1,-1,-1,1,-1
201597LB00511,1,19,0,18,0,0,2,0,7,0,3,1,6,1,39,7,1560,2,5,-1,3,-1
201597LB00601,1,8,0,18,0,0,0,0,0,0,1,1,1,1,48,8,1598,2,1,-1,2,-1
201597LB00605,1,9,0,17,0,0,1,0,7,4,1,1,6,1,29,6,2360,1,15,-1,1,-1
201597LB00610,1,9,0,17,0,0,2,0,1,4,1,1,1,2,19,4,1242,1,7,-1,2,-1
201597LB00703,1,9,0,17,0,0,1,0,0,10,4,1,6,2,32,6,1596,1,3,-1,3,-1
201597LB00703,2,9,0,18,0,0,0,0,0,0,0,1,6,3,30,6,-1,-1,-1,-1,-1,-1
201597LB00705,1,9,0,18,0,0,5,0,7,9,1,1,6,2,24,5,1461,2,5,-1,2,-1
201597LB00707,1,9,0,18,0,2,0,0,0,0,1,1,6,2,44,7,1596,1,13,-1,2,-1
201597LB00712,1,9,0,18,0,0,1,0,0,0,1,1,6,1,31,6,1199,1,12,-1,1,-1
201597LB00712,2,9,0,18,0,0,0,0,0,0,2,1,1,1,36,7,1968,2,2,-1,1,-1
201597LB00801,1,9,0,17,0,1,0,0,3,11,1,1,4,1,77,11,-1,-1,-1,-1,2,-1
201597LB00807,1,9,0,17,0,0,2,0,1,4,1,1,6,1,72,10,1560,2,1,-1,1,-1
201597LB00810,1,9,0,17,0,0,1,0,0,0,0,1,6,1,44,7,1685,2,-1,-1,1,-1
201597LB00901,1,4,0,18,0,0,1,12,1,9,1,1,2,1,59,9,955,1,10,-1,3,-1
201597LB00904,1,9,0,18,0,0,0,0,7,0,1,1,6,2,81,11,1896,2,6,-1,3,-1
201597LB00904,2,9,0,18,0,0,0,0,0,0,1,1,6,2,38,7,1995,2,1,-1,3,-1
201597LB00908,1,9,0,17,0,1,1,11,0,7,1,1,6,2,33,6,-1,-1,-1,-1,1,-1
201597LB00911,1,9,0,17,8,0,2,0,1,4,1,1,6,1,56,9,1951,2,14,-1,-1,-1
201597LB00912,1,9,0,18,0,8,0,0,1,11,1,1,6,1,27,6,-1,-1,-1,-1,3,-1
201597LB01003,1,9,0,18,0,0,1,0,1,0,3,1,6,2,65,9,1999,1,4,-1,2,-1