Accident_Index,Vehicle_Reference,Vehicle_Type,Towing_and_Articulation,Vehicle_Manoeuvre,Vehicle_Location-Restricted_Lane,Junction_Location,Skidding_and_Overturning,Hit_Object_in_Carriageway,Vehicle_Leaving_Carriageway,Hit_Object_off_Carriageway,1st_Point_of_Impact,Was_Vehicle_Left_Hand_Drive?,Journey_Purpose_of_Driver,Sex_of_Driver,Age_of_Driver,Age_Band_of_Driver,Engine_Capacity_(CC),Propulsion_Code,Age_of_Vehicle,Driver_IMD_Decile,Driver_Home_Area_Type,Vehicle_IMD_Decile
201597LB01003,2,9,0,18,0,0,1,0,1,0,3,1,6,2,55,8,1968,2,3,-1,3,-1
201597LB01004,1,9,0,9,0,8,0,0,0,0,1,1,1,1,22,5,1968,2,-1,-1,1,-1
201597LB01004,2,9,0,18,0,8,0,0,0,0,4,1,6,2,59,9,1124,1,13,-1,2,-1
201597LB01006,1,9,0,17,0,0,5,10,0,0,1,1,6,1,18,4,1364,1,7,-1,1,-1
201597LB01007,1,9,0,17,0,0,0,0,0,0,1,1,6,1,73,10,1956,2,-1,-1,1,-1
201597LB01007,2,9,0,16,0,0,0,0,1,0,1,2,6,1,59,9,-1,-1,-1,-1,-1,-1
201597LB01008,1,9,0,17,0,0,1,0,0,7,2,1,6,1,24,5,-1,-1,-1,-1,3,-1
201597LB01008,2,21,1,17,0,0,0,0,0,0,1,1,1,1,45,7,12900,2,4,-1,1,-1
201597LB01011,1,9,0,16,0,0,1,0,7,0,4,1,6,1,24,5,1390,1,13,-1,3,-1
201597LB01011,2,9,0,16,0,0,0,0,0,0,1,1,2,2,42,7,-1,-1,-1,-1,3,-1
201597LB01202,1,9,0,18,0,0,2,0,2,9,1,1,6,1,59,9,2402,2,8,-1,1,-1
201597LB01204,1,21,1,17,0,0,5,0,1,10,4,1,1,1,28,6,12740,2,2,-1,3,-1
201597LB01205,1,90,0,18,0,6,0,0,7,9,3,1,1,1,50,8,686,2,3,-1,3,-1
201597LB01205,2,9,0,18,0,1,0,0,0,0,1,1,6,1,63,9,1560,2,-1,-1,-1,-1
201597LB01207,1,5,0,13,0,0,2,0,7,0,1,1,6,1,60,9,649,1,6,-1,1,-1
201597LB01207,2,9,0,16,0,0,0,0,0,0,1,2,6,1,52,8,-1,-1,-1,-1,-1,-1
201597LB01301,1,11,0,18,0,7,0,0,0,0,1,1,1,1,41,7,3972,2,11,-1,2,-1
201597LB01301,2,9,0,18,0,7,0,0,0,0,1,1,6,1,59,9,1560,2,3,-1,3,-1
201597LB01302,1,9,0,18,0,0,5,0,1,9,1,1,6,1,24,5,-1,-1,-1,-1,3,-1
201597LB01305,1,9,0,17,0,0,1,0,2,0,4,1,6,2,69,10,1587,1,12,-1,3,-1
201597LB01408,1,9,0,18,0,1,0,0,7,0,1,1,1,1,49,8,-1,-1,-1,-1,3,-1
201597LB01408,2,9,0,4,0,1,0,0,1,0,2,1,6,2,56,9,1149,1,11,-1,3,-1
201597LB01502,1,9,0,9,0,1,0,0,0,0,0,1,6,2,81,11,1229,1,3,-1,2,-1
201597LB01506,1,19,0,1,0,1,0,4,0,0,2,1,1,1,45,7,2198,2,1,-1,1,-1
201597LB01506,2,9,0,2,0,1,0,0,0,0,2,1,6,2,49,8,1798,1,7,-1,2,-1
201597LB01601,1,9,0,17,0,0,1,0,1,9,1,1,6,1,17,4,1968,2,4,-1,3,-1
201597LB01608,1,9,0,13,0,0,1,0,1,9,1,1,6,1,58,9,1995,2,11,-1,1,-1
201597LB01608,2,9,0,17,0,0,0,0,0,0,0,1,6,1,77,11,1560,2,3,-1,1,-1
201597LB01612,1,9,0,16,0,1,1,0,3,11,1,1,6,2,39,7,1999,1,10,-1,3,-1
201597LB01702,1,9,0,14,0,0,0,0,0,0,1,1,2,1,60,9,998,1,14,-1,2,-1
201597LB01707,1,19,0,9,0,8,0,0,0,0,2,1,6,1,80,11,1753,2,8,-1,2,-1
201597LB01707,2,1,0,18,0,8,0,0,0,0,1,1,6,1,47,8,-1,-1,-1,-1,2,-1
201597LB01711,1,9,0,16,0,0,0,0,0,0,3,1,6,1,18,4,1598,1,12,-1,2,-1
201597LB01711,2,19,0,18,0,0,0,0,1,10,3,1,1,1,60,9,2143,2,1,-1,3,-1
201597LB01801,1,9,0,18,0,0,0,0,0,0,1,1,6,1,26,6,1360,1,24,-1,2,-1
201597LB01801,2,9,0,2,0,0,0,0,0,0,2,1,6,3,-1,-1,2402,2,8,-1,-1,-1
201597LB01802,1,9,0,7,0,1,0,0,0,0,0,1,6,2,81,11,1400,1,9,-1,3,-1
201597LB01802,2,1,0,18,0,1,2,0,0,0,0,1,6,1,66,10,-1,-1,-1,-1,3,-1
201597LB01803,1,9,0,18,0,0,0,0,7,9,1,1,6,1,63,9,-1,-1,-1,-1,3,-1
201597LB01806,1,9,0,17,0,0,1,0,1,9,4,1,6,2,65,9,1596,1,9,-1,3,-1
201597LB01807,1,9,0,18,0,0,1,0,7,11,1,1,6,1,18,4,1910,2,10,-1,3,-1
201597LB01902,1,9,0,15,0,0,0,0,1,0,3,2,6,1,29,6,-1,-1,-1,-1,-1,-1
201597LB01902,2,9,0,17,0,0,0,0,0,0,3,1,6,2,57,9,2400,2,-1,-1,3,-1
201597LB01906,1,5,0,15,0,0,2,0,1,11,1,1,1,1,28,6,599,1,5,-1,3,-1
201597LB01907,1,9,0,9,0,5,0,0,0,0,1,1,6,1,44,7,-1,-1,-1,-1,-1,-1
201597LB01907,2,9,0,18,0,1,0,0,0,0,1,1,6,2,72,10,996,1,3,-1,3,-1
201597LB01907,3,9,0,10,0,6,0,0,0,0,1,1,6,1,62,9,1368,1,3,-1,3,-1
201597LB01908,1,3,0,16,0,0,2,0,2,9,4,1,6,1,46,8,1690,1,-1,-1,1,-1
201597LB02007,1,21,0,5,0,0,0,0,0,0,1,1,1,1,47,8,10518,2,7,-1,3,-1
201597LB02104,1,19,0,1,0,0,0,4,0,0,2,1,1,1,46,8,1995,2,7,-1,3,-1
201597LB02104,2,3,0,2,0,0,0,0,0,0,1,1,6,1,69,10,1157,1,17,-1,1,-1
201597LB02108,1,9,0,17,0,0,0,0,0,0,1,1,6,1,45,7,1590,1,14,-1,1,-1
201597LB02108,2,9,0,16,0,0,0,0,1,9,1,1,6,1,58,9,2993,2,5,-1,2,-1
201597LB02205,1,9,0,16,0,0,5,0,8,11,3,1,2,2,55,8,1998,1,7,-1,3,-1
201597LB02206,1,5,0,16,0,0,0,0,0,0,3,1,6,1,56,9,1298,1,11,-1,3,-1
201597LB02206,2,11,0,17,0,0,0,0,0,0,3,1,6,1,59,9,11000,2,10,-1,-1,-1
201597LB02206,3,9,0,17,0,0,0,0,0,0,3,1,6,1,75,10,1229,1,3,-1,1,-1
201597LB02208,1,9,0,17,0,0,2,0,7,9,1,1,6,1,41,7,-1,-1,-1,-1,1,-1
201597LB02211,1,9,0,17,0,0,2,0,1,4,3,1,6,1,71,10,1240,1,5,-1,2,-1
201597LB02401,1,9,0,16,0,0,1,0,8,7,1,1,6,2,36,7,1398,1,3,-1,1,-1
201597LB02402,1,9,0,18,0,0,0,4,3,11,1,1,6,2,85,11,1560,2,3,-1,3,-1
201597LB02402,2,19,0,2,6,0,0,0,0,0,4,1,6,1,50,8,2198,2,1,-1,1,-1
201597LB02404,1,9,0,4,0,0,0,0,0,0,1,1,6,2,67,10,1086,1,9,-1,2,-1
201597LB02406,1,5,0,17,0,0,1,0,1,0,1,1,6,2,29,6,-1,-1,-1,-1,-1,-1
201597LB02407,1,5,0,17,0,0,2,0,0,0,3,1,6,1,44,7,599,1,19,-1,1,-1
201597LB02407,2,5,0,17,0,0,2,0,0,0,1,1,6,1,46,8,1198,1,6,-1,1,-1
201597LB02410,1,9,0,16,0,0,2,12,8,11,1,1,1,2,22,5,1198,1,10,-1,2,-1
201597LB02411,1,9,0,18,0,0,0,0,0,0,3,1,6,2,87,11,1328,1,10,-1,3,-1
201597LB02411,2,9,0,18,0,0,0,0,0,0,3,1,6,2,40,7,1598,1,-1,-1,1,-1
201597LB02501,1,9,0,16,0,0,1,4,0,0,1,1,6,1,36,7,1198,1,8,-1,3,-1
201597LB02501,2,9,0,2,0,0,0,0,0,0,2,1,1,1,49,8,3200,2,5,-1,2,-1
201597LB02502,1,9,0,17,0,0,1,0,7,0,1,1,6,1,23,5,1686,2,12,-1,1,-1
201597LB02506,1,5,0,9,0,8,0,0,0,0,1,1,6,1,36,7,-1,-1,-1,-1,-1,-1
201597LB02506,2,9,0,18,0,1,0,0,0,0,1,1,6,1,71,10,2199,2,6,-1,3,-1
201597LB02603,1,19,0,8,0,1,0,0,0,0,4,1,6,3,40,7,-1,-1,-1,-1,-1,-1
201597LB02605,1,9,0,16,0,0,2,0,1,11,4,1,2,1,19,4,1149,1,14,-1,3,-1
201597LB02607,1,9,0,18,0,0,0,0,7,0,3,1,1,1,22,5,1968,2,-1,-1,1,-1
201597LB02607,2,9,0,18,0,0,0,0,1,0,4,1,6,2,56,9,1198,1,11,-1,1,-1
201597LB02608,1,9,0,18,0,2,0,0,0,0,4,1,6,1,67,10,999,1,-1,-1,-1,-1
201597LB02610,1,9,0,18,0,0,1,0,7,11,3,1,6,2,21,5,1598,1,12,-1,3,-1
201597LB02705,1,9,0,9,0,1,0,0,0,0,1,1,1,2,32,6,1686,2,5,-1,1,-1
201597LB02705,2,9,0,18,0,1,0,0,0,0,1,1,6,1,63,9,1995,2,2,-1,3,-1
201597LB02705,3,11,0,18,0,1,0,0,0,0,1,1,1,1,68,10,12000,2,5,-1,2,-1
201597LB02712,1,9,0,18,0,4,1,9,0,4,1,1,6,1,20,4,2996,1,4,-1,3,-1
201597LB02802,1,9,0,17,0,0,2,0,7,1,1,1,6,1,56,9,-1,-1,-1,-1,2,-1
201597LB02807,1,9,0,16,0,0,0,0,7,9,0,1,6,2,20,4,1362,1,3,-1,3,-1
201597LB02809,1,19,5,16,0,0,0,0,0,0,1,1,6,1,26,6,1753,2,9,-1,3,-1
201597LB02809,2,9,0,17,0,0,0,0,1,0,1,1,1,2,33,6,1461,2,4,-1,3,-1
201597LB02809,3,9,0,17,0,0,0,0,0,0,1,1,1,1,55,8,4196,1,13,-1,3,-1
201597LB02902,1,19,0,16,0,0,2,0,1,4,1,1,1,1,31,6,-1,-1,-1,-1,1,-1
201597LB02902,2,9,0,17,0,0,1,0,1,4,1,1,1,1,60,9,1956,2,2,-1,1,-1
201597LB02907,1,9,0,18,9,5,0,0,0,4,1,1,6,1,70,10,1598,2,-1,-1,3,-1
201597LB02907,2,19,0,2,0,1,0,0,0,0,1,1,6,1,35,6,1997,2,10,-1,2,-1
201597LB02907,3,9,0,2,0,1,0,0,0,0,4,1,6,1,35,6,1596,1,4,-1,2,-1
201597LB02908,1,9,0,16,0,0,1,0,8,4,1,1,6,2,52,8,1364,1,8,-1,3,-1
201597LB02910,1,9,0,17,0,0,1,0,7,4,1,1,6,2,26,6,1349,1,5,-1,3,-1
201597LB03008,1,90,0,18,0,0,0,0,0,0,3,1,6,3,30,6,-1,-1,-1,-1,-1,-1
201597LB03008,2,5,0,18,0,0,0,0,0,3,1,1,6,1,66,10,805,1,14,-1,2,-1
201597LB03009,1,9,0,18,0,0,0,0,0,0,1,1,1,1,37,7,-1,-1,-1,-1,2,-1
201597LB03009,2,9,0,4,0,0,0,0,0,0,2,1,6,1,63,9,1598,1,2,-1,2,-1
201597LB03012,1,9,0,18,0,0,0,0,0,0,1,1,6,1,53,8,-1,-1,-1,-1,-1,-1
201597LB03012,2,9,0,18,0,0,0,0,0,0,1,1,6,1,40,7,2696,2,7,-1,3,-1
201597LB03101,1,9,0,18,0,8,0,0,0,0,1,1,6,2,25,5,1598,1,5,-1,3,-1
201597LB03101,2,9,0,18,0,8,0,0,0,0,1,1,6,1,44,7,2993,2,8,-1,1,-1
201597LB03103,1,9,0,3,6,0,0,0,0,0,4,1,6,1,76,11,1994,1,11,-1,3,-1
201597LB03103,2,1,0,1,6,0,0,0,0,0,2,1,6,1,39,7,-1,-1,-1,-1,3,-1
201597LB03105,1,19,0,17,0,0,0,0,0,11,1,1,6,1,29,6,1248,2,7,-1,1,-1
201597LB03109,1,9,0,18,0,2,0,0,0,0,1,1,6,1,40,7,1598,1,13,-1,2,-1
201597LB03110,1,9,0,9,0,5,0,0,0,0,4,1,6,2,85,11,1328,1,10,-1,2,-1
201597LB03110,2,9,0,18,0,1,0,0,0,0,4,1,6,1,57,9,1796,1,13,-1,2,-1
201597LB03204,1,5,0,17,0,2,0,0,1,7,1,1,6,1,34,6,893,1,20,-1,3,-1
201597LB03207,1,9,0,13,0,0,0,0,7,11,4,1,6,1,56,9,1956,2,2,-1,1,-1
201597LB03207,2,9,3,18,0,0,0,0,0,0,3,1,6,1,65,9,2488,7,11,-1,2,-1
201597LB03210,1,9,0,16,0,0,0,0,0,0,4,2,6,1,48,8,1799,1,8,-1,3,-1
201597LB03210,2,9,0,18,0,0,0,0,0,0,1,2,6,2,34,6,1900,2,10,-1,3,-1
201597LB03303,1,5,0,17,0,0,0,0,1,9,1,1,6,1,27,6,599,1,7,-1,1,-1
201597LB03305,1,9,0,15,0,1,0,0,0,0,3,1,6,2,37,7,1364,1,6,-1,3,-1
201597LB03305,2,9,0,18,0,1,0,0,0,0,3,1,6,1,60,9,998,1,14,-1,3,-1
201597LB03306,1,9,0,16,0,0,2,0,1,11,1,1,2,1,49,8,1895,1,14,-1,-1,-1
201597LB03307,1,9,0,18,9,8,0,0,1,4,1,1,6,1,80,11,1796,1,9,-1,3,-1
201597LB03403,1,9,0,10,0,1,0,0,0,0,0,1,6,1,35,6,2793,1,16,-1,-1,-1
201597LB03403,2,5,0,18,6,1,2,0,7,10,3,1,6,1,59,9,1099,1,21,-1,-1,-1
201597LB03405,1,9,0,13,0,0,0,0,0,0,3,1,6,1,25,5,1598,2,4,-1,-1,-1
201597LB03405,2,9,0,13,0,0,2,0,1,11,4,1,6,1,21,5,1968,2,5,-1,3,-1
201597LB03407,1,5,0,18,0,0,1,0,0,0,1,1,6,1,59,9,1200,1,6,-1,2,-1
201597LB03407,2,9,0,4,0,0,0,0,0,0,2,1,6,1,46,8,1995,2,12,-1,-1,-1
201597LB03507,1,5,0,9,0,2,1,7,1,10,1,1,6,1,42,7,999,1,10,-1,1,-1
201597LB03602,1,9,0,17,0,0,1,0,7,4,1,1,6,1,45,7,2494,1,15,-1,1,-1
201597LB03605,1,1,0,7,0,6,0,0,0,0,1,1,6,1,14,3,-1,-1,-1,-1,2,-1
201597LB03605,2,9,0,9,0,5,0,0,0,0,3,1,6,2,27,6,1242,1,3,-1,2,-1
201597LB03606,1,9,0,16,0,0,1,0,8,7,1,1,2,1,47,8,1599,1,9,-1,3,-1
201597LB03607,1,1,0,16,0,0,0,4,7,0,2,1,6,1,48,8,-1,-1,-1,-1,2,-1
201597LB03607,2,9,0,4,0,0,0,0,0,0,0,1,6,2,62,9,998,1,-1,-1,1,-1
201597LB03607,3,9,0,18,0,0,0,0,0,0,0,1,6,2,67,10,973,1,12,-1,3,-1
201597LB03703,1,3,0,18,0,0,0,2,0,0,1,1,6,1,17,4,124,1,1,-1,3,-1
201597LB03711,1,19,0,17,0,0,1,0,7,10,1,1,1,1,63,9,1248,2,4,-1,-1,-1
201597LB03801,1,9,0,16,0,0,2,0,0,7,4,1,2,1,30,6,1229,1,7,-1,3,-1
201597LB03803,1,9,0,18,0,0,0,0,1,10,1,1,6,1,21,5,1299,1,11,-1,3,-1
201597LB03803,2,9,0,18,0,0,0,0,1,0,1,1,6,1,77,11,1398,2,5,-1,-1,-1
201597LB03805,1,5,0,17,0,0,0,0,1,8,1,1,6,1,70,10,-1,-1,-1,-1,-1,-1
201597LB03806,1,9,0,17,0,0,2,10,0,0,3,1,6,1,60,9,998,1,6,-1,1,-1
201597LB03809,1,9,0,16,0,0,1,0,1,0,1,1,6,1,26,6,1998,1,11,-1,2,-1
201597LB03810,1,9,0,17,0,0,0,0,0,0,1,1,6,1,26,6,2987,2,-1,-1,-1,-1
201597LB03810,2,19,0,16,0,0,0,0,0,9,1,1,1,2,29,6,1598,2,7,-1,3,-1
201597LB03811,1,9,0,17,0,0,2,0,8,11,3,1,2,2,33,6,1590,1,11,-1,2,-1
201597LB03901,1,9,0,18,0,0,2,0,1,9,1,1,6,1,34,6,-1,-1,-1,-1,2,-1
201597LB03907,1,9,0,13,0,0,0,0,0,0,0,1,6,3,30,6,-1,-1,-1,-1,-1,-1
201597LB03907,2,19,0,17,0,0,0,0,1,11,1,1,1,1,53,8,2198,2,2,-1,2,-1
201597LB03908,1,9,0,18,0,0,0,0,7,4,1,1,6,1,60,9,1560,2,7,-1,3,-1
201597LB04001,1,21,1,1,0,0,0,0,0,0,3,1,1,1,40,7,15607,2,2,-1,-1,-1
201597LB04001,2,9,0,18,0,0,0,0,0,0,1,1,1,1,57,9,1368,1,8,-1,1,-1
201597LB04004,1,11,0,18,0,0,1,4,0,0,1,1,1,1,47,8,4249,2,7,-1,2,-1
201597LB04004,2,9,0,3,0,0,0,0,0,0,1,1,6,2,40,7,1598,1,6,-1,3,-1
201597LB04007,1,9,0,16,0,2,1,0,1,2,1,1,6,2,57,9,973,1,12,-1,3,-1
201597LB04008,1,9,0,18,0,0,0,0,0,0,3,1,6,1,28,6,-1,-1,-1,-1,-1,-1
201597LB04012,1,9,0,18,0,1,1,0,0,0,1,1,6,1,62,9,1490,1,12,-1,2,-1
201597LB04012,2,9,0,18,0,1,0,0,0,0,3,1,6,1,59,9,1986,2,9,-1,2,-1
201597LB04103,1,2,0,4,0,0,0,0,0,0,3,1,6,1,16,4,50,1,4,-1,1,-1
201597LB04105,1,90,0,18,0,0,5,0,7,9,3,1,1,1,35,6,7201,2,8,-1,1,-1
201597LB04111,1,19,0,16,0,0,0,0,0,0,3,1,6,2,42,7,1753,2,12,-1,3,-1
201597LB04111,2,9,0,17,0,0,0,0,0,0,3,1,6,2,66,10,1198,1,1,-1,2,-1
201597LB04112,1,9,0,17,8,0,0,11,7,11,1,1,6,1,22,5,1796,1,6,-1,3,-1
201597LB04205,1,9,0,18,0,0,0,0,0,0,1,1,6,1,21,5,1388,1,5,-1,3,-1
201597LB04205,2,9,0,3,0,0,0,0,0,0,2,1,6,2,45,7,-1,-1,-1,-1,2,-1
201597LB04206,1,9,0,16,0,0,5,0,2,4,4,1,1,2,18,4,1388,1,11,-1,-1,-1
201597LB04209,1,9,0,2,0,0,0,7,0,0,0,1,6,1,78,11,1198,1,1,-1,3,-1
201597LB04209,2,9,0,2,0,0,0,0,0,0,0,1,6,2,69,10,2902,2,7,-1,3,-1
201597LB04305,1,19,0,4,0,0,0,0,0,0,1,1,2,1,50,8,2402,2,8,-1,3,-1
201597LB04305,2,9,0,3,0,0,0,0,0,0,1,1,2,1,23,5,2000,2,6,-1,3,-1
201597LB04305,3,19,0,3,0,0,0,0,0,0,2,1,2,1,28,6,2198,2,5,-1,3,-1
201597LB04306,1,9,0,17,0,0,0,0,8,11,1,1,6,2,27,6,899,1,15,-1,2,-1
201597LB04411,1,9,0,17,0,0,1,0,1,10,1,1,6,1,28,6,1199,1,13,-1,1,-1
201597LB04501,1,9,0,18,0,0,2,0,7,1,1,1,6,1,35,6,1997,12,2,-1,-1,-1
201597LB04506,1,9,0,18,0,1,0,0,0,0,1,1,6,2,80,11,1329,1,3,-1,3,-1
201597LB04506,2,19,0,18,0,1,0,0,0,0,2,1,6,1,38,7,2198,2,2,-1,2,-1
201597LB04507,1,9,0,18,0,0,0,0,0,0,3,1,6,2,47,8,-1,-1,-1,-1,1,-1
201597LB04507,2,9,0,18,0,0,0,0,0,0,3,1,1,1,61,9,-1,-1,-1,-1,1,-1
201597LB04601,1,9,0,18,0,0,1,0,8,11,4,1,6,1,25,5,-1,-1,-1,-1,-1,-1
201597LB04608,1,19,0,18,0,0,1,0,0,0,1,1,6,1,35,6,-1,-1,-1,-1,1,-1
201597LB04608,2,9,0,18,0,0,1,0,7,11,1,1,6,1,53,8,1968,2,5,-1,1,-1
201597LB04609,1,19,0,9,0,1,0,0,0,0,1,1,1,1,43,7,2298,2,1,-1,2,-1
201597LB04612,1,19,0,1,0,0,0,0,0,0,2,1,1,2,47,8,1560,2,1,-1,2,-1
201597LB04703,1,9,0,18,9,0,5,0,1,11,3,1,4,1,17,4,1242,1,5,-1,2,-1
201597LB04705,1,21,1,4,0,0,1,0,1,10,1,1,2,1,35,6,-1,-1,-1,-1,1,-1
201597LB04705,2,9,0,3,0,0,0,0,0,0,1,1,2,2,43,7,1360,1,5,-1,3,-1
201597LB04708,1,9,0,5,0,6,0,0,0,0,0,1,6,1,58,9,1390,1,8,-1,-1,-1
201597LB04708,2,1,0,18,0,1,0,0,0,0,3,1,6,2,49,8,-1,-1,-1,-1,2,-1
201597LB04905,1,9,0,16,7,0,0,4,7,11,4,1,6,1,36,7,1598,1,11,-1,3,-1
201597LB04905,2,9,0,2,8,0,5,0,7,9,4,1,6,2,56,9,1395,1,2,-1,3,-1
201597LB05012,1,9,0,13,0,0,0,0,0,0,1,1,6,1,28,6,2088,2,18,-1,3,-1
201597LB05012,2,9,0,18,0,0,0,0,0,0,1,1,2,2,56,9,998,1,4,-1,3,-1
201597LB05103,1,11,0,18,0,0,5,0,1,0,4,1,1,2,53,8,12778,2,1,-1,3,-1
201597LB05112,1,9,0,18,0,0,1,11,0,0,1,1,2,2,50,8,1198,1,4,-1,3,-1
201597LB05112,2,9,0,18,0,0,1,11,0,0,1,1,2,1,54,8,1686,2,2,-1,2,-1
201597LB05201,1,9,0,16,0,0,0,0,2,2,3,1,2,1,24,5,1999,1,8,-1,1,-1
201597LB05301,1,9,0,16,0,0,2,0,7,9,3,1,6,2,25,5,1896,2,14,-1,3,-1
201597LB05303,1,9,0,18,0,0,0,0,1,7,3,1,6,1,27,6,998,1,16,-1,3,-1
201597LB05305,1,5,0,16,0,0,2,0,7,10,3,1,6,1,43,7,781,1,13,-1,2,-1
201597LB05401,1,9,0,18,0,0,1,0,1,9,1,1,6,2,37,7,1598,1,13,-1,-1,-1
201597LB05501,1,9,0,17,0,0,1,0,7,9,1,1,6,2,50,8,-1,-1,-1,-1,3,-1
201597LB05708,1,9,0,17,0,0,5,0,0,0,3,1,2,1,18,4,1229,1,9,-1,3,-1
201597LB05808,1,5,0,17,0,0,1,0,1,9,1,1,6,1,40,7,-1,-1,-1,-1,1,-1
201597LB06008,1,9,0,17,0,0,0,0,1,11,4,1,6,2,31,6,1598,1,11,-1,2,-1
201597LB06108,1,19,0,1,0,0,0,0,0,0,2,1,1,1,31,6,1996,2,1,-1,1,-1
201597LB06201,1,11,0,18,0,0,0,0,0,0,3,1,1,1,55,8,9000,2,3,-1,2,-1
201597LB06201,2,19,0,18,0,0,0,8,0,0,3,1,1,1,34,6,-1,-1,-1,-1,-1,-1
201597LB06208,1,9,0,7,0,6,0,0,0,0,1,1,6,1,71,10,1398,2,2,-1,2,-1
201597LB06208,2,1,0,18,0,8,0,0,0,0,4,1,6,2,65,9,-1,-1,-1,-1,2,-1
201597LB06701,1,19,0,16,0,0,1,0,3,1,1,1,1,1,48,8,2198,2,4,-1,1,-1
201597NA00112,1,9,0,18,0,0,1,0,0,0,4,1,2,2,43,7,899,1,2,-1,1,-1
201597NA00203,1,9,0,18,0,0,0,0,0,0,1,1,6,2,25,5,1242,1,3,-1,1,-1
201597NA00203,2,9,0,3,0,0,0,0,0,0,2,1,2,1,28,6,-1,-1,-1,-1,1,-1
201597NA00204,1,9,0,1,9,0,0,0,0,11,3,1,6,1,42,7,1686,2,5,-1,3,-1
201597NA00303,1,9,0,18,0,0,0,0,0,0,1,1,6,2,34,6,1229,1,6,-1,1,-1
201597NA00310,1,9,0,5,0,1,0,0,0,0,1,1,6,2,35,6,2926,2,11,-1,1,-1
201597NA00408,1,9,0,4,0,1,0,0,0,0,1,1,6,2,74,10,1582,2,3,-1,1,-1
201597NA00408,2,9,0,4,0,1,0,0,0,0,2,1,6,2,26,6,1968,2,5,-1,1,-1
201597NA00408,3,9,0,4,0,1,0,0,0,0,2,1,6,2,39,7,1956,2,2,-1,1,-1
201597NA00409,1,9,0,9,0,6,0,0,0,10,3,1,6,2,76,11,1364,1,1,-1,3,-1
201597NA00409,2,9,0,18,0,8,0,0,0,0,1,1,6,2,73,10,1240,1,7,-1,3,-1
201597NA00411,1,8,0,5,0,0,0,0,0,0,0,1,6,1,54,8,1598,2,1,-1,1,-1
201597NA00412,1,9,0,18,0,0,0,0,0,0,1,1,6,1,55,8,1796,1,9,-1,1,-1
201597NA00412,2,9,0,2,0,0,0,0,0,0,2,1,6,3,-1,-1,1246,1,10,-1,1,-1
201597NA00511,1,1,0,18,0,0,0,0,1,0,1,1,6,1,17,4,-1,-1,-1,-1,-1,-1
201597NA00511,2,8,0,4,0,0,0,0,0,0,4,1,1,1,44,7,1995,2,4,-1,1,-1
201597NA00801,1,8,0,16,0,0,0,0,0,0,1,1,1,1,46,8,1598,2,3,-1,1,-1
201597NA00802,1,9,0,9,0,2,0,0,0,0,3,1,6,2,21,5,1388,1,3,-1,1,-1
201597NA00802,2,9,0,18,0,2,0,0,0,0,1,1,6,1,34,6,2926,2,12,-1,1,-1
201597NA00806,1,9,0,18,0,4,0,0,0,0,4,1,2,1,33,6,1910,2,7,-1,1,-1
201597NA00806,2,9,0,18,0,3,0,0,0,0,1,1,2,1,59,9,1598,1,16,-1,1,-1
201597NA00808,1,8,0,6,0,0,0,0,0,0,3,1,2,2,59,9,-1,-1,-1,-1,1,-1
201597NA00808,2,9,0,14,0,0,0,0,0,0,1,1,6,1,52,8,1968,2,4,-1,1,-1
201597NA00812,1,19,0,9,0,5,0,0,0,0,1,1,6,1,28,6,2198,2,8,-1,1,-1
201597NA00812,2,9,0,18,0,8,0,0,0,0,1,1,6,2,68,10,1597,1,6,-1,3,-1
201597NA00905,1,9,0,5,0,6,0,0,0,0,1,1,6,1,28,6,1364,1,10,-1,1,-1
201597NA00905,2,9,0,18,0,8,0,0,0,0,3,1,6,2,49,8,1390,1,2,-1,1,-1
201597NA01002,1,9,0,18,0,0,1,0,0,2,1,1,2,2,57,9,998,1,6,-1,3,-1
201597NA01003,1,9,0,5,0,8,0,0,0,0,1,1,6,1,24,5,-1,-1,-1,-1,1,-1
201597NA01003,2,1,0,18,9,8,0,0,0,0,1,1,6,1,12,3,-1,-1,-1,-1,1,-1
201597NA01008,1,9,0,18,0,0,2,4,0,5,4,1,6,1,23,5,1560,2,1,-1,1,-1
201597NA01008,2,9,0,2,0,0,0,0,0,0,3,1,6,1,28,6,1781,1,13,-1,1,-1
201597NA01008,3,9,0,2,0,0,0,0,0,0,3,1,6,1,35,6,1598,1,14,-1,1,-1
201597NA01008,4,9,0,2,0,0,0,0,0,0,2,1,6,1,35,6,1598,2,-1,-1,1,-1
201597NA01008,5,9,0,2,0,0,0,0,0,0,2,1,6,1,24,5,1560,2,4,-1,1,-1
201597NA01008,6,9,0,2,0,0,0,0,0,0,3,1,6,2,62,9,999,1,2,-1,1,-1
201597NA01008,7,9,0,2,0,0,0,0,0,0,4,1,6,2,71,10,1229,1,-1,-1,1,-1
201597NA01010,1,9,0,9,0,1,0,0,0,0,1,1,2,1,20,4,1229,1,5,-1,1,-1
201597NA01010,2,9,0,18,0,1,0,0,0,0,3,1,2,2,54,8,1796,1,4,-1,1,-1
201597NA01108,1,9,0,18,0,0,1,0,0,0,1,1,6,1,53,8,1991,2,9,-1,1,-1
201597NA01205,1,9,0,18,0,1,0,0,0,0,1,1,6,1,40,7,1998,2,8,-1,1,-1
201597NA01205,2,9,0,18,0,1,2,0,0,0,4,1,6,2,58,9,2499,2,18,-1,1,-1
201597NA01208,1,9,0,4,0,4,0,0,0,0,1,1,6,1,49,8,2164,1,16,-1,1,-1