Accident_Index,Vehicle_Reference,Vehicle_Type,Towing_and_Articulation,Vehicle_Manoeuvre,Vehicle_Location-Restricted_Lane,Junction_Location,Skidding_and_Overturning,Hit_Object_in_Carriageway,Vehicle_Leaving_Carriageway,Hit_Object_off_Carriageway,1st_Point_of_Impact,Was_Vehicle_Left_Hand_Drive?,Journey_Purpose_of_Driver,Sex_of_Driver,Age_of_Driver,Age_Band_of_Driver,Engine_Capacity_(CC),Propulsion_Code,Age_of_Vehicle,Driver_IMD_Decile,Driver_Home_Area_Type,Vehicle_IMD_Decile
201597NA01208,2,9,0,4,0,4,0,0,0,0,2,1,6,1,75,10,1769,1,10,-1,3,-1
201597NA01209,1,9,0,18,0,0,0,0,0,0,4,1,6,2,44,7,-1,-1,-1,-1,1,-1
201597NA01301,1,9,0,16,0,3,0,0,8,11,1,1,6,1,26,6,-1,-1,-1,-1,1,-1
201597NA01305,1,9,0,7,0,8,0,0,0,0,1,1,6,1,19,4,1686,2,2,-1,1,-1
201597NA01402,1,9,0,8,0,6,0,0,0,0,1,1,6,1,18,4,1329,1,1,-1,2,-1
201597NA01402,2,9,0,18,0,1,0,0,0,0,1,1,6,1,82,11,1149,1,5,-1,1,-1
201597NA01407,1,9,0,18,0,0,0,0,0,0,3,1,6,1,74,10,1229,1,3,-1,1,-1
201597NA01505,1,8,0,5,0,1,0,0,0,0,1,1,6,1,54,8,1997,2,5,-1,1,-1
201597NA01605,1,9,0,4,0,1,0,0,0,0,1,1,2,2,22,5,1360,1,6,-1,1,-1
201597NA01611,1,9,0,18,0,8,0,0,0,0,1,1,6,2,60,9,1995,2,1,-1,1,-1
201597NA01611,2,9,0,3,0,1,0,0,0,0,2,1,6,2,39,7,2179,2,2,-1,1,-1
201597NA01701,1,9,0,18,0,0,1,0,0,0,1,1,6,1,26,6,1781,1,19,-1,1,-1
201597NA01701,2,9,0,18,0,0,0,0,0,0,1,1,2,1,58,9,-1,-1,-1,-1,1,-1
201597NA01701,3,9,0,18,0,0,0,0,0,0,1,1,2,1,41,7,1229,1,2,-1,-1,-1
201597NA01708,1,9,0,12,0,0,0,0,0,0,1,1,6,1,28,6,1397,1,6,-1,1,-1
201597NA01708,2,9,0,18,0,0,0,0,0,0,1,1,6,1,26,6,1560,2,-1,-1,1,-1
201597NA01709,1,9,0,18,0,0,0,0,0,0,4,1,6,1,55,8,1299,1,11,-1,1,-1
201597NA01711,1,9,0,9,0,3,0,0,0,0,1,1,6,1,24,5,1364,1,-1,-1,3,-1
201597NA01711,2,90,0,4,0,4,0,0,0,0,1,1,1,1,51,8,-1,-1,-1,-1,1,-1
201597NA01712,1,9,0,7,0,1,0,0,0,0,4,1,6,2,50,8,1560,2,9,-1,3,-1
201597NA01712,2,9,0,18,0,8,0,0,0,0,2,1,6,2,34,6,1490,1,6,-1,1,-1
201597NA01809,1,9,0,9,0,1,0,0,0,0,4,1,3,1,30,6,1796,1,6,-1,1,-1
201597NA01809,2,11,0,18,0,1,1,0,0,0,1,1,1,1,65,9,9600,2,17,-1,1,-1
201597NA01810,1,9,0,18,0,0,0,0,0,0,1,1,6,1,41,7,2521,1,5,-1,3,-1
201597NA02007,1,9,0,4,0,0,0,0,0,0,1,1,6,2,35,6,1686,2,6,-1,1,-1
201597NA02007,2,9,0,3,0,0,0,0,0,0,2,1,6,2,46,8,1400,1,10,-1,1,-1
201597NA02009,1,9,0,18,0,0,1,10,7,11,3,1,2,1,27,6,1586,1,6,-1,1,-1
201597NA02011,1,9,0,18,0,0,0,0,0,0,1,1,6,2,66,10,1596,1,6,-1,1,-1
201597NA02101,1,9,0,18,0,1,0,0,0,0,1,1,6,3,40,7,-1,-1,-1,-1,-1,-1
201597NA02101,2,9,0,4,0,1,0,0,0,0,2,1,6,2,65,9,1390,1,11,-1,1,-1
201597NA02103,1,9,0,18,0,3,5,9,1,7,1,1,6,1,17,4,1590,1,11,-1,1,-1
201597NA02104,1,19,0,18,0,4,0,0,0,0,1,1,2,1,26,6,1968,2,1,-1,1,-1
201597NA02104,2,9,0,18,0,3,0,0,0,0,4,1,6,2,59,9,1598,1,8,-1,-1,-1
201597NA02108,1,9,0,9,0,1,0,0,0,0,1,1,6,1,25,5,-1,-1,-1,-1,1,-1
201597NA02108,2,9,0,18,0,1,0,0,0,0,1,1,6,2,46,8,1396,1,2,-1,1,-1
201597NA02210,1,9,0,9,0,5,0,0,0,0,1,1,1,1,36,7,1242,1,-1,-1,1,-1
201597NA02302,1,9,0,5,0,6,0,0,0,0,1,1,6,2,51,8,1360,1,11,-1,3,-1
201597NA02306,1,9,0,18,0,2,0,0,0,0,2,1,2,2,30,6,998,1,6,-1,-1,-1
201597NA02306,2,9,0,18,0,2,0,0,0,0,1,1,2,1,39,7,1968,2,10,-1,1,-1
201597NA02310,1,9,0,18,0,1,0,0,0,0,1,1,6,1,19,4,1968,2,4,-1,-1,-1
201597NA02310,2,9,0,18,0,1,0,0,0,0,2,1,6,2,50,8,1198,1,2,-1,1,-1
201597NA02408,1,9,0,1,0,1,0,0,0,0,2,1,6,1,37,7,1360,1,11,-1,1,-1
201597NA02501,1,9,0,3,0,4,0,0,0,0,2,1,6,2,26,6,-1,-1,-1,-1,-1,-1
201597NA02501,2,9,0,4,0,4,0,0,0,0,0,1,2,1,24,5,1497,1,13,-1,1,-1
201597NA02502,1,9,0,18,0,2,0,0,0,0,1,1,2,2,39,7,1229,1,7,-1,1,-1
201597NA02504,1,9,0,18,0,0,0,0,0,0,3,1,6,2,21,5,1149,1,12,-1,1,-1
201597NA02505,1,9,0,18,0,3,0,0,0,0,1,1,6,3,25,5,-1,-1,-1,-1,-1,-1
201597NA02510,1,19,4,18,0,0,0,0,0,0,1,1,1,1,44,7,2198,2,4,-1,2,-1
201597NA02511,1,9,0,18,0,1,0,0,0,0,4,1,6,2,46,8,1798,1,7,-1,-1,-1
201597NA02511,2,9,0,5,0,6,0,0,0,0,1,1,6,1,29,6,1560,2,1,-1,1,-1
201597NA02612,1,1,0,5,5,1,0,0,0,0,1,1,4,1,10,2,-1,-1,-1,-1,1,-1
201597NA02612,2,9,0,5,0,6,0,0,0,0,1,1,2,2,47,8,1368,1,9,-1,1,-1
201597NA02704,1,9,0,6,0,0,0,0,4,0,0,1,1,1,29,6,-1,-1,-1,-1,1,-1
201597NA02704,2,9,0,18,0,0,0,0,0,0,2,1,2,1,42,7,1560,2,1,-1,1,-1
201597NA02711,1,19,0,18,0,4,0,0,7,11,1,1,6,1,37,7,1686,2,13,-1,1,-1
201597NA02711,2,9,0,9,9,4,0,0,1,0,1,1,6,2,48,8,1364,1,10,-1,1,-1
201597NA02801,1,9,0,18,0,0,0,0,0,0,4,1,6,2,47,8,1998,2,10,-1,1,-1
201597NA02806,1,9,0,15,0,0,0,0,0,0,4,1,6,1,55,8,1199,1,15,-1,1,-1
201597NA02806,2,9,0,18,0,0,0,0,0,0,3,1,6,1,27,6,1242,1,8,-1,3,-1
201597NA02807,1,9,0,9,0,1,0,0,0,0,4,1,2,1,26,6,1796,1,5,-1,1,-1
201597NA02807,2,9,0,18,0,1,0,0,0,0,1,1,2,1,27,6,1364,1,9,-1,1,-1
201597NA02810,1,9,0,18,0,0,5,4,0,0,4,1,6,2,19,4,998,1,7,-1,1,-1
201597NA02810,2,9,0,2,0,0,0,0,0,0,3,1,6,1,52,8,1951,2,12,-1,1,-1
201597NA02812,1,9,0,5,0,6,0,0,0,0,3,1,6,1,48,8,1200,1,1,-1,3,-1
201597NA02812,2,9,0,18,0,8,0,0,0,0,3,1,6,2,56,9,2099,1,10,-1,1,-1
201597NA02910,1,9,0,9,0,1,0,0,1,0,0,1,6,2,67,10,1598,1,2,-1,1,-1
201597NA02910,2,9,0,18,0,1,0,0,0,0,4,1,1,1,27,6,1995,1,10,-1,3,-1
201597NA03105,1,9,0,5,0,8,0,0,0,0,1,1,2,2,46,8,1229,1,5,-1,-1,-1
201597NA03112,1,9,0,12,0,0,5,4,0,0,1,1,6,1,47,8,1599,1,11,-1,1,-1
201597NA03112,2,9,0,2,0,0,0,0,0,0,1,1,6,1,-1,-1,1390,1,10,-1,1,-1
201597NA03201,1,9,0,18,0,1,0,0,0,7,4,1,6,1,25,5,1229,1,3,-1,3,-1
201597NA03202,1,9,0,18,9,0,0,10,2,0,1,1,6,3,30,6,-1,-1,-1,-1,-1,-1
201597NA03210,1,9,0,9,0,8,0,0,0,0,4,2,6,1,17,4,973,1,12,-1,3,-1
201597NA03210,2,9,0,18,0,8,0,0,0,0,1,2,6,2,36,7,998,1,-1,-1,1,-1
201597NA03211,1,9,0,18,0,0,0,0,0,0,1,1,6,1,55,8,-1,-1,-1,-1,1,-1
201597NA03305,1,9,0,18,0,0,0,0,0,0,1,1,6,1,19,4,1398,1,1,-1,3,-1
201597NA03305,2,9,0,3,0,0,0,0,0,0,2,1,2,2,43,7,1796,1,9,-1,1,-1
201597NA03309,1,9,0,18,0,0,0,0,0,0,1,1,6,2,22,5,998,1,8,-1,1,-1
201597NA03401,1,9,0,4,0,0,0,0,0,0,2,1,6,2,44,7,1596,1,4,-1,1,-1
201597NA03406,1,9,0,18,0,0,0,0,0,0,1,1,2,2,27,6,1242,1,1,-1,1,-1
201597NA03408,1,9,0,9,9,1,0,0,1,10,1,1,6,1,60,9,2987,2,5,-1,1,-1
201597NA03412,1,9,0,18,0,6,0,0,0,0,3,1,1,1,36,7,2324,1,12,-1,-1,-1
201597NA03412,2,9,0,18,0,1,0,0,0,0,1,1,6,2,49,8,1796,1,9,-1,1,-1
201597NA03505,1,9,0,9,0,6,0,0,0,0,1,1,6,1,29,6,1995,2,9,-1,3,-1
201597NA03505,2,9,0,18,0,8,0,0,0,0,1,1,6,1,67,10,1587,1,9,-1,1,-1
201597NA03511,1,19,0,9,0,6,0,0,0,0,3,1,1,1,25,5,1686,2,12,-1,1,-1
201597NA03511,2,9,0,18,0,1,0,0,0,0,1,1,6,1,51,8,1108,1,12,-1,3,-1
201597NA03512,1,9,0,9,0,6,0,0,0,0,3,1,6,2,32,6,1560,2,-1,-1,1,-1
201597NA03512,2,9,0,3,0,1,0,0,0,0,1,1,6,2,61,9,1968,2,1,-1,3,-1
201597NA03605,1,9,0,7,0,1,0,0,0,0,1,1,6,1,20,4,1299,1,15,-1,1,-1
201597NA03605,2,9,0,5,0,1,0,0,0,0,3,1,6,2,31,6,1229,1,4,-1,1,-1
201597NA03609,1,9,0,18,0,0,5,0,1,0,1,1,6,1,22,5,2993,2,8,-1,1,-1
201597NA03611,1,9,0,1,0,1,0,0,0,0,2,1,6,1,74,10,1895,1,14,-1,1,-1
201597NA03611,2,9,0,9,0,1,0,0,0,0,4,1,6,1,37,7,1364,1,5,-1,1,-1
201597NA03710,1,9,0,18,0,1,0,0,0,0,1,1,3,1,33,6,2979,1,15,-1,1,-1
201597NA03710,2,9,0,18,0,1,0,0,0,0,1,1,1,1,34,6,1598,2,3,-1,3,-1
201597NA03711,1,9,0,18,0,0,0,4,0,0,1,1,6,1,19,4,1198,1,2,-1,3,-1
201597NA03711,2,19,0,2,0,0,0,0,0,0,2,1,6,3,-1,-1,1461,2,10,-1,-1,-1
201597NA03712,1,11,0,9,0,6,1,7,0,1,1,1,1,1,57,9,9600,2,15,-1,3,-1
201597NA03803,1,9,0,14,0,0,0,0,0,0,4,1,6,1,35,6,1997,2,13,-1,1,-1
201597NA03805,1,9,0,12,0,0,0,0,0,0,1,1,6,1,35,6,1896,2,6,-1,1,-1
201597NA03805,2,9,0,18,0,0,0,0,0,0,4,1,6,1,60,9,1598,1,11,-1,1,-1
201597NA03806,1,9,0,9,0,6,0,0,0,0,1,1,2,1,50,8,1896,2,13,-1,1,-1
201597NA03806,2,1,0,15,0,8,0,0,0,0,4,1,6,1,49,8,-1,-1,-1,-1,1,-1
201597NA03812,1,9,0,18,0,1,0,0,0,0,1,1,6,2,50,8,1398,1,3,-1,1,-1
201597NA03812,2,9,0,18,0,1,0,0,0,0,1,1,6,1,44,7,1390,1,13,-1,1,-1
201597NA03904,1,9,0,18,0,0,0,0,1,11,1,1,6,1,26,6,1398,2,5,-1,1,-1
201597NA03907,1,9,0,18,0,0,0,0,0,0,1,1,6,1,28,6,-1,-1,-1,-1,1,-1
201597NA03907,2,9,0,18,0,0,0,0,0,0,2,1,6,1,25,5,1390,1,8,-1,1,-1
201597NA03907,3,9,0,18,0,0,0,0,0,0,2,1,6,1,35,6,1956,2,2,-1,1,-1
201597NA03907,4,9,0,18,0,0,0,0,0,0,2,1,6,1,51,8,2499,2,16,-1,1,-1
201597NA04012,1,9,0,18,0,4,0,0,0,0,1,1,6,1,39,7,1999,1,9,-1,1,-1
201597NA04012,2,9,0,7,0,3,0,0,0,0,2,1,6,1,22,5,1590,1,11,-1,1,-1
201597NA04101,1,9,0,18,0,0,0,0,0,0,1,1,6,2,19,4,1995,2,10,-1,1,-1
201597NA04101,2,9,0,4,0,0,0,0,0,0,2,1,3,2,23,5,1870,2,10,-1,1,-1
201597NA04201,1,9,0,8,0,1,0,0,0,0,1,1,1,1,34,6,-1,-1,-1,-1,1,-1
201597NA04201,2,9,0,8,0,1,0,0,0,0,2,1,6,1,50,8,1995,2,2,-1,1,-1
201597NA04202,1,9,0,18,0,0,1,2,0,10,1,1,3,2,25,5,1360,1,8,-1,3,-1
201597NA04210,1,9,0,18,9,5,0,0,3,11,1,1,6,1,40,7,1596,1,-1,-1,1,-1
201597NA04303,1,9,0,18,0,0,0,0,0,0,2,1,6,1,27,6,-1,-1,-1,-1,1,-1
201597NA04303,2,9,0,3,0,0,0,0,0,0,1,1,6,1,18,4,1685,2,1,-1,1,-1
201597NA04305,1,9,0,6,0,0,0,0,0,0,1,1,6,1,35,6,1968,2,6,-1,1,-1
201597NA04305,2,9,0,18,0,0,0,0,0,0,1,1,6,1,24,5,1248,2,8,-1,1,-1
201597NA04311,1,9,0,16,0,0,0,0,7,0,1,1,6,2,19,4,1242,1,2,-1,3,-1
201597NA04311,2,19,0,17,0,0,0,0,0,0,1,1,1,1,34,6,1753,2,9,-1,1,-1
201597NA04403,1,9,0,18,0,0,0,0,0,0,4,1,6,1,28,6,-1,-1,-1,-1,-1,-1
201597NA04404,1,9,0,18,0,4,0,0,0,0,3,1,6,1,48,8,-1,-1,-1,-1,1,-1
201597NA04404,2,9,0,17,0,3,0,0,0,0,1,1,6,1,42,7,1396,1,14,-1,1,-1
201597NA04409,1,9,0,18,0,0,0,0,0,0,1,1,6,2,30,6,1242,1,12,-1,1,-1
201597NA04505,1,9,0,12,0,1,0,0,0,0,1,1,6,1,69,10,1956,2,4,-1,1,-1
201597NA04507,1,9,0,18,0,0,0,0,0,0,1,1,6,2,35,6,-1,-1,-1,-1,1,-1
201597NA04507,2,8,0,18,0,0,0,0,0,0,1,1,1,1,69,10,1896,2,5,-1,1,-1
201597NA04510,1,1,0,18,9,0,0,0,0,0,1,1,2,1,28,6,-1,-1,-1,-1,1,-1
201597NA04510,2,9,0,5,9,0,0,0,0,0,1,1,6,1,46,8,2179,2,1,-1,1,-1
201597NA04602,1,9,0,5,0,1,0,0,0,0,4,1,6,1,30,6,1668,1,14,-1,1,-1
201597NA04607,1,9,0,18,0,1,0,0,0,0,1,1,6,1,52,8,-1,-1,-1,-1,1,-1
201597NA04607,2,9,0,18,0,1,0,0,0,0,2,1,6,2,50,8,1360,1,8,-1,1,-1
201597NA04701,1,9,0,17,0,0,0,0,1,11,1,1,6,2,58,9,998,1,2,-1,1,-1
201597NA04705,1,9,0,14,0,0,0,0,0,0,1,1,2,1,45,7,1968,2,8,-1,1,-1
201597NA04705,2,9,0,18,0,0,0,0,0,0,1,1,6,1,51,8,1798,1,6,-1,1,-1
201597NA04705,3,9,0,3,0,0,0,0,0,0,3,1,6,1,38,7,2496,1,10,-1,3,-1
201597NA04705,4,9,0,4,0,0,0,0,0,0,1,1,2,1,49,8,1242,1,3,-1,1,-1
201597NA04801,1,9,0,17,0,0,0,11,0,3,1,1,2,2,47,8,-1,-1,-1,-1,1,-1
201597NA04807,1,19,0,6,0,2,0,0,0,0,1,1,1,1,35,6,1560,2,1,-1,1,-1
201597NA04807,2,9,0,18,0,2,0,0,0,0,1,1,1,1,26,6,1798,1,2,-1,3,-1
201597NA04901,1,9,0,9,0,6,0,0,0,0,3,1,6,1,62,9,1360,1,6,-1,1,-1
201597NA04901,2,8,0,18,0,1,0,0,0,0,1,1,1,1,45,7,1995,2,3,-1,1,-1
201597NA04908,1,9,0,16,0,1,1,0,0,7,3,1,6,2,33,6,1796,1,12,-1,1,-1
201597NA04912,1,9,0,3,0,0,1,0,0,0,1,1,6,1,63,9,1339,1,5,-1,1,-1
201597NA04912,2,9,0,3,0,0,0,0,0,0,2,1,6,1,62,9,1975,1,7,-1,1,-1
201597NA05001,1,9,0,18,0,0,0,0,0,0,4,1,6,1,66,10,1396,1,14,-1,1,-1
201597NA05101,1,9,0,18,0,8,0,0,0,0,3,1,6,1,35,6,-1,-1,-1,-1,-1,-1
201597NA05101,2,9,0,9,0,8,0,0,0,0,4,1,6,1,54,8,1364,1,8,-1,1,-1
201597NA05107,1,11,0,18,0,0,0,0,0,0,4,1,1,1,56,9,-1,-1,-1,-1,1,-1
201597NA05209,1,9,0,18,0,0,0,0,0,0,4,1,6,1,46,8,1398,2,9,-1,3,-1
201597NA05209,2,1,0,18,0,0,0,0,0,0,3,1,6,1,32,6,-1,-1,-1,-1,1,-1
201597NA05301,1,9,0,4,0,0,0,0,0,0,3,1,2,1,29,6,-1,-1,-1,-1,1,-1
201597NA05308,1,8,0,18,0,4,0,0,0,0,0,1,6,1,52,8,1997,2,3,-1,1,-1
201597NA05401,1,9,0,18,0,1,0,4,3,11,1,1,6,1,78,11,2393,1,4,-1,-1,-1
201597NA05401,2,9,0,1,0,4,0,0,0,0,1,1,6,2,34,6,998,1,3,-1,1,-1
201597NA05401,3,9,0,2,0,1,0,0,0,0,0,1,6,1,40,7,1975,1,7,-1,-1,-1
201597NA05609,1,9,0,16,0,0,0,0,0,0,1,1,6,1,34,6,1396,1,12,-1,3,-1
201597NA05710,1,9,0,18,0,1,0,0,0,0,1,1,6,1,48,8,-1,-1,-1,-1,1,-1
201597NA05710,2,8,0,2,0,1,0,0,0,0,3,1,1,1,51,8,1598,2,2,-1,1,-1
201597NA06001,1,9,0,18,0,0,0,0,0,0,1,1,6,2,30,6,1242,1,3,-1,1,-1
201597NA06001,2,9,0,3,0,0,0,0,0,0,2,1,6,2,28,6,2720,2,8,-1,1,-1
201597NA06101,1,9,0,18,0,0,1,4,0,0,1,1,6,1,19,4,1781,1,10,-1,3,-1
201597NA06101,2,9,0,2,0,0,0,0,0,0,3,1,6,2,30,6,996,1,5,-1,3,-1
201597NA06101,3,9,0,2,0,0,0,0,0,0,3,1,6,2,45,7,1560,2,3,-1,3,-1
201597NA06101,4,9,0,18,0,0,0,0,0,0,3,1,6,2,42,7,1461,2,1,-1,1,-1
201597NA06106,1,9,0,18,0,0,0,0,0,0,1,1,6,1,-1,-1,2498,2,13,-1,-1,-1
201597NA06106,2,1,0,18,0,0,0,0,0,0,1,1,6,1,28,6,-1,-1,-1,-1,-1,-1
201597NA06609,1,9,0,18,0,0,0,0,0,0,2,1,6,1,26,6,1298,1,16,-1,3,-1
201597NA06609,2,9,0,2,9,0,0,0,0,0,1,1,6,2,26,6,1596,1,14,-1,1,-1
201597NA70102,1,9,0,13,0,0,0,0,0,0,3,1,6,1,52,8,1396,1,12,-1,1,-1
201597NA70105,1,9,0,18,0,0,0,0,0,0,1,1,6,1,57,9,1998,2,11,-1,1,-1
201597NA70106,1,9,0,10,0,2,0,0,0,0,1,1,2,1,28,6,-1,-1,-1,-1,3,-1
201597NA70106,2,19,0,18,0,1,0,0,0,0,4,1,2,1,47,8,2198,2,4,-1,1,-1
201597NA70107,1,9,0,18,0,4,0,0,0,0,1,1,6,2,50,8,2143,2,3,-1,1,-1
201597NA70107,2,9,0,18,0,8,0,0,0,0,4,1,6,1,42,7,-1,-1,-1,-1,1,-1
201597NA70110,1,20,1,18,0,0,0,0,0,0,1,1,1,1,52,8,12902,2,3,-1,2,-1
201597NA70110,2,9,0,18,0,0,0,0,0,0,3,1,2,2,32,6,1360,1,7,-1,1,-1
201597NA70111,1,90,0,18,0,0,0,0,0,0,4,1,1,1,55,8,-1,-1,-1,-1,1,-1
201597NA70203,1,9,0,18,0,0,0,0,0,0,1,1,1,2,29,6,1499,2,2,-1,1,-1
201597NA70203,2,19,0,18,0,0,0,0,0,0,2,1,1,2,47,8,2402,2,5,-1,1,-1
201597NA70205,1,9,0,18,0,1,1,0,1,0,0,1,2,1,25,5,1248,2,7,-1,-1,-1
201597NA70212,1,9,0,13,0,0,0,0,1,0,2,1,2,2,49,8,1229,1,6,-1,1,-1
201597NA70303,1,9,0,16,0,0,1,0,7,11,1,1,6,3,30,6,-1,-1,-1,-1,-1,-1
201597NA70304,1,9,0,4,0,4,0,0,0,0,1,1,6,1,38,7,1598,1,8,-1,1,-1
201597NA70304,2,9,0,4,0,4,0,0,0,0,2,1,1,1,34,6,1598,2,3,-1,2,-1
201597NA70306,1,9,0,18,0,0,1,0,5,6,1,1,2,2,33,6,1242,1,9,-1,1,-1
201597NA70308,1,9,0,5,0,0,0,0,0,0,3,1,6,2,42,7,3598,1,8,-1,3,-1
201597NA70404,1,9,0,18,0,1,0,0,0,0,1,1,6,1,39,7,1242,1,6,-1,1,-1
201597NA70404,2,9,0,3,0,1,0,0,0,0,2,1,6,2,34,6,898,1,2,-1,1,-1
201597NA70405,1,9,0,18,0,1,0,0,0,0,1,1,6,2,66,10,1868,2,12,-1,1,-1
201597NA70405,2,9,0,9,0,1,0,0,0,0,4,1,6,1,22,5,1995,2,1,-1,1,-1
201597NA70405,3,9,0,3,0,1,0,0,0,0,0,1,6,1,27,6,-1,-1,-1,-1,1,-1
201597NA70407,1,9,0,18,0,0,0,0,0,0,1,1,2,1,23,5,1242,1,4,-1,1,-1
201597NA70407,2,19,0,18,0,0,0,0,0,0,2,1,2,1,49,8,1995,2,1,-1,1,-1
201597NA70504,1,9,0,3,0,0,0,0,0,0,1,1,1,2,21,5,1199,2,-1,-1,3,-1
201597NA70504,2,9,0,18,0,0,0,0,0,0,1,1,2,2,34,6,1364,1,10,-1,1,-1
201597NA70504,3,9,0,18,0,0,0,0,0,0,2,1,2,2,30,6,1598,2,3,-1,1,-1
201597NA70504,4,9,0,4,0,0,0,0,0,0,1,1,1,1,20,4,1390,1,6,-1,1,-1
201597NA70504,5,9,0,18,0,0,0,0,0,0,2,1,2,1,41,7,1968,2,1,-1,1,-1
201597NA70505,1,9,0,17,0,0,5,0,1,11,1,1,2,2,19,4,1598,1,10,-1,3,-1
201597NA70507,1,19,0,4,0,4,0,0,0,0,1,1,1,1,40,7,2402,2,5,-1,1,-1
201597NA70507,2,9,0,4,0,4,0,0,0,0,2,1,6,1,52,8,1398,1,1,-1,-1,-1
201597NA70510,1,9,0,18,0,1,0,0,0,0,1,1,2,1,26,6,1997,2,-1,-1,1,-1
201597NA70510,2,9,0,10,0,1,0,0,0,0,2,1,6,2,47,8,2179,2,1,-1,3,-1
201597NA70605,1,9,0,18,0,0,0,0,0,0,1,1,6,2,29,6,1364,1,5,-1,1,-1
201597NA70605,2,9,0,3,0,0,0,0,0,4,2,1,3,1,42,7,1686,2,3,-1,1,-1
201597NA70607,1,9,0,17,0,0,0,0,0,0,1,1,6,1,39,7,1997,2,13,-1,1,-1
201597NA70607,2,9,0,16,0,0,0,0,0,0,1,1,2,1,28,6,1364,1,7,-1,3,-1
201597NA70612,1,9,0,18,0,0,1,0,0,0,1,1,2,1,28,6,1910,2,7,-1,-1,-1
201597NA70612,2,9,0,18,0,0,1,0,0,0,1,1,2,2,44,7,1461,2,8,-1,1,-1
201597NA70612,3,9,0,18,0,0,0,0,0,0,2,1,2,1,54,8,1968,2,5,-1,1,-1
201597NA70702,1,9,0,18,0,0,0,0,0,0,4,1,6,1,23,5,1956,2,2,-1,1,-1
201597NA70705,1,19,0,18,0,0,0,0,0,0,1,1,2,1,29,6,1995,2,3,-1,1,-1
201597NA70705,2,9,0,18,0,0,0,0,0,0,2,1,2,1,27,6,1461,2,6,-1,-1,-1
201597NA70707,1,9,0,18,0,8,5,4,0,0,1,1,6,2,49,8,1596,1,7,-1,1,-1
201597NA70707,2,9,0,2,0,8,0,0,0,0,2,1,6,3,30,6,1364,1,10,-1,-1,-1
201597NA70707,3,9,0,2,0,8,0,0,0,0,2,1,6,3,30,6,1388,1,9,-1,-1,-1
201597NA70710,1,9,0,18,9,0,1,0,2,2,1,1,6,1,33,6,1796,1,13,-1,-1,-1
201597NA70710,2,9,0,18,0,0,0,0,0,0,0,1,1,1,28,6,1560,2,3,-1,1,-1
201597NA70810,1,9,0,18,0,0,0,0,0,0,1,1,6,1,25,5,1598,1,6,-1,1,-1
201597NA70810,2,9,0,18,0,0,0,0,0,0,2,1,6,1,38,7,-1,-1,-1,-1,2,-1
201597NA70910,1,9,0,18,0,0,0,0,0,0,1,1,6,1,41,7,1199,1,12,-1,1,-1
201597NA70910,2,21,1,18,0,0,0,0,0,0,2,1,1,1,65,9,10837,2,3,-1,1,-1
201597NA71010,1,5,0,13,0,8,0,0,0,0,1,1,6,1,25,5,675,1,7,-1,3,-1
201597NC00107,1,9,0,16,6,7,1,0,0,0,1,1,2,1,32,6,1910,2,9,-1,-1,-1
201597NC00201,1,19,0,18,0,8,0,0,0,0,2,1,6,1,26,6,1896,2,8,-1,1,-1
201597NC00201,2,9,0,9,0,5,0,0,0,0,2,1,6,1,36,7,-1,-1,-1,-1,1,-1
201597NC00201,3,9,0,18,0,8,0,0,0,0,1,1,1,1,27,6,1753,2,4,-1,-1,-1
201597NC00208,1,9,0,17,0,0,0,0,1,4,1,1,6,2,66,10,1461,2,7,-1,2,-1
201597NC00301,1,9,0,1,4,0,0,0,0,0,2,1,2,1,26,6,1396,1,15,-1,1,-1
201597NC00308,1,8,0,6,0,0,0,0,0,0,3,1,6,1,33,6,1956,2,4,-1,1,-1
201597NC00308,2,9,0,18,0,0,0,0,0,0,1,1,6,2,21,5,1242,1,3,-1,1,-1
201597NC00309,1,9,0,5,0,4,0,0,0,0,0,1,6,2,73,10,1364,1,-1,-1,1,-1
201597NC00309,2,9,0,16,0,4,0,0,0,0,1,1,6,1,38,7,1796,1,10,-1,1,-1
201597NC00403,1,8,0,16,0,0,0,0,7,0,1,1,1,1,50,8,1997,2,1,-1,1,-1
201597NC00403,2,9,0,17,0,0,1,10,7,0,1,1,2,1,19,4,-1,-1,-1,-1,1,-1
201597NC00405,1,9,0,9,0,8,0,0,0,0,3,1,2,2,24,5,1398,2,3,-1,1,-1
201597NC00405,2,9,0,18,0,8,0,0,0,0,1,1,6,1,68,10,1248,1,1,-1,1,-1
201597NC00510,1,9,0,11,6,6,1,0,1,2,2,1,2,2,29,6,-1,-1,-1,-1,1,-1
201597NC00601,1,9,0,14,0,0,1,0,2,7,1,1,6,1,26,6,1598,1,3,-1,2,-1
201597NC00601,2,9,0,18,0,0,0,0,4,0,4,1,2,1,54,8,1242,1,8,-1,1,-1
201597NC00609,1,9,0,18,0,4,0,0,0,0,1,1,6,1,42,7,1956,2,5,-1,1,-1
201597NC00609,2,9,0,5,0,4,0,0,0,0,2,1,2,2,24,5,1242,1,1,-1,1,-1
201597NC00612,1,9,0,18,9,0,0,0,1,10,4,1,6,2,23,5,1229,1,2,-1,1,-1
201597NC00702,1,9,0,18,0,3,1,10,7,7,3,1,6,1,41,7,1995,1,8,-1,2,-1
201597NC00703,1,9,0,18,0,0,0,0,0,0,1,1,1,1,48,8,1560,2,3,-1,1,-1
201597NC00811,1,9,0,18,0,1,0,0,7,0,1,1,6,1,35,6,1968,2,-1,-1,1,-1
201597NC00811,2,9,0,18,0,2,0,0,1,0,1,1,6,1,18,4,1061,1,11,-1,1,-1