Accident_Index,Vehicle_Reference,Vehicle_Type,Towing_and_Articulation,Vehicle_Manoeuvre,Vehicle_Location-Restricted_Lane,Junction_Location,Skidding_and_Overturning,Hit_Object_in_Carriageway,Vehicle_Leaving_Carriageway,Hit_Object_off_Carriageway,1st_Point_of_Impact,Was_Vehicle_Left_Hand_Drive?,Journey_Purpose_of_Driver,Sex_of_Driver,Age_of_Driver,Age_Band_of_Driver,Engine_Capacity_(CC),Propulsion_Code,Age_of_Vehicle,Driver_IMD_Decile,Driver_Home_Area_Type,Vehicle_IMD_Decile
201597NC00902,1,9,0,4,0,1,0,0,0,0,1,1,4,2,21,5,-1,-1,-1,-1,-1,-1
201597NC00904,1,9,0,4,0,1,0,0,0,0,1,1,6,2,57,9,898,1,2,-1,1,-1
201597NC00904,2,9,0,18,0,1,0,0,0,0,1,1,6,2,44,7,1986,2,7,-1,1,-1
201597NC00907,1,9,0,11,0,7,0,0,0,0,1,1,6,2,32,6,1997,2,5,-1,2,-1
201597NC00907,2,9,0,3,0,5,0,0,0,0,2,1,6,1,24,5,1595,1,14,-1,3,-1
201597NC00909,1,9,0,18,0,4,0,0,0,0,1,1,6,1,48,8,1796,1,10,-1,1,-1
201597NC00909,2,1,0,18,0,8,0,0,0,0,4,1,6,1,41,7,-1,-1,-1,-1,1,-1
201597NC01007,1,9,0,18,0,0,0,0,0,0,1,1,6,2,26,6,1461,2,1,-1,1,-1
201597NC01007,2,9,0,18,0,0,0,0,0,0,1,1,6,1,29,6,1461,2,1,-1,-1,-1
201597NC01007,3,9,0,4,0,0,0,0,0,0,2,1,6,1,69,10,1997,1,5,-1,2,-1
201597NC01010,1,9,0,4,0,1,0,0,0,0,1,1,2,2,31,6,1242,1,2,-1,1,-1
201597NC01010,2,5,0,4,0,1,0,0,0,0,2,1,2,1,51,8,649,1,1,-1,2,-1
201597NC01011,1,9,0,9,0,8,0,0,0,0,1,1,1,1,25,5,1598,2,1,-1,1,-1
201597NC01011,2,9,0,18,0,1,0,0,0,0,4,1,1,1,33,6,1596,1,4,-1,3,-1
201597NC01101,1,9,0,18,0,2,0,0,0,0,1,1,2,2,29,6,998,1,4,-1,1,-1
201597NC01106,1,9,0,4,0,0,0,0,0,0,1,1,6,1,18,4,1598,1,9,-1,2,-1
201597NC01106,2,9,0,9,0,0,0,0,0,0,2,1,6,2,30,6,1997,2,6,-1,1,-1
201597NC01111,1,9,0,18,0,8,0,0,0,0,0,1,6,1,51,8,1796,1,5,-1,1,-1
201597NC01111,2,9,0,18,0,8,0,0,0,0,2,1,6,2,62,9,1560,2,1,-1,1,-1
201597NC01111,3,9,0,18,0,8,1,0,0,0,1,1,6,1,19,4,-1,-1,-1,-1,-1,-1
201597NC01202,1,20,1,18,0,0,0,0,0,0,4,1,1,1,46,8,-1,-1,-1,-1,1,-1
201597NC01202,2,9,0,18,0,0,0,0,1,6,3,1,6,2,33,6,1461,2,6,-1,1,-1
201597NC01206,1,9,0,4,0,4,0,0,0,0,1,1,6,2,68,10,1398,1,1,-1,1,-1
201597NC01206,2,9,0,4,0,4,0,0,0,0,2,1,6,2,20,4,1229,1,1,-1,1,-1
201597NC01301,1,9,0,18,0,0,0,0,0,0,1,1,2,2,25,5,1496,2,1,-1,-1,-1
201597NC01301,2,9,0,3,0,0,0,0,0,0,2,1,1,1,22,5,1968,2,4,-1,1,-1
201597NC01301,3,19,0,3,0,0,0,0,0,0,2,1,1,1,39,7,-1,-1,-1,-1,3,-1
201597NC01302,1,9,0,9,0,4,0,0,0,0,1,1,6,2,62,9,898,1,2,-1,2,-1
201597NC01302,2,1,0,9,0,4,0,0,0,0,1,1,6,1,51,8,-1,-1,-1,-1,1,-1
201597NC01305,1,19,5,18,0,0,0,0,0,0,1,1,2,1,39,7,2402,2,7,-1,1,-1
201597NC01305,2,9,0,4,0,0,0,0,0,0,2,1,2,1,64,9,1995,2,2,-1,1,-1
201597NC01305,3,9,0,4,0,0,0,0,0,0,4,1,2,1,22,5,1364,1,1,-1,1,-1
201597NC01305,4,9,0,4,0,0,0,0,0,0,2,1,2,1,27,6,1596,1,3,-1,3,-1
201597NC01305,5,9,0,4,0,0,0,0,0,0,2,1,2,1,44,7,1968,2,4,-1,1,-1
201597NC01305,6,9,5,2,0,0,0,0,0,0,1,1,6,3,20,4,1364,1,2,-1,-1,-1
201597NC01312,1,19,4,18,0,0,0,0,0,0,0,1,2,1,52,8,2143,2,1,-1,1,-1
201597NC01312,2,9,0,18,0,0,0,0,0,11,1,1,6,1,51,8,1798,1,7,-1,1,-1
201597NC01402,1,9,0,14,0,0,0,0,0,0,3,1,6,1,30,6,-1,-1,-1,-1,-1,-1
201597NC01402,2,9,0,2,0,0,0,0,0,0,3,1,6,1,67,10,1149,1,6,-1,2,-1
201597NC01405,1,8,0,18,0,1,0,0,0,1,1,1,1,1,54,8,1998,2,10,-1,1,-1
201597NC01501,1,9,0,18,0,1,1,0,0,0,1,1,6,1,68,10,-1,-1,-1,-1,1,-1
201597NC01501,2,20,0,9,0,2,0,0,0,0,3,1,1,1,42,7,4462,2,2,-1,1,-1
201597NC01503,1,9,0,9,0,1,0,0,0,0,0,1,6,2,72,10,2204,2,6,-1,2,-1
201597NC01503,2,2,0,18,0,1,1,0,0,0,0,1,6,1,16,4,-1,-1,-1,-1,2,-1
201597NC01504,1,9,0,18,0,0,0,0,0,0,1,1,2,1,47,8,-1,-1,-1,-1,1,-1
201597NC01504,2,9,0,3,0,0,0,0,0,0,2,1,2,1,23,5,1149,1,1,-1,1,-1
201597NC01504,3,9,0,3,0,0,0,0,0,0,2,1,2,1,39,7,1794,1,13,-1,1,-1
201597NC01504,4,9,0,3,0,0,0,0,0,0,2,1,2,1,51,8,1997,2,4,-1,1,-1
201597NC01505,1,9,0,18,0,0,0,0,0,0,4,1,6,2,40,7,1685,2,3,-1,1,-1
201597NC01606,1,9,0,18,0,2,1,0,0,0,1,1,6,1,35,6,1248,1,3,-1,1,-1
201597NC01606,2,9,0,3,0,2,0,0,0,0,2,1,6,1,42,7,1796,1,9,-1,2,-1
201597NC01606,3,9,0,3,0,2,0,0,0,0,2,1,6,2,62,9,-1,-1,-1,-1,3,-1
201597NC01608,1,9,0,18,0,0,0,0,0,0,1,1,6,1,43,7,1149,1,10,-1,1,-1
201597NC01705,1,8,0,9,0,6,0,0,0,0,3,1,1,1,50,8,1997,2,2,-1,1,-1
201597NC01705,2,9,0,18,0,1,0,0,0,0,1,1,6,1,19,4,1461,2,5,-1,3,-1
201597NC01709,1,9,0,4,0,1,0,0,0,0,1,1,6,1,82,11,1686,2,11,-1,3,-1
201597NC01709,2,5,0,3,0,1,0,0,0,0,2,1,6,1,22,5,599,1,8,-1,1,-1
201597NC01710,1,9,0,18,0,0,0,0,0,0,1,1,3,2,25,5,1108,1,5,-1,2,-1
201597NC01711,1,9,0,16,0,0,0,0,0,0,0,1,6,3,30,6,-1,-1,-1,-1,-1,-1
201597NC01711,2,1,0,16,0,0,0,0,0,0,4,1,6,1,46,8,-1,-1,-1,-1,1,-1
201597NC01812,1,9,0,18,0,0,0,0,0,0,1,1,6,3,45,7,-1,-1,-1,-1,-1,-1
201597NC01903,1,9,0,18,0,1,0,0,0,0,1,1,6,1,30,6,1910,2,10,-1,1,-1
201597NC01903,2,9,0,18,0,1,0,0,0,0,1,1,6,1,41,7,-1,-1,-1,-1,1,-1
201597NC01910,1,9,0,18,0,0,0,0,0,0,0,1,6,1,30,6,-1,-1,-1,-1,-1,-1
201597NC01912,1,9,0,4,0,4,0,0,0,0,2,1,6,1,67,10,1596,1,7,-1,1,-1
201597NC01912,2,9,0,4,0,4,0,0,0,0,1,1,6,1,78,11,1997,2,10,-1,1,-1
201597NC02003,1,9,0,18,0,0,0,0,0,0,3,1,6,2,70,10,1796,1,7,-1,2,-1
201597NC02011,1,9,0,9,0,6,0,0,0,0,1,1,2,1,58,9,1968,2,1,-1,2,-1
201597NC02011,2,9,0,18,0,1,0,0,0,0,3,1,2,1,22,5,2521,1,5,-1,2,-1
201597NC02012,1,9,0,18,0,1,0,0,0,0,1,1,6,2,35,6,2993,2,4,-1,2,-1
201597NC02012,2,9,0,3,0,4,0,0,0,0,2,1,2,2,25,5,998,1,5,-1,1,-1
201597NC02107,1,9,0,4,0,0,0,0,0,0,1,1,2,1,62,9,2148,2,5,-1,1,-1
201597NC02107,2,9,0,3,0,0,0,0,0,0,2,1,2,1,44,7,1242,1,13,-1,1,-1
201597NC02109,1,11,0,3,0,4,0,0,0,0,1,1,1,1,49,8,2999,2,2,-1,1,-1
201597NC02109,2,9,0,3,0,4,0,0,0,0,2,1,6,1,61,9,1984,1,10,-1,1,-1
201597NC02112,1,9,0,18,0,0,0,0,0,0,4,1,1,1,42,7,-1,-1,-1,-1,1,-1
201597NC02208,1,1,0,18,0,0,0,0,0,0,4,1,6,1,13,3,-1,-1,-1,-1,1,-1
201597NC02208,2,9,0,18,0,0,0,0,0,0,1,1,6,1,58,9,1686,2,4,-1,1,-1
201597NC02309,1,9,0,4,0,0,1,0,1,0,2,1,6,2,45,7,998,1,2,-1,1,-1
201597NC02309,2,19,0,18,0,0,0,0,0,0,1,1,6,1,31,6,1598,2,8,-1,1,-1
201597NC02405,1,9,0,18,0,0,0,0,0,0,1,1,2,1,32,6,1995,2,10,-1,1,-1
201597NC02405,2,9,0,18,0,0,0,0,0,0,2,1,2,1,42,7,1598,2,5,-1,2,-1
201597NC02405,3,9,0,18,0,0,0,0,0,0,2,1,2,2,47,8,3311,8,10,-1,1,-1
201597NC02507,1,9,0,2,0,0,0,0,0,0,3,1,6,3,73,10,1229,1,6,-1,2,-1
201597NC02507,2,1,0,14,0,0,0,0,0,0,4,1,6,1,35,6,-1,-1,-1,-1,2,-1
201597NC02509,1,9,0,18,0,2,5,0,0,0,4,1,6,2,45,7,1198,1,2,-1,1,-1
201597NC02511,1,9,0,9,0,6,0,0,0,0,2,1,2,2,50,8,1364,1,6,-1,1,-1
201597NC02511,2,9,0,11,0,2,0,0,0,0,1,1,6,2,52,8,1598,1,-1,-1,2,-1
201597NC02512,1,9,0,16,0,1,0,0,1,11,1,1,6,2,20,4,1242,1,7,-1,1,-1
201597NC02512,2,9,0,17,0,1,0,0,0,0,0,1,6,3,-1,-1,-1,-1,-1,-1,-1,-1
201597NC02609,1,19,0,18,0,0,0,0,0,0,1,1,6,1,29,6,-1,-1,-1,-1,-1,-1
201597NC02609,2,9,0,4,0,0,0,0,0,0,2,1,6,1,36,7,-1,-1,-1,-1,1,-1
201597NC02708,1,9,0,4,9,0,0,0,3,10,1,1,6,1,24,5,1149,1,7,-1,2,-1
201597NC02801,1,9,0,17,0,0,1,0,2,10,0,1,6,2,17,4,1398,1,5,-1,1,-1
201597NC02803,1,9,0,14,0,0,0,0,0,0,4,1,2,1,44,7,-1,-1,-1,-1,2,-1
201597NC02803,2,9,0,4,0,0,0,0,0,0,3,1,1,2,20,4,1598,2,3,-1,1,-1
201597NC02806,1,9,0,18,0,0,0,0,0,0,3,1,6,1,23,5,1229,1,3,-1,1,-1
201597NC02901,1,9,0,17,0,0,1,0,7,11,1,1,2,1,34,6,1560,2,5,-1,1,-1
201597NC02901,2,9,0,2,0,0,0,0,0,0,4,1,6,3,-1,-1,1896,2,12,-1,3,-1
201597NC02910,1,9,0,16,0,1,0,0,0,0,1,1,6,1,26,6,1248,1,-1,-1,1,-1
201597NC02910,2,9,0,10,0,1,0,0,0,0,2,1,3,2,67,10,1461,2,6,-1,1,-1
201597NC02911,1,9,0,9,0,8,0,0,0,0,1,1,6,1,62,9,1240,1,7,-1,3,-1
201597NC03007,1,19,0,18,0,4,0,0,0,0,1,1,6,1,40,7,-1,-1,-1,-1,-1,-1
201597NC03007,2,9,0,4,0,4,0,0,0,0,2,1,6,2,40,7,1339,1,6,-1,1,-1
201597NC03009,1,9,0,6,6,0,1,0,0,0,1,1,3,1,48,8,1686,2,4,-1,1,-1
201597NC03009,2,9,0,18,0,0,2,0,0,0,1,1,6,1,70,10,2987,2,5,-1,1,-1
201597NC03011,1,9,0,5,0,1,0,0,0,0,1,1,1,1,31,6,1248,2,1,-1,1,-1
201597NC03011,2,9,0,10,0,1,0,0,0,0,2,1,6,2,51,8,1242,1,3,-1,1,-1
201597NC03108,1,2,0,16,0,0,1,0,0,0,1,1,6,1,43,7,124,1,2,-1,1,-1
201597NC03108,2,9,0,17,0,0,0,0,0,0,3,1,6,2,29,6,1197,1,-1,-1,-1,-1
201597NC03309,1,9,0,9,0,1,0,0,0,0,4,1,1,2,47,8,1598,1,1,-1,1,-1
201597NC03309,2,9,0,18,0,1,0,0,0,0,1,1,6,2,70,10,1598,2,2,-1,2,-1
201597NC03310,1,9,0,12,0,7,0,0,0,0,1,2,6,1,26,6,1595,1,6,-1,1,-1
201597NC03310,2,9,0,12,7,7,0,0,0,0,2,2,2,2,38,7,2184,2,6,-1,3,-1
201597NC03406,1,9,0,18,0,0,2,0,7,3,1,1,6,1,28,6,1086,1,8,-1,1,-1
201597NC03510,1,9,0,11,0,0,0,0,0,0,4,1,6,3,30,6,1968,2,3,-1,1,-1
201597NC03510,2,5,0,18,0,0,0,0,0,0,3,1,2,1,37,7,996,1,17,-1,1,-1
201597NC03606,1,9,0,4,0,1,0,0,0,0,1,1,1,1,-1,-1,-1,-1,-1,-1,-1,-1
201597NC03610,1,9,0,18,0,0,0,0,0,0,1,1,6,1,17,4,1390,1,14,-1,2,-1
201597NC03708,1,11,0,7,0,3,0,0,0,0,4,1,1,1,50,8,-1,-1,-1,-1,-1,-1
201597NC03708,2,1,0,7,0,3,0,0,0,0,3,1,2,1,18,4,-1,-1,-1,-1,1,-1
201597NC04208,1,9,0,18,0,0,0,0,0,0,3,1,6,1,19,4,1242,1,8,-1,2,-1
201597NC04508,1,9,0,17,0,0,5,0,1,0,1,1,6,1,17,4,1299,1,12,-1,1,-1
201597NC70103,1,20,0,18,0,1,0,0,0,0,1,1,1,1,38,7,12000,2,10,-1,1,-1
201597NC70103,2,9,0,18,0,1,0,0,0,6,2,1,2,1,27,6,-1,-1,-1,-1,1,-1
201597NC70106,1,21,1,11,0,0,0,0,0,0,4,1,1,1,49,8,12777,2,5,-1,1,-1
201597NC70106,2,9,0,18,0,0,0,0,0,0,3,1,6,2,65,9,1582,2,4,-1,1,-1
201597NC70106,3,9,0,18,0,0,0,0,0,6,1,1,6,1,37,7,1598,2,3,-1,1,-1
201597NC70107,1,9,0,18,0,0,1,0,4,6,3,1,6,1,32,6,1995,2,8,-1,-1,-1
201597NC70109,1,9,0,18,0,8,0,0,0,0,1,1,2,1,36,7,1995,2,2,-1,1,-1
201597NC70109,2,9,0,18,0,8,0,0,0,0,2,1,2,1,23,5,1598,1,3,-1,1,-1
201597NC70110,1,9,0,3,0,7,0,0,0,0,1,1,6,1,36,7,3993,1,1,-1,3,-1
201597NC70110,2,9,0,3,0,1,0,0,0,0,2,1,6,1,59,9,1395,1,-1,-1,2,-1
201597NC70202,1,9,0,7,0,0,0,0,3,11,1,1,6,2,85,11,1198,1,9,-1,2,-1
201597NC70204,1,9,0,18,0,0,0,0,0,0,1,1,1,1,38,7,1560,2,2,-1,1,-1
201597NC70204,2,9,0,18,0,0,0,0,4,6,2,1,6,1,49,8,998,1,1,-1,1,-1
201597NC70208,1,9,0,18,0,0,2,0,4,6,3,1,1,2,29,6,1242,1,6,-1,3,-1
201597NC70302,1,9,0,18,0,1,5,0,0,7,4,1,6,2,68,10,1390,1,5,-1,-1,-1
201597NC70305,1,11,0,18,0,0,0,0,4,0,1,1,1,1,45,7,12000,2,7,-1,2,-1
201597NC70305,2,9,0,4,0,0,0,0,2,7,2,1,6,2,32,6,1149,1,2,-1,1,-1
201597NC70305,3,21,1,18,0,0,1,0,0,0,4,1,1,1,36,7,11705,2,3,-1,1,-1
201597NC70306,1,9,0,18,0,0,0,0,0,0,1,1,2,1,30,6,1388,1,15,-1,1,-1
201597NC70306,2,9,0,4,0,0,0,0,0,0,2,1,2,2,20,4,1242,1,6,-1,1,-1
201597NC70308,1,11,0,18,0,0,0,0,0,0,1,2,1,1,51,8,7300,2,10,-1,1,-1
201597NC70506,1,10,0,18,0,0,0,0,0,0,1,1,6,1,57,9,-1,-1,-1,-1,1,-1
201597NC70506,2,9,0,18,0,0,0,0,0,0,2,1,1,2,43,7,2179,2,2,-1,1,-1
201597NC70607,1,9,0,18,0,0,0,0,0,0,1,1,6,2,23,5,1360,1,12,-1,1,-1
201597NC70607,2,9,0,3,0,0,0,0,0,0,2,1,6,1,56,9,1995,2,6,-1,2,-1
201597ND00111,1,9,0,18,0,0,5,0,0,0,4,1,6,2,64,9,1598,1,12,-1,1,-1
201597ND00111,2,9,0,2,0,0,0,0,0,0,4,1,6,3,-1,-1,998,1,2,-1,-1,-1
201597ND00111,3,9,0,2,0,0,0,0,0,0,4,1,6,3,-1,-1,2143,2,1,-1,-1,-1
201597ND00205,1,9,0,18,0,0,0,0,0,0,1,1,3,2,65,9,1560,2,-1,-1,1,-1
201597ND00205,2,8,0,18,0,0,0,0,0,0,3,1,1,2,49,8,1997,2,5,-1,1,-1
201597ND00206,1,19,0,18,0,1,0,0,0,0,1,1,3,1,50,8,2148,2,7,-1,-1,-1
201597ND00206,2,8,0,3,0,1,0,0,0,0,2,1,6,1,34,6,1598,2,1,-1,1,-1
201597ND00305,1,9,0,5,0,4,0,0,0,0,1,1,6,1,73,10,2685,2,12,-1,1,-1
201597ND00305,2,1,0,18,0,3,0,0,0,0,2,1,6,1,27,6,-1,-1,-1,-1,1,-1
201597ND00311,1,19,0,9,0,8,0,0,0,0,4,1,1,1,54,8,1461,2,3,-1,-1,-1
201597ND00401,1,9,0,18,0,5,1,11,1,10,3,1,6,1,23,5,1968,2,7,-1,1,-1
201597ND00407,1,9,0,18,0,1,0,0,0,0,1,1,6,2,26,6,1461,2,3,-1,1,-1
201597ND00407,2,19,0,10,0,1,0,0,0,0,2,1,1,1,43,7,1560,2,2,-1,1,-1
201597ND00411,1,9,0,16,0,3,0,0,0,0,1,1,6,1,50,8,1229,1,3,-1,1,-1
201597ND00411,2,8,0,17,0,4,0,0,0,0,1,1,1,1,-1,-1,-1,-1,-1,-1,1,-1
201597ND00510,1,9,0,9,6,1,0,0,0,0,0,1,2,2,25,5,1248,2,6,-1,1,-1
201597ND00510,2,3,0,4,0,1,2,0,0,0,0,1,6,1,26,6,125,1,1,-1,1,-1
201597ND00602,1,19,0,9,0,8,0,0,0,0,1,1,1,1,49,8,2402,2,13,-1,1,-1
201597ND00602,2,19,0,18,0,8,0,0,1,1,1,1,1,1,49,8,2198,2,2,-1,1,-1
201597ND00605,1,9,0,18,0,0,0,0,0,0,1,1,6,1,18,4,-1,-1,-1,-1,-1,-1
201597ND00605,2,9,0,18,0,0,0,0,0,0,2,1,6,2,22,5,1206,1,6,-1,1,-1
201597ND00607,1,9,0,18,0,0,0,0,0,0,1,1,6,1,19,4,1242,1,1,-1,1,-1
201597ND00607,2,9,0,2,0,0,0,0,0,0,2,1,6,1,35,6,1968,2,4,-1,-1,-1
201597ND00611,1,9,0,18,0,0,0,0,0,0,4,1,6,3,-1,-1,-1,-1,-1,-1,-1,-1
201597ND00712,1,9,0,9,0,5,0,0,2,0,4,1,6,1,24,5,1598,1,2,-1,1,-1
201597ND00712,2,9,0,18,0,8,0,0,0,0,1,1,6,1,60,9,1461,2,-1,-1,1,-1
201597ND00801,1,19,0,17,0,0,0,0,0,0,1,1,6,1,25,5,1686,2,13,-1,1,-1
201597ND00801,2,9,0,16,0,0,0,0,0,0,1,1,6,2,54,8,1560,2,2,-1,1,-1
201597ND00811,1,9,0,14,0,2,0,0,0,0,1,1,6,1,23,5,1364,1,7,-1,-1,-1
201597ND00811,2,9,0,5,0,1,0,0,0,0,1,1,6,2,28,6,1248,2,11,-1,1,-1
201597ND00903,1,9,0,18,0,0,0,0,0,0,4,1,2,2,40,7,1461,2,1,-1,1,-1
201597ND00905,1,9,0,17,0,3,1,0,7,0,0,1,2,2,26,6,1242,1,12,-1,1,-1
201597ND00906,1,9,0,1,0,1,0,0,0,0,2,1,6,1,30,6,-1,-1,-1,-1,-1,-1
201597ND00906,2,9,0,2,0,1,0,0,0,0,1,1,2,1,48,8,1149,1,5,-1,1,-1
201597ND00908,1,9,0,18,0,1,0,0,0,0,4,2,6,1,26,6,1388,1,10,-1,1,-1
201597ND01003,1,19,0,4,0,1,0,0,0,0,2,1,2,1,27,6,2143,2,5,-1,1,-1
201597ND01003,2,9,0,18,0,1,1,0,0,0,1,1,1,1,37,7,1598,1,13,-1,-1,-1
201597ND01007,1,9,0,1,0,1,0,0,0,0,0,1,6,1,75,10,1396,1,10,-1,1,-1
201597ND01007,2,9,0,1,0,1,0,0,0,0,1,1,6,1,22,5,1242,1,9,-1,3,-1
201597ND01007,3,9,0,18,0,1,0,0,0,0,2,1,6,2,54,8,2179,2,2,-1,1,-1
201597ND01008,1,9,0,3,0,0,0,0,0,0,3,1,6,1,30,6,1598,1,11,-1,-1,-1
201597ND01008,2,9,0,18,0,0,0,0,0,0,1,1,6,2,28,6,1390,1,1,-1,1,-1
201597ND01102,1,19,0,18,0,8,0,9,0,1,1,1,6,1,41,7,1248,2,8,-1,1,-1
201597ND01102,2,9,0,18,0,8,0,0,0,0,3,1,6,1,66,10,1598,2,4,-1,1,-1
201597ND01107,1,19,0,18,0,8,0,0,0,0,3,1,2,1,28,6,2402,2,8,-1,1,-1
201597ND01107,2,9,0,18,0,8,0,0,0,0,4,1,6,2,63,9,1968,2,5,-1,1,-1
201597ND01108,1,20,0,7,0,6,0,0,0,0,3,1,6,1,30,6,-1,-1,-1,-1,1,-1
201597ND01108,2,1,0,18,0,8,0,0,0,0,4,1,6,1,42,7,-1,-1,-1,-1,1,-1
201597ND01109,1,9,0,9,0,1,0,0,0,0,1,2,6,1,68,10,1910,2,7,-1,1,-1
201597ND01109,2,1,0,18,0,1,0,0,0,0,4,1,6,1,40,7,-1,-1,-1,-1,-1,-1
201597ND01203,1,21,0,4,0,1,0,0,0,0,1,1,1,1,44,7,-1,-1,-1,-1,-1,-1
201597ND01203,2,9,0,3,0,1,0,0,0,0,2,1,6,1,62,9,1596,1,1,-1,1,-1
201597ND01203,3,9,0,3,0,1,0,0,0,0,2,1,2,2,55,8,1599,1,8,-1,1,-1
201597ND01203,4,9,0,10,0,1,0,0,0,0,2,1,1,2,46,8,1598,1,7,-1,-1,-1
201597ND01205,1,9,0,4,0,0,0,0,0,0,1,1,6,1,19,4,1390,1,3,-1,-1,-1
201597ND01205,2,9,0,4,0,0,0,0,0,0,2,1,6,2,62,9,1246,1,9,-1,1,-1
201597ND01208,1,9,0,16,0,1,0,0,0,0,1,1,6,1,31,6,1995,2,1,-1,1,-1
201597ND01208,2,9,0,16,0,1,0,0,0,0,2,1,2,1,43,7,-1,-1,-1,-1,1,-1
201597ND01208,3,9,0,16,0,1,0,0,0,0,2,1,6,1,51,8,-1,-1,-1,-1,1,-1
201597ND01209,1,9,0,9,0,1,0,0,0,0,3,1,2,1,39,7,-1,3,1,-1,1,-1
201597ND01209,2,9,0,18,0,1,0,0,0,0,3,1,2,1,39,7,1596,1,3,-1,1,-1
201597ND01212,1,9,0,5,0,6,0,0,0,0,1,1,6,1,51,8,1896,2,10,-1,1,-1
201597ND01212,2,3,0,18,0,8,0,0,0,0,1,1,6,1,52,8,198,1,14,-1,1,-1
201597ND01309,1,9,0,18,0,0,0,0,0,0,3,1,6,2,40,7,2993,2,4,-1,-1,-1
201597ND01309,2,9,0,13,0,0,0,0,0,0,4,1,6,2,32,6,1299,1,12,-1,1,-1
201597ND01311,1,9,0,18,0,0,0,0,0,0,2,1,2,1,53,8,3198,1,14,-1,1,-1
201597ND01311,2,9,0,18,0,0,0,0,0,0,1,1,2,1,28,6,1796,1,7,-1,1,-1
201597ND01405,1,9,0,9,0,1,0,0,0,0,1,1,6,1,39,7,1796,1,11,-1,1,-1
201597ND01405,2,9,0,18,0,1,0,0,0,0,2,1,6,1,32,6,-1,-1,-1,-1,1,-1
201597ND01602,1,9,0,9,0,8,0,0,0,0,1,1,1,2,52,8,998,1,9,-1,2,-1
201597ND01602,2,9,0,18,0,8,0,0,0,0,3,1,1,1,47,8,1242,1,3,-1,1,-1
201597ND01704,1,9,0,18,0,0,2,10,1,11,1,1,6,2,18,4,1242,1,7,-1,1,-1
201597ND01704,2,19,0,2,0,0,0,0,0,0,0,1,1,1,41,7,2198,2,8,-1,1,-1
201597ND01707,1,19,4,9,0,8,0,0,7,0,4,1,1,1,47,8,2198,2,2,-1,1,-1
201597ND01707,2,19,0,18,0,1,0,0,0,0,1,1,1,1,51,8,2198,2,1,-1,1,-1
201597ND01806,1,3,0,4,0,0,5,10,2,10,2,1,6,1,18,4,-1,-1,-1,-1,1,-1
201597ND01806,2,9,0,4,0,0,0,0,0,0,1,1,6,1,18,4,-1,-1,-1,-1,3,-1
201597ND02103,1,9,0,18,0,0,0,0,0,0,4,1,6,1,53,8,1199,2,2,-1,1,-1
201597ND02208,1,19,0,18,0,0,0,0,0,0,3,1,6,1,42,7,1896,2,6,-1,1,-1
201597ND02210,1,9,0,9,0,1,0,0,0,0,1,1,6,1,45,7,-1,-1,-1,-1,-1,-1
201597ND02210,2,1,0,18,0,1,0,0,0,0,4,1,1,1,37,7,-1,-1,-1,-1,1,-1
201597ND02303,1,9,0,18,0,0,0,0,0,0,1,1,2,1,22,5,1398,2,8,-1,1,-1
201597ND02303,2,9,0,18,0,0,0,0,0,0,1,1,2,2,53,8,1242,1,-1,-1,1,-1
201597ND02303,3,19,0,18,0,0,0,0,0,0,1,1,2,1,42,7,2198,2,2,-1,1,-1
201597ND02508,1,11,0,18,0,3,0,0,0,0,1,1,1,1,61,9,7300,1,11,-1,3,-1
201597ND02508,2,19,0,3,0,2,0,0,0,0,2,1,2,1,50,8,2496,2,18,-1,1,-1
201597ND02508,3,9,0,3,0,2,0,0,0,0,2,1,6,1,30,6,1398,2,3,-1,1,-1
201597ND02608,1,9,0,18,0,0,0,0,0,2,1,1,6,1,32,6,1124,1,12,-1,2,-1
201597ND70104,1,8,0,18,0,0,0,0,0,0,1,1,1,1,44,7,-1,-1,-1,-1,1,-1
201597ND70104,2,90,0,11,0,0,0,0,0,0,2,1,1,1,34,6,3319,2,1,-1,1,-1
201597ND70109,1,9,0,11,0,0,0,0,0,0,4,1,6,1,64,9,1956,2,1,-1,1,-1
201597ND70109,2,5,0,18,0,0,0,0,0,0,3,1,6,1,50,8,1284,1,8,-1,1,-1
201597ND70110,1,9,0,4,0,1,0,0,0,0,4,1,1,1,50,8,1560,2,3,-1,1,-1
201597ND70206,1,9,0,4,0,0,0,0,0,0,1,1,1,1,45,7,1598,1,-1,-1,1,-1
201597ND70206,2,19,0,18,0,0,0,0,0,6,2,1,1,1,49,8,1461,2,1,-1,3,-1
201597ND70207,1,9,0,9,0,8,0,0,0,0,3,1,6,2,60,9,1149,1,12,-1,1,-1
201597ND70207,2,9,0,18,0,8,0,0,0,0,1,1,6,2,41,7,-1,3,1,-1,1,-1
201597ND70209,1,9,0,4,0,0,0,0,0,0,1,1,6,2,35,6,1997,2,4,-1,1,-1
201597ND70209,2,9,0,4,0,0,0,0,0,0,2,1,6,1,64,9,1984,1,5,-1,1,-1
201597ND70209,3,9,0,4,0,0,0,0,0,0,2,1,6,2,19,4,1598,2,4,-1,1,-1
201597ND70210,1,9,0,18,0,4,5,0,3,4,1,1,6,1,30,6,3993,1,-1,-1,3,-1
201597ND70211,1,9,0,16,0,0,2,4,1,1,3,1,6,1,28,6,2198,2,10,-1,-1,-1
201597ND70211,2,9,0,2,0,0,0,0,0,0,3,1,6,1,30,6,1229,1,4,-1,-1,-1
201597ND70304,1,21,1,4,0,4,2,9,3,10,1,1,1,1,44,7,-1,-1,-1,-1,-1,-1
201597ND70310,1,21,1,11,0,0,0,0,0,0,1,1,1,1,51,8,12419,2,-1,-1,-1,-1