Accident_Index,Vehicle_Reference,Vehicle_Type,Towing_and_Articulation,Vehicle_Manoeuvre,Vehicle_Location-Restricted_Lane,Junction_Location,Skidding_and_Overturning,Hit_Object_in_Carriageway,Vehicle_Leaving_Carriageway,Hit_Object_off_Carriageway,1st_Point_of_Impact,Was_Vehicle_Left_Hand_Drive?,Journey_Purpose_of_Driver,Sex_of_Driver,Age_of_Driver,Age_Band_of_Driver,Engine_Capacity_(CC),Propulsion_Code,Age_of_Vehicle,Driver_IMD_Decile,Driver_Home_Area_Type,Vehicle_IMD_Decile
201597NE70711,3,9,0,3,0,0,0,0,0,0,2,1,2,2,43,7,1796,1,12,-1,2,-1
201597NE70711,4,19,0,1,0,0,0,0,0,0,1,1,6,1,37,7,1598,2,-1,-1,2,-1
201597NE70712,1,9,0,18,0,1,0,0,0,0,1,1,1,1,24,5,2231,2,7,-1,3,-1
201597NE70712,2,9,0,3,0,1,0,0,0,0,2,1,6,1,53,8,1598,2,4,-1,1,-1
201597NE70712,3,9,0,3,0,1,0,0,0,0,2,1,2,3,44,7,1618,1,2,-1,1,-1
201597NE70712,4,9,0,3,0,1,0,0,0,0,2,1,2,2,29,6,1596,1,7,-1,1,-1
201597NE70712,5,9,0,3,0,1,0,0,0,0,2,1,2,2,51,8,1400,1,9,-1,3,-1
201597NE70803,1,21,1,18,0,0,0,0,0,0,1,1,1,1,47,8,12777,2,5,-1,1,-1
201597QA00101,1,4,0,7,0,5,0,0,0,0,1,1,6,1,52,8,-1,-1,-1,-1,1,-1
201597QA00109,1,9,0,18,0,0,0,0,0,0,3,1,6,1,44,7,2143,2,-1,-1,3,-1
201597QA00109,2,1,0,18,0,0,0,0,0,0,2,1,6,1,47,8,-1,-1,-1,-1,1,-1
201597QA00112,1,9,0,3,0,3,0,0,0,0,1,1,2,2,33,6,1582,2,3,-1,1,-1
201597QA00112,2,9,0,5,0,3,0,0,0,0,2,1,2,1,39,7,1560,2,4,-1,-1,-1
201597QA00203,1,9,0,17,0,0,0,0,0,7,1,1,6,1,40,7,1910,2,10,-1,1,-1
201597QA00206,1,9,0,9,0,6,0,0,0,0,2,1,1,1,28,6,1584,1,10,-1,1,-1
201597QA00206,2,9,0,18,0,1,1,0,0,0,1,1,6,1,29,6,2198,1,13,-1,1,-1
201597QA00301,1,9,0,5,0,4,0,0,0,0,1,1,6,2,62,9,1386,1,6,-1,1,-1
201597QA00301,2,9,0,9,0,5,1,0,0,0,1,1,6,1,32,6,1229,1,7,-1,1,-1
201597QA00305,1,9,0,18,0,0,0,0,0,0,4,1,6,1,58,9,1248,1,4,-1,1,-1
201597QA00305,2,9,0,16,0,0,0,0,0,0,4,1,6,2,18,4,1149,1,1,-1,1,-1
201597QA00307,1,9,0,16,0,0,2,0,1,0,4,1,2,1,25,5,1198,1,5,-1,2,-1
201597QA00406,1,19,0,9,0,8,5,0,0,0,1,1,2,1,45,7,1248,2,4,-1,3,-1
201597QA00406,2,9,0,18,0,8,1,0,0,0,1,1,6,2,26,6,1108,1,6,-1,1,-1
201597QA00407,1,9,0,18,0,8,0,0,0,0,1,1,6,1,80,11,1997,2,9,-1,2,-1
201597QA00407,2,9,0,18,0,8,2,0,7,0,2,1,6,1,65,9,-1,-1,-1,-1,1,-1
201597QA00506,1,9,0,16,0,0,1,0,7,11,1,1,6,2,18,4,1299,1,13,-1,2,-1
201597QA00601,1,9,0,18,0,1,0,0,0,0,1,1,6,1,73,10,1598,1,2,-1,1,-1
201597QA00601,2,9,0,10,0,1,0,0,0,0,2,1,6,2,62,9,1364,1,7,-1,1,-1
201597QA00601,3,9,0,18,0,1,0,0,0,0,3,1,6,2,64,9,1598,2,1,-1,1,-1
201597QA00604,1,11,0,5,0,3,0,0,0,0,1,1,1,1,27,6,6696,2,2,-1,1,-1
201597QA00604,2,9,0,5,0,3,0,0,0,0,2,1,6,2,19,4,1242,1,13,-1,1,-1
201597QA00606,1,9,0,5,0,4,0,0,0,0,1,1,6,1,67,10,2204,2,10,-1,1,-1
201597QA00606,2,9,0,5,0,4,0,0,0,0,2,1,6,2,46,8,999,1,-1,-1,1,-1
201597QA00607,1,9,0,16,0,0,0,0,0,0,0,1,6,1,28,6,-1,-1,-1,-1,-1,-1
201597QA00607,2,1,0,16,0,0,0,0,1,3,3,1,6,1,62,9,-1,-1,-1,-1,2,-1
201597QA00609,1,9,0,16,0,0,0,0,0,0,1,1,6,1,78,11,-1,-1,-1,-1,1,-1
201597QA00609,2,9,0,17,0,0,0,0,0,0,1,1,6,2,36,7,2231,2,3,-1,1,-1
201597QA00610,1,9,0,18,0,3,0,0,0,0,1,1,6,2,73,10,1242,1,2,-1,-1,-1
201597QA00610,2,9,0,18,0,4,0,0,0,0,3,1,2,1,39,7,1686,2,1,-1,1,-1
201597QA00803,1,9,0,5,0,6,0,0,0,0,1,1,6,1,60,9,1560,2,1,-1,1,-1
201597QA00803,2,9,0,18,0,1,0,0,0,0,4,1,6,1,45,7,1296,1,9,-1,1,-1
201597QA00809,1,9,0,1,0,0,0,0,0,0,2,1,3,2,27,6,1997,2,1,-1,1,-1
201597QA00909,1,9,0,18,0,0,0,0,0,0,1,1,6,2,49,8,1560,2,6,-1,1,-1
201597QA01005,1,9,0,11,0,3,0,0,0,0,4,1,2,2,79,11,1242,1,1,-1,1,-1
201597QA01005,2,10,0,18,0,8,0,0,0,0,2,1,1,1,30,6,2999,2,3,-1,1,-1
201597QA01005,3,21,1,18,0,8,0,0,0,0,1,1,2,1,51,8,15607,2,7,-1,-1,-1
201597QA01007,1,9,0,9,0,0,0,0,0,0,4,1,6,2,49,8,1998,2,1,-1,3,-1
201597QA01007,2,1,0,18,0,0,0,0,0,0,0,1,6,1,39,7,-1,-1,-1,-1,1,-1
201597QA01101,1,9,0,17,0,1,1,0,0,0,1,1,6,1,17,4,1248,2,6,-1,3,-1
201597QA01108,1,4,0,18,0,0,1,0,0,0,1,1,6,1,49,8,1783,1,8,-1,1,-1
201597QA01108,2,9,0,4,0,0,0,0,0,0,2,1,6,1,76,11,998,1,3,-1,1,-1
201597QA01110,1,9,0,18,0,0,0,0,0,0,3,1,2,2,28,6,1364,1,7,-1,1,-1
201597QA01111,1,9,0,18,0,2,0,0,0,0,1,1,6,1,50,8,1596,1,8,-1,1,-1
201597QA01301,1,9,0,16,0,5,0,0,1,2,1,1,2,1,28,6,2204,2,6,-1,1,-1
201597QA01305,1,9,0,18,0,4,0,0,0,0,1,1,1,1,58,9,1998,1,8,-1,2,-1
201597QA01305,2,9,0,7,0,4,0,0,0,0,1,1,6,2,46,8,1600,1,14,-1,1,-1
201597QA01307,1,9,0,17,0,0,1,0,1,11,4,1,2,1,19,4,1398,1,-1,-1,2,-1
201597QA01401,1,9,0,18,0,4,0,0,0,10,1,1,6,1,75,10,-1,-1,-1,-1,1,-1
201597QA01403,1,9,0,18,0,0,1,0,1,2,1,1,6,1,72,10,1591,1,1,-1,1,-1
201597QA01405,1,9,0,11,0,0,0,0,0,0,3,1,6,1,70,10,2188,2,6,-1,2,-1
201597QA01405,2,9,0,18,0,0,0,0,0,0,1,1,6,1,41,7,1598,2,-1,-1,1,-1
201597QA01408,1,19,0,18,0,0,0,7,0,0,3,1,1,1,40,7,2299,2,1,-1,1,-1
201597QA01412,1,9,0,9,0,1,0,0,0,0,1,1,2,2,52,8,1999,1,10,-1,1,-1
201597QA01412,2,9,0,18,0,1,0,0,0,0,1,1,2,2,49,8,1248,1,-1,-1,1,-1
201597QA01504,1,9,0,13,0,0,0,0,0,0,3,1,6,2,37,7,1242,1,12,-1,1,-1
201597QA01504,2,19,0,1,0,0,0,0,0,0,4,1,1,1,29,6,1560,2,3,-1,1,-1
201597QA01510,1,9,0,9,0,1,0,0,0,0,3,1,6,3,40,7,-1,-1,-1,-1,-1,-1
201597QA01603,1,9,0,1,0,0,0,0,0,0,2,1,1,1,59,9,1598,2,1,-1,-1,-1
201597QA01604,1,5,0,18,0,0,0,0,7,9,3,1,6,1,26,6,599,1,9,-1,1,-1
201597QA01609,1,9,0,17,0,0,2,0,1,11,1,1,6,1,41,7,1753,2,7,-1,2,-1
201597QA01611,1,9,0,5,0,4,0,0,0,0,1,1,6,1,64,9,999,1,-1,-1,-1,-1
201597QA01611,2,1,0,18,0,3,0,0,0,0,4,1,2,2,44,7,-1,-1,-1,-1,-1,-1
201597QA01701,1,9,0,17,0,0,1,0,0,11,1,1,2,1,50,8,1968,2,3,-1,3,-1
201597QA01711,1,9,0,7,0,6,0,0,0,0,3,1,6,1,52,8,998,1,-1,-1,1,-1
201597QA01711,2,9,0,18,0,1,0,0,0,0,4,1,6,2,38,7,1461,2,1,-1,1,-1
201597QA01810,1,9,0,18,0,8,0,0,0,0,1,1,2,1,49,8,2830,2,19,-1,1,-1
201597QA01810,2,9,0,18,0,8,0,0,0,0,2,1,6,1,58,9,1998,2,9,-1,1,-1
201597QA01902,1,9,0,18,0,4,0,0,0,0,1,1,2,1,40,7,1798,1,10,-1,1,-1
201597QA01902,2,9,0,3,0,4,0,0,0,0,2,1,1,1,59,9,-1,-1,-1,-1,1,-1
201597QA01904,1,9,0,9,0,6,0,0,0,0,1,1,6,2,30,6,1242,1,5,-1,1,-1
201597QA01904,2,9,0,18,0,1,0,0,0,0,4,1,6,1,62,9,1560,2,1,-1,1,-1
201597QA02003,1,9,0,18,0,0,0,0,0,0,4,1,6,1,20,4,998,1,2,-1,1,-1
201597QA02102,1,9,0,5,0,1,0,0,0,0,1,1,2,1,32,6,1995,2,10,-1,-1,-1
201597QA02108,1,8,0,5,0,0,0,0,0,0,1,1,1,1,58,9,1598,2,3,-1,-1,-1
201597QA02111,1,9,0,4,0,0,0,0,0,0,1,1,6,1,24,5,1998,1,8,-1,1,-1
201597QA02111,2,9,0,3,0,0,0,0,0,0,2,1,6,2,68,10,1598,1,2,-1,1,-1
201597QA02111,3,9,0,3,0,0,0,0,0,0,2,1,6,1,38,7,1396,1,12,-1,1,-1
201597QA02202,1,9,0,4,0,0,0,0,0,0,1,1,6,1,27,6,1388,1,5,-1,1,-1
201597QA02202,2,9,0,4,0,0,0,0,0,0,2,1,6,2,69,10,1584,1,8,-1,1,-1
201597QA02204,1,9,0,16,0,0,0,0,0,0,1,1,6,1,33,6,-1,-1,-1,-1,1,-1
201597QA02204,2,9,0,17,0,0,0,0,0,0,1,1,6,2,22,5,1560,2,4,-1,2,-1
201597QA02205,1,9,0,17,6,0,1,0,1,11,1,1,6,2,41,7,1396,1,10,-1,2,-1
201597QA02209,1,9,0,8,0,1,0,0,0,0,3,1,6,1,37,7,1968,2,3,-1,1,-1
201597QA02209,2,9,0,5,0,2,0,0,0,0,3,1,6,2,47,8,1339,1,7,-1,1,-1
201597QA02307,1,9,0,5,0,4,1,0,0,0,1,1,6,2,40,7,2435,1,10,-1,3,-1
201597QA02307,2,9,0,5,0,3,5,0,0,0,4,1,6,2,24,5,1149,1,11,-1,-1,-1
201597QA02308,1,9,0,4,0,1,0,0,0,0,1,1,6,2,34,6,2143,2,6,-1,1,-1
201597QA02308,2,9,0,10,0,1,0,0,0,0,2,1,6,1,68,10,1596,1,3,-1,2,-1
201597QA02402,1,9,0,17,0,0,5,0,0,11,1,1,6,1,18,4,-1,-1,-1,-1,1,-1
201597QA02403,1,5,0,16,0,3,1,0,0,0,0,1,6,1,52,8,1157,1,17,-1,1,-1
201597QA02405,1,9,0,13,0,0,0,0,0,0,3,1,6,2,23,5,1797,8,5,-1,-1,-1
201597QA02408,1,9,0,18,0,0,0,0,0,0,1,1,2,1,27,6,1995,2,11,-1,1,-1
201597QA02408,2,9,0,3,0,0,0,0,0,0,2,1,6,2,62,9,1248,1,3,-1,1,-1
201597QA02502,1,9,0,9,0,6,0,0,0,0,1,1,6,2,36,7,-1,-1,-1,-1,1,-1
201597QA02502,2,3,0,18,0,8,0,0,0,0,4,1,1,1,22,5,-1,-1,-1,-1,1,-1
201597QA02503,1,9,0,16,0,0,0,4,0,0,2,1,6,2,24,5,973,1,13,-1,1,-1
201597QA02503,2,9,0,2,0,0,0,0,0,0,0,1,6,3,30,6,1956,2,3,-1,1,-1
201597QA02505,1,9,0,4,0,1,0,0,0,0,1,1,6,2,52,8,1598,1,4,-1,1,-1
201597QA02505,2,9,0,4,0,1,0,0,0,0,2,1,6,1,49,8,1968,2,1,-1,1,-1
201597QA02510,1,9,0,16,0,0,0,0,0,0,0,1,6,3,30,6,-1,-1,-1,-1,-1,-1
201597QA02510,2,9,0,17,0,0,0,0,1,4,4,1,6,1,18,4,1229,1,5,-1,2,-1
201597QA02511,1,9,0,16,0,0,5,0,0,4,1,1,6,1,20,4,1390,1,9,-1,1,-1
201597QA02602,1,9,0,17,0,0,0,0,0,0,1,1,6,2,38,7,1587,1,13,-1,1,-1
201597QA02602,2,9,0,18,0,0,0,0,0,0,1,1,6,1,76,11,1995,2,2,-1,1,-1
201597QA02610,1,19,0,10,0,1,0,0,0,0,3,1,6,1,25,5,2198,2,4,-1,1,-1
201597QA02610,2,9,0,18,0,1,0,0,0,0,4,1,6,2,54,8,1870,2,12,-1,1,-1
201597QA02612,1,9,0,18,0,1,0,0,0,0,1,1,6,1,70,10,1968,2,-1,-1,3,-1
201597QA02612,2,1,0,18,0,1,0,0,0,0,4,1,6,1,36,7,-1,-1,-1,-1,1,-1
201597QA02702,1,9,0,9,0,8,0,0,0,0,4,1,6,2,18,4,1582,2,1,-1,1,-1
201597QA02702,2,5,0,18,0,8,0,0,0,0,1,1,6,1,29,6,599,1,18,-1,1,-1
201597QA02808,1,9,0,12,0,1,0,0,0,0,4,1,6,2,25,5,998,1,1,-1,1,-1
201597QA02808,2,9,0,18,0,1,0,0,0,0,0,1,6,2,65,9,1598,1,7,-1,1,-1
201597QA02808,3,9,0,18,0,1,0,0,0,0,0,1,6,1,33,6,-1,-1,-1,-1,1,-1
201597QA02811,1,19,0,17,0,0,1,0,0,0,1,1,6,1,31,6,1753,2,13,-1,1,-1
201597QA02811,2,9,0,16,0,0,0,0,0,0,1,1,6,2,45,7,1598,1,3,-1,1,-1
201597QA02811,3,9,0,16,0,0,0,0,0,0,1,1,6,2,32,6,1686,2,8,-1,3,-1
201597QA02903,1,9,0,18,0,4,0,9,0,0,1,1,6,2,78,11,1242,1,9,-1,1,-1
201597QA02910,1,8,0,18,0,2,2,0,1,7,1,1,1,1,49,8,1598,2,2,-1,1,-1
201597QA03001,1,9,0,12,0,6,1,0,1,1,1,1,6,1,19,4,-1,-1,-1,-1,1,-1
201597QA03001,2,9,0,18,0,2,0,0,0,0,0,1,2,1,32,6,-1,-1,-1,-1,-1,-1
201597QA03003,1,9,0,5,0,1,0,0,0,0,1,1,6,1,35,6,-1,-1,-1,-1,-1,-1
201597QA03003,2,9,0,3,0,1,0,0,0,0,2,1,6,2,28,6,1242,1,8,-1,1,-1
201597QA03008,1,9,0,4,0,1,1,0,0,0,1,1,6,1,45,7,1796,1,2,-1,1,-1
201597QA03008,2,9,0,4,0,1,0,0,0,0,2,1,6,2,58,9,1248,2,6,-1,1,-1
201597QA03105,1,9,0,4,0,1,0,0,0,0,1,1,6,2,55,8,1390,1,16,-1,1,-1
201597QA03105,2,9,0,4,0,4,0,0,0,0,2,1,6,2,49,8,999,1,5,-1,1,-1
201597QA03109,1,9,0,18,0,0,0,0,0,0,3,1,6,2,50,8,1956,2,-1,-1,1,-1
201597QA03207,1,9,0,11,0,0,0,0,0,0,1,1,6,2,27,6,1400,1,15,-1,1,-1
201597QA03207,2,19,0,4,0,0,0,0,0,0,2,1,2,1,27,6,2198,2,1,-1,1,-1
201597QA03207,3,9,0,4,0,0,0,0,0,0,2,1,6,1,52,8,1560,2,2,-1,1,-1
201597QA03208,1,9,0,18,0,2,0,0,0,0,4,1,6,1,68,10,1995,2,5,-1,1,-1
201597QA03209,1,9,0,18,0,0,0,0,0,0,3,1,6,2,56,9,2188,2,6,-1,3,-1
201597QA03209,2,1,0,18,0,0,0,0,0,0,2,1,6,1,48,8,-1,-1,-1,-1,1,-1
201597QA03212,1,8,0,18,0,1,0,0,0,0,1,1,6,1,35,6,-1,-1,-1,-1,-1,-1
201597QA03212,2,9,0,10,0,1,0,0,0,0,2,1,6,2,27,6,1198,1,1,-1,1,-1
201597QA03305,1,19,0,17,0,0,1,0,7,11,4,1,1,1,19,4,2198,2,6,-1,1,-1
201597QA03305,2,19,0,18,0,0,0,0,0,0,1,1,6,1,30,6,-1,-1,-1,-1,1,-1
201597QA03402,1,9,0,12,0,6,0,0,0,0,3,1,6,1,90,11,1198,1,1,-1,1,-1
201597QA03402,2,9,0,18,0,1,0,0,4,2,4,1,6,2,21,5,1296,1,9,-1,1,-1
201597QA03407,1,9,0,18,9,5,0,10,3,4,1,1,6,1,30,6,2172,2,13,-1,1,-1
201597QA03411,1,9,0,13,0,0,1,0,1,1,1,1,6,1,32,6,2993,2,-1,-1,1,-1
201597QA03505,1,9,0,18,0,0,1,0,0,0,1,1,6,1,27,6,1753,2,13,-1,2,-1
201597QA03505,2,9,0,18,0,0,0,0,0,0,2,1,6,1,58,9,1229,1,2,-1,3,-1
201597QA03510,1,9,0,4,0,4,0,0,0,0,1,1,6,2,38,7,1560,2,4,-1,2,-1
201597QA03510,2,9,0,4,0,4,0,0,0,0,2,1,6,1,24,5,-1,-1,-1,-1,1,-1
201597QA03605,1,9,0,18,0,1,0,0,1,2,1,1,6,1,26,6,1795,1,15,-1,1,-1
201597QA03609,1,9,0,17,0,0,0,0,0,0,0,1,6,3,40,7,-1,-1,-1,-1,-1,-1
201597QA03609,2,9,0,16,0,0,0,4,0,0,1,1,3,2,44,7,1461,2,1,-1,1,-1
201597QA03609,3,9,0,2,0,0,0,0,0,0,2,1,6,3,30,6,-1,-1,-1,-1,-1,-1
201597QA03712,1,9,0,12,0,8,0,0,0,0,4,1,6,2,76,11,1360,1,7,-1,3,-1
201597QA03712,2,9,0,18,0,8,0,0,0,0,3,1,6,2,47,8,-1,-1,-1,-1,1,-1
201597QA04003,1,4,0,9,0,0,0,4,0,0,1,1,6,1,40,7,599,1,6,-1,1,-1
201597QA04003,2,9,0,2,0,0,0,0,0,0,3,1,6,3,30,6,-1,-1,-1,-1,1,-1
201597QA04401,1,9,0,16,0,0,1,0,0,2,1,1,6,2,21,5,1149,1,8,-1,-1,-1
201597QA04803,1,9,0,18,0,0,0,0,0,0,1,1,6,2,34,6,995,1,2,-1,1,-1
201597QA04803,2,1,0,18,0,0,0,0,0,0,1,1,2,1,56,9,-1,-1,-1,-1,1,-1
201597QA04903,1,9,0,13,0,0,0,0,0,0,1,1,6,3,30,6,-1,-1,-1,-1,-1,-1
201597QA04903,2,1,0,18,0,0,0,0,1,9,2,1,6,1,53,8,-1,-1,-1,-1,-1,-1
201597QA70102,1,9,0,18,0,0,0,0,0,0,4,1,6,1,40,7,1598,2,2,-1,1,-1
201597QA70102,2,1,0,18,0,0,0,0,0,0,3,1,6,1,30,6,-1,-1,-1,-1,1,-1
201597QA70104,1,5,0,16,0,0,0,0,0,0,1,1,6,1,49,8,955,1,13,-1,2,-1
201597QA70104,2,9,0,18,0,0,0,0,0,0,1,1,6,1,78,11,1596,1,1,-1,2,-1
201597QA70105,1,9,0,10,0,0,0,0,0,0,1,1,6,1,73,10,1229,1,5,-1,1,-1
201597QA70105,2,5,0,18,0,0,0,0,0,0,2,1,6,1,55,8,1690,1,2,-1,1,-1
201597QA70106,1,9,0,9,0,6,0,0,0,0,1,1,6,2,19,4,1248,1,1,-1,1,-1
201597QA70106,2,9,0,18,0,1,0,0,0,0,1,1,6,2,34,6,1229,1,10,-1,1,-1
201597QA70108,1,5,0,18,0,0,1,0,0,0,1,1,6,1,56,9,929,1,14,-1,1,-1
201597QA70108,2,11,0,4,0,0,0,0,0,0,2,1,1,1,34,6,4250,2,-1,-1,1,-1
201597QA70205,1,9,0,9,0,1,0,0,7,0,1,1,2,1,73,10,1396,1,3,-1,1,-1
201597QA70205,2,9,0,18,0,1,0,0,0,0,1,1,6,2,41,7,1199,1,11,-1,1,-1
201597QA70305,1,9,0,18,0,0,0,0,1,2,1,1,6,1,47,8,-1,-1,-1,-1,1,-1
201597QA70312,1,9,0,18,0,0,0,0,0,0,1,1,1,1,36,7,998,1,2,-1,-1,-1
201597QA70312,2,9,0,18,0,0,0,0,0,0,1,1,6,2,33,6,2204,2,8,-1,2,-1
201597QA70608,1,9,0,5,0,8,0,0,0,0,1,1,6,1,73,10,1398,1,5,-1,1,-1
201597QA70608,2,9,0,18,0,1,0,0,0,0,1,1,6,1,49,8,1587,1,10,-1,1,-1
201597QB00204,1,9,0,18,0,1,1,0,0,0,1,1,2,2,37,7,1598,1,4,-1,1,-1
201597QB00205,1,9,0,18,5,0,0,0,0,0,1,1,6,1,20,4,1598,1,9,-1,-1,-1
201597QB00205,2,1,0,18,5,0,0,0,0,0,0,1,6,1,30,6,-1,-1,-1,-1,1,-1
201597QB00206,1,9,0,9,0,1,0,7,7,0,3,1,6,1,84,11,796,1,13,-1,1,-1
201597QB00302,1,9,0,1,0,0,0,0,0,0,1,1,6,1,30,6,-1,-1,-1,-1,-1,-1
201597QB00304,1,9,0,18,0,8,0,0,0,0,1,1,6,1,30,6,-1,-1,-1,-1,-1,-1
201597QB00311,1,20,0,6,0,0,0,0,0,0,4,1,6,1,-1,-1,-1,-1,-1,-1,-1,-1
201597QB00508,1,9,0,18,9,8,0,0,1,2,1,1,6,1,26,6,1242,1,3,-1,1,-1
201597QB00606,1,9,0,18,0,1,0,0,0,0,1,1,6,2,51,8,1560,2,-1,-1,1,-1
201597QB00606,2,9,0,18,0,1,0,0,0,0,1,1,6,1,57,9,2148,2,6,-1,3,-1
201597QB00607,1,9,0,5,0,8,0,0,0,0,4,1,6,2,81,11,1339,1,2,-1,1,-1
201597QB00607,2,9,0,5,0,8,0,0,0,0,1,1,6,1,29,6,1398,1,4,-1,1,-1
201597QB00608,1,9,0,5,0,2,0,0,0,0,0,1,6,1,50,8,-1,-1,-1,-1,-1,-1
201597QB00608,2,5,0,4,0,2,1,0,0,0,0,1,6,1,36,7,645,1,14,-1,1,-1
201597QB00610,1,20,0,13,0,8,0,0,0,0,4,1,6,1,35,6,10837,2,-1,-1,2,-1
201597QB00610,2,9,0,18,0,8,0,0,0,0,3,1,6,2,68,10,2400,2,3,-1,3,-1
201597QB00705,1,9,0,18,0,0,1,0,1,1,1,1,2,1,27,6,1995,1,5,-1,1,-1
201597QB00709,1,9,0,18,0,3,0,0,1,7,1,1,6,2,69,10,998,1,1,-1,1,-1
201597QB00804,1,9,0,4,0,3,0,0,0,0,1,1,6,2,27,6,1398,1,-1,-1,-1,-1
201597QB00806,1,8,0,18,0,1,0,0,0,0,4,1,6,1,57,9,2499,2,8,-1,1,-1
201597QB00806,2,21,0,18,0,1,1,0,0,0,4,1,6,1,52,8,9200,2,4,-1,2,-1
201597QB00810,1,5,0,13,0,1,0,0,0,0,1,1,6,1,49,8,286,1,-1,-1,1,-1
201597QB00810,2,9,0,9,0,2,0,0,0,0,1,1,1,2,26,6,1598,1,7,-1,1,-1
201597QB00811,1,21,0,4,0,0,0,0,0,0,1,1,6,1,26,6,12419,2,2,-1,1,-1
201597QB00811,2,9,0,3,0,0,0,0,0,0,2,1,6,2,35,6,1995,1,6,-1,-1,-1
201597QB00902,1,9,0,18,0,0,0,0,0,0,1,1,6,1,78,11,1995,2,1,-1,3,-1
201597QB00902,2,1,0,18,0,0,0,0,0,0,2,1,6,1,44,7,-1,-1,-1,-1,1,-1
201597QB00902,3,1,0,18,0,0,0,0,0,0,2,1,6,1,39,7,-1,-1,-1,-1,1,-1
201597QB00902,4,1,0,18,0,0,0,0,0,0,2,1,6,1,47,8,-1,-1,-1,-1,1,-1
201597QB00902,5,1,0,18,0,0,0,0,0,0,2,1,6,1,51,8,-1,-1,-1,-1,3,-1
201597QB00904,1,1,0,18,0,0,0,0,0,0,3,1,6,1,36,7,-1,-1,-1,-1,1,-1
201597QB00904,2,9,0,18,0,0,0,0,0,0,1,1,1,1,38,7,1910,2,8,-1,1,-1
201597QB00906,1,19,0,18,7,0,0,0,2,4,1,1,2,1,37,7,1995,2,7,-1,1,-1
201597QB00908,1,9,0,18,0,1,0,0,0,0,1,1,6,1,76,11,1229,1,1,-1,1,-1
201597QB00908,2,9,0,18,0,1,0,0,0,0,3,1,6,1,39,7,1461,2,11,-1,1,-1
201597QB01001,1,9,0,5,0,6,0,0,0,0,1,1,6,2,35,6,1998,2,4,-1,1,-1
201597QB01001,2,9,0,18,0,2,0,0,0,0,4,1,6,2,22,5,1368,1,4,-1,1,-1
201597QB01009,1,9,0,18,0,0,0,0,0,0,4,1,6,2,18,4,1240,1,7,-1,1,-1
201597QB01105,1,9,0,5,0,6,0,0,0,0,3,1,6,1,73,10,1956,2,2,-1,2,-1
201597QB01107,1,9,0,18,0,0,0,0,0,0,1,1,6,2,39,7,1495,1,13,-1,1,-1
201597QB01108,1,9,0,6,0,0,0,0,0,1,4,1,6,1,35,6,1798,2,-1,-1,2,-1
201597QB01108,2,9,0,18,0,0,0,0,0,0,1,1,6,1,83,11,2143,2,4,-1,1,-1
201597QB01110,1,9,0,18,0,0,0,0,0,0,2,1,2,1,17,4,1329,1,3,-1,2,-1
201597QB01110,2,9,0,3,0,0,0,0,0,0,2,1,2,1,39,7,-1,-1,-1,-1,3,-1
201597QB01110,3,9,0,3,0,0,0,0,0,0,0,1,2,1,54,8,1968,2,1,-1,1,-1
201597QB01201,1,9,0,18,0,3,1,0,0,0,1,1,2,1,34,6,1910,2,7,-1,-1,-1
201597QB01208,1,9,0,1,0,1,0,0,0,0,2,1,2,2,32,6,1685,2,3,-1,1,-1
201597QB01211,1,9,0,9,0,6,0,0,0,0,3,1,6,1,37,7,1598,1,10,-1,-1,-1
201597QB01211,2,9,0,18,0,1,0,0,0,0,3,1,2,1,48,8,1560,2,1,-1,1,-1
201597QB01301,1,9,0,5,0,0,0,0,0,0,4,1,6,2,18,4,1582,2,1,-1,1,-1
201597QB01308,1,9,0,4,0,0,0,0,0,0,1,1,6,1,50,8,1600,2,5,-1,2,-1
201597QB01308,2,9,0,4,0,0,0,0,0,0,2,1,6,2,46,8,1362,1,2,-1,3,-1
201597QB01308,3,9,0,13,0,0,0,0,0,0,2,1,6,1,44,7,1598,2,1,-1,1,-1
201597QB01406,1,9,0,15,0,2,0,0,1,0,1,1,6,1,31,6,1461,2,1,-1,1,-1
201597QB01406,2,9,0,7,0,2,0,0,1,10,4,1,6,2,48,8,1997,2,5,-1,1,-1
201597QB01408,1,9,0,5,0,8,0,0,0,0,3,1,6,1,47,8,1587,1,14,-1,1,-1
201597QB01408,2,5,0,5,0,8,0,0,0,0,1,1,6,1,45,7,-1,-1,-1,-1,-1,-1
201597QB01410,1,9,0,5,0,0,0,0,0,0,3,1,6,2,46,8,2143,2,4,-1,3,-1
201597QB01410,2,9,0,18,0,0,0,0,0,0,4,1,2,2,24,5,1598,1,3,-1,1,-1
201597QB01411,1,9,0,4,0,0,0,0,0,0,1,1,6,1,45,7,1595,2,5,-1,1,-1
201597QB01503,1,9,0,18,0,0,0,0,0,0,4,1,6,3,30,6,-1,-1,-1,-1,-1,-1
201597QB01511,1,9,0,18,0,0,0,0,0,0,1,1,6,1,19,4,1198,1,1,-1,1,-1
201597QB01511,2,9,0,18,0,0,0,0,0,0,2,1,6,2,28,6,1242,1,1,-1,-1,-1
201597QB01512,1,9,0,17,0,2,0,0,0,0,4,1,6,2,27,6,2204,2,7,-1,2,-1
201597QB01602,1,9,0,18,0,0,0,0,0,0,4,1,6,1,27,6,1910,2,10,-1,1,-1
201597QB01609,1,9,0,5,0,4,0,0,0,0,1,1,6,1,21,5,1461,2,-1,-1,1,-1
201597QB01611,1,19,0,6,0,3,0,0,1,0,0,1,6,3,30,6,-1,-1,-1,-1,-1,-1
201597QB01702,1,9,0,18,0,0,0,0,0,6,1,1,6,1,58,9,1582,2,5,-1,1,-1