Accident_Index,Vehicle_Reference,Vehicle_Type,Towing_and_Articulation,Vehicle_Manoeuvre,Vehicle_Location-Restricted_Lane,Junction_Location,Skidding_and_Overturning,Hit_Object_in_Carriageway,Vehicle_Leaving_Carriageway,Hit_Object_off_Carriageway,1st_Point_of_Impact,Was_Vehicle_Left_Hand_Drive?,Journey_Purpose_of_Driver,Sex_of_Driver,Age_of_Driver,Age_Band_of_Driver,Engine_Capacity_(CC),Propulsion_Code,Age_of_Vehicle,Driver_IMD_Decile,Driver_Home_Area_Type,Vehicle_IMD_Decile
201597QB71012,1,9,0,18,0,0,0,0,0,0,1,1,1,1,28,6,1149,1,1,-1,1,-1
201597QB71012,2,9,0,18,0,0,0,0,0,0,2,1,1,2,23,5,-1,-1,-1,-1,1,-1
201597QB71203,1,9,0,16,0,1,0,0,5,7,1,1,6,2,26,6,1560,2,8,-1,1,-1
201597QB71207,1,9,0,18,6,0,0,0,1,0,1,1,2,1,24,5,1242,1,2,-1,-1,-1
201597QB71210,1,9,0,9,0,6,0,0,0,0,1,1,6,2,53,8,1997,2,4,-1,3,-1
201597QB71210,2,11,0,18,0,1,0,0,7,0,1,1,1,2,43,7,7300,2,3,-1,1,-1
201597QB71410,1,9,0,18,0,0,0,0,0,0,1,1,6,1,48,8,1995,2,4,-1,2,-1
201597QB71512,1,9,0,12,0,0,0,0,0,0,0,1,2,3,-1,-1,-1,-1,-1,-1,-1,-1
201597QB71512,2,9,0,18,0,0,1,0,0,0,2,1,6,1,58,9,1686,2,4,-1,3,-1
201597QB71512,3,9,0,18,0,0,1,0,0,0,1,1,6,1,24,5,-1,-1,-1,-1,-1,-1
201597QB71512,4,9,0,18,0,0,1,0,0,0,1,1,6,1,62,9,1598,1,9,-1,-1,-1
201597QB71701,1,9,0,18,0,0,0,0,0,0,1,1,2,2,65,9,1995,2,2,-1,3,-1
201597QB71701,2,9,0,18,0,0,0,0,0,0,2,1,2,2,49,8,1796,1,12,-1,1,-1
201597QB71701,3,9,0,18,0,0,0,0,0,0,2,1,2,2,38,7,1997,1,3,-1,1,-1
201597QB71712,1,9,0,4,0,0,0,0,0,0,1,1,2,1,23,5,1364,1,5,-1,1,-1
201597QB71712,2,9,0,3,0,0,0,0,0,0,2,1,6,2,44,7,1332,1,10,-1,1,-1
201597QB71712,3,21,1,4,0,0,0,0,0,0,2,1,1,1,52,8,-1,-1,-1,-1,-1,-1
201597QB72001,1,9,0,18,0,0,0,0,0,0,1,1,2,2,34,6,-1,-1,-1,-1,-1,-1
201597QB72001,2,9,0,3,0,0,0,0,0,0,2,1,1,1,23,5,1995,2,6,-1,1,-1
201597QC00105,1,9,0,18,0,0,0,0,0,0,1,1,2,2,50,8,1364,2,3,-1,3,-1
201597QC00105,2,9,0,2,0,0,0,0,0,0,2,1,2,1,47,8,-1,-1,-1,-1,3,-1
201597QC00112,1,9,0,17,0,0,1,0,7,9,3,1,2,1,31,6,2993,2,2,-1,-1,-1
201597QC00208,1,9,0,16,0,0,5,10,0,4,4,1,6,1,18,4,1390,1,13,-1,1,-1
201597QC00208,2,9,0,17,0,0,0,0,0,0,3,1,6,2,35,6,1686,2,3,-1,3,-1
201597QC00209,1,9,0,10,0,1,0,0,0,0,1,1,6,1,67,10,2000,2,9,-1,1,-1
201597QC00209,2,5,0,18,0,1,0,0,0,0,4,1,6,1,63,9,850,1,16,-1,1,-1
201597QC00212,1,9,0,18,0,0,2,0,7,10,1,1,6,1,72,10,1198,1,5,-1,2,-1
201597QC00306,1,9,0,17,0,0,0,0,0,0,1,1,6,1,24,5,1248,2,8,-1,1,-1
201597QC00306,2,9,0,18,0,0,0,0,0,0,1,1,2,2,44,7,1598,2,3,-1,1,-1
201597QC00310,1,9,0,18,0,2,5,4,0,0,4,1,2,2,20,4,1149,1,7,-1,3,-1
201597QC00310,2,9,0,2,0,2,0,0,0,0,4,1,6,3,30,6,998,1,10,-1,3,-1
201597QC00410,1,9,0,16,0,0,5,0,0,0,3,1,6,1,19,4,1199,1,11,-1,1,-1
201597QC00506,1,9,0,18,0,0,0,0,0,0,1,1,1,2,29,6,1560,2,1,-1,3,-1
201597QC00506,2,9,0,4,0,0,0,0,0,0,2,1,1,2,65,9,1586,1,4,-1,3,-1
201597QC00506,3,9,0,4,0,0,0,0,0,0,2,1,6,1,63,9,999,1,1,-1,3,-1
201597QC00510,1,9,0,13,0,0,0,0,0,0,1,1,6,1,34,6,1299,1,14,-1,1,-1
201597QC00510,2,20,4,18,0,0,0,0,0,0,2,1,1,1,49,8,-1,-1,-1,-1,-1,-1
201597QC00607,1,9,0,7,0,0,0,7,0,10,1,1,6,1,23,5,2000,1,15,-1,1,-1
201597QC00610,1,5,0,18,0,1,2,9,3,1,1,1,6,1,56,9,1050,1,7,-1,1,-1
201597QC00612,1,9,0,7,0,8,0,0,0,0,1,1,6,1,23,5,1368,1,4,-1,3,-1
201597QC00704,1,9,0,17,0,0,2,0,0,2,1,1,1,1,28,6,-1,-1,-1,-1,3,-1
201597QC00706,1,8,0,4,0,8,0,0,0,0,1,1,1,1,54,8,-1,-1,-1,-1,-1,-1
201597QC00711,1,9,0,17,0,0,1,0,7,4,3,1,2,2,60,9,998,1,4,-1,3,-1
201597QC00806,1,9,0,7,0,6,0,0,0,0,1,1,6,1,43,7,1242,1,17,-1,2,-1
201597QC00806,2,9,0,18,0,1,0,0,0,0,4,1,3,2,41,7,1998,2,1,-1,2,-1
201597QC00808,1,9,0,18,0,0,5,0,0,11,1,1,6,2,51,8,1149,1,12,-1,2,-1
201597QC01003,1,21,1,18,0,0,5,0,1,0,4,1,1,1,36,7,12740,2,4,-1,1,-1
201597QC01004,1,9,0,18,0,0,0,0,7,3,1,1,6,1,17,4,1229,1,4,-1,3,-1
201597QC01009,1,9,0,18,0,1,0,0,0,0,1,1,6,2,89,11,999,1,1,-1,3,-1
201597QC01009,2,9,0,10,0,2,0,0,0,0,2,1,6,2,41,7,2993,2,1,-1,3,-1
201597QC01010,1,1,0,7,0,1,0,0,0,0,1,1,6,1,45,7,-1,-1,-1,-1,1,-1
201597QC01010,2,9,0,18,0,1,0,0,0,0,3,1,6,2,66,10,1560,2,3,-1,1,-1
201597QC01104,1,9,0,18,0,0,0,0,0,0,1,1,1,2,24,5,998,1,6,-1,1,-1
201597QC01104,2,9,0,18,0,0,0,0,0,0,1,1,1,1,56,9,1968,2,3,-1,1,-1
201597QC01201,1,9,0,18,0,1,0,0,0,0,1,1,6,1,28,6,1998,1,12,-1,1,-1
201597QC01201,2,9,0,10,0,1,0,0,0,0,2,1,6,2,33,6,1396,1,1,-1,3,-1
201597QC01302,1,9,0,18,0,0,0,0,0,0,1,1,6,2,77,11,1242,1,4,-1,1,-1
201597QC01302,2,19,0,4,0,0,0,0,0,0,2,1,1,1,51,8,2402,2,8,-1,3,-1
201597QC01303,1,9,0,18,0,0,0,0,7,0,3,1,6,1,71,10,2199,2,-1,-1,1,-1
201597QC01303,2,9,0,16,0,0,0,0,1,1,3,1,6,1,26,6,1229,1,6,-1,3,-1
201597QC01303,3,9,0,16,0,0,0,0,0,0,1,1,6,2,54,8,1461,2,10,-1,3,-1
201597QC01306,1,9,0,13,0,0,0,0,0,0,4,1,6,1,58,9,1951,2,13,-1,1,-1
201597QC01306,2,1,0,9,0,0,0,0,0,0,2,1,6,1,55,8,-1,-1,-1,-1,3,-1
201597QC01307,1,9,0,13,0,8,1,10,0,0,1,1,6,1,32,6,1341,1,11,-1,3,-1
201597QC01307,2,9,0,10,0,1,0,0,0,0,3,1,6,1,35,6,1968,2,5,-1,1,-1
201597QC01307,3,9,0,18,0,1,0,0,0,0,3,1,6,1,45,7,1997,2,6,-1,-1,-1
201597QC01401,1,9,0,4,0,1,0,0,0,0,0,1,6,1,21,5,-1,-1,-1,-1,1,-1
201597QC01401,2,9,0,4,0,1,0,0,0,0,0,1,6,2,44,7,998,1,1,-1,1,-1
201597QC01406,1,9,0,9,0,7,0,0,0,0,3,1,6,2,26,6,1796,1,9,-1,2,-1
201597QC01406,2,9,0,17,0,1,0,0,0,0,4,1,6,2,18,4,1197,1,3,-1,2,-1
201597QC01407,1,9,0,4,0,0,0,0,0,0,1,1,6,1,46,8,1598,1,14,-1,1,-1
201597QC01407,2,9,0,4,0,0,0,0,0,0,2,1,6,2,23,5,1461,2,2,-1,2,-1
201597QC01508,1,5,0,4,0,0,1,0,7,9,4,1,6,1,45,7,988,1,12,-1,1,-1
201597QC01612,1,9,0,18,0,0,0,0,0,0,1,1,6,1,19,4,1229,1,2,-1,3,-1
201597QC01703,1,9,0,9,0,8,0,0,0,0,1,1,6,1,80,11,1997,2,3,-1,2,-1
201597QC01703,2,9,0,18,0,8,0,0,0,0,3,1,6,1,67,10,1686,2,6,-1,3,-1
201597QC01710,1,9,0,9,0,8,0,0,0,0,4,1,6,1,43,7,1596,1,11,-1,3,-1
201597QC01710,2,9,0,18,0,8,0,0,0,0,1,1,6,2,81,11,1396,1,12,-1,3,-1
201597QC01801,1,9,0,18,0,0,2,0,2,11,3,1,6,2,35,6,-1,-1,-1,-1,1,-1
201597QC01803,1,1,0,7,0,2,0,0,0,0,0,1,6,1,9,2,-1,-1,-1,-1,3,-1
201597QC01803,2,9,0,18,0,2,0,0,0,0,3,1,6,1,33,6,1896,2,10,-1,3,-1
201597QC01804,1,9,0,17,0,0,2,0,8,4,3,1,6,2,22,5,998,1,3,-1,3,-1
201597QC01806,1,9,0,18,0,0,0,0,0,0,1,1,6,1,46,8,1364,1,6,-1,3,-1
201597QC01806,2,9,0,3,0,0,0,0,0,0,2,1,6,1,27,6,1590,1,10,-1,1,-1
201597QC01806,3,9,0,3,0,0,0,0,0,0,2,1,6,1,40,7,-1,-1,-1,-1,1,-1
201597QC01905,1,9,0,1,0,1,0,0,0,0,2,1,6,1,54,8,1686,2,8,-1,2,-1
201597QC01910,1,9,0,18,0,1,0,0,0,0,1,1,2,1,42,7,-1,-1,-1,-1,1,-1
201597QC01910,2,9,0,10,0,1,0,0,0,0,2,1,2,2,41,7,998,1,6,-1,3,-1
201597QC02003,1,9,0,17,0,0,5,0,6,11,1,1,1,1,54,8,2204,2,10,-1,1,-1
201597QC02011,1,19,0,18,0,0,0,0,7,11,1,1,6,2,36,7,2151,2,13,-1,1,-1
201597QC02203,1,9,0,18,0,0,0,0,0,0,3,1,6,1,18,4,1229,1,-1,-1,1,-1
201597QC02209,1,9,0,18,0,0,5,0,8,4,1,1,2,1,63,9,1461,2,2,-1,1,-1
201597QC02308,1,9,0,5,0,0,0,0,0,0,1,1,6,2,57,9,1199,1,12,-1,3,-1
201597QC02402,1,9,0,18,0,1,0,0,0,0,1,1,2,1,22,5,-1,-1,-1,-1,3,-1
201597QC02402,2,9,0,3,0,1,0,0,0,0,2,1,2,2,27,6,1349,1,3,-1,3,-1
201597QC02403,1,9,0,9,0,1,0,0,0,0,1,1,2,2,44,7,1197,1,2,-1,3,-1
201597QC02403,2,9,0,5,0,1,0,0,0,0,3,1,2,2,28,6,-1,-1,-1,-1,-1,-1
201597QC02403,3,9,0,2,6,1,0,0,0,0,1,1,1,1,50,8,-1,-1,-1,-1,-1,-1
201597QC02503,1,9,0,16,0,0,5,0,0,4,4,1,6,2,62,9,-1,-1,-1,-1,3,-1
201597QC02508,1,9,0,18,0,0,0,0,0,0,4,2,6,1,24,5,-1,-1,-1,-1,1,-1
201597QC02508,2,9,0,18,0,0,0,0,0,0,3,1,6,1,49,8,1968,2,6,-1,2,-1
201597QC02610,1,9,0,10,0,1,0,0,0,0,1,1,1,1,21,5,-1,-1,-1,-1,1,-1
201597QC02610,2,9,0,10,0,1,0,0,0,0,2,1,2,2,30,6,1685,2,2,-1,1,-1
201597QC02703,1,9,0,16,0,0,0,0,0,0,0,1,3,2,29,6,1997,2,6,-1,3,-1
201597QC02706,1,19,0,4,0,1,0,0,0,0,1,1,1,1,27,6,2198,2,-1,-1,-1,-1
201597QC02706,2,9,0,3,0,1,0,0,0,0,2,1,2,1,22,5,998,1,17,-1,3,-1
201597QC02706,3,19,0,3,0,1,1,0,0,0,2,1,1,1,53,8,2287,2,5,-1,1,-1
201597QC02810,1,9,0,16,0,0,0,0,7,0,1,1,6,1,31,6,1582,2,4,-1,1,-1
201597QC02811,1,9,4,18,0,0,0,0,0,0,4,1,6,1,81,11,2198,2,3,-1,3,-1
201597QC02911,1,9,0,18,0,1,0,0,0,0,1,1,6,1,21,5,1968,2,7,-1,3,-1
201597QC02911,2,9,0,3,0,1,0,0,0,0,2,1,6,2,31,6,1560,2,1,-1,1,-1
201597QC02911,3,9,0,10,0,1,0,0,0,0,2,1,6,2,19,4,-1,-1,-1,-1,3,-1
201597QC03111,1,9,0,4,0,1,2,0,1,9,4,1,6,1,24,5,1197,1,3,-1,3,-1
201597QC03208,1,9,0,4,0,0,0,0,0,0,2,1,6,1,72,10,1968,2,9,-1,1,-1
201597QC03208,2,9,0,18,0,0,0,0,0,0,1,1,6,1,55,8,1596,1,-1,-1,1,-1
201597QC03411,1,9,0,16,0,0,1,10,1,11,1,1,6,1,44,7,1390,1,9,-1,3,-1
201597QC03608,1,9,0,18,0,1,0,0,0,0,1,1,6,1,25,5,1800,1,15,-1,3,-1
201597QC03608,2,9,0,3,0,1,0,0,0,0,2,1,1,1,42,7,1248,2,1,-1,-1,-1
201597QC03808,1,9,0,18,0,0,5,0,1,0,4,1,2,1,42,7,1596,1,12,-1,-1,-1
201597QC04201,1,9,0,18,0,0,0,0,0,0,0,1,6,1,34,6,1995,2,2,-1,3,-1
201597QC70104,1,5,0,17,0,0,1,0,7,11,1,1,6,1,58,9,1649,1,1,-1,1,-1
201597QC70104,2,9,0,17,0,0,1,0,7,11,1,1,6,1,33,6,-1,-1,-1,-1,1,-1
201597QC70109,1,9,0,18,0,0,0,0,0,0,1,1,6,2,22,5,998,1,3,-1,3,-1
201597QC70109,2,9,0,18,0,0,5,0,1,0,2,1,2,1,22,5,1229,1,5,-1,3,-1
201597QC70111,1,9,0,18,0,7,0,0,1,0,1,1,6,1,57,9,1896,2,9,-1,1,-1
201597QC70111,2,9,0,18,0,7,0,0,0,0,2,1,6,1,78,11,1108,1,7,-1,1,-1
201597QC70203,1,9,0,18,0,0,0,10,0,0,3,1,2,2,21,5,1368,1,6,-1,-1,-1
201597QC70203,2,9,0,18,0,0,0,0,1,0,4,1,2,1,28,6,-1,-1,-1,-1,1,-1
201597QC70205,1,9,0,18,0,1,0,0,0,0,1,1,6,1,71,10,1997,2,-1,-1,2,-1
201597QC70206,1,19,0,18,0,0,2,0,1,11,1,1,6,1,66,10,1995,2,5,-1,3,-1
201597QC70209,1,4,0,16,0,0,0,0,7,0,4,1,6,1,65,9,-1,-1,-1,-1,3,-1
201597QC70303,1,9,0,16,0,1,1,0,1,6,4,1,2,1,32,6,1390,1,11,-1,3,-1
201597QC70309,1,21,1,18,0,0,0,0,0,0,1,1,1,1,54,8,12809,2,-1,-1,1,-1
201597QC70309,2,19,0,3,0,0,5,0,0,0,2,1,6,2,46,8,2143,2,2,-1,1,-1
201597QC70309,3,9,0,3,0,0,0,0,0,0,2,1,6,1,19,4,1229,1,5,-1,-1,-1
201597QC70401,1,9,0,18,0,0,5,0,5,4,1,1,6,1,55,8,-1,-1,-1,-1,1,-1
201597QC70407,1,9,0,18,0,0,5,0,2,10,4,1,6,2,26,6,2616,1,11,-1,1,-1
201597QC70407,2,21,1,18,0,0,0,1,0,0,1,2,1,1,38,7,-1,-1,-1,-1,-1,-1
201597QC70408,1,9,0,18,0,0,2,0,1,7,1,1,6,1,30,6,2172,2,12,-1,-1,-1
201597QC70410,1,9,0,13,0,0,0,0,0,0,0,1,6,3,30,6,-1,-1,-1,-1,-1,-1
201597QC70410,2,9,0,18,0,0,0,0,4,6,1,1,6,1,29,6,1796,1,7,-1,1,-1
201597QC70410,3,9,0,18,0,0,0,0,0,0,3,1,6,1,53,8,2987,2,1,-1,1,-1
201597QC70410,4,9,0,18,0,0,0,0,0,0,3,1,6,1,67,10,-1,-1,-1,-1,1,-1
201597QC70501,1,21,1,18,0,0,5,0,4,6,3,1,1,1,42,7,11967,2,4,-1,-1,-1
201597QC70502,1,9,0,17,0,0,2,0,1,11,4,1,1,1,31,6,1995,2,2,-1,3,-1
201597QC70503,1,9,0,16,0,1,0,0,0,0,1,1,2,1,33,6,1991,2,9,-1,1,-1
201597QC70503,2,21,0,2,0,1,0,0,0,0,2,1,1,1,40,7,-1,-1,-1,-1,-1,-1
201597QC70503,3,19,0,18,0,1,0,0,0,0,4,1,1,1,46,8,5880,2,9,-1,1,-1
201597QC70507,1,9,0,17,0,3,1,0,7,11,1,1,6,1,17,4,1198,1,9,-1,3,-1
201597QC70510,1,9,0,16,0,0,2,7,1,1,1,1,6,2,61,9,1149,1,2,-1,-1,-1
201597QC70603,1,9,0,16,0,2,1,4,0,6,4,1,6,1,70,10,2993,2,5,-1,1,-1
201597QC70603,2,9,0,2,6,2,0,4,0,6,3,1,1,3,40,7,-1,-1,-1,-1,1,-1
201597QC70605,1,21,1,18,0,0,0,0,0,0,1,1,1,1,49,8,15607,2,7,-1,2,-1
201597QC70605,2,21,1,18,0,0,0,0,0,0,2,2,1,1,45,7,-1,-1,-1,-1,-1,-1
201597QC70609,1,9,0,13,0,0,0,0,0,0,1,1,1,1,20,4,1349,1,3,-1,1,-1
201597QC70609,2,9,0,18,0,0,0,0,1,0,1,1,6,1,19,4,-1,-1,-1,-1,3,-1
201597QC70611,1,9,0,18,0,0,2,0,1,9,1,1,6,1,29,6,3436,1,1,-1,1,-1
201597QC70709,1,5,0,18,0,0,1,0,4,0,3,1,6,1,69,10,643,1,29,-1,1,-1
201597QC70804,1,19,0,11,0,0,0,0,0,0,1,1,1,1,28,6,2148,2,6,-1,1,-1
201597QC70804,2,21,1,18,0,0,0,0,0,0,2,1,1,1,43,7,-1,-1,-1,-1,-1,-1
201597QC71011,1,9,0,18,0,0,0,0,0,0,1,1,1,1,56,9,1796,1,7,-1,1,-1
201597QC71011,2,20,1,18,0,0,0,0,0,0,3,1,1,1,38,7,-1,-1,-1,-1,-1,-1
201597QC71012,1,9,0,18,0,0,1,0,0,0,4,1,6,2,28,6,1399,2,3,-1,-1,-1
201597QC71012,2,19,0,18,0,0,0,0,0,0,3,1,6,1,55,8,2198,2,3,-1,1,-1
201597QC71012,3,9,0,18,0,0,1,0,0,0,2,1,6,1,30,6,-1,-1,-1,-1,3,-1
201597QC71012,4,9,0,18,0,0,1,0,0,0,1,1,6,1,73,10,1896,2,12,-1,3,-1
201597QC71012,5,9,0,18,0,0,0,0,1,11,3,1,6,1,53,8,2967,2,4,-1,-1,-1
201597QC71103,1,5,0,16,0,0,1,0,0,0,3,1,6,1,46,8,-1,-1,-1,-1,3,-1
201597QC71103,2,9,0,17,0,0,1,0,0,0,1,1,6,1,51,8,1461,2,-1,-1,3,-1
201597QC71303,1,5,0,16,0,1,1,6,7,10,3,1,6,1,54,8,1170,1,2,-1,1,-1
201597QC71311,1,9,0,11,0,2,2,0,0,0,1,1,6,2,75,10,1590,1,10,-1,1,-1
201597QC71711,1,9,0,16,0,7,1,0,7,1,0,1,2,1,38,7,1896,2,12,-1,1,-1
201597QC72011,1,21,1,18,0,0,3,0,7,7,1,1,1,1,53,8,15607,2,2,-1,1,-1
201597QC72101,1,9,0,17,0,0,1,0,1,11,1,1,2,2,22,5,-1,-1,-1,-1,3,-1
201597QC72301,1,21,1,18,0,0,3,0,0,0,1,1,1,1,52,8,12740,2,2,-1,1,-1
201597QC72301,2,9,0,18,0,0,1,0,0,0,4,1,6,1,77,11,1198,1,1,-1,-1,-1
201597QC72301,3,19,0,18,0,0,1,0,0,0,1,1,1,1,48,8,-1,-1,-1,-1,1,-1
201597QC72301,4,21,1,18,0,0,3,0,4,7,1,1,1,1,48,8,12809,2,2,-1,1,-1
201597QC72701,1,9,0,18,0,0,0,0,5,6,1,1,1,2,41,7,1149,1,5,-1,1,-1
201597QD00102,1,8,0,18,0,0,0,0,0,0,1,1,1,1,69,10,1598,2,1,-1,1,-1
201597QD00111,1,9,0,5,0,8,0,0,0,0,1,1,6,1,69,10,1390,1,7,-1,1,-1
201597QD00111,2,9,0,18,0,8,0,0,0,0,1,1,6,1,23,5,1328,1,7,-1,1,-1
201597QD00112,1,9,0,18,0,0,0,0,0,0,1,1,6,1,49,8,1686,2,10,-1,1,-1
201597QD00112,2,9,0,3,0,0,0,0,0,0,2,1,6,1,28,6,1968,2,5,-1,1,-1
201597QD00201,1,9,0,18,0,0,0,11,1,7,4,1,6,2,74,10,1998,1,8,-1,1,-1
201597QD00210,1,9,0,9,0,0,0,0,0,0,4,1,6,1,27,6,1397,1,6,-1,1,-1
201597QD00210,2,9,0,18,0,0,0,0,0,0,1,1,6,2,41,7,1870,2,7,-1,1,-1
201597QD00308,1,9,0,9,0,0,0,0,0,0,1,1,6,2,23,5,1229,1,5,-1,1,-1
201597QD00308,2,9,0,12,0,0,0,0,0,0,1,1,6,1,47,8,1796,1,9,-1,1,-1
201597QD00309,1,11,0,11,0,1,0,0,0,0,1,1,1,1,62,9,7300,2,9,-1,1,-1
201597QD00309,2,9,0,3,0,1,0,0,0,0,2,1,6,1,41,7,1984,1,-1,-1,1,-1
201597QD00311,1,9,0,18,0,0,0,4,0,0,1,1,6,2,40,7,1598,1,3,-1,1,-1
201597QD00311,2,9,0,2,0,0,0,4,0,0,1,1,6,3,45,7,1590,1,12,-1,1,-1
201597QD00311,3,9,0,2,0,0,0,0,0,0,1,1,6,3,25,5,1590,1,12,-1,1,-1
201597QD00312,1,9,0,18,0,0,0,0,0,0,1,1,6,1,59,9,1598,1,4,-1,1,-1
201597QD00312,2,9,0,3,0,0,0,0,0,0,2,1,6,1,39,7,1497,1,14,-1,-1,-1
201597QD00406,1,9,0,18,0,1,0,0,0,0,1,1,2,1,42,7,1910,2,7,-1,1,-1
201597QD00406,2,9,0,4,0,1,0,0,0,0,2,1,1,1,62,9,995,1,5,-1,1,-1
201597QD00505,1,9,0,5,0,0,0,0,0,0,1,1,6,1,62,9,1910,2,8,-1,1,-1
201597QD00506,1,1,0,18,0,0,0,0,0,0,1,1,6,1,64,9,-1,-1,-1,-1,1,-1
201597QD00506,2,9,0,6,0,0,0,0,0,0,4,1,3,2,29,6,1598,1,4,-1,1,-1
201597QD00506,3,9,0,2,0,0,0,0,0,0,1,1,6,3,40,7,1329,1,1,-1,1,-1
201597QD00509,1,9,0,18,0,0,0,0,7,11,1,1,6,1,28,6,1896,2,6,-1,1,-1
201597QD00601,1,9,0,9,0,6,0,0,7,0,1,1,6,1,73,10,1968,2,4,-1,-1,-1
201597QD00601,2,9,0,18,0,1,0,0,7,0,1,1,6,1,29,6,1796,1,4,-1,-1,-1
201597QD00608,1,9,0,18,0,1,5,0,2,1,1,1,1,1,36,7,1598,2,4,-1,1,-1
201597QD00711,1,9,0,4,0,0,0,0,0,0,2,1,6,1,-1,-1,1299,1,14,-1,-1,-1
201597QD00711,2,19,0,18,0,0,0,0,0,0,1,1,1,1,39,7,2143,2,3,-1,1,-1
201597QD00808,1,9,0,18,0,4,0,0,0,0,1,1,2,1,33,6,2496,1,12,-1,1,-1
201597QD00808,2,9,0,18,0,4,0,0,2,2,3,1,2,2,26,6,1598,1,3,-1,1,-1
201597QD00811,1,9,0,18,0,0,0,0,0,0,0,1,6,3,28,6,-1,-1,-1,-1,-1,-1
201597QD00811,2,9,0,18,0,0,0,0,0,0,0,1,2,2,44,7,1461,2,1,-1,-1,-1
201597QD00811,3,9,0,18,0,0,0,0,0,0,3,1,2,2,25,5,1598,1,3,-1,1,-1
201597QD00811,4,9,0,18,0,0,0,0,0,0,4,1,2,2,58,9,1329,1,1,-1,3,-1
201597QD00901,1,9,0,18,0,8,0,0,0,0,3,1,6,2,31,6,-1,-1,-1,-1,-1,-1
201597QD00901,2,9,0,18,0,8,0,0,0,0,1,1,6,2,18,4,1108,1,7,-1,1,-1
201597QD00910,1,21,0,18,0,0,0,0,0,0,0,1,6,1,28,6,-1,-1,-1,-1,-1,-1
201597QD00910,2,9,0,18,0,0,0,11,0,0,3,1,6,2,37,7,1995,2,2,-1,3,-1
201597QD01004,1,9,0,18,0,8,0,0,0,0,3,1,1,1,55,8,1242,1,13,-1,1,-1
201597QD01004,2,9,0,18,0,8,0,0,0,0,1,1,6,2,18,4,1149,1,7,-1,1,-1
201597QD01011,1,9,0,18,0,1,0,0,0,0,1,1,2,2,25,5,1598,2,3,-1,1,-1
201597QD01011,2,9,0,9,0,8,0,0,0,0,3,1,1,1,-1,-1,1997,2,-1,-1,1,-1
201597QD01103,1,8,0,18,0,0,0,0,0,0,0,1,6,1,45,7,1896,2,7,-1,1,-1
201597QD01107,1,9,0,18,0,4,0,0,2,2,3,1,6,1,18,4,1390,1,5,-1,1,-1
201597QD01107,2,9,0,18,0,4,0,0,7,1,1,1,6,1,58,9,2477,2,9,-1,1,-1
201597QD01202,1,9,0,17,0,0,1,0,0,0,3,1,1,1,44,7,1896,2,6,-1,-1,-1
201597QD01202,2,1,0,18,9,0,0,0,0,0,1,1,6,1,9,2,-1,-1,-1,-1,-1,-1
201597QD01204,1,9,0,9,0,8,0,10,0,0,1,1,6,2,35,6,-1,-1,-1,-1,-1,-1
201597QD01210,1,9,0,9,0,5,0,0,0,0,1,1,2,1,41,7,1497,1,10,-1,1,-1
201597QD01210,2,9,0,9,0,6,0,0,0,0,4,1,6,2,20,4,1461,2,2,-1,1,-1
201597QD01211,1,9,0,18,0,8,0,0,0,0,1,1,1,1,42,7,998,1,3,-1,1,-1
201597QD01402,1,9,0,18,0,1,0,0,0,0,1,1,1,1,26,6,1242,1,8,-1,-1,-1
201597QD01402,2,9,0,18,0,8,0,0,2,10,3,1,2,2,46,8,-1,-1,-1,-1,-1,-1
201597QD01503,1,9,0,6,0,1,0,0,0,0,4,1,6,1,23,5,1388,1,6,-1,1,-1
201597QD01503,2,9,0,18,0,8,0,0,0,0,1,1,6,1,21,5,1587,1,12,-1,1,-1
201597QD01504,1,9,0,5,0,1,0,0,0,0,1,1,6,2,44,7,1598,2,2,-1,3,-1
201597QD01504,2,9,0,5,0,1,0,0,0,0,1,1,6,2,48,8,1461,2,1,-1,1,-1
201597QD01508,1,9,0,5,0,1,0,0,0,0,1,1,6,2,19,4,-1,-1,-1,-1,1,-1
201597QD01508,2,8,0,11,0,1,0,0,0,0,4,1,6,1,53,8,1598,2,4,-1,1,-1
201597QD01512,1,9,0,18,0,1,0,0,1,0,3,1,2,1,25,5,-1,-1,-1,-1,1,-1
201597QD01512,2,9,0,18,0,1,0,0,0,0,1,1,2,2,44,7,1560,2,3,-1,1,-1
201597QD01604,1,9,0,7,0,2,0,0,0,0,1,1,6,2,51,8,2179,2,3,-1,1,-1
201597QD01604,2,4,0,16,0,1,1,0,0,0,3,1,6,1,23,5,600,1,17,-1,1,-1
201597QD01611,1,9,0,18,0,0,0,0,0,0,1,1,6,2,49,8,1198,1,5,-1,1,-1
201597QD01702,1,9,0,18,0,1,1,0,0,0,1,1,6,2,21,5,-1,-1,-1,-1,1,-1
201597QD01702,2,9,0,18,0,1,0,0,0,0,2,1,6,2,33,6,1198,1,1,-1,1,-1
201597QD01703,1,9,0,18,0,8,0,0,0,0,1,1,6,1,19,4,1198,1,4,-1,3,-1
201597QD01703,2,9,0,18,0,8,0,0,0,0,1,1,6,2,44,7,1398,1,4,-1,1,-1
201597QD01704,1,9,0,5,0,0,0,0,0,0,1,1,6,1,47,8,1596,1,7,-1,1,-1
201597QD01705,1,9,0,18,0,1,0,0,0,0,1,1,6,1,35,6,-1,-1,-1,-1,1,-1
201597QD01705,2,9,0,10,0,1,0,0,0,0,2,1,6,1,69,10,2230,1,6,-1,1,-1
201597QD01708,1,9,0,18,0,1,0,0,0,0,1,1,6,1,43,7,1560,2,1,-1,1,-1