Accident_Index,Vehicle_Reference,Vehicle_Type,Towing_and_Articulation,Vehicle_Manoeuvre,Vehicle_Location-Restricted_Lane,Junction_Location,Skidding_and_Overturning,Hit_Object_in_Carriageway,Vehicle_Leaving_Carriageway,Hit_Object_off_Carriageway,1st_Point_of_Impact,Was_Vehicle_Left_Hand_Drive?,Journey_Purpose_of_Driver,Sex_of_Driver,Age_of_Driver,Age_Band_of_Driver,Engine_Capacity_(CC),Propulsion_Code,Age_of_Vehicle,Driver_IMD_Decile,Driver_Home_Area_Type,Vehicle_IMD_Decile
201597UC03603,3,9,0,2,0,0,0,0,0,0,2,1,6,3,30,6,1229,1,9,-1,2,-1
201597UC03611,1,9,0,5,0,4,0,0,0,0,1,1,6,2,54,8,1149,1,4,-1,1,-1
201597UC03611,2,9,0,3,0,4,0,0,0,0,2,1,6,2,43,7,1360,1,9,-1,1,-1
201597UC03705,1,9,0,18,0,0,0,0,0,0,1,1,6,2,21,5,1242,1,3,-1,1,-1
201597UC03905,1,3,0,18,0,0,0,0,0,0,1,1,6,1,21,5,124,1,16,-1,1,-1
201597UC03905,2,1,0,18,0,0,0,0,0,0,2,1,6,1,40,7,-1,-1,-1,-1,2,-1
201597UC04011,1,9,0,9,0,2,0,0,0,0,4,1,2,2,53,8,1398,1,2,-1,1,-1
201597UC04305,1,1,0,9,0,6,1,10,0,0,1,1,6,2,35,6,-1,-1,-1,-1,2,-1
201597UC04305,2,90,0,4,0,1,0,0,0,0,1,1,1,1,28,6,-1,-1,-1,-1,2,-1
201597UC04311,1,9,0,10,0,5,0,0,0,0,4,1,6,1,66,10,1868,2,12,-1,1,-1
201597UC04701,1,9,0,16,0,1,1,0,0,0,2,1,6,1,38,7,1994,1,12,-1,1,-1
201597UC04701,2,9,0,17,0,1,0,0,0,0,1,1,6,1,33,6,-1,-1,-1,-1,1,-1
201597UC04801,1,9,0,9,0,1,0,0,0,0,1,1,6,2,37,7,-1,-1,-1,-1,1,-1
201597UC04801,2,9,0,18,0,1,0,0,0,0,0,1,6,1,76,11,-1,-1,-1,-1,3,-1
201597UC05701,1,9,0,6,0,0,0,0,0,0,3,1,6,1,24,5,1560,2,3,-1,2,-1
201597UC05701,2,3,0,18,0,0,0,0,0,0,1,1,6,2,23,5,125,1,4,-1,1,-1
201597UC40102,1,9,0,18,0,0,1,4,7,0,1,1,1,1,59,9,1896,2,6,-1,-1,-1
201597UC40102,2,9,0,18,0,0,1,4,0,0,1,1,6,2,38,7,998,1,9,-1,2,-1
201597UC40102,3,19,0,2,0,0,1,0,0,0,2,1,1,1,62,9,2198,2,2,-1,2,-1
201597UC40105,1,9,0,13,0,0,0,0,1,11,1,1,1,1,47,8,-1,-1,-1,-1,1,-1
201597UC40105,2,9,0,18,0,0,0,0,0,0,1,1,1,1,58,9,1995,2,12,-1,1,-1
201597UC40107,1,9,0,18,0,0,0,0,8,11,3,1,6,2,20,4,1995,1,15,-1,1,-1
201597UC40202,1,11,0,4,0,1,0,0,0,0,1,1,1,1,24,5,4250,2,9,-1,1,-1
201597UC40202,2,9,0,4,0,1,0,0,0,0,2,1,6,2,57,9,1560,2,5,-1,2,-1
201597UC40203,1,9,0,18,9,0,1,0,1,11,1,1,2,1,47,8,1360,1,9,-1,2,-1
201597UC40204,1,9,0,18,0,0,1,0,0,0,1,1,6,1,38,7,-1,-1,-1,-1,2,-1
201597UC40204,2,9,0,9,0,0,0,0,0,0,2,1,6,2,44,7,2183,2,4,-1,2,-1
201597UC40204,3,9,0,15,0,0,0,0,0,0,2,1,2,1,31,6,1997,2,13,-1,2,-1
201597UC40204,4,20,4,18,0,0,0,0,0,0,0,1,1,1,52,8,-1,-1,-1,-1,-1,-1
201597UC40206,1,19,0,17,0,0,2,0,1,10,1,1,6,2,46,8,2402,2,13,-1,3,-1
201597UC40208,1,9,0,15,0,1,0,0,0,0,3,1,6,1,79,11,1349,1,7,-1,2,-1
201597UC40208,2,1,0,18,0,1,5,0,0,0,4,1,6,1,68,10,-1,-1,-1,-1,1,-1
201597UC40209,1,9,0,18,0,0,0,0,0,0,1,1,6,2,20,4,1124,1,13,-1,-1,-1
201597UC40209,2,9,0,4,0,0,0,0,0,0,2,1,6,1,65,9,3000,1,10,-1,3,-1
201597UC40209,3,9,0,4,0,0,0,0,0,0,2,1,6,1,67,10,1461,2,-1,-1,3,-1
201597UC40210,1,9,0,18,0,3,2,0,1,1,3,1,6,2,19,4,1198,1,7,-1,2,-1
201597UC40212,1,9,0,4,0,0,0,0,0,0,1,1,2,2,56,9,1560,2,1,-1,1,-1
201597UC40212,2,9,0,4,0,0,0,0,0,0,2,1,2,2,43,7,1461,2,-1,-1,1,-1
201597UC40305,1,19,0,17,0,0,0,10,0,3,1,1,1,2,29,6,1560,2,4,-1,-1,-1
201597UC40308,1,9,0,16,0,0,0,0,0,0,3,1,6,1,21,5,999,1,16,-1,3,-1
201597UC40308,2,9,0,17,0,0,0,0,0,0,3,1,6,2,32,6,1560,2,3,-1,3,-1
201597UC40402,1,9,0,1,0,2,0,0,0,0,2,1,6,2,28,6,1598,1,16,-1,3,-1
201597UC40410,1,19,0,18,0,0,1,0,1,10,1,1,1,1,25,5,2464,2,7,-1,1,-1
201597UC40411,1,11,0,18,0,0,0,0,1,9,1,1,6,1,45,7,6871,2,6,-1,2,-1
201597UC40412,1,10,0,17,0,0,1,6,0,0,1,1,1,2,54,8,-1,-1,-1,-1,2,-1
201597UC40505,1,8,0,16,0,0,2,0,7,4,1,1,1,2,59,9,1896,2,6,-1,3,-1
201597UC40507,1,5,0,16,0,0,1,0,7,1,1,1,6,1,43,7,598,1,16,-1,1,-1
201597UC40508,1,19,0,18,0,0,0,0,0,0,1,2,2,1,35,6,1598,2,2,-1,1,-1
201597UC40508,2,9,0,4,0,0,0,0,0,0,2,1,2,1,55,8,1956,2,-1,-1,2,-1
201597UC40508,3,9,0,4,0,0,0,0,0,0,2,1,6,2,41,7,1198,1,9,-1,3,-1
201597UC40603,1,19,0,18,0,1,0,0,0,0,1,1,2,1,47,8,1998,2,11,-1,3,-1
201597UC40605,1,19,0,16,0,0,5,0,1,0,1,1,6,1,50,8,2494,2,13,-1,-1,-1
201597UC40607,1,9,0,18,0,1,0,0,3,1,1,1,6,1,90,11,998,1,3,-1,3,-1
201597UC40607,2,19,0,4,0,1,0,0,0,0,2,1,1,1,32,6,1968,2,2,-1,1,-1
201597UC40607,3,9,0,18,0,8,0,0,1,0,1,1,6,1,39,7,-1,-1,-1,-1,3,-1
201597UC40608,1,19,0,18,9,0,0,0,0,3,4,1,1,1,34,6,1995,2,2,-1,-1,-1
201597UC40609,1,9,0,17,0,0,1,10,1,11,4,1,6,1,23,5,-1,-1,-1,-1,3,-1
201597UC40610,1,2,0,18,0,1,0,0,0,1,1,1,6,2,51,8,-1,-1,-1,-1,3,-1
201597UC40610,2,2,0,9,0,8,0,0,0,0,1,1,6,2,53,8,-1,-1,-1,-1,2,-1
201597UC40611,1,9,0,18,0,0,1,0,7,0,1,1,6,1,19,4,2776,2,-1,-1,2,-1
201597UC40611,2,9,0,18,0,0,0,0,7,0,1,1,6,1,32,6,1598,2,4,-1,3,-1
201597UC40708,1,9,0,18,0,0,0,0,0,0,3,1,6,1,52,8,1560,2,3,-1,-1,-1
201597UC40709,1,9,0,17,0,0,5,0,1,0,0,1,1,1,59,9,1360,1,9,-1,1,-1
201597UC40801,1,19,0,9,0,6,0,0,0,0,1,1,1,1,52,8,3920,2,10,-1,1,-1
201597UC40801,2,9,0,18,0,2,0,0,0,0,2,1,2,1,48,8,-1,-1,-1,-1,2,-1
201597UC40805,1,9,0,18,0,1,0,0,0,0,1,1,6,2,36,7,1798,1,9,-1,2,-1
201597UC40805,2,9,0,10,0,1,0,0,0,0,2,1,6,1,67,10,1995,2,11,-1,2,-1
201597UC40807,1,9,0,18,0,0,0,0,0,0,1,1,6,2,73,10,998,1,1,-1,3,-1
201597UC40810,1,9,0,18,0,3,1,0,1,0,1,1,6,2,68,10,1364,1,7,-1,-1,-1
201597UC40811,1,9,0,13,0,0,2,0,1,11,1,1,2,1,55,8,5000,1,1,-1,1,-1
201597UC40905,1,9,0,18,0,0,0,0,0,0,1,1,2,2,28,6,1995,2,5,-1,2,-1
201597UC40905,2,9,0,4,0,0,0,0,0,0,2,1,6,2,57,9,1991,1,2,-1,1,-1
201597UC40906,1,9,0,4,0,0,0,0,0,0,1,1,6,2,42,7,1997,2,5,-1,2,-1
201597UC40908,1,9,0,18,0,0,0,0,0,0,0,1,6,1,47,8,1364,1,10,-1,3,-1
201597UC40908,2,9,0,18,0,0,0,0,0,0,0,1,6,1,34,6,1998,1,9,-1,3,-1
201597UC41001,1,9,0,18,0,1,0,0,0,0,3,1,6,1,87,11,1329,1,5,-1,3,-1
201597UC41001,2,9,0,2,0,1,0,0,0,0,4,1,6,1,46,8,1598,2,-1,-1,2,-1
201597UC41001,3,9,0,18,0,1,0,0,0,0,4,1,6,1,52,8,1968,2,1,-1,3,-1
201597UC41002,1,11,0,5,0,0,0,0,0,0,0,1,1,1,40,7,6871,2,7,-1,-1,-1
201597UC41005,1,9,0,3,0,0,0,0,0,0,1,1,6,2,34,6,1995,2,10,-1,2,-1
201597UC41005,2,9,0,3,0,0,0,0,0,0,2,1,6,2,24,5,1598,1,6,-1,2,-1
201597UC41005,3,9,0,3,0,0,0,0,0,0,2,1,1,1,58,9,-1,-1,-1,-1,1,-1
201597UC41005,4,9,0,18,0,0,0,0,0,0,2,1,6,2,28,6,1390,1,8,-1,3,-1
201597UC41102,1,9,0,4,0,1,0,0,0,0,1,1,1,1,55,8,-1,-1,-1,-1,1,-1
201597UC41102,2,9,0,3,0,1,0,0,0,0,2,1,6,1,35,6,1598,2,3,-1,3,-1
201597UC41108,1,9,0,10,0,5,1,0,0,0,4,1,6,1,79,11,1596,1,1,-1,3,-1
201597UC41108,2,9,0,18,0,2,1,0,0,0,1,1,6,2,32,6,1896,2,8,-1,2,-1
201597UC41108,3,9,0,10,0,6,0,0,0,0,1,1,6,2,50,8,1229,1,5,-1,3,-1
201597UC41311,1,9,0,18,0,0,1,12,0,0,1,1,1,1,62,9,1796,1,7,-1,2,-1
201597UC41401,1,9,0,4,0,0,1,0,0,0,1,1,6,1,47,8,-1,-1,-1,-1,3,-1
201597UC41401,2,9,0,15,0,0,0,0,0,0,2,1,6,2,32,6,1998,1,13,-1,3,-1
201597UC41402,1,9,0,16,9,0,0,11,7,1,1,1,6,2,24,5,1390,1,6,-1,2,-1
201597UC41403,1,9,0,18,0,8,0,0,0,0,1,1,2,1,51,8,999,1,3,-1,3,-1
201597UC41403,2,9,0,18,0,8,0,0,0,0,1,1,6,2,49,8,2179,2,4,-1,3,-1
201597UC41407,1,9,0,9,0,1,0,0,0,0,3,1,6,2,35,6,1364,1,8,-1,3,-1
201597UC41407,2,8,0,18,0,1,0,0,0,0,3,1,1,1,37,7,1598,2,3,-1,3,-1
201597UC41410,1,9,0,18,0,0,1,0,7,0,4,1,6,2,20,4,998,1,4,-1,3,-1
201597UC41410,2,19,0,18,0,0,0,0,0,0,1,1,1,1,25,5,2198,2,3,-1,1,-1
201597UC41511,1,9,0,16,0,0,1,0,2,11,1,1,6,1,52,8,1364,1,8,-1,3,-1
201597UC41603,1,9,0,17,0,0,1,7,2,9,1,1,1,2,22,5,1229,1,1,-1,-1,-1
201597UC41604,1,9,0,17,0,0,2,0,1,0,4,1,6,2,28,6,1390,1,11,-1,1,-1
201597UC41608,1,5,0,17,0,0,0,0,1,9,1,1,6,1,21,5,-1,-1,-1,-1,1,-1
201597UC41701,1,9,0,15,0,0,0,0,0,0,3,1,6,1,77,11,1598,1,3,-1,2,-1
201597UC41701,2,9,0,18,0,0,5,0,0,0,3,1,6,1,17,4,-1,-1,-1,-1,3,-1
201597UC41703,1,9,0,18,0,0,5,10,2,11,1,1,6,2,26,6,-1,-1,-1,-1,2,-1
201597UC41704,1,9,0,18,0,0,1,0,0,0,1,1,6,1,17,4,1229,1,5,-1,-1,-1
201597UC41704,2,9,0,18,0,0,0,0,0,0,1,1,6,1,52,8,1796,1,11,-1,3,-1
201597UC41803,1,9,0,17,6,0,2,0,1,1,1,1,6,1,23,5,1910,2,10,-1,3,-1
201597UC41903,1,9,0,18,0,0,1,0,7,11,1,1,6,1,36,7,1910,2,8,-1,3,-1
201597UC41911,1,9,0,18,0,1,0,0,0,0,1,1,6,2,42,7,1998,2,9,-1,1,-1
201597UC42201,1,9,0,15,0,0,1,0,0,0,3,1,2,2,29,6,1796,1,12,-1,2,-1
201597UC42201,2,19,0,18,0,0,0,0,0,0,3,1,1,1,25,5,1996,2,2,-1,2,-1
201597UC42203,1,19,0,18,0,0,2,0,7,0,0,1,1,1,41,7,2198,2,1,-1,1,-1
201597UC42203,2,90,0,18,0,0,0,0,0,0,0,2,1,1,49,8,10120,2,9,-1,1,-1
201597UC42401,1,9,0,14,0,0,1,0,0,0,1,1,6,1,60,9,1596,1,1,-1,3,-1
201597UC42401,2,9,0,3,0,0,0,0,0,0,1,1,6,1,45,7,2979,1,9,-1,2,-1
201597UC70102,1,19,0,16,0,0,0,0,1,7,1,1,1,1,31,6,1968,2,1,-1,1,-1
201597UC70105,1,9,0,18,0,0,0,0,0,0,1,1,6,2,39,7,2378,1,10,-1,3,-1
201597UC70105,2,9,0,18,0,0,0,0,0,0,2,1,6,2,60,9,1390,1,2,-1,1,-1
201597UC70105,3,9,0,4,0,0,0,0,0,0,2,1,6,2,30,6,1329,1,6,-1,-1,-1
201597UC70106,1,9,0,13,0,0,0,0,0,0,4,1,1,1,53,8,1968,2,9,-1,1,-1
201597UC70107,1,19,0,18,0,0,0,0,0,0,1,1,6,1,45,7,2999,2,3,-1,2,-1
201597UC70107,2,19,0,18,0,0,0,0,0,0,1,1,6,1,55,8,2402,2,8,-1,1,-1
201597UC70107,3,17,5,18,0,0,0,0,1,0,2,1,1,1,68,10,-1,2,50,-1,2,-1
201597UC70108,1,9,0,18,0,0,0,0,0,0,4,1,6,1,50,8,2188,2,10,-1,2,-1
201597UC70204,1,9,0,17,0,0,5,0,1,11,4,1,6,1,41,7,1399,2,6,-1,1,-1
201597UC70206,1,9,0,9,0,8,0,0,0,0,1,1,2,1,54,8,2204,2,9,-1,3,-1
201597UC70206,2,9,0,18,0,8,0,0,0,0,1,1,3,2,40,7,1124,1,9,-1,2,-1
201597UC70206,3,9,0,18,0,8,0,0,0,0,1,1,2,1,66,10,1997,2,5,-1,2,-1
201597UC70206,4,10,0,10,0,1,0,0,0,0,1,1,1,2,52,8,2148,2,8,-1,3,-1
201597UC70207,1,9,0,4,0,1,1,0,0,0,0,1,6,1,86,11,1199,1,13,-1,3,-1
201597UC70209,1,9,0,9,0,8,0,0,0,0,1,1,2,2,20,4,1242,1,3,-1,3,-1
201597UC70209,2,9,0,18,0,8,5,0,0,0,3,1,2,2,60,9,1560,2,4,-1,-1,-1
201597UC70210,1,9,0,18,0,0,5,0,8,0,1,1,6,1,69,10,1108,1,5,-1,3,-1
201597UC70210,2,17,4,18,0,0,0,0,0,0,2,1,1,1,46,8,4485,2,3,-1,3,-1
201597UC70211,1,9,0,18,0,0,0,0,0,0,1,1,6,2,19,4,1229,1,4,-1,2,-1
201597UC70211,2,9,0,4,0,0,0,0,0,0,2,1,2,1,60,9,1995,2,6,-1,2,-1
201597UC70211,3,9,0,4,0,0,0,0,0,0,2,1,6,2,21,5,1498,1,6,-1,3,-1
201597UC70212,1,9,0,16,0,0,5,0,1,0,1,1,6,1,47,8,2967,2,1,-1,3,-1
201597UC70212,2,9,0,4,0,0,1,0,0,0,2,1,6,1,48,8,1598,2,1,-1,3,-1
201597UC70304,1,9,0,17,0,0,0,0,7,9,1,1,6,1,28,6,1242,1,14,-1,-1,-1
201597UC70304,2,9,0,16,0,0,0,0,0,0,1,1,6,2,42,7,1598,2,5,-1,3,-1
201597UC70305,1,21,1,18,0,3,5,0,0,0,3,1,1,1,52,8,12902,2,1,-1,2,-1
201597UC70310,1,9,0,3,0,1,0,0,0,0,1,1,6,2,71,10,1198,1,3,-1,1,-1
201597UC70310,2,9,0,4,0,1,0,0,0,0,2,1,6,2,34,6,1596,1,9,-1,1,-1
201597UC70312,1,9,0,15,0,8,0,0,0,0,1,1,6,1,25,5,1995,2,11,-1,1,-1
201597UC70312,2,9,0,18,0,1,0,0,0,0,1,1,6,1,22,5,2521,1,6,-1,3,-1
201597UC70404,1,9,0,17,0,0,0,0,0,0,1,1,2,1,52,8,1497,1,10,-1,2,-1
201597UC70404,2,9,0,16,0,0,0,0,0,0,1,1,2,1,43,7,2500,2,7,-1,3,-1
201597UC70406,1,19,0,9,0,0,0,0,0,0,0,1,1,1,28,6,2198,2,5,-1,3,-1
201597UC70408,1,5,0,17,0,0,2,0,1,0,4,1,6,1,34,6,1150,1,7,-1,-1,-1
201597UC70412,1,9,0,9,0,0,0,0,0,0,0,1,6,1,33,6,1339,1,11,-1,-1,-1
201597UC70505,1,19,0,18,0,0,2,0,0,11,1,1,6,1,26,6,1997,2,10,-1,2,-1
201597UC70508,1,9,0,18,0,0,0,0,0,0,1,1,6,2,20,4,998,1,3,-1,1,-1
201597UC70508,2,9,0,18,0,0,0,0,0,0,1,1,6,1,46,8,1390,1,4,-1,-1,-1
201597UC70508,3,9,0,18,0,0,0,0,0,0,2,1,6,1,66,10,-1,-1,-1,-1,-1,-1
201597UC70509,1,9,0,16,0,0,0,0,7,0,1,1,6,2,20,4,1560,2,-1,-1,-1,-1
201597UC70510,1,9,0,18,0,0,0,0,0,0,1,1,6,1,47,8,1242,1,2,-1,2,-1
201597UC70510,2,9,0,18,0,0,0,0,0,0,2,1,6,1,30,6,2191,2,1,-1,-1,-1
201597UC70512,1,9,0,18,0,2,0,0,1,7,1,1,6,1,53,8,1995,2,1,-1,1,-1
201597UC70605,1,3,0,16,0,0,0,0,0,0,1,1,6,1,44,7,124,1,5,-1,2,-1
201597UC70605,2,19,0,17,0,0,0,0,0,0,1,1,6,1,28,6,2499,2,23,-1,2,-1
201597UC70606,1,9,0,18,0,0,2,0,1,11,1,1,6,1,30,6,2967,1,11,-1,-1,-1
201597UC70606,2,9,0,18,0,0,0,0,0,0,1,1,6,1,29,6,1349,1,5,-1,-1,-1
201597UC70607,1,19,0,18,0,0,1,0,1,0,1,1,1,1,25,5,1461,2,1,-1,1,-1
201597UC70607,2,9,0,3,0,0,1,0,1,0,2,1,6,2,43,7,1242,1,2,-1,1,-1
201597UC70607,3,19,0,3,0,0,0,0,0,0,4,1,1,1,45,7,2287,2,2,-1,1,-1
201597UC70608,1,20,1,16,0,0,5,0,0,1,3,1,1,1,62,9,-1,-1,-1,-1,3,-1
201597UC70611,1,9,0,16,0,0,2,0,0,0,1,1,6,1,22,5,1398,1,2,-1,2,-1
201597UC70612,1,9,0,18,0,5,5,0,1,0,1,1,6,1,21,5,1399,1,9,-1,1,-1
201597UC70706,1,9,0,18,0,0,2,0,1,10,1,1,6,1,49,8,1390,1,5,-1,-1,-1
201597UC70707,1,3,0,17,0,0,1,0,1,1,1,1,6,1,29,6,918,1,18,-1,1,-1
201597UC70806,1,9,0,5,0,6,1,0,1,10,3,1,1,1,67,10,3200,2,5,-1,1,-1
201597UC70806,2,19,0,18,0,1,2,0,1,0,1,1,1,1,40,7,2402,2,8,-1,1,-1
201597UC70812,1,9,0,17,0,0,0,0,4,6,1,1,2,2,21,5,1242,1,8,-1,2,-1
201597UC70906,1,19,0,18,0,0,0,0,0,0,1,1,1,1,60,9,2198,2,4,-1,3,-1
201597UC70906,2,19,0,8,0,0,0,0,0,0,2,1,1,1,32,6,2198,2,-1,-1,1,-1
201597UC70907,1,19,0,3,0,1,0,0,0,0,1,1,1,1,20,4,1995,2,8,-1,-1,-1
201597UC70907,2,9,0,3,0,1,0,0,0,0,2,1,6,2,53,8,998,1,7,-1,1,-1
201597UC70912,1,9,0,13,0,0,1,0,7,0,4,1,6,1,29,6,1984,1,5,-1,1,-1
201597UC70912,2,9,0,18,0,0,0,0,0,0,3,1,6,2,42,7,1560,2,5,-1,3,-1
201597UC70912,3,9,0,18,0,0,2,0,1,0,3,1,6,1,52,8,1995,2,3,-1,3,-1
201597UC70912,4,9,0,18,0,0,0,0,0,0,1,1,6,1,46,8,2979,1,1,-1,1,-1
201597UC71007,1,9,0,18,0,0,2,0,1,3,1,1,1,1,37,7,1461,2,6,-1,3,-1
201597UC71011,1,9,0,16,0,0,2,0,1,11,4,1,1,1,28,6,1587,1,9,-1,1,-1
201597UC71012,1,9,0,17,0,1,5,0,1,4,1,1,2,1,24,5,1149,1,11,-1,3,-1
201597UC71106,1,19,0,18,0,1,0,0,0,0,1,1,6,1,27,6,2198,2,4,-1,-1,-1
201597UC71106,2,9,0,3,0,1,0,0,0,0,2,1,6,2,40,7,1596,1,7,-1,2,-1
201597UC71106,3,9,0,3,0,1,0,0,0,0,2,1,6,2,73,10,1798,1,7,-1,1,-1
201597UC71107,1,19,0,18,0,0,0,0,0,0,1,1,2,1,60,9,1248,2,-1,-1,2,-1
201597UC71107,2,9,0,4,0,0,0,0,0,0,2,1,6,2,57,9,998,1,7,-1,2,-1
201597UC71107,3,9,4,4,0,0,0,0,0,0,2,1,6,2,55,8,2199,2,3,-1,3,-1
201597UC71112,1,9,0,18,0,0,5,4,0,0,1,1,6,1,21,5,1968,2,7,-1,1,-1
201597UC71112,2,9,0,2,0,0,0,0,0,0,4,1,6,2,52,8,1799,1,18,-1,2,-1
201597UC71206,1,1,0,18,0,0,0,0,0,0,4,1,6,1,55,8,-1,-1,-1,-1,1,-1
201597UC71206,2,5,0,18,0,0,0,0,1,0,1,1,6,1,44,7,998,1,5,-1,1,-1
201597UC71207,1,9,0,18,0,0,0,0,0,0,1,1,6,1,49,8,1598,1,13,-1,1,-1
201597UC71207,2,2,0,3,0,0,0,0,0,0,0,1,6,1,20,4,-1,-1,-1,-1,1,-1
201597UC71306,1,9,0,5,0,4,0,0,0,0,1,1,2,1,60,9,1398,1,3,-1,1,-1
201597UC71306,2,1,0,18,0,8,0,0,0,0,4,1,6,1,22,5,-1,-1,-1,-1,1,-1
201597UC71312,1,9,0,5,0,0,0,0,0,0,4,1,1,1,29,6,-1,-1,-1,-1,2,-1
201597UC71312,2,9,0,18,0,0,0,0,0,0,4,1,6,1,44,7,1956,2,5,-1,1,-1
201597UC71406,1,9,0,11,0,0,0,0,0,0,1,1,6,1,30,6,1587,1,11,-1,1,-1
201597UC71406,2,9,0,2,6,0,0,0,0,0,3,1,6,2,50,8,1248,1,3,-1,1,-1
201597UC71506,1,5,0,4,0,1,0,0,0,0,4,1,6,1,49,8,1584,1,6,-1,-1,-1
201597UD00103,1,9,0,18,0,0,1,0,1,11,2,1,6,2,42,7,1798,1,6,-1,3,-1
201597UD00104,1,9,0,18,0,0,0,0,0,0,4,1,6,3,30,6,-1,-1,-1,-1,-1,-1
201597UD00201,1,9,0,18,0,0,0,0,0,0,4,1,6,2,64,9,1870,2,11,-1,1,-1
201597UD00201,2,1,0,18,0,0,0,0,0,0,3,1,6,2,50,8,-1,-1,-1,-1,1,-1
201597UD00202,1,9,0,18,0,0,0,7,1,10,1,1,6,1,84,11,998,1,9,-1,-1,-1
201597UD00210,1,9,0,18,0,1,0,0,0,0,1,1,6,3,30,6,-1,-1,-1,-1,-1,-1
201597UD00210,2,1,0,18,0,1,0,0,0,0,2,1,4,1,15,3,-1,-1,-1,-1,2,-1
201597UD00303,1,9,0,16,0,0,0,0,1,11,1,1,6,1,44,7,1998,2,9,-1,-1,-1
201597UD00305,1,9,0,18,0,0,1,0,1,11,1,1,6,1,58,9,1951,2,10,-1,2,-1
201597UD00401,1,9,0,14,0,0,0,0,0,0,1,1,6,1,28,6,1995,2,2,-1,1,-1
201597UD00401,2,9,0,2,0,0,0,0,0,0,2,1,6,3,30,6,1461,2,4,-1,-1,-1
201597UD00403,1,19,0,16,0,1,1,0,1,4,3,1,1,1,25,5,-1,-1,-1,-1,3,-1
201597UD00405,1,9,0,18,0,3,0,0,0,0,4,1,6,1,45,7,-1,-1,-1,-1,-1,-1
201597UD00405,2,9,0,18,0,3,0,0,0,0,2,1,6,2,41,7,1685,2,1,-1,2,-1
201597UD00407,1,5,0,18,0,0,5,0,0,0,1,1,6,1,26,6,599,1,18,-1,1,-1
201597UD00407,2,9,0,18,0,0,0,0,0,0,2,1,6,1,64,9,1198,1,1,-1,3,-1
201597UD00407,3,9,0,18,0,0,0,0,0,0,2,1,6,1,54,8,1560,2,5,-1,1,-1
201597UD00410,1,19,0,18,0,0,0,0,0,0,4,1,6,3,30,6,-1,-1,-1,-1,-1,-1
201597UD00410,2,19,0,18,0,0,0,0,0,0,3,1,6,1,67,10,2200,2,13,-1,3,-1
201597UD00411,1,8,0,18,0,1,0,0,0,0,1,1,1,1,55,8,1598,2,3,-1,1,-1
201597UD00411,2,9,0,4,0,1,0,0,0,0,2,1,6,2,23,5,1984,1,8,-1,3,-1
201597UD00502,1,9,0,5,0,0,0,0,0,0,1,1,6,1,30,6,-1,-1,-1,-1,-1,-1
201597UD00505,1,19,0,1,0,0,0,0,0,0,2,1,1,1,42,7,2148,2,6,-1,1,-1
201597UD00508,1,9,0,17,0,0,1,0,7,4,2,1,6,2,22,5,998,1,8,-1,1,-1
201597UD00601,1,9,0,18,0,0,0,0,0,0,1,1,1,1,24,5,1229,1,9,-1,1,-1
201597UD00601,2,9,0,4,0,0,0,0,0,0,2,1,6,2,67,10,998,1,-1,-1,3,-1
201597UD00607,1,9,0,18,0,8,0,0,0,0,3,1,6,2,25,5,1598,1,11,-1,2,-1
201597UD00609,1,9,0,17,0,8,0,0,0,0,2,1,6,1,30,6,1388,1,15,-1,-1,-1
201597UD00609,2,9,0,17,0,8,0,0,0,0,1,1,2,1,24,5,1910,2,7,-1,3,-1
201597UD00612,1,9,0,9,0,1,0,0,0,0,4,1,6,1,19,4,1360,1,8,-1,-1,-1
201597UD00612,2,9,0,18,0,2,0,0,0,0,1,1,6,2,69,10,2143,2,2,-1,3,-1
201597UD00701,1,19,0,16,0,0,1,0,0,0,1,1,1,1,44,7,2198,2,3,-1,1,-1
201597UD00701,2,9,0,17,0,0,0,0,0,0,3,1,6,1,75,10,1796,1,14,-1,-1,-1
201597UD00702,1,9,0,9,0,1,0,0,0,0,1,1,6,1,27,6,1560,2,2,-1,3,-1
201597UD00702,2,9,0,18,0,1,0,0,0,0,1,1,6,2,48,8,1248,2,4,-1,1,-1
201597UD00703,1,19,0,18,0,0,1,0,1,4,3,1,1,1,47,8,1248,2,5,-1,3,-1
201597UD00709,1,9,0,18,0,0,0,0,0,0,1,1,6,2,28,6,1364,1,3,-1,1,-1
201597UD00808,1,9,0,4,0,1,0,0,0,0,1,1,6,1,30,6,1796,1,7,-1,3,-1
201597UD00808,2,9,0,8,0,1,0,0,0,0,2,1,6,1,44,7,998,1,2,-1,3,-1
201597UD00904,1,9,0,18,0,1,0,0,0,0,1,1,6,1,44,7,2199,1,21,-1,1,-1
201597UD00909,1,9,0,17,0,0,0,0,0,0,1,1,6,1,32,6,1396,1,17,-1,1,-1
201597UD00909,2,9,0,16,0,0,0,0,0,0,1,1,6,1,52,8,1997,2,11,-1,-1,-1
201597UD00911,1,9,0,5,6,0,0,0,0,0,3,1,6,1,23,5,1997,2,16,-1,3,-1
201597UD00911,2,5,0,14,0,0,5,0,0,0,4,1,6,1,62,9,996,1,10,-1,-1,-1
201597UD01001,1,9,0,18,0,2,1,0,2,7,1,1,6,1,47,8,1198,1,8,-1,-1,-1
201597UD01003,1,9,0,18,0,6,0,0,0,0,1,1,6,1,69,10,2495,2,11,-1,-1,-1
201597UD01003,2,3,0,18,0,8,0,0,0,0,4,1,6,1,49,8,125,1,1,-1,3,-1