Accident_Index,Vehicle_Reference,Vehicle_Type,Towing_and_Articulation,Vehicle_Manoeuvre,Vehicle_Location-Restricted_Lane,Junction_Location,Skidding_and_Overturning,Hit_Object_in_Carriageway,Vehicle_Leaving_Carriageway,Hit_Object_off_Carriageway,1st_Point_of_Impact,Was_Vehicle_Left_Hand_Drive?,Journey_Purpose_of_Driver,Sex_of_Driver,Age_of_Driver,Age_Band_of_Driver,Engine_Capacity_(CC),Propulsion_Code,Age_of_Vehicle,Driver_IMD_Decile,Driver_Home_Area_Type,Vehicle_IMD_Decile
201597UD70807,2,9,0,18,0,1,0,0,1,10,1,1,6,1,40,7,-1,-1,-1,-1,1,-1
201597UD70809,1,9,0,18,0,0,2,0,1,11,1,1,6,1,24,5,1396,1,13,-1,1,-1
201597UD70812,1,9,0,18,0,1,0,0,0,0,4,1,2,1,39,7,-1,-1,-1,-1,3,-1
201597UD70907,1,9,0,18,0,2,0,0,0,0,1,1,6,1,79,11,1149,1,3,-1,1,-1
201597UD70907,2,9,0,18,0,1,0,0,0,0,1,1,6,2,39,7,2400,2,4,-1,1,-1
201597UD70908,1,9,0,18,0,0,0,0,0,0,1,1,6,3,30,6,-1,-1,-1,-1,-1,-1
201597UD70908,2,9,0,18,0,0,5,0,1,9,2,1,6,1,36,7,1199,1,12,-1,1,-1
201597UD70910,1,9,0,5,0,1,0,0,0,0,1,1,6,1,71,10,1198,1,4,-1,-1,-1
201597UD70910,2,3,0,5,0,1,0,0,0,0,2,1,6,1,48,8,125,1,2,-1,1,-1
201597UD70911,1,9,0,1,0,0,0,0,0,0,2,1,6,1,57,9,1086,1,11,-1,1,-1
201597UD70912,1,9,0,18,0,0,0,0,0,0,1,1,6,2,57,9,1149,1,2,-1,1,-1
201597UD70912,2,9,0,18,0,0,0,0,0,0,1,1,6,1,46,8,1997,2,3,-1,2,-1
201597UD70912,3,9,0,18,0,0,0,0,0,0,2,1,6,3,30,6,1461,2,2,-1,2,-1
201597UD70912,4,9,0,18,0,0,0,0,0,0,2,1,6,1,45,7,1560,2,1,-1,3,-1
201597UD71008,1,5,0,13,0,8,0,0,7,11,1,1,6,1,57,9,747,1,27,-1,2,-1
201597UD71008,2,19,0,9,0,8,0,0,0,0,3,1,1,1,23,5,2198,2,1,-1,1,-1
201597UD71009,1,9,0,18,0,0,5,0,0,0,1,1,6,1,20,4,1329,1,6,-1,1,-1
201597UD71009,2,9,0,2,0,0,0,0,0,0,1,1,6,3,30,6,2191,2,1,-1,-1,-1
201597UD71012,1,9,0,7,0,6,0,0,3,0,3,1,1,1,60,9,1598,2,2,-1,1,-1
201597UD71012,2,9,0,18,0,1,0,0,0,0,1,1,6,1,17,4,1395,1,-1,-1,1,-1
201597UD71108,1,9,0,5,0,7,0,0,0,0,1,1,6,1,75,10,2143,2,-1,-1,-1,-1
201597UD71108,2,9,0,18,0,1,5,0,0,0,3,1,6,1,21,5,1242,1,9,-1,1,-1
201597UD71207,1,9,0,5,0,4,0,0,0,0,1,1,1,1,26,6,1364,1,5,-1,1,-1
201597UD71207,2,1,0,18,0,3,0,0,0,0,2,1,6,1,33,6,-1,-1,-1,-1,1,-1
201597UD71208,1,9,0,18,0,0,1,11,0,0,1,1,6,1,60,9,1598,1,1,-1,1,-1
201597UD71208,2,9,0,2,0,0,0,0,0,0,2,1,6,1,49,8,1994,1,18,-1,3,-1
201597UD71307,1,9,0,18,0,1,1,0,0,0,1,1,6,1,19,4,1999,1,10,-1,1,-1
201597UD71307,2,9,0,10,0,6,0,0,0,0,3,1,6,1,51,8,1364,1,-1,-1,3,-1
201597UD71308,1,9,0,18,0,0,0,0,0,0,1,1,6,1,73,10,1229,1,1,-1,1,-1
201597UD71308,2,9,0,18,0,0,0,0,1,0,1,1,6,1,37,7,2179,2,11,-1,-1,-1
201597UD71311,1,9,0,9,0,1,0,0,0,0,1,1,6,1,87,11,2435,1,9,-1,1,-1
201597UD71311,2,9,0,18,0,8,0,0,0,0,1,1,6,2,53,8,1198,1,6,-1,1,-1
201597UD71311,3,9,0,8,0,8,0,0,0,0,1,1,6,1,55,8,1197,1,2,-1,1,-1
201597UD71407,1,9,0,17,0,0,0,0,1,4,1,1,6,2,21,5,1229,1,9,-1,-1,-1
201597UD71412,1,9,0,17,0,0,2,0,1,0,4,1,6,1,21,5,1598,1,14,-1,1,-1
201597UD71607,1,9,0,7,0,4,0,0,0,0,1,1,6,2,58,9,2996,1,8,-1,1,-1
201597UD71607,2,9,0,8,0,4,0,0,0,0,2,1,6,1,54,8,1388,1,10,-1,3,-1
201597UD71807,1,9,0,7,0,2,1,0,0,0,1,1,6,1,46,8,2969,2,7,-1,1,-1
2015981100915,1,9,0,17,0,0,1,0,0,0,1,1,6,1,27,6,-1,-1,-1,-1,3,-1
2015981100915,2,9,0,18,0,0,1,0,1,9,1,1,6,1,42,7,1560,2,-1,-1,1,-1
2015981102215,1,9,0,17,0,0,5,0,1,9,1,1,6,2,19,4,-1,-1,-1,-1,2,-1
2015981102615,1,3,0,18,0,0,5,0,0,0,0,1,6,1,17,4,125,1,7,-1,3,-1
2015981103415,1,9,0,7,0,5,0,0,1,11,1,1,6,1,25,5,-1,-1,-1,-1,1,-1
2015981103815,1,9,0,16,0,0,2,0,7,4,4,1,6,1,26,6,-1,-1,-1,-1,3,-1
2015981104415,1,19,0,18,0,0,0,0,0,0,1,1,6,1,47,8,1461,2,8,-1,3,-1
2015981104715,1,9,0,17,0,1,2,0,7,0,1,1,2,1,20,4,-1,-1,-1,-1,3,-1
2015981104715,2,9,0,5,0,6,0,0,0,0,1,1,2,1,29,6,1598,1,14,-1,3,-1
2015981105315,1,20,0,9,0,6,0,0,0,0,3,2,1,1,48,8,-1,-1,-1,-1,-1,-1
2015981105315,2,9,0,18,0,1,0,0,0,0,1,1,6,2,23,5,998,1,6,-1,1,-1
2015981105915,1,9,0,18,0,0,0,0,7,11,1,1,6,2,66,10,1339,1,13,-1,2,-1
2015981106015,1,21,0,18,0,1,0,0,0,0,1,1,1,2,31,6,-1,-1,-1,-1,2,-1
2015981106015,2,9,0,10,0,1,0,0,0,0,2,1,6,2,80,11,998,1,6,-1,1,-1
2015981106215,1,1,0,18,0,8,0,0,0,0,1,1,6,1,25,5,-1,-1,-1,-1,1,-1
2015981106215,2,19,0,18,0,1,0,0,0,0,1,1,1,2,59,9,1560,2,3,-1,3,-1
2015981107115,1,9,0,18,0,0,5,0,1,10,1,1,6,1,25,5,1796,1,10,-1,3,-1
2015981107115,2,21,1,18,0,0,0,0,0,0,0,1,1,1,53,8,12902,2,1,-1,1,-1
2015981107215,1,9,0,18,0,3,0,0,0,0,3,1,2,2,36,7,2179,2,1,-1,3,-1
2015981107515,1,9,0,18,0,0,0,4,1,0,1,1,1,1,72,10,1560,2,4,-1,2,-1
2015981107515,2,9,0,2,0,0,0,0,0,0,2,-1,-1,3,-1,-1,1968,2,9,-1,-1,-1
2015981107515,3,9,0,2,0,0,0,0,0,0,2,-1,-1,3,-1,-1,1198,1,11,-1,-1,-1
2015981107815,1,8,0,18,0,0,0,0,0,0,1,1,1,1,50,8,1560,2,3,-1,1,-1
2015981107815,2,9,0,18,0,0,0,0,0,0,0,1,6,1,61,9,1596,1,10,-1,-1,-1
2015981107915,1,9,0,18,9,1,0,7,1,11,1,1,6,2,47,8,998,1,9,-1,1,-1
2015981108515,1,9,0,18,0,0,5,0,0,0,4,1,6,2,73,10,1997,2,9,-1,3,-1
2015981108515,2,9,0,2,0,0,0,0,0,0,2,-1,-1,3,-1,-1,1598,1,13,-1,-1,-1
2015981108715,1,17,4,9,0,0,0,0,0,0,1,1,1,1,35,6,4525,2,2,-1,3,-1
2015981108715,2,9,0,18,0,0,0,0,0,0,3,1,6,2,37,7,1900,2,15,-1,3,-1
2015981109215,1,9,0,17,0,0,5,0,1,4,1,1,6,2,53,8,1560,2,3,-1,1,-1
2015981109515,1,9,0,13,0,0,5,0,7,11,1,1,6,1,65,9,2179,2,4,-1,2,-1
2015981109515,2,5,0,18,0,0,5,0,1,0,1,1,6,1,52,8,904,1,23,-1,3,-1
2015981109815,1,21,1,18,0,0,0,0,0,0,3,1,1,1,30,6,11946,2,3,-1,3,-1
2015981109815,2,21,1,18,0,0,0,0,0,0,3,1,1,1,39,7,15607,2,13,-1,-1,-1
2015981109815,3,21,1,18,0,0,0,0,7,0,1,1,1,1,38,7,-1,2,9,-1,-1,-1
2015981109915,1,19,0,18,0,0,1,12,2,1,1,1,1,1,49,8,2198,2,-1,-1,1,-1
2015981109915,2,21,4,18,0,0,1,12,0,1,1,1,1,1,30,6,12900,2,1,-1,3,-1
2015981110215,1,19,0,16,0,0,0,0,0,0,1,1,6,1,18,4,1753,2,9,-1,3,-1
2015981110215,2,21,1,17,0,0,0,0,0,0,1,1,1,1,32,6,12740,2,3,-1,2,-1
2015981110515,1,9,0,18,0,8,5,10,2,7,3,1,6,2,45,7,2979,1,10,-1,1,-1
2015981110515,2,9,0,18,0,8,0,0,0,0,3,1,6,2,61,9,1968,2,1,-1,1,-1
2015981110615,1,9,0,18,0,0,0,0,1,4,1,1,6,1,76,11,1598,2,-1,-1,3,-1
2015981111115,1,9,0,18,0,0,2,0,1,0,1,1,6,2,17,4,1229,1,8,-1,3,-1
2015981111815,1,21,0,12,0,1,0,0,0,0,3,1,1,1,37,7,6871,2,7,-1,3,-1
2015981111815,2,9,0,18,0,1,1,0,0,0,1,1,6,1,65,9,1997,2,12,-1,3,-1
2015981111915,1,21,1,7,8,6,0,0,0,0,1,2,1,1,65,9,-1,-1,-1,-1,-1,-1
2015981111915,2,9,0,18,0,1,0,0,0,0,4,1,6,1,59,9,1360,1,4,-1,1,-1
2015981112915,1,9,0,18,0,1,0,0,0,0,1,1,6,2,58,9,1368,1,1,-1,3,-1
2015981112915,2,9,0,4,0,1,0,0,0,0,2,1,6,2,29,6,1242,1,8,-1,1,-1
2015981112915,3,9,0,18,0,1,1,0,1,10,3,1,6,1,58,9,-1,-1,-1,-1,1,-1
2015981113815,1,9,0,17,0,8,0,0,0,0,3,1,6,2,25,5,1910,2,10,-1,1,-1
2015981113815,2,9,0,16,0,8,0,0,0,0,3,1,6,2,26,6,1968,2,3,-1,1,-1
2015981113915,1,9,0,16,0,2,2,0,7,4,1,1,6,1,37,7,1753,2,7,-1,3,-1
2015981114215,1,5,0,18,0,0,1,0,0,0,0,1,6,1,74,10,599,1,9,-1,-1,-1
2015981114715,1,19,0,18,0,1,0,0,0,0,4,1,1,1,20,4,1598,2,2,-1,3,-1
2015981117515,1,9,0,17,0,0,2,0,7,9,1,1,6,1,19,4,1900,2,15,-1,1,-1
2015981117915,1,9,0,18,0,1,0,0,3,11,1,1,6,1,73,10,1587,1,9,-1,3,-1
2015981118315,1,21,0,18,0,0,5,0,7,9,3,1,1,1,30,6,-1,-1,-1,-1,3,-1
2015981118915,1,9,0,5,0,0,0,0,0,0,0,1,1,1,47,8,1998,2,11,-1,1,-1
2015981119215,1,9,0,17,0,0,2,0,1,9,1,1,6,1,32,6,1686,2,13,-1,1,-1
2015981120115,1,9,0,18,0,0,1,11,0,0,1,1,6,2,18,4,1229,1,8,-1,3,-1
2015981120515,1,9,0,17,0,0,1,0,7,11,1,1,1,2,52,8,996,1,2,-1,3,-1
2015981120615,1,9,0,17,0,0,1,0,7,0,1,1,1,2,46,8,998,1,10,-1,1,-1
2015981120915,1,9,0,18,0,1,0,0,1,10,1,1,6,1,77,11,1560,2,8,-1,1,-1
2015981120915,2,9,0,7,0,1,0,0,0,0,2,1,6,1,67,10,1968,2,7,-1,1,-1
2015981121715,1,9,0,18,0,0,0,4,0,0,1,1,6,1,74,10,1598,1,5,-1,2,-1
2015981121715,2,20,1,2,0,0,0,0,0,0,2,1,6,3,-1,-1,-1,-1,-1,-1,-1,-1
2015981121815,1,9,0,16,0,0,2,0,8,0,3,1,6,1,19,4,-1,-1,-1,-1,2,-1
2015982100215,1,9,0,5,8,0,0,0,0,0,3,1,6,2,84,11,1596,1,9,-1,3,-1
2015982100215,2,3,0,16,0,0,1,0,1,0,1,1,2,1,21,5,125,1,9,-1,2,-1
2015982101015,1,9,0,17,0,2,5,0,1,11,4,1,6,1,34,6,1198,1,7,-1,2,-1
2015982101615,1,9,0,18,0,0,0,0,0,0,2,1,6,3,-1,-1,-1,-1,-1,-1,-1,-1
2015982102015,1,9,0,9,0,8,0,0,0,0,1,1,6,2,63,9,1686,2,2,-1,2,-1
2015982102015,2,9,0,18,0,1,0,0,0,0,1,1,2,1,61,9,-1,-1,-1,-1,1,-1
2015982102715,1,9,0,17,0,0,2,0,0,0,1,1,6,1,42,7,1895,1,15,-1,2,-1
2015982103415,1,9,0,18,0,1,0,0,0,0,1,1,6,1,43,7,1749,1,11,-1,3,-1
2015982103415,2,9,0,9,0,1,0,0,0,0,2,1,6,1,55,8,1968,2,1,-1,3,-1
2015982103615,1,9,0,18,0,0,5,0,7,0,1,1,6,1,19,4,1364,1,9,-1,2,-1
2015982103715,1,9,0,18,0,0,0,0,0,0,1,1,6,1,30,6,-1,-1,-1,-1,2,-1
2015982103915,1,9,0,18,0,0,0,0,1,0,1,1,2,1,19,4,1396,1,13,-1,3,-1
2015982103915,2,9,0,18,0,0,0,0,1,0,1,1,6,1,63,9,1197,1,3,-1,2,-1
2015982104315,1,9,0,18,0,0,1,0,0,0,4,1,6,1,27,6,1796,1,13,-1,1,-1
2015982104315,2,9,0,4,0,0,0,0,0,0,1,1,6,2,36,7,2400,2,5,-1,3,-1
2015982104515,1,9,0,9,0,2,0,0,0,0,1,1,6,1,83,11,1360,1,10,-1,2,-1
2015982104515,2,1,0,9,0,1,0,0,0,0,3,1,6,1,69,10,-1,-1,-1,-1,2,-1
2015982104615,1,9,0,16,0,0,0,0,0,0,3,1,6,1,56,9,1560,2,1,-1,3,-1
2015982104615,2,9,0,17,0,0,1,0,7,0,3,1,6,2,53,8,1598,2,5,-1,1,-1
2015982105115,1,5,0,17,0,2,0,0,1,0,1,2,6,2,35,6,-1,-1,-1,-1,-1,-1
2015982105315,1,9,0,5,0,6,0,0,0,0,3,1,6,1,88,11,1386,1,6,-1,2,-1
2015982105315,2,20,0,18,0,8,0,0,0,0,1,1,1,1,42,7,2143,2,5,-1,2,-1
2015982105515,1,1,0,18,0,1,0,11,0,0,3,1,4,2,13,3,-1,-1,-1,-1,2,-1
2015982105515,2,11,0,18,0,1,0,0,0,0,1,1,3,1,57,9,6700,2,2,-1,2,-1
2015982105915,1,11,0,18,0,0,0,0,0,0,0,1,1,1,-1,-1,9000,2,3,-1,2,-1
2015982105915,2,9,0,13,0,0,0,0,0,0,0,1,6,3,-1,-1,-1,-1,-1,-1,-1,-1
2015982106015,1,20,0,18,0,0,0,0,0,0,1,1,1,1,30,6,-1,-1,-1,-1,-1,-1
2015982106015,2,9,0,18,0,0,0,0,0,0,2,1,6,2,35,6,1396,1,15,-1,1,-1
2015982106115,1,9,0,9,0,5,0,0,0,0,4,1,6,2,41,7,1461,2,-1,-1,1,-1
2015982106115,2,9,0,18,0,1,0,0,0,0,1,1,6,1,56,9,-1,-1,-1,-1,1,-1
2015982106215,1,9,0,18,0,0,5,4,0,0,1,1,6,2,81,11,1242,1,17,-1,3,-1
2015982106215,2,9,0,2,0,0,0,0,0,0,1,1,6,1,19,4,1686,2,4,-1,2,-1
2015982106415,1,9,0,18,0,1,0,0,1,10,1,1,6,2,72,10,1360,1,10,-1,2,-1
2015982106615,1,17,0,9,0,7,0,0,0,0,1,1,1,1,33,6,-1,-1,-1,-1,3,-1
2015982106615,2,9,0,18,0,8,0,0,0,0,1,1,6,1,36,7,1560,2,1,-1,3,-1
2015982106715,1,9,0,18,0,0,0,0,7,9,1,1,6,2,74,10,1598,1,3,-1,2,-1
2015982107215,1,19,0,9,0,8,0,0,0,0,1,1,2,1,24,5,1997,2,14,-1,2,-1
2015982108015,1,9,0,18,0,0,0,0,0,0,1,1,6,1,43,7,-1,-1,-1,-1,3,-1
2015982108015,2,1,0,18,0,0,0,0,7,0,1,1,6,1,16,4,-1,-1,-1,-1,2,-1
2015982108115,1,5,0,18,0,0,0,0,2,9,0,1,6,1,53,8,798,1,6,-1,1,-1
2015982108215,1,1,0,18,0,0,2,4,0,0,1,1,6,1,21,5,-1,-1,-1,-1,2,-1
2015982108215,2,9,0,2,0,0,0,0,0,0,4,-1,-1,3,-1,-1,1598,1,11,-1,-1,-1
2015982108715,1,19,0,18,0,0,0,0,0,0,0,1,1,1,19,4,1997,2,10,-1,1,-1
2015982108715,2,11,0,18,0,0,0,0,0,0,1,1,1,1,62,9,12000,2,12,-1,1,-1
2015982109015,1,5,0,16,0,0,1,0,0,0,4,1,6,1,54,8,1170,1,8,-1,2,-1
2015982109015,2,17,0,17,0,0,1,0,0,0,1,1,1,1,24,5,-1,2,25,-1,3,-1
2015982109115,1,9,0,18,0,0,0,0,0,0,3,1,6,1,48,8,2498,2,15,-1,3,-1
2015982109115,2,9,0,18,0,0,0,0,1,1,3,1,6,2,59,9,1348,1,14,-1,3,-1
2015982109815,1,17,4,18,0,0,5,0,7,0,3,1,1,1,39,7,-1,2,9,-1,3,-1
2015982110915,1,9,0,18,0,0,5,0,0,0,0,1,6,1,24,5,1422,2,7,-1,3,-1
2015982111015,1,21,1,18,0,0,5,0,1,0,1,1,1,1,40,7,15600,2,9,-1,-1,-1
2015982111215,1,9,0,18,0,8,0,0,0,0,1,1,6,1,-1,-1,1349,1,3,-1,1,-1
2015982111215,2,9,0,9,0,8,0,0,0,0,2,1,6,1,35,6,2720,2,10,-1,3,-1
2015982111315,1,9,0,18,0,0,0,0,1,11,1,1,2,1,39,7,-1,-1,-1,-1,1,-1
2015982111615,1,9,0,9,0,8,0,0,0,0,4,1,6,2,53,8,1968,2,7,-1,2,-1
2015982111615,2,9,0,18,0,1,0,0,0,0,1,1,6,2,60,9,1242,1,8,-1,3,-1
2015982112415,1,9,0,13,0,0,0,0,1,0,1,1,6,2,20,4,1896,2,12,-1,3,-1
2015982112415,2,9,0,18,0,0,0,0,1,0,1,1,6,1,53,8,1499,2,-1,-1,-1,-1
2015983100615,1,9,0,17,0,0,0,0,2,11,0,1,6,1,58,9,-1,-1,-1,-1,3,-1
2015983101115,1,9,0,18,0,0,2,0,7,1,3,1,6,1,18,4,-1,-1,-1,-1,3,-1
2015983101315,1,9,0,18,0,0,0,0,1,4,1,1,6,2,45,7,-1,-1,-1,-1,3,-1
2015983102115,1,9,0,18,0,0,1,0,1,1,3,1,1,2,21,5,-1,-1,-1,-1,1,-1
2015983102115,2,90,5,18,0,0,0,0,0,0,2,1,6,3,-1,-1,-1,-1,-1,-1,-1,-1
2015983102515,1,9,0,18,0,0,1,0,1,4,1,1,1,1,59,9,1997,2,-1,-1,1,-1
2015983102715,1,9,0,18,0,0,1,4,0,11,1,1,1,2,75,10,-1,-1,-1,-1,1,-1
2015983102715,2,9,0,2,0,0,0,4,0,0,2,-1,-1,3,-1,-1,1598,2,6,-1,-1,-1
2015983102715,3,9,0,2,0,0,0,0,0,0,2,-1,-1,3,-1,-1,2401,2,9,-1,-1,-1
2015983103615,1,9,0,16,0,0,1,0,0,0,3,1,2,1,59,9,1560,2,3,-1,1,-1
2015983103615,2,19,0,17,0,0,1,0,1,0,3,1,2,1,38,7,2198,2,1,-1,1,-1
2015983103615,3,9,0,16,0,0,1,0,7,0,1,1,2,1,57,9,2179,2,2,-1,2,-1
2015983103815,1,9,0,18,0,0,1,0,2,11,1,1,6,1,18,4,-1,-1,-1,-1,1,-1
2015983104115,1,19,0,9,0,8,0,0,0,0,3,1,1,1,41,7,2143,2,1,-1,3,-1
2015983104815,1,9,0,18,0,8,0,0,8,11,4,1,2,1,36,7,1796,1,9,-1,3,-1
2015983104815,2,9,0,18,0,6,0,0,0,0,1,1,6,1,17,4,-1,-1,-1,-1,1,-1
2015983104815,3,9,0,2,0,2,0,4,0,0,2,1,6,3,-1,-1,1560,2,9,-1,-1,-1
2015983104815,4,9,0,2,0,2,0,0,1,0,2,1,6,3,-1,-1,-1,-1,-1,-1,-1,-1
2015983105415,1,5,0,18,0,0,5,0,1,0,4,1,6,1,53,8,1100,1,34,-1,3,-1
2015983106315,1,9,0,18,0,8,0,0,1,11,1,1,6,1,80,11,1598,1,8,-1,2,-1
2015983106615,1,21,1,18,0,0,0,0,0,0,3,1,1,1,44,7,15928,2,5,-1,3,-1
2015983106615,2,19,0,18,0,0,0,0,0,0,3,1,1,1,42,7,2198,2,-1,-1,3,-1
2015983107415,1,1,0,18,0,0,0,0,0,0,3,1,6,2,33,6,-1,-1,-1,-1,1,-1
2015983107415,2,9,0,18,0,0,0,0,0,0,4,1,6,2,82,11,1324,1,15,-1,2,-1
2015983107615,1,9,0,5,0,6,0,0,0,0,1,1,1,2,57,9,1198,1,2,-1,1,-1
2015983107615,2,19,4,18,0,8,0,0,0,0,0,1,1,1,41,7,2143,2,1,-1,1,-1
2015983107715,1,19,0,16,0,0,0,0,7,11,3,1,6,1,46,8,2198,2,2,-1,-1,-1
2015983108315,1,9,0,16,0,0,1,0,7,0,1,1,1,1,18,4,-1,-1,-1,-1,1,-1
2015983108315,2,9,0,17,0,0,0,0,0,0,1,1,6,2,66,10,2993,2,2,-1,3,-1
2015983108715,1,9,0,18,0,0,0,0,0,0,1,1,6,1,51,8,1796,1,4,-1,2,-1
2015983108715,2,9,0,18,0,0,0,0,1,0,1,1,6,2,50,8,1198,1,8,-1,3,-1
2015983109315,1,9,0,18,0,0,0,0,0,0,1,1,6,1,47,8,1389,1,14,-1,2,-1
2015983109315,2,21,1,18,0,0,1,0,1,0,1,1,1,1,34,6,-1,2,11,-1,-1,-1
2015983109615,1,9,0,18,0,0,1,0,1,11,1,1,1,2,17,4,1124,1,10,-1,1,-1
2015983110015,1,9,0,18,0,0,2,4,7,0,1,1,6,1,83,11,1242,1,9,-1,2,-1
2015983110015,2,9,0,2,0,0,0,0,7,11,2,-1,-1,3,-1,-1,1753,2,12,-1,-1,-1
2015983110815,1,9,0,18,0,0,0,0,0,0,1,1,6,1,26,6,1850,1,14,-1,1,-1
2015983111215,1,17,0,18,0,0,5,0,7,0,1,1,1,1,57,9,4525,2,4,-1,3,-1
2015983112115,1,9,0,17,0,0,5,0,1,11,1,1,2,2,23,5,1390,1,13,-1,3,-1
2015983112415,1,9,0,18,0,0,0,0,0,0,1,1,6,1,63,9,1999,1,7,-1,1,-1
2015983112415,2,9,0,18,0,0,0,0,0,0,2,1,6,1,22,5,998,1,10,-1,1,-1
2015983112415,3,9,0,18,0,0,0,0,0,0,0,1,6,2,46,8,1598,1,6,-1,2,-1
2015983112715,1,9,0,18,0,4,0,0,0,0,3,1,6,2,67,10,1497,8,10,-1,2,-1
2015983112715,2,1,0,18,0,8,0,0,0,0,4,1,6,1,57,9,-1,-1,-1,-1,1,-1
2015983113115,1,9,0,17,0,0,0,0,1,11,1,1,6,1,46,8,1968,2,2,-1,3,-1
2015983113215,1,9,0,6,9,0,0,0,7,0,1,1,6,2,-1,-1,-1,-1,-1,-1,-1,-1
2015983113315,1,9,0,4,0,1,0,0,0,0,1,1,6,2,69,10,1229,1,6,-1,1,-1
2015983113315,2,22,0,18,0,1,0,0,0,0,4,1,6,2,59,9,-1,-1,-1,-1,1,-1
2015983114015,1,9,0,5,9,0,0,0,1,0,1,1,6,2,45,7,1910,2,9,-1,2,-1
2015983114215,1,9,0,3,0,0,0,0,0,0,4,1,2,1,20,4,1229,1,7,-1,3,-1
2015983114415,1,9,0,17,0,0,0,0,7,4,4,1,6,1,19,4,1149,1,10,-1,3,-1
2015983114615,1,9,0,7,0,4,0,0,0,0,4,1,6,1,27,6,1686,2,1,-1,2,-1
2015983114815,1,9,0,18,0,0,2,0,1,0,1,1,6,1,28,6,1796,1,13,-1,2,-1
2015983114915,1,9,0,18,0,1,0,0,0,0,1,1,1,2,24,5,1149,1,7,-1,3,-1
2015983115015,1,9,0,18,0,1,1,0,1,11,1,1,1,1,18,4,1349,1,6,-1,3,-1
2015983115515,1,1,0,17,9,0,0,0,7,0,1,1,6,1,45,7,-1,-1,-1,-1,1,-1
2015983115515,2,9,0,1,0,0,0,0,0,0,2,1,6,2,38,7,1598,1,8,-1,1,-1
2015983116415,1,9,0,18,0,0,0,4,0,0,1,1,6,2,82,11,847,1,18,-1,1,-1
2015983116415,2,9,0,4,0,0,0,0,1,11,2,1,6,1,72,10,1598,1,6,-1,2,-1
2015983117015,1,3,0,17,0,0,1,0,1,11,1,1,6,1,41,7,125,1,8,-1,1,-1
2015983117115,1,19,0,18,0,1,0,0,0,0,1,1,1,1,26,6,1461,2,5,-1,1,-1
2015983117115,2,9,0,3,0,1,0,0,0,0,2,2,6,1,28,6,-1,-1,-1,-1,3,-1
2015983117115,3,9,0,3,0,1,0,0,0,0,2,1,1,1,23,5,1560,2,2,-1,1,-1
2015983117115,4,9,0,3,0,1,0,0,0,0,2,1,6,2,46,8,-1,-1,-1,-1,3,-1
2015983117815,1,9,0,1,0,0,0,11,0,0,2,1,6,1,-1,-1,1995,2,5,-1,2,-1
2015983118215,1,9,0,9,0,8,0,0,0,0,4,1,6,1,74,10,1598,1,2,-1,1,-1
2015983118915,1,9,0,15,0,0,0,11,0,10,1,1,2,1,28,6,1527,2,17,-1,3,-1
2015983118915,2,9,0,18,0,0,0,0,0,0,1,1,6,2,69,10,1591,1,2,-1,2,-1
2015983119015,1,9,0,18,0,0,2,0,0,0,1,1,6,1,28,6,1490,1,9,-1,1,-1
2015983119015,2,9,0,3,0,0,0,0,0,0,2,1,6,2,41,7,1968,2,2,-1,3,-1
2015983119015,3,19,0,18,0,0,0,0,0,0,3,1,6,1,29,6,2143,2,3,-1,2,-1
2015983119315,1,9,0,18,0,0,0,0,0,0,1,1,6,2,59,9,-1,-1,-1,-1,3,-1
2015983119415,1,9,0,18,0,0,0,0,0,0,1,1,2,2,61,9,1799,1,6,-1,1,-1
2015983119615,1,9,0,18,0,1,1,4,1,1,1,1,6,1,45,7,1995,2,9,-1,3,-1
2015983119615,2,9,0,18,0,1,0,0,7,0,2,1,2,1,33,6,1968,2,3,-1,1,-1
2015983119615,3,9,0,18,0,1,1,0,7,0,3,1,6,1,54,8,1198,1,3,-1,2,-1
2015983121215,1,3,0,17,0,0,1,0,0,0,4,1,2,1,25,5,125,1,1,-1,1,-1
2015983121415,1,9,0,18,0,2,0,0,7,11,1,1,6,1,68,10,1598,1,2,-1,1,-1
2015983121815,1,9,0,18,0,0,0,0,0,0,1,1,2,2,46,8,1149,1,12,-1,1,-1
2015983121815,2,9,0,18,0,0,0,0,0,0,1,1,6,1,54,8,1598,2,5,-1,-1,-1
2015983121915,1,9,0,18,0,8,0,0,0,0,1,1,6,1,80,11,1349,1,7,-1,-1,-1
2015983121915,2,1,0,7,0,8,0,0,0,0,4,1,6,1,70,10,-1,-1,-1,-1,1,-1
2015983122115,1,9,0,18,0,0,0,0,0,0,1,1,6,1,34,6,1248,2,11,-1,3,-1
2015983122115,2,20,0,3,0,0,0,0,0,0,2,1,1,2,42,7,2402,2,4,-1,3,-1
2015983122315,1,9,0,18,0,2,0,0,0,0,1,1,4,1,26,6,3000,1,6,-1,2,-1
2015983122315,2,9,0,4,0,2,0,0,0,0,2,1,6,1,67,10,1995,2,7,-1,2,-1
2015983122515,1,9,0,18,0,0,1,0,1,0,4,1,6,2,74,10,1968,2,1,-1,3,-1